#bedGraph section chr1:0-195471971
chr1	0	250000	nan
chr1	250000	500000	nan
chr1	500000	750000	nan
chr1	750000	1000000	nan
chr1	1000000	1250000	nan
chr1	1250000	1500000	nan
chr1	1500000	1750000	nan
chr1	1750000	2000000	nan
chr1	2000000	2250000	nan
chr1	2250000	2500000	nan
chr1	2500000	2750000	nan
chr1	2750000	3000000	nan
chr1	3000000	3250000	-0.543123
chr1	3250000	3500000	-0.459741
chr1	3500000	3750000	-0.586454
chr1	3750000	4000000	-0.599416
chr1	4000000	4250000	-0.392495
chr1	4250000	4500000	0.104437
chr1	4500000	4750000	0.0594088
chr1	4750000	5000000	0.734851
chr1	5000000	5250000	0.187939
chr1	5250000	5500000	-0.423468
chr1	5500000	5750000	-0.559892
chr1	5750000	6000000	-0.425831
chr1	6000000	6250000	-0.00219197
chr1	6250000	6500000	-0.100349
chr1	6500000	6750000	-0.436869
chr1	6750000	7000000	-0.279879
chr1	7000000	7250000	0.241499
chr1	7250000	7500000	0.00496398
chr1	7500000	7750000	-0.363583
chr1	7750000	8000000	-0.749428
chr1	8000000	8250000	-0.820468
chr1	8250000	8500000	-0.8118
chr1	8500000	8750000	-0.722145
chr1	8750000	9000000	-0.56561
chr1	9000000	9250000	-0.394291
chr1	9250000	9500000	-0.281073
chr1	9500000	9750000	0.740106
chr1	9750000	10000000	1.25714
chr1	10000000	10250000	1.13472
chr1	10250000	10500000	0.837849
chr1	10500000	10750000	0.0789667
chr1	10750000	11000000	-0.279345
chr1	11000000	11250000	-0.39753
chr1	11250000	11500000	-0.535741
chr1	11500000	11750000	-0.509195
chr1	11750000	12000000	-0.721473
chr1	12000000	12250000	-0.686923
chr1	12250000	12500000	-0.598467
chr1	12500000	12750000	-0.372582
chr1	12750000	13000000	0.279299
chr1	13000000	13250000	0.587573
chr1	13250000	13500000	1.13176
chr1	13500000	13750000	0.959814
chr1	13750000	14000000	-0.0864416
chr1	14000000	14250000	0.26402
chr1	14250000	14500000	0.485197
chr1	14500000	14750000	0.183441
chr1	14750000	15000000	-0.286966
chr1	15000000	15250000	-0.526745
chr1	15250000	15500000	-0.597888
chr1	15500000	15750000	-0.350985
chr1	15750000	16000000	0.210368
chr1	16000000	16250000	0.0758931
chr1	16250000	16500000	-0.151834
chr1	16500000	16750000	0.87619
chr1	16750000	17000000	-0.226764
chr1	17000000	17250000	-0.503806
chr1	17250000	17500000	-0.890716
chr1	17500000	17750000	-0.915974
chr1	17750000	18000000	-0.989506
chr1	18000000	18250000	-0.752969
chr1	18250000	18500000	-0.735519
chr1	18500000	18750000	-0.944342
chr1	18750000	19000000	-0.970502
chr1	19000000	19250000	-0.885094
chr1	19250000	19500000	-0.938755
chr1	19500000	19750000	-0.790929
chr1	19750000	20000000	-0.822224
chr1	20000000	20250000	-0.81834
chr1	20250000	20500000	-0.670625
chr1	20500000	20750000	-0.327608
chr1	20750000	21000000	0.499422
chr1	21000000	21250000	0.649669
chr1	21250000	21500000	0.304836
chr1	21500000	21750000	-0.329634
chr1	21750000	22000000	-0.384821
chr1	22000000	22250000	-0.354345
chr1	22250000	22500000	0.0585683
chr1	22500000	22750000	-0.254633
chr1	22750000	23000000	-0.458409
chr1	23000000	23250000	-0.157361
chr1	23250000	23500000	0.213996
chr1	23500000	23750000	-0.32112
chr1	23750000	24000000	0.544586
chr1	24000000	24250000	-0.128118
chr1	24250000	24500000	-0.609166
chr1	24500000	24750000	-0.299367
chr1	24750000	25000000	-0.734481
chr1	25000000	25250000	-0.940323
chr1	25250000	25500000	-0.928665
chr1	25500000	25750000	-0.779793
chr1	25750000	26000000	-0.923189
chr1	26000000	26250000	-0.89331
chr1	26250000	26500000	-0.89778
chr1	26500000	26750000	-0.74323
chr1	26750000	27000000	-0.771852
chr1	27000000	27250000	-0.853221
chr1	27250000	27500000	-0.816556
chr1	27500000	27750000	-0.748591
chr1	27750000	28000000	-0.713517
chr1	28000000	28250000	-0.713998
chr1	28250000	28500000	-0.785987
chr1	28500000	28750000	-0.756821
chr1	28750000	29000000	-0.742949
chr1	29000000	29250000	-0.71127
chr1	29250000	29500000	-0.734356
chr1	29500000	29750000	-0.736776
chr1	29750000	30000000	-0.803107
chr1	30000000	30250000	-0.776155
chr1	30250000	30500000	-0.794461
chr1	30500000	30750000	-0.623267
chr1	30750000	31000000	0.331485
chr1	31000000	31250000	-0.410063
chr1	31250000	31500000	-0.749908
chr1	31500000	31750000	-0.764729
chr1	31750000	32000000	-0.793586
chr1	32000000	32250000	-0.70764
chr1	32250000	32500000	-0.725251
chr1	32500000	32750000	-0.673165
chr1	32750000	33000000	-0.53421
chr1	33000000	33250000	-0.308877
chr1	33250000	33500000	0.0800013
chr1	33500000	33750000	0.820413
chr1	33750000	34000000	0.300525
chr1	34000000	34250000	-0.0386672
chr1	34250000	34500000	0.458134
chr1	34500000	34750000	0.161896
chr1	34750000	35000000	0.275076
chr1	35000000	35250000	-0.320653
chr1	35250000	35500000	-0.0594277
chr1	35500000	35750000	0.27213
chr1	35750000	36000000	0.908292
chr1	36000000	36250000	1.11252
chr1	36250000	36500000	1.12097
chr1	36500000	36750000	0.876735
chr1	36750000	37000000	0.991891
chr1	37000000	37250000	0.497939
chr1	37250000	37500000	0.671699
chr1	37500000	37750000	0.724023
chr1	37750000	38000000	0.791223
chr1	38000000	38250000	0.959364
chr1	38250000	38500000	0.832748
chr1	38500000	38750000	1.16409
chr1	38750000	39000000	0.734745
chr1	39000000	39250000	0.465898
chr1	39250000	39500000	0.803382
chr1	39500000	39750000	0.65084
chr1	39750000	40000000	0.0773883
chr1	40000000	40250000	0.104582
chr1	40250000	40500000	0.816823
chr1	40500000	40750000	0.0342278
chr1	40750000	41000000	-0.547601
chr1	41000000	41250000	-0.96977
chr1	41250000	41500000	-0.998488
chr1	41500000	41750000	-0.851968
chr1	41750000	42000000	-0.84344
chr1	42000000	42250000	-0.796522
chr1	42250000	42500000	-0.581805
chr1	42500000	42750000	-0.655762
chr1	42750000	43000000	-0.0167883
chr1	43000000	43250000	0.34512
chr1	43250000	43500000	0.718053
chr1	43500000	43750000	0.585969
chr1	43750000	44000000	0.752218
chr1	44000000	44250000	0.591483
chr1	44250000	44500000	-0.341016
chr1	44500000	44750000	0.105587
chr1	44750000	45000000	-0.540339
chr1	45000000	45250000	-0.239382
chr1	45250000	45500000	-0.338288
chr1	45500000	45750000	-0.278781
chr1	45750000	46000000	0.592619
chr1	46000000	46250000	-0.248815
chr1	46250000	46500000	-0.315851
chr1	46500000	46750000	-0.544283
chr1	46750000	47000000	0.0410065
chr1	47000000	47250000	-0.67905
chr1	47250000	47500000	-0.780639
chr1	47500000	47750000	-0.829771
chr1	47750000	48000000	-0.789171
chr1	48000000	48250000	-0.779851
chr1	48250000	48500000	-0.776465
chr1	48500000	48750000	-0.771976
chr1	48750000	49000000	-0.785316
chr1	49000000	49250000	-0.708588
chr1	49250000	49500000	-0.783505
chr1	49500000	49750000	-0.780424
chr1	49750000	50000000	-0.751187
chr1	50000000	50250000	-0.68642
chr1	50250000	50500000	-0.738935
chr1	50500000	50750000	-0.749543
chr1	50750000	51000000	-0.542147
chr1	51000000	51250000	-0.361999
chr1	51250000	51500000	0.0563904
chr1	51500000	51750000	0.390049
chr1	51750000	52000000	-0.150408
chr1	52000000	52250000	0.591606
chr1	52250000	52500000	0.766603
chr1	52500000	52750000	0.790117
chr1	52750000	53000000	0.484806
chr1	53000000	53250000	0.273307
chr1	53250000	53500000	0.551913
chr1	53500000	53750000	0.211323
chr1	53750000	54000000	0.506777
chr1	54000000	54250000	0.156726
chr1	54250000	54500000	0.297659
chr1	54500000	54750000	-0.0659317
chr1	54750000	55000000	0.330611
chr1	55000000	55250000	0.915412
chr1	55250000	55500000	-0.0467483
chr1	55500000	55750000	-0.319859
chr1	55750000	56000000	-0.536724
chr1	56000000	56250000	-0.815412
chr1	56250000	56500000	-0.843382
chr1	56500000	56750000	-0.827679
chr1	56750000	57000000	-0.897524
chr1	57000000	57250000	-0.599358
chr1	57250000	57500000	0.22934
chr1	57500000	57750000	-0.107578
chr1	57750000	58000000	0.190565
chr1	58000000	58250000	0.417618
chr1	58250000	58500000	0.945863
chr1	58500000	58750000	0.903187
chr1	58750000	59000000	0.763163
chr1	59000000	59250000	0.857674
chr1	59250000	59500000	0.940263
chr1	59500000	59750000	0.982372
chr1	59750000	60000000	1.13892
chr1	60000000	60250000	1.00746
chr1	60250000	60500000	0.913954
chr1	60500000	60750000	0.108313
chr1	60750000	61000000	0.0762204
chr1	61000000	61250000	-0.178554
chr1	61250000	61500000	-0.397632
chr1	61500000	61750000	-0.551431
chr1	61750000	62000000	-0.298402
chr1	62000000	62250000	-0.16417
chr1	62250000	62500000	0.195033
chr1	62500000	62750000	-0.0295032
chr1	62750000	63000000	0.307826
chr1	63000000	63250000	0.858409
chr1	63250000	63500000	0.194007
chr1	63500000	63750000	0.155079
chr1	63750000	64000000	0.290807
chr1	64000000	64250000	0.728026
chr1	64250000	64500000	0.375492
chr1	64500000	64750000	0.728566
chr1	64750000	65000000	0.234965
chr1	65000000	65250000	0.506977
chr1	65250000	65500000	-0.203143
chr1	65500000	65750000	-0.722331
chr1	65750000	66000000	-0.770794
chr1	66000000	66250000	-0.500228
chr1	66250000	66500000	-0.322089
chr1	66500000	66750000	0.0155806
chr1	66750000	67000000	0.35624
chr1	67000000	67250000	-0.1281
chr1	67250000	67500000	-0.761254
chr1	67500000	67750000	-0.81151
chr1	67750000	68000000	-0.774954
chr1	68000000	68250000	-0.72531
chr1	68250000	68500000	-0.748157
chr1	68500000	68750000	-0.555403
chr1	68750000	69000000	-0.320324
chr1	69000000	69250000	-0.0407577
chr1	69250000	69500000	0.965383
chr1	69500000	69750000	1.03991
chr1	69750000	70000000	0.126925
chr1	70000000	70250000	-0.191152
chr1	70250000	70500000	-0.205499
chr1	70500000	70750000	-0.193913
chr1	70750000	71000000	0.377857
chr1	71000000	71250000	0.568746
chr1	71250000	71500000	-0.0735156
chr1	71500000	71750000	-0.0240608
chr1	71750000	72000000	-0.364504
chr1	72000000	72250000	0.0988295
chr1	72250000	72500000	0.515409
chr1	72500000	72750000	0.373297
chr1	72750000	73000000	0.529988
chr1	73000000	73250000	0.937173
chr1	73250000	73500000	0.188989
chr1	73500000	73750000	-0.0173151
chr1	73750000	74000000	0.105539
chr1	74000000	74250000	0.581652
chr1	74250000	74500000	1.10624
chr1	74500000	74750000	0.903611
chr1	74750000	75000000	0.413585
chr1	75000000	75250000	1.0935
chr1	75250000	75500000	0.771119
chr1	75500000	75750000	-0.112911
chr1	75750000	76000000	-0.906671
chr1	76000000	76250000	-0.940396
chr1	76250000	76500000	-0.874352
chr1	76500000	76750000	-0.762171
chr1	76750000	77000000	-0.890103
chr1	77000000	77250000	-0.831239
chr1	77250000	77500000	-0.882619
chr1	77500000	77750000	-0.843211
chr1	77750000	78000000	-0.390934
chr1	78000000	78250000	0.280654
chr1	78250000	78500000	0.525768
chr1	78500000	78750000	0.0728942
chr1	78750000	79000000	-0.518917
chr1	79000000	79250000	-0.525295
chr1	79250000	79500000	-0.535275
chr1	79500000	79750000	0.0670877
chr1	79750000	80000000	-0.120748
chr1	80000000	80250000	-0.231896
chr1	80250000	80500000	0.25474
chr1	80500000	80750000	0.287406
chr1	80750000	81000000	-0.343302
chr1	81000000	81250000	-0.493714
chr1	81250000	81500000	-0.549102
chr1	81500000	81750000	-0.83548
chr1	81750000	82000000	-0.806709
chr1	82000000	82250000	-0.65511
chr1	82250000	82500000	-0.0691299
chr1	82500000	82750000	0.218144
chr1	82750000	83000000	0.572483
chr1	83000000	83250000	-0.318598
chr1	83250000	83500000	-0.731169
chr1	83500000	83750000	-0.84774
chr1	83750000	84000000	-0.817287
chr1	84000000	84250000	-0.886871
chr1	84250000	84500000	-0.806255
chr1	84500000	84750000	-0.305846
chr1	84750000	85000000	0.524656
chr1	85000000	85250000	nan
chr1	85250000	85500000	nan
chr1	85500000	85750000	-0.445136
chr1	85750000	86000000	0.706525
chr1	86000000	86250000	1.02281
chr1	86250000	86500000	1.16981
chr1	86500000	86750000	0.986474
chr1	86750000	87000000	0.748217
chr1	87000000	87250000	0.675924
chr1	87250000	87500000	0.87953
chr1	87500000	87750000	0.941513
chr1	87750000	88000000	1.13285
chr1	88000000	88250000	0.200876
chr1	88250000	88500000	0.111841
chr1	88500000	88750000	0.0180341
chr1	88750000	89000000	-0.774051
chr1	89000000	89250000	-0.811421
chr1	89250000	89500000	-0.87856
chr1	89500000	89750000	-0.76151
chr1	89750000	90000000	-0.883574
chr1	90000000	90250000	-0.884685
chr1	90250000	90500000	-0.879162
chr1	90500000	90750000	-0.556564
chr1	90750000	91000000	-0.792547
chr1	91000000	91250000	-0.194878
chr1	91250000	91500000	0.932149
chr1	91500000	91750000	0.707794
chr1	91750000	92000000	0.409706
chr1	92000000	92250000	0.778203
chr1	92250000	92500000	0.420873
chr1	92500000	92750000	0.35317
chr1	92750000	93000000	0.505141
chr1	93000000	93250000	0.298205
chr1	93250000	93500000	0.966918
chr1	93500000	93750000	1.01574
chr1	93750000	94000000	1.00703
chr1	94000000	94250000	0.465629
chr1	94250000	94500000	0.353243
chr1	94500000	94750000	0.57642
chr1	94750000	95000000	0.718037
chr1	95000000	95250000	0.534627
chr1	95250000	95500000	0.588155
chr1	95500000	95750000	0.80753
chr1	95750000	96000000	0.116381
chr1	96000000	96250000	-0.276172
chr1	96250000	96500000	-0.393558
chr1	96500000	96750000	-0.559786
chr1	96750000	97000000	-0.573935
chr1	97000000	97250000	-0.719464
chr1	97250000	97500000	-0.647448
chr1	97500000	97750000	-0.0204065
chr1	97750000	98000000	-0.436217
chr1	98000000	98250000	-0.821988
chr1	98250000	98500000	-0.745617
chr1	98500000	98750000	-0.79364
chr1	98750000	99000000	-0.704161
chr1	99000000	99250000	-0.703911
chr1	99250000	99500000	-0.741358
chr1	99500000	99750000	-0.720768
chr1	99750000	100000000	-0.754986
chr1	100000000	100250000	-0.757756
chr1	100250000	100500000	-0.805194
chr1	100500000	100750000	-0.804383
chr1	100750000	101000000	-0.797936
chr1	101000000	101250000	-0.662846
chr1	101250000	101500000	-0.67629
chr1	101500000	101750000	-0.766774
chr1	101750000	102000000	-0.733805
chr1	102000000	102250000	-0.68862
chr1	102250000	102500000	-0.803858
chr1	102500000	102750000	-0.767346
chr1	102750000	103000000	-0.815868
chr1	103000000	103250000	-0.755008
chr1	103250000	103500000	-0.801164
chr1	103500000	103750000	-0.78876
chr1	103750000	104000000	-0.781879
chr1	104000000	104250000	-0.810666
chr1	104250000	104500000	-0.755925
chr1	104500000	104750000	-0.841014
chr1	104750000	105000000	-0.721228
chr1	105000000	105250000	-0.721699
chr1	105250000	105500000	-0.63568
chr1	105500000	105750000	0.438514
chr1	105750000	106000000	-0.0959864
chr1	106000000	106250000	0.168713
chr1	106250000	106500000	-0.111993
chr1	106500000	106750000	-0.0667165
chr1	106750000	107000000	-0.20036
chr1	107000000	107250000	-0.775275
chr1	107250000	107500000	-0.852732
chr1	107500000	107750000	-0.729586
chr1	107750000	108000000	-0.758517
chr1	108000000	108250000	-0.754239
chr1	108250000	108500000	-0.757483
chr1	108500000	108750000	-0.657259
chr1	108750000	109000000	-0.756705
chr1	109000000	109250000	-0.674485
chr1	109250000	109500000	-0.67642
chr1	109500000	109750000	-0.666601
chr1	109750000	110000000	-0.683244
chr1	110000000	110250000	-0.647647
chr1	110250000	110500000	-0.724747
chr1	110500000	110750000	-0.697066
chr1	110750000	111000000	-0.715724
chr1	111000000	111250000	-0.763139
chr1	111250000	111500000	-0.761058
chr1	111500000	111750000	-0.771186
chr1	111750000	112000000	-0.765458
chr1	112000000	112250000	-0.733957
chr1	112250000	112500000	-0.631735
chr1	112500000	112750000	-0.78666
chr1	112750000	113000000	-0.83797
chr1	113000000	113250000	-0.812391
chr1	113250000	113500000	-0.7278
chr1	113500000	113750000	-0.503415
chr1	113750000	114000000	-0.760552
chr1	114000000	114250000	-0.77411
chr1	114250000	114500000	-0.802657
chr1	114500000	114750000	-0.79776
chr1	114750000	115000000	-0.720707
chr1	115000000	115250000	-0.785772
chr1	115250000	115500000	-0.741359
chr1	115500000	115750000	-0.770059
chr1	115750000	116000000	-0.772008
chr1	116000000	116250000	-0.732984
chr1	116250000	116500000	-0.648827
chr1	116500000	116750000	-0.802594
chr1	116750000	117000000	-0.756
chr1	117000000	117250000	-0.73566
chr1	117250000	117500000	-0.713902
chr1	117500000	117750000	-0.749219
chr1	117750000	118000000	-0.695205
chr1	118000000	118250000	-0.665776
chr1	118250000	118500000	0.49682
chr1	118500000	118750000	-0.0756427
chr1	118750000	119000000	-0.866987
chr1	119000000	119250000	-0.327917
chr1	119250000	119500000	-0.0388865
chr1	119500000	119750000	0.889316
chr1	119750000	120000000	0.462475
chr1	120000000	120250000	0.250896
chr1	120250000	120500000	-0.116441
chr1	120500000	120750000	-0.671484
chr1	120750000	121000000	-0.928718
chr1	121000000	121250000	-0.744383
chr1	121250000	121500000	-0.0536591
chr1	121500000	121750000	-0.425453
chr1	121750000	122000000	-0.823144
chr1	122000000	122250000	-0.758964
chr1	122250000	122500000	-0.787061
chr1	122500000	122750000	-0.781872
chr1	122750000	123000000	-0.784746
chr1	123000000	123250000	-0.811881
chr1	123250000	123500000	-0.812532
chr1	123500000	123750000	-0.808714
chr1	123750000	124000000	-0.790751
chr1	124000000	124250000	-0.792854
chr1	124250000	124500000	-0.854593
chr1	124500000	124750000	-0.868142
chr1	124750000	125000000	-0.869725
chr1	125000000	125250000	-0.658687
chr1	125250000	125500000	0.331528
chr1	125500000	125750000	-0.0267139
chr1	125750000	126000000	-0.594329
chr1	126000000	126250000	-0.656328
chr1	126250000	126500000	-0.653387
chr1	126500000	126750000	-0.581803
chr1	126750000	127000000	-0.731704
chr1	127000000	127250000	-0.794604
chr1	127250000	127500000	-0.804285
chr1	127500000	127750000	-0.200713
chr1	127750000	128000000	0.911788
chr1	128000000	128250000	1.05996
chr1	128250000	128500000	0.847152
chr1	128500000	128750000	0.548914
chr1	128750000	129000000	0.30195
chr1	129000000	129250000	-0.0675831
chr1	129250000	129500000	0.0208578
chr1	129500000	129750000	0.315309
chr1	129750000	130000000	0.591439
chr1	130000000	130250000	0.64917
chr1	130250000	130500000	0.831208
chr1	130500000	130750000	0.63838
chr1	130750000	131000000	0.49797
chr1	131000000	131250000	0.788852
chr1	131250000	131500000	0.876175
chr1	131500000	131750000	0.903732
chr1	131750000	132000000	0.85067
chr1	132000000	132250000	0.772771
chr1	132250000	132500000	0.954728
chr1	132500000	132750000	0.495164
chr1	132750000	133000000	0.414804
chr1	133000000	133250000	0.727081
chr1	133250000	133500000	0.358981
chr1	133500000	133750000	0.654291
chr1	133750000	134000000	0.862317
chr1	134000000	134250000	0.753609
chr1	134250000	134500000	0.763048
chr1	134500000	134750000	0.831227
chr1	134750000	135000000	0.74288
chr1	135000000	135250000	0.76173
chr1	135250000	135500000	0.734296
chr1	135500000	135750000	0.679493
chr1	135750000	136000000	0.800846
chr1	136000000	136250000	1.05822
chr1	136250000	136500000	1.01283
chr1	136500000	136750000	0.573823
chr1	136750000	137000000	-0.598735
chr1	137000000	137250000	-0.874942
chr1	137250000	137500000	-0.854007
chr1	137500000	137750000	-0.792352
chr1	137750000	138000000	-0.792665
chr1	138000000	138250000	-0.549213
chr1	138250000	138500000	-0.38769
chr1	138500000	138750000	0.130589
chr1	138750000	139000000	0.336891
chr1	139000000	139250000	0.339414
chr1	139250000	139500000	0.177191
chr1	139500000	139750000	-0.485179
chr1	139750000	140000000	-0.788833
chr1	140000000	140250000	-0.616961
chr1	140250000	140500000	-0.705591
chr1	140500000	140750000	-0.728584
chr1	140750000	141000000	-0.810319
chr1	141000000	141250000	-0.726764
chr1	141250000	141500000	-0.690152
chr1	141500000	141750000	-0.740887
chr1	141750000	142000000	-0.675283
chr1	142000000	142250000	-0.72151
chr1	142250000	142500000	-0.721343
chr1	142500000	142750000	-0.67649
chr1	142750000	143000000	-0.650195
chr1	143000000	143250000	-0.645953
chr1	143250000	143500000	-0.437785
chr1	143500000	143750000	0.479439
chr1	143750000	144000000	0.645853
chr1	144000000	144250000	0.621056
chr1	144250000	144500000	0.495395
chr1	144500000	144750000	0.183171
chr1	144750000	145000000	0.347388
chr1	145000000	145250000	0.161533
chr1	145250000	145500000	0.0358353
chr1	145500000	145750000	0.00410777
chr1	145750000	146000000	0.189769
chr1	146000000	146250000	-0.0716372
chr1	146250000	146500000	-0.103702
chr1	146500000	146750000	-0.0772853
chr1	146750000	147000000	-0.172886
chr1	147000000	147250000	-0.0360606
chr1	147250000	147500000	-0.149941
chr1	147500000	147750000	-0.279813
chr1	147750000	148000000	-0.397317
chr1	148000000	148250000	-0.483253
chr1	148250000	148500000	-0.478848
chr1	148500000	148750000	-0.530837
chr1	148750000	149000000	-0.463035
chr1	149000000	149250000	-0.57429
chr1	149250000	149500000	-0.712309
chr1	149500000	149750000	-0.704263
chr1	149750000	150000000	-0.741426
chr1	150000000	150250000	-0.859957
chr1	150250000	150500000	0.133975
chr1	150500000	150750000	-0.113467
chr1	150750000	151000000	0.223935
chr1	151000000	151250000	1.04063
chr1	151250000	151500000	1.0317
chr1	151500000	151750000	0.946074
chr1	151750000	152000000	0.689777
chr1	152000000	152250000	0.532554
chr1	152250000	152500000	0.394781
chr1	152500000	152750000	0.603558
chr1	152750000	153000000	0.835909
chr1	153000000	153250000	0.731934
chr1	153250000	153500000	0.969095
chr1	153500000	153750000	0.537046
chr1	153750000	154000000	0.494276
chr1	154000000	154250000	0.426759
chr1	154250000	154500000	-0.103221
chr1	154500000	154750000	-0.0880619
chr1	154750000	155000000	0.20729
chr1	155000000	155250000	0.926884
chr1	155250000	155500000	1.02451
chr1	155500000	155750000	0.714104
chr1	155750000	156000000	0.833779
chr1	156000000	156250000	0.986368
chr1	156250000	156500000	0.899174
chr1	156500000	156750000	0.928096
chr1	156750000	157000000	0.933481
chr1	157000000	157250000	0.773114
chr1	157250000	157500000	0.72039
chr1	157500000	157750000	0.194168
chr1	157750000	158000000	-0.475686
chr1	158000000	158250000	-0.702211
chr1	158250000	158500000	-0.777213
chr1	158500000	158750000	-0.55767
chr1	158750000	159000000	-0.554941
chr1	159000000	159250000	-0.165447
chr1	159250000	159500000	0.298987
chr1	159500000	159750000	-0.144184
chr1	159750000	160000000	0.121029
chr1	160000000	160250000	0.633096
chr1	160250000	160500000	0.934483
chr1	160500000	160750000	0.924939
chr1	160750000	161000000	1.08196
chr1	161000000	161250000	0.958651
chr1	161250000	161500000	0.567762
chr1	161500000	161750000	0.332589
chr1	161750000	162000000	0.975621
chr1	162000000	162250000	0.512477
chr1	162250000	162500000	0.409285
chr1	162500000	162750000	0.947037
chr1	162750000	163000000	-0.0286271
chr1	163000000	163250000	-0.204915
chr1	163250000	163500000	0.0648229
chr1	163500000	163750000	-0.137056
chr1	163750000	164000000	0.748108
chr1	164000000	164250000	0.534718
chr1	164250000	164500000	0.657158
chr1	164500000	164750000	-0.148038
chr1	164750000	165000000	-0.18091
chr1	165000000	165250000	0.422606
chr1	165250000	165500000	0.826753
chr1	165500000	165750000	0.923971
chr1	165750000	166000000	1.09843
chr1	166000000	166250000	0.714349
chr1	166250000	166500000	0.350703
chr1	166500000	166750000	-0.0660487
chr1	166750000	167000000	0.0383318
chr1	167000000	167250000	0.0113639
chr1	167250000	167500000	0.878664
chr1	167500000	167750000	0.239947
chr1	167750000	168000000	-0.647813
chr1	168000000	168250000	-0.996632
chr1	168250000	168500000	-0.992958
chr1	168500000	168750000	-0.91188
chr1	168750000	169000000	-0.963432
chr1	169000000	169250000	-0.991461
chr1	169250000	169500000	-0.779892
chr1	169500000	169750000	-0.465168
chr1	169750000	170000000	-0.345391
chr1	170000000	170250000	0.281211
chr1	170250000	170500000	0.0668075
chr1	170500000	170750000	0.477813
chr1	170750000	171000000	0.97508
chr1	171000000	171250000	1.03392
chr1	171250000	171500000	1.03655
chr1	171500000	171750000	-0.199412
chr1	171750000	172000000	-0.056773
chr1	172000000	172250000	0.840516
chr1	172250000	172500000	0.520454
chr1	172500000	172750000	0.187072
chr1	172750000	173000000	-0.144196
chr1	173000000	173250000	0.506903
chr1	173250000	173500000	0.385387
chr1	173500000	173750000	-0.475237
chr1	173750000	174000000	-0.5651
chr1	174000000	174250000	-0.036449
chr1	174250000	174500000	0.169427
chr1	174500000	174750000	-0.5428
chr1	174750000	175000000	-0.714111
chr1	175000000	175250000	-0.807356
chr1	175250000	175500000	-0.833237
chr1	175500000	175750000	-0.231286
chr1	175750000	176000000	-0.367351
chr1	176000000	176250000	-0.824703
chr1	176250000	176500000	-0.931995
chr1	176500000	176750000	-0.498447
chr1	176750000	177000000	0.474556
chr1	177000000	177250000	-0.22947
chr1	177250000	177500000	-0.0420615
chr1	177500000	177750000	-0.0771053
chr1	177750000	178000000	0.0758385
chr1	178000000	178250000	0.192759
chr1	178250000	178500000	0.875799
chr1	178500000	178750000	0.365486
chr1	178750000	179000000	0.162867
chr1	179000000	179250000	0.606203
chr1	179250000	179500000	0.557941
chr1	179500000	179750000	1.12412
chr1	179750000	180000000	0.995084
chr1	180000000	180250000	0.961975
chr1	180250000	180500000	0.941256
chr1	180500000	180750000	0.911018
chr1	180750000	181000000	1.01188
chr1	181000000	181250000	1.04697
chr1	181250000	181500000	0.715913
chr1	181500000	181750000	0.383614
chr1	181750000	182000000	0.604286
chr1	182000000	182250000	0.406312
chr1	182250000	182500000	0.888861
chr1	182500000	182750000	0.156333
chr1	182750000	183000000	0.00695264
chr1	183000000	183250000	0.708055
chr1	183250000	183500000	0.622839
chr1	183500000	183750000	-0.531366
chr1	183750000	184000000	-0.8838
chr1	184000000	184250000	-0.857713
chr1	184250000	184500000	-0.670272
chr1	184500000	184750000	0.0629216
chr1	184750000	185000000	0.0266837
chr1	185000000	185250000	0.0576951
chr1	185250000	185500000	0.972089
chr1	185500000	185750000	0.0286282
chr1	185750000	186000000	-0.354907
chr1	186000000	186250000	-0.240909
chr1	186250000	186500000	0.222224
chr1	186500000	186750000	-0.0710234
chr1	186750000	187000000	-0.610284
chr1	187000000	187250000	-0.42475
chr1	187250000	187500000	-0.356776
chr1	187500000	187750000	-0.810222
chr1	187750000	188000000	-0.548383
chr1	188000000	188250000	-0.0335831
chr1	188250000	188500000	0.161438
chr1	188500000	188750000	-0.290283
chr1	188750000	189000000	-0.498921
chr1	189000000	189250000	-0.603099
chr1	189250000	189500000	-0.808234
chr1	189500000	189750000	-0.414979
chr1	189750000	190000000	-0.796715
chr1	190000000	190250000	-0.819123
chr1	190250000	190500000	-0.89816
chr1	190500000	190750000	-0.838265
chr1	190750000	191000000	0.0598301
chr1	191000000	191250000	0.777874
chr1	191250000	191500000	0.912739
chr1	191500000	191750000	0.464519
chr1	191750000	192000000	0.658598
chr1	192000000	192250000	0.320336
chr1	192250000	192500000	-0.470201
chr1	192500000	192750000	-0.67569
chr1	192750000	193000000	-0.711597
chr1	193000000	193250000	0.115038
chr1	193250000	193500000	-0.377677
chr1	193500000	193750000	-0.549787
chr1	193750000	194000000	-0.952129
chr1	194000000	194250000	-0.893469
chr1	194250000	194500000	-0.91395
chr1	194500000	194750000	-0.708349
chr1	194750000	195000000	-0.0441909
chr1	195000000	195250000	0.347033
chr1	195250000	195471971	nan
#bedGraph section chr10:0-130694993
chr10	0	250000	nan
chr10	250000	500000	nan
chr10	500000	750000	nan
chr10	750000	1000000	nan
chr10	1000000	1250000	nan
chr10	1250000	1500000	nan
chr10	1500000	1750000	nan
chr10	1750000	2000000	nan
chr10	2000000	2250000	nan
chr10	2250000	2500000	nan
chr10	2500000	2750000	nan
chr10	2750000	3000000	nan
chr10	3000000	3250000	-0.686316
chr10	3250000	3500000	-0.751569
chr10	3500000	3750000	-0.70183
chr10	3750000	4000000	-0.275063
chr10	4000000	4250000	0.342414
chr10	4250000	4500000	0.230796
chr10	4500000	4750000	-0.513535
chr10	4750000	5000000	-0.438832
chr10	5000000	5250000	-0.0310603
chr10	5250000	5500000	-0.254007
chr10	5500000	5750000	-0.0701929
chr10	5750000	6000000	-0.204483
chr10	6000000	6250000	-0.990043
chr10	6250000	6500000	-1.13019
chr10	6500000	6750000	-1.0433
chr10	6750000	7000000	-1.00906
chr10	7000000	7250000	-0.893137
chr10	7250000	7500000	-0.260953
chr10	7500000	7750000	0.942294
chr10	7750000	8000000	0.669246
chr10	8000000	8250000	0.585531
chr10	8250000	8500000	-0.702166
chr10	8500000	8750000	-1.05122
chr10	8750000	9000000	-1.21565
chr10	9000000	9250000	-1.20762
chr10	9250000	9500000	-1.10538
chr10	9500000	9750000	-0.774223
chr10	9750000	10000000	0.109659
chr10	10000000	10250000	-0.654925
chr10	10250000	10500000	-0.552531
chr10	10500000	10750000	-0.701875
chr10	10750000	11000000	-0.38243
chr10	11000000	11250000	0.284334
chr10	11250000	11500000	0.455781
chr10	11500000	11750000	-0.443706
chr10	11750000	12000000	-0.516527
chr10	12000000	12250000	-0.345747
chr10	12250000	12500000	0.133512
chr10	12500000	12750000	0.828577
chr10	12750000	13000000	1.29385
chr10	13000000	13250000	0.178375
chr10	13250000	13500000	-0.227793
chr10	13500000	13750000	-0.248277
chr10	13750000	14000000	-0.561508
chr10	14000000	14250000	-0.509449
chr10	14250000	14500000	0.0777008
chr10	14500000	14750000	0.0368688
chr10	14750000	15000000	-0.350471
chr10	15000000	15250000	-0.275177
chr10	15250000	15500000	0.294684
chr10	15500000	15750000	0.441252
chr10	15750000	16000000	0.434051
chr10	16000000	16250000	0.403682
chr10	16250000	16500000	0.520432
chr10	16500000	16750000	0.552555
chr10	16750000	17000000	0.525595
chr10	17000000	17250000	0.656621
chr10	17250000	17500000	0.790737
chr10	17500000	17750000	0.889399
chr10	17750000	18000000	0.370524
chr10	18000000	18250000	0.473183
chr10	18250000	18500000	-0.177946
chr10	18500000	18750000	-0.251881
chr10	18750000	19000000	0.259037
chr10	19000000	19250000	0.745352
chr10	19250000	19500000	-0.0624855
chr10	19500000	19750000	0.207558
chr10	19750000	20000000	0.348995
chr10	20000000	20250000	0.688806
chr10	20250000	20500000	0.645894
chr10	20500000	20750000	0.332022
chr10	20750000	21000000	0.701037
chr10	21000000	21250000	1.15616
chr10	21250000	21500000	0.953007
chr10	21500000	21750000	0.997564
chr10	21750000	22000000	0.98596
chr10	22000000	22250000	0.29603
chr10	22250000	22500000	0.18394
chr10	22500000	22750000	0.175761
chr10	22750000	23000000	-0.192062
chr10	23000000	23250000	-0.167373
chr10	23250000	23500000	-0.197548
chr10	23500000	23750000	-0.194068
chr10	23750000	24000000	-0.170194
chr10	24000000	24250000	-0.0918846
chr10	24250000	24500000	-0.267753
chr10	24500000	24750000	0.547873
chr10	24750000	25000000	0.883531
chr10	25000000	25250000	0.790237
chr10	25250000	25500000	-0.31072
chr10	25500000	25750000	-0.809543
chr10	25750000	26000000	-1.10253
chr10	26000000	26250000	-1.10667
chr10	26250000	26500000	-1.09326
chr10	26500000	26750000	-1.03393
chr10	26750000	27000000	-0.954186
chr10	27000000	27250000	-0.942742
chr10	27250000	27500000	-0.935495
chr10	27500000	27750000	-0.975741
chr10	27750000	28000000	-0.930822
chr10	28000000	28250000	-0.723639
chr10	28250000	28500000	-0.252421
chr10	28500000	28750000	0.587502
chr10	28750000	29000000	-0.411658
chr10	29000000	29250000	-0.621444
chr10	29250000	29500000	0.119228
chr10	29500000	29750000	0.538735
chr10	29750000	30000000	0.0712879
chr10	30000000	30250000	-0.235643
chr10	30250000	30500000	-0.270489
chr10	30500000	30750000	0.698031
chr10	30750000	31000000	0.262737
chr10	31000000	31250000	-0.0727805
chr10	31250000	31500000	-0.154617
chr10	31500000	31750000	-0.680708
chr10	31750000	32000000	-0.926629
chr10	32000000	32250000	-0.817198
chr10	32250000	32500000	-0.90824
chr10	32500000	32750000	-0.920579
chr10	32750000	33000000	-0.926069
chr10	33000000	33250000	-0.874064
chr10	33250000	33500000	-0.817883
chr10	33500000	33750000	-0.879574
chr10	33750000	34000000	-0.580862
chr10	34000000	34250000	-0.320183
chr10	34250000	34500000	0.0599943
chr10	34500000	34750000	-0.395235
chr10	34750000	35000000	-0.21977
chr10	35000000	35250000	-0.173324
chr10	35250000	35500000	-0.566601
chr10	35500000	35750000	-0.764657
chr10	35750000	36000000	-0.818145
chr10	36000000	36250000	-0.857824
chr10	36250000	36500000	-0.831167
chr10	36500000	36750000	-0.872143
chr10	36750000	37000000	-0.53173
chr10	37000000	37250000	-0.182979
chr10	37250000	37500000	-0.430061
chr10	37500000	37750000	-0.707078
chr10	37750000	38000000	-0.843397
chr10	38000000	38250000	-0.903293
chr10	38250000	38500000	-0.905286
chr10	38500000	38750000	-0.82298
chr10	38750000	39000000	-0.538657
chr10	39000000	39250000	0.405654
chr10	39250000	39500000	0.643273
chr10	39500000	39750000	0.476243
chr10	39750000	40000000	0.808043
chr10	40000000	40250000	1.05068
chr10	40250000	40500000	0.988034
chr10	40500000	40750000	0.201517
chr10	40750000	41000000	0.371467
chr10	41000000	41250000	0.190624
chr10	41250000	41500000	0.604258
chr10	41500000	41750000	0.738733
chr10	41750000	42000000	0.895955
chr10	42000000	42250000	0.878721
chr10	42250000	42500000	0.7949
chr10	42500000	42750000	0.700547
chr10	42750000	43000000	0.611921
chr10	43000000	43250000	0.582045
chr10	43250000	43500000	0.708799
chr10	43500000	43750000	0.936777
chr10	43750000	44000000	0.953975
chr10	44000000	44250000	0.778118
chr10	44250000	44500000	0.79661
chr10	44500000	44750000	0.906125
chr10	44750000	45000000	0.564372
chr10	45000000	45250000	0.522868
chr10	45250000	45500000	0.42175
chr10	45500000	45750000	nan
chr10	45750000	46000000	-0.181498
chr10	46000000	46250000	-0.705262
chr10	46250000	46500000	nan
chr10	46500000	46750000	nan
chr10	46750000	47000000	nan
chr10	47000000	47250000	nan
chr10	47250000	47500000	nan
chr10	47500000	47750000	nan
chr10	47750000	48000000	nan
chr10	48000000	48250000	nan
chr10	48250000	48500000	nan
chr10	48500000	48750000	nan
chr10	48750000	49000000	nan
chr10	49000000	49250000	nan
chr10	49250000	49500000	nan
chr10	49500000	49750000	nan
chr10	49750000	50000000	nan
chr10	50000000	50250000	nan
chr10	50250000	50500000	nan
chr10	50500000	50750000	nan
chr10	50750000	51000000	-0.0337708
chr10	51000000	51250000	nan
chr10	51250000	51500000	nan
chr10	51500000	51750000	-0.468989
chr10	51750000	52000000	nan
chr10	52000000	52250000	nan
chr10	52250000	52500000	-0.0434822
chr10	52500000	52750000	nan
chr10	52750000	53000000	nan
chr10	53000000	53250000	-0.943666
chr10	53250000	53500000	-0.632127
chr10	53500000	53750000	-0.0313732
chr10	53750000	54000000	-0.572388
chr10	54000000	54250000	nan
chr10	54250000	54500000	-0.339305
chr10	54500000	54750000	nan
chr10	54750000	55000000	nan
chr10	55000000	55250000	nan
chr10	55250000	55500000	nan
chr10	55500000	55750000	nan
chr10	55750000	56000000	nan
chr10	56000000	56250000	-0.110778
chr10	56250000	56500000	nan
chr10	56500000	56750000	nan
chr10	56750000	57000000	nan
chr10	57000000	57250000	nan
chr10	57250000	57500000	-0.338281
chr10	57500000	57750000	nan
chr10	57750000	58000000	nan
chr10	58000000	58250000	nan
chr10	58250000	58500000	1.05716
chr10	58500000	58750000	0.122644
chr10	58750000	59000000	-0.228874
chr10	59000000	59250000	0.344836
chr10	59250000	59500000	0.866131
chr10	59500000	59750000	1.01403
chr10	59750000	60000000	0.96905
chr10	60000000	60250000	0.579303
chr10	60250000	60500000	0.118072
chr10	60500000	60750000	-0.883216
chr10	60750000	61000000	-0.857025
chr10	61000000	61250000	-0.713681
chr10	61250000	61500000	0.310198
chr10	61500000	61750000	0.707449
chr10	61750000	62000000	0.183455
chr10	62000000	62250000	0.6109
chr10	62250000	62500000	1.12249
chr10	62500000	62750000	1.10321
chr10	62750000	63000000	0.821762
chr10	63000000	63250000	0.509401
chr10	63250000	63500000	0.522678
chr10	63500000	63750000	nan
chr10	63750000	64000000	nan
chr10	64000000	64250000	nan
chr10	64250000	64500000	nan
chr10	64500000	64750000	nan
chr10	64750000	65000000	nan
chr10	65000000	65250000	nan
chr10	65250000	65500000	nan
chr10	65500000	65750000	nan
chr10	65750000	66000000	nan
chr10	66000000	66250000	nan
chr10	66250000	66500000	nan
chr10	66500000	66750000	-0.802062
chr10	66750000	67000000	0.433335
chr10	67000000	67250000	1.08172
chr10	67250000	67500000	0.299679
chr10	67500000	67750000	-0.258408
chr10	67750000	68000000	-0.756503
chr10	68000000	68250000	-0.963365
chr10	68250000	68500000	-1.05026
chr10	68500000	68750000	-1.06911
chr10	68750000	69000000	-0.953423
chr10	69000000	69250000	-0.93339
chr10	69250000	69500000	-0.659729
chr10	69500000	69750000	-0.907941
chr10	69750000	70000000	-0.853601
chr10	70000000	70250000	-0.172022
chr10	70250000	70500000	-0.840811
chr10	70500000	70750000	-0.921435
chr10	70750000	71000000	-0.947898
chr10	71000000	71250000	-0.76207
chr10	71250000	71500000	-0.263197
chr10	71500000	71750000	-0.874001
chr10	71750000	72000000	-0.816885
chr10	72000000	72250000	-0.86006
chr10	72250000	72500000	-0.702515
chr10	72500000	72750000	-0.232374
chr10	72750000	73000000	-0.645902
chr10	73000000	73250000	-0.804091
chr10	73250000	73500000	-0.8556
chr10	73500000	73750000	-0.842061
chr10	73750000	74000000	-0.914173
chr10	74000000	74250000	-0.866754
chr10	74250000	74500000	-0.936067
chr10	74500000	74750000	-0.976265
chr10	74750000	75000000	-1.08769
chr10	75000000	75250000	-0.548904
chr10	75250000	75500000	0.098522
chr10	75500000	75750000	0.70986
chr10	75750000	76000000	0.617134
chr10	76000000	76250000	0.20593
chr10	76250000	76500000	0.794933
chr10	76500000	76750000	0.217213
chr10	76750000	77000000	0.297374
chr10	77000000	77250000	0.845738
chr10	77250000	77500000	0.350785
chr10	77500000	77750000	0.766977
chr10	77750000	78000000	0.27865
chr10	78000000	78250000	0.605771
chr10	78250000	78500000	0.851127
chr10	78500000	78750000	-0.0699791
chr10	78750000	79000000	-0.754228
chr10	79000000	79250000	-0.621235
chr10	79250000	79500000	-0.577373
chr10	79500000	79750000	0.532478
chr10	79750000	80000000	1.02505
chr10	80000000	80250000	0.830509
chr10	80250000	80500000	0.791636
chr10	80500000	80750000	0.786894
chr10	80750000	81000000	0.731558
chr10	81000000	81250000	0.794665
chr10	81250000	81500000	0.913046
chr10	81500000	81750000	0.933584
chr10	81750000	82000000	nan
chr10	82000000	82250000	0.338515
chr10	82250000	82500000	-0.0647417
chr10	82500000	82750000	0.501982
chr10	82750000	83000000	0.977184
chr10	83000000	83250000	0.89718
chr10	83250000	83500000	0.454604
chr10	83500000	83750000	0.313058
chr10	83750000	84000000	-0.434895
chr10	84000000	84250000	-0.67428
chr10	84250000	84500000	-0.323766
chr10	84500000	84750000	0.720898
chr10	84750000	85000000	0.591163
chr10	85000000	85250000	-0.100337
chr10	85250000	85500000	-0.980876
chr10	85500000	85750000	-0.932244
chr10	85750000	86000000	0.14445
chr10	86000000	86250000	0.0329608
chr10	86250000	86500000	-0.265261
chr10	86500000	86750000	0.0563955
chr10	86750000	87000000	0.236014
chr10	87000000	87250000	-0.285163
chr10	87250000	87500000	-0.783983
chr10	87500000	87750000	-0.578456
chr10	87750000	88000000	-0.570443
chr10	88000000	88250000	0.206919
chr10	88250000	88500000	0.233376
chr10	88500000	88750000	0.132231
chr10	88750000	89000000	0.0809216
chr10	89000000	89250000	-0.42331
chr10	89250000	89500000	0.210776
chr10	89500000	89750000	0.686464
chr10	89750000	90000000	0.0882806
chr10	90000000	90250000	-0.642832
chr10	90250000	90500000	-0.985716
chr10	90500000	90750000	-0.62478
chr10	90750000	91000000	-0.313251
chr10	91000000	91250000	0.690806
chr10	91250000	91500000	-0.445252
chr10	91500000	91750000	-0.955589
chr10	91750000	92000000	-1.00178
chr10	92000000	92250000	-1.01777
chr10	92250000	92500000	-0.826061
chr10	92500000	92750000	-0.314789
chr10	92750000	93000000	-0.3566
chr10	93000000	93250000	0.907949
chr10	93250000	93500000	0.519887
chr10	93500000	93750000	0.865903
chr10	93750000	94000000	1.03579
chr10	94000000	94250000	0.943316
chr10	94250000	94500000	0.429021
chr10	94500000	94750000	0.897171
chr10	94750000	95000000	0.987424
chr10	95000000	95250000	0.835709
chr10	95250000	95500000	0.99205
chr10	95500000	95750000	0.542454
chr10	95750000	96000000	0.360096
chr10	96000000	96250000	0.0623813
chr10	96250000	96500000	-0.668816
chr10	96500000	96750000	-0.216373
chr10	96750000	97000000	-0.778253
chr10	97000000	97250000	-0.861732
chr10	97250000	97500000	-0.823353
chr10	97500000	97750000	-0.652323
chr10	97750000	98000000	-0.739935
chr10	98000000	98250000	-0.593092
chr10	98250000	98500000	-0.417759
chr10	98500000	98750000	0.280535
chr10	98750000	99000000	0.884799
chr10	99000000	99250000	-0.162279
chr10	99250000	99500000	-0.787261
chr10	99500000	99750000	-0.891998
chr10	99750000	100000000	-0.951546
chr10	100000000	100250000	-0.910935
chr10	100250000	100500000	-0.325588
chr10	100500000	100750000	0.00941824
chr10	100750000	101000000	-0.543024
chr10	101000000	101250000	-0.726055
chr10	101250000	101500000	-0.67495
chr10	101500000	101750000	-0.572123
chr10	101750000	102000000	-0.728105
chr10	102000000	102250000	-0.724086
chr10	102250000	102500000	-0.698042
chr10	102500000	102750000	-0.844679
chr10	102750000	103000000	-0.820489
chr10	103000000	103250000	-0.887754
chr10	103250000	103500000	-0.696057
chr10	103500000	103750000	-0.760988
chr10	103750000	104000000	-0.662032
chr10	104000000	104250000	-0.637246
chr10	104250000	104500000	-0.572612
chr10	104500000	104750000	-0.50899
chr10	104750000	105000000	-0.347856
chr10	105000000	105250000	0.0851494
chr10	105250000	105500000	0.57116
chr10	105500000	105750000	0.397503
chr10	105750000	106000000	-0.271963
chr10	106000000	106250000	-0.839323
chr10	106250000	106500000	-0.875612
chr10	106500000	106750000	-0.783689
chr10	106750000	107000000	-0.877481
chr10	107000000	107250000	-0.868288
chr10	107250000	107500000	-0.907856
chr10	107500000	107750000	-0.754589
chr10	107750000	108000000	-0.268437
chr10	108000000	108250000	0.299874
chr10	108250000	108500000	0.624269
chr10	108500000	108750000	-0.542624
chr10	108750000	109000000	-0.847448
chr10	109000000	109250000	-0.871364
chr10	109250000	109500000	-0.916778
chr10	109500000	109750000	-0.957362
chr10	109750000	110000000	-0.719701
chr10	110000000	110250000	-0.730093
chr10	110250000	110500000	-0.612471
chr10	110500000	110750000	-0.0286647
chr10	110750000	111000000	0.154983
chr10	111000000	111250000	0.993835
chr10	111250000	111500000	0.937476
chr10	111500000	111750000	1.09693
chr10	111750000	112000000	0.831882
chr10	112000000	112250000	0.116108
chr10	112250000	112500000	-0.64671
chr10	112500000	112750000	-0.766204
chr10	112750000	113000000	0.021894
chr10	113000000	113250000	-0.251215
chr10	113250000	113500000	-0.31092
chr10	113500000	113750000	-0.432237
chr10	113750000	114000000	-0.555386
chr10	114000000	114250000	-0.679636
chr10	114250000	114500000	-0.74706
chr10	114500000	114750000	-0.79559
chr10	114750000	115000000	-0.894377
chr10	115000000	115250000	-0.471471
chr10	115250000	115500000	0.300982
chr10	115500000	115750000	-0.758381
chr10	115750000	116000000	-0.851685
chr10	116000000	116250000	-0.691196
chr10	116250000	116500000	-0.566073
chr10	116500000	116750000	-0.0465291
chr10	116750000	117000000	-0.174867
chr10	117000000	117250000	0.786757
chr10	117250000	117500000	0.510532
chr10	117500000	117750000	0.365931
chr10	117750000	118000000	1.12103
chr10	118000000	118250000	0.679511
chr10	118250000	118500000	-0.329328
chr10	118500000	118750000	-0.664532
chr10	118750000	119000000	-0.252495
chr10	119000000	119250000	0.548271
chr10	119250000	119500000	-0.601141
chr10	119500000	119750000	-0.953038
chr10	119750000	120000000	-0.867228
chr10	120000000	120250000	0.316302
chr10	120250000	120500000	-0.455148
chr10	120500000	120750000	-0.480861
chr10	120750000	121000000	0.43918
chr10	121000000	121250000	-0.693712
chr10	121250000	121500000	0.0617283
chr10	121500000	121750000	0.470147
chr10	121750000	122000000	-0.689913
chr10	122000000	122250000	-0.635649
chr10	122250000	122500000	-0.878441
chr10	122500000	122750000	-0.896084
chr10	122750000	123000000	-0.26436
chr10	123000000	123250000	0.19162
chr10	123250000	123500000	-0.66257
chr10	123500000	123750000	-0.74709
chr10	123750000	124000000	-0.690726
chr10	124000000	124250000	-0.689813
chr10	124250000	124500000	-0.669085
chr10	124500000	124750000	-0.532715
chr10	124750000	125000000	-0.633637
chr10	125000000	125250000	-0.683223
chr10	125250000	125500000	-0.693915
chr10	125500000	125750000	-0.707869
chr10	125750000	126000000	-0.834872
chr10	126000000	126250000	-0.831337
chr10	126250000	126500000	-0.827314
chr10	126500000	126750000	-0.888716
chr10	126750000	127000000	0.123929
chr10	127000000	127250000	1.16703
chr10	127250000	127500000	1.06557
chr10	127500000	127750000	0.945488
chr10	127750000	128000000	0.516706
chr10	128000000	128250000	1.04917
chr10	128250000	128500000	1.11161
chr10	128500000	128750000	1.23654
chr10	128750000	129000000	0.961777
chr10	129000000	129250000	-0.542232
chr10	129250000	129500000	-0.851573
chr10	129500000	129750000	-0.991514
chr10	129750000	130000000	-0.851542
chr10	130000000	130250000	-0.56856
chr10	130250000	130500000	-0.0488978
chr10	130500000	130694993	nan
#bedGraph section chr11:0-122082543
chr11	0	250000	nan
chr11	250000	500000	nan
chr11	500000	750000	nan
chr11	750000	1000000	nan
chr11	1000000	1250000	nan
chr11	1250000	1500000	nan
chr11	1500000	1750000	nan
chr11	1750000	2000000	nan
chr11	2000000	2250000	nan
chr11	2250000	2500000	nan
chr11	2500000	2750000	nan
chr11	2750000	3000000	nan
chr11	3000000	3250000	0.243182
chr11	3250000	3500000	0.739889
chr11	3500000	3750000	-0.410212
chr11	3750000	4000000	-0.170806
chr11	4000000	4250000	0.997129
chr11	4250000	4500000	1.04989
chr11	4500000	4750000	1.12726
chr11	4750000	5000000	1.10383
chr11	5000000	5250000	0.916802
chr11	5250000	5500000	0.887922
chr11	5500000	5750000	1.09743
chr11	5750000	6000000	0.975442
chr11	6000000	6250000	0.748275
chr11	6250000	6500000	1.3397
chr11	6500000	6750000	0.575217
chr11	6750000	7000000	-0.930609
chr11	7000000	7250000	-1.14861
chr11	7250000	7500000	-1.44515
chr11	7500000	7750000	-1.43923
chr11	7750000	8000000	-1.49954
chr11	8000000	8250000	-1.39643
chr11	8250000	8500000	-1.06444
chr11	8500000	8750000	-0.918209
chr11	8750000	9000000	-0.622768
chr11	9000000	9250000	-0.128256
chr11	9250000	9500000	-0.888915
chr11	9500000	9750000	-1.01655
chr11	9750000	10000000	-1.16086
chr11	10000000	10250000	-1.16042
chr11	10250000	10500000	-1.06341
chr11	10500000	10750000	-0.98309
chr11	10750000	11000000	-1.04306
chr11	11000000	11250000	-0.87962
chr11	11250000	11500000	-0.249102
chr11	11500000	11750000	0.702304
chr11	11750000	12000000	0.675902
chr11	12000000	12250000	-0.708117
chr11	12250000	12500000	-0.882567
chr11	12500000	12750000	-0.980105
chr11	12750000	13000000	-0.962535
chr11	13000000	13250000	-0.981614
chr11	13250000	13500000	-1.00806
chr11	13500000	13750000	-0.959871
chr11	13750000	14000000	-0.871561
chr11	14000000	14250000	-0.843398
chr11	14250000	14500000	-0.780797
chr11	14500000	14750000	-0.647754
chr11	14750000	15000000	-0.41388
chr11	15000000	15250000	0.010366
chr11	15250000	15500000	-0.0848694
chr11	15500000	15750000	0.331444
chr11	15750000	16000000	0.229092
chr11	16000000	16250000	-0.332209
chr11	16250000	16500000	-0.507137
chr11	16500000	16750000	-0.639137
chr11	16750000	17000000	-0.227505
chr11	17000000	17250000	0.361297
chr11	17250000	17500000	-0.490927
chr11	17500000	17750000	-0.798186
chr11	17750000	18000000	-0.462516
chr11	18000000	18250000	-0.417637
chr11	18250000	18500000	-0.536788
chr11	18500000	18750000	-0.389925
chr11	18750000	19000000	0.497167
chr11	19000000	19250000	0.43924
chr11	19250000	19500000	-0.0400377
chr11	19500000	19750000	-0.466039
chr11	19750000	20000000	0.23673
chr11	20000000	20250000	0.658454
chr11	20250000	20500000	0.226998
chr11	20500000	20750000	0.503396
chr11	20750000	21000000	-0.160734
chr11	21000000	21250000	0.316085
chr11	21250000	21500000	0.238961
chr11	21500000	21750000	-0.245022
chr11	21750000	22000000	-0.62795
chr11	22000000	22250000	-0.0761604
chr11	22250000	22500000	-0.452008
chr11	22500000	22750000	-0.0783056
chr11	22750000	23000000	0.693813
chr11	23000000	23250000	0.467883
chr11	23250000	23500000	0.872601
chr11	23500000	23750000	0.477174
chr11	23750000	24000000	-0.0952227
chr11	24000000	24250000	0.125641
chr11	24250000	24500000	-0.491552
chr11	24500000	24750000	-0.684647
chr11	24750000	25000000	-0.714115
chr11	25000000	25250000	-0.560004
chr11	25250000	25500000	-0.397559
chr11	25500000	25750000	-0.708616
chr11	25750000	26000000	-0.697945
chr11	26000000	26250000	-0.649566
chr11	26250000	26500000	-0.13241
chr11	26500000	26750000	-0.0884646
chr11	26750000	27000000	-0.653974
chr11	27000000	27250000	-0.982532
chr11	27250000	27500000	-1.1087
chr11	27500000	27750000	-1.02022
chr11	27750000	28000000	-1.07688
chr11	28000000	28250000	-1.07317
chr11	28250000	28500000	-1.08278
chr11	28500000	28750000	-0.941675
chr11	28750000	29000000	-0.842272
chr11	29000000	29250000	-0.0282812
chr11	29250000	29500000	0.380609
chr11	29500000	29750000	0.496822
chr11	29750000	30000000	-0.116885
chr11	30000000	30250000	0.0813435
chr11	30250000	30500000	-0.476036
chr11	30500000	30750000	-0.0272371
chr11	30750000	31000000	0.282084
chr11	31000000	31250000	-0.342556
chr11	31250000	31500000	-0.728389
chr11	31500000	31750000	-0.223791
chr11	31750000	32000000	0.544919
chr11	32000000	32250000	0.216728
chr11	32250000	32500000	0.216726
chr11	32500000	32750000	0.54086
chr11	32750000	33000000	-0.632298
chr11	33000000	33250000	-0.435676
chr11	33250000	33500000	-0.497143
chr11	33500000	33750000	-0.659381
chr11	33750000	34000000	-0.519935
chr11	34000000	34250000	-0.195464
chr11	34250000	34500000	-0.672486
chr11	34500000	34750000	nan
chr11	34750000	35000000	-0.583941
chr11	35000000	35250000	-1.07893
chr11	35250000	35500000	-1.01445
chr11	35500000	35750000	-0.889728
chr11	35750000	36000000	-0.560784
chr11	36000000	36250000	-1.10886
chr11	36250000	36500000	-1.13044
chr11	36500000	36750000	-1.10725
chr11	36750000	37000000	-0.973821
chr11	37000000	37250000	-0.929425
chr11	37250000	37500000	-0.906038
chr11	37500000	37750000	-0.824505
chr11	37750000	38000000	-0.847429
chr11	38000000	38250000	-0.849807
chr11	38250000	38500000	-0.834968
chr11	38500000	38750000	-0.815437
chr11	38750000	39000000	-0.809961
chr11	39000000	39250000	-0.867621
chr11	39250000	39500000	-0.804351
chr11	39500000	39750000	-0.901541
chr11	39750000	40000000	-0.909419
chr11	40000000	40250000	-0.929047
chr11	40250000	40500000	-0.830179
chr11	40500000	40750000	-0.304317
chr11	40750000	41000000	-0.528268
chr11	41000000	41250000	-0.786468
chr11	41250000	41500000	-0.792148
chr11	41500000	41750000	-0.926931
chr11	41750000	42000000	-0.981572
chr11	42000000	42250000	-0.900791
chr11	42250000	42500000	-0.909184
chr11	42500000	42750000	-0.986863
chr11	42750000	43000000	-1.08418
chr11	43000000	43250000	-0.969368
chr11	43250000	43500000	-0.611584
chr11	43500000	43750000	-0.191404
chr11	43750000	44000000	-0.646478
chr11	44000000	44250000	-0.751063
chr11	44250000	44500000	-0.229313
chr11	44500000	44750000	-0.156194
chr11	44750000	45000000	-0.692159
chr11	45000000	45250000	-0.737536
chr11	45250000	45500000	-0.773027
chr11	45500000	45750000	-0.450947
chr11	45750000	46000000	0.303103
chr11	46000000	46250000	-0.417455
chr11	46250000	46500000	0.15878
chr11	46500000	46750000	-0.332321
chr11	46750000	47000000	-0.735168
chr11	47000000	47250000	-0.906148
chr11	47250000	47500000	-1.04406
chr11	47500000	47750000	-0.972591
chr11	47750000	48000000	-0.970402
chr11	48000000	48250000	-0.877074
chr11	48250000	48500000	-0.835022
chr11	48500000	48750000	-0.626761
chr11	48750000	49000000	0.587441
chr11	49000000	49250000	0.347261
chr11	49250000	49500000	-0.358731
chr11	49500000	49750000	0.240695
chr11	49750000	50000000	0.754336
chr11	50000000	50250000	0.89812
chr11	50250000	50500000	0.580925
chr11	50500000	50750000	-0.517308
chr11	50750000	51000000	-0.822724
chr11	51000000	51250000	-0.619297
chr11	51250000	51500000	-0.261931
chr11	51500000	51750000	0.668871
chr11	51750000	52000000	0.770307
chr11	52000000	52250000	0.708776
chr11	52250000	52500000	0.315552
chr11	52500000	52750000	-0.605453
chr11	52750000	53000000	-0.663621
chr11	53000000	53250000	-0.313281
chr11	53250000	53500000	0.908068
chr11	53500000	53750000	0.987767
chr11	53750000	54000000	0.343959
chr11	54000000	54250000	-0.107574
chr11	54250000	54500000	0.0998852
chr11	54500000	54750000	0.571371
chr11	54750000	55000000	0.583301
chr11	55000000	55250000	-0.0609157
chr11	55250000	55500000	-0.0572317
chr11	55500000	55750000	-0.593521
chr11	55750000	56000000	-0.801963
chr11	56000000	56250000	-0.689135
chr11	56250000	56500000	-0.933199
chr11	56500000	56750000	-1.01443
chr11	56750000	57000000	-0.953946
chr11	57000000	57250000	-0.752512
chr11	57250000	57500000	-0.491242
chr11	57500000	57750000	0.633746
chr11	57750000	58000000	0.647621
chr11	58000000	58250000	0.737089
chr11	58250000	58500000	0.240122
chr11	58500000	58750000	-0.0722733
chr11	58750000	59000000	0.408901
chr11	59000000	59250000	0.586843
chr11	59250000	59500000	0.583995
chr11	59500000	59750000	0.469069
chr11	59750000	60000000	0.659395
chr11	60000000	60250000	0.656702
chr11	60250000	60500000	0.619726
chr11	60500000	60750000	0.539317
chr11	60750000	61000000	0.737829
chr11	61000000	61250000	0.43456
chr11	61250000	61500000	0.376481
chr11	61500000	61750000	0.410783
chr11	61750000	62000000	0.761387
chr11	62000000	62250000	0.737772
chr11	62250000	62500000	0.851381
chr11	62500000	62750000	0.640827
chr11	62750000	63000000	-0.0200895
chr11	63000000	63250000	-0.161695
chr11	63250000	63500000	-0.391915
chr11	63500000	63750000	-0.673644
chr11	63750000	64000000	-0.333258
chr11	64000000	64250000	0.0615332
chr11	64250000	64500000	-0.306087
chr11	64500000	64750000	-0.0856282
chr11	64750000	65000000	0.320383
chr11	65000000	65250000	-0.656597
chr11	65250000	65500000	-0.847528
chr11	65500000	65750000	-0.435178
chr11	65750000	66000000	-0.303549
chr11	66000000	66250000	-1.02233
chr11	66250000	66500000	-1.17192
chr11	66500000	66750000	-1.22659
chr11	66750000	67000000	-1.07185
chr11	67000000	67250000	-0.782248
chr11	67250000	67500000	-1.37308
chr11	67500000	67750000	-1.39561
chr11	67750000	68000000	-0.852305
chr11	68000000	68250000	-0.472434
chr11	68250000	68500000	-0.751092
chr11	68500000	68750000	-0.432466
chr11	68750000	69000000	0.61822
chr11	69000000	69250000	0.911033
chr11	69250000	69500000	0.836107
chr11	69500000	69750000	0.863463
chr11	69750000	70000000	0.866062
chr11	70000000	70250000	0.790979
chr11	70250000	70500000	0.720445
chr11	70500000	70750000	0.86152
chr11	70750000	71000000	0.842212
chr11	71000000	71250000	-0.249918
chr11	71250000	71500000	-1.18583
chr11	71500000	71750000	-1.31321
chr11	71750000	72000000	-1.26174
chr11	72000000	72250000	-0.342364
chr11	72250000	72500000	0.280038
chr11	72500000	72750000	0.693448
chr11	72750000	73000000	0.725766
chr11	73000000	73250000	0.470774
chr11	73250000	73500000	-0.54788
chr11	73500000	73750000	-0.87456
chr11	73750000	74000000	-0.891802
chr11	74000000	74250000	-0.778815
chr11	74250000	74500000	-0.1515
chr11	74500000	74750000	0.719048
chr11	74750000	75000000	0.827069
chr11	75000000	75250000	0.737442
chr11	75250000	75500000	0.746299
chr11	75500000	75750000	0.883051
chr11	75750000	76000000	0.295729
chr11	76000000	76250000	0.440613
chr11	76250000	76500000	0.32
chr11	76500000	76750000	0.135726
chr11	76750000	77000000	0.689098
chr11	77000000	77250000	0.591382
chr11	77250000	77500000	0.536171
chr11	77500000	77750000	0.677443
chr11	77750000	78000000	0.624445
chr11	78000000	78250000	0.820107
chr11	78250000	78500000	0.671924
chr11	78500000	78750000	0.663587
chr11	78750000	79000000	0.608328
chr11	79000000	79250000	0.745292
chr11	79250000	79500000	0.726285
chr11	79500000	79750000	0.604507
chr11	79750000	80000000	0.637636
chr11	80000000	80250000	0.884418
chr11	80250000	80500000	0.365004
chr11	80500000	80750000	-0.816231
chr11	80750000	81000000	-1.34258
chr11	81000000	81250000	-1.35187
chr11	81250000	81500000	-1.3377
chr11	81500000	81750000	-1.283
chr11	81750000	82000000	-1.40111
chr11	82000000	82250000	-1.29627
chr11	82250000	82500000	-1.37156
chr11	82500000	82750000	-0.857438
chr11	82750000	83000000	0.316881
chr11	83000000	83250000	0.283528
chr11	83250000	83500000	0.497528
chr11	83500000	83750000	0.157379
chr11	83750000	84000000	0.202181
chr11	84000000	84250000	0.654832
chr11	84250000	84500000	0.643055
chr11	84500000	84750000	0.640226
chr11	84750000	85000000	0.636307
chr11	85000000	85250000	0.716469
chr11	85250000	85500000	0.553123
chr11	85500000	85750000	0.458807
chr11	85750000	86000000	0.213079
chr11	86000000	86250000	0.473295
chr11	86250000	86500000	0.74396
chr11	86500000	86750000	0.757939
chr11	86750000	87000000	0.71949
chr11	87000000	87250000	0.792668
chr11	87250000	87500000	0.853637
chr11	87500000	87750000	0.844842
chr11	87750000	88000000	0.548896
chr11	88000000	88250000	0.813357
chr11	88250000	88500000	0.37321
chr11	88500000	88750000	0.707001
chr11	88750000	89000000	0.467645
chr11	89000000	89250000	-0.20122
chr11	89250000	89500000	-1.10636
chr11	89500000	89750000	-1.28009
chr11	89750000	90000000	-1.16718
chr11	90000000	90250000	-0.918073
chr11	90250000	90500000	-0.680681
chr11	90500000	90750000	0.114192
chr11	90750000	91000000	-0.214943
chr11	91000000	91250000	-0.674407
chr11	91250000	91500000	-0.808248
chr11	91500000	91750000	-0.79558
chr11	91750000	92000000	-0.752622
chr11	92000000	92250000	-0.811822
chr11	92250000	92500000	-0.858852
chr11	92500000	92750000	-0.840892
chr11	92750000	93000000	-0.84925
chr11	93000000	93250000	-1.12669
chr11	93250000	93500000	-1.15867
chr11	93500000	93750000	-1.0598
chr11	93750000	94000000	0.015823
chr11	94000000	94250000	0.831534
chr11	94250000	94500000	0.414095
chr11	94500000	94750000	0.296652
chr11	94750000	95000000	0.143539
chr11	95000000	95250000	0.347212
chr11	95250000	95500000	0.74157
chr11	95500000	95750000	0.489748
chr11	95750000	96000000	0.736452
chr11	96000000	96250000	0.645725
chr11	96250000	96500000	0.468305
chr11	96500000	96750000	0.305795
chr11	96750000	97000000	0.691931
chr11	97000000	97250000	0.734874
chr11	97250000	97500000	0.772743
chr11	97500000	97750000	0.683573
chr11	97750000	98000000	0.714039
chr11	98000000	98250000	0.706562
chr11	98250000	98500000	0.555893
chr11	98500000	98750000	0.719066
chr11	98750000	99000000	0.882199
chr11	99000000	99250000	0.636814
chr11	99250000	99500000	-0.180704
chr11	99500000	99750000	-0.829064
chr11	99750000	100000000	-0.910731
chr11	100000000	100250000	-0.606179
chr11	100250000	100500000	0.501676
chr11	100500000	100750000	0.791795
chr11	100750000	101000000	0.79737
chr11	101000000	101250000	0.804742
chr11	101250000	101500000	0.851608
chr11	101500000	101750000	0.838134
chr11	101750000	102000000	0.413456
chr11	102000000	102250000	0.775758
chr11	102250000	102500000	0.787361
chr11	102500000	102750000	0.528674
chr11	102750000	103000000	0.533163
chr11	103000000	103250000	0.774547
chr11	103250000	103500000	0.428717
chr11	103500000	103750000	-0.0756747
chr11	103750000	104000000	0.263701
chr11	104000000	104250000	-0.203933
chr11	104250000	104500000	0.572653
chr11	104500000	104750000	0.464279
chr11	104750000	105000000	-0.256028
chr11	105000000	105250000	0.35623
chr11	105250000	105500000	0.123141
chr11	105500000	105750000	-0.117333
chr11	105750000	106000000	0.244355
chr11	106000000	106250000	0.728003
chr11	106250000	106500000	0.696046
chr11	106500000	106750000	0.767871
chr11	106750000	107000000	0.843034
chr11	107000000	107250000	0.774039
chr11	107250000	107500000	0.640367
chr11	107500000	107750000	0.328382
chr11	107750000	108000000	-0.569726
chr11	108000000	108250000	-0.379271
chr11	108250000	108500000	-0.402021
chr11	108500000	108750000	-0.83643
chr11	108750000	109000000	-1.01234
chr11	109000000	109250000	-0.263287
chr11	109250000	109500000	0.195826
chr11	109500000	109750000	0.121572
chr11	109750000	110000000	-0.705917
chr11	110000000	110250000	-0.879383
chr11	110250000	110500000	-0.679178
chr11	110500000	110750000	-0.76918
chr11	110750000	111000000	-0.864279
chr11	111000000	111250000	-0.842246
chr11	111250000	111500000	-0.730577
chr11	111500000	111750000	-0.142586
chr11	111750000	112000000	0.122626
chr11	112000000	112250000	-0.199814
chr11	112250000	112500000	-0.633599
chr11	112500000	112750000	-0.671669
chr11	112750000	113000000	-0.726061
chr11	113000000	113250000	-0.702111
chr11	113250000	113500000	-0.609987
chr11	113500000	113750000	-0.178607
chr11	113750000	114000000	-0.471302
chr11	114000000	114250000	-1.01132
chr11	114250000	114500000	-1.09363
chr11	114500000	114750000	-0.872172
chr11	114750000	115000000	-1.15131
chr11	115000000	115250000	-0.148222
chr11	115250000	115500000	0.338942
chr11	115500000	115750000	0.786445
chr11	115750000	116000000	0.744054
chr11	116000000	116250000	0.830984
chr11	116250000	116500000	0.770642
chr11	116500000	116750000	0.716872
chr11	116750000	117000000	0.61855
chr11	117000000	117250000	0.722551
chr11	117250000	117500000	0.603932
chr11	117500000	117750000	0.311984
chr11	117750000	118000000	0.675186
chr11	118000000	118250000	0.222276
chr11	118250000	118500000	-0.254461
chr11	118500000	118750000	-1.4787
chr11	118750000	119000000	-1.46222
chr11	119000000	119250000	-1.2911
chr11	119250000	119500000	0.418208
chr11	119500000	119750000	0.52625
chr11	119750000	120000000	0.532324
chr11	120000000	120250000	0.767421
chr11	120250000	120500000	0.921347
chr11	120500000	120750000	0.884685
chr11	120750000	121000000	0.796125
chr11	121000000	121250000	0.676926
chr11	121250000	121500000	0.597563
chr11	121500000	121750000	0.252434
chr11	121750000	122000000	-0.39128
chr11	122000000	122082543	nan
#bedGraph section chr12:0-120129022
chr12	0	250000	nan
chr12	250000	500000	nan
chr12	500000	750000	nan
chr12	750000	1000000	nan
chr12	1000000	1250000	nan
chr12	1250000	1500000	nan
chr12	1500000	1750000	nan
chr12	1750000	2000000	nan
chr12	2000000	2250000	nan
chr12	2250000	2500000	nan
chr12	2500000	2750000	nan
chr12	2750000	3000000	nan
chr12	3000000	3250000	-0.271907
chr12	3250000	3500000	0.69307
chr12	3500000	3750000	0.509041
chr12	3750000	4000000	-0.102678
chr12	4000000	4250000	0.255645
chr12	4250000	4500000	0.825555
chr12	4500000	4750000	1.07529
chr12	4750000	5000000	1.17159
chr12	5000000	5250000	-0.285653
chr12	5250000	5500000	-0.934314
chr12	5500000	5750000	-1.03205
chr12	5750000	6000000	-0.982071
chr12	6000000	6250000	-0.87858
chr12	6250000	6500000	-0.883538
chr12	6500000	6750000	-0.86429
chr12	6750000	7000000	-0.896138
chr12	7000000	7250000	-0.865004
chr12	7250000	7500000	-0.933285
chr12	7500000	7750000	-0.967631
chr12	7750000	8000000	-0.925443
chr12	8000000	8250000	-0.702623
chr12	8250000	8500000	0.0440057
chr12	8500000	8750000	1.07089
chr12	8750000	9000000	0.295426
chr12	9000000	9250000	-0.429131
chr12	9250000	9500000	-0.744695
chr12	9500000	9750000	-0.879085
chr12	9750000	10000000	-0.85001
chr12	10000000	10250000	-0.72944
chr12	10250000	10500000	-0.407412
chr12	10500000	10750000	-0.630363
chr12	10750000	11000000	-0.812343
chr12	11000000	11250000	-0.425211
chr12	11250000	11500000	0.0337273
chr12	11500000	11750000	-0.697052
chr12	11750000	12000000	-0.729663
chr12	12000000	12250000	-0.377578
chr12	12250000	12500000	0.34823
chr12	12500000	12750000	0.520761
chr12	12750000	13000000	-0.0847749
chr12	13000000	13250000	0.228509
chr12	13250000	13500000	0.677612
chr12	13500000	13750000	-0.0848245
chr12	13750000	14000000	-0.613518
chr12	14000000	14250000	-0.78882
chr12	14250000	14500000	-0.829642
chr12	14500000	14750000	-0.778881
chr12	14750000	15000000	-0.795784
chr12	15000000	15250000	-0.817595
chr12	15250000	15500000	-0.724705
chr12	15500000	15750000	-0.677281
chr12	15750000	16000000	-0.835893
chr12	16000000	16250000	-0.604369
chr12	16250000	16500000	-0.422612
chr12	16500000	16750000	0.339223
chr12	16750000	17000000	0.738047
chr12	17000000	17250000	0.209681
chr12	17250000	17500000	0.703388
chr12	17500000	17750000	0.124075
chr12	17750000	18000000	-0.721563
chr12	18000000	18250000	-0.97446
chr12	18250000	18500000	-0.815139
chr12	18500000	18750000	nan
chr12	18750000	19000000	nan
chr12	19000000	19250000	-1.03468
chr12	19250000	19500000	nan
chr12	19500000	19750000	nan
chr12	19750000	20000000	nan
chr12	20000000	20250000	nan
chr12	20250000	20500000	-0.98333
chr12	20500000	20750000	nan
chr12	20750000	21000000	-0.997341
chr12	21000000	21250000	-0.764653
chr12	21250000	21500000	0.479198
chr12	21500000	21750000	-0.556893
chr12	21750000	22000000	nan
chr12	22000000	22250000	nan
chr12	22250000	22500000	nan
chr12	22500000	22750000	nan
chr12	22750000	23000000	nan
chr12	23000000	23250000	nan
chr12	23250000	23500000	nan
chr12	23500000	23750000	nan
chr12	23750000	24000000	nan
chr12	24000000	24250000	nan
chr12	24250000	24500000	-0.298628
chr12	24500000	24750000	0.883557
chr12	24750000	25000000	1.17659
chr12	25000000	25250000	-0.0182648
chr12	25250000	25500000	-0.669231
chr12	25500000	25750000	-0.865745
chr12	25750000	26000000	-0.820214
chr12	26000000	26250000	-0.840691
chr12	26250000	26500000	-0.783693
chr12	26500000	26750000	-0.795255
chr12	26750000	27000000	-0.825538
chr12	27000000	27250000	-0.917308
chr12	27250000	27500000	-0.928484
chr12	27500000	27750000	-0.919216
chr12	27750000	28000000	-0.881565
chr12	28000000	28250000	-0.749073
chr12	28250000	28500000	-0.310277
chr12	28500000	28750000	0.933763
chr12	28750000	29000000	0.457169
chr12	29000000	29250000	-0.110657
chr12	29250000	29500000	-0.354614
chr12	29500000	29750000	-0.473284
chr12	29750000	30000000	-0.571408
chr12	30000000	30250000	-0.742643
chr12	30250000	30500000	-0.709156
chr12	30500000	30750000	-0.27866
chr12	30750000	31000000	-0.127987
chr12	31000000	31250000	-0.194308
chr12	31250000	31500000	0.419825
chr12	31500000	31750000	0.921669
chr12	31750000	32000000	0.938912
chr12	32000000	32250000	1.13169
chr12	32250000	32500000	0.37894
chr12	32500000	32750000	-0.118412
chr12	32750000	33000000	0.458108
chr12	33000000	33250000	0.586347
chr12	33250000	33500000	0.589913
chr12	33500000	33750000	-0.416864
chr12	33750000	34000000	-0.800582
chr12	34000000	34250000	-0.806772
chr12	34250000	34500000	-0.782739
chr12	34500000	34750000	-0.44794
chr12	34750000	35000000	-0.241686
chr12	35000000	35250000	0.36015
chr12	35250000	35500000	-0.456426
chr12	35500000	35750000	-0.27861
chr12	35750000	36000000	0.258178
chr12	36000000	36250000	0.848586
chr12	36250000	36500000	0.59977
chr12	36500000	36750000	0.284379
chr12	36750000	37000000	0.327938
chr12	37000000	37250000	0.165867
chr12	37250000	37500000	0.0301822
chr12	37500000	37750000	-0.378216
chr12	37750000	38000000	-0.599344
chr12	38000000	38250000	-0.538189
chr12	38250000	38500000	-0.765526
chr12	38500000	38750000	-0.818348
chr12	38750000	39000000	-0.877296
chr12	39000000	39250000	-0.799586
chr12	39250000	39500000	-0.69843
chr12	39500000	39750000	-0.275984
chr12	39750000	40000000	-0.243613
chr12	40000000	40250000	0.359828
chr12	40250000	40500000	0.284988
chr12	40500000	40750000	-0.191911
chr12	40750000	41000000	0.219622
chr12	41000000	41250000	0.447077
chr12	41250000	41500000	0.300489
chr12	41500000	41750000	0.371615
chr12	41750000	42000000	0.485572
chr12	42000000	42250000	0.132176
chr12	42250000	42500000	-0.202515
chr12	42500000	42750000	-0.33545
chr12	42750000	43000000	-0.480218
chr12	43000000	43250000	-0.444105
chr12	43250000	43500000	-0.134357
chr12	43500000	43750000	-0.321489
chr12	43750000	44000000	-0.555801
chr12	44000000	44250000	-0.0343304
chr12	44250000	44500000	-0.0130022
chr12	44500000	44750000	-0.59374
chr12	44750000	45000000	-0.720127
chr12	45000000	45250000	-0.513388
chr12	45250000	45500000	-0.292256
chr12	45500000	45750000	0.16104
chr12	45750000	46000000	0.480733
chr12	46000000	46250000	0.674773
chr12	46250000	46500000	0.732969
chr12	46500000	46750000	0.73233
chr12	46750000	47000000	0.695428
chr12	47000000	47250000	0.541135
chr12	47250000	47500000	0.528543
chr12	47500000	47750000	0.551972
chr12	47750000	48000000	0.624765
chr12	48000000	48250000	0.639993
chr12	48250000	48500000	0.639944
chr12	48500000	48750000	0.811049
chr12	48750000	49000000	0.865201
chr12	49000000	49250000	0.45946
chr12	49250000	49500000	-0.360725
chr12	49500000	49750000	-0.486572
chr12	49750000	50000000	-0.0598451
chr12	50000000	50250000	-0.464789
chr12	50250000	50500000	-0.682573
chr12	50500000	50750000	-0.80125
chr12	50750000	51000000	-0.78215
chr12	51000000	51250000	-0.440863
chr12	51250000	51500000	0.518073
chr12	51500000	51750000	0.934313
chr12	51750000	52000000	1.15745
chr12	52000000	52250000	0.318827
chr12	52250000	52500000	-0.168978
chr12	52500000	52750000	-0.190908
chr12	52750000	53000000	-0.624602
chr12	53000000	53250000	-0.969963
chr12	53250000	53500000	-0.980481
chr12	53500000	53750000	-1.00586
chr12	53750000	54000000	-1.0206
chr12	54000000	54250000	-0.894285
chr12	54250000	54500000	-0.731881
chr12	54500000	54750000	0.254044
chr12	54750000	55000000	1.21321
chr12	55000000	55250000	nan
chr12	55250000	55500000	1.20487
chr12	55500000	55750000	0.878454
chr12	55750000	56000000	0.561628
chr12	56000000	56250000	-0.24438
chr12	56250000	56500000	-0.051667
chr12	56500000	56750000	0.0629818
chr12	56750000	57000000	-0.0463377
chr12	57000000	57250000	0.598671
chr12	57250000	57500000	0.397515
chr12	57500000	57750000	-0.0799652
chr12	57750000	58000000	-0.315488
chr12	58000000	58250000	-0.674304
chr12	58250000	58500000	-0.553195
chr12	58500000	58750000	-0.366426
chr12	58750000	59000000	0.0688129
chr12	59000000	59250000	1.16139
chr12	59250000	59500000	-0.361906
chr12	59500000	59750000	-0.714191
chr12	59750000	60000000	-0.882706
chr12	60000000	60250000	-0.797647
chr12	60250000	60500000	-0.832913
chr12	60500000	60750000	-0.768671
chr12	60750000	61000000	-0.658623
chr12	61000000	61250000	-0.738504
chr12	61250000	61500000	-0.741801
chr12	61500000	61750000	-0.593723
chr12	61750000	62000000	-0.705357
chr12	62000000	62250000	-0.67834
chr12	62250000	62500000	-0.675891
chr12	62500000	62750000	-0.670808
chr12	62750000	63000000	-0.698478
chr12	63000000	63250000	-0.728739
chr12	63250000	63500000	-0.683002
chr12	63500000	63750000	-0.690504
chr12	63750000	64000000	-0.706615
chr12	64000000	64250000	-0.665105
chr12	64250000	64500000	-0.737933
chr12	64500000	64750000	-0.613571
chr12	64750000	65000000	0.213703
chr12	65000000	65250000	0.804471
chr12	65250000	65500000	-0.565592
chr12	65500000	65750000	-0.780182
chr12	65750000	66000000	-0.824637
chr12	66000000	66250000	-0.804877
chr12	66250000	66500000	-0.841011
chr12	66500000	66750000	-0.794401
chr12	66750000	67000000	-0.794436
chr12	67000000	67250000	-0.766957
chr12	67250000	67500000	-0.747361
chr12	67500000	67750000	-0.674097
chr12	67750000	68000000	-0.481164
chr12	68000000	68250000	-0.669319
chr12	68250000	68500000	-0.691331
chr12	68500000	68750000	-0.695176
chr12	68750000	69000000	-0.560024
chr12	69000000	69250000	0.605469
chr12	69250000	69500000	1.13424
chr12	69500000	69750000	1.05868
chr12	69750000	70000000	1.03733
chr12	70000000	70250000	0.751173
chr12	70250000	70500000	0.265143
chr12	70500000	70750000	0.0535907
chr12	70750000	71000000	0.744014
chr12	71000000	71250000	1.07485
chr12	71250000	71500000	-0.0662138
chr12	71500000	71750000	-0.0517628
chr12	71750000	72000000	0.801583
chr12	72000000	72250000	0.220734
chr12	72250000	72500000	-0.095902
chr12	72500000	72750000	0.322542
chr12	72750000	73000000	0.456516
chr12	73000000	73250000	0.865455
chr12	73250000	73500000	0.427416
chr12	73500000	73750000	0.014583
chr12	73750000	74000000	0.455718
chr12	74000000	74250000	-0.247098
chr12	74250000	74500000	-0.277292
chr12	74500000	74750000	-0.633135
chr12	74750000	75000000	-0.503682
chr12	75000000	75250000	-0.25499
chr12	75250000	75500000	0.309354
chr12	75500000	75750000	1.017
chr12	75750000	76000000	0.566491
chr12	76000000	76250000	0.654162
chr12	76250000	76500000	0.974832
chr12	76500000	76750000	0.924109
chr12	76750000	77000000	0.796529
chr12	77000000	77250000	0.870126
chr12	77250000	77500000	0.791784
chr12	77500000	77750000	0.200474
chr12	77750000	78000000	0.0665584
chr12	78000000	78250000	0.291407
chr12	78250000	78500000	0.535431
chr12	78500000	78750000	0.541173
chr12	78750000	79000000	0.784352
chr12	79000000	79250000	0.729924
chr12	79250000	79500000	0.754373
chr12	79500000	79750000	0.715127
chr12	79750000	80000000	0.787929
chr12	80000000	80250000	0.656565
chr12	80250000	80500000	0.677299
chr12	80500000	80750000	0.718142
chr12	80750000	81000000	0.890861
chr12	81000000	81250000	0.572296
chr12	81250000	81500000	0.29459
chr12	81500000	81750000	0.426084
chr12	81750000	82000000	0.0920304
chr12	82000000	82250000	0.636941
chr12	82250000	82500000	0.64594
chr12	82500000	82750000	0.0290743
chr12	82750000	83000000	0.0266436
chr12	83000000	83250000	0.439152
chr12	83250000	83500000	0.68671
chr12	83500000	83750000	0.859417
chr12	83750000	84000000	0.789429
chr12	84000000	84250000	0.804302
chr12	84250000	84500000	0.879994
chr12	84500000	84750000	0.678711
chr12	84750000	85000000	0.791719
chr12	85000000	85250000	0.88557
chr12	85250000	85500000	0.913744
chr12	85500000	85750000	0.380571
chr12	85750000	86000000	0.613387
chr12	86000000	86250000	0.528352
chr12	86250000	86500000	0.253461
chr12	86500000	86750000	0.418098
chr12	86750000	87000000	1.10513
chr12	87000000	87250000	0.729585
chr12	87250000	87500000	0.992066
chr12	87500000	87750000	nan
chr12	87750000	88000000	nan
chr12	88000000	88250000	-0.682336
chr12	88250000	88500000	0.097262
chr12	88500000	88750000	-0.483372
chr12	88750000	89000000	-0.210319
chr12	89000000	89250000	-0.466133
chr12	89250000	89500000	-0.876754
chr12	89500000	89750000	-0.979817
chr12	89750000	90000000	-1.0263
chr12	90000000	90250000	-0.966223
chr12	90250000	90500000	-0.841541
chr12	90500000	90750000	-0.530884
chr12	90750000	91000000	-0.475907
chr12	91000000	91250000	0.186309
chr12	91250000	91500000	0.527275
chr12	91500000	91750000	0.871813
chr12	91750000	92000000	0.382136
chr12	92000000	92250000	-0.443498
chr12	92250000	92500000	-0.53312
chr12	92500000	92750000	-0.472124
chr12	92750000	93000000	-0.315029
chr12	93000000	93250000	-0.492686
chr12	93250000	93500000	-0.665791
chr12	93500000	93750000	-0.665121
chr12	93750000	94000000	-0.709431
chr12	94000000	94250000	-0.670024
chr12	94250000	94500000	-0.623643
chr12	94500000	94750000	-0.623401
chr12	94750000	95000000	-0.734736
chr12	95000000	95250000	-0.711117
chr12	95250000	95500000	-0.693642
chr12	95500000	95750000	-0.753973
chr12	95750000	96000000	-0.663494
chr12	96000000	96250000	-0.774338
chr12	96250000	96500000	-0.722565
chr12	96500000	96750000	-0.624625
chr12	96750000	97000000	-0.782172
chr12	97000000	97250000	-0.799887
chr12	97250000	97500000	-0.880896
chr12	97500000	97750000	-0.862779
chr12	97750000	98000000	-0.931008
chr12	98000000	98250000	-0.431253
chr12	98250000	98500000	-0.136523
chr12	98500000	98750000	0.0667049
chr12	98750000	99000000	0.580976
chr12	99000000	99250000	-0.242523
chr12	99250000	99500000	-0.165909
chr12	99500000	99750000	-0.558225
chr12	99750000	100000000	-0.0611075
chr12	100000000	100250000	0.579376
chr12	100250000	100500000	0.54398
chr12	100500000	100750000	1.1414
chr12	100750000	101000000	0.917057
chr12	101000000	101250000	0.475708
chr12	101250000	101500000	-0.383854
chr12	101500000	101750000	-0.367792
chr12	101750000	102000000	0.723246
chr12	102000000	102250000	0.0873845
chr12	102250000	102500000	0.566522
chr12	102500000	102750000	0.297833
chr12	102750000	103000000	0.341971
chr12	103000000	103250000	-0.547143
chr12	103250000	103500000	0.210054
chr12	103500000	103750000	-0.695237
chr12	103750000	104000000	nan
chr12	104000000	104250000	-0.959108
chr12	104250000	104500000	-1.02294
chr12	104500000	104750000	-0.502647
chr12	104750000	105000000	0.00529544
chr12	105000000	105250000	-0.0502261
chr12	105250000	105500000	-0.928028
chr12	105500000	105750000	0.475946
chr12	105750000	106000000	0.643453
chr12	106000000	106250000	-0.163389
chr12	106250000	106500000	-0.85274
chr12	106500000	106750000	-0.872252
chr12	106750000	107000000	-0.829984
chr12	107000000	107250000	-0.832413
chr12	107250000	107500000	-0.857972
chr12	107500000	107750000	-0.86086
chr12	107750000	108000000	-0.85885
chr12	108000000	108250000	-0.238403
chr12	108250000	108500000	-0.815899
chr12	108500000	108750000	-0.715336
chr12	108750000	109000000	0.325803
chr12	109000000	109250000	-0.684
chr12	109250000	109500000	-0.826548
chr12	109500000	109750000	-0.824833
chr12	109750000	110000000	-0.791134
chr12	110000000	110250000	-0.871737
chr12	110250000	110500000	-0.099164
chr12	110500000	110750000	0.968598
chr12	110750000	111000000	1.02123
chr12	111000000	111250000	0.83154
chr12	111250000	111500000	0.598841
chr12	111500000	111750000	1.04931
chr12	111750000	112000000	1.04013
chr12	112000000	112250000	0.0419126
chr12	112250000	112500000	-0.0940316
chr12	112500000	112750000	0.773337
chr12	112750000	113000000	0.985528
chr12	113000000	113250000	0.95927
chr12	113250000	113500000	-0.22539
chr12	113500000	113750000	-0.604428
chr12	113750000	114000000	-0.729864
chr12	114000000	114250000	-0.763732
chr12	114250000	114500000	-0.761467
chr12	114500000	114750000	-0.729527
chr12	114750000	115000000	-0.619507
chr12	115000000	115250000	-0.593908
chr12	115250000	115500000	-0.620973
chr12	115500000	115750000	-0.610395
chr12	115750000	116000000	-0.585316
chr12	116000000	116250000	-0.0637761
chr12	116250000	116500000	0.782955
chr12	116500000	116750000	-0.435514
chr12	116750000	117000000	-0.899458
chr12	117000000	117250000	-0.957754
chr12	117250000	117500000	-0.786284
chr12	117500000	117750000	-0.861279
chr12	117750000	118000000	-0.277086
chr12	118000000	118250000	-0.122797
chr12	118250000	118500000	0.455531
chr12	118500000	118750000	-0.375859
chr12	118750000	119000000	-0.660983
chr12	119000000	119250000	-0.382559
chr12	119250000	119500000	-0.28484
chr12	119500000	119750000	-0.701135
chr12	119750000	120000000	-0.53446
chr12	120000000	120129022	nan
#bedGraph section chr13:0-120421639
chr13	0	250000	nan
chr13	250000	500000	nan
chr13	500000	750000	nan
chr13	750000	1000000	nan
chr13	1000000	1250000	nan
chr13	1250000	1500000	nan
chr13	1500000	1750000	nan
chr13	1750000	2000000	nan
chr13	2000000	2250000	nan
chr13	2250000	2500000	nan
chr13	2500000	2750000	nan
chr13	2750000	3000000	nan
chr13	3000000	3250000	-1.23017
chr13	3250000	3500000	-0.493656
chr13	3500000	3750000	0.302399
chr13	3750000	4000000	-0.078736
chr13	4000000	4250000	0.404352
chr13	4250000	4500000	-0.0749014
chr13	4500000	4750000	-0.175539
chr13	4750000	5000000	-0.497024
chr13	5000000	5250000	-0.433274
chr13	5250000	5500000	-0.145956
chr13	5500000	5750000	0.5272
chr13	5750000	6000000	0.705663
chr13	6000000	6250000	0.137186
chr13	6250000	6500000	-0.128866
chr13	6500000	6750000	0.850923
chr13	6750000	7000000	0.492682
chr13	7000000	7250000	-0.0886099
chr13	7250000	7500000	-0.366554
chr13	7500000	7750000	-0.368425
chr13	7750000	8000000	-0.145178
chr13	8000000	8250000	-0.181195
chr13	8250000	8500000	0.214392
chr13	8500000	8750000	0.795601
chr13	8750000	9000000	1.1423
chr13	9000000	9250000	0.835301
chr13	9250000	9500000	-0.10905
chr13	9500000	9750000	0.161383
chr13	9750000	10000000	-0.104968
chr13	10000000	10250000	-0.473222
chr13	10250000	10500000	-0.675443
chr13	10500000	10750000	-0.884598
chr13	10750000	11000000	-1.01002
chr13	11000000	11250000	-1.05769
chr13	11250000	11500000	-0.940979
chr13	11500000	11750000	-0.568824
chr13	11750000	12000000	-0.161333
chr13	12000000	12250000	0.012799
chr13	12250000	12500000	0.55715
chr13	12500000	12750000	0.0893035
chr13	12750000	13000000	-1.33503
chr13	13000000	13250000	-1.06561
chr13	13250000	13500000	-0.218901
chr13	13500000	13750000	0.6789
chr13	13750000	14000000	0.920768
chr13	14000000	14250000	1.01199
chr13	14250000	14500000	0.634766
chr13	14500000	14750000	0.485736
chr13	14750000	15000000	-0.475454
chr13	15000000	15250000	-0.72789
chr13	15250000	15500000	-0.682055
chr13	15500000	15750000	-0.53038
chr13	15750000	16000000	-0.664073
chr13	16000000	16250000	-0.776264
chr13	16250000	16500000	-0.837418
chr13	16500000	16750000	-0.657508
chr13	16750000	17000000	-0.625524
chr13	17000000	17250000	-0.605598
chr13	17250000	17500000	-0.450687
chr13	17500000	17750000	0.349136
chr13	17750000	18000000	0.717145
chr13	18000000	18250000	-0.084344
chr13	18250000	18500000	-0.20379
chr13	18500000	18750000	0.0555953
chr13	18750000	19000000	0.520985
chr13	19000000	19250000	0.737811
chr13	19250000	19500000	0.429109
chr13	19500000	19750000	0.200985
chr13	19750000	20000000	-0.42916
chr13	20000000	20250000	-0.356968
chr13	20250000	20500000	-0.1359
chr13	20500000	20750000	-0.288402
chr13	20750000	21000000	-0.23491
chr13	21000000	21250000	0.556595
chr13	21250000	21500000	0.744699
chr13	21500000	21750000	0.427017
chr13	21750000	22000000	0.876709
chr13	22000000	22250000	0.239866
chr13	22250000	22500000	-0.359048
chr13	22500000	22750000	-0.428754
chr13	22750000	23000000	-0.251675
chr13	23000000	23250000	-0.2271
chr13	23250000	23500000	0.754648
chr13	23500000	23750000	0.978514
chr13	23750000	24000000	0.468307
chr13	24000000	24250000	0.456851
chr13	24250000	24500000	0.417815
chr13	24500000	24750000	0.336176
chr13	24750000	25000000	0.680244
chr13	25000000	25250000	-0.271429
chr13	25250000	25500000	-0.903152
chr13	25500000	25750000	-0.968206
chr13	25750000	26000000	-0.90995
chr13	26000000	26250000	-0.944684
chr13	26250000	26500000	-1.04125
chr13	26500000	26750000	-0.972406
chr13	26750000	27000000	-0.955008
chr13	27000000	27250000	-0.940483
chr13	27250000	27500000	-0.966447
chr13	27500000	27750000	-0.937737
chr13	27750000	28000000	-0.898761
chr13	28000000	28250000	-0.930495
chr13	28250000	28500000	-0.747744
chr13	28500000	28750000	-0.537325
chr13	28750000	29000000	-0.433715
chr13	29000000	29250000	-0.433743
chr13	29250000	29500000	-0.0192307
chr13	29500000	29750000	0.459701
chr13	29750000	30000000	0.619246
chr13	30000000	30250000	-0.162164
chr13	30250000	30500000	-0.443717
chr13	30500000	30750000	0.0257733
chr13	30750000	31000000	0.545865
chr13	31000000	31250000	-0.136957
chr13	31250000	31500000	-0.22768
chr13	31500000	31750000	0.0284622
chr13	31750000	32000000	0.377376
chr13	32000000	32250000	0.723865
chr13	32250000	32500000	0.216903
chr13	32500000	32750000	-0.173816
chr13	32750000	33000000	0.253226
chr13	33000000	33250000	0.230903
chr13	33250000	33500000	0.755567
chr13	33500000	33750000	0.648443
chr13	33750000	34000000	0.334144
chr13	34000000	34250000	0.855423
chr13	34250000	34500000	0.619646
chr13	34500000	34750000	-0.00757246
chr13	34750000	35000000	0.359815
chr13	35000000	35250000	-0.0299349
chr13	35250000	35500000	-0.00620807
chr13	35500000	35750000	0.667022
chr13	35750000	36000000	0.634047
chr13	36000000	36250000	0.778915
chr13	36250000	36500000	0.396667
chr13	36500000	36750000	-0.124874
chr13	36750000	37000000	-0.255837
chr13	37000000	37250000	-0.263407
chr13	37250000	37500000	0.252983
chr13	37500000	37750000	0.679947
chr13	37750000	38000000	1.02404
chr13	38000000	38250000	0.556623
chr13	38250000	38500000	-0.0470936
chr13	38500000	38750000	0.390954
chr13	38750000	39000000	-0.166798
chr13	39000000	39250000	-0.694383
chr13	39250000	39500000	-0.93087
chr13	39500000	39750000	-1.10934
chr13	39750000	40000000	-0.954459
chr13	40000000	40250000	-1.07382
chr13	40250000	40500000	-1.06988
chr13	40500000	40750000	-0.566843
chr13	40750000	41000000	0.194478
chr13	41000000	41250000	0.224426
chr13	41250000	41500000	-0.116594
chr13	41500000	41750000	0.11298
chr13	41750000	42000000	-0.161554
chr13	42000000	42250000	0.464571
chr13	42250000	42500000	-0.322785
chr13	42500000	42750000	-0.359856
chr13	42750000	43000000	-0.153264
chr13	43000000	43250000	0.52172
chr13	43250000	43500000	1.0194
chr13	43500000	43750000	0.462422
chr13	43750000	44000000	0.110817
chr13	44000000	44250000	-0.060301
chr13	44250000	44500000	0.0980326
chr13	44500000	44750000	0.706639
chr13	44750000	45000000	0.652629
chr13	45000000	45250000	0.690875
chr13	45250000	45500000	0.710434
chr13	45500000	45750000	0.718394
chr13	45750000	46000000	0.851596
chr13	46000000	46250000	0.16919
chr13	46250000	46500000	0.228961
chr13	46500000	46750000	0.628531
chr13	46750000	47000000	0.336479
chr13	47000000	47250000	0.744025
chr13	47250000	47500000	0.0303181
chr13	47500000	47750000	-0.379921
chr13	47750000	48000000	-0.593163
chr13	48000000	48250000	-0.601025
chr13	48250000	48500000	-0.222297
chr13	48500000	48750000	0.333759
chr13	48750000	49000000	0.769233
chr13	49000000	49250000	0.520984
chr13	49250000	49500000	0.924938
chr13	49500000	49750000	0.93189
chr13	49750000	50000000	0.186958
chr13	50000000	50250000	-0.356567
chr13	50250000	50500000	-0.409969
chr13	50500000	50750000	-0.465069
chr13	50750000	51000000	-0.105763
chr13	51000000	51250000	0.526598
chr13	51250000	51500000	-0.210621
chr13	51500000	51750000	0.520334
chr13	51750000	52000000	0.713559
chr13	52000000	52250000	0.0691213
chr13	52250000	52500000	-0.819965
chr13	52500000	52750000	-0.836342
chr13	52750000	53000000	-0.403433
chr13	53000000	53250000	-0.807173
chr13	53250000	53500000	-0.531822
chr13	53500000	53750000	-1.12018
chr13	53750000	54000000	-1.01035
chr13	54000000	54250000	-0.268397
chr13	54250000	54500000	-0.0315029
chr13	54500000	54750000	0.884381
chr13	54750000	55000000	0.0262633
chr13	55000000	55250000	0.908349
chr13	55250000	55500000	1.04796
chr13	55500000	55750000	1.10325
chr13	55750000	56000000	-0.0202612
chr13	56000000	56250000	-0.0384346
chr13	56250000	56500000	-0.966715
chr13	56500000	56750000	-0.560424
chr13	56750000	57000000	-0.780775
chr13	57000000	57250000	-1.00458
chr13	57250000	57500000	-1.05059
chr13	57500000	57750000	-1.01119
chr13	57750000	58000000	-1.04884
chr13	58000000	58250000	-0.0292863
chr13	58250000	58500000	0.751396
chr13	58500000	58750000	-0.0179559
chr13	58750000	59000000	-1.05827
chr13	59000000	59250000	-1.10429
chr13	59250000	59500000	-0.419731
chr13	59500000	59750000	0.926635
chr13	59750000	60000000	0.0104613
chr13	60000000	60250000	-1.01554
chr13	60250000	60500000	-1.06548
chr13	60500000	60750000	-1.04123
chr13	60750000	61000000	-1.02111
chr13	61000000	61250000	-0.978732
chr13	61250000	61500000	-0.949334
chr13	61500000	61750000	nan
chr13	61750000	62000000	nan
chr13	62000000	62250000	-0.822231
chr13	62250000	62500000	-0.476957
chr13	62500000	62750000	-0.643977
chr13	62750000	63000000	-0.662047
chr13	63000000	63250000	-0.220117
chr13	63250000	63500000	0.395499
chr13	63500000	63750000	0.313001
chr13	63750000	64000000	0.589699
chr13	64000000	64250000	0.346923
chr13	64250000	64500000	0.42823
chr13	64500000	64750000	0.11581
chr13	64750000	65000000	-0.212609
chr13	65000000	65250000	0.0741964
chr13	65250000	65500000	nan
chr13	65500000	65750000	nan
chr13	65750000	66000000	nan
chr13	66000000	66250000	nan
chr13	66250000	66500000	nan
chr13	66500000	66750000	nan
chr13	66750000	67000000	-0.00442591
chr13	67000000	67250000	0.183334
chr13	67250000	67500000	0.348894
chr13	67500000	67750000	0.234734
chr13	67750000	68000000	-0.456932
chr13	68000000	68250000	nan
chr13	68250000	68500000	nan
chr13	68500000	68750000	-0.667305
chr13	68750000	69000000	-1.07251
chr13	69000000	69250000	-0.962218
chr13	69250000	69500000	-0.71266
chr13	69500000	69750000	0.176125
chr13	69750000	70000000	-0.759155
chr13	70000000	70250000	-1.06049
chr13	70250000	70500000	-1.00773
chr13	70500000	70750000	-0.620978
chr13	70750000	71000000	-0.956561
chr13	71000000	71250000	-0.935991
chr13	71250000	71500000	-0.963867
chr13	71500000	71750000	-0.955605
chr13	71750000	72000000	-0.965587
chr13	72000000	72250000	-0.988152
chr13	72250000	72500000	-1.041
chr13	72500000	72750000	-0.871637
chr13	72750000	73000000	-1.02992
chr13	73000000	73250000	-1.16864
chr13	73250000	73500000	-0.799413
chr13	73500000	73750000	-0.291247
chr13	73750000	74000000	-0.0765911
chr13	74000000	74250000	0.203572
chr13	74250000	74500000	0.199188
chr13	74500000	74750000	0.196846
chr13	74750000	75000000	-0.245497
chr13	75000000	75250000	-0.188259
chr13	75250000	75500000	0.338716
chr13	75500000	75750000	0.545304
chr13	75750000	76000000	0.751867
chr13	76000000	76250000	0.781956
chr13	76250000	76500000	0.833975
chr13	76500000	76750000	0.663859
chr13	76750000	77000000	0.0528208
chr13	77000000	77250000	0.388627
chr13	77250000	77500000	-0.36939
chr13	77500000	77750000	-0.339624
chr13	77750000	78000000	0.22581
chr13	78000000	78250000	-0.13644
chr13	78250000	78500000	-0.674248
chr13	78500000	78750000	-0.68254
chr13	78750000	79000000	-0.459131
chr13	79000000	79250000	-0.682392
chr13	79250000	79500000	-0.856424
chr13	79500000	79750000	-0.870072
chr13	79750000	80000000	-0.897393
chr13	80000000	80250000	-0.90888
chr13	80250000	80500000	-0.907217
chr13	80500000	80750000	-0.791694
chr13	80750000	81000000	-0.227522
chr13	81000000	81250000	-0.696547
chr13	81250000	81500000	-0.410933
chr13	81500000	81750000	0.416098
chr13	81750000	82000000	-0.154577
chr13	82000000	82250000	-0.739114
chr13	82250000	82500000	-0.662796
chr13	82500000	82750000	-0.421095
chr13	82750000	83000000	0.0580339
chr13	83000000	83250000	0.431794
chr13	83250000	83500000	0.547803
chr13	83500000	83750000	0.207362
chr13	83750000	84000000	-0.60133
chr13	84000000	84250000	-0.314532
chr13	84250000	84500000	-0.223712
chr13	84500000	84750000	-0.227781
chr13	84750000	85000000	-0.613116
chr13	85000000	85250000	-0.150292
chr13	85250000	85500000	0.854436
chr13	85500000	85750000	0.11898
chr13	85750000	86000000	-0.487554
chr13	86000000	86250000	-0.493658
chr13	86250000	86500000	-0.78822
chr13	86500000	86750000	-0.787811
chr13	86750000	87000000	-0.738538
chr13	87000000	87250000	-0.693113
chr13	87250000	87500000	-0.768219
chr13	87500000	87750000	-0.753917
chr13	87750000	88000000	-0.706185
chr13	88000000	88250000	-0.775295
chr13	88250000	88500000	-0.766767
chr13	88500000	88750000	-0.808732
chr13	88750000	89000000	-0.783252
chr13	89000000	89250000	-0.874276
chr13	89250000	89500000	-0.815092
chr13	89500000	89750000	-0.563816
chr13	89750000	90000000	-0.069971
chr13	90000000	90250000	-0.163774
chr13	90250000	90500000	-0.835839
chr13	90500000	90750000	-0.759779
chr13	90750000	91000000	0.0825058
chr13	91000000	91250000	0.689197
chr13	91250000	91500000	0.8532
chr13	91500000	91750000	0.782945
chr13	91750000	92000000	0.149935
chr13	92000000	92250000	-0.198285
chr13	92250000	92500000	0.463972
chr13	92500000	92750000	0.689315
chr13	92750000	93000000	0.0848454
chr13	93000000	93250000	0.202859
chr13	93250000	93500000	0.86848
chr13	93500000	93750000	0.109983
chr13	93750000	94000000	-0.347623
chr13	94000000	94250000	-0.327374
chr13	94250000	94500000	0.449059
chr13	94500000	94750000	0.265301
chr13	94750000	95000000	0.301853
chr13	95000000	95250000	0.175836
chr13	95250000	95500000	0.648537
chr13	95500000	95750000	0.966904
chr13	95750000	96000000	0.807623
chr13	96000000	96250000	0.32388
chr13	96250000	96500000	0.366445
chr13	96500000	96750000	0.772646
chr13	96750000	97000000	0.563988
chr13	97000000	97250000	0.556258
chr13	97250000	97500000	0.51576
chr13	97500000	97750000	0.519619
chr13	97750000	98000000	0.437291
chr13	98000000	98250000	0.257652
chr13	98250000	98500000	0.393309
chr13	98500000	98750000	0.307802
chr13	98750000	99000000	0.823458
chr13	99000000	99250000	0.202691
chr13	99250000	99500000	0.272288
chr13	99500000	99750000	-0.258063
chr13	99750000	100000000	-0.0778795
chr13	100000000	100250000	0.480581
chr13	100250000	100500000	0.073787
chr13	100500000	100750000	0.922074
chr13	100750000	101000000	0.664457
chr13	101000000	101250000	-0.153093
chr13	101250000	101500000	-0.116634
chr13	101500000	101750000	0.613372
chr13	101750000	102000000	0.306874
chr13	102000000	102250000	-0.229684
chr13	102250000	102500000	-0.253792
chr13	102500000	102750000	0.164178
chr13	102750000	103000000	0.605913
chr13	103000000	103250000	0.387646
chr13	103250000	103500000	0.764524
chr13	103500000	103750000	0.476241
chr13	103750000	104000000	0.88365
chr13	104000000	104250000	0.84379
chr13	104250000	104500000	0.623869
chr13	104500000	104750000	0.503977
chr13	104750000	105000000	0.620105
chr13	105000000	105250000	0.742567
chr13	105250000	105500000	0.35876
chr13	105500000	105750000	0.266556
chr13	105750000	106000000	-0.263539
chr13	106000000	106250000	-0.34135
chr13	106250000	106500000	-0.305196
chr13	106500000	106750000	-0.000240031
chr13	106750000	107000000	0.790213
chr13	107000000	107250000	0.515493
chr13	107250000	107500000	-0.0338245
chr13	107500000	107750000	0.490737
chr13	107750000	108000000	0.0227006
chr13	108000000	108250000	0.558923
chr13	108250000	108500000	0.623886
chr13	108500000	108750000	0.173127
chr13	108750000	109000000	0.338072
chr13	109000000	109250000	0.256168
chr13	109250000	109500000	0.00292394
chr13	109500000	109750000	0.709007
chr13	109750000	110000000	0.67683
chr13	110000000	110250000	-0.185877
chr13	110250000	110500000	-0.243482
chr13	110500000	110750000	-0.48329
chr13	110750000	111000000	-0.407201
chr13	111000000	111250000	-0.302755
chr13	111250000	111500000	0.436595
chr13	111500000	111750000	1.06882
chr13	111750000	112000000	0.505028
chr13	112000000	112250000	-0.12237
chr13	112250000	112500000	0.0033798
chr13	112500000	112750000	0.43671
chr13	112750000	113000000	0.841827
chr13	113000000	113250000	-0.14199
chr13	113250000	113500000	-0.495395
chr13	113500000	113750000	-0.0803286
chr13	113750000	114000000	0.800576
chr13	114000000	114250000	0.148867
chr13	114250000	114500000	0.37224
chr13	114500000	114750000	-0.333316
chr13	114750000	115000000	0.446043
chr13	115000000	115250000	-0.324548
chr13	115250000	115500000	-0.0726999
chr13	115500000	115750000	-0.606881
chr13	115750000	116000000	-0.851686
chr13	116000000	116250000	-0.864118
chr13	116250000	116500000	-0.963209
chr13	116500000	116750000	-0.940477
chr13	116750000	117000000	-1.07235
chr13	117000000	117250000	-0.99534
chr13	117250000	117500000	-1.05984
chr13	117500000	117750000	-0.896579
chr13	117750000	118000000	-0.906079
chr13	118000000	118250000	-0.730155
chr13	118250000	118500000	0.138986
chr13	118500000	118750000	0.613095
chr13	118750000	119000000	0.728312
chr13	119000000	119250000	0.850969
chr13	119250000	119500000	0.82465
chr13	119500000	119750000	0.91698
chr13	119750000	120000000	nan
chr13	120000000	120250000	nan
chr13	120250000	120421639	nan
#bedGraph section chr14:0-124902244
chr14	0	250000	nan
chr14	250000	500000	nan
chr14	500000	750000	nan
chr14	750000	1000000	nan
chr14	1000000	1250000	nan
chr14	1250000	1500000	nan
chr14	1500000	1750000	nan
chr14	1750000	2000000	nan
chr14	2000000	2250000	nan
chr14	2250000	2500000	nan
chr14	2500000	2750000	nan
chr14	2750000	3000000	nan
chr14	3000000	3250000	nan
chr14	3250000	3500000	nan
chr14	3500000	3750000	nan
chr14	3750000	4000000	nan
chr14	4000000	4250000	nan
chr14	4250000	4500000	nan
chr14	4500000	4750000	nan
chr14	4750000	5000000	nan
chr14	5000000	5250000	nan
chr14	5250000	5500000	nan
chr14	5500000	5750000	nan
chr14	5750000	6000000	nan
chr14	6000000	6250000	nan
chr14	6250000	6500000	nan
chr14	6500000	6750000	nan
chr14	6750000	7000000	nan
chr14	7000000	7250000	nan
chr14	7250000	7500000	nan
chr14	7500000	7750000	nan
chr14	7750000	8000000	1.21744
chr14	8000000	8250000	1.08858
chr14	8250000	8500000	0.0401229
chr14	8500000	8750000	-0.347751
chr14	8750000	9000000	-0.773674
chr14	9000000	9250000	-0.599845
chr14	9250000	9500000	-0.3962
chr14	9500000	9750000	-0.342895
chr14	9750000	10000000	-0.34263
chr14	10000000	10250000	-0.210822
chr14	10250000	10500000	0.140185
chr14	10500000	10750000	-0.213545
chr14	10750000	11000000	-0.431149
chr14	11000000	11250000	-0.745097
chr14	11250000	11500000	-0.892649
chr14	11500000	11750000	-0.896536
chr14	11750000	12000000	-0.611886
chr14	12000000	12250000	-0.337474
chr14	12250000	12500000	0.00423899
chr14	12500000	12750000	-0.217617
chr14	12750000	13000000	-0.624612
chr14	13000000	13250000	-0.519894
chr14	13250000	13500000	-0.216763
chr14	13500000	13750000	-0.324786
chr14	13750000	14000000	0.196062
chr14	14000000	14250000	0.618002
chr14	14250000	14500000	-0.0729552
chr14	14500000	14750000	-0.0704575
chr14	14750000	15000000	-0.0647164
chr14	15000000	15250000	-0.308946
chr14	15250000	15500000	-0.164697
chr14	15500000	15750000	-0.214402
chr14	15750000	16000000	-0.0811638
chr14	16000000	16250000	0.184666
chr14	16250000	16500000	0.873989
chr14	16500000	16750000	-0.0219229
chr14	16750000	17000000	-0.160994
chr14	17000000	17250000	-0.206106
chr14	17250000	17500000	-0.218072
chr14	17500000	17750000	-0.102488
chr14	17750000	18000000	-0.0883154
chr14	18000000	18250000	0.298451
chr14	18250000	18500000	0.555055
chr14	18500000	18750000	-0.253884
chr14	18750000	19000000	-0.490417
chr14	19000000	19250000	-0.775804
chr14	19250000	19500000	-0.172764
chr14	19500000	19750000	0.118191
chr14	19750000	20000000	1.05465
chr14	20000000	20250000	0.953547
chr14	20250000	20500000	1.17987
chr14	20500000	20750000	1.13648
chr14	20750000	21000000	1.10159
chr14	21000000	21250000	1.11054
chr14	21250000	21500000	0.875788
chr14	21500000	21750000	1.17116
chr14	21750000	22000000	0.840512
chr14	22000000	22250000	0.128225
chr14	22250000	22500000	-0.053577
chr14	22500000	22750000	-0.316777
chr14	22750000	23000000	-0.469369
chr14	23000000	23250000	-0.66041
chr14	23250000	23500000	-0.641528
chr14	23500000	23750000	-0.653179
chr14	23750000	24000000	-0.737204
chr14	24000000	24250000	-0.594333
chr14	24250000	24500000	0.0679915
chr14	24500000	24750000	-0.42622
chr14	24750000	25000000	-1.00817
chr14	25000000	25250000	-1.18782
chr14	25250000	25500000	-1.13088
chr14	25500000	25750000	-0.362142
chr14	25750000	26000000	0.0223226
chr14	26000000	26250000	nan
chr14	26250000	26500000	0.639521
chr14	26500000	26750000	1.09939
chr14	26750000	27000000	0.873439
chr14	27000000	27250000	0.444564
chr14	27250000	27500000	0.93244
chr14	27500000	27750000	0.068415
chr14	27750000	28000000	-0.44311
chr14	28000000	28250000	-0.787142
chr14	28250000	28500000	-0.998738
chr14	28500000	28750000	-1.09401
chr14	28750000	29000000	-0.917044
chr14	29000000	29250000	-0.63804
chr14	29250000	29500000	-0.519852
chr14	29500000	29750000	-0.189614
chr14	29750000	30000000	0.295817
chr14	30000000	30250000	0.351728
chr14	30250000	30500000	0.5129
chr14	30500000	30750000	1.24469
chr14	30750000	31000000	0.986492
chr14	31000000	31250000	1.01707
chr14	31250000	31500000	0.778788
chr14	31500000	31750000	0.943327
chr14	31750000	32000000	0.68407
chr14	32000000	32250000	1.10292
chr14	32250000	32500000	0.624132
chr14	32500000	32750000	0.446896
chr14	32750000	33000000	-0.0809904
chr14	33000000	33250000	-0.159753
chr14	33250000	33500000	0.290101
chr14	33500000	33750000	-0.42677
chr14	33750000	34000000	-0.576055
chr14	34000000	34250000	0.146921
chr14	34250000	34500000	0.771817
chr14	34500000	34750000	0.974488
chr14	34750000	35000000	0.0904826
chr14	35000000	35250000	-0.40684
chr14	35250000	35500000	-0.894065
chr14	35500000	35750000	-1.10824
chr14	35750000	36000000	-1.22158
chr14	36000000	36250000	-1.03362
chr14	36250000	36500000	-1.05165
chr14	36500000	36750000	-0.873481
chr14	36750000	37000000	-0.0785362
chr14	37000000	37250000	-0.213019
chr14	37250000	37500000	-0.87246
chr14	37500000	37750000	-1.0148
chr14	37750000	38000000	-1.10596
chr14	38000000	38250000	-1.0358
chr14	38250000	38500000	-0.957556
chr14	38500000	38750000	-0.729362
chr14	38750000	39000000	-0.684246
chr14	39000000	39250000	nan
chr14	39250000	39500000	-0.229332
chr14	39500000	39750000	-0.463472
chr14	39750000	40000000	-0.097854
chr14	40000000	40250000	-0.521166
chr14	40250000	40500000	-0.40011
chr14	40500000	40750000	-0.33082
chr14	40750000	41000000	0.576222
chr14	41000000	41250000	0.294637
chr14	41250000	41500000	nan
chr14	41500000	41750000	nan
chr14	41750000	42000000	nan
chr14	42000000	42250000	nan
chr14	42250000	42500000	nan
chr14	42500000	42750000	nan
chr14	42750000	43000000	nan
chr14	43000000	43250000	nan
chr14	43250000	43500000	nan
chr14	43500000	43750000	nan
chr14	43750000	44000000	0.370204
chr14	44000000	44250000	nan
chr14	44250000	44500000	nan
chr14	44500000	44750000	-0.123277
chr14	44750000	45000000	-0.143794
chr14	45000000	45250000	0.116734
chr14	45250000	45500000	1.02557
chr14	45500000	45750000	0.579741
chr14	45750000	46000000	0.0199969
chr14	46000000	46250000	-0.0818252
chr14	46250000	46500000	0.0211393
chr14	46500000	46750000	0.478329
chr14	46750000	47000000	0.679322
chr14	47000000	47250000	0.604365
chr14	47250000	47500000	1.1605
chr14	47500000	47750000	1.16004
chr14	47750000	48000000	0.267902
chr14	48000000	48250000	0.0640711
chr14	48250000	48500000	0.344262
chr14	48500000	48750000	0.495389
chr14	48750000	49000000	0.251162
chr14	49000000	49250000	0.663256
chr14	49250000	49500000	-0.33009
chr14	49500000	49750000	-0.534746
chr14	49750000	50000000	-0.698812
chr14	50000000	50250000	-0.80082
chr14	50250000	50500000	-0.66947
chr14	50500000	50750000	-0.377104
chr14	50750000	51000000	0.886091
chr14	51000000	51250000	0.576741
chr14	51250000	51500000	0.0560219
chr14	51500000	51750000	nan
chr14	51750000	52000000	0.584495
chr14	52000000	52250000	1.12034
chr14	52250000	52500000	0.790699
chr14	52500000	52750000	0.0208362
chr14	52750000	53000000	nan
chr14	53000000	53250000	nan
chr14	53250000	53500000	nan
chr14	53500000	53750000	nan
chr14	53750000	54000000	0.432456
chr14	54000000	54250000	0.858454
chr14	54250000	54500000	1.00019
chr14	54500000	54750000	0.912809
chr14	54750000	55000000	0.850556
chr14	55000000	55250000	0.699674
chr14	55250000	55500000	0.715285
chr14	55500000	55750000	0.795986
chr14	55750000	56000000	0.91542
chr14	56000000	56250000	0.714129
chr14	56250000	56500000	0.57773
chr14	56500000	56750000	0.829443
chr14	56750000	57000000	0.935068
chr14	57000000	57250000	0.312456
chr14	57250000	57500000	0.622613
chr14	57500000	57750000	1.01633
chr14	57750000	58000000	0.945437
chr14	58000000	58250000	0.0140513
chr14	58250000	58500000	-0.397955
chr14	58500000	58750000	-0.435314
chr14	58750000	59000000	-0.446811
chr14	59000000	59250000	-0.0379093
chr14	59250000	59500000	0.539631
chr14	59500000	59750000	0.348338
chr14	59750000	60000000	-0.0411498
chr14	60000000	60250000	0.366499
chr14	60250000	60500000	0.412117
chr14	60500000	60750000	0.192967
chr14	60750000	61000000	0.37287
chr14	61000000	61250000	0.497274
chr14	61250000	61500000	0.863793
chr14	61500000	61750000	0.860227
chr14	61750000	62000000	0.279043
chr14	62000000	62250000	0.153423
chr14	62250000	62500000	0.445109
chr14	62500000	62750000	0.515747
chr14	62750000	63000000	0.863705
chr14	63000000	63250000	0.838269
chr14	63250000	63500000	0.422851
chr14	63500000	63750000	0.839674
chr14	63750000	64000000	0.573123
chr14	64000000	64250000	0.294355
chr14	64250000	64500000	0.383591
chr14	64500000	64750000	0.683701
chr14	64750000	65000000	1.00101
chr14	65000000	65250000	0.849813
chr14	65250000	65500000	0.749886
chr14	65500000	65750000	0.736816
chr14	65750000	66000000	0.883307
chr14	66000000	66250000	0.9343
chr14	66250000	66500000	0.849036
chr14	66500000	66750000	0.696519
chr14	66750000	67000000	0.738067
chr14	67000000	67250000	0.282517
chr14	67250000	67500000	-0.979404
chr14	67500000	67750000	-0.294346
chr14	67750000	68000000	-0.895109
chr14	68000000	68250000	-1.00978
chr14	68250000	68500000	-1.14174
chr14	68500000	68750000	-1.04051
chr14	68750000	69000000	-0.732851
chr14	69000000	69250000	-0.0930455
chr14	69250000	69500000	nan
chr14	69500000	69750000	nan
chr14	69750000	70000000	0.511834
chr14	70000000	70250000	0.676745
chr14	70250000	70500000	0.614685
chr14	70500000	70750000	1.17348
chr14	70750000	71000000	0.469503
chr14	71000000	71250000	-0.0386359
chr14	71250000	71500000	-0.284072
chr14	71500000	71750000	-0.363413
chr14	71750000	72000000	-0.470951
chr14	72000000	72250000	-0.207128
chr14	72250000	72500000	-0.196274
chr14	72500000	72750000	0.289764
chr14	72750000	73000000	0.0250063
chr14	73000000	73250000	0.945557
chr14	73250000	73500000	1.31286
chr14	73500000	73750000	0.738608
chr14	73750000	74000000	0.0820591
chr14	74000000	74250000	-0.104366
chr14	74250000	74500000	-0.115086
chr14	74500000	74750000	0.538528
chr14	74750000	75000000	0.110417
chr14	75000000	75250000	0.308292
chr14	75250000	75500000	0.558737
chr14	75500000	75750000	0.608847
chr14	75750000	76000000	1.14779
chr14	76000000	76250000	0.590615
chr14	76250000	76500000	-0.391473
chr14	76500000	76750000	-0.0390593
chr14	76750000	77000000	-0.353968
chr14	77000000	77250000	-0.591794
chr14	77250000	77500000	-0.932557
chr14	77500000	77750000	-0.795632
chr14	77750000	78000000	-0.197745
chr14	78000000	78250000	-0.942254
chr14	78250000	78500000	-0.91351
chr14	78500000	78750000	-0.251654
chr14	78750000	79000000	0.214104
chr14	79000000	79250000	0.271194
chr14	79250000	79500000	0.926175
chr14	79500000	79750000	0.449309
chr14	79750000	80000000	-0.628393
chr14	80000000	80250000	-0.770612
chr14	80250000	80500000	-0.807522
chr14	80500000	80750000	-0.820999
chr14	80750000	81000000	-0.717232
chr14	81000000	81250000	-0.701464
chr14	81250000	81500000	-0.709203
chr14	81500000	81750000	-0.650572
chr14	81750000	82000000	-0.659514
chr14	82000000	82250000	-0.499054
chr14	82250000	82500000	-0.514991
chr14	82500000	82750000	-0.384214
chr14	82750000	83000000	-0.0941912
chr14	83000000	83250000	0.198011
chr14	83250000	83500000	0.303521
chr14	83500000	83750000	0.379585
chr14	83750000	84000000	0.288132
chr14	84000000	84250000	-0.143155
chr14	84250000	84500000	-0.417279
chr14	84500000	84750000	-0.479866
chr14	84750000	85000000	-0.527896
chr14	85000000	85250000	-0.461229
chr14	85250000	85500000	-0.500035
chr14	85500000	85750000	-0.534674
chr14	85750000	86000000	-0.438363
chr14	86000000	86250000	-0.380155
chr14	86250000	86500000	-0.438916
chr14	86500000	86750000	-0.188138
chr14	86750000	87000000	0.333381
chr14	87000000	87250000	0.265909
chr14	87250000	87500000	0.119623
chr14	87500000	87750000	-0.429048
chr14	87750000	88000000	-0.746089
chr14	88000000	88250000	-0.736932
chr14	88250000	88500000	-0.748419
chr14	88500000	88750000	-0.73337
chr14	88750000	89000000	-0.735993
chr14	89000000	89250000	-0.668576
chr14	89250000	89500000	-0.604575
chr14	89500000	89750000	-0.561146
chr14	89750000	90000000	-0.436352
chr14	90000000	90250000	-0.555033
chr14	90250000	90500000	-0.560698
chr14	90500000	90750000	-0.532185
chr14	90750000	91000000	-0.483493
chr14	91000000	91250000	-0.511569
chr14	91250000	91500000	-0.463072
chr14	91500000	91750000	-0.481896
chr14	91750000	92000000	-0.502598
chr14	92000000	92250000	-0.504566
chr14	92250000	92500000	-0.468522
chr14	92500000	92750000	-0.550875
chr14	92750000	93000000	-0.544674
chr14	93000000	93250000	-0.503516
chr14	93250000	93500000	-0.405798
chr14	93500000	93750000	-0.281267
chr14	93750000	94000000	-0.20169
chr14	94000000	94250000	-0.653392
chr14	94250000	94500000	-0.624363
chr14	94500000	94750000	-0.656246
chr14	94750000	95000000	-0.627427
chr14	95000000	95250000	-0.663445
chr14	95250000	95500000	-0.660303
chr14	95500000	95750000	-0.668876
chr14	95750000	96000000	-0.654989
chr14	96000000	96250000	-0.589494
chr14	96250000	96500000	-0.660632
chr14	96500000	96750000	-0.470791
chr14	96750000	97000000	-0.105343
chr14	97000000	97250000	0.74342
chr14	97250000	97500000	0.49145
chr14	97500000	97750000	0.389101
chr14	97750000	98000000	0.334326
chr14	98000000	98250000	0.250333
chr14	98250000	98500000	0.0753831
chr14	98500000	98750000	0.17652
chr14	98750000	99000000	0.207195
chr14	99000000	99250000	0.548902
chr14	99250000	99500000	-0.602217
chr14	99500000	99750000	-0.718128
chr14	99750000	100000000	-0.603363
chr14	100000000	100250000	-0.725043
chr14	100250000	100500000	-0.707952
chr14	100500000	100750000	-0.701289
chr14	100750000	101000000	-0.664814
chr14	101000000	101250000	-0.681497
chr14	101250000	101500000	-0.463851
chr14	101500000	101750000	-0.197282
chr14	101750000	102000000	-0.622746
chr14	102000000	102250000	-0.716649
chr14	102250000	102500000	-0.718061
chr14	102500000	102750000	-0.706814
chr14	102750000	103000000	-0.677677
chr14	103000000	103250000	0.375588
chr14	103250000	103500000	0.154637
chr14	103500000	103750000	-0.682742
chr14	103750000	104000000	-0.740228
chr14	104000000	104250000	-0.651063
chr14	104250000	104500000	-0.285455
chr14	104500000	104750000	-0.347335
chr14	104750000	105000000	-0.635508
chr14	105000000	105250000	0.0383541
chr14	105250000	105500000	-0.380475
chr14	105500000	105750000	-0.723169
chr14	105750000	106000000	-0.443235
chr14	106000000	106250000	-0.041183
chr14	106250000	106500000	-0.204071
chr14	106500000	106750000	-0.567014
chr14	106750000	107000000	-0.621032
chr14	107000000	107250000	-0.64275
chr14	107250000	107500000	-0.587123
chr14	107500000	107750000	-0.59899
chr14	107750000	108000000	-0.611361
chr14	108000000	108250000	-0.577809
chr14	108250000	108500000	-0.597119
chr14	108500000	108750000	-0.630314
chr14	108750000	109000000	-0.635652
chr14	109000000	109250000	-0.706289
chr14	109250000	109500000	-0.717087
chr14	109500000	109750000	-0.747682
chr14	109750000	110000000	-0.646581
chr14	110000000	110250000	-0.679657
chr14	110250000	110500000	-0.732032
chr14	110500000	110750000	-0.680415
chr14	110750000	111000000	-0.320605
chr14	111000000	111250000	0.0770028
chr14	111250000	111500000	0.350576
chr14	111500000	111750000	0.599023
chr14	111750000	112000000	0.590863
chr14	112000000	112250000	0.254598
chr14	112250000	112500000	0.0145224
chr14	112500000	112750000	0.0431821
chr14	112750000	113000000	-0.20485
chr14	113000000	113250000	-0.409675
chr14	113250000	113500000	-0.398323
chr14	113500000	113750000	-0.429256
chr14	113750000	114000000	-0.484578
chr14	114000000	114250000	-0.562504
chr14	114250000	114500000	-0.656629
chr14	114500000	114750000	-0.677735
chr14	114750000	115000000	-0.384693
chr14	115000000	115250000	-0.362765
chr14	115250000	115500000	-0.717504
chr14	115500000	115750000	-0.608177
chr14	115750000	116000000	-0.470443
chr14	116000000	116250000	-0.567927
chr14	116250000	116500000	-0.670064
chr14	116500000	116750000	-0.67699
chr14	116750000	117000000	-0.650269
chr14	117000000	117250000	-0.710664
chr14	117250000	117500000	-0.662144
chr14	117500000	117750000	-0.843692
chr14	117750000	118000000	-0.761308
chr14	118000000	118250000	0.289877
chr14	118250000	118500000	0.16424
chr14	118500000	118750000	0.80933
chr14	118750000	119000000	0.833351
chr14	119000000	119250000	-0.400621
chr14	119250000	119500000	-0.727977
chr14	119500000	119750000	-0.714485
chr14	119750000	120000000	-0.719619
chr14	120000000	120250000	-0.655432
chr14	120250000	120500000	-0.0524092
chr14	120500000	120750000	-0.736416
chr14	120750000	121000000	-0.470582
chr14	121000000	121250000	-0.712323
chr14	121250000	121500000	0.414848
chr14	121500000	121750000	-0.331823
chr14	121750000	122000000	0.605421
chr14	122000000	122250000	1.07781
chr14	122250000	122500000	0.349659
chr14	122500000	122750000	0.48411
chr14	122750000	123000000	0.415768
chr14	123000000	123250000	-0.38861
chr14	123250000	123500000	-0.600228
chr14	123500000	123750000	-0.83256
chr14	123750000	124000000	-0.715638
chr14	124000000	124250000	-0.681185
chr14	124250000	124500000	-0.810556
chr14	124500000	124750000	-0.772648
chr14	124750000	124902244	nan
#bedGraph section chr15:0-104043685
chr15	0	250000	nan
chr15	250000	500000	nan
chr15	500000	750000	nan
chr15	750000	1000000	nan
chr15	1000000	1250000	nan
chr15	1250000	1500000	nan
chr15	1500000	1750000	nan
chr15	1750000	2000000	nan
chr15	2000000	2250000	nan
chr15	2250000	2500000	nan
chr15	2500000	2750000	nan
chr15	2750000	3000000	nan
chr15	3000000	3250000	-1.36073
chr15	3250000	3500000	-1.0275
chr15	3500000	3750000	-1.01044
chr15	3750000	4000000	-0.492279
chr15	4000000	4250000	-0.336911
chr15	4250000	4500000	-0.711642
chr15	4500000	4750000	-0.503991
chr15	4750000	5000000	-0.195742
chr15	5000000	5250000	0.656509
chr15	5250000	5500000	0.574931
chr15	5500000	5750000	0.553342
chr15	5750000	6000000	0.458616
chr15	6000000	6250000	0.328957
chr15	6250000	6500000	0.0780264
chr15	6500000	6750000	0.980733
chr15	6750000	7000000	0.306887
chr15	7000000	7250000	0.453867
chr15	7250000	7500000	-0.254052
chr15	7500000	7750000	-0.449734
chr15	7750000	8000000	0.0818133
chr15	8000000	8250000	0.803265
chr15	8250000	8500000	0.797142
chr15	8500000	8750000	0.554122
chr15	8750000	9000000	0.413322
chr15	9000000	9250000	0.52946
chr15	9250000	9500000	-0.454402
chr15	9500000	9750000	-0.647205
chr15	9750000	10000000	-0.847276
chr15	10000000	10250000	-0.840222
chr15	10250000	10500000	-0.127787
chr15	10500000	10750000	-0.460467
chr15	10750000	11000000	-0.386407
chr15	11000000	11250000	-0.53076
chr15	11250000	11500000	-0.200241
chr15	11500000	11750000	-0.435645
chr15	11750000	12000000	-0.170624
chr15	12000000	12250000	0.867685
chr15	12250000	12500000	0.80835
chr15	12500000	12750000	0.5988
chr15	12750000	13000000	0.673319
chr15	13000000	13250000	-0.519735
chr15	13250000	13500000	-0.828549
chr15	13500000	13750000	-0.880719
chr15	13750000	14000000	-0.966586
chr15	14000000	14250000	-1.06129
chr15	14250000	14500000	-1.04078
chr15	14500000	14750000	-0.783571
chr15	14750000	15000000	-0.6927
chr15	15000000	15250000	-0.0142497
chr15	15250000	15500000	0.199189
chr15	15500000	15750000	0.226679
chr15	15750000	16000000	0.236184
chr15	16000000	16250000	0.438215
chr15	16250000	16500000	0.596532
chr15	16500000	16750000	0.481207
chr15	16750000	17000000	0.326042
chr15	17000000	17250000	0.185318
chr15	17250000	17500000	0.232429
chr15	17500000	17750000	0.0440468
chr15	17750000	18000000	0.00922206
chr15	18000000	18250000	-0.163812
chr15	18250000	18500000	-0.374952
chr15	18500000	18750000	-0.582639
chr15	18750000	19000000	-0.65631
chr15	19000000	19250000	-0.906617
chr15	19250000	19500000	-0.759528
chr15	19500000	19750000	-0.232252
chr15	19750000	20000000	-0.587104
chr15	20000000	20250000	-0.663424
chr15	20250000	20500000	-0.658452
chr15	20500000	20750000	-0.765723
chr15	20750000	21000000	-0.833491
chr15	21000000	21250000	-0.804968
chr15	21250000	21500000	-0.824313
chr15	21500000	21750000	-0.919023
chr15	21750000	22000000	-0.940831
chr15	22000000	22250000	-0.915493
chr15	22250000	22500000	-0.90517
chr15	22500000	22750000	-0.853163
chr15	22750000	23000000	-0.629933
chr15	23000000	23250000	-0.835104
chr15	23250000	23500000	-0.818807
chr15	23500000	23750000	-0.901279
chr15	23750000	24000000	-0.917787
chr15	24000000	24250000	-0.837879
chr15	24250000	24500000	-0.905984
chr15	24500000	24750000	-0.940492
chr15	24750000	25000000	-1.02673
chr15	25000000	25250000	-1.03112
chr15	25250000	25500000	-1.12177
chr15	25500000	25750000	-1.12609
chr15	25750000	26000000	-0.927717
chr15	26000000	26250000	-0.85833
chr15	26250000	26500000	-0.912297
chr15	26500000	26750000	-0.994958
chr15	26750000	27000000	-0.966446
chr15	27000000	27250000	-0.770013
chr15	27250000	27500000	0.00610797
chr15	27500000	27750000	-0.00440262
chr15	27750000	28000000	-0.911641
chr15	28000000	28250000	-1.17359
chr15	28250000	28500000	-1.03975
chr15	28500000	28750000	-0.983209
chr15	28750000	29000000	-0.960671
chr15	29000000	29250000	-0.913839
chr15	29250000	29500000	-0.92417
chr15	29500000	29750000	-0.965707
chr15	29750000	30000000	-0.963055
chr15	30000000	30250000	-1.05404
chr15	30250000	30500000	-0.98074
chr15	30500000	30750000	-0.910673
chr15	30750000	31000000	-0.654099
chr15	31000000	31250000	-0.38777
chr15	31250000	31500000	0.771456
chr15	31500000	31750000	0.443634
chr15	31750000	32000000	-0.447833
chr15	32000000	32250000	-0.0358242
chr15	32250000	32500000	-0.524609
chr15	32500000	32750000	-0.606518
chr15	32750000	33000000	-0.7327
chr15	33000000	33250000	-0.491574
chr15	33250000	33500000	-0.754382
chr15	33500000	33750000	-0.731994
chr15	33750000	34000000	-0.504255
chr15	34000000	34250000	0.459325
chr15	34250000	34500000	0.092426
chr15	34500000	34750000	0.131917
chr15	34750000	35000000	0.239727
chr15	35000000	35250000	0.43406
chr15	35250000	35500000	0.642356
chr15	35500000	35750000	0.586116
chr15	35750000	36000000	0.351876
chr15	36000000	36250000	0.349749
chr15	36250000	36500000	0.693258
chr15	36500000	36750000	0.875003
chr15	36750000	37000000	1.02964
chr15	37000000	37250000	0.526304
chr15	37250000	37500000	0.217888
chr15	37500000	37750000	-0.245241
chr15	37750000	38000000	0.181619
chr15	38000000	38250000	0.772655
chr15	38250000	38500000	0.761337
chr15	38500000	38750000	0.625611
chr15	38750000	39000000	nan
chr15	39000000	39250000	0.223689
chr15	39250000	39500000	-0.0614928
chr15	39500000	39750000	-0.208732
chr15	39750000	40000000	0.409112
chr15	40000000	40250000	0.28201
chr15	40250000	40500000	-0.555585
chr15	40500000	40750000	-0.622622
chr15	40750000	41000000	-0.591343
chr15	41000000	41250000	-0.437204
chr15	41250000	41500000	-0.511477
chr15	41500000	41750000	-0.0857398
chr15	41750000	42000000	0.611359
chr15	42000000	42250000	0.376794
chr15	42250000	42500000	0.746812
chr15	42500000	42750000	0.684799
chr15	42750000	43000000	0.119111
chr15	43000000	43250000	-0.0400472
chr15	43250000	43500000	0.662888
chr15	43500000	43750000	-0.0581095
chr15	43750000	44000000	-0.481794
chr15	44000000	44250000	-0.560823
chr15	44250000	44500000	0.117574
chr15	44500000	44750000	0.316783
chr15	44750000	45000000	0.322682
chr15	45000000	45250000	0.0696037
chr15	45250000	45500000	-0.466175
chr15	45500000	45750000	-0.57441
chr15	45750000	46000000	-0.46904
chr15	46000000	46250000	-0.307409
chr15	46250000	46500000	-0.0581808
chr15	46500000	46750000	-0.186984
chr15	46750000	47000000	-0.166937
chr15	47000000	47250000	0.284019
chr15	47250000	47500000	0.320935
chr15	47500000	47750000	0.136705
chr15	47750000	48000000	0.133546
chr15	48000000	48250000	0.221362
chr15	48250000	48500000	0.186574
chr15	48500000	48750000	0.183698
chr15	48750000	49000000	0.124787
chr15	49000000	49250000	0.110472
chr15	49250000	49500000	-0.00443887
chr15	49500000	49750000	-0.0702915
chr15	49750000	50000000	-0.136709
chr15	50000000	50250000	0.0904006
chr15	50250000	50500000	0.397364
chr15	50500000	50750000	0.582328
chr15	50750000	51000000	0.473262
chr15	51000000	51250000	0.409046
chr15	51250000	51500000	0.361926
chr15	51500000	51750000	0.474628
chr15	51750000	52000000	0.743942
chr15	52000000	52250000	0.643182
chr15	52250000	52500000	0.314141
chr15	52500000	52750000	-0.241979
chr15	52750000	53000000	0.115384
chr15	53000000	53250000	0.358857
chr15	53250000	53500000	0.149014
chr15	53500000	53750000	-0.476979
chr15	53750000	54000000	-0.918196
chr15	54000000	54250000	-1.13671
chr15	54250000	54500000	-1.11108
chr15	54500000	54750000	-1.02138
chr15	54750000	55000000	-0.782845
chr15	55000000	55250000	-0.13645
chr15	55250000	55500000	-0.580469
chr15	55500000	55750000	-0.251362
chr15	55750000	56000000	-0.600042
chr15	56000000	56250000	-0.938131
chr15	56250000	56500000	-1.0479
chr15	56500000	56750000	-1.00819
chr15	56750000	57000000	-1.1707
chr15	57000000	57250000	-1.02752
chr15	57250000	57500000	-0.792416
chr15	57500000	57750000	-0.234298
chr15	57750000	58000000	0.542766
chr15	58000000	58250000	0.615928
chr15	58250000	58500000	0.292158
chr15	58500000	58750000	0.489154
chr15	58750000	59000000	0.729114
chr15	59000000	59250000	0.799822
chr15	59250000	59500000	0.70474
chr15	59500000	59750000	0.148836
chr15	59750000	60000000	-0.402831
chr15	60000000	60250000	-0.890221
chr15	60250000	60500000	-1.00232
chr15	60500000	60750000	-0.849916
chr15	60750000	61000000	-0.606485
chr15	61000000	61250000	-0.30511
chr15	61250000	61500000	-0.354235
chr15	61500000	61750000	-0.357423
chr15	61750000	62000000	0.0864571
chr15	62000000	62250000	0.890734
chr15	62250000	62500000	0.589761
chr15	62500000	62750000	0.468743
chr15	62750000	63000000	0.438795
chr15	63000000	63250000	0.387051
chr15	63250000	63500000	0.591087
chr15	63500000	63750000	0.68409
chr15	63750000	64000000	0.335261
chr15	64000000	64250000	0.620467
chr15	64250000	64500000	0.337977
chr15	64500000	64750000	-0.0869937
chr15	64750000	65000000	-0.519587
chr15	65000000	65250000	-0.678097
chr15	65250000	65500000	-0.842587
chr15	65500000	65750000	-0.640485
chr15	65750000	66000000	-0.261351
chr15	66000000	66250000	-0.773151
chr15	66250000	66500000	-0.592878
chr15	66500000	66750000	0.3203
chr15	66750000	67000000	0.334828
chr15	67000000	67250000	0.416317
chr15	67250000	67500000	-0.0240534
chr15	67500000	67750000	-0.53219
chr15	67750000	68000000	-0.690244
chr15	68000000	68250000	-0.346676
chr15	68250000	68500000	-0.399071
chr15	68500000	68750000	-1.10983
chr15	68750000	69000000	-1.22614
chr15	69000000	69250000	-1.14729
chr15	69250000	69500000	-1.07977
chr15	69500000	69750000	-0.984108
chr15	69750000	70000000	-0.984149
chr15	70000000	70250000	-0.950146
chr15	70250000	70500000	-0.994722
chr15	70500000	70750000	-1.01178
chr15	70750000	71000000	-1.02058
chr15	71000000	71250000	-1.13525
chr15	71250000	71500000	-1.14824
chr15	71500000	71750000	-1.20047
chr15	71750000	72000000	-1.08795
chr15	72000000	72250000	-0.912902
chr15	72250000	72500000	-0.856503
chr15	72500000	72750000	-0.594646
chr15	72750000	73000000	0.210204
chr15	73000000	73250000	0.719795
chr15	73250000	73500000	0.356351
chr15	73500000	73750000	-0.953791
chr15	73750000	74000000	-1.29102
chr15	74000000	74250000	-1.17294
chr15	74250000	74500000	-1.30132
chr15	74500000	74750000	-1.19612
chr15	74750000	75000000	-1.34916
chr15	75000000	75250000	-0.447224
chr15	75250000	75500000	-1.13318
chr15	75500000	75750000	-0.145634
chr15	75750000	76000000	0.859523
chr15	76000000	76250000	0.925692
chr15	76250000	76500000	0.963276
chr15	76500000	76750000	0.944368
chr15	76750000	77000000	0.818507
chr15	77000000	77250000	0.351561
chr15	77250000	77500000	0.0586407
chr15	77500000	77750000	0.167085
chr15	77750000	78000000	0.77659
chr15	78000000	78250000	0.393781
chr15	78250000	78500000	0.671356
chr15	78500000	78750000	0.445711
chr15	78750000	79000000	0.651902
chr15	79000000	79250000	0.664501
chr15	79250000	79500000	0.628212
chr15	79500000	79750000	0.609588
chr15	79750000	80000000	0.522816
chr15	80000000	80250000	0.664132
chr15	80250000	80500000	0.419566
chr15	80500000	80750000	0.596842
chr15	80750000	81000000	0.747534
chr15	81000000	81250000	0.650273
chr15	81250000	81500000	0.709786
chr15	81500000	81750000	0.838436
chr15	81750000	82000000	0.903815
chr15	82000000	82250000	0.923678
chr15	82250000	82500000	0.491413
chr15	82500000	82750000	-0.0874089
chr15	82750000	83000000	0.35922
chr15	83000000	83250000	0.713319
chr15	83250000	83500000	0.950661
chr15	83500000	83750000	0.0456
chr15	83750000	84000000	-1.2828
chr15	84000000	84250000	-0.967665
chr15	84250000	84500000	-1.18828
chr15	84500000	84750000	-1.17844
chr15	84750000	85000000	-0.602453
chr15	85000000	85250000	-0.456206
chr15	85250000	85500000	0.0933524
chr15	85500000	85750000	0.295662
chr15	85750000	86000000	0.607687
chr15	86000000	86250000	0.832392
chr15	86250000	86500000	-0.252547
chr15	86500000	86750000	-1.11068
chr15	86750000	87000000	-1.05424
chr15	87000000	87250000	-1.10068
chr15	87250000	87500000	-1.06101
chr15	87500000	87750000	-1.08221
chr15	87750000	88000000	-1.10369
chr15	88000000	88250000	-1.11841
chr15	88250000	88500000	-1.14557
chr15	88500000	88750000	-0.545302
chr15	88750000	89000000	0.165261
chr15	89000000	89250000	0.653998
chr15	89250000	89500000	0.84446
chr15	89500000	89750000	-0.318746
chr15	89750000	90000000	-1.00432
chr15	90000000	90250000	-0.62882
chr15	90250000	90500000	-0.304772
chr15	90500000	90750000	-0.725128
chr15	90750000	91000000	-0.781035
chr15	91000000	91250000	-0.820528
chr15	91250000	91500000	-0.879446
chr15	91500000	91750000	-0.906967
chr15	91750000	92000000	-0.935704
chr15	92000000	92250000	-0.854135
chr15	92250000	92500000	-0.492812
chr15	92500000	92750000	-0.82985
chr15	92750000	93000000	-0.832161
chr15	93000000	93250000	-0.688887
chr15	93250000	93500000	0.298344
chr15	93500000	93750000	-0.433453
chr15	93750000	94000000	-0.714851
chr15	94000000	94250000	-0.81904
chr15	94250000	94500000	-0.826614
chr15	94500000	94750000	-0.242127
chr15	94750000	95000000	-0.959442
chr15	95000000	95250000	-1.04158
chr15	95250000	95500000	-0.782097
chr15	95500000	95750000	-0.0211286
chr15	95750000	96000000	0.442616
chr15	96000000	96250000	-0.323308
chr15	96250000	96500000	0.570889
chr15	96500000	96750000	0.157153
chr15	96750000	97000000	0.158944
chr15	97000000	97250000	-0.82044
chr15	97250000	97500000	-1.15858
chr15	97500000	97750000	-0.176564
chr15	97750000	98000000	0.666848
chr15	98000000	98250000	0.460573
chr15	98250000	98500000	0.0545353
chr15	98500000	98750000	0.938326
chr15	98750000	99000000	0.951501
chr15	99000000	99250000	0.702417
chr15	99250000	99500000	0.77364
chr15	99500000	99750000	0.612699
chr15	99750000	100000000	0.42641
chr15	100000000	100250000	0.819088
chr15	100250000	100500000	0.917946
chr15	100500000	100750000	0.768816
chr15	100750000	101000000	-0.576839
chr15	101000000	101250000	-1.13517
chr15	101250000	101500000	-0.496245
chr15	101500000	101750000	-0.888525
chr15	101750000	102000000	-0.399121
chr15	102000000	102250000	0.712815
chr15	102250000	102500000	1.01263
chr15	102500000	102750000	0.883197
chr15	102750000	103000000	0.454113
chr15	103000000	103250000	0.953518
chr15	103250000	103500000	0.571232
chr15	103500000	103750000	-0.437342
chr15	103750000	104000000	-0.835384
chr15	104000000	104043685	nan
#bedGraph section chr16:0-98207768
chr16	0	250000	nan
chr16	250000	500000	nan
chr16	500000	750000	nan
chr16	750000	1000000	nan
chr16	1000000	1250000	nan
chr16	1250000	1500000	nan
chr16	1500000	1750000	nan
chr16	1750000	2000000	nan
chr16	2000000	2250000	nan
chr16	2250000	2500000	nan
chr16	2500000	2750000	nan
chr16	2750000	3000000	nan
chr16	3000000	3250000	nan
chr16	3250000	3500000	-0.501872
chr16	3500000	3750000	-0.663108
chr16	3750000	4000000	0.622019
chr16	4000000	4250000	0.954275
chr16	4250000	4500000	0.827689
chr16	4500000	4750000	1.08364
chr16	4750000	5000000	0.992371
chr16	5000000	5250000	0.829383
chr16	5250000	5500000	-0.329323
chr16	5500000	5750000	-0.840387
chr16	5750000	6000000	-1.19871
chr16	6000000	6250000	-1.24466
chr16	6250000	6500000	-1.0613
chr16	6500000	6750000	-1.13285
chr16	6750000	7000000	-1.18203
chr16	7000000	7250000	-1.17989
chr16	7250000	7500000	-1.22952
chr16	7500000	7750000	-1.23361
chr16	7750000	8000000	-0.920504
chr16	8000000	8250000	-0.756349
chr16	8250000	8500000	0.036658
chr16	8500000	8750000	0.899989
chr16	8750000	9000000	0.526157
chr16	9000000	9250000	-0.201931
chr16	9250000	9500000	-0.364519
chr16	9500000	9750000	-0.525928
chr16	9750000	10000000	-0.515716
chr16	10000000	10250000	-0.456863
chr16	10250000	10500000	0.210623
chr16	10500000	10750000	0.846117
chr16	10750000	11000000	0.592991
chr16	11000000	11250000	0.776011
chr16	11250000	11500000	0.787442
chr16	11500000	11750000	0.019798
chr16	11750000	12000000	0.151456
chr16	12000000	12250000	-0.192148
chr16	12250000	12500000	-0.125592
chr16	12500000	12750000	-0.416033
chr16	12750000	13000000	-0.416876
chr16	13000000	13250000	0.127207
chr16	13250000	13500000	0.434777
chr16	13500000	13750000	0.717529
chr16	13750000	14000000	0.742605
chr16	14000000	14250000	0.415803
chr16	14250000	14500000	0.661276
chr16	14500000	14750000	-0.25368
chr16	14750000	15000000	-0.520643
chr16	15000000	15250000	-0.580888
chr16	15250000	15500000	-0.457037
chr16	15500000	15750000	0.603231
chr16	15750000	16000000	0.592172
chr16	16000000	16250000	0.559788
chr16	16250000	16500000	0.239385
chr16	16500000	16750000	-0.240502
chr16	16750000	17000000	0.493165
chr16	17000000	17250000	0.961097
chr16	17250000	17500000	0.910596
chr16	17500000	17750000	0.882334
chr16	17750000	18000000	0.780362
chr16	18000000	18250000	0.665835
chr16	18250000	18500000	0.990551
chr16	18500000	18750000	0.48985
chr16	18750000	19000000	0.726638
chr16	19000000	19250000	-0.359214
chr16	19250000	19500000	-0.588758
chr16	19500000	19750000	-0.43683
chr16	19750000	20000000	0.000519611
chr16	20000000	20250000	0.636636
chr16	20250000	20500000	0.785034
chr16	20500000	20750000	0.968642
chr16	20750000	21000000	0.343543
chr16	21000000	21250000	-0.0464835
chr16	21250000	21500000	0.250694
chr16	21500000	21750000	0.120856
chr16	21750000	22000000	0.223239
chr16	22000000	22250000	0.316803
chr16	22250000	22500000	0.317229
chr16	22500000	22750000	-0.193943
chr16	22750000	23000000	0.187924
chr16	23000000	23250000	0.645859
chr16	23250000	23500000	0.307582
chr16	23500000	23750000	-0.717516
chr16	23750000	24000000	-1.01452
chr16	24000000	24250000	-1.1757
chr16	24250000	24500000	-1.08986
chr16	24500000	24750000	-1.17609
chr16	24750000	25000000	-1.1621
chr16	25000000	25250000	-1.15363
chr16	25250000	25500000	-0.938413
chr16	25500000	25750000	-0.867316
chr16	25750000	26000000	-0.946798
chr16	26000000	26250000	-0.9069
chr16	26250000	26500000	-0.90244
chr16	26500000	26750000	-0.469969
chr16	26750000	27000000	-0.641524
chr16	27000000	27250000	-0.377422
chr16	27250000	27500000	0.0789294
chr16	27500000	27750000	0.300995
chr16	27750000	28000000	0.0145824
chr16	28000000	28250000	0.351515
chr16	28250000	28500000	0.343112
chr16	28500000	28750000	-0.337337
chr16	28750000	29000000	-0.483079
chr16	29000000	29250000	-0.615313
chr16	29250000	29500000	-0.218444
chr16	29500000	29750000	0.764294
chr16	29750000	30000000	1.05614
chr16	30000000	30250000	0.994002
chr16	30250000	30500000	0.95662
chr16	30500000	30750000	0.61253
chr16	30750000	31000000	0.608362
chr16	31000000	31250000	0.749548
chr16	31250000	31500000	0.600473
chr16	31500000	31750000	0.744659
chr16	31750000	32000000	0.754291
chr16	32000000	32250000	0.849513
chr16	32250000	32500000	0.784056
chr16	32500000	32750000	0.800201
chr16	32750000	33000000	0.77934
chr16	33000000	33250000	0.780521
chr16	33250000	33500000	0.824786
chr16	33500000	33750000	0.599373
chr16	33750000	34000000	0.989332
chr16	34000000	34250000	0.649508
chr16	34250000	34500000	-0.0227316
chr16	34500000	34750000	0.226023
chr16	34750000	35000000	0.143189
chr16	35000000	35250000	0.282947
chr16	35250000	35500000	0.121995
chr16	35500000	35750000	0.266816
chr16	35750000	36000000	0.917086
chr16	36000000	36250000	0.456134
chr16	36250000	36500000	-0.0770017
chr16	36500000	36750000	0.178304
chr16	36750000	37000000	0.652298
chr16	37000000	37250000	0.208106
chr16	37250000	37500000	-0.215719
chr16	37500000	37750000	0.481404
chr16	37750000	38000000	0.395628
chr16	38000000	38250000	0.62398
chr16	38250000	38500000	0.929585
chr16	38500000	38750000	0.437173
chr16	38750000	39000000	-0.512576
chr16	39000000	39250000	-1.00395
chr16	39250000	39500000	-1.06578
chr16	39500000	39750000	-1.11948
chr16	39750000	40000000	-1.00071
chr16	40000000	40250000	-1.01152
chr16	40250000	40500000	-0.923377
chr16	40500000	40750000	-0.937594
chr16	40750000	41000000	-0.977299
chr16	41000000	41250000	-0.953337
chr16	41250000	41500000	-0.971997
chr16	41500000	41750000	-1.01753
chr16	41750000	42000000	-1.06003
chr16	42000000	42250000	-0.884188
chr16	42250000	42500000	-0.992033
chr16	42500000	42750000	-0.973646
chr16	42750000	43000000	-0.249414
chr16	43000000	43250000	-0.761796
chr16	43250000	43500000	-0.748489
chr16	43500000	43750000	-0.434888
chr16	43750000	44000000	0.202799
chr16	44000000	44250000	0.80846
chr16	44250000	44500000	0.496212
chr16	44500000	44750000	0.307653
chr16	44750000	45000000	1.14657
chr16	45000000	45250000	0.677456
chr16	45250000	45500000	-0.403709
chr16	45500000	45750000	-0.185477
chr16	45750000	46000000	-0.492011
chr16	46000000	46250000	-0.993628
chr16	46250000	46500000	-1.02511
chr16	46500000	46750000	-0.942177
chr16	46750000	47000000	-0.817174
chr16	47000000	47250000	-0.772084
chr16	47250000	47500000	-0.717117
chr16	47500000	47750000	-0.514897
chr16	47750000	48000000	-0.0656122
chr16	48000000	48250000	-0.151738
chr16	48250000	48500000	0.00785983
chr16	48500000	48750000	-0.235486
chr16	48750000	49000000	0.595989
chr16	49000000	49250000	-0.225767
chr16	49250000	49500000	-0.133775
chr16	49500000	49750000	0.610925
chr16	49750000	50000000	1.05323
chr16	50000000	50250000	0.799466
chr16	50250000	50500000	0.666027
chr16	50500000	50750000	0.354208
chr16	50750000	51000000	-0.219625
chr16	51000000	51250000	-0.00210186
chr16	51250000	51500000	-0.4993
chr16	51500000	51750000	-0.724148
chr16	51750000	52000000	-0.498442
chr16	52000000	52250000	0.161347
chr16	52250000	52500000	-0.710251
chr16	52500000	52750000	-0.851909
chr16	52750000	53000000	-0.837636
chr16	53000000	53250000	-0.64869
chr16	53250000	53500000	-0.252044
chr16	53500000	53750000	0.197598
chr16	53750000	54000000	0.337866
chr16	54000000	54250000	0.106793
chr16	54250000	54500000	-0.223719
chr16	54500000	54750000	-0.477048
chr16	54750000	55000000	-0.513622
chr16	55000000	55250000	-0.882971
chr16	55250000	55500000	-0.672679
chr16	55500000	55750000	-0.439673
chr16	55750000	56000000	0.725985
chr16	56000000	56250000	0.801374
chr16	56250000	56500000	-0.431616
chr16	56500000	56750000	-0.067774
chr16	56750000	57000000	-0.232352
chr16	57000000	57250000	0.42175
chr16	57250000	57500000	0.0167198
chr16	57500000	57750000	0.105332
chr16	57750000	58000000	-0.26958
chr16	58000000	58250000	-0.167286
chr16	58250000	58500000	0.75471
chr16	58500000	58750000	1.13321
chr16	58750000	59000000	0.681329
chr16	59000000	59250000	0.548233
chr16	59250000	59500000	0.669339
chr16	59500000	59750000	0.529092
chr16	59750000	60000000	0.188433
chr16	60000000	60250000	0.0878321
chr16	60250000	60500000	0.267974
chr16	60500000	60750000	-0.369796
chr16	60750000	61000000	-0.617451
chr16	61000000	61250000	-0.76387
chr16	61250000	61500000	-0.777484
chr16	61500000	61750000	-0.774441
chr16	61750000	62000000	-0.756085
chr16	62000000	62250000	-0.809689
chr16	62250000	62500000	-0.775247
chr16	62500000	62750000	-0.558161
chr16	62750000	63000000	0.0255241
chr16	63000000	63250000	-0.768775
chr16	63250000	63500000	-0.842961
chr16	63500000	63750000	-0.847134
chr16	63750000	64000000	-0.772357
chr16	64000000	64250000	-0.897932
chr16	64250000	64500000	-0.864786
chr16	64500000	64750000	-0.35999
chr16	64750000	65000000	0.464124
chr16	65000000	65250000	-0.557145
chr16	65250000	65500000	-0.27871
chr16	65500000	65750000	-0.396112
chr16	65750000	66000000	-0.932715
chr16	66000000	66250000	-0.894316
chr16	66250000	66500000	-0.937908
chr16	66500000	66750000	-0.807641
chr16	66750000	67000000	-0.745011
chr16	67000000	67250000	-0.734673
chr16	67250000	67500000	-0.716806
chr16	67500000	67750000	-0.664661
chr16	67750000	68000000	-0.573235
chr16	68000000	68250000	-0.0710592
chr16	68250000	68500000	-0.3932
chr16	68500000	68750000	-0.54277
chr16	68750000	69000000	-0.596147
chr16	69000000	69250000	-0.528726
chr16	69250000	69500000	-0.556396
chr16	69500000	69750000	-0.613425
chr16	69750000	70000000	-0.623402
chr16	70000000	70250000	-0.591955
chr16	70250000	70500000	-0.140559
chr16	70500000	70750000	-0.625831
chr16	70750000	71000000	-0.86447
chr16	71000000	71250000	-0.708923
chr16	71250000	71500000	-0.866335
chr16	71500000	71750000	-0.700586
chr16	71750000	72000000	-0.869414
chr16	72000000	72250000	-0.885941
chr16	72250000	72500000	-0.93955
chr16	72500000	72750000	-1.02964
chr16	72750000	73000000	-0.982118
chr16	73000000	73250000	-0.908061
chr16	73250000	73500000	-0.716209
chr16	73500000	73750000	-0.243481
chr16	73750000	74000000	0.186552
chr16	74000000	74250000	-0.456512
chr16	74250000	74500000	-0.760721
chr16	74500000	74750000	-0.849393
chr16	74750000	75000000	-0.765825
chr16	75000000	75250000	-0.67883
chr16	75250000	75500000	-0.0831113
chr16	75500000	75750000	-0.137465
chr16	75750000	76000000	1.00295
chr16	76000000	76250000	0.674685
chr16	76250000	76500000	0.779455
chr16	76500000	76750000	0.235727
chr16	76750000	77000000	-0.00232951
chr16	77000000	77250000	-0.0663342
chr16	77250000	77500000	-0.934159
chr16	77500000	77750000	-1.04208
chr16	77750000	78000000	-1.0279
chr16	78000000	78250000	-0.961299
chr16	78250000	78500000	-0.544775
chr16	78500000	78750000	-0.909693
chr16	78750000	79000000	-0.83874
chr16	79000000	79250000	-0.635024
chr16	79250000	79500000	-0.458296
chr16	79500000	79750000	-0.252529
chr16	79750000	80000000	-0.155319
chr16	80000000	80250000	-0.353871
chr16	80250000	80500000	-0.38558
chr16	80500000	80750000	-0.434219
chr16	80750000	81000000	-0.489243
chr16	81000000	81250000	-0.30216
chr16	81250000	81500000	0.0739957
chr16	81500000	81750000	0.178028
chr16	81750000	82000000	0.547172
chr16	82000000	82250000	0.596927
chr16	82250000	82500000	0.26588
chr16	82500000	82750000	-0.229826
chr16	82750000	83000000	-0.424052
chr16	83000000	83250000	-0.62832
chr16	83250000	83500000	-0.628
chr16	83500000	83750000	-0.66413
chr16	83750000	84000000	-0.719596
chr16	84000000	84250000	-0.786808
chr16	84250000	84500000	-0.824634
chr16	84500000	84750000	-0.57046
chr16	84750000	85000000	-0.397452
chr16	85000000	85250000	-0.88027
chr16	85250000	85500000	-0.428604
chr16	85500000	85750000	-0.454597
chr16	85750000	86000000	0.374999
chr16	86000000	86250000	0.549968
chr16	86250000	86500000	0.165596
chr16	86500000	86750000	-0.321528
chr16	86750000	87000000	-0.406108
chr16	87000000	87250000	-0.41662
chr16	87250000	87500000	0.539975
chr16	87500000	87750000	-0.129774
chr16	87750000	88000000	-0.764449
chr16	88000000	88250000	-0.891701
chr16	88250000	88500000	-0.855583
chr16	88500000	88750000	-0.809035
chr16	88750000	89000000	-0.836397
chr16	89000000	89250000	-0.867457
chr16	89250000	89500000	-0.897827
chr16	89500000	89750000	-0.867762
chr16	89750000	90000000	-0.417512
chr16	90000000	90250000	0.0420545
chr16	90250000	90500000	-0.334416
chr16	90500000	90750000	-0.576182
chr16	90750000	91000000	0.43183
chr16	91000000	91250000	0.403968
chr16	91250000	91500000	0.712645
chr16	91500000	91750000	1.00208
chr16	91750000	92000000	0.933149
chr16	92000000	92250000	0.429463
chr16	92250000	92500000	0.769278
chr16	92500000	92750000	0.644927
chr16	92750000	93000000	0.837142
chr16	93000000	93250000	0.816838
chr16	93250000	93500000	0.351881
chr16	93500000	93750000	0.581184
chr16	93750000	94000000	0.996857
chr16	94000000	94250000	0.749082
chr16	94250000	94500000	1.02
chr16	94500000	94750000	0.85125
chr16	94750000	95000000	-0.0191374
chr16	95000000	95250000	0.183073
chr16	95250000	95500000	0.759582
chr16	95500000	95750000	0.920932
chr16	95750000	96000000	0.953152
chr16	96000000	96250000	0.780244
chr16	96250000	96500000	-0.377144
chr16	96500000	96750000	-0.652493
chr16	96750000	97000000	-0.673191
chr16	97000000	97250000	-0.790262
chr16	97250000	97500000	-0.399035
chr16	97500000	97750000	-0.408075
chr16	97750000	98000000	0.548137
chr16	98000000	98207768	nan
#bedGraph section chr17:0-94987271
chr17	0	250000	nan
chr17	250000	500000	nan
chr17	500000	750000	nan
chr17	750000	1000000	nan
chr17	1000000	1250000	nan
chr17	1250000	1500000	nan
chr17	1500000	1750000	nan
chr17	1750000	2000000	nan
chr17	2000000	2250000	nan
chr17	2250000	2500000	nan
chr17	2500000	2750000	nan
chr17	2750000	3000000	nan
chr17	3000000	3250000	0.466789
chr17	3250000	3500000	0.126379
chr17	3500000	3750000	-0.195772
chr17	3750000	4000000	-0.693066
chr17	4000000	4250000	-0.726101
chr17	4250000	4500000	-0.673671
chr17	4500000	4750000	-0.501185
chr17	4750000	5000000	0.143483
chr17	5000000	5250000	0.924483
chr17	5250000	5500000	0.552745
chr17	5500000	5750000	0.485828
chr17	5750000	6000000	0.991702
chr17	6000000	6250000	0.662999
chr17	6250000	6500000	0.180431
chr17	6500000	6750000	nan
chr17	6750000	7000000	1.08805
chr17	7000000	7250000	0.0827494
chr17	7250000	7500000	-0.33502
chr17	7500000	7750000	-0.499281
chr17	7750000	8000000	-0.0551827
chr17	8000000	8250000	nan
chr17	8250000	8500000	0.294988
chr17	8500000	8750000	-0.645377
chr17	8750000	9000000	-0.896039
chr17	9000000	9250000	-0.804638
chr17	9250000	9500000	-0.925382
chr17	9500000	9750000	-0.801981
chr17	9750000	10000000	-0.718442
chr17	10000000	10250000	-0.197117
chr17	10250000	10500000	-0.00845651
chr17	10500000	10750000	-0.402213
chr17	10750000	11000000	-0.124045
chr17	11000000	11250000	-0.459235
chr17	11250000	11500000	-0.418769
chr17	11500000	11750000	-0.269481
chr17	11750000	12000000	0.114004
chr17	12000000	12250000	0.754823
chr17	12250000	12500000	0.656231
chr17	12500000	12750000	0.597777
chr17	12750000	13000000	0.922832
chr17	13000000	13250000	-0.239004
chr17	13250000	13500000	nan
chr17	13500000	13750000	-1.4605
chr17	13750000	14000000	-0.756831
chr17	14000000	14250000	0.0426129
chr17	14250000	14500000	-0.557433
chr17	14500000	14750000	-0.446261
chr17	14750000	15000000	0.112385
chr17	15000000	15250000	0.466712
chr17	15250000	15500000	0.425229
chr17	15500000	15750000	0.85394
chr17	15750000	16000000	-0.235788
chr17	16000000	16250000	-0.636118
chr17	16250000	16500000	-0.685347
chr17	16500000	16750000	-0.413466
chr17	16750000	17000000	0.120468
chr17	17000000	17250000	0.0157384
chr17	17250000	17500000	0.410631
chr17	17500000	17750000	0.32444
chr17	17750000	18000000	0.154241
chr17	18000000	18250000	0.0696923
chr17	18250000	18500000	0.386655
chr17	18500000	18750000	0.400157
chr17	18750000	19000000	0.291335
chr17	19000000	19250000	0.284813
chr17	19250000	19500000	0.414843
chr17	19500000	19750000	0.367724
chr17	19750000	20000000	0.187733
chr17	20000000	20250000	-0.0837648
chr17	20250000	20500000	-0.461491
chr17	20500000	20750000	-0.526057
chr17	20750000	21000000	-0.179651
chr17	21000000	21250000	-0.100941
chr17	21250000	21500000	0.0374419
chr17	21500000	21750000	0.661682
chr17	21750000	22000000	-0.272241
chr17	22000000	22250000	-0.572384
chr17	22250000	22500000	-0.0801222
chr17	22500000	22750000	-0.737359
chr17	22750000	23000000	-0.359403
chr17	23000000	23250000	nan
chr17	23250000	23500000	-0.39684
chr17	23500000	23750000	0.790167
chr17	23750000	24000000	0.723555
chr17	24000000	24250000	0.971943
chr17	24250000	24500000	0.878186
chr17	24500000	24750000	0.850534
chr17	24750000	25000000	0.730032
chr17	25000000	25250000	0.696993
chr17	25250000	25500000	0.552641
chr17	25500000	25750000	0.47733
chr17	25750000	26000000	0.780332
chr17	26000000	26250000	0.78819
chr17	26250000	26500000	0.630005
chr17	26500000	26750000	0.807845
chr17	26750000	27000000	0.752006
chr17	27000000	27250000	0.636185
chr17	27250000	27500000	-0.608648
chr17	27500000	27750000	0.673705
chr17	27750000	28000000	0.77818
chr17	28000000	28250000	0.692364
chr17	28250000	28500000	0.81591
chr17	28500000	28750000	0.748795
chr17	28750000	29000000	0.746768
chr17	29000000	29250000	0.757646
chr17	29250000	29500000	0.846074
chr17	29500000	29750000	0.852333
chr17	29750000	30000000	0.69454
chr17	30000000	30250000	0.753899
chr17	30250000	30500000	0.401274
chr17	30500000	30750000	0.251389
chr17	30750000	31000000	-0.717898
chr17	31000000	31250000	-1.42059
chr17	31250000	31500000	-0.550109
chr17	31500000	31750000	0.59878
chr17	31750000	32000000	0.491493
chr17	32000000	32250000	1.03802
chr17	32250000	32500000	0.834285
chr17	32500000	32750000	0.0597166
chr17	32750000	33000000	0.437531
chr17	33000000	33250000	0.261503
chr17	33250000	33500000	0.48823
chr17	33500000	33750000	0.629997
chr17	33750000	34000000	0.923001
chr17	34000000	34250000	0.821414
chr17	34250000	34500000	0.373007
chr17	34500000	34750000	0.60296
chr17	34750000	35000000	0.803957
chr17	35000000	35250000	0.962356
chr17	35250000	35500000	0.44392
chr17	35500000	35750000	0.676941
chr17	35750000	36000000	1.19884
chr17	36000000	36250000	0.405342
chr17	36250000	36500000	-0.128668
chr17	36500000	36750000	-0.601376
chr17	36750000	37000000	0.553556
chr17	37000000	37250000	-0.0737795
chr17	37250000	37500000	-0.952768
chr17	37500000	37750000	-0.954277
chr17	37750000	38000000	-0.823403
chr17	38000000	38250000	-0.751229
chr17	38250000	38500000	-0.935801
chr17	38500000	38750000	-0.960757
chr17	38750000	39000000	-0.997128
chr17	39000000	39250000	-0.977032
chr17	39250000	39500000	-0.829323
chr17	39500000	39750000	-0.836972
chr17	39750000	40000000	0.104385
chr17	40000000	40250000	nan
chr17	40250000	40500000	-0.491109
chr17	40500000	40750000	-0.147197
chr17	40750000	41000000	0.235402
chr17	41000000	41250000	-0.796686
chr17	41250000	41500000	-0.911713
chr17	41500000	41750000	-0.879401
chr17	41750000	42000000	-0.760142
chr17	42000000	42250000	-0.800511
chr17	42250000	42500000	-0.898498
chr17	42500000	42750000	-0.935208
chr17	42750000	43000000	-0.660556
chr17	43000000	43250000	-1.03954
chr17	43250000	43500000	-1.04259
chr17	43500000	43750000	-0.940072
chr17	43750000	44000000	-1.01174
chr17	44000000	44250000	-0.942192
chr17	44250000	44500000	-1.03431
chr17	44500000	44750000	-0.78982
chr17	44750000	45000000	0.260605
chr17	45000000	45250000	-0.48779
chr17	45250000	45500000	0.209701
chr17	45500000	45750000	1.23607
chr17	45750000	46000000	0.894132
chr17	46000000	46250000	1.03004
chr17	46250000	46500000	0.868444
chr17	46500000	46750000	0.971145
chr17	46750000	47000000	1.04624
chr17	47000000	47250000	0.756194
chr17	47250000	47500000	0.8354
chr17	47500000	47750000	1.20815
chr17	47750000	48000000	0.377984
chr17	48000000	48250000	-0.0252174
chr17	48250000	48500000	0.739006
chr17	48500000	48750000	-0.693554
chr17	48750000	49000000	-1.03183
chr17	49000000	49250000	-0.899859
chr17	49250000	49500000	-0.425112
chr17	49500000	49750000	-0.892702
chr17	49750000	50000000	-0.923852
chr17	50000000	50250000	-1.0081
chr17	50250000	50500000	-0.982672
chr17	50500000	50750000	-0.846166
chr17	50750000	51000000	-0.0528862
chr17	51000000	51250000	0.324619
chr17	51250000	51500000	-0.351613
chr17	51500000	51750000	-0.642124
chr17	51750000	52000000	-0.86643
chr17	52000000	52250000	-0.476142
chr17	52250000	52500000	-0.878515
chr17	52500000	52750000	-0.968035
chr17	52750000	53000000	-0.97551
chr17	53000000	53250000	-0.959866
chr17	53250000	53500000	-0.476618
chr17	53500000	53750000	0.496191
chr17	53750000	54000000	-0.684303
chr17	54000000	54250000	-0.890558
chr17	54250000	54500000	-0.917919
chr17	54500000	54750000	-0.85125
chr17	54750000	55000000	-0.927237
chr17	55000000	55250000	-0.947363
chr17	55250000	55500000	-0.747212
chr17	55500000	55750000	-0.349523
chr17	55750000	56000000	0.413187
chr17	56000000	56250000	1.13555
chr17	56250000	56500000	1.13358
chr17	56500000	56750000	1.12353
chr17	56750000	57000000	0.958898
chr17	57000000	57250000	1.15372
chr17	57250000	57500000	0.385547
chr17	57500000	57750000	-0.471161
chr17	57750000	58000000	-0.661308
chr17	58000000	58250000	-0.790871
chr17	58250000	58500000	-0.881315
chr17	58500000	58750000	-0.845959
chr17	58750000	59000000	-0.227688
chr17	59000000	59250000	-0.224387
chr17	59250000	59500000	-0.290595
chr17	59500000	59750000	-0.250461
chr17	59750000	60000000	-0.283737
chr17	60000000	60250000	-0.239902
chr17	60250000	60500000	-0.336013
chr17	60500000	60750000	-0.22593
chr17	60750000	61000000	-0.182856
chr17	61000000	61250000	-0.156811
chr17	61250000	61500000	-0.0879481
chr17	61500000	61750000	-0.054599
chr17	61750000	62000000	-0.0185976
chr17	62000000	62250000	-0.0663055
chr17	62250000	62500000	-0.117944
chr17	62500000	62750000	-0.376991
chr17	62750000	63000000	-0.328597
chr17	63000000	63250000	0.296156
chr17	63250000	63500000	0.518093
chr17	63500000	63750000	-0.255389
chr17	63750000	64000000	0.531959
chr17	64000000	64250000	-0.0461044
chr17	64250000	64500000	-0.0138825
chr17	64500000	64750000	-0.716865
chr17	64750000	65000000	-0.702157
chr17	65000000	65250000	-0.885124
chr17	65250000	65500000	-0.548193
chr17	65500000	65750000	0.20729
chr17	65750000	66000000	1.1208
chr17	66000000	66250000	0.507495
chr17	66250000	66500000	-0.839833
chr17	66500000	66750000	-0.85011
chr17	66750000	67000000	-0.880701
chr17	67000000	67250000	-0.980281
chr17	67250000	67500000	-0.982193
chr17	67500000	67750000	-0.845994
chr17	67750000	68000000	-0.930233
chr17	68000000	68250000	-0.922773
chr17	68250000	68500000	-0.939992
chr17	68500000	68750000	-0.909375
chr17	68750000	69000000	-0.952465
chr17	69000000	69250000	-0.783669
chr17	69250000	69500000	-0.164449
chr17	69500000	69750000	-0.727489
chr17	69750000	70000000	-0.801506
chr17	70000000	70250000	-0.917138
chr17	70250000	70500000	-0.826678
chr17	70500000	70750000	-0.530053
chr17	70750000	71000000	0.131073
chr17	71000000	71250000	1.04155
chr17	71250000	71500000	1.23122
chr17	71500000	71750000	0.552135
chr17	71750000	72000000	-0.714712
chr17	72000000	72250000	-0.985377
chr17	72250000	72500000	-0.953812
chr17	72500000	72750000	-0.81261
chr17	72750000	73000000	-0.184602
chr17	73000000	73250000	0.467521
chr17	73250000	73500000	-0.417428
chr17	73500000	73750000	-0.841241
chr17	73750000	74000000	-0.613653
chr17	74000000	74250000	0.0264878
chr17	74250000	74500000	1.04328
chr17	74500000	74750000	1.0809
chr17	74750000	75000000	0.656649
chr17	75000000	75250000	-0.118539
chr17	75250000	75500000	-0.532708
chr17	75500000	75750000	-0.325231
chr17	75750000	76000000	-0.863321
chr17	76000000	76250000	-0.813457
chr17	76250000	76500000	-0.681128
chr17	76500000	76750000	-0.818908
chr17	76750000	77000000	-0.774855
chr17	77000000	77250000	-0.798876
chr17	77250000	77500000	-0.810768
chr17	77500000	77750000	-0.808445
chr17	77750000	78000000	-0.761669
chr17	78000000	78250000	-0.16083
chr17	78250000	78500000	0.375185
chr17	78500000	78750000	0.153824
chr17	78750000	79000000	0.726646
chr17	79000000	79250000	-0.264632
chr17	79250000	79500000	-0.620905
chr17	79500000	79750000	-0.082197
chr17	79750000	80000000	0.774465
chr17	80000000	80250000	0.901341
chr17	80250000	80500000	0.768683
chr17	80500000	80750000	0.234017
chr17	80750000	81000000	-0.305978
chr17	81000000	81250000	-0.175516
chr17	81250000	81500000	-0.629532
chr17	81500000	81750000	-0.740724
chr17	81750000	82000000	-0.75107
chr17	82000000	82250000	-0.636012
chr17	82250000	82500000	-0.19927
chr17	82500000	82750000	-0.63236
chr17	82750000	83000000	-0.749061
chr17	83000000	83250000	-0.674078
chr17	83250000	83500000	0.347272
chr17	83500000	83750000	0.711977
chr17	83750000	84000000	0.951589
chr17	84000000	84250000	1.04119
chr17	84250000	84500000	0.757069
chr17	84500000	84750000	0.186032
chr17	84750000	85000000	0.847688
chr17	85000000	85250000	0.351864
chr17	85250000	85500000	-0.619066
chr17	85500000	85750000	-0.712951
chr17	85750000	86000000	-0.382296
chr17	86000000	86250000	0.432457
chr17	86250000	86500000	0.100921
chr17	86500000	86750000	-0.453647
chr17	86750000	87000000	-0.147244
chr17	87000000	87250000	0.91417
chr17	87250000	87500000	0.812566
chr17	87500000	87750000	0.510207
chr17	87750000	88000000	0.177691
chr17	88000000	88250000	0.695489
chr17	88250000	88500000	0.400297
chr17	88500000	88750000	0.175393
chr17	88750000	89000000	-0.916413
chr17	89000000	89250000	nan
chr17	89250000	89500000	nan
chr17	89500000	89750000	nan
chr17	89750000	90000000	nan
chr17	90000000	90250000	nan
chr17	90250000	90500000	nan
chr17	90500000	90750000	nan
chr17	90750000	91000000	nan
chr17	91000000	91250000	nan
chr17	91250000	91500000	nan
chr17	91500000	91750000	nan
chr17	91750000	92000000	nan
chr17	92000000	92250000	nan
chr17	92250000	92500000	nan
chr17	92500000	92750000	nan
chr17	92750000	93000000	nan
chr17	93000000	93250000	nan
chr17	93250000	93500000	nan
chr17	93500000	93750000	nan
chr17	93750000	94000000	nan
chr17	94000000	94250000	nan
chr17	94250000	94500000	nan
chr17	94500000	94750000	nan
chr17	94750000	94987271	nan
#bedGraph section chr18:0-90702639
chr18	0	250000	nan
chr18	250000	500000	nan
chr18	500000	750000	nan
chr18	750000	1000000	nan
chr18	1000000	1250000	nan
chr18	1250000	1500000	nan
chr18	1500000	1750000	nan
chr18	1750000	2000000	nan
chr18	2000000	2250000	nan
chr18	2250000	2500000	nan
chr18	2500000	2750000	nan
chr18	2750000	3000000	nan
chr18	3000000	3250000	0.257426
chr18	3250000	3500000	0.873632
chr18	3500000	3750000	0.11542
chr18	3750000	4000000	-0.387803
chr18	4000000	4250000	-0.180534
chr18	4250000	4500000	0.288093
chr18	4500000	4750000	-0.10747
chr18	4750000	5000000	0.288521
chr18	5000000	5250000	-0.00437731
chr18	5250000	5500000	0.220268
chr18	5500000	5750000	0.52462
chr18	5750000	6000000	0.269209
chr18	6000000	6250000	0.651574
chr18	6250000	6500000	0.428624
chr18	6500000	6750000	0.0112812
chr18	6750000	7000000	0.165135
chr18	7000000	7250000	-0.502744
chr18	7250000	7500000	-0.617121
chr18	7500000	7750000	-0.358334
chr18	7750000	8000000	0.200887
chr18	8000000	8250000	-0.284357
chr18	8250000	8500000	-0.657786
chr18	8500000	8750000	-0.774694
chr18	8750000	9000000	-0.687728
chr18	9000000	9250000	-0.568316
chr18	9250000	9500000	0.404978
chr18	9500000	9750000	-0.483231
chr18	9750000	10000000	0.0590935
chr18	10000000	10250000	0.902724
chr18	10250000	10500000	0.090279
chr18	10500000	10750000	0.760273
chr18	10750000	11000000	0.32946
chr18	11000000	11250000	-0.237687
chr18	11250000	11500000	-0.23553
chr18	11500000	11750000	0.505679
chr18	11750000	12000000	0.462291
chr18	12000000	12250000	0.759036
chr18	12250000	12500000	0.166021
chr18	12500000	12750000	0.0839122
chr18	12750000	13000000	1.04563
chr18	13000000	13250000	0.186792
chr18	13250000	13500000	-0.180285
chr18	13500000	13750000	-0.144233
chr18	13750000	14000000	0.49009
chr18	14000000	14250000	-0.166174
chr18	14250000	14500000	-0.295709
chr18	14500000	14750000	0.237019
chr18	14750000	15000000	0.101991
chr18	15000000	15250000	-0.349296
chr18	15250000	15500000	-0.721385
chr18	15500000	15750000	-0.866851
chr18	15750000	16000000	-0.933817
chr18	16000000	16250000	-0.774647
chr18	16250000	16500000	-0.479444
chr18	16500000	16750000	-0.21662
chr18	16750000	17000000	0.376907
chr18	17000000	17250000	0.310469
chr18	17250000	17500000	-0.176897
chr18	17500000	17750000	-0.47304
chr18	17750000	18000000	-0.585985
chr18	18000000	18250000	-0.702002
chr18	18250000	18500000	-0.7314
chr18	18500000	18750000	-0.358539
chr18	18750000	19000000	0.127972
chr18	19000000	19250000	-0.344947
chr18	19250000	19500000	-0.687417
chr18	19500000	19750000	-0.499017
chr18	19750000	20000000	-0.222203
chr18	20000000	20250000	-0.264953
chr18	20250000	20500000	-0.451453
chr18	20500000	20750000	-0.0426892
chr18	20750000	21000000	0.743696
chr18	21000000	21250000	0.716481
chr18	21250000	21500000	0.813486
chr18	21500000	21750000	-0.14725
chr18	21750000	22000000	-0.40661
chr18	22000000	22250000	-0.454193
chr18	22250000	22500000	-0.57212
chr18	22500000	22750000	-0.638322
chr18	22750000	23000000	-0.660634
chr18	23000000	23250000	-0.605003
chr18	23250000	23500000	-0.383377
chr18	23500000	23750000	0.26118
chr18	23750000	24000000	0.805299
chr18	24000000	24250000	1.15468
chr18	24250000	24500000	0.451373
chr18	24500000	24750000	0.437809
chr18	24750000	25000000	-0.299712
chr18	25000000	25250000	0.148439
chr18	25250000	25500000	-0.0117785
chr18	25500000	25750000	-0.644836
chr18	25750000	26000000	-0.83838
chr18	26000000	26250000	-0.918417
chr18	26250000	26500000	-0.982734
chr18	26500000	26750000	-0.902113
chr18	26750000	27000000	-0.897761
chr18	27000000	27250000	-0.907689
chr18	27250000	27500000	-0.912741
chr18	27500000	27750000	-0.881384
chr18	27750000	28000000	-0.799661
chr18	28000000	28250000	-0.830702
chr18	28250000	28500000	-0.802832
chr18	28500000	28750000	-0.732921
chr18	28750000	29000000	-0.68003
chr18	29000000	29250000	-0.572552
chr18	29250000	29500000	-0.382178
chr18	29500000	29750000	0.240916
chr18	29750000	30000000	-0.232302
chr18	30000000	30250000	-0.523775
chr18	30250000	30500000	0.0418522
chr18	30500000	30750000	-0.455395
chr18	30750000	31000000	-0.590925
chr18	31000000	31250000	-0.475466
chr18	31250000	31500000	-0.387163
chr18	31500000	31750000	0.614339
chr18	31750000	32000000	0.881394
chr18	32000000	32250000	0.676763
chr18	32250000	32500000	0.165001
chr18	32500000	32750000	0.365462
chr18	32750000	33000000	0.205042
chr18	33000000	33250000	0.132973
chr18	33250000	33500000	-0.239737
chr18	33500000	33750000	-0.333598
chr18	33750000	34000000	0.10737
chr18	34000000	34250000	0.476409
chr18	34250000	34500000	0.992266
chr18	34500000	34750000	0.826061
chr18	34750000	35000000	0.861702
chr18	35000000	35250000	0.69919
chr18	35250000	35500000	0.478394
chr18	35500000	35750000	0.841439
chr18	35750000	36000000	0.792479
chr18	36000000	36250000	0.509591
chr18	36250000	36500000	0.837088
chr18	36500000	36750000	0.886247
chr18	36750000	37000000	-0.200014
chr18	37000000	37250000	-1.13645
chr18	37250000	37500000	-0.740269
chr18	37500000	37750000	-0.233962
chr18	37750000	38000000	0.604375
chr18	38000000	38250000	0.691652
chr18	38250000	38500000	0.872044
chr18	38500000	38750000	0.872744
chr18	38750000	39000000	0.628306
chr18	39000000	39250000	0.356139
chr18	39250000	39500000	0.735297
chr18	39500000	39750000	0.738382
chr18	39750000	40000000	0.751877
chr18	40000000	40250000	0.464242
chr18	40250000	40500000	-0.0204905
chr18	40500000	40750000	-0.465342
chr18	40750000	41000000	-0.463636
chr18	41000000	41250000	-0.387959
chr18	41250000	41500000	-0.306032
chr18	41500000	41750000	-0.204226
chr18	41750000	42000000	0.557821
chr18	42000000	42250000	0.26304
chr18	42250000	42500000	0.569157
chr18	42500000	42750000	0.238446
chr18	42750000	43000000	-0.574059
chr18	43000000	43250000	-0.840388
chr18	43250000	43500000	-1.03145
chr18	43500000	43750000	-0.99433
chr18	43750000	44000000	-0.584391
chr18	44000000	44250000	-0.384994
chr18	44250000	44500000	0.134502
chr18	44500000	44750000	0.369374
chr18	44750000	45000000	0.0537625
chr18	45000000	45250000	-0.464718
chr18	45250000	45500000	-0.211675
chr18	45500000	45750000	0.237694
chr18	45750000	46000000	-0.00568428
chr18	46000000	46250000	-0.0559595
chr18	46250000	46500000	0.580832
chr18	46500000	46750000	0.627221
chr18	46750000	47000000	0.140648
chr18	47000000	47250000	-0.561629
chr18	47250000	47500000	-1.13168
chr18	47500000	47750000	-1.06403
chr18	47750000	48000000	-1.01958
chr18	48000000	48250000	-0.953716
chr18	48250000	48500000	-0.965063
chr18	48500000	48750000	-0.970276
chr18	48750000	49000000	-0.896155
chr18	49000000	49250000	-0.918178
chr18	49250000	49500000	-0.65638
chr18	49500000	49750000	-0.215962
chr18	49750000	50000000	1.0023
chr18	50000000	50250000	0.551326
chr18	50250000	50500000	-0.276006
chr18	50500000	50750000	-0.485249
chr18	50750000	51000000	-0.805663
chr18	51000000	51250000	-0.794196
chr18	51250000	51500000	-0.87531
chr18	51500000	51750000	-0.877237
chr18	51750000	52000000	-0.872723
chr18	52000000	52250000	-0.802938
chr18	52250000	52500000	-0.427955
chr18	52500000	52750000	-0.533461
chr18	52750000	53000000	-0.456963
chr18	53000000	53250000	0.108788
chr18	53250000	53500000	-0.407439
chr18	53500000	53750000	-0.0842402
chr18	53750000	54000000	0.458671
chr18	54000000	54250000	-0.14801
chr18	54250000	54500000	0.370732
chr18	54500000	54750000	0.611853
chr18	54750000	55000000	0.851551
chr18	55000000	55250000	0.61529
chr18	55250000	55500000	0.172269
chr18	55500000	55750000	0.0277248
chr18	55750000	56000000	-0.300227
chr18	56000000	56250000	-0.564789
chr18	56250000	56500000	-0.145015
chr18	56500000	56750000	0.619121
chr18	56750000	57000000	0.921867
chr18	57000000	57250000	0.199389
chr18	57250000	57500000	-0.0816662
chr18	57500000	57750000	-0.930172
chr18	57750000	58000000	-1.01635
chr18	58000000	58250000	-1.11907
chr18	58250000	58500000	-1.01381
chr18	58500000	58750000	-0.424402
chr18	58750000	59000000	-0.967071
chr18	59000000	59250000	-0.928652
chr18	59250000	59500000	-1.03894
chr18	59500000	59750000	-1.02911
chr18	59750000	60000000	-1.00169
chr18	60000000	60250000	-0.726323
chr18	60250000	60500000	-0.0886402
chr18	60500000	60750000	0.495196
chr18	60750000	61000000	0.774692
chr18	61000000	61250000	0.896613
chr18	61250000	61500000	0.9307
chr18	61500000	61750000	0.917584
chr18	61750000	62000000	0.325932
chr18	62000000	62250000	0.817776
chr18	62250000	62500000	0.145912
chr18	62500000	62750000	0.172988
chr18	62750000	63000000	-0.0647057
chr18	63000000	63250000	0.30803
chr18	63250000	63500000	0.0189867
chr18	63500000	63750000	0.494311
chr18	63750000	64000000	0.519998
chr18	64000000	64250000	0.0535082
chr18	64250000	64500000	0.310432
chr18	64500000	64750000	0.829188
chr18	64750000	65000000	0.452164
chr18	65000000	65250000	0.331848
chr18	65250000	65500000	0.372167
chr18	65500000	65750000	-0.0629568
chr18	65750000	66000000	0.289672
chr18	66000000	66250000	-0.261825
chr18	66250000	66500000	-0.452106
chr18	66500000	66750000	-0.326163
chr18	66750000	67000000	0.267048
chr18	67000000	67250000	0.61674
chr18	67250000	67500000	0.917696
chr18	67500000	67750000	1.01917
chr18	67750000	68000000	0.777429
chr18	68000000	68250000	0.43878
chr18	68250000	68500000	0.925116
chr18	68500000	68750000	-0.0175131
chr18	68750000	69000000	-0.262719
chr18	69000000	69250000	0.0258465
chr18	69250000	69500000	0.115981
chr18	69500000	69750000	0.410269
chr18	69750000	70000000	0.46871
chr18	70000000	70250000	0.795773
chr18	70250000	70500000	0.160461
chr18	70500000	70750000	0.767667
chr18	70750000	71000000	-0.287763
chr18	71000000	71250000	-0.551216
chr18	71250000	71500000	-0.743702
chr18	71500000	71750000	-0.936326
chr18	71750000	72000000	-0.936318
chr18	72000000	72250000	-0.880541
chr18	72250000	72500000	-0.965407
chr18	72500000	72750000	-0.948093
chr18	72750000	73000000	-1.0047
chr18	73000000	73250000	-1.0054
chr18	73250000	73500000	-0.814071
chr18	73500000	73750000	0.26577
chr18	73750000	74000000	0.25551
chr18	74000000	74250000	-0.0431718
chr18	74250000	74500000	-0.101338
chr18	74500000	74750000	-0.300534
chr18	74750000	75000000	0.126286
chr18	75000000	75250000	0.859569
chr18	75250000	75500000	1.0785
chr18	75500000	75750000	0.137782
chr18	75750000	76000000	-0.79773
chr18	76000000	76250000	-0.633666
chr18	76250000	76500000	-0.420318
chr18	76500000	76750000	-0.931212
chr18	76750000	77000000	-0.315802
chr18	77000000	77250000	0.194368
chr18	77250000	77500000	-0.640265
chr18	77500000	77750000	0.321892
chr18	77750000	78000000	1.01472
chr18	78000000	78250000	0.0953222
chr18	78250000	78500000	-0.913438
chr18	78500000	78750000	-1.12348
chr18	78750000	79000000	-1.08683
chr18	79000000	79250000	-1.01647
chr18	79250000	79500000	-0.990295
chr18	79500000	79750000	-0.948208
chr18	79750000	80000000	-0.708646
chr18	80000000	80250000	0.493343
chr18	80250000	80500000	0.855011
chr18	80500000	80750000	0.549496
chr18	80750000	81000000	0.615
chr18	81000000	81250000	-0.249132
chr18	81250000	81500000	-0.471267
chr18	81500000	81750000	-0.838311
chr18	81750000	82000000	-0.85758
chr18	82000000	82250000	-0.708832
chr18	82250000	82500000	-0.18681
chr18	82500000	82750000	0.780469
chr18	82750000	83000000	-0.694107
chr18	83000000	83250000	-0.89989
chr18	83250000	83500000	-0.895809
chr18	83500000	83750000	-0.834291
chr18	83750000	84000000	-0.443971
chr18	84000000	84250000	0.305307
chr18	84250000	84500000	0.554916
chr18	84500000	84750000	0.27687
chr18	84750000	85000000	0.28855
chr18	85000000	85250000	-0.573115
chr18	85250000	85500000	-0.6542
chr18	85500000	85750000	-0.595193
chr18	85750000	86000000	-0.732522
chr18	86000000	86250000	-0.66409
chr18	86250000	86500000	-0.473674
chr18	86500000	86750000	-0.733454
chr18	86750000	87000000	-0.808303
chr18	87000000	87250000	-0.550054
chr18	87250000	87500000	-0.744111
chr18	87500000	87750000	-0.790093
chr18	87750000	88000000	-0.828619
chr18	88000000	88250000	-0.820653
chr18	88250000	88500000	-0.909023
chr18	88500000	88750000	-0.734085
chr18	88750000	89000000	0.152636
chr18	89000000	89250000	0.00927383
chr18	89250000	89500000	-0.360405
chr18	89500000	89750000	-0.0487025
chr18	89750000	90000000	-0.517675
chr18	90000000	90250000	-0.783576
chr18	90250000	90500000	-0.571137
chr18	90500000	90702639	nan
#bedGraph section chr19:0-61431566
chr19	0	250000	nan
chr19	250000	500000	nan
chr19	500000	750000	nan
chr19	750000	1000000	nan
chr19	1000000	1250000	nan
chr19	1250000	1500000	nan
chr19	1500000	1750000	nan
chr19	1750000	2000000	nan
chr19	2000000	2250000	nan
chr19	2250000	2500000	nan
chr19	2500000	2750000	nan
chr19	2750000	3000000	nan
chr19	3000000	3250000	nan
chr19	3250000	3500000	0.0423038
chr19	3500000	3750000	0.45301
chr19	3750000	4000000	0.823278
chr19	4000000	4250000	0.906393
chr19	4250000	4500000	0.746203
chr19	4500000	4750000	0.357251
chr19	4750000	5000000	0.679278
chr19	5000000	5250000	0.715087
chr19	5250000	5500000	0.757048
chr19	5500000	5750000	0.701268
chr19	5750000	6000000	0.710975
chr19	6000000	6250000	0.665042
chr19	6250000	6500000	0.698701
chr19	6500000	6750000	0.339311
chr19	6750000	7000000	0.873491
chr19	7000000	7250000	0.612996
chr19	7250000	7500000	0.802067
chr19	7500000	7750000	-0.436232
chr19	7750000	8000000	-0.984781
chr19	8000000	8250000	-0.977307
chr19	8250000	8500000	-0.813312
chr19	8500000	8750000	0.457355
chr19	8750000	9000000	0.94705
chr19	9000000	9250000	0.224428
chr19	9250000	9500000	-0.684908
chr19	9500000	9750000	-0.766409
chr19	9750000	10000000	0.379425
chr19	10000000	10250000	0.703321
chr19	10250000	10500000	-0.206213
chr19	10500000	10750000	0.742122
chr19	10750000	11000000	0.00435922
chr19	11000000	11250000	-0.758113
chr19	11250000	11500000	-0.497812
chr19	11500000	11750000	0.300418
chr19	11750000	12000000	0.439446
chr19	12000000	12250000	-0.676919
chr19	12250000	12500000	-0.620864
chr19	12500000	12750000	0.0511417
chr19	12750000	13000000	0.0894642
chr19	13000000	13250000	-0.215197
chr19	13250000	13500000	-0.468314
chr19	13500000	13750000	-0.719179
chr19	13750000	14000000	-0.760654
chr19	14000000	14250000	-0.821482
chr19	14250000	14500000	-0.55694
chr19	14500000	14750000	-0.13503
chr19	14750000	15000000	-0.788511
chr19	15000000	15250000	-0.926115
chr19	15250000	15500000	-0.944921
chr19	15500000	15750000	-0.722417
chr19	15750000	16000000	0.157921
chr19	16000000	16250000	-0.392564
chr19	16250000	16500000	0.398007
chr19	16500000	16750000	0.60343
chr19	16750000	17000000	0.406653
chr19	17000000	17250000	-0.0413054
chr19	17250000	17500000	0.180901
chr19	17500000	17750000	-0.637863
chr19	17750000	18000000	-0.571094
chr19	18000000	18250000	-0.812134
chr19	18250000	18500000	-0.737354
chr19	18500000	18750000	0.312294
chr19	18750000	19000000	-0.690357
chr19	19000000	19250000	-0.89549
chr19	19250000	19500000	-0.966247
chr19	19500000	19750000	-0.948819
chr19	19750000	20000000	-0.955843
chr19	20000000	20250000	-0.921965
chr19	20250000	20500000	-0.590545
chr19	20500000	20750000	-0.433443
chr19	20750000	21000000	-0.566636
chr19	21000000	21250000	-0.334687
chr19	21250000	21500000	0.37444
chr19	21500000	21750000	0.463826
chr19	21750000	22000000	0.117046
chr19	22000000	22250000	-0.684013
chr19	22250000	22500000	-0.759515
chr19	22500000	22750000	-0.834358
chr19	22750000	23000000	-0.587654
chr19	23000000	23250000	0.264509
chr19	23250000	23500000	-0.0309038
chr19	23500000	23750000	-0.504157
chr19	23750000	24000000	-0.773708
chr19	24000000	24250000	-0.719271
chr19	24250000	24500000	0.408836
chr19	24500000	24750000	0.00859114
chr19	24750000	25000000	-0.616606
chr19	25000000	25250000	-1.02956
chr19	25250000	25500000	-0.983929
chr19	25500000	25750000	-0.926999
chr19	25750000	26000000	-0.932746
chr19	26000000	26250000	-0.86252
chr19	26250000	26500000	-0.943399
chr19	26500000	26750000	-0.438206
chr19	26750000	27000000	-0.63523
chr19	27000000	27250000	-0.96658
chr19	27250000	27500000	-0.529585
chr19	27500000	27750000	-0.564248
chr19	27750000	28000000	0.162987
chr19	28000000	28250000	-0.439628
chr19	28250000	28500000	-0.89995
chr19	28500000	28750000	-0.783346
chr19	28750000	29000000	-0.182657
chr19	29000000	29250000	0.901
chr19	29250000	29500000	0.987279
chr19	29500000	29750000	0.720399
chr19	29750000	30000000	-0.0748754
chr19	30000000	30250000	-0.296831
chr19	30250000	30500000	-0.807855
chr19	30500000	30750000	-0.719315
chr19	30750000	31000000	-0.154856
chr19	31000000	31250000	-0.380577
chr19	31250000	31500000	-0.476706
chr19	31500000	31750000	-0.491774
chr19	31750000	32000000	-0.0644791
chr19	32000000	32250000	0.451966
chr19	32250000	32500000	0.816188
chr19	32500000	32750000	0.712849
chr19	32750000	33000000	0.808191
chr19	33000000	33250000	0.649959
chr19	33250000	33500000	-0.362299
chr19	33500000	33750000	-0.992288
chr19	33750000	34000000	-1.03825
chr19	34000000	34250000	-0.871666
chr19	34250000	34500000	-0.694755
chr19	34500000	34750000	-0.125063
chr19	34750000	35000000	0.7345
chr19	35000000	35250000	0.57429
chr19	35250000	35500000	0.580137
chr19	35500000	35750000	0.498696
chr19	35750000	36000000	0.341513
chr19	36000000	36250000	0.153476
chr19	36250000	36500000	0.0721338
chr19	36500000	36750000	-0.020756
chr19	36750000	37000000	0.631761
chr19	37000000	37250000	0.803533
chr19	37250000	37500000	0.952658
chr19	37500000	37750000	0.672702
chr19	37750000	38000000	-0.179401
chr19	38000000	38250000	-0.145874
chr19	38250000	38500000	0.0188604
chr19	38500000	38750000	-0.719363
chr19	38750000	39000000	0.313175
chr19	39000000	39250000	-0.720454
chr19	39250000	39500000	-1.00996
chr19	39500000	39750000	-1.03922
chr19	39750000	40000000	-0.96679
chr19	40000000	40250000	-0.796454
chr19	40250000	40500000	0.279641
chr19	40500000	40750000	0.669571
chr19	40750000	41000000	0.657209
chr19	41000000	41250000	-0.0471782
chr19	41250000	41500000	0.45939
chr19	41500000	41750000	0.234532
chr19	41750000	42000000	0.972399
chr19	42000000	42250000	0.487093
chr19	42250000	42500000	-0.454995
chr19	42500000	42750000	-0.00113031
chr19	42750000	43000000	-0.479419
chr19	43000000	43250000	-0.689366
chr19	43250000	43500000	-0.0182483
chr19	43500000	43750000	0.428603
chr19	43750000	44000000	0.167072
chr19	44000000	44250000	0.795861
chr19	44250000	44500000	0.695707
chr19	44500000	44750000	0.0602005
chr19	44750000	45000000	0.196559
chr19	45000000	45250000	0.603693
chr19	45250000	45500000	0.500983
chr19	45500000	45750000	0.665406
chr19	45750000	46000000	0.630599
chr19	46000000	46250000	0.793908
chr19	46250000	46500000	0.888731
chr19	46500000	46750000	0.949785
chr19	46750000	47000000	0.976092
chr19	47000000	47250000	0.456485
chr19	47250000	47500000	-0.705078
chr19	47500000	47750000	0.206082
chr19	47750000	48000000	-0.615923
chr19	48000000	48250000	-1.06749
chr19	48250000	48500000	-1.01487
chr19	48500000	48750000	-0.922118
chr19	48750000	49000000	-0.825065
chr19	49000000	49250000	-0.830665
chr19	49250000	49500000	-0.838264
chr19	49500000	49750000	-0.848722
chr19	49750000	50000000	-0.864983
chr19	50000000	50250000	-0.871718
chr19	50250000	50500000	-0.757554
chr19	50500000	50750000	-0.753808
chr19	50750000	51000000	-0.727677
chr19	51000000	51250000	-0.759564
chr19	51250000	51500000	-0.759405
chr19	51500000	51750000	-0.741029
chr19	51750000	52000000	-0.720844
chr19	52000000	52250000	-0.490028
chr19	52250000	52500000	0.0416665
chr19	52500000	52750000	-0.567332
chr19	52750000	53000000	-0.660842
chr19	53000000	53250000	0.891391
chr19	53250000	53500000	0.619613
chr19	53500000	53750000	0.36287
chr19	53750000	54000000	1.02097
chr19	54000000	54250000	0.27636
chr19	54250000	54500000	-0.599198
chr19	54500000	54750000	-0.716716
chr19	54750000	55000000	-0.809092
chr19	55000000	55250000	-0.0190348
chr19	55250000	55500000	0.304988
chr19	55500000	55750000	-0.14208
chr19	55750000	56000000	0.145821
chr19	56000000	56250000	-0.51133
chr19	56250000	56500000	0.0849531
chr19	56500000	56750000	0.298219
chr19	56750000	57000000	-0.115813
chr19	57000000	57250000	-0.464796
chr19	57250000	57500000	-0.0352154
chr19	57500000	57750000	-0.187271
chr19	57750000	58000000	-0.38305
chr19	58000000	58250000	-0.860061
chr19	58250000	58500000	-0.977149
chr19	58500000	58750000	-0.902771
chr19	58750000	59000000	-0.525852
chr19	59000000	59250000	-0.684175
chr19	59250000	59500000	0.102886
chr19	59500000	59750000	-0.854537
chr19	59750000	60000000	-0.591267
chr19	60000000	60250000	-0.256329
chr19	60250000	60500000	-0.567858
chr19	60500000	60750000	0.0536033
chr19	60750000	61000000	0.897562
chr19	61000000	61250000	0.350469
chr19	61250000	61431566	nan
#bedGraph section chr2:0-182113224
chr2	0	250000	nan
chr2	250000	500000	nan
chr2	500000	750000	nan
chr2	750000	1000000	nan
chr2	1000000	1250000	nan
chr2	1250000	1500000	nan
chr2	1500000	1750000	nan
chr2	1750000	2000000	nan
chr2	2000000	2250000	nan
chr2	2250000	2500000	nan
chr2	2500000	2750000	nan
chr2	2750000	3000000	nan
chr2	3000000	3250000	-0.353559
chr2	3250000	3500000	0.532484
chr2	3500000	3750000	0.941404
chr2	3750000	4000000	0.148711
chr2	4000000	4250000	0.0466768
chr2	4250000	4500000	0.265925
chr2	4500000	4750000	0.716852
chr2	4750000	5000000	0.750251
chr2	5000000	5250000	0.671063
chr2	5250000	5500000	0.556742
chr2	5500000	5750000	0.996842
chr2	5750000	6000000	1.14095
chr2	6000000	6250000	0.608366
chr2	6250000	6500000	1.0578
chr2	6500000	6750000	-0.123022
chr2	6750000	7000000	-0.423737
chr2	7000000	7250000	-0.629488
chr2	7250000	7500000	-0.916684
chr2	7500000	7750000	-1.00737
chr2	7750000	8000000	-0.976683
chr2	8000000	8250000	-0.979861
chr2	8250000	8500000	-0.961829
chr2	8500000	8750000	-0.443498
chr2	8750000	9000000	-0.466871
chr2	9000000	9250000	-0.519167
chr2	9250000	9500000	-0.39162
chr2	9500000	9750000	-0.196487
chr2	9750000	10000000	0.486986
chr2	10000000	10250000	0.441719
chr2	10250000	10500000	0.466151
chr2	10500000	10750000	0.284085
chr2	10750000	11000000	-0.272362
chr2	11000000	11250000	0.0761311
chr2	11250000	11500000	0.102432
chr2	11500000	11750000	0.198349
chr2	11750000	12000000	0.0505027
chr2	12000000	12250000	-0.0251457
chr2	12250000	12500000	0.441067
chr2	12500000	12750000	-0.267449
chr2	12750000	13000000	0.0241451
chr2	13000000	13250000	0.356559
chr2	13250000	13500000	0.979441
chr2	13500000	13750000	0.557644
chr2	13750000	14000000	0.00426932
chr2	14000000	14250000	0.560737
chr2	14250000	14500000	-0.258398
chr2	14500000	14750000	-0.266619
chr2	14750000	15000000	-0.101406
chr2	15000000	15250000	0.58447
chr2	15250000	15500000	0.452274
chr2	15500000	15750000	0.214494
chr2	15750000	16000000	0.146979
chr2	16000000	16250000	0.103568
chr2	16250000	16500000	0.455205
chr2	16500000	16750000	0.363285
chr2	16750000	17000000	0.0417546
chr2	17000000	17250000	0.0165471
chr2	17250000	17500000	0.208994
chr2	17500000	17750000	-0.154489
chr2	17750000	18000000	0.0808939
chr2	18000000	18250000	0.95964
chr2	18250000	18500000	0.588401
chr2	18500000	18750000	0.644632
chr2	18750000	19000000	0.852028
chr2	19000000	19250000	0.849438
chr2	19250000	19500000	0.23031
chr2	19500000	19750000	-0.346931
chr2	19750000	20000000	-0.567857
chr2	20000000	20250000	-0.654966
chr2	20250000	20500000	-0.573148
chr2	20500000	20750000	-0.372969
chr2	20750000	21000000	0.363908
chr2	21000000	21250000	0.106706
chr2	21250000	21500000	-0.264722
chr2	21500000	21750000	-0.355463
chr2	21750000	22000000	0.118853
chr2	22000000	22250000	0.55045
chr2	22250000	22500000	0.473944
chr2	22500000	22750000	0.297919
chr2	22750000	23000000	0.980376
chr2	23000000	23250000	0.886153
chr2	23250000	23500000	-0.183094
chr2	23500000	23750000	-0.078396
chr2	23750000	24000000	-0.524001
chr2	24000000	24250000	-0.619587
chr2	24250000	24500000	-0.160608
chr2	24500000	24750000	0.0485113
chr2	24750000	25000000	1.14519
chr2	25000000	25250000	1.26167
chr2	25250000	25500000	1.18562
chr2	25500000	25750000	0.873875
chr2	25750000	26000000	0.707499
chr2	26000000	26250000	0.921134
chr2	26250000	26500000	0.86339
chr2	26500000	26750000	0.684476
chr2	26750000	27000000	0.697377
chr2	27000000	27250000	0.452758
chr2	27250000	27500000	0.837832
chr2	27500000	27750000	0.726077
chr2	27750000	28000000	0.524087
chr2	28000000	28250000	0.858481
chr2	28250000	28500000	0.513314
chr2	28500000	28750000	0.897492
chr2	28750000	29000000	0.755866
chr2	29000000	29250000	0.689457
chr2	29250000	29500000	0.690551
chr2	29500000	29750000	0.745618
chr2	29750000	30000000	0.95659
chr2	30000000	30250000	0.970201
chr2	30250000	30500000	0.885269
chr2	30500000	30750000	0.82611
chr2	30750000	31000000	0.855341
chr2	31000000	31250000	0.982132
chr2	31250000	31500000	0.515966
chr2	31500000	31750000	0.773543
chr2	31750000	32000000	0.695405
chr2	32000000	32250000	0.987633
chr2	32250000	32500000	1.00816
chr2	32500000	32750000	1.01771
chr2	32750000	33000000	1.06565
chr2	33000000	33250000	0.696845
chr2	33250000	33500000	0.876009
chr2	33500000	33750000	0.397608
chr2	33750000	34000000	0.730459
chr2	34000000	34250000	0.314182
chr2	34250000	34500000	0.796474
chr2	34500000	34750000	0.736138
chr2	34750000	35000000	1.07266
chr2	35000000	35250000	1.0273
chr2	35250000	35500000	1.02108
chr2	35500000	35750000	0.598902
chr2	35750000	36000000	0.539428
chr2	36000000	36250000	0.394314
chr2	36250000	36500000	-0.50172
chr2	36500000	36750000	-0.715558
chr2	36750000	37000000	-0.635274
chr2	37000000	37250000	-0.51705
chr2	37250000	37500000	0.517038
chr2	37500000	37750000	0.813038
chr2	37750000	38000000	0.521644
chr2	38000000	38250000	0.980972
chr2	38250000	38500000	0.783964
chr2	38500000	38750000	0.890928
chr2	38750000	39000000	0.825452
chr2	39000000	39250000	0.7467
chr2	39250000	39500000	-0.113127
chr2	39500000	39750000	-0.766217
chr2	39750000	40000000	-0.870291
chr2	40000000	40250000	-0.937084
chr2	40250000	40500000	-0.919083
chr2	40500000	40750000	-0.917257
chr2	40750000	41000000	-0.810709
chr2	41000000	41250000	-0.820352
chr2	41250000	41500000	-0.676493
chr2	41500000	41750000	-0.468663
chr2	41750000	42000000	-0.158246
chr2	42000000	42250000	0.196869
chr2	42250000	42500000	0.260426
chr2	42500000	42750000	-0.276574
chr2	42750000	43000000	-0.676842
chr2	43000000	43250000	-0.771479
chr2	43250000	43500000	-0.587121
chr2	43500000	43750000	-0.0966931
chr2	43750000	44000000	0.442776
chr2	44000000	44250000	0.113259
chr2	44250000	44500000	0.276749
chr2	44500000	44750000	0.159524
chr2	44750000	45000000	0.498006
chr2	45000000	45250000	0.734208
chr2	45250000	45500000	0.370086
chr2	45500000	45750000	0.0657453
chr2	45750000	46000000	-0.0537576
chr2	46000000	46250000	-0.109598
chr2	46250000	46500000	0.0749118
chr2	46500000	46750000	-0.440089
chr2	46750000	47000000	-0.739868
chr2	47000000	47250000	-0.802833
chr2	47250000	47500000	-0.562862
chr2	47500000	47750000	-0.642962
chr2	47750000	48000000	-0.496355
chr2	48000000	48250000	-0.27124
chr2	48250000	48500000	0.418366
chr2	48500000	48750000	-0.067581
chr2	48750000	49000000	0.31123
chr2	49000000	49250000	0.461059
chr2	49250000	49500000	0.106484
chr2	49500000	49750000	0.0328032
chr2	49750000	50000000	-0.4766
chr2	50000000	50250000	-0.654168
chr2	50250000	50500000	-0.475692
chr2	50500000	50750000	-0.885154
chr2	50750000	51000000	-0.922226
chr2	51000000	51250000	-0.926408
chr2	51250000	51500000	-0.791843
chr2	51500000	51750000	-0.620658
chr2	51750000	52000000	-0.0165513
chr2	52000000	52250000	0.293328
chr2	52250000	52500000	0.702231
chr2	52500000	52750000	0.235347
chr2	52750000	53000000	-0.350391
chr2	53000000	53250000	0.055346
chr2	53250000	53500000	-0.787095
chr2	53500000	53750000	-0.909985
chr2	53750000	54000000	-0.835585
chr2	54000000	54250000	-0.779609
chr2	54250000	54500000	-0.826625
chr2	54500000	54750000	-0.921415
chr2	54750000	55000000	-0.826876
chr2	55000000	55250000	-0.682685
chr2	55250000	55500000	-0.282221
chr2	55500000	55750000	-0.00150916
chr2	55750000	56000000	-0.390464
chr2	56000000	56250000	-0.494291
chr2	56250000	56500000	-0.518534
chr2	56500000	56750000	-0.388937
chr2	56750000	57000000	0.0300628
chr2	57000000	57250000	0.550558
chr2	57250000	57500000	0.0416996
chr2	57500000	57750000	-0.543048
chr2	57750000	58000000	-0.663803
chr2	58000000	58250000	-1.02297
chr2	58250000	58500000	-1.14528
chr2	58500000	58750000	-1.00807
chr2	58750000	59000000	-0.771709
chr2	59000000	59250000	-0.00552357
chr2	59250000	59500000	-0.225877
chr2	59500000	59750000	-0.170972
chr2	59750000	60000000	0.463156
chr2	60000000	60250000	0.945118
chr2	60250000	60500000	0.57721
chr2	60500000	60750000	0.153726
chr2	60750000	61000000	0.629225
chr2	61000000	61250000	0.329137
chr2	61250000	61500000	0.189627
chr2	61500000	61750000	0.584185
chr2	61750000	62000000	0.0620148
chr2	62000000	62250000	-0.0462965
chr2	62250000	62500000	0.500569
chr2	62500000	62750000	0.409012
chr2	62750000	63000000	-0.608103
chr2	63000000	63250000	-0.809286
chr2	63250000	63500000	-0.97871
chr2	63500000	63750000	-0.908907
chr2	63750000	64000000	-0.858978
chr2	64000000	64250000	-0.925077
chr2	64250000	64500000	-0.857948
chr2	64500000	64750000	-0.836322
chr2	64750000	65000000	-0.90061
chr2	65000000	65250000	-0.955842
chr2	65250000	65500000	-0.970178
chr2	65500000	65750000	-0.968236
chr2	65750000	66000000	-0.929925
chr2	66000000	66250000	-0.993882
chr2	66250000	66500000	-0.950513
chr2	66500000	66750000	-0.962949
chr2	66750000	67000000	-0.909343
chr2	67000000	67250000	-0.945305
chr2	67250000	67500000	-0.951254
chr2	67500000	67750000	-0.965207
chr2	67750000	68000000	-0.971836
chr2	68000000	68250000	-0.867493
chr2	68250000	68500000	-0.983066
chr2	68500000	68750000	-0.504777
chr2	68750000	69000000	0.695493
chr2	69000000	69250000	0.111756
chr2	69250000	69500000	-0.35029
chr2	69500000	69750000	0.329497
chr2	69750000	70000000	1.13423
chr2	70000000	70250000	0.149614
chr2	70250000	70500000	-0.112096
chr2	70500000	70750000	0.371536
chr2	70750000	71000000	1.08202
chr2	71000000	71250000	0.917869
chr2	71250000	71500000	1.03538
chr2	71500000	71750000	0.57025
chr2	71750000	72000000	0.686974
chr2	72000000	72250000	0.690566
chr2	72250000	72500000	0.789904
chr2	72500000	72750000	0.695271
chr2	72750000	73000000	0.9301
chr2	73000000	73250000	0.825085
chr2	73250000	73500000	0.842791
chr2	73500000	73750000	0.681116
chr2	73750000	74000000	0.761492
chr2	74000000	74250000	0.0300231
chr2	74250000	74500000	0.00258146
chr2	74500000	74750000	0.380911
chr2	74750000	75000000	0.595554
chr2	75000000	75250000	0.161977
chr2	75250000	75500000	0.559312
chr2	75500000	75750000	0.787534
chr2	75750000	76000000	0.830338
chr2	76000000	76250000	0.687751
chr2	76250000	76500000	0.502874
chr2	76500000	76750000	0.306308
chr2	76750000	77000000	-0.575003
chr2	77000000	77250000	-0.747274
chr2	77250000	77500000	-0.927109
chr2	77500000	77750000	-0.876378
chr2	77750000	78000000	-0.411231
chr2	78000000	78250000	-0.310825
chr2	78250000	78500000	-0.289815
chr2	78500000	78750000	0.0422109
chr2	78750000	79000000	0.562484
chr2	79000000	79250000	0.943868
chr2	79250000	79500000	0.163108
chr2	79500000	79750000	0.561311
chr2	79750000	80000000	-0.181113
chr2	80000000	80250000	-0.454512
chr2	80250000	80500000	0.0671722
chr2	80500000	80750000	0.27453
chr2	80750000	81000000	-0.748792
chr2	81000000	81250000	-0.973896
chr2	81250000	81500000	-0.998525
chr2	81500000	81750000	-0.946779
chr2	81750000	82000000	-0.974226
chr2	82000000	82250000	-0.848221
chr2	82250000	82500000	-0.915908
chr2	82500000	82750000	-0.92372
chr2	82750000	83000000	-0.981133
chr2	83000000	83250000	-1.02405
chr2	83250000	83500000	-0.884869
chr2	83500000	83750000	-0.0270108
chr2	83750000	84000000	-0.0726046
chr2	84000000	84250000	0.376897
chr2	84250000	84500000	0.488361
chr2	84500000	84750000	0.844422
chr2	84750000	85000000	0.545493
chr2	85000000	85250000	-0.173983
chr2	85250000	85500000	-0.751292
chr2	85500000	85750000	-0.808469
chr2	85750000	86000000	-0.816835
chr2	86000000	86250000	-0.669895
chr2	86250000	86500000	-0.302308
chr2	86500000	86750000	-0.76458
chr2	86750000	87000000	-0.872497
chr2	87000000	87250000	-0.894151
chr2	87250000	87500000	-0.839598
chr2	87500000	87750000	-0.902535
chr2	87750000	88000000	-0.897189
chr2	88000000	88250000	-0.843178
chr2	88250000	88500000	-0.670377
chr2	88500000	88750000	-0.815469
chr2	88750000	89000000	-0.779447
chr2	89000000	89250000	-0.775721
chr2	89250000	89500000	-0.749975
chr2	89500000	89750000	-0.587972
chr2	89750000	90000000	-0.031836
chr2	90000000	90250000	-0.176359
chr2	90250000	90500000	-0.0928649
chr2	90500000	90750000	0.687601
chr2	90750000	91000000	0.947929
chr2	91000000	91250000	1.10902
chr2	91250000	91500000	1.02334
chr2	91500000	91750000	1.17607
chr2	91750000	92000000	1.16733
chr2	92000000	92250000	0.963308
chr2	92250000	92500000	1.02595
chr2	92500000	92750000	0.631658
chr2	92750000	93000000	0.514863
chr2	93000000	93250000	0.467721
chr2	93250000	93500000	0.314654
chr2	93500000	93750000	0.0557119
chr2	93750000	94000000	0.23177
chr2	94000000	94250000	0.552765
chr2	94250000	94500000	0.202957
chr2	94500000	94750000	-0.897357
chr2	94750000	95000000	-0.999216
chr2	95000000	95250000	-1.03678
chr2	95250000	95500000	-0.975544
chr2	95500000	95750000	-0.971448
chr2	95750000	96000000	-0.985299
chr2	96000000	96250000	-0.976594
chr2	96250000	96500000	-0.943851
chr2	96500000	96750000	-0.910999
chr2	96750000	97000000	-0.945344
chr2	97000000	97250000	-0.827012
chr2	97250000	97500000	-0.515573
chr2	97500000	97750000	-0.190333
chr2	97750000	98000000	-0.650793
chr2	98000000	98250000	-0.802828
chr2	98250000	98500000	-0.861818
chr2	98500000	98750000	0.0295408
chr2	98750000	99000000	-0.85105
chr2	99000000	99250000	-0.767361
chr2	99250000	99500000	-0.71911
chr2	99500000	99750000	-0.879259
chr2	99750000	100000000	-0.880964
chr2	100000000	100250000	-0.846845
chr2	100250000	100500000	-0.769876
chr2	100500000	100750000	nan
chr2	100750000	101000000	-0.572634
chr2	101000000	101250000	-0.386338
chr2	101250000	101500000	0.183879
chr2	101500000	101750000	0.036377
chr2	101750000	102000000	-0.0537693
chr2	102000000	102250000	-0.0307038
chr2	102250000	102500000	0.340288
chr2	102500000	102750000	0.24057
chr2	102750000	103000000	0.84726
chr2	103000000	103250000	0.844706
chr2	103250000	103500000	0.969477
chr2	103500000	103750000	0.781718
chr2	103750000	104000000	1.1564
chr2	104000000	104250000	0.839562
chr2	104250000	104500000	0.55941
chr2	104500000	104750000	0.825223
chr2	104750000	105000000	0.443339
chr2	105000000	105250000	0.076051
chr2	105250000	105500000	-0.0343983
chr2	105500000	105750000	0.050624
chr2	105750000	106000000	0.481991
chr2	106000000	106250000	-0.237516
chr2	106250000	106500000	-0.289894
chr2	106500000	106750000	-0.0169561
chr2	106750000	107000000	0.141957
chr2	107000000	107250000	0.34783
chr2	107250000	107500000	0.00639318
chr2	107500000	107750000	-0.532424
chr2	107750000	108000000	-0.606906
chr2	108000000	108250000	-1.01523
chr2	108250000	108500000	-1.02596
chr2	108500000	108750000	-1.00032
chr2	108750000	109000000	-0.897414
chr2	109000000	109250000	-0.633317
chr2	109250000	109500000	-0.365545
chr2	109500000	109750000	-0.821181
chr2	109750000	110000000	-0.217511
chr2	110000000	110250000	-0.123295
chr2	110250000	110500000	-0.519815
chr2	110500000	110750000	0.0386139
chr2	110750000	111000000	0.435125
chr2	111000000	111250000	-0.461722
chr2	111250000	111500000	-0.755327
chr2	111500000	111750000	-0.892879
chr2	111750000	112000000	-0.714447
chr2	112000000	112250000	-0.274051
chr2	112250000	112500000	0.842255
chr2	112500000	112750000	0.0616106
chr2	112750000	113000000	-0.434635
chr2	113000000	113250000	-0.514037
chr2	113250000	113500000	-0.422132
chr2	113500000	113750000	-0.583985
chr2	113750000	114000000	-0.232268
chr2	114000000	114250000	-0.0597393
chr2	114250000	114500000	-0.44083
chr2	114500000	114750000	0.150607
chr2	114750000	115000000	-0.449729
chr2	115000000	115250000	-0.566407
chr2	115250000	115500000	-0.717467
chr2	115500000	115750000	-0.00213686
chr2	115750000	116000000	-0.697386
chr2	116000000	116250000	-0.92152
chr2	116250000	116500000	-0.941766
chr2	116500000	116750000	-0.699854
chr2	116750000	117000000	0.218733
chr2	117000000	117250000	0.88672
chr2	117250000	117500000	-0.165777
chr2	117500000	117750000	-0.480811
chr2	117750000	118000000	-0.530161
chr2	118000000	118250000	-0.181757
chr2	118250000	118500000	0.603254
chr2	118500000	118750000	0.939567
chr2	118750000	119000000	1.08219
chr2	119000000	119250000	1.02894
chr2	119250000	119500000	1.05037
chr2	119500000	119750000	1.04561
chr2	119750000	120000000	0.972963
chr2	120000000	120250000	0.920936
chr2	120250000	120500000	0.89351
chr2	120500000	120750000	1.00125
chr2	120750000	121000000	0.939456
chr2	121000000	121250000	0.977956
chr2	121250000	121500000	1.04051
chr2	121500000	121750000	1.0615
chr2	121750000	122000000	0.97671
chr2	122000000	122250000	0.918533
chr2	122250000	122500000	0.249577
chr2	122500000	122750000	-0.14062
chr2	122750000	123000000	-0.478174
chr2	123000000	123250000	-0.590018
chr2	123250000	123500000	-0.751692
chr2	123500000	123750000	-0.921183
chr2	123750000	124000000	-0.939211
chr2	124000000	124250000	-0.958151
chr2	124250000	124500000	-1.00854
chr2	124500000	124750000	-1.04776
chr2	124750000	125000000	-0.831774
chr2	125000000	125250000	-0.228305
chr2	125250000	125500000	-0.132322
chr2	125500000	125750000	0.357304
chr2	125750000	126000000	0.566686
chr2	126000000	126250000	0.272444
chr2	126250000	126500000	0.100915
chr2	126500000	126750000	0.708218
chr2	126750000	127000000	1.0866
chr2	127000000	127250000	1.03662
chr2	127250000	127500000	0.896879
chr2	127500000	127750000	0.531307
chr2	127750000	128000000	0.64229
chr2	128000000	128250000	0.798952
chr2	128250000	128500000	0.397897
chr2	128500000	128750000	0.561717
chr2	128750000	129000000	0.745078
chr2	129000000	129250000	0.899986
chr2	129250000	129500000	0.9515
chr2	129500000	129750000	0.517553
chr2	129750000	130000000	0.66743
chr2	130000000	130250000	0.56068
chr2	130250000	130500000	0.936407
chr2	130500000	130750000	1.09819
chr2	130750000	131000000	0.979144
chr2	131000000	131250000	1.06887
chr2	131250000	131500000	0.870865
chr2	131500000	131750000	0.41107
chr2	131750000	132000000	0.877948
chr2	132000000	132250000	0.70371
chr2	132250000	132500000	0.406465
chr2	132500000	132750000	0.846157
chr2	132750000	133000000	0.160151
chr2	133000000	133250000	-0.729977
chr2	133250000	133500000	-0.896118
chr2	133500000	133750000	-0.831225
chr2	133750000	134000000	-0.826494
chr2	134000000	134250000	-0.696331
chr2	134250000	134500000	-0.659187
chr2	134500000	134750000	-0.0425204
chr2	134750000	135000000	0.375564
chr2	135000000	135250000	0.206781
chr2	135250000	135500000	-0.557263
chr2	135500000	135750000	-1.0538
chr2	135750000	136000000	-1.05234
chr2	136000000	136250000	-0.829387
chr2	136250000	136500000	-0.662812
chr2	136500000	136750000	-0.750415
chr2	136750000	137000000	-0.111512
chr2	137000000	137250000	-0.52483
chr2	137250000	137500000	-0.824675
chr2	137500000	137750000	-0.843382
chr2	137750000	138000000	-0.770709
chr2	138000000	138250000	-0.928334
chr2	138250000	138500000	-0.906578
chr2	138500000	138750000	-0.952511
chr2	138750000	139000000	-0.975694
chr2	139000000	139250000	-0.970483
chr2	139250000	139500000	-0.877393
chr2	139500000	139750000	-0.628557
chr2	139750000	140000000	0.0120962
chr2	140000000	140250000	0.493666
chr2	140250000	140500000	-0.505024
chr2	140500000	140750000	-0.476153
chr2	140750000	141000000	-0.247619
chr2	141000000	141250000	-0.761645
chr2	141250000	141500000	-0.899929
chr2	141500000	141750000	-0.794575
chr2	141750000	142000000	-0.934195
chr2	142000000	142250000	-0.966318
chr2	142250000	142500000	-0.95654
chr2	142500000	142750000	-0.586706
chr2	142750000	143000000	-0.317716
chr2	143000000	143250000	-0.759939
chr2	143250000	143500000	-1.14039
chr2	143500000	143750000	-0.89964
chr2	143750000	144000000	0.0292749
chr2	144000000	144250000	0.314233
chr2	144250000	144500000	0.269472
chr2	144500000	144750000	0.107096
chr2	144750000	145000000	-0.801692
chr2	145000000	145250000	-0.995431
chr2	145250000	145500000	-1.10716
chr2	145500000	145750000	-1.01983
chr2	145750000	146000000	-0.552741
chr2	146000000	146250000	-0.751009
chr2	146250000	146500000	0.0660813
chr2	146500000	146750000	-0.127353
chr2	146750000	147000000	-0.15006
chr2	147000000	147250000	-0.0441927
chr2	147250000	147500000	-0.975815
chr2	147500000	147750000	-1.15794
chr2	147750000	148000000	-1.06227
chr2	148000000	148250000	-1.09375
chr2	148250000	148500000	-1.15973
chr2	148500000	148750000	-0.742915
chr2	148750000	149000000	-0.724105
chr2	149000000	149250000	-0.510009
chr2	149250000	149500000	-0.0428062
chr2	149500000	149750000	-0.704328
chr2	149750000	150000000	-0.771455
chr2	150000000	150250000	-0.428388
chr2	150250000	150500000	-0.580463
chr2	150500000	150750000	0.296864
chr2	150750000	151000000	0.72247
chr2	151000000	151250000	0.122003
chr2	151250000	151500000	nan
chr2	151500000	151750000	0.379161
chr2	151750000	152000000	0.12912
chr2	152000000	152250000	0.608198
chr2	152250000	152500000	1.08818
chr2	152500000	152750000	0.914922
chr2	152750000	153000000	1.16081
chr2	153000000	153250000	1.05554
chr2	153250000	153500000	1.28645
chr2	153500000	153750000	1.26018
chr2	153750000	154000000	0.681175
chr2	154000000	154250000	0.336305
chr2	154250000	154500000	1.02084
chr2	154500000	154750000	1.27415
chr2	154750000	155000000	1.13138
chr2	155000000	155250000	1.12402
chr2	155250000	155500000	1.12468
chr2	155500000	155750000	1.18285
chr2	155750000	156000000	1.17802
chr2	156000000	156250000	1.12235
chr2	156250000	156500000	0.831501
chr2	156500000	156750000	0.719631
chr2	156750000	157000000	0.980517
chr2	157000000	157250000	0.992902
chr2	157250000	157500000	0.821118
chr2	157500000	157750000	0.569918
chr2	157750000	158000000	0.596757
chr2	158000000	158250000	0.834367
chr2	158250000	158500000	0.6645
chr2	158500000	158750000	0.291749
chr2	158750000	159000000	-0.0700435
chr2	159000000	159250000	-0.764328
chr2	159250000	159500000	-0.783793
chr2	159500000	159750000	-0.734792
chr2	159750000	160000000	-0.740415
chr2	160000000	160250000	-0.762567
chr2	160250000	160500000	-0.668035
chr2	160500000	160750000	0.161611
chr2	160750000	161000000	0.105992
chr2	161000000	161250000	-0.214601
chr2	161250000	161500000	-0.699264
chr2	161500000	161750000	-0.651038
chr2	161750000	162000000	-0.749085
chr2	162000000	162250000	-0.771565
chr2	162250000	162500000	-0.791537
chr2	162500000	162750000	-0.870018
chr2	162750000	163000000	-0.410981
chr2	163000000	163250000	0.0997845
chr2	163250000	163500000	0.21123
chr2	163500000	163750000	0.547638
chr2	163750000	164000000	0.211638
chr2	164000000	164250000	0.561117
chr2	164250000	164500000	0.412459
chr2	164500000	164750000	0.509672
chr2	164750000	165000000	0.778177
chr2	165000000	165250000	-0.110448
chr2	165250000	165500000	0.0369511
chr2	165500000	165750000	-0.0350062
chr2	165750000	166000000	0.876582
chr2	166000000	166250000	0.196922
chr2	166250000	166500000	-0.390139
chr2	166500000	166750000	0.269774
chr2	166750000	167000000	0.882413
chr2	167000000	167250000	0.609407
chr2	167250000	167500000	0.62174
chr2	167500000	167750000	0.828779
chr2	167750000	168000000	0.878805
chr2	168000000	168250000	0.508519
chr2	168250000	168500000	-0.54551
chr2	168500000	168750000	-0.750444
chr2	168750000	169000000	-0.459577
chr2	169000000	169250000	-0.608294
chr2	169250000	169500000	-0.655396
chr2	169500000	169750000	-0.63961
chr2	169750000	170000000	-0.592294
chr2	170000000	170250000	0.195361
chr2	170250000	170500000	-0.346079
chr2	170500000	170750000	-0.483163
chr2	170750000	171000000	-0.617913
chr2	171000000	171250000	-0.614646
chr2	171250000	171500000	-0.605552
chr2	171500000	171750000	-0.629348
chr2	171750000	172000000	-0.636344
chr2	172000000	172250000	-0.586924
chr2	172250000	172500000	-0.0614025
chr2	172500000	172750000	-0.0409212
chr2	172750000	173000000	-0.426865
chr2	173000000	173250000	-0.178577
chr2	173250000	173500000	-0.713715
chr2	173500000	173750000	-0.169923
chr2	173750000	174000000	-0.448516
chr2	174000000	174250000	-0.240868
chr2	174250000	174500000	0.264149
chr2	174500000	174750000	-0.276597
chr2	174750000	175000000	-0.472111
chr2	175000000	175250000	nan
chr2	175250000	175500000	nan
chr2	175500000	175750000	nan
chr2	175750000	176000000	nan
chr2	176000000	176250000	nan
chr2	176250000	176500000	nan
chr2	176500000	176750000	nan
chr2	176750000	177000000	nan
chr2	177000000	177250000	nan
chr2	177250000	177500000	-0.09388
chr2	177500000	177750000	nan
chr2	177750000	178000000	-0.0683015
chr2	178000000	178250000	-0.487942
chr2	178250000	178500000	-0.741649
chr2	178500000	178750000	-0.741071
chr2	178750000	179000000	-0.750255
chr2	179000000	179250000	-0.732808
chr2	179250000	179500000	-0.764965
chr2	179500000	179750000	-0.758751
chr2	179750000	180000000	-0.175696
chr2	180000000	180250000	0.706431
chr2	180250000	180500000	0.379721
chr2	180500000	180750000	0.594267
chr2	180750000	181000000	0.525481
chr2	181000000	181250000	0.582259
chr2	181250000	181500000	1.06136
chr2	181500000	181750000	1.08637
chr2	181750000	182000000	0.458011
chr2	182000000	182113224	nan
#bedGraph section chr3:0-160039680
chr3	0	250000	nan
chr3	250000	500000	nan
chr3	500000	750000	nan
chr3	750000	1000000	nan
chr3	1000000	1250000	nan
chr3	1250000	1500000	nan
chr3	1500000	1750000	nan
chr3	1750000	2000000	nan
chr3	2000000	2250000	nan
chr3	2250000	2500000	nan
chr3	2500000	2750000	nan
chr3	2750000	3000000	nan
chr3	3000000	3250000	-1.14295
chr3	3250000	3500000	-1.24282
chr3	3500000	3750000	-1.08959
chr3	3750000	4000000	-1.01922
chr3	4000000	4250000	-1.08248
chr3	4250000	4500000	-0.99396
chr3	4500000	4750000	-0.917332
chr3	4750000	5000000	-0.732671
chr3	5000000	5250000	0.0400367
chr3	5250000	5500000	0.262613
chr3	5500000	5750000	-0.276739
chr3	5750000	6000000	-0.449649
chr3	6000000	6250000	-0.668486
chr3	6250000	6500000	-0.96978
chr3	6500000	6750000	-1.07059
chr3	6750000	7000000	-0.958352
chr3	7000000	7250000	-1.05024
chr3	7250000	7500000	-0.642681
chr3	7500000	7750000	-0.186431
chr3	7750000	8000000	-0.324008
chr3	8000000	8250000	0.275551
chr3	8250000	8500000	-0.301356
chr3	8500000	8750000	0.492789
chr3	8750000	9000000	0.938204
chr3	9000000	9250000	0.0475368
chr3	9250000	9500000	0.700341
chr3	9500000	9750000	1.04596
chr3	9750000	10000000	0.673269
chr3	10000000	10250000	1.1973
chr3	10250000	10500000	0.507961
chr3	10500000	10750000	-0.424547
chr3	10750000	11000000	-0.439256
chr3	11000000	11250000	0.149077
chr3	11250000	11500000	-0.145488
chr3	11500000	11750000	-0.517104
chr3	11750000	12000000	-0.792252
chr3	12000000	12250000	-0.877303
chr3	12250000	12500000	-0.922504
chr3	12500000	12750000	-0.834204
chr3	12750000	13000000	-0.869505
chr3	13000000	13250000	-0.904259
chr3	13250000	13500000	-0.807882
chr3	13500000	13750000	-0.712647
chr3	13750000	14000000	-0.438172
chr3	14000000	14250000	-0.474233
chr3	14250000	14500000	-0.308938
chr3	14500000	14750000	0.742796
chr3	14750000	15000000	1.20142
chr3	15000000	15250000	1.05977
chr3	15250000	15500000	-0.285441
chr3	15500000	15750000	nan
chr3	15750000	16000000	-0.443703
chr3	16000000	16250000	0.131756
chr3	16250000	16500000	-0.714614
chr3	16500000	16750000	-0.928372
chr3	16750000	17000000	-0.924792
chr3	17000000	17250000	-0.96572
chr3	17250000	17500000	-1.0813
chr3	17500000	17750000	-0.731964
chr3	17750000	18000000	-0.821607
chr3	18000000	18250000	-0.843066
chr3	18250000	18500000	-0.794567
chr3	18500000	18750000	-0.517953
chr3	18750000	19000000	-0.437637
chr3	19000000	19250000	0.532135
chr3	19250000	19500000	0.424961
chr3	19500000	19750000	0.418625
chr3	19750000	20000000	0.207959
chr3	20000000	20250000	1.02443
chr3	20250000	20500000	0.450618
chr3	20500000	20750000	-0.180875
chr3	20750000	21000000	-0.500124
chr3	21000000	21250000	-0.560502
chr3	21250000	21500000	-0.313551
chr3	21500000	21750000	-0.136075
chr3	21750000	22000000	0.638063
chr3	22000000	22250000	0.826892
chr3	22250000	22500000	-0.30699
chr3	22500000	22750000	-0.611261
chr3	22750000	23000000	-0.58334
chr3	23000000	23250000	-0.506533
chr3	23250000	23500000	-0.264471
chr3	23500000	23750000	0.118307
chr3	23750000	24000000	0.629189
chr3	24000000	24250000	0.863864
chr3	24250000	24500000	0.260141
chr3	24500000	24750000	-0.115745
chr3	24750000	25000000	-0.312693
chr3	25000000	25250000	-0.467961
chr3	25250000	25500000	-0.70594
chr3	25500000	25750000	-0.492024
chr3	25750000	26000000	-0.436538
chr3	26000000	26250000	0.162895
chr3	26250000	26500000	-0.162223
chr3	26500000	26750000	-0.382894
chr3	26750000	27000000	-0.348933
chr3	27000000	27250000	0.569111
chr3	27250000	27500000	0.178054
chr3	27500000	27750000	-0.428093
chr3	27750000	28000000	-0.61911
chr3	28000000	28250000	-0.446734
chr3	28250000	28500000	-0.323448
chr3	28500000	28750000	-0.0663447
chr3	28750000	29000000	0.286649
chr3	29000000	29250000	-0.386424
chr3	29250000	29500000	-0.730965
chr3	29500000	29750000	-0.820596
chr3	29750000	30000000	-0.706498
chr3	30000000	30250000	-0.577243
chr3	30250000	30500000	-0.284195
chr3	30500000	30750000	0.379688
chr3	30750000	31000000	0.954425
chr3	31000000	31250000	0.623328
chr3	31250000	31500000	-0.192492
chr3	31500000	31750000	-0.179469
chr3	31750000	32000000	-0.155153
chr3	32000000	32250000	-0.120238
chr3	32250000	32500000	0.698637
chr3	32500000	32750000	1.20898
chr3	32750000	33000000	0.00917557
chr3	33000000	33250000	-0.256057
chr3	33250000	33500000	-0.326291
chr3	33500000	33750000	-0.194518
chr3	33750000	34000000	0.740564
chr3	34000000	34250000	0.423181
chr3	34250000	34500000	-0.282201
chr3	34500000	34750000	-0.765953
chr3	34750000	35000000	-0.84272
chr3	35000000	35250000	-0.376959
chr3	35250000	35500000	-0.226793
chr3	35500000	35750000	0.298527
chr3	35750000	36000000	0.975584
chr3	36000000	36250000	0.452361
chr3	36250000	36500000	0.441374
chr3	36500000	36750000	0.422739
chr3	36750000	37000000	0.598192
chr3	37000000	37250000	0.524683
chr3	37250000	37500000	0.926351
chr3	37500000	37750000	1.02297
chr3	37750000	38000000	0.720749
chr3	38000000	38250000	0.225449
chr3	38250000	38500000	-0.240798
chr3	38500000	38750000	-0.446278
chr3	38750000	39000000	-0.614137
chr3	39000000	39250000	-0.823904
chr3	39250000	39500000	-0.75702
chr3	39500000	39750000	-0.727482
chr3	39750000	40000000	-0.46124
chr3	40000000	40250000	-0.306377
chr3	40250000	40500000	-0.0289232
chr3	40500000	40750000	1.1339
chr3	40750000	41000000	1.09993
chr3	41000000	41250000	0.916056
chr3	41250000	41500000	0.609527
chr3	41500000	41750000	0.8217
chr3	41750000	42000000	-0.301846
chr3	42000000	42250000	-0.631538
chr3	42250000	42500000	-0.709369
chr3	42500000	42750000	-0.568618
chr3	42750000	43000000	-0.677783
chr3	43000000	43250000	-0.778325
chr3	43250000	43500000	-0.776329
chr3	43500000	43750000	-0.800281
chr3	43750000	44000000	-0.793116
chr3	44000000	44250000	-0.79319
chr3	44250000	44500000	-0.714799
chr3	44500000	44750000	-0.685701
chr3	44750000	45000000	-0.797582
chr3	45000000	45250000	-0.784637
chr3	45250000	45500000	-0.797188
chr3	45500000	45750000	-0.786701
chr3	45750000	46000000	-0.727437
chr3	46000000	46250000	-0.753512
chr3	46250000	46500000	-0.759903
chr3	46500000	46750000	-0.724684
chr3	46750000	47000000	-0.724602
chr3	47000000	47250000	-0.749391
chr3	47250000	47500000	-0.687667
chr3	47500000	47750000	-0.757552
chr3	47750000	48000000	-0.767961
chr3	48000000	48250000	-0.714603
chr3	48250000	48500000	-0.773737
chr3	48500000	48750000	-0.694816
chr3	48750000	49000000	-0.420483
chr3	49000000	49250000	0.0498743
chr3	49250000	49500000	-0.478915
chr3	49500000	49750000	-0.678622
chr3	49750000	50000000	-0.620528
chr3	50000000	50250000	-0.380255
chr3	50250000	50500000	0.0497302
chr3	50500000	50750000	0.232756
chr3	50750000	51000000	-0.194883
chr3	51000000	51250000	0.449622
chr3	51250000	51500000	1.28841
chr3	51500000	51750000	1.06741
chr3	51750000	52000000	0.240198
chr3	52000000	52250000	-0.0452114
chr3	52250000	52500000	-0.345972
chr3	52500000	52750000	-0.69931
chr3	52750000	53000000	-0.220431
chr3	53000000	53250000	0.142875
chr3	53250000	53500000	0.192483
chr3	53500000	53750000	0.151884
chr3	53750000	54000000	-0.0871939
chr3	54000000	54250000	-0.0959294
chr3	54250000	54500000	-0.342265
chr3	54500000	54750000	0.0904378
chr3	54750000	55000000	0.000237666
chr3	55000000	55250000	0.0605325
chr3	55250000	55500000	0.0153629
chr3	55500000	55750000	0.936082
chr3	55750000	56000000	0.597156
chr3	56000000	56250000	0.304074
chr3	56250000	56500000	-0.272805
chr3	56500000	56750000	-0.439854
chr3	56750000	57000000	-0.524302
chr3	57000000	57250000	-0.499477
chr3	57250000	57500000	-0.530704
chr3	57500000	57750000	-0.0161712
chr3	57750000	58000000	-0.0586458
chr3	58000000	58250000	-0.139489
chr3	58250000	58500000	0.433439
chr3	58500000	58750000	0.763191
chr3	58750000	59000000	0.218332
chr3	59000000	59250000	0.693305
chr3	59250000	59500000	-0.0465506
chr3	59500000	59750000	-0.201202
chr3	59750000	60000000	-0.0418206
chr3	60000000	60250000	0.502587
chr3	60250000	60500000	0.865942
chr3	60500000	60750000	0.758347
chr3	60750000	61000000	1.03344
chr3	61000000	61250000	0.758754
chr3	61250000	61500000	0.349737
chr3	61500000	61750000	-0.141435
chr3	61750000	62000000	-0.219529
chr3	62000000	62250000	-0.52455
chr3	62250000	62500000	-0.105728
chr3	62500000	62750000	-0.480628
chr3	62750000	63000000	-0.857678
chr3	63000000	63250000	-0.892105
chr3	63250000	63500000	-0.758318
chr3	63500000	63750000	-0.328514
chr3	63750000	64000000	0.154879
chr3	64000000	64250000	0.104177
chr3	64250000	64500000	-0.155561
chr3	64500000	64750000	-0.451324
chr3	64750000	65000000	-0.411085
chr3	65000000	65250000	-0.36295
chr3	65250000	65500000	0.128044
chr3	65500000	65750000	0.152816
chr3	65750000	66000000	0.360017
chr3	66000000	66250000	-0.197668
chr3	66250000	66500000	-0.160377
chr3	66500000	66750000	-0.0717077
chr3	66750000	67000000	-0.0305489
chr3	67000000	67250000	0.546266
chr3	67250000	67500000	0.387844
chr3	67500000	67750000	0.0968827
chr3	67750000	68000000	-0.440485
chr3	68000000	68250000	-0.47436
chr3	68250000	68500000	-0.629595
chr3	68500000	68750000	-0.253443
chr3	68750000	69000000	0.28305
chr3	69000000	69250000	0.925143
chr3	69250000	69500000	0.884863
chr3	69500000	69750000	0.352219
chr3	69750000	70000000	-0.145508
chr3	70000000	70250000	-0.703552
chr3	70250000	70500000	-0.857855
chr3	70500000	70750000	-0.874533
chr3	70750000	71000000	-0.778273
chr3	71000000	71250000	-0.709495
chr3	71250000	71500000	-0.795344
chr3	71500000	71750000	-0.758483
chr3	71750000	72000000	-0.65385
chr3	72000000	72250000	-0.685832
chr3	72250000	72500000	-0.617431
chr3	72500000	72750000	-0.341545
chr3	72750000	73000000	0.284851
chr3	73000000	73250000	-0.479173
chr3	73250000	73500000	-0.790996
chr3	73500000	73750000	-0.822143
chr3	73750000	74000000	-0.849981
chr3	74000000	74250000	-0.819606
chr3	74250000	74500000	-0.818169
chr3	74500000	74750000	-0.842753
chr3	74750000	75000000	-0.867952
chr3	75000000	75250000	-0.766462
chr3	75250000	75500000	-0.641533
chr3	75500000	75750000	-0.0885668
chr3	75750000	76000000	-0.297813
chr3	76000000	76250000	-0.57935
chr3	76250000	76500000	-0.706975
chr3	76500000	76750000	-0.756302
chr3	76750000	77000000	-0.807721
chr3	77000000	77250000	-0.752366
chr3	77250000	77500000	-0.669715
chr3	77500000	77750000	-0.546221
chr3	77750000	78000000	-0.646455
chr3	78000000	78250000	-0.673874
chr3	78250000	78500000	-0.629168
chr3	78500000	78750000	-0.527301
chr3	78750000	79000000	-0.0119318
chr3	79000000	79250000	0.703885
chr3	79250000	79500000	0.76964
chr3	79500000	79750000	0.73207
chr3	79750000	80000000	0.893141
chr3	80000000	80250000	0.194242
chr3	80250000	80500000	-0.308284
chr3	80500000	80750000	-0.36894
chr3	80750000	81000000	-0.3938
chr3	81000000	81250000	-0.542495
chr3	81250000	81500000	-0.783814
chr3	81500000	81750000	-0.65982
chr3	81750000	82000000	-0.296451
chr3	82000000	82250000	-0.515609
chr3	82250000	82500000	-0.665412
chr3	82500000	82750000	-0.620091
chr3	82750000	83000000	-0.305494
chr3	83000000	83250000	-0.144254
chr3	83250000	83500000	-0.480257
chr3	83500000	83750000	-0.14435
chr3	83750000	84000000	0.360735
chr3	84000000	84250000	0.822705
chr3	84250000	84500000	0.957831
chr3	84500000	84750000	1.02327
chr3	84750000	85000000	0.939143
chr3	85000000	85250000	0.146574
chr3	85250000	85500000	0.0226216
chr3	85500000	85750000	0.438345
chr3	85750000	86000000	0.0213102
chr3	86000000	86250000	0.604
chr3	86250000	86500000	0.842437
chr3	86500000	86750000	0.865506
chr3	86750000	87000000	0.237561
chr3	87000000	87250000	-0.0754362
chr3	87250000	87500000	0.0417176
chr3	87500000	87750000	0.625281
chr3	87750000	88000000	0.814438
chr3	88000000	88250000	0.801562
chr3	88250000	88500000	0.866914
chr3	88500000	88750000	0.826339
chr3	88750000	89000000	0.839044
chr3	89000000	89250000	0.829377
chr3	89250000	89500000	0.759622
chr3	89500000	89750000	0.498479
chr3	89750000	90000000	0.655382
chr3	90000000	90250000	0.929449
chr3	90250000	90500000	1.23848
chr3	90500000	90750000	0.323606
chr3	90750000	91000000	-0.846425
chr3	91000000	91250000	-1.09695
chr3	91250000	91500000	-1.04453
chr3	91500000	91750000	-0.829638
chr3	91750000	92000000	-0.967544
chr3	92000000	92250000	-0.822139
chr3	92250000	92500000	-0.911408
chr3	92500000	92750000	-0.850308
chr3	92750000	93000000	-0.840948
chr3	93000000	93250000	-0.962297
chr3	93250000	93500000	-0.944808
chr3	93500000	93750000	-0.785925
chr3	93750000	94000000	-0.905642
chr3	94000000	94250000	nan
chr3	94250000	94500000	0.317776
chr3	94500000	94750000	0.891546
chr3	94750000	95000000	0.947284
chr3	95000000	95250000	0.993057
chr3	95250000	95500000	0.888669
chr3	95500000	95750000	0.818324
chr3	95750000	96000000	0.907761
chr3	96000000	96250000	0.946858
chr3	96250000	96500000	0.795195
chr3	96500000	96750000	1.11269
chr3	96750000	97000000	0.774639
chr3	97000000	97250000	0.435099
chr3	97250000	97500000	-0.140195
chr3	97500000	97750000	0.170076
chr3	97750000	98000000	-0.152245
chr3	98000000	98250000	-0.724287
chr3	98250000	98500000	-0.8697
chr3	98500000	98750000	-0.938736
chr3	98750000	99000000	-0.826107
chr3	99000000	99250000	-0.434081
chr3	99250000	99500000	-0.739361
chr3	99500000	99750000	-0.96432
chr3	99750000	100000000	-0.807653
chr3	100000000	100250000	0.0565566
chr3	100250000	100500000	0.558495
chr3	100500000	100750000	0.859244
chr3	100750000	101000000	0.56462
chr3	101000000	101250000	0.0751285
chr3	101250000	101500000	0.781199
chr3	101500000	101750000	0.391393
chr3	101750000	102000000	-0.0161339
chr3	102000000	102250000	0.242352
chr3	102250000	102500000	-0.205958
chr3	102500000	102750000	-0.155117
chr3	102750000	103000000	0.130025
chr3	103000000	103250000	1.0561
chr3	103250000	103500000	0.7386
chr3	103500000	103750000	0.143788
chr3	103750000	104000000	1.04239
chr3	104000000	104250000	0.183642
chr3	104250000	104500000	0.180312
chr3	104500000	104750000	0.638456
chr3	104750000	105000000	0.72854
chr3	105000000	105250000	-0.110073
chr3	105250000	105500000	-0.22588
chr3	105500000	105750000	0.312872
chr3	105750000	106000000	1.10181
chr3	106000000	106250000	-0.285637
chr3	106250000	106500000	-0.385188
chr3	106500000	106750000	0.0593277
chr3	106750000	107000000	-0.376738
chr3	107000000	107250000	-0.205702
chr3	107250000	107500000	0.500547
chr3	107500000	107750000	0.610621
chr3	107750000	108000000	0.653948
chr3	108000000	108250000	0.905016
chr3	108250000	108500000	0.836887
chr3	108500000	108750000	0.907047
chr3	108750000	109000000	0.896428
chr3	109000000	109250000	0.0261518
chr3	109250000	109500000	-0.530191
chr3	109500000	109750000	-0.818354
chr3	109750000	110000000	-0.970489
chr3	110000000	110250000	-0.770808
chr3	110250000	110500000	-0.710845
chr3	110500000	110750000	-0.871474
chr3	110750000	111000000	-0.840901
chr3	111000000	111250000	-0.802485
chr3	111250000	111500000	-0.823674
chr3	111500000	111750000	-0.809443
chr3	111750000	112000000	-0.739878
chr3	112000000	112250000	-0.769526
chr3	112250000	112500000	-0.755613
chr3	112500000	112750000	-0.790554
chr3	112750000	113000000	-0.814695
chr3	113000000	113250000	-0.763908
chr3	113250000	113500000	nan
chr3	113500000	113750000	-0.234807
chr3	113750000	114000000	-0.789049
chr3	114000000	114250000	-0.659808
chr3	114250000	114500000	-0.645771
chr3	114500000	114750000	-0.318483
chr3	114750000	115000000	-0.0546011
chr3	115000000	115250000	-0.410991
chr3	115250000	115500000	-0.431519
chr3	115500000	115750000	0.360135
chr3	115750000	116000000	0.826603
chr3	116000000	116250000	0.0526303
chr3	116250000	116500000	0.698239
chr3	116500000	116750000	1.13619
chr3	116750000	117000000	0.670079
chr3	117000000	117250000	-0.484223
chr3	117250000	117500000	-0.776179
chr3	117500000	117750000	-0.934741
chr3	117750000	118000000	-0.848992
chr3	118000000	118250000	-0.776522
chr3	118250000	118500000	-0.713396
chr3	118500000	118750000	-0.680426
chr3	118750000	119000000	-0.740912
chr3	119000000	119250000	-0.707325
chr3	119250000	119500000	-0.683388
chr3	119500000	119750000	-0.391807
chr3	119750000	120000000	-0.378091
chr3	120000000	120250000	-0.687693
chr3	120250000	120500000	-0.76272
chr3	120500000	120750000	-0.788693
chr3	120750000	121000000	-0.607455
chr3	121000000	121250000	0.267257
chr3	121250000	121500000	0.736374
chr3	121500000	121750000	0.173421
chr3	121750000	122000000	0.0628159
chr3	122000000	122250000	0.144645
chr3	122250000	122500000	0.107433
chr3	122500000	122750000	-0.428632
chr3	122750000	123000000	-0.113912
chr3	123000000	123250000	-0.411356
chr3	123250000	123500000	-0.0555506
chr3	123500000	123750000	-0.472332
chr3	123750000	124000000	-0.762797
chr3	124000000	124250000	-0.720549
chr3	124250000	124500000	-0.444755
chr3	124500000	124750000	0.228451
chr3	124750000	125000000	0.283267
chr3	125000000	125250000	0.631119
chr3	125250000	125500000	0.683574
chr3	125500000	125750000	0.678262
chr3	125750000	126000000	0.155912
chr3	126000000	126250000	-0.392723
chr3	126250000	126500000	-0.589995
chr3	126500000	126750000	-0.739061
chr3	126750000	127000000	-0.383261
chr3	127000000	127250000	-0.0640356
chr3	127250000	127500000	0.745558
chr3	127500000	127750000	0.559595
chr3	127750000	128000000	0.690147
chr3	128000000	128250000	-0.288944
chr3	128250000	128500000	-0.522216
chr3	128500000	128750000	-0.86769
chr3	128750000	129000000	-0.839553
chr3	129000000	129250000	-0.966087
chr3	129250000	129500000	-0.397995
chr3	129500000	129750000	0.469107
chr3	129750000	130000000	0.151126
chr3	130000000	130250000	-0.202123
chr3	130250000	130500000	-0.863265
chr3	130500000	130750000	-0.0311955
chr3	130750000	131000000	-0.629222
chr3	131000000	131250000	-0.644875
chr3	131250000	131500000	-0.387179
chr3	131500000	131750000	-0.321792
chr3	131750000	132000000	-0.926832
chr3	132000000	132250000	-0.926698
chr3	132250000	132500000	-0.800092
chr3	132500000	132750000	-0.0475989
chr3	132750000	133000000	0.545611
chr3	133000000	133250000	0.702197
chr3	133250000	133500000	0.499295
chr3	133500000	133750000	0.812161
chr3	133750000	134000000	0.159731
chr3	134000000	134250000	-0.388919
chr3	134250000	134500000	-0.510825
chr3	134500000	134750000	-0.484064
chr3	134750000	135000000	-0.480687
chr3	135000000	135250000	-0.0602227
chr3	135250000	135500000	0.886507
chr3	135500000	135750000	1.08563
chr3	135750000	136000000	0.741008
chr3	136000000	136250000	0.492328
chr3	136250000	136500000	0.165547
chr3	136500000	136750000	0.463346
chr3	136750000	137000000	0.667823
chr3	137000000	137250000	-0.21564
chr3	137250000	137500000	-0.304604
chr3	137500000	137750000	-0.0549722
chr3	137750000	138000000	1.14511
chr3	138000000	138250000	0.706718
chr3	138250000	138500000	0.356455
chr3	138500000	138750000	0.50025
chr3	138750000	139000000	0.0515202
chr3	139000000	139250000	0.116824
chr3	139250000	139500000	-0.279163
chr3	139500000	139750000	0.329578
chr3	139750000	140000000	0.481336
chr3	140000000	140250000	-0.173072
chr3	140250000	140500000	-0.413349
chr3	140500000	140750000	-0.10526
chr3	140750000	141000000	0.56491
chr3	141000000	141250000	0.570874
chr3	141250000	141500000	0.0674359
chr3	141500000	141750000	-0.107879
chr3	141750000	142000000	-0.293215
chr3	142000000	142250000	-0.470116
chr3	142250000	142500000	0.419825
chr3	142500000	142750000	-0.0446409
chr3	142750000	143000000	0.827184
chr3	143000000	143250000	-0.300823
chr3	143250000	143500000	-0.57247
chr3	143500000	143750000	-0.467458
chr3	143750000	144000000	-0.444803
chr3	144000000	144250000	0.0112241
chr3	144250000	144500000	0.659723
chr3	144500000	144750000	1.24509
chr3	144750000	145000000	0.550203
chr3	145000000	145250000	0.520944
chr3	145250000	145500000	0.0656178
chr3	145500000	145750000	0.161359
chr3	145750000	146000000	0.487961
chr3	146000000	146250000	0.211073
chr3	146250000	146500000	0.633166
chr3	146500000	146750000	1.07845
chr3	146750000	147000000	0.295995
chr3	147000000	147250000	-0.631702
chr3	147250000	147500000	-0.723988
chr3	147500000	147750000	-0.729389
chr3	147750000	148000000	-0.72191
chr3	148000000	148250000	-0.692652
chr3	148250000	148500000	-0.719997
chr3	148500000	148750000	-0.679661
chr3	148750000	149000000	-0.687555
chr3	149000000	149250000	-0.683581
chr3	149250000	149500000	-0.563524
chr3	149500000	149750000	-0.618941
chr3	149750000	150000000	-0.60243
chr3	150000000	150250000	-0.460596
chr3	150250000	150500000	-0.450974
chr3	150500000	150750000	-0.607388
chr3	150750000	151000000	-0.62913
chr3	151000000	151250000	-0.684162
chr3	151250000	151500000	-0.752847
chr3	151500000	151750000	-0.750023
chr3	151750000	152000000	-0.625068
chr3	152000000	152250000	0.363573
chr3	152250000	152500000	0.986652
chr3	152500000	152750000	0.101479
chr3	152750000	153000000	0.143349
chr3	153000000	153250000	0.185409
chr3	153250000	153500000	0.882277
chr3	153500000	153750000	1.32464
chr3	153750000	154000000	1.19062
chr3	154000000	154250000	0.0985431
chr3	154250000	154500000	-0.434824
chr3	154500000	154750000	-0.257188
chr3	154750000	155000000	-0.623786
chr3	155000000	155250000	-0.420117
chr3	155250000	155500000	-0.596608
chr3	155500000	155750000	-0.594368
chr3	155750000	156000000	-0.573206
chr3	156000000	156250000	-0.569615
chr3	156250000	156500000	-0.489252
chr3	156500000	156750000	-0.590114
chr3	156750000	157000000	-0.700582
chr3	157000000	157250000	-0.673934
chr3	157250000	157500000	-0.422011
chr3	157500000	157750000	0.0832321
chr3	157750000	158000000	0.0268042
chr3	158000000	158250000	0.0655353
chr3	158250000	158500000	-0.653025
chr3	158500000	158750000	-0.745393
chr3	158750000	159000000	-0.753464
chr3	159000000	159250000	-0.746409
chr3	159250000	159500000	-0.574244
chr3	159500000	159750000	-0.303707
chr3	159750000	160000000	-0.488518
chr3	160000000	160039680	nan
#bedGraph section chr4:0-156508116
chr4	0	250000	nan
chr4	250000	500000	nan
chr4	500000	750000	nan
chr4	750000	1000000	nan
chr4	1000000	1250000	nan
chr4	1250000	1500000	nan
chr4	1500000	1750000	nan
chr4	1750000	2000000	nan
chr4	2000000	2250000	nan
chr4	2250000	2500000	nan
chr4	2500000	2750000	nan
chr4	2750000	3000000	nan
chr4	3000000	3250000	0.048689
chr4	3250000	3500000	0.0763107
chr4	3500000	3750000	1.03202
chr4	3750000	4000000	0.976104
chr4	4000000	4250000	-0.177258
chr4	4250000	4500000	0.0125081
chr4	4500000	4750000	0.178109
chr4	4750000	5000000	-0.209206
chr4	5000000	5250000	-0.679898
chr4	5250000	5500000	-0.806547
chr4	5500000	5750000	-0.648113
chr4	5750000	6000000	-0.598314
chr4	6000000	6250000	-0.0800189
chr4	6250000	6500000	1.18041
chr4	6500000	6750000	-0.134838
chr4	6750000	7000000	-0.488111
chr4	7000000	7250000	-0.794811
chr4	7250000	7500000	-0.857483
chr4	7500000	7750000	-0.787976
chr4	7750000	8000000	-0.4477
chr4	8000000	8250000	0.0739883
chr4	8250000	8500000	0.068454
chr4	8500000	8750000	0.484935
chr4	8750000	9000000	-0.283615
chr4	9000000	9250000	-0.101769
chr4	9250000	9500000	0.0583366
chr4	9500000	9750000	1.39956
chr4	9750000	10000000	0.312528
chr4	10000000	10250000	-0.266936
chr4	10250000	10500000	-0.354131
chr4	10500000	10750000	-0.318396
chr4	10750000	11000000	0.730674
chr4	11000000	11250000	1.54539
chr4	11250000	11500000	1.41142
chr4	11500000	11750000	0.813915
chr4	11750000	12000000	0.343053
chr4	12000000	12250000	0.432601
chr4	12250000	12500000	-0.459258
chr4	12500000	12750000	-0.280483
chr4	12750000	13000000	-0.622849
chr4	13000000	13250000	-0.390204
chr4	13250000	13500000	-0.811214
chr4	13500000	13750000	-0.805113
chr4	13750000	14000000	-0.645652
chr4	14000000	14250000	-0.861481
chr4	14250000	14500000	-0.59606
chr4	14500000	14750000	-0.295629
chr4	14750000	15000000	0.607371
chr4	15000000	15250000	0.00176326
chr4	15250000	15500000	0.398257
chr4	15500000	15750000	-0.281673
chr4	15750000	16000000	0.245815
chr4	16000000	16250000	0.0961027
chr4	16250000	16500000	-0.597736
chr4	16500000	16750000	-0.807435
chr4	16750000	17000000	-0.908819
chr4	17000000	17250000	-0.897909
chr4	17250000	17500000	-0.927508
chr4	17500000	17750000	-0.867324
chr4	17750000	18000000	-0.863366
chr4	18000000	18250000	-0.779482
chr4	18250000	18500000	-0.802428
chr4	18500000	18750000	-0.839289
chr4	18750000	19000000	-0.832659
chr4	19000000	19250000	-0.774253
chr4	19250000	19500000	-0.570119
chr4	19500000	19750000	0.513816
chr4	19750000	20000000	-0.353618
chr4	20000000	20250000	-0.563539
chr4	20250000	20500000	-0.699766
chr4	20500000	20750000	-0.758454
chr4	20750000	21000000	-0.797889
chr4	21000000	21250000	-0.713608
chr4	21250000	21500000	-0.494744
chr4	21500000	21750000	-0.0452655
chr4	21750000	22000000	0.677562
chr4	22000000	22250000	-0.45151
chr4	22250000	22500000	-0.111299
chr4	22500000	22750000	-0.747245
chr4	22750000	23000000	-0.850072
chr4	23000000	23250000	-0.801224
chr4	23250000	23500000	-0.873891
chr4	23500000	23750000	-0.81819
chr4	23750000	24000000	-0.759947
chr4	24000000	24250000	-0.629253
chr4	24250000	24500000	-0.306444
chr4	24500000	24750000	0.267689
chr4	24750000	25000000	-0.355744
chr4	25000000	25250000	-0.419262
chr4	25250000	25500000	-0.0814412
chr4	25500000	25750000	0.00739305
chr4	25750000	26000000	-0.393299
chr4	26000000	26250000	-0.59939
chr4	26250000	26500000	-0.363472
chr4	26500000	26750000	-0.610493
chr4	26750000	27000000	-0.408902
chr4	27000000	27250000	-0.107843
chr4	27250000	27500000	0.0711555
chr4	27500000	27750000	-0.270032
chr4	27750000	28000000	-0.484516
chr4	28000000	28250000	-0.507704
chr4	28250000	28500000	-0.521521
chr4	28500000	28750000	-0.463556
chr4	28750000	29000000	-0.0848923
chr4	29000000	29250000	-0.223164
chr4	29250000	29500000	-0.488327
chr4	29500000	29750000	-0.571504
chr4	29750000	30000000	-0.470412
chr4	30000000	30250000	-0.408929
chr4	30250000	30500000	0.0211288
chr4	30500000	30750000	-0.406127
chr4	30750000	31000000	-0.539299
chr4	31000000	31250000	-0.58173
chr4	31250000	31500000	-0.480499
chr4	31500000	31750000	-0.365296
chr4	31750000	32000000	0.0993679
chr4	32000000	32250000	0.792178
chr4	32250000	32500000	0.542004
chr4	32500000	32750000	0.707945
chr4	32750000	33000000	1.15022
chr4	33000000	33250000	0.611413
chr4	33250000	33500000	0.813571
chr4	33500000	33750000	-0.0802376
chr4	33750000	34000000	-0.26738
chr4	34000000	34250000	-0.296151
chr4	34250000	34500000	-0.224629
chr4	34500000	34750000	0.807495
chr4	34750000	35000000	0.662193
chr4	35000000	35250000	0.367439
chr4	35250000	35500000	0.0191853
chr4	35500000	35750000	-0.244355
chr4	35750000	36000000	-0.479471
chr4	36000000	36250000	-0.530467
chr4	36250000	36500000	-0.490752
chr4	36500000	36750000	-0.516543
chr4	36750000	37000000	-0.508968
chr4	37000000	37250000	-0.629537
chr4	37250000	37500000	-0.673126
chr4	37500000	37750000	-0.705754
chr4	37750000	38000000	-0.689942
chr4	38000000	38250000	-0.694655
chr4	38250000	38500000	-0.67741
chr4	38500000	38750000	-0.574617
chr4	38750000	39000000	-0.7029
chr4	39000000	39250000	-0.585177
chr4	39250000	39500000	-0.601164
chr4	39500000	39750000	-0.464663
chr4	39750000	40000000	-0.423707
chr4	40000000	40250000	0.415156
chr4	40250000	40500000	0.690508
chr4	40500000	40750000	0.781142
chr4	40750000	41000000	1.22801
chr4	41000000	41250000	1.2082
chr4	41250000	41500000	1.20789
chr4	41500000	41750000	0.863447
chr4	41750000	42000000	nan
chr4	42000000	42250000	nan
chr4	42250000	42500000	nan
chr4	42500000	42750000	nan
chr4	42750000	43000000	0.980758
chr4	43000000	43250000	1.09022
chr4	43250000	43500000	0.976465
chr4	43500000	43750000	1.07001
chr4	43750000	44000000	0.841659
chr4	44000000	44250000	0.957216
chr4	44250000	44500000	0.402604
chr4	44500000	44750000	0.253667
chr4	44750000	45000000	1.01095
chr4	45000000	45250000	0.921885
chr4	45250000	45500000	0.789001
chr4	45500000	45750000	0.0990307
chr4	45750000	46000000	0.286482
chr4	46000000	46250000	0.690102
chr4	46250000	46500000	0.918729
chr4	46500000	46750000	0.833297
chr4	46750000	47000000	0.0769148
chr4	47000000	47250000	0.0913902
chr4	47250000	47500000	0.757827
chr4	47500000	47750000	-0.0564993
chr4	47750000	48000000	-0.0280721
chr4	48000000	48250000	0.664231
chr4	48250000	48500000	0.668879
chr4	48500000	48750000	-0.328078
chr4	48750000	49000000	-0.527498
chr4	49000000	49250000	-0.445024
chr4	49250000	49500000	-0.246117
chr4	49500000	49750000	0.479987
chr4	49750000	50000000	-0.417513
chr4	50000000	50250000	-0.642344
chr4	50250000	50500000	-0.736975
chr4	50500000	50750000	-0.737333
chr4	50750000	51000000	-0.701261
chr4	51000000	51250000	-0.706853
chr4	51250000	51500000	-0.69374
chr4	51500000	51750000	-0.703799
chr4	51750000	52000000	-0.703085
chr4	52000000	52250000	-0.53567
chr4	52250000	52500000	0.0245175
chr4	52500000	52750000	-0.340703
chr4	52750000	53000000	-0.102346
chr4	53000000	53250000	0.997768
chr4	53250000	53500000	0.997201
chr4	53500000	53750000	0.533222
chr4	53750000	54000000	-0.0107758
chr4	54000000	54250000	-0.705498
chr4	54250000	54500000	-0.826227
chr4	54500000	54750000	-0.797294
chr4	54750000	55000000	-0.764561
chr4	55000000	55250000	-0.610969
chr4	55250000	55500000	-0.120349
chr4	55500000	55750000	-0.786079
chr4	55750000	56000000	-0.83852
chr4	56000000	56250000	-0.802091
chr4	56250000	56500000	-0.780978
chr4	56500000	56750000	-0.474015
chr4	56750000	57000000	0.468003
chr4	57000000	57250000	-0.672783
chr4	57250000	57500000	-0.748871
chr4	57500000	57750000	-0.517479
chr4	57750000	58000000	-0.111282
chr4	58000000	58250000	-0.570039
chr4	58250000	58500000	-0.695932
chr4	58500000	58750000	-0.33131
chr4	58750000	59000000	0.917699
chr4	59000000	59250000	1.16074
chr4	59250000	59500000	1.1797
chr4	59500000	59750000	1.16588
chr4	59750000	60000000	0.709122
chr4	60000000	60250000	nan
chr4	60250000	60500000	nan
chr4	60500000	60750000	nan
chr4	60750000	61000000	nan
chr4	61000000	61250000	nan
chr4	61250000	61500000	nan
chr4	61500000	61750000	nan
chr4	61750000	62000000	-0.926261
chr4	62000000	62250000	-0.703252
chr4	62250000	62500000	0.708163
chr4	62500000	62750000	-0.101416
chr4	62750000	63000000	-0.832494
chr4	63000000	63250000	-0.945473
chr4	63250000	63500000	-0.851811
chr4	63500000	63750000	-0.417602
chr4	63750000	64000000	-0.81048
chr4	64000000	64250000	-0.837704
chr4	64250000	64500000	-0.810074
chr4	64500000	64750000	-0.81689
chr4	64750000	65000000	-0.781568
chr4	65000000	65250000	-0.805564
chr4	65250000	65500000	-0.815245
chr4	65500000	65750000	-0.822309
chr4	65750000	66000000	-0.832124
chr4	66000000	66250000	-0.846694
chr4	66250000	66500000	-0.820164
chr4	66500000	66750000	-0.727393
chr4	66750000	67000000	-0.777871
chr4	67000000	67250000	-0.774135
chr4	67250000	67500000	-0.740626
chr4	67500000	67750000	-0.738367
chr4	67750000	68000000	-0.724265
chr4	68000000	68250000	-0.695232
chr4	68250000	68500000	-0.720999
chr4	68500000	68750000	-0.726173
chr4	68750000	69000000	-0.661102
chr4	69000000	69250000	-0.608874
chr4	69250000	69500000	-0.772227
chr4	69500000	69750000	-0.808089
chr4	69750000	70000000	-0.830272
chr4	70000000	70250000	-0.635113
chr4	70250000	70500000	-0.0984403
chr4	70500000	70750000	-0.660776
chr4	70750000	71000000	-0.453588
chr4	71000000	71250000	-0.154635
chr4	71250000	71500000	-0.22988
chr4	71500000	71750000	-0.630104
chr4	71750000	72000000	-0.734692
chr4	72000000	72250000	-0.754031
chr4	72250000	72500000	-0.768903
chr4	72500000	72750000	-0.763285
chr4	72750000	73000000	-0.713477
chr4	73000000	73250000	-0.769553
chr4	73250000	73500000	-0.760933
chr4	73500000	73750000	-0.844596
chr4	73750000	74000000	-0.843149
chr4	74000000	74250000	-0.638569
chr4	74250000	74500000	0.0594835
chr4	74500000	74750000	-0.57653
chr4	74750000	75000000	-0.305267
chr4	75000000	75250000	0.164103
chr4	75250000	75500000	0.35139
chr4	75500000	75750000	0.264659
chr4	75750000	76000000	0.577065
chr4	76000000	76250000	0.202921
chr4	76250000	76500000	-0.35056
chr4	76500000	76750000	-0.60978
chr4	76750000	77000000	-0.702029
chr4	77000000	77250000	-0.749928
chr4	77250000	77500000	-0.750701
chr4	77500000	77750000	-0.74724
chr4	77750000	78000000	-0.7637
chr4	78000000	78250000	-0.726025
chr4	78250000	78500000	-0.709736
chr4	78500000	78750000	-0.7453
chr4	78750000	79000000	-0.741117
chr4	79000000	79250000	-0.713001
chr4	79250000	79500000	-0.740223
chr4	79500000	79750000	-0.719518
chr4	79750000	80000000	-0.709895
chr4	80000000	80250000	-0.74564
chr4	80250000	80500000	-0.758379
chr4	80500000	80750000	-0.811945
chr4	80750000	81000000	-0.80819
chr4	81000000	81250000	0.00385541
chr4	81250000	81500000	-0.137619
chr4	81500000	81750000	-0.626398
chr4	81750000	82000000	-0.80808
chr4	82000000	82250000	-0.822176
chr4	82250000	82500000	-0.686497
chr4	82500000	82750000	-0.363727
chr4	82750000	83000000	-0.134632
chr4	83000000	83250000	-0.221855
chr4	83250000	83500000	0.894581
chr4	83500000	83750000	0.616197
chr4	83750000	84000000	-0.249541
chr4	84000000	84250000	-0.722116
chr4	84250000	84500000	-0.77798
chr4	84500000	84750000	-0.784925
chr4	84750000	85000000	-0.835756
chr4	85000000	85250000	-0.722542
chr4	85250000	85500000	-0.675359
chr4	85500000	85750000	-0.500995
chr4	85750000	86000000	0.500283
chr4	86000000	86250000	0.207429
chr4	86250000	86500000	-0.112137
chr4	86500000	86750000	0.851515
chr4	86750000	87000000	0.638068
chr4	87000000	87250000	-0.422463
chr4	87250000	87500000	-0.362008
chr4	87500000	87750000	-0.177928
chr4	87750000	88000000	0.767476
chr4	88000000	88250000	0.876396
chr4	88250000	88500000	0.265611
chr4	88500000	88750000	0.0328397
chr4	88750000	89000000	0.670417
chr4	89000000	89250000	0.802081
chr4	89250000	89500000	0.928944
chr4	89500000	89750000	0.00456161
chr4	89750000	90000000	-0.532186
chr4	90000000	90250000	-0.656124
chr4	90250000	90500000	-0.717047
chr4	90500000	90750000	-0.720969
chr4	90750000	91000000	-0.699454
chr4	91000000	91250000	-0.701956
chr4	91250000	91500000	-0.660539
chr4	91500000	91750000	-0.622328
chr4	91750000	92000000	-0.528882
chr4	92000000	92250000	-0.525441
chr4	92250000	92500000	-0.506781
chr4	92500000	92750000	-0.363806
chr4	92750000	93000000	-0.195557
chr4	93000000	93250000	-0.0139137
chr4	93250000	93500000	0.577962
chr4	93500000	93750000	0.689958
chr4	93750000	94000000	0.0697604
chr4	94000000	94250000	-0.337963
chr4	94250000	94500000	-0.0716781
chr4	94500000	94750000	0.443786
chr4	94750000	95000000	-0.00128329
chr4	95000000	95250000	0.436004
chr4	95250000	95500000	-0.111508
chr4	95500000	95750000	-0.374225
chr4	95750000	96000000	-0.502246
chr4	96000000	96250000	-0.815828
chr4	96250000	96500000	-0.868444
chr4	96500000	96750000	-0.835202
chr4	96750000	97000000	-0.829867
chr4	97000000	97250000	-0.829968
chr4	97250000	97500000	-0.709072
chr4	97500000	97750000	-0.844674
chr4	97750000	98000000	-0.816198
chr4	98000000	98250000	-0.83413
chr4	98250000	98500000	-0.629042
chr4	98500000	98750000	-0.775062
chr4	98750000	99000000	-0.568295
chr4	99000000	99250000	-0.775583
chr4	99250000	99500000	-0.883617
chr4	99500000	99750000	-0.497273
chr4	99750000	100000000	0.431861
chr4	100000000	100250000	-0.420135
chr4	100250000	100500000	-0.645526
chr4	100500000	100750000	-0.688292
chr4	100750000	101000000	-0.412415
chr4	101000000	101250000	0.286024
chr4	101250000	101500000	0.118497
chr4	101500000	101750000	-0.126798
chr4	101750000	102000000	-0.747449
chr4	102000000	102250000	-0.901081
chr4	102250000	102500000	-0.966574
chr4	102500000	102750000	-0.902403
chr4	102750000	103000000	-0.780779
chr4	103000000	103250000	0.223313
chr4	103250000	103500000	-0.422148
chr4	103500000	103750000	-0.906679
chr4	103750000	104000000	-0.932119
chr4	104000000	104250000	-0.912844
chr4	104250000	104500000	-0.886025
chr4	104500000	104750000	-0.941239
chr4	104750000	105000000	-0.901397
chr4	105000000	105250000	-0.951288
chr4	105250000	105500000	-0.99533
chr4	105500000	105750000	-1.00241
chr4	105750000	106000000	-0.87227
chr4	106000000	106250000	-0.177061
chr4	106250000	106500000	0.926074
chr4	106500000	106750000	0.864426
chr4	106750000	107000000	1.16
chr4	107000000	107250000	0.943082
chr4	107250000	107500000	0.96201
chr4	107500000	107750000	0.787675
chr4	107750000	108000000	0.920581
chr4	108000000	108250000	0.692412
chr4	108250000	108500000	0.919438
chr4	108500000	108750000	0.870878
chr4	108750000	109000000	0.777061
chr4	109000000	109250000	1.06474
chr4	109250000	109500000	1.13843
chr4	109500000	109750000	0.916932
chr4	109750000	110000000	0.48894
chr4	110000000	110250000	-0.69579
chr4	110250000	110500000	-0.942373
chr4	110500000	110750000	-0.838422
chr4	110750000	111000000	-0.868304
chr4	111000000	111250000	-0.876284
chr4	111250000	111500000	-0.692273
chr4	111500000	111750000	-0.817515
chr4	111750000	112000000	-0.510438
chr4	112000000	112250000	nan
chr4	112250000	112500000	nan
chr4	112500000	112750000	nan
chr4	112750000	113000000	nan
chr4	113000000	113250000	nan
chr4	113250000	113500000	nan
chr4	113500000	113750000	-0.203549
chr4	113750000	114000000	-0.418936
chr4	114000000	114250000	-0.38325
chr4	114250000	114500000	-0.36175
chr4	114500000	114750000	0.0239635
chr4	114750000	115000000	0.123432
chr4	115000000	115250000	0.621094
chr4	115250000	115500000	-0.261222
chr4	115500000	115750000	-0.0319465
chr4	115750000	116000000	0.669341
chr4	116000000	116250000	1.08355
chr4	116250000	116500000	1.01911
chr4	116500000	116750000	1.07822
chr4	116750000	117000000	0.81558
chr4	117000000	117250000	0.970864
chr4	117250000	117500000	0.751154
chr4	117500000	117750000	0.746044
chr4	117750000	118000000	0.874207
chr4	118000000	118250000	0.807523
chr4	118250000	118500000	0.709822
chr4	118500000	118750000	0.370564
chr4	118750000	119000000	0.202841
chr4	119000000	119250000	1.11895
chr4	119250000	119500000	0.66483
chr4	119500000	119750000	0.501614
chr4	119750000	120000000	-0.608337
chr4	120000000	120250000	-0.885612
chr4	120250000	120500000	-0.356062
chr4	120500000	120750000	0.911092
chr4	120750000	121000000	0.912612
chr4	121000000	121250000	0.624933
chr4	121250000	121500000	-0.704581
chr4	121500000	121750000	-0.929349
chr4	121750000	122000000	nan
chr4	122000000	122250000	nan
chr4	122250000	122500000	nan
chr4	122500000	122750000	-0.84638
chr4	122750000	123000000	0.437801
chr4	123000000	123250000	0.525796
chr4	123250000	123500000	0.85258
chr4	123500000	123750000	0.661241
chr4	123750000	124000000	0.175063
chr4	124000000	124250000	-0.508009
chr4	124250000	124500000	-0.627083
chr4	124500000	124750000	0.192507
chr4	124750000	125000000	0.692984
chr4	125000000	125250000	0.018343
chr4	125250000	125500000	-1.08128
chr4	125500000	125750000	-1.15861
chr4	125750000	126000000	-0.885999
chr4	126000000	126250000	0.713024
chr4	126250000	126500000	0.826961
chr4	126500000	126750000	0.700302
chr4	126750000	127000000	0.978654
chr4	127000000	127250000	0.158818
chr4	127250000	127500000	-0.874693
chr4	127500000	127750000	-1.20451
chr4	127750000	128000000	-1.21749
chr4	128000000	128250000	-1.23817
chr4	128250000	128500000	-1.12865
chr4	128500000	128750000	-0.166996
chr4	128750000	129000000	0.319991
chr4	129000000	129250000	1.11801
chr4	129250000	129500000	1.17059
chr4	129500000	129750000	1.09586
chr4	129750000	130000000	0.875204
chr4	130000000	130250000	0.770329
chr4	130250000	130500000	0.934018
chr4	130500000	130750000	0.868484
chr4	130750000	131000000	0.71701
chr4	131000000	131250000	0.0886995
chr4	131250000	131500000	0.0372375
chr4	131500000	131750000	0.0923805
chr4	131750000	132000000	0.79692
chr4	132000000	132250000	0.90357
chr4	132250000	132500000	0.916531
chr4	132500000	132750000	0.859409
chr4	132750000	133000000	0.717757
chr4	133000000	133250000	0.767088
chr4	133250000	133500000	0.761865
chr4	133500000	133750000	0.74092
chr4	133750000	134000000	0.716313
chr4	134000000	134250000	0.685046
chr4	134250000	134500000	0.779929
chr4	134500000	134750000	0.691952
chr4	134750000	135000000	0.787242
chr4	135000000	135250000	0.652729
chr4	135250000	135500000	0.808276
chr4	135500000	135750000	0.490349
chr4	135750000	136000000	0.785085
chr4	136000000	136250000	0.832519
chr4	136250000	136500000	0.717908
chr4	136500000	136750000	0.730956
chr4	136750000	137000000	0.455934
chr4	137000000	137250000	0.496781
chr4	137250000	137500000	0.741113
chr4	137500000	137750000	0.626898
chr4	137750000	138000000	0.608357
chr4	138000000	138250000	1.07226
chr4	138250000	138500000	0.722562
chr4	138500000	138750000	-0.288222
chr4	138750000	139000000	0.601914
chr4	139000000	139250000	1.09997
chr4	139250000	139500000	1.08478
chr4	139500000	139750000	0.0772963
chr4	139750000	140000000	-0.986796
chr4	140000000	140250000	-1.09314
chr4	140250000	140500000	-0.877147
chr4	140500000	140750000	0.231113
chr4	140750000	141000000	0.954427
chr4	141000000	141250000	1.10162
chr4	141250000	141500000	0.950025
chr4	141500000	141750000	1.04276
chr4	141750000	142000000	0.362651
chr4	142000000	142250000	-0.831368
chr4	142250000	142500000	-0.983638
chr4	142500000	142750000	-0.945607
chr4	142750000	143000000	-0.917449
chr4	143000000	143250000	-0.0820468
chr4	143250000	143500000	-0.521118
chr4	143500000	143750000	nan
chr4	143750000	144000000	-0.764854
chr4	144000000	144250000	-0.777385
chr4	144250000	144500000	-0.796087
chr4	144500000	144750000	-0.834919
chr4	144750000	145000000	-0.277811
chr4	145000000	145250000	0.281006
chr4	145250000	145500000	-0.613783
chr4	145500000	145750000	-0.629799
chr4	145750000	146000000	nan
chr4	146000000	146250000	-0.590034
chr4	146250000	146500000	-0.637814
chr4	146500000	146750000	nan
chr4	146750000	147000000	nan
chr4	147000000	147250000	-0.639711
chr4	147250000	147500000	-0.709743
chr4	147500000	147750000	-0.751855
chr4	147750000	148000000	0.250527
chr4	148000000	148250000	0.614424
chr4	148250000	148500000	0.329811
chr4	148500000	148750000	0.788155
chr4	148750000	149000000	0.504735
chr4	149000000	149250000	0.793104
chr4	149250000	149500000	0.954623
chr4	149500000	149750000	0.781695
chr4	149750000	150000000	0.865144
chr4	150000000	150250000	0.819918
chr4	150250000	150500000	1.00488
chr4	150500000	150750000	0.979993
chr4	150750000	151000000	0.786986
chr4	151000000	151250000	-0.212978
chr4	151250000	151500000	-0.980188
chr4	151500000	151750000	-0.690882
chr4	151750000	152000000	0.425534
chr4	152000000	152250000	0.920428
chr4	152250000	152500000	-0.186204
chr4	152500000	152750000	-0.690645
chr4	152750000	153000000	-0.709987
chr4	153000000	153250000	-0.703633
chr4	153250000	153500000	-0.722165
chr4	153500000	153750000	-0.71703
chr4	153750000	154000000	-0.313124
chr4	154000000	154250000	-0.193651
chr4	154250000	154500000	-0.842987
chr4	154500000	154750000	-0.872821
chr4	154750000	155000000	0.202363
chr4	155000000	155250000	0.690045
chr4	155250000	155500000	0.435563
chr4	155500000	155750000	1.15241
chr4	155750000	156000000	1.15344
chr4	156000000	156250000	0.599366
chr4	156250000	156500000	nan
chr4	156500000	156508116	nan
#bedGraph section chr5:0-151834684
chr5	0	250000	nan
chr5	250000	500000	nan
chr5	500000	750000	nan
chr5	750000	1000000	nan
chr5	1000000	1250000	nan
chr5	1250000	1500000	nan
chr5	1500000	1750000	nan
chr5	1750000	2000000	nan
chr5	2000000	2250000	nan
chr5	2250000	2500000	nan
chr5	2500000	2750000	nan
chr5	2750000	3000000	nan
chr5	3000000	3250000	-0.146909
chr5	3250000	3500000	0.569481
chr5	3500000	3750000	0.813784
chr5	3750000	4000000	0.683935
chr5	4000000	4250000	0.344009
chr5	4250000	4500000	-0.635411
chr5	4500000	4750000	-0.770051
chr5	4750000	5000000	-0.498297
chr5	5000000	5250000	0.0655005
chr5	5250000	5500000	-0.235765
chr5	5500000	5750000	-0.0117845
chr5	5750000	6000000	-0.61124
chr5	6000000	6250000	-1.06908
chr5	6250000	6500000	-1.08487
chr5	6500000	6750000	-0.974885
chr5	6750000	7000000	-1.06468
chr5	7000000	7250000	-0.968187
chr5	7250000	7500000	-1.00197
chr5	7500000	7750000	-0.994213
chr5	7750000	8000000	-0.873977
chr5	8000000	8250000	-0.465545
chr5	8250000	8500000	-0.00139514
chr5	8500000	8750000	-0.661041
chr5	8750000	9000000	-0.365062
chr5	9000000	9250000	-0.000938476
chr5	9250000	9500000	-0.699253
chr5	9500000	9750000	-0.896543
chr5	9750000	10000000	-1.16274
chr5	10000000	10250000	-1.18253
chr5	10250000	10500000	-1.24381
chr5	10500000	10750000	-0.926362
chr5	10750000	11000000	nan
chr5	11000000	11250000	nan
chr5	11250000	11500000	nan
chr5	11500000	11750000	nan
chr5	11750000	12000000	nan
chr5	12000000	12250000	-0.62963
chr5	12250000	12500000	-0.715982
chr5	12500000	12750000	-0.36731
chr5	12750000	13000000	0.130664
chr5	13000000	13250000	-0.0973752
chr5	13250000	13500000	-0.218974
chr5	13500000	13750000	-0.55926
chr5	13750000	14000000	-1.03656
chr5	14000000	14250000	-1.01103
chr5	14250000	14500000	-1.09598
chr5	14500000	14750000	-1.09469
chr5	14750000	15000000	-0.747999
chr5	15000000	15250000	nan
chr5	15250000	15500000	nan
chr5	15500000	15750000	-0.579035
chr5	15750000	16000000	-0.454636
chr5	16000000	16250000	-0.367209
chr5	16250000	16500000	0.523532
chr5	16500000	16750000	0.701874
chr5	16750000	17000000	0.187789
chr5	17000000	17250000	-0.3928
chr5	17250000	17500000	-0.355003
chr5	17500000	17750000	0.175038
chr5	17750000	18000000	0.767686
chr5	18000000	18250000	0.02347
chr5	18250000	18500000	-0.335279
chr5	18500000	18750000	-0.837411
chr5	18750000	19000000	-0.952944
chr5	19000000	19250000	-0.823514
chr5	19250000	19500000	-0.571178
chr5	19500000	19750000	-0.53445
chr5	19750000	20000000	-0.518571
chr5	20000000	20250000	-0.402884
chr5	20250000	20500000	-0.290713
chr5	20500000	20750000	-0.030828
chr5	20750000	21000000	1.0661
chr5	21000000	21250000	0.88128
chr5	21250000	21500000	0.947368
chr5	21500000	21750000	0.920617
chr5	21750000	22000000	0.432339
chr5	22000000	22250000	-0.0117206
chr5	22250000	22500000	0.367214
chr5	22500000	22750000	0.185615
chr5	22750000	23000000	-0.234258
chr5	23000000	23250000	-0.0222383
chr5	23250000	23500000	0.668503
chr5	23500000	23750000	1.1505
chr5	23750000	24000000	1.09256
chr5	24000000	24250000	0.879762
chr5	24250000	24500000	0.95516
chr5	24500000	24750000	0.913183
chr5	24750000	25000000	0.918996
chr5	25000000	25250000	0.218455
chr5	25250000	25500000	0.883143
chr5	25500000	25750000	0.648997
chr5	25750000	26000000	0.230093
chr5	26000000	26250000	-0.654333
chr5	26250000	26500000	-0.91549
chr5	26500000	26750000	-1.09474
chr5	26750000	27000000	-1.00325
chr5	27000000	27250000	-0.781138
chr5	27250000	27500000	-0.547408
chr5	27500000	27750000	-0.119538
chr5	27750000	28000000	0.139887
chr5	28000000	28250000	-0.00218037
chr5	28250000	28500000	0.679092
chr5	28500000	28750000	-0.113457
chr5	28750000	29000000	-0.130301
chr5	29000000	29250000	0.13618
chr5	29250000	29500000	0.682531
chr5	29500000	29750000	0.878703
chr5	29750000	30000000	1.0748
chr5	30000000	30250000	0.945207
chr5	30250000	30500000	0.528414
chr5	30500000	30750000	0.63623
chr5	30750000	31000000	0.83943
chr5	31000000	31250000	0.94473
chr5	31250000	31500000	0.59072
chr5	31500000	31750000	0.809001
chr5	31750000	32000000	0.734571
chr5	32000000	32250000	0.430007
chr5	32250000	32500000	0.384829
chr5	32500000	32750000	0.571215
chr5	32750000	33000000	0.896069
chr5	33000000	33250000	0.63059
chr5	33250000	33500000	0.773729
chr5	33500000	33750000	0.874185
chr5	33750000	34000000	0.860382
chr5	34000000	34250000	0.617578
chr5	34250000	34500000	0.862891
chr5	34500000	34750000	0.985188
chr5	34750000	35000000	0.979502
chr5	35000000	35250000	0.491037
chr5	35250000	35500000	0.0246425
chr5	35500000	35750000	0.391678
chr5	35750000	36000000	-0.0581725
chr5	36000000	36250000	-0.0273345
chr5	36250000	36500000	0.276454
chr5	36500000	36750000	1.14426
chr5	36750000	37000000	0.207381
chr5	37000000	37250000	-0.682882
chr5	37250000	37500000	-0.817637
chr5	37500000	37750000	-0.939572
chr5	37750000	38000000	-0.649955
chr5	38000000	38250000	0.10311
chr5	38250000	38500000	0.356428
chr5	38500000	38750000	0.0577151
chr5	38750000	39000000	-0.658973
chr5	39000000	39250000	-1.00521
chr5	39250000	39500000	-0.969015
chr5	39500000	39750000	-1.02058
chr5	39750000	40000000	-0.929125
chr5	40000000	40250000	-0.952621
chr5	40250000	40500000	-0.981905
chr5	40500000	40750000	-1.00268
chr5	40750000	41000000	-0.830306
chr5	41000000	41250000	-0.41816
chr5	41250000	41500000	-0.498823
chr5	41500000	41750000	0.0563134
chr5	41750000	42000000	0.0202889
chr5	42000000	42250000	-0.315856
chr5	42250000	42500000	0.199041
chr5	42500000	42750000	0.221829
chr5	42750000	43000000	-0.154968
chr5	43000000	43250000	0.0312022
chr5	43250000	43500000	0.000562571
chr5	43500000	43750000	-0.183491
chr5	43750000	44000000	0.328634
chr5	44000000	44250000	0.175112
chr5	44250000	44500000	0.357049
chr5	44500000	44750000	-0.114343
chr5	44750000	45000000	-0.373317
chr5	45000000	45250000	-0.451036
chr5	45250000	45500000	0.0124566
chr5	45500000	45750000	0.257364
chr5	45750000	46000000	0.272651
chr5	46000000	46250000	-0.273713
chr5	46250000	46500000	-0.0455651
chr5	46500000	46750000	0.153719
chr5	46750000	47000000	0.00741249
chr5	47000000	47250000	0.0327917
chr5	47250000	47500000	0.208938
chr5	47500000	47750000	0.000897547
chr5	47750000	48000000	-0.0423067
chr5	48000000	48250000	0.0863872
chr5	48250000	48500000	0.341945
chr5	48500000	48750000	0.59127
chr5	48750000	49000000	-0.217916
chr5	49000000	49250000	-0.349528
chr5	49250000	49500000	-0.259157
chr5	49500000	49750000	-0.184252
chr5	49750000	50000000	0.49779
chr5	50000000	50250000	-0.00753174
chr5	50250000	50500000	-0.384437
chr5	50500000	50750000	-0.394339
chr5	50750000	51000000	-0.241543
chr5	51000000	51250000	0.0174035
chr5	51250000	51500000	0.000265342
chr5	51500000	51750000	0.431737
chr5	51750000	52000000	0.823708
chr5	52000000	52250000	0.571217
chr5	52250000	52500000	-0.140254
chr5	52500000	52750000	0.369188
chr5	52750000	53000000	0.560071
chr5	53000000	53250000	0.140399
chr5	53250000	53500000	-0.0482451
chr5	53500000	53750000	0.0349943
chr5	53750000	54000000	-0.035019
chr5	54000000	54250000	0.151493
chr5	54250000	54500000	-0.712562
chr5	54500000	54750000	-0.840218
chr5	54750000	55000000	-0.726914
chr5	55000000	55250000	-0.871271
chr5	55250000	55500000	-0.789021
chr5	55500000	55750000	-0.81155
chr5	55750000	56000000	-0.839909
chr5	56000000	56250000	-0.808539
chr5	56250000	56500000	-0.770171
chr5	56500000	56750000	-0.756983
chr5	56750000	57000000	-0.76473
chr5	57000000	57250000	-0.764362
chr5	57250000	57500000	-0.647742
chr5	57500000	57750000	-0.185308
chr5	57750000	58000000	0.667749
chr5	58000000	58250000	0.107183
chr5	58250000	58500000	-0.325893
chr5	58500000	58750000	-0.436488
chr5	58750000	59000000	-0.540747
chr5	59000000	59250000	-0.743232
chr5	59250000	59500000	-0.643177
chr5	59500000	59750000	-0.718773
chr5	59750000	60000000	-0.760523
chr5	60000000	60250000	-0.781125
chr5	60250000	60500000	-0.786737
chr5	60500000	60750000	-0.751681
chr5	60750000	61000000	-0.821591
chr5	61000000	61250000	-0.777164
chr5	61250000	61500000	-0.768076
chr5	61500000	61750000	-0.776925
chr5	61750000	62000000	-0.894035
chr5	62000000	62250000	-0.890433
chr5	62250000	62500000	-0.918329
chr5	62500000	62750000	-0.912651
chr5	62750000	63000000	-0.608973
chr5	63000000	63250000	-0.33743
chr5	63250000	63500000	-0.636869
chr5	63500000	63750000	-0.659497
chr5	63750000	64000000	0.0750098
chr5	64000000	64250000	0.672683
chr5	64250000	64500000	0.599545
chr5	64500000	64750000	0.946436
chr5	64750000	65000000	0.510385
chr5	65000000	65250000	0.25838
chr5	65250000	65500000	0.920578
chr5	65500000	65750000	1.04671
chr5	65750000	66000000	1.03966
chr5	66000000	66250000	0.0704596
chr5	66250000	66500000	-0.906538
chr5	66500000	66750000	-1.05432
chr5	66750000	67000000	-1.23824
chr5	67000000	67250000	-0.892628
chr5	67250000	67500000	0.129918
chr5	67500000	67750000	-0.0408742
chr5	67750000	68000000	0.549864
chr5	68000000	68250000	-0.425774
chr5	68250000	68500000	-0.786781
chr5	68500000	68750000	-0.982412
chr5	68750000	69000000	-0.886159
chr5	69000000	69250000	-0.866597
chr5	69250000	69500000	-0.763742
chr5	69500000	69750000	-0.432295
chr5	69750000	70000000	-0.77981
chr5	70000000	70250000	-0.753365
chr5	70250000	70500000	-0.576136
chr5	70500000	70750000	-0.0744962
chr5	70750000	71000000	0.0334171
chr5	71000000	71250000	-0.540416
chr5	71250000	71500000	-0.702507
chr5	71500000	71750000	-0.566511
chr5	71750000	72000000	-0.528524
chr5	72000000	72250000	0.199595
chr5	72250000	72500000	0.18506
chr5	72500000	72750000	0.625826
chr5	72750000	73000000	0.966894
chr5	73000000	73250000	0.964091
chr5	73250000	73500000	0.906403
chr5	73500000	73750000	0.421745
chr5	73750000	74000000	0.190545
chr5	74000000	74250000	0.540313
chr5	74250000	74500000	0.453485
chr5	74500000	74750000	0.499515
chr5	74750000	75000000	0.322134
chr5	75000000	75250000	0.553374
chr5	75250000	75500000	0.942689
chr5	75500000	75750000	0.929496
chr5	75750000	76000000	0.8363
chr5	76000000	76250000	0.788936
chr5	76250000	76500000	0.557134
chr5	76500000	76750000	0.867033
chr5	76750000	77000000	0.921958
chr5	77000000	77250000	0.591662
chr5	77250000	77500000	-0.0639427
chr5	77500000	77750000	-1.07046
chr5	77750000	78000000	-1.00427
chr5	78000000	78250000	-0.933621
chr5	78250000	78500000	-0.856305
chr5	78500000	78750000	-0.862117
chr5	78750000	79000000	-0.836731
chr5	79000000	79250000	-0.777453
chr5	79250000	79500000	-0.664639
chr5	79500000	79750000	-0.770254
chr5	79750000	80000000	-0.745025
chr5	80000000	80250000	-0.745213
chr5	80250000	80500000	-0.729848
chr5	80500000	80750000	-0.737115
chr5	80750000	81000000	-0.700796
chr5	81000000	81250000	-0.596048
chr5	81250000	81500000	-0.468223
chr5	81500000	81750000	nan
chr5	81750000	82000000	-0.333796
chr5	82000000	82250000	-0.0276237
chr5	82250000	82500000	-0.316041
chr5	82500000	82750000	-0.393505
chr5	82750000	83000000	-0.133398
chr5	83000000	83250000	-0.391145
chr5	83250000	83500000	-0.527996
chr5	83500000	83750000	-0.700841
chr5	83750000	84000000	-0.492299
chr5	84000000	84250000	-0.363328
chr5	84250000	84500000	-0.123986
chr5	84500000	84750000	0.0574908
chr5	84750000	85000000	0.315661
chr5	85000000	85250000	0.191923
chr5	85250000	85500000	-0.100974
chr5	85500000	85750000	-0.435433
chr5	85750000	86000000	-0.435782
chr5	86000000	86250000	0.313503
chr5	86250000	86500000	-0.610788
chr5	86500000	86750000	-0.575614
chr5	86750000	87000000	-0.353154
chr5	87000000	87250000	-0.978209
chr5	87250000	87500000	-0.954947
chr5	87500000	87750000	-0.850052
chr5	87750000	88000000	-0.786092
chr5	88000000	88250000	-0.846706
chr5	88250000	88500000	-0.369844
chr5	88500000	88750000	0.71906
chr5	88750000	89000000	0.213847
chr5	89000000	89250000	-0.239326
chr5	89250000	89500000	-0.55833
chr5	89500000	89750000	-0.783285
chr5	89750000	90000000	-0.893149
chr5	90000000	90250000	-0.260628
chr5	90250000	90500000	0.512653
chr5	90500000	90750000	0.528226
chr5	90750000	91000000	0.568975
chr5	91000000	91250000	0.0114749
chr5	91250000	91500000	0.365907
chr5	91500000	91750000	0.913438
chr5	91750000	92000000	0.885627
chr5	92000000	92250000	1.03615
chr5	92250000	92500000	0.95254
chr5	92500000	92750000	0.104133
chr5	92750000	93000000	0.0500443
chr5	93000000	93250000	0.632535
chr5	93250000	93500000	0.242839
chr5	93500000	93750000	nan
chr5	93750000	94000000	nan
chr5	94000000	94250000	nan
chr5	94250000	94500000	nan
chr5	94500000	94750000	nan
chr5	94750000	95000000	nan
chr5	95000000	95250000	nan
chr5	95250000	95500000	nan
chr5	95500000	95750000	nan
chr5	95750000	96000000	-0.636584
chr5	96000000	96250000	0.509824
chr5	96250000	96500000	-0.255216
chr5	96500000	96750000	0.0693757
chr5	96750000	97000000	0.841374
chr5	97000000	97250000	0.183179
chr5	97250000	97500000	-0.409739
chr5	97500000	97750000	-0.750256
chr5	97750000	98000000	-0.82689
chr5	98000000	98250000	-0.804736
chr5	98250000	98500000	-0.848191
chr5	98500000	98750000	-0.907015
chr5	98750000	99000000	-0.87028
chr5	99000000	99250000	-0.942168
chr5	99250000	99500000	-1.00285
chr5	99500000	99750000	-1.00907
chr5	99750000	100000000	-0.554993
chr5	100000000	100250000	-0.413922
chr5	100250000	100500000	0.210128
chr5	100500000	100750000	0.698148
chr5	100750000	101000000	-0.336398
chr5	101000000	101250000	-0.821517
chr5	101250000	101500000	-0.904453
chr5	101500000	101750000	-0.910113
chr5	101750000	102000000	-0.919774
chr5	102000000	102250000	-0.8835
chr5	102250000	102500000	-0.973279
chr5	102500000	102750000	-0.782226
chr5	102750000	103000000	-0.98282
chr5	103000000	103250000	-1.01256
chr5	103250000	103500000	-0.883319
chr5	103500000	103750000	-0.129022
chr5	103750000	104000000	0.215592
chr5	104000000	104250000	-0.498836
chr5	104250000	104500000	-0.889663
chr5	104500000	104750000	-0.432455
chr5	104750000	105000000	-0.977581
chr5	105000000	105250000	-0.995857
chr5	105250000	105500000	0.0244154
chr5	105500000	105750000	0.364461
chr5	105750000	106000000	-0.268012
chr5	106000000	106250000	-0.984468
chr5	106250000	106500000	-0.987632
chr5	106500000	106750000	0.0913038
chr5	106750000	107000000	0.495759
chr5	107000000	107250000	0.968704
chr5	107250000	107500000	0.75242
chr5	107500000	107750000	0.81234
chr5	107750000	108000000	1.00012
chr5	108000000	108250000	0.949919
chr5	108250000	108500000	0.992256
chr5	108500000	108750000	0.795186
chr5	108750000	109000000	-0.363832
chr5	109000000	109250000	-0.624117
chr5	109250000	109500000	-0.752173
chr5	109500000	109750000	-0.113792
chr5	109750000	110000000	-0.11131
chr5	110000000	110250000	0.581657
chr5	110250000	110500000	0.768149
chr5	110500000	110750000	0.746048
chr5	110750000	111000000	0.603774
chr5	111000000	111250000	-0.256962
chr5	111250000	111500000	-0.366715
chr5	111500000	111750000	-1.11073
chr5	111750000	112000000	-1.08283
chr5	112000000	112250000	-0.647574
chr5	112250000	112500000	0.1893
chr5	112500000	112750000	-0.914139
chr5	112750000	113000000	-1.00302
chr5	113000000	113250000	-0.995779
chr5	113250000	113500000	-1.02394
chr5	113500000	113750000	-0.593696
chr5	113750000	114000000	0.715083
chr5	114000000	114250000	0.747887
chr5	114250000	114500000	0.879745
chr5	114500000	114750000	0.919955
chr5	114750000	115000000	0.880554
chr5	115000000	115250000	0.99137
chr5	115250000	115500000	1.01051
chr5	115500000	115750000	0.939921
chr5	115750000	116000000	0.722083
chr5	116000000	116250000	-0.367221
chr5	116250000	116500000	-0.896214
chr5	116500000	116750000	-0.944199
chr5	116750000	117000000	-0.871758
chr5	117000000	117250000	0.298212
chr5	117250000	117500000	-0.0134316
chr5	117500000	117750000	-1.07748
chr5	117750000	118000000	-0.848811
chr5	118000000	118250000	-0.224061
chr5	118250000	118500000	0.121089
chr5	118500000	118750000	0.37204
chr5	118750000	119000000	-0.787882
chr5	119000000	119250000	-1.08188
chr5	119250000	119500000	-1.06665
chr5	119500000	119750000	-0.986134
chr5	119750000	120000000	-1.02648
chr5	120000000	120250000	-0.169831
chr5	120250000	120500000	-0.245316
chr5	120500000	120750000	0.741701
chr5	120750000	121000000	0.380197
chr5	121000000	121250000	0.74196
chr5	121250000	121500000	1.02653
chr5	121500000	121750000	0.998081
chr5	121750000	122000000	0.774601
chr5	122000000	122250000	0.757981
chr5	122250000	122500000	0.844274
chr5	122500000	122750000	0.830467
chr5	122750000	123000000	0.781963
chr5	123000000	123250000	0.750594
chr5	123250000	123500000	0.789475
chr5	123500000	123750000	0.855519
chr5	123750000	124000000	0.834143
chr5	124000000	124250000	1.01608
chr5	124250000	124500000	1.13911
chr5	124500000	124750000	0.8457
chr5	124750000	125000000	-0.157935
chr5	125000000	125250000	-0.834181
chr5	125250000	125500000	0.575816
chr5	125500000	125750000	-0.701705
chr5	125750000	126000000	-0.938741
chr5	126000000	126250000	-0.903377
chr5	126250000	126500000	-0.891867
chr5	126500000	126750000	-0.790659
chr5	126750000	127000000	-0.874155
chr5	127000000	127250000	-0.887741
chr5	127250000	127500000	-0.885351
chr5	127500000	127750000	-0.622665
chr5	127750000	128000000	-0.827292
chr5	128000000	128250000	-0.842016
chr5	128250000	128500000	-0.850151
chr5	128500000	128750000	-0.931182
chr5	128750000	129000000	-0.756094
chr5	129000000	129250000	-0.582258
chr5	129250000	129500000	-0.859976
chr5	129500000	129750000	0.0808517
chr5	129750000	130000000	1.02951
chr5	130000000	130250000	0.935663
chr5	130250000	130500000	-0.253834
chr5	130500000	130750000	-0.8831
chr5	130750000	131000000	-0.868141
chr5	131000000	131250000	-0.847337
chr5	131250000	131500000	-0.831138
chr5	131500000	131750000	-0.803459
chr5	131750000	132000000	-0.801912
chr5	132000000	132250000	-0.354209
chr5	132250000	132500000	0.349512
chr5	132500000	132750000	-0.401616
chr5	132750000	133000000	-0.669916
chr5	133000000	133250000	-0.740471
chr5	133250000	133500000	-0.769719
chr5	133500000	133750000	-0.81384
chr5	133750000	134000000	-0.854791
chr5	134000000	134250000	-0.059987
chr5	134250000	134500000	0.657974
chr5	134500000	134750000	0.665134
chr5	134750000	135000000	0.591637
chr5	135000000	135250000	0.961456
chr5	135250000	135500000	0.477512
chr5	135500000	135750000	0.700959
chr5	135750000	136000000	0.745882
chr5	136000000	136250000	0.801737
chr5	136250000	136500000	0.115207
chr5	136500000	136750000	-0.0133994
chr5	136750000	137000000	0.459143
chr5	137000000	137250000	0.829874
chr5	137250000	137500000	0.669385
chr5	137500000	137750000	0.986274
chr5	137750000	138000000	0.594873
chr5	138000000	138250000	0.566885
chr5	138250000	138500000	0.0694626
chr5	138500000	138750000	0.153828
chr5	138750000	139000000	-0.0492424
chr5	139000000	139250000	0.408294
chr5	139250000	139500000	0.927602
chr5	139500000	139750000	0.723288
chr5	139750000	140000000	0.641294
chr5	140000000	140250000	0.637858
chr5	140250000	140500000	0.859273
chr5	140500000	140750000	0.85756
chr5	140750000	141000000	-0.177002
chr5	141000000	141250000	-0.863577
chr5	141250000	141500000	-0.915423
chr5	141500000	141750000	-0.870893
chr5	141750000	142000000	-0.953891
chr5	142000000	142250000	-0.879592
chr5	142250000	142500000	0.0652384
chr5	142500000	142750000	0.426812
chr5	142750000	143000000	0.778253
chr5	143000000	143250000	0.773652
chr5	143250000	143500000	0.865911
chr5	143500000	143750000	1.06576
chr5	143750000	144000000	0.868218
chr5	144000000	144250000	0.638386
chr5	144250000	144500000	-0.599657
chr5	144500000	144750000	-0.876483
chr5	144750000	145000000	0.599074
chr5	145000000	145250000	0.710344
chr5	145250000	145500000	-0.395575
chr5	145500000	145750000	-0.984038
chr5	145750000	146000000	-1.06131
chr5	146000000	146250000	-0.497833
chr5	146250000	146500000	-0.0541048
chr5	146500000	146750000	0.0972656
chr5	146750000	147000000	0.691715
chr5	147000000	147250000	0.10262
chr5	147250000	147500000	0.444689
chr5	147500000	147750000	0.547665
chr5	147750000	148000000	0.109963
chr5	148000000	148250000	-0.919885
chr5	148250000	148500000	-0.128413
chr5	148500000	148750000	-0.33372
chr5	148750000	149000000	0.334369
chr5	149000000	149250000	0.945716
chr5	149250000	149500000	0.468937
chr5	149500000	149750000	0.044221
chr5	149750000	150000000	-0.795641
chr5	150000000	150250000	-1.13834
chr5	150250000	150500000	-0.717444
chr5	150500000	150750000	0.499027
chr5	150750000	151000000	-0.336677
chr5	151000000	151250000	-0.518373
chr5	151250000	151500000	-0.248965
chr5	151500000	151750000	-0.321081
chr5	151750000	151834684	nan
#bedGraph section chr6:0-149736546
chr6	0	250000	nan
chr6	250000	500000	nan
chr6	500000	750000	nan
chr6	750000	1000000	nan
chr6	1000000	1250000	nan
chr6	1250000	1500000	nan
chr6	1500000	1750000	nan
chr6	1750000	2000000	nan
chr6	2000000	2250000	nan
chr6	2250000	2500000	nan
chr6	2500000	2750000	nan
chr6	2750000	3000000	nan
chr6	3000000	3250000	-0.196341
chr6	3250000	3500000	-0.316107
chr6	3500000	3750000	0.0714539
chr6	3750000	4000000	-0.275486
chr6	4000000	4250000	0.0120793
chr6	4250000	4500000	0.163725
chr6	4500000	4750000	0.709236
chr6	4750000	5000000	0.267468
chr6	5000000	5250000	0.737442
chr6	5250000	5500000	0.83879
chr6	5500000	5750000	-0.0385146
chr6	5750000	6000000	-0.0394847
chr6	6000000	6250000	0.554031
chr6	6250000	6500000	-0.114724
chr6	6500000	6750000	0.101885
chr6	6750000	7000000	0.101305
chr6	7000000	7250000	0.145631
chr6	7250000	7500000	-0.0808799
chr6	7500000	7750000	0.559937
chr6	7750000	8000000	1.02909
chr6	8000000	8250000	0.754982
chr6	8250000	8500000	1.09414
chr6	8500000	8750000	1.1278
chr6	8750000	9000000	0.451917
chr6	9000000	9250000	-0.383783
chr6	9250000	9500000	-0.63893
chr6	9500000	9750000	-0.838667
chr6	9750000	10000000	-0.879599
chr6	10000000	10250000	-0.860462
chr6	10250000	10500000	-0.801911
chr6	10500000	10750000	-0.767238
chr6	10750000	11000000	-0.805774
chr6	11000000	11250000	-0.520518
chr6	11250000	11500000	-0.174888
chr6	11500000	11750000	0.468944
chr6	11750000	12000000	0.863579
chr6	12000000	12250000	0.180508
chr6	12250000	12500000	-0.491997
chr6	12500000	12750000	-0.690725
chr6	12750000	13000000	-0.764615
chr6	13000000	13250000	-0.214473
chr6	13250000	13500000	-0.43996
chr6	13500000	13750000	0.536998
chr6	13750000	14000000	0.017605
chr6	14000000	14250000	-0.494166
chr6	14250000	14500000	-0.746429
chr6	14500000	14750000	-0.74104
chr6	14750000	15000000	-0.497996
chr6	15000000	15250000	-0.300841
chr6	15250000	15500000	-0.676737
chr6	15500000	15750000	-0.852193
chr6	15750000	16000000	-0.907164
chr6	16000000	16250000	-0.785766
chr6	16250000	16500000	-0.975403
chr6	16500000	16750000	-0.820659
chr6	16750000	17000000	-0.552634
chr6	17000000	17250000	-0.258341
chr6	17250000	17500000	-0.000543604
chr6	17500000	17750000	0.789024
chr6	17750000	18000000	1.15949
chr6	18000000	18250000	0.433039
chr6	18250000	18500000	0.129703
chr6	18500000	18750000	0.0337456
chr6	18750000	19000000	0.0157453
chr6	19000000	19250000	-0.522047
chr6	19250000	19500000	-0.796187
chr6	19500000	19750000	-0.832264
chr6	19750000	20000000	-0.78632
chr6	20000000	20250000	-0.882151
chr6	20250000	20500000	-0.850847
chr6	20500000	20750000	-0.795424
chr6	20750000	21000000	-0.640811
chr6	21000000	21250000	-0.461924
chr6	21250000	21500000	0.0620893
chr6	21500000	21750000	0.0260901
chr6	21750000	22000000	0.645678
chr6	22000000	22250000	0.181286
chr6	22250000	22500000	1.09099
chr6	22500000	22750000	-0.0332034
chr6	22750000	23000000	-0.301004
chr6	23000000	23250000	-0.629831
chr6	23250000	23500000	-0.779829
chr6	23500000	23750000	-0.86029
chr6	23750000	24000000	-0.925212
chr6	24000000	24250000	-0.720787
chr6	24250000	24500000	-0.429728
chr6	24500000	24750000	0.313644
chr6	24750000	25000000	-0.415332
chr6	25000000	25250000	-0.50372
chr6	25250000	25500000	-0.50878
chr6	25500000	25750000	-0.276701
chr6	25750000	26000000	0.18391
chr6	26000000	26250000	-0.314573
chr6	26250000	26500000	-0.149653
chr6	26500000	26750000	-0.00747489
chr6	26750000	27000000	0.230633
chr6	27000000	27250000	0.474603
chr6	27250000	27500000	0.782022
chr6	27500000	27750000	0.38921
chr6	27750000	28000000	0.384893
chr6	28000000	28250000	0.442143
chr6	28250000	28500000	0.486833
chr6	28500000	28750000	0.896809
chr6	28750000	29000000	0.470062
chr6	29000000	29250000	0.725086
chr6	29250000	29500000	0.963717
chr6	29500000	29750000	0.983595
chr6	29750000	30000000	0.904304
chr6	30000000	30250000	0.863479
chr6	30250000	30500000	0.825638
chr6	30500000	30750000	0.934652
chr6	30750000	31000000	0.815148
chr6	31000000	31250000	0.89321
chr6	31250000	31500000	0.823831
chr6	31500000	31750000	0.938567
chr6	31750000	32000000	0.232956
chr6	32000000	32250000	0.065209
chr6	32250000	32500000	0.308453
chr6	32500000	32750000	0.254011
chr6	32750000	33000000	0.563936
chr6	33000000	33250000	0.541185
chr6	33250000	33500000	0.895393
chr6	33500000	33750000	0.605878
chr6	33750000	34000000	0.477954
chr6	34000000	34250000	0.591915
chr6	34250000	34500000	0.610279
chr6	34500000	34750000	0.375221
chr6	34750000	35000000	0.703771
chr6	35000000	35250000	1.00586
chr6	35250000	35500000	0.301489
chr6	35500000	35750000	0.0305138
chr6	35750000	36000000	-0.387564
chr6	36000000	36250000	-0.666887
chr6	36250000	36500000	-0.663786
chr6	36500000	36750000	-0.760512
chr6	36750000	37000000	-0.409264
chr6	37000000	37250000	-0.0627636
chr6	37250000	37500000	0.168035
chr6	37500000	37750000	0.675665
chr6	37750000	38000000	0.89509
chr6	38000000	38250000	0.401426
chr6	38250000	38500000	1.06514
chr6	38500000	38750000	0.960615
chr6	38750000	39000000	1.05583
chr6	39000000	39250000	0.817717
chr6	39250000	39500000	0.852219
chr6	39500000	39750000	0.807382
chr6	39750000	40000000	0.127521
chr6	40000000	40250000	-0.119835
chr6	40250000	40500000	0.477689
chr6	40500000	40750000	-0.164824
chr6	40750000	41000000	-0.208932
chr6	41000000	41250000	0.558933
chr6	41250000	41500000	0.032537
chr6	41500000	41750000	0.542396
chr6	41750000	42000000	-0.0339546
chr6	42000000	42250000	-0.183103
chr6	42250000	42500000	0.251873
chr6	42500000	42750000	-0.324712
chr6	42750000	43000000	-0.554755
chr6	43000000	43250000	-0.436878
chr6	43250000	43500000	-0.0984475
chr6	43500000	43750000	0.283101
chr6	43750000	44000000	-0.379387
chr6	44000000	44250000	-0.436124
chr6	44250000	44500000	-0.463449
chr6	44500000	44750000	-0.23304
chr6	44750000	45000000	0.222852
chr6	45000000	45250000	-0.292447
chr6	45250000	45500000	-0.464489
chr6	45500000	45750000	-0.540684
chr6	45750000	46000000	-0.550647
chr6	46000000	46250000	-0.504315
chr6	46250000	46500000	-0.352242
chr6	46500000	46750000	-0.374667
chr6	46750000	47000000	-0.198806
chr6	47000000	47250000	0.473809
chr6	47250000	47500000	0.999786
chr6	47500000	47750000	1.20374
chr6	47750000	48000000	1.22271
chr6	48000000	48250000	0.58547
chr6	48250000	48500000	-0.0652433
chr6	48500000	48750000	0.133309
chr6	48750000	49000000	0.0457874
chr6	49000000	49250000	0.820251
chr6	49250000	49500000	0.469672
chr6	49500000	49750000	-0.0385615
chr6	49750000	50000000	0.015424
chr6	50000000	50250000	0.736386
chr6	50250000	50500000	0.368712
chr6	50500000	50750000	0.222673
chr6	50750000	51000000	0.246682
chr6	51000000	51250000	0.391742
chr6	51250000	51500000	0.544707
chr6	51500000	51750000	0.235403
chr6	51750000	52000000	0.334293
chr6	52000000	52250000	0.0652188
chr6	52250000	52500000	-0.115589
chr6	52500000	52750000	0.774521
chr6	52750000	53000000	0.258902
chr6	53000000	53250000	-0.696752
chr6	53250000	53500000	-1.15671
chr6	53500000	53750000	-1.14875
chr6	53750000	54000000	-1.15991
chr6	54000000	54250000	-0.915038
chr6	54250000	54500000	-0.138598
chr6	54500000	54750000	0.623363
chr6	54750000	55000000	0.961253
chr6	55000000	55250000	0.418049
chr6	55250000	55500000	-0.078587
chr6	55500000	55750000	-0.110484
chr6	55750000	56000000	-0.00728681
chr6	56000000	56250000	0.0753432
chr6	56250000	56500000	0.00753504
chr6	56500000	56750000	0.27562
chr6	56750000	57000000	0.838417
chr6	57000000	57250000	0.18048
chr6	57250000	57500000	-0.230255
chr6	57500000	57750000	0.383495
chr6	57750000	58000000	0.367287
chr6	58000000	58250000	-0.40866
chr6	58250000	58500000	-0.321546
chr6	58500000	58750000	0.397067
chr6	58750000	59000000	-0.0962813
chr6	59000000	59250000	-0.327813
chr6	59250000	59500000	-0.725035
chr6	59500000	59750000	-0.857141
chr6	59750000	60000000	-0.905774
chr6	60000000	60250000	-0.840876
chr6	60250000	60500000	-0.81041
chr6	60500000	60750000	-0.416415
chr6	60750000	61000000	0.152707
chr6	61000000	61250000	-0.355838
chr6	61250000	61500000	-0.636027
chr6	61500000	61750000	-0.795818
chr6	61750000	62000000	-0.654696
chr6	62000000	62250000	-0.740591
chr6	62250000	62500000	-0.765708
chr6	62500000	62750000	-0.801435
chr6	62750000	63000000	-0.762235
chr6	63000000	63250000	-0.806871
chr6	63250000	63500000	-0.764157
chr6	63500000	63750000	-0.758832
chr6	63750000	64000000	-0.742708
chr6	64000000	64250000	-0.83792
chr6	64250000	64500000	-0.873321
chr6	64500000	64750000	-0.742651
chr6	64750000	65000000	-0.575825
chr6	65000000	65250000	-0.192404
chr6	65250000	65500000	-0.321481
chr6	65500000	65750000	0.282261
chr6	65750000	66000000	0.172653
chr6	66000000	66250000	0.60239
chr6	66250000	66500000	0.815414
chr6	66500000	66750000	-0.0298037
chr6	66750000	67000000	0.13443
chr6	67000000	67250000	0.61475
chr6	67250000	67500000	0.512903
chr6	67500000	67750000	-0.309534
chr6	67750000	68000000	-0.548887
chr6	68000000	68250000	-0.562656
chr6	68250000	68500000	-0.551754
chr6	68500000	68750000	-0.666448
chr6	68750000	69000000	-0.715461
chr6	69000000	69250000	-0.599091
chr6	69250000	69500000	-0.516786
chr6	69500000	69750000	-0.611241
chr6	69750000	70000000	-0.703111
chr6	70000000	70250000	-0.482185
chr6	70250000	70500000	-0.291197
chr6	70500000	70750000	0.144627
chr6	70750000	71000000	0.702817
chr6	71000000	71250000	0.3669
chr6	71250000	71500000	0.777661
chr6	71500000	71750000	1.02451
chr6	71750000	72000000	1.00679
chr6	72000000	72250000	0.898353
chr6	72250000	72500000	1.18684
chr6	72500000	72750000	0.911495
chr6	72750000	73000000	0.462529
chr6	73000000	73250000	0.0293241
chr6	73250000	73500000	-0.488861
chr6	73500000	73750000	-0.857361
chr6	73750000	74000000	-0.841291
chr6	74000000	74250000	-0.802271
chr6	74250000	74500000	-0.727167
chr6	74500000	74750000	-0.53967
chr6	74750000	75000000	-0.719445
chr6	75000000	75250000	-0.761636
chr6	75250000	75500000	-0.7711
chr6	75500000	75750000	-0.782439
chr6	75750000	76000000	-0.730019
chr6	76000000	76250000	-0.78771
chr6	76250000	76500000	-0.799636
chr6	76500000	76750000	-0.846368
chr6	76750000	77000000	-0.848545
chr6	77000000	77250000	-0.863504
chr6	77250000	77500000	-0.836198
chr6	77500000	77750000	-0.794164
chr6	77750000	78000000	-0.846257
chr6	78000000	78250000	-0.846741
chr6	78250000	78500000	-0.860416
chr6	78500000	78750000	-0.84369
chr6	78750000	79000000	-0.840338
chr6	79000000	79250000	-0.808304
chr6	79250000	79500000	-0.824518
chr6	79500000	79750000	-0.799926
chr6	79750000	80000000	-0.80655
chr6	80000000	80250000	-0.722885
chr6	80250000	80500000	-0.822821
chr6	80500000	80750000	-0.8106
chr6	80750000	81000000	-0.819984
chr6	81000000	81250000	-0.809169
chr6	81250000	81500000	-0.915084
chr6	81500000	81750000	-0.915221
chr6	81750000	82000000	-0.247372
chr6	82000000	82250000	-0.320222
chr6	82250000	82500000	-0.139367
chr6	82500000	82750000	0.485386
chr6	82750000	83000000	1.071
chr6	83000000	83250000	1.05538
chr6	83250000	83500000	0.988431
chr6	83500000	83750000	0.603006
chr6	83750000	84000000	0.84036
chr6	84000000	84250000	0.157227
chr6	84250000	84500000	0.056165
chr6	84500000	84750000	0.128468
chr6	84750000	85000000	0.547295
chr6	85000000	85250000	0.310004
chr6	85250000	85500000	0.461888
chr6	85500000	85750000	0.49886
chr6	85750000	86000000	0.654548
chr6	86000000	86250000	0.974172
chr6	86250000	86500000	0.878979
chr6	86500000	86750000	0.882549
chr6	86750000	87000000	0.887385
chr6	87000000	87250000	0.715911
chr6	87250000	87500000	0.560494
chr6	87500000	87750000	0.866063
chr6	87750000	88000000	0.886389
chr6	88000000	88250000	0.897444
chr6	88250000	88500000	0.896094
chr6	88500000	88750000	0.811154
chr6	88750000	89000000	0.851044
chr6	89000000	89250000	0.343336
chr6	89250000	89500000	0.607135
chr6	89500000	89750000	0.412134
chr6	89750000	90000000	-0.180597
chr6	90000000	90250000	-0.159059
chr6	90250000	90500000	0.357224
chr6	90500000	90750000	0.804136
chr6	90750000	91000000	0.287581
chr6	91000000	91250000	0.576773
chr6	91250000	91500000	0.45896
chr6	91500000	91750000	0.473841
chr6	91750000	92000000	0.276491
chr6	92000000	92250000	0.624912
chr6	92250000	92500000	-0.47817
chr6	92500000	92750000	-0.72504
chr6	92750000	93000000	-0.760308
chr6	93000000	93250000	-0.786112
chr6	93250000	93500000	-0.640045
chr6	93500000	93750000	-0.403132
chr6	93750000	94000000	-0.232916
chr6	94000000	94250000	-0.483987
chr6	94250000	94500000	-0.345911
chr6	94500000	94750000	0.533737
chr6	94750000	95000000	0.0109926
chr6	95000000	95250000	-0.220749
chr6	95250000	95500000	-0.469597
chr6	95500000	95750000	0.313093
chr6	95750000	96000000	-0.695509
chr6	96000000	96250000	-0.858076
chr6	96250000	96500000	-0.855723
chr6	96500000	96750000	-0.905803
chr6	96750000	97000000	-0.828075
chr6	97000000	97250000	0.108695
chr6	97250000	97500000	-0.656844
chr6	97500000	97750000	-0.777721
chr6	97750000	98000000	-0.655117
chr6	98000000	98250000	-0.798409
chr6	98250000	98500000	-0.855493
chr6	98500000	98750000	-0.661961
chr6	98750000	99000000	-0.143347
chr6	99000000	99250000	0.835406
chr6	99250000	99500000	0.62535
chr6	99500000	99750000	-0.358523
chr6	99750000	100000000	-0.844201
chr6	100000000	100250000	-0.5283
chr6	100250000	100500000	-0.3781
chr6	100500000	100750000	-0.0466465
chr6	100750000	101000000	-0.326518
chr6	101000000	101250000	-0.892069
chr6	101250000	101500000	-0.953364
chr6	101500000	101750000	-0.902374
chr6	101750000	102000000	-0.87345
chr6	102000000	102250000	-0.802979
chr6	102250000	102500000	-0.736828
chr6	102500000	102750000	-0.577524
chr6	102750000	103000000	-0.769493
chr6	103000000	103250000	-0.845291
chr6	103250000	103500000	-0.754923
chr6	103500000	103750000	-0.143649
chr6	103750000	104000000	-0.824243
chr6	104000000	104250000	-0.757613
chr6	104250000	104500000	-0.695397
chr6	104500000	104750000	-0.384228
chr6	104750000	105000000	-0.106431
chr6	105000000	105250000	-0.658946
chr6	105250000	105500000	-0.805939
chr6	105500000	105750000	-0.711056
chr6	105750000	106000000	-0.817715
chr6	106000000	106250000	-0.767558
chr6	106250000	106500000	-0.795566
chr6	106500000	106750000	-0.56578
chr6	106750000	107000000	-0.430952
chr6	107000000	107250000	-0.857416
chr6	107250000	107500000	-0.882562
chr6	107500000	107750000	-0.860925
chr6	107750000	108000000	-0.665216
chr6	108000000	108250000	0.291351
chr6	108250000	108500000	0.387221
chr6	108500000	108750000	0.377499
chr6	108750000	109000000	0.0776252
chr6	109000000	109250000	-0.743328
chr6	109250000	109500000	-0.79116
chr6	109500000	109750000	-0.742178
chr6	109750000	110000000	-0.787901
chr6	110000000	110250000	-0.753783
chr6	110250000	110500000	-0.751028
chr6	110500000	110750000	-0.83132
chr6	110750000	111000000	-0.817134
chr6	111000000	111250000	-0.768187
chr6	111250000	111500000	-0.877468
chr6	111500000	111750000	-0.899849
chr6	111750000	112000000	-0.963527
chr6	112000000	112250000	-0.834143
chr6	112250000	112500000	-0.813057
chr6	112500000	112750000	-0.0559588
chr6	112750000	113000000	-0.0856993
chr6	113000000	113250000	0.764343
chr6	113250000	113500000	0.995793
chr6	113500000	113750000	1.02795
chr6	113750000	114000000	-0.520101
chr6	114000000	114250000	-0.955369
chr6	114250000	114500000	-0.940152
chr6	114500000	114750000	0.287392
chr6	114750000	115000000	0.688337
chr6	115000000	115250000	0.461107
chr6	115250000	115500000	0.913982
chr6	115500000	115750000	0.995601
chr6	115750000	116000000	0.975823
chr6	116000000	116250000	0.856233
chr6	116250000	116500000	0.984513
chr6	116500000	116750000	0.165333
chr6	116750000	117000000	-0.815981
chr6	117000000	117250000	-1.03773
chr6	117250000	117500000	-1.04241
chr6	117500000	117750000	-0.766051
chr6	117750000	118000000	0.619241
chr6	118000000	118250000	0.282994
chr6	118250000	118500000	0.330085
chr6	118500000	118750000	0.510617
chr6	118750000	119000000	0.506219
chr6	119000000	119250000	0.38519
chr6	119250000	119500000	0.760197
chr6	119500000	119750000	0.620561
chr6	119750000	120000000	0.897117
chr6	120000000	120250000	0.939342
chr6	120250000	120500000	0.914041
chr6	120500000	120750000	1.04764
chr6	120750000	121000000	1.13706
chr6	121000000	121250000	1.11854
chr6	121250000	121500000	0.499653
chr6	121500000	121750000	-0.0228594
chr6	121750000	122000000	-0.198053
chr6	122000000	122250000	0.140556
chr6	122250000	122500000	0.9468
chr6	122500000	122750000	0.712208
chr6	122750000	123000000	0.742036
chr6	123000000	123250000	0.140784
chr6	123250000	123500000	0.829349
chr6	123500000	123750000	nan
chr6	123750000	124000000	-0.0212434
chr6	124000000	124250000	0.0042194
chr6	124250000	124500000	0.820775
chr6	124500000	124750000	0.977784
chr6	124750000	125000000	1.13567
chr6	125000000	125250000	1.18047
chr6	125250000	125500000	-0.212719
chr6	125500000	125750000	-1.00704
chr6	125750000	126000000	-0.929733
chr6	126000000	126250000	-1.0416
chr6	126250000	126500000	-0.995578
chr6	126500000	126750000	-0.890065
chr6	126750000	127000000	-0.180194
chr6	127000000	127250000	0.134936
chr6	127250000	127500000	0.25386
chr6	127500000	127750000	-0.679382
chr6	127750000	128000000	-1.03465
chr6	128000000	128250000	-0.87331
chr6	128250000	128500000	0.109463
chr6	128500000	128750000	-0.775244
chr6	128750000	129000000	-0.723716
chr6	129000000	129250000	-0.902493
chr6	129250000	129500000	-0.611714
chr6	129500000	129750000	-0.277551
chr6	129750000	130000000	-0.754147
chr6	130000000	130250000	-0.691113
chr6	130250000	130500000	-0.639467
chr6	130500000	130750000	-0.699621
chr6	130750000	131000000	-0.707895
chr6	131000000	131250000	-0.662042
chr6	131250000	131500000	-0.0763494
chr6	131500000	131750000	-0.698889
chr6	131750000	132000000	-0.726945
chr6	132000000	132250000	-0.765092
chr6	132250000	132500000	-0.767331
chr6	132500000	132750000	-0.717031
chr6	132750000	133000000	-0.774892
chr6	133000000	133250000	-0.479208
chr6	133250000	133500000	-0.799353
chr6	133500000	133750000	-0.684026
chr6	133750000	134000000	-0.195356
chr6	134000000	134250000	0.896031
chr6	134250000	134500000	0.293092
chr6	134500000	134750000	1.10118
chr6	134750000	135000000	1.1616
chr6	135000000	135250000	0.168954
chr6	135250000	135500000	-0.457687
chr6	135500000	135750000	-0.778446
chr6	135750000	136000000	-1.00055
chr6	136000000	136250000	-0.899112
chr6	136250000	136500000	0.059435
chr6	136500000	136750000	0.43428
chr6	136750000	137000000	0.699387
chr6	137000000	137250000	-0.620865
chr6	137250000	137500000	-0.88231
chr6	137500000	137750000	-0.652943
chr6	137750000	138000000	-0.418435
chr6	138000000	138250000	-0.663112
chr6	138250000	138500000	-0.691984
chr6	138500000	138750000	-0.546907
chr6	138750000	139000000	-0.640069
chr6	139000000	139250000	-0.673584
chr6	139250000	139500000	-0.742194
chr6	139500000	139750000	-0.735502
chr6	139750000	140000000	-0.633842
chr6	140000000	140250000	-0.771548
chr6	140250000	140500000	-0.710123
chr6	140500000	140750000	-0.298845
chr6	140750000	141000000	-0.624006
chr6	141000000	141250000	-0.79743
chr6	141250000	141500000	-0.724051
chr6	141500000	141750000	-0.747072
chr6	141750000	142000000	-0.753792
chr6	142000000	142250000	-0.533366
chr6	142250000	142500000	-0.137032
chr6	142500000	142750000	-0.19148
chr6	142750000	143000000	0.864407
chr6	143000000	143250000	0.884384
chr6	143250000	143500000	0.274233
chr6	143500000	143750000	0.168713
chr6	143750000	144000000	0.338798
chr6	144000000	144250000	-0.518235
chr6	144250000	144500000	-0.749167
chr6	144500000	144750000	-0.78872
chr6	144750000	145000000	-0.802611
chr6	145000000	145250000	-0.429417
chr6	145250000	145500000	-0.704374
chr6	145500000	145750000	-0.913359
chr6	145750000	146000000	-0.80934
chr6	146000000	146250000	-0.244859
chr6	146250000	146500000	0.461468
chr6	146500000	146750000	1.16438
chr6	146750000	147000000	0.509755
chr6	147000000	147250000	0.335695
chr6	147250000	147500000	-0.169724
chr6	147500000	147750000	0.0508383
chr6	147750000	148000000	-0.371635
chr6	148000000	148250000	0.30982
chr6	148250000	148500000	-0.267892
chr6	148500000	148750000	-0.258273
chr6	148750000	149000000	0.849625
chr6	149000000	149250000	0.757429
chr6	149250000	149500000	0.84652
chr6	149500000	149736546	nan
#bedGraph section chr7:0-145441459
chr7	0	250000	nan
chr7	250000	500000	nan
chr7	500000	750000	nan
chr7	750000	1000000	nan
chr7	1000000	1250000	nan
chr7	1250000	1500000	nan
chr7	1500000	1750000	nan
chr7	1750000	2000000	nan
chr7	2000000	2250000	nan
chr7	2250000	2500000	nan
chr7	2500000	2750000	nan
chr7	2750000	3000000	nan
chr7	3000000	3250000	-0.304597
chr7	3250000	3500000	0.235576
chr7	3500000	3750000	0.951244
chr7	3750000	4000000	nan
chr7	4000000	4250000	0.43387
chr7	4250000	4500000	0.395536
chr7	4500000	4750000	0.930513
chr7	4750000	5000000	0.776147
chr7	5000000	5250000	0.473699
chr7	5250000	5500000	-0.0143334
chr7	5500000	5750000	nan
chr7	5750000	6000000	-0.683411
chr7	6000000	6250000	0.00344862
chr7	6250000	6500000	-0.164743
chr7	6500000	6750000	-0.778392
chr7	6750000	7000000	-0.691118
chr7	7000000	7250000	-0.239784
chr7	7250000	7500000	-0.613517
chr7	7500000	7750000	nan
chr7	7750000	8000000	nan
chr7	8000000	8250000	nan
chr7	8250000	8500000	nan
chr7	8500000	8750000	nan
chr7	8750000	9000000	nan
chr7	9000000	9250000	nan
chr7	9250000	9500000	nan
chr7	9500000	9750000	nan
chr7	9750000	10000000	nan
chr7	10000000	10250000	-1.07332
chr7	10250000	10500000	-1.01792
chr7	10500000	10750000	-1.13584
chr7	10750000	11000000	nan
chr7	11000000	11250000	-1.04371
chr7	11250000	11500000	nan
chr7	11500000	11750000	-0.858658
chr7	11750000	12000000	-0.729252
chr7	12000000	12250000	-0.828311
chr7	12250000	12500000	-0.405106
chr7	12500000	12750000	-0.47353
chr7	12750000	13000000	0.490391
chr7	13000000	13250000	0.118402
chr7	13250000	13500000	-0.0430673
chr7	13500000	13750000	-0.641447
chr7	13750000	14000000	-0.951977
chr7	14000000	14250000	-0.998052
chr7	14250000	14500000	-0.963962
chr7	14500000	14750000	-1.08901
chr7	14750000	15000000	nan
chr7	15000000	15250000	nan
chr7	15250000	15500000	nan
chr7	15500000	15750000	nan
chr7	15750000	16000000	0.239114
chr7	16000000	16250000	1.07638
chr7	16250000	16500000	1.25568
chr7	16500000	16750000	1.00916
chr7	16750000	17000000	1.15165
chr7	17000000	17250000	0.533389
chr7	17250000	17500000	nan
chr7	17500000	17750000	-0.449624
chr7	17750000	18000000	-0.500532
chr7	18000000	18250000	-0.479652
chr7	18250000	18500000	-0.396839
chr7	18500000	18750000	-0.351319
chr7	18750000	19000000	0.402928
chr7	19000000	19250000	1.30037
chr7	19250000	19500000	1.2172
chr7	19500000	19750000	1.14664
chr7	19750000	20000000	0.417161
chr7	20000000	20250000	nan
chr7	20250000	20500000	nan
chr7	20500000	20750000	nan
chr7	20750000	21000000	nan
chr7	21000000	21250000	nan
chr7	21250000	21500000	nan
chr7	21500000	21750000	nan
chr7	21750000	22000000	nan
chr7	22000000	22250000	nan
chr7	22250000	22500000	nan
chr7	22500000	22750000	nan
chr7	22750000	23000000	nan
chr7	23000000	23250000	nan
chr7	23250000	23500000	-1.13589
chr7	23500000	23750000	-0.987261
chr7	23750000	24000000	-0.788794
chr7	24000000	24250000	0.0284154
chr7	24250000	24500000	0.885632
chr7	24500000	24750000	0.884816
chr7	24750000	25000000	0.817215
chr7	25000000	25250000	1.04521
chr7	25250000	25500000	1.02319
chr7	25500000	25750000	1.09589
chr7	25750000	26000000	0.0581297
chr7	26000000	26250000	nan
chr7	26250000	26500000	-0.654204
chr7	26500000	26750000	-0.511446
chr7	26750000	27000000	-0.186803
chr7	27000000	27250000	0.557966
chr7	27250000	27500000	1.05539
chr7	27500000	27750000	0.992613
chr7	27750000	28000000	0.749353
chr7	28000000	28250000	0.69992
chr7	28250000	28500000	0.867467
chr7	28500000	28750000	0.702878
chr7	28750000	29000000	0.878347
chr7	29000000	29250000	0.794737
chr7	29250000	29500000	0.783285
chr7	29500000	29750000	0.352502
chr7	29750000	30000000	0.774352
chr7	30000000	30250000	0.955145
chr7	30250000	30500000	0.780375
chr7	30500000	30750000	1.03418
chr7	30750000	31000000	0.6615
chr7	31000000	31250000	-0.1785
chr7	31250000	31500000	-0.990516
chr7	31500000	31750000	-1.08084
chr7	31750000	32000000	nan
chr7	32000000	32250000	nan
chr7	32250000	32500000	nan
chr7	32500000	32750000	nan
chr7	32750000	33000000	nan
chr7	33000000	33250000	nan
chr7	33250000	33500000	-0.909092
chr7	33500000	33750000	-1.04512
chr7	33750000	34000000	-0.782614
chr7	34000000	34250000	0.38359
chr7	34250000	34500000	0.373669
chr7	34500000	34750000	-0.681396
chr7	34750000	35000000	-0.0827517
chr7	35000000	35250000	0.313191
chr7	35250000	35500000	0.5148
chr7	35500000	35750000	0.689355
chr7	35750000	36000000	-0.409175
chr7	36000000	36250000	-1.02904
chr7	36250000	36500000	-1.0176
chr7	36500000	36750000	-1.02799
chr7	36750000	37000000	-1.01799
chr7	37000000	37250000	-1.01991
chr7	37250000	37500000	-0.943655
chr7	37500000	37750000	-0.980476
chr7	37750000	38000000	-0.48171
chr7	38000000	38250000	-0.470764
chr7	38250000	38500000	nan
chr7	38500000	38750000	nan
chr7	38750000	39000000	nan
chr7	39000000	39250000	nan
chr7	39250000	39500000	nan
chr7	39500000	39750000	-0.528591
chr7	39750000	40000000	-0.911885
chr7	40000000	40250000	-0.913503
chr7	40250000	40500000	-0.921919
chr7	40500000	40750000	-0.892889
chr7	40750000	41000000	-0.861298
chr7	41000000	41250000	-0.810274
chr7	41250000	41500000	-0.490823
chr7	41500000	41750000	-0.309919
chr7	41750000	42000000	-0.792084
chr7	42000000	42250000	-0.782569
chr7	42250000	42500000	-0.650309
chr7	42500000	42750000	-0.618224
chr7	42750000	43000000	-0.85422
chr7	43000000	43250000	-0.908792
chr7	43250000	43500000	-0.0554434
chr7	43500000	43750000	-0.0362225
chr7	43750000	44000000	-0.0922696
chr7	44000000	44250000	0.125288
chr7	44250000	44500000	0.804188
chr7	44500000	44750000	0.933188
chr7	44750000	45000000	1.14006
chr7	45000000	45250000	0.967502
chr7	45250000	45500000	0.897937
chr7	45500000	45750000	0.892207
chr7	45750000	46000000	0.848727
chr7	46000000	46250000	0.748579
chr7	46250000	46500000	0.781506
chr7	46500000	46750000	0.970499
chr7	46750000	47000000	1.12069
chr7	47000000	47250000	0.246143
chr7	47250000	47500000	-0.507436
chr7	47500000	47750000	-0.7527
chr7	47750000	48000000	-0.542664
chr7	48000000	48250000	-0.238584
chr7	48250000	48500000	-0.627257
chr7	48500000	48750000	-0.323793
chr7	48750000	49000000	0.861969
chr7	49000000	49250000	0.369595
chr7	49250000	49500000	0.574242
chr7	49500000	49750000	-0.200195
chr7	49750000	50000000	0.163284
chr7	50000000	50250000	-0.89181
chr7	50250000	50500000	-1.00806
chr7	50500000	50750000	-0.937346
chr7	50750000	51000000	-0.929998
chr7	51000000	51250000	-0.991129
chr7	51250000	51500000	-0.818916
chr7	51500000	51750000	-0.493854
chr7	51750000	52000000	0.202165
chr7	52000000	52250000	-0.224978
chr7	52250000	52500000	-0.494749
chr7	52500000	52750000	-0.695948
chr7	52750000	53000000	-0.767776
chr7	53000000	53250000	-0.74469
chr7	53250000	53500000	-0.70759
chr7	53500000	53750000	-0.713548
chr7	53750000	54000000	-0.698906
chr7	54000000	54250000	-0.693915
chr7	54250000	54500000	-0.554772
chr7	54500000	54750000	-0.267703
chr7	54750000	55000000	0.421777
chr7	55000000	55250000	0.306698
chr7	55250000	55500000	0.0212044
chr7	55500000	55750000	-0.170574
chr7	55750000	56000000	0.519288
chr7	56000000	56250000	0.632774
chr7	56250000	56500000	-0.431242
chr7	56500000	56750000	-0.81712
chr7	56750000	57000000	-0.897411
chr7	57000000	57250000	-0.930308
chr7	57250000	57500000	-0.882374
chr7	57500000	57750000	-0.910567
chr7	57750000	58000000	-0.819967
chr7	58000000	58250000	-0.911591
chr7	58250000	58500000	-0.920989
chr7	58500000	58750000	-0.904417
chr7	58750000	59000000	-0.904448
chr7	59000000	59250000	-0.555484
chr7	59250000	59500000	nan
chr7	59500000	59750000	nan
chr7	59750000	60000000	nan
chr7	60000000	60250000	-0.619358
chr7	60250000	60500000	-0.324623
chr7	60500000	60750000	-0.259975
chr7	60750000	61000000	-0.633374
chr7	61000000	61250000	-0.685517
chr7	61250000	61500000	-0.767666
chr7	61500000	61750000	-0.808486
chr7	61750000	62000000	-0.762935
chr7	62000000	62250000	-0.698185
chr7	62250000	62500000	-0.493963
chr7	62500000	62750000	-0.87064
chr7	62750000	63000000	-0.875187
chr7	63000000	63250000	-0.987222
chr7	63250000	63500000	-0.723607
chr7	63500000	63750000	-0.411616
chr7	63750000	64000000	0.562932
chr7	64000000	64250000	0.39082
chr7	64250000	64500000	0.144936
chr7	64500000	64750000	-0.70954
chr7	64750000	65000000	-0.269371
chr7	65000000	65250000	-0.35063
chr7	65250000	65500000	0.612074
chr7	65500000	65750000	0.336707
chr7	65750000	66000000	-0.107018
chr7	66000000	66250000	0.869888
chr7	66250000	66500000	0.360929
chr7	66500000	66750000	0.202444
chr7	66750000	67000000	-0.177399
chr7	67000000	67250000	-0.206813
chr7	67250000	67500000	0.394723
chr7	67500000	67750000	0.111126
chr7	67750000	68000000	-0.217175
chr7	68000000	68250000	0.247229
chr7	68250000	68500000	-0.404862
chr7	68500000	68750000	-0.898182
chr7	68750000	69000000	-0.946886
chr7	69000000	69250000	-0.865249
chr7	69250000	69500000	-0.882632
chr7	69500000	69750000	-0.872063
chr7	69750000	70000000	-0.902891
chr7	70000000	70250000	-0.879223
chr7	70250000	70500000	-0.866129
chr7	70500000	70750000	-0.860006
chr7	70750000	71000000	-0.894043
chr7	71000000	71250000	-0.882583
chr7	71250000	71500000	-0.892521
chr7	71500000	71750000	-0.881424
chr7	71750000	72000000	-0.897103
chr7	72000000	72250000	-0.905843
chr7	72250000	72500000	-0.797789
chr7	72500000	72750000	-0.903565
chr7	72750000	73000000	-0.810409
chr7	73000000	73250000	-0.7401
chr7	73250000	73500000	-0.044215
chr7	73500000	73750000	0.75997
chr7	73750000	74000000	0.0149811
chr7	74000000	74250000	-0.453462
chr7	74250000	74500000	-0.34881
chr7	74500000	74750000	-0.275099
chr7	74750000	75000000	0.283743
chr7	75000000	75250000	-0.145785
chr7	75250000	75500000	-0.181382
chr7	75500000	75750000	0.609891
chr7	75750000	76000000	0.503562
chr7	76000000	76250000	-0.3522
chr7	76250000	76500000	-0.52837
chr7	76500000	76750000	-0.800293
chr7	76750000	77000000	-0.827917
chr7	77000000	77250000	-0.832903
chr7	77250000	77500000	-0.882884
chr7	77500000	77750000	-0.864197
chr7	77750000	78000000	-0.849028
chr7	78000000	78250000	-0.882044
chr7	78250000	78500000	-0.727478
chr7	78500000	78750000	-0.247737
chr7	78750000	79000000	0.629423
chr7	79000000	79250000	0.390485
chr7	79250000	79500000	1.08843
chr7	79500000	79750000	0.789124
chr7	79750000	80000000	0.856862
chr7	80000000	80250000	1.10739
chr7	80250000	80500000	1.01213
chr7	80500000	80750000	0.973991
chr7	80750000	81000000	1.07582
chr7	81000000	81250000	0.807636
chr7	81250000	81500000	0.51927
chr7	81500000	81750000	1.02168
chr7	81750000	82000000	0.540615
chr7	82000000	82250000	-0.0969768
chr7	82250000	82500000	-0.235203
chr7	82500000	82750000	0.108747
chr7	82750000	83000000	-0.18724
chr7	83000000	83250000	-0.123601
chr7	83250000	83500000	-0.364198
chr7	83500000	83750000	-0.162596
chr7	83750000	84000000	0.179489
chr7	84000000	84250000	0.146504
chr7	84250000	84500000	-0.201472
chr7	84500000	84750000	0.345631
chr7	84750000	85000000	-0.425119
chr7	85000000	85250000	-0.69564
chr7	85250000	85500000	-0.593511
chr7	85500000	85750000	-0.471136
chr7	85750000	86000000	-0.64576
chr7	86000000	86250000	-0.715232
chr7	86250000	86500000	-0.747637
chr7	86500000	86750000	-0.790895
chr7	86750000	87000000	-0.86448
chr7	87000000	87250000	-0.80949
chr7	87250000	87500000	-0.853325
chr7	87500000	87750000	-0.833417
chr7	87750000	88000000	-0.817703
chr7	88000000	88250000	-0.840856
chr7	88250000	88500000	-0.835694
chr7	88500000	88750000	-0.765142
chr7	88750000	89000000	-0.657655
chr7	89000000	89250000	-0.0532485
chr7	89250000	89500000	0.284279
chr7	89500000	89750000	-0.222842
chr7	89750000	90000000	0.276479
chr7	90000000	90250000	1.01953
chr7	90250000	90500000	0.358099
chr7	90500000	90750000	-0.334194
chr7	90750000	91000000	-0.494099
chr7	91000000	91250000	-0.528534
chr7	91250000	91500000	-0.555836
chr7	91500000	91750000	-0.76111
chr7	91750000	92000000	-0.757294
chr7	92000000	92250000	-0.519293
chr7	92250000	92500000	-0.464153
chr7	92500000	92750000	0.210143
chr7	92750000	93000000	0.169088
chr7	93000000	93250000	-0.555482
chr7	93250000	93500000	-0.971219
chr7	93500000	93750000	-0.94732
chr7	93750000	94000000	-0.896365
chr7	94000000	94250000	-0.843247
chr7	94250000	94500000	-0.847113
chr7	94500000	94750000	-0.869254
chr7	94750000	95000000	-0.755332
chr7	95000000	95250000	-0.825001
chr7	95250000	95500000	-0.86373
chr7	95500000	95750000	-0.926558
chr7	95750000	96000000	-1.03676
chr7	96000000	96250000	-1.00649
chr7	96250000	96500000	-0.836423
chr7	96500000	96750000	-0.198881
chr7	96750000	97000000	0.182336
chr7	97000000	97250000	0.825572
chr7	97250000	97500000	0.900092
chr7	97500000	97750000	0.838983
chr7	97750000	98000000	0.186993
chr7	98000000	98250000	0.520863
chr7	98250000	98500000	0.604897
chr7	98500000	98750000	0.81204
chr7	98750000	99000000	0.468065
chr7	99000000	99250000	0.566315
chr7	99250000	99500000	0.574416
chr7	99500000	99750000	0.746713
chr7	99750000	100000000	0.821977
chr7	100000000	100250000	0.846848
chr7	100250000	100500000	0.894506
chr7	100500000	100750000	0.89971
chr7	100750000	101000000	0.753357
chr7	101000000	101250000	0.790395
chr7	101250000	101500000	0.7489
chr7	101500000	101750000	0.645457
chr7	101750000	102000000	0.896838
chr7	102000000	102250000	1.06358
chr7	102250000	102500000	1.01392
chr7	102500000	102750000	0.255826
chr7	102750000	103000000	-0.135292
chr7	103000000	103250000	-0.353229
chr7	103250000	103500000	-0.245863
chr7	103500000	103750000	-0.0526043
chr7	103750000	104000000	0.654238
chr7	104000000	104250000	0.195346
chr7	104250000	104500000	0.130264
chr7	104500000	104750000	-0.260697
chr7	104750000	105000000	-0.179873
chr7	105000000	105250000	-0.325651
chr7	105250000	105500000	-0.000302384
chr7	105500000	105750000	0.386485
chr7	105750000	106000000	nan
chr7	106000000	106250000	nan
chr7	106250000	106500000	-0.122143
chr7	106500000	106750000	0.754234
chr7	106750000	107000000	0.324736
chr7	107000000	107250000	-0.184059
chr7	107250000	107500000	-0.570131
chr7	107500000	107750000	-0.749242
chr7	107750000	108000000	-1.04104
chr7	108000000	108250000	-1.09259
chr7	108250000	108500000	-1.01713
chr7	108500000	108750000	-1.01748
chr7	108750000	109000000	-0.411346
chr7	109000000	109250000	-0.0570318
chr7	109250000	109500000	-0.0622536
chr7	109500000	109750000	0.727769
chr7	109750000	110000000	1.03402
chr7	110000000	110250000	1.00796
chr7	110250000	110500000	0.441277
chr7	110500000	110750000	0.377918
chr7	110750000	111000000	0.933275
chr7	111000000	111250000	0.800773
chr7	111250000	111500000	0.0138404
chr7	111500000	111750000	-0.0600868
chr7	111750000	112000000	-0.0971644
chr7	112000000	112250000	0.220688
chr7	112250000	112500000	-0.276881
chr7	112500000	112750000	-0.422369
chr7	112750000	113000000	-0.0538786
chr7	113000000	113250000	0.355149
chr7	113250000	113500000	0.870796
chr7	113500000	113750000	0.261926
chr7	113750000	114000000	-0.240395
chr7	114000000	114250000	0.200202
chr7	114250000	114500000	0.585384
chr7	114500000	114750000	0.00796916
chr7	114750000	115000000	-0.168741
chr7	115000000	115250000	-0.0851979
chr7	115250000	115500000	0.185818
chr7	115500000	115750000	0.685625
chr7	115750000	116000000	0.980267
chr7	116000000	116250000	0.591118
chr7	116250000	116500000	0.725451
chr7	116500000	116750000	-0.195174
chr7	116750000	117000000	-0.846371
chr7	117000000	117250000	-1.06378
chr7	117250000	117500000	-1.08223
chr7	117500000	117750000	-1.07812
chr7	117750000	118000000	-0.829049
chr7	118000000	118250000	0.353432
chr7	118250000	118500000	-0.0342164
chr7	118500000	118750000	0.164217
chr7	118750000	119000000	0.352606
chr7	119000000	119250000	-0.318967
chr7	119250000	119500000	-0.401247
chr7	119500000	119750000	-0.0834041
chr7	119750000	120000000	0.336664
chr7	120000000	120250000	-0.21686
chr7	120250000	120500000	-0.235739
chr7	120500000	120750000	0.421003
chr7	120750000	121000000	0.865169
chr7	121000000	121250000	0.446922
chr7	121250000	121500000	-0.11342
chr7	121500000	121750000	0.216102
chr7	121750000	122000000	0.436289
chr7	122000000	122250000	0.916768
chr7	122250000	122500000	0.00955605
chr7	122500000	122750000	-0.278891
chr7	122750000	123000000	0.122538
chr7	123000000	123250000	0.601976
chr7	123250000	123500000	0.795574
chr7	123500000	123750000	-0.100071
chr7	123750000	124000000	-0.324344
chr7	124000000	124250000	-0.33801
chr7	124250000	124500000	-0.367578
chr7	124500000	124750000	-0.315836
chr7	124750000	125000000	-0.296468
chr7	125000000	125250000	-0.119477
chr7	125250000	125500000	0.599625
chr7	125500000	125750000	1.07476
chr7	125750000	126000000	0.756437
chr7	126000000	126250000	0.982964
chr7	126250000	126500000	0.986183
chr7	126500000	126750000	0.874714
chr7	126750000	127000000	0.771674
chr7	127000000	127250000	0.803217
chr7	127250000	127500000	0.833761
chr7	127500000	127750000	0.889599
chr7	127750000	128000000	0.988744
chr7	128000000	128250000	0.85804
chr7	128250000	128500000	1.08677
chr7	128500000	128750000	1.16534
chr7	128750000	129000000	0.490692
chr7	129000000	129250000	-0.136489
chr7	129250000	129500000	-0.419635
chr7	129500000	129750000	-0.275906
chr7	129750000	130000000	-1.1193
chr7	130000000	130250000	-1.1682
chr7	130250000	130500000	-0.41881
chr7	130500000	130750000	-0.386213
chr7	130750000	131000000	-1.1874
chr7	131000000	131250000	-0.751115
chr7	131250000	131500000	0.129685
chr7	131500000	131750000	-0.162708
chr7	131750000	132000000	-0.23951
chr7	132000000	132250000	0.0742283
chr7	132250000	132500000	1.00013
chr7	132500000	132750000	0.836961
chr7	132750000	133000000	0.946404
chr7	133000000	133250000	0.0779209
chr7	133250000	133500000	-0.484575
chr7	133500000	133750000	0.228011
chr7	133750000	134000000	-0.439839
chr7	134000000	134250000	-0.963243
chr7	134250000	134500000	-0.961851
chr7	134500000	134750000	-0.938139
chr7	134750000	135000000	-0.968486
chr7	135000000	135250000	-0.939992
chr7	135250000	135500000	-0.445924
chr7	135500000	135750000	0.698071
chr7	135750000	136000000	-0.549068
chr7	136000000	136250000	-0.789119
chr7	136250000	136500000	-0.803209
chr7	136500000	136750000	-0.784213
chr7	136750000	137000000	-0.521206
chr7	137000000	137250000	-0.591807
chr7	137250000	137500000	-0.324626
chr7	137500000	137750000	-0.5801
chr7	137750000	138000000	-0.784817
chr7	138000000	138250000	-0.782072
chr7	138250000	138500000	-0.818647
chr7	138500000	138750000	-0.796151
chr7	138750000	139000000	-0.116421
chr7	139000000	139250000	-0.825463
chr7	139250000	139500000	-0.978765
chr7	139500000	139750000	-1.0694
chr7	139750000	140000000	-0.699824
chr7	140000000	140250000	0.164276
chr7	140250000	140500000	-0.455484
chr7	140500000	140750000	-0.415844
chr7	140750000	141000000	0.629169
chr7	141000000	141250000	0.987349
chr7	141250000	141500000	1.19605
chr7	141500000	141750000	0.606244
chr7	141750000	142000000	0.41999
chr7	142000000	142250000	0.256589
chr7	142250000	142500000	0.722605
chr7	142500000	142750000	0.264968
chr7	142750000	143000000	0.163909
chr7	143000000	143250000	0.587214
chr7	143250000	143500000	0.405562
chr7	143500000	143750000	0.805026
chr7	143750000	144000000	0.612265
chr7	144000000	144250000	0.169251
chr7	144250000	144500000	0.467568
chr7	144500000	144750000	0.850446
chr7	144750000	145000000	0.889157
chr7	145000000	145250000	0.114382
chr7	145250000	145441459	nan
#bedGraph section chr8:0-129401213
chr8	0	250000	nan
chr8	250000	500000	nan
chr8	500000	750000	nan
chr8	750000	1000000	nan
chr8	1000000	1250000	nan
chr8	1250000	1500000	nan
chr8	1500000	1750000	nan
chr8	1750000	2000000	nan
chr8	2000000	2250000	nan
chr8	2250000	2500000	nan
chr8	2500000	2750000	nan
chr8	2750000	3000000	nan
chr8	3000000	3250000	-0.524658
chr8	3250000	3500000	0.695072
chr8	3500000	3750000	0.982758
chr8	3750000	4000000	-0.160363
chr8	4000000	4250000	0.476575
chr8	4250000	4500000	0.677005
chr8	4500000	4750000	0.266078
chr8	4750000	5000000	-0.0700193
chr8	5000000	5250000	-0.500942
chr8	5250000	5500000	-0.661244
chr8	5500000	5750000	-0.611541
chr8	5750000	6000000	-0.727594
chr8	6000000	6250000	-0.662207
chr8	6250000	6500000	-0.603543
chr8	6500000	6750000	-0.60134
chr8	6750000	7000000	-0.667585
chr8	7000000	7250000	-0.644668
chr8	7250000	7500000	-0.497316
chr8	7500000	7750000	-0.430843
chr8	7750000	8000000	-0.461752
chr8	8000000	8250000	-0.223693
chr8	8250000	8500000	0.267218
chr8	8500000	8750000	0.668583
chr8	8750000	9000000	-0.190557
chr8	9000000	9250000	-0.226531
chr8	9250000	9500000	0.412391
chr8	9500000	9750000	0.213282
chr8	9750000	10000000	0.03448
chr8	10000000	10250000	-0.0700443
chr8	10250000	10500000	0.122053
chr8	10500000	10750000	0.776529
chr8	10750000	11000000	0.897626
chr8	11000000	11250000	0.481484
chr8	11250000	11500000	0.392454
chr8	11500000	11750000	0.97397
chr8	11750000	12000000	0.425822
chr8	12000000	12250000	-0.0605001
chr8	12250000	12500000	-0.0324335
chr8	12500000	12750000	0.326747
chr8	12750000	13000000	0.178286
chr8	13000000	13250000	1.04956
chr8	13250000	13500000	0.61249
chr8	13500000	13750000	-0.00917074
chr8	13750000	14000000	0.277606
chr8	14000000	14250000	-0.415129
chr8	14250000	14500000	-1.15964
chr8	14500000	14750000	-1.21414
chr8	14750000	15000000	-0.706662
chr8	15000000	15250000	-1.1489
chr8	15250000	15500000	-1.22023
chr8	15500000	15750000	-0.896158
chr8	15750000	16000000	-1.05531
chr8	16000000	16250000	-0.970042
chr8	16250000	16500000	-0.976739
chr8	16500000	16750000	-0.951526
chr8	16750000	17000000	-0.914189
chr8	17000000	17250000	-0.751432
chr8	17250000	17500000	-0.657756
chr8	17500000	17750000	-0.565144
chr8	17750000	18000000	-0.595718
chr8	18000000	18250000	-0.458617
chr8	18250000	18500000	-0.260095
chr8	18500000	18750000	0.745452
chr8	18750000	19000000	0.624283
chr8	19000000	19250000	-0.272542
chr8	19250000	19500000	-0.00922322
chr8	19500000	19750000	-0.180918
chr8	19750000	20000000	-0.315855
chr8	20000000	20250000	nan
chr8	20250000	20500000	-0.0287773
chr8	20500000	20750000	nan
chr8	20750000	21000000	-0.394154
chr8	21000000	21250000	nan
chr8	21250000	21500000	nan
chr8	21500000	21750000	nan
chr8	21750000	22000000	-0.233608
chr8	22000000	22250000	0.763938
chr8	22250000	22500000	0.808721
chr8	22500000	22750000	0.957998
chr8	22750000	23000000	0.883648
chr8	23000000	23250000	0.992122
chr8	23250000	23500000	-0.115618
chr8	23500000	23750000	-0.815769
chr8	23750000	24000000	-1.12708
chr8	24000000	24250000	-1.2019
chr8	24250000	24500000	-0.844985
chr8	24500000	24750000	-0.0650864
chr8	24750000	25000000	0.327211
chr8	25000000	25250000	1.12959
chr8	25250000	25500000	0.934843
chr8	25500000	25750000	1.04041
chr8	25750000	26000000	0.857598
chr8	26000000	26250000	0.815499
chr8	26250000	26500000	0.141957
chr8	26500000	26750000	0.444078
chr8	26750000	27000000	0.452807
chr8	27000000	27250000	0.97397
chr8	27250000	27500000	0.119888
chr8	27500000	27750000	-0.449994
chr8	27750000	28000000	-1.00325
chr8	28000000	28250000	-1.00506
chr8	28250000	28500000	-0.905536
chr8	28500000	28750000	-1.00047
chr8	28750000	29000000	-1.05329
chr8	29000000	29250000	-0.999573
chr8	29250000	29500000	-0.942917
chr8	29500000	29750000	-0.8216
chr8	29750000	30000000	-0.919979
chr8	30000000	30250000	-0.903756
chr8	30250000	30500000	-0.980454
chr8	30500000	30750000	-1.02176
chr8	30750000	31000000	-0.918949
chr8	31000000	31250000	-0.134816
chr8	31250000	31500000	-0.540297
chr8	31500000	31750000	-0.502418
chr8	31750000	32000000	-0.680052
chr8	32000000	32250000	-0.649545
chr8	32250000	32500000	-0.485025
chr8	32500000	32750000	-0.392362
chr8	32750000	33000000	-0.175251
chr8	33000000	33250000	-0.175318
chr8	33250000	33500000	0.543686
chr8	33500000	33750000	0.873685
chr8	33750000	34000000	0.773382
chr8	34000000	34250000	0.681592
chr8	34250000	34500000	-0.088879
chr8	34500000	34750000	0.185833
chr8	34750000	35000000	0.635649
chr8	35000000	35250000	-0.280264
chr8	35250000	35500000	-0.188643
chr8	35500000	35750000	-0.272198
chr8	35750000	36000000	0.0372105
chr8	36000000	36250000	0.407525
chr8	36250000	36500000	0.712259
chr8	36500000	36750000	0.58357
chr8	36750000	37000000	-0.0881978
chr8	37000000	37250000	-0.386717
chr8	37250000	37500000	-0.832473
chr8	37500000	37750000	-0.770033
chr8	37750000	38000000	-0.684806
chr8	38000000	38250000	-0.621027
chr8	38250000	38500000	-0.535753
chr8	38500000	38750000	-0.597448
chr8	38750000	39000000	-0.36176
chr8	39000000	39250000	0.297003
chr8	39250000	39500000	-0.20802
chr8	39500000	39750000	-0.268803
chr8	39750000	40000000	-0.412067
chr8	40000000	40250000	-0.436427
chr8	40250000	40500000	0.072853
chr8	40500000	40750000	-0.141637
chr8	40750000	41000000	-0.511275
chr8	41000000	41250000	0.221949
chr8	41250000	41500000	0.689554
chr8	41500000	41750000	-0.429384
chr8	41750000	42000000	-0.27554
chr8	42000000	42250000	-0.267113
chr8	42250000	42500000	0.0812063
chr8	42500000	42750000	0.170976
chr8	42750000	43000000	0.615741
chr8	43000000	43250000	0.133575
chr8	43250000	43500000	0.00583019
chr8	43500000	43750000	-0.359594
chr8	43750000	44000000	-0.508947
chr8	44000000	44250000	-0.681984
chr8	44250000	44500000	-0.898204
chr8	44500000	44750000	-0.988778
chr8	44750000	45000000	-1.06994
chr8	45000000	45250000	-1.02478
chr8	45250000	45500000	-0.628352
chr8	45500000	45750000	-0.483336
chr8	45750000	46000000	0.0739081
chr8	46000000	46250000	0.921096
chr8	46250000	46500000	1.07286
chr8	46500000	46750000	1.04834
chr8	46750000	47000000	0.648137
chr8	47000000	47250000	-0.254365
chr8	47250000	47500000	-0.310327
chr8	47500000	47750000	0.20064
chr8	47750000	48000000	-0.542129
chr8	48000000	48250000	-0.546846
chr8	48250000	48500000	-1.10628
chr8	48500000	48750000	-1.07387
chr8	48750000	49000000	-0.951091
chr8	49000000	49250000	-0.992121
chr8	49250000	49500000	-0.956672
chr8	49500000	49750000	-0.90791
chr8	49750000	50000000	-0.926625
chr8	50000000	50250000	-0.905834
chr8	50250000	50500000	-0.843489
chr8	50500000	50750000	-0.886642
chr8	50750000	51000000	-0.855928
chr8	51000000	51250000	-0.853254
chr8	51250000	51500000	-0.806779
chr8	51500000	51750000	-0.825505
chr8	51750000	52000000	-0.803025
chr8	52000000	52250000	-0.831953
chr8	52250000	52500000	-0.740565
chr8	52500000	52750000	-0.668351
chr8	52750000	53000000	-0.745306
chr8	53000000	53250000	-0.692755
chr8	53250000	53500000	-0.491629
chr8	53500000	53750000	-0.161593
chr8	53750000	54000000	-0.651716
chr8	54000000	54250000	-0.566964
chr8	54250000	54500000	-0.317324
chr8	54500000	54750000	-0.0125835
chr8	54750000	55000000	-0.604991
chr8	55000000	55250000	nan
chr8	55250000	55500000	nan
chr8	55500000	55750000	-0.929023
chr8	55750000	56000000	-0.996101
chr8	56000000	56250000	-0.990285
chr8	56250000	56500000	-0.727521
chr8	56500000	56750000	0.108014
chr8	56750000	57000000	0.138561
chr8	57000000	57250000	0.217434
chr8	57250000	57500000	0.275362
chr8	57500000	57750000	0.545999
chr8	57750000	58000000	-0.258333
chr8	58000000	58250000	-0.640242
chr8	58250000	58500000	-0.741067
chr8	58500000	58750000	-0.638326
chr8	58750000	59000000	-0.383263
chr8	59000000	59250000	-0.00734201
chr8	59250000	59500000	-0.337289
chr8	59500000	59750000	-0.577078
chr8	59750000	60000000	-0.688998
chr8	60000000	60250000	-0.823888
chr8	60250000	60500000	-0.711665
chr8	60500000	60750000	-0.297351
chr8	60750000	61000000	0.586837
chr8	61000000	61250000	0.449913
chr8	61250000	61500000	0.411899
chr8	61500000	61750000	0.133272
chr8	61750000	62000000	-0.141701
chr8	62000000	62250000	-0.536275
chr8	62250000	62500000	-0.232676
chr8	62500000	62750000	-0.263827
chr8	62750000	63000000	-0.263888
chr8	63000000	63250000	-0.643179
chr8	63250000	63500000	-0.581518
chr8	63500000	63750000	-0.696969
chr8	63750000	64000000	-0.779024
chr8	64000000	64250000	-0.892583
chr8	64250000	64500000	-0.901444
chr8	64500000	64750000	-0.0727395
chr8	64750000	65000000	0.418789
chr8	65000000	65250000	0.0204964
chr8	65250000	65500000	-0.0486107
chr8	65500000	65750000	0.355319
chr8	65750000	66000000	0.662962
chr8	66000000	66250000	0.713848
chr8	66250000	66500000	0.517137
chr8	66500000	66750000	0.290696
chr8	66750000	67000000	0.430399
chr8	67000000	67250000	0.597787
chr8	67250000	67500000	0.529572
chr8	67500000	67750000	0.942329
chr8	67750000	68000000	0.735085
chr8	68000000	68250000	0.395855
chr8	68250000	68500000	0.127964
chr8	68500000	68750000	0.064379
chr8	68750000	69000000	0.648923
chr8	69000000	69250000	0.869318
chr8	69250000	69500000	0.297221
chr8	69500000	69750000	0.480593
chr8	69750000	70000000	0.871807
chr8	70000000	70250000	0.858488
chr8	70250000	70500000	0.849982
chr8	70500000	70750000	0.90255
chr8	70750000	71000000	0.839336
chr8	71000000	71250000	0.393556
chr8	71250000	71500000	0.862223
chr8	71500000	71750000	0.926338
chr8	71750000	72000000	0.575425
chr8	72000000	72250000	0.67302
chr8	72250000	72500000	1.07858
chr8	72500000	72750000	1.05686
chr8	72750000	73000000	-0.0867217
chr8	73000000	73250000	-0.632935
chr8	73250000	73500000	-0.954186
chr8	73500000	73750000	-1.02967
chr8	73750000	74000000	-0.977641
chr8	74000000	74250000	-1.01313
chr8	74250000	74500000	-0.896679
chr8	74500000	74750000	-1.01219
chr8	74750000	75000000	-0.43414
chr8	75000000	75250000	0.45326
chr8	75250000	75500000	-0.720601
chr8	75500000	75750000	-1.04201
chr8	75750000	76000000	-0.91289
chr8	76000000	76250000	-0.915664
chr8	76250000	76500000	-0.917527
chr8	76500000	76750000	-0.741151
chr8	76750000	77000000	-0.433701
chr8	77000000	77250000	-0.317012
chr8	77250000	77500000	0.458785
chr8	77500000	77750000	0.766778
chr8	77750000	78000000	-0.105077
chr8	78000000	78250000	0.190322
chr8	78250000	78500000	-0.121164
chr8	78500000	78750000	0.47568
chr8	78750000	79000000	0.05589
chr8	79000000	79250000	0.1739
chr8	79250000	79500000	0.532486
chr8	79500000	79750000	0.733106
chr8	79750000	80000000	0.0479126
chr8	80000000	80250000	-0.0293849
chr8	80250000	80500000	0.188036
chr8	80500000	80750000	0.789871
chr8	80750000	81000000	0.793328
chr8	81000000	81250000	0.600504
chr8	81250000	81500000	0.634768
chr8	81500000	81750000	0.742894
chr8	81750000	82000000	0.588302
chr8	82000000	82250000	0.520032
chr8	82250000	82500000	0.607403
chr8	82500000	82750000	0.411263
chr8	82750000	83000000	0.430893
chr8	83000000	83250000	0.300787
chr8	83250000	83500000	0.558047
chr8	83500000	83750000	0.82808
chr8	83750000	84000000	0.773696
chr8	84000000	84250000	0.813602
chr8	84250000	84500000	0.577838
chr8	84500000	84750000	0.765232
chr8	84750000	85000000	0.930668
chr8	85000000	85250000	0.931623
chr8	85250000	85500000	1.06215
chr8	85500000	85750000	0.61601
chr8	85750000	86000000	0.666063
chr8	86000000	86250000	0.00688742
chr8	86250000	86500000	-0.162879
chr8	86500000	86750000	0.5368
chr8	86750000	87000000	0.223366
chr8	87000000	87250000	-1.1415
chr8	87250000	87500000	-1.27486
chr8	87500000	87750000	-1.29571
chr8	87750000	88000000	-1.16912
chr8	88000000	88250000	0.298833
chr8	88250000	88500000	0.493023
chr8	88500000	88750000	0.208636
chr8	88750000	89000000	-0.110402
chr8	89000000	89250000	0.0692188
chr8	89250000	89500000	-0.205988
chr8	89500000	89750000	-0.296725
chr8	89750000	90000000	-0.63194
chr8	90000000	90250000	-0.957203
chr8	90250000	90500000	-1.0374
chr8	90500000	90750000	-0.755156
chr8	90750000	91000000	0.67092
chr8	91000000	91250000	0.561519
chr8	91250000	91500000	0.387504
chr8	91500000	91750000	-0.348005
chr8	91750000	92000000	-0.950147
chr8	92000000	92250000	-0.939536
chr8	92250000	92500000	-0.643289
chr8	92500000	92750000	-1.05339
chr8	92750000	93000000	-1.07845
chr8	93000000	93250000	-0.975559
chr8	93250000	93500000	-1.17033
chr8	93500000	93750000	-1.10268
chr8	93750000	94000000	-0.422417
chr8	94000000	94250000	0.814245
chr8	94250000	94500000	0.732914
chr8	94500000	94750000	0.959427
chr8	94750000	95000000	0.979158
chr8	95000000	95250000	0.845781
chr8	95250000	95500000	0.858572
chr8	95500000	95750000	0.709799
chr8	95750000	96000000	0.761024
chr8	96000000	96250000	0.363696
chr8	96250000	96500000	0.397707
chr8	96500000	96750000	0.154831
chr8	96750000	97000000	0.180892
chr8	97000000	97250000	0.0678731
chr8	97250000	97500000	0.144796
chr8	97500000	97750000	0.288648
chr8	97750000	98000000	0.465737
chr8	98000000	98250000	0.560543
chr8	98250000	98500000	0.346093
chr8	98500000	98750000	0.225439
chr8	98750000	99000000	0.16913
chr8	99000000	99250000	0.413727
chr8	99250000	99500000	0.0258668
chr8	99500000	99750000	-0.27219
chr8	99750000	100000000	-0.478188
chr8	100000000	100250000	-0.590852
chr8	100250000	100500000	-0.596255
chr8	100500000	100750000	-0.655201
chr8	100750000	101000000	-0.635874
chr8	101000000	101250000	-0.805826
chr8	101250000	101500000	-0.71141
chr8	101500000	101750000	-0.791027
chr8	101750000	102000000	-0.795173
chr8	102000000	102250000	-0.842845
chr8	102250000	102500000	-0.778226
chr8	102500000	102750000	-0.902187
chr8	102750000	103000000	-0.913304
chr8	103000000	103250000	-0.964121
chr8	103250000	103500000	-1.09506
chr8	103500000	103750000	-1.14276
chr8	103750000	104000000	-1.18541
chr8	104000000	104250000	-0.532403
chr8	104250000	104500000	0.0538294
chr8	104500000	104750000	0.40307
chr8	104750000	105000000	0.0490484
chr8	105000000	105250000	0.514118
chr8	105250000	105500000	1.02289
chr8	105500000	105750000	1.08572
chr8	105750000	106000000	1.11878
chr8	106000000	106250000	1.084
chr8	106250000	106500000	0.388317
chr8	106500000	106750000	0.490634
chr8	106750000	107000000	0.816294
chr8	107000000	107250000	1.00371
chr8	107250000	107500000	0.918003
chr8	107500000	107750000	0.173756
chr8	107750000	108000000	-0.72349
chr8	108000000	108250000	-0.833465
chr8	108250000	108500000	-0.699054
chr8	108500000	108750000	-0.511981
chr8	108750000	109000000	-0.633957
chr8	109000000	109250000	-0.841902
chr8	109250000	109500000	-0.764016
chr8	109500000	109750000	0.622899
chr8	109750000	110000000	0.730102
chr8	110000000	110250000	-0.157834
chr8	110250000	110500000	-0.563504
chr8	110500000	110750000	0.35824
chr8	110750000	111000000	1.13937
chr8	111000000	111250000	1.0947
chr8	111250000	111500000	0.818144
chr8	111500000	111750000	0.985909
chr8	111750000	112000000	0.853276
chr8	112000000	112250000	-0.326381
chr8	112250000	112500000	-0.771891
chr8	112500000	112750000	-0.725257
chr8	112750000	113000000	-0.728563
chr8	113000000	113250000	-0.706106
chr8	113250000	113500000	-0.702592
chr8	113500000	113750000	-0.484209
chr8	113750000	114000000	-0.755109
chr8	114000000	114250000	-0.795365
chr8	114250000	114500000	-0.467137
chr8	114500000	114750000	-0.577294
chr8	114750000	115000000	-0.781541
chr8	115000000	115250000	-0.811021
chr8	115250000	115500000	-0.837731
chr8	115500000	115750000	-0.78628
chr8	115750000	116000000	-0.794957
chr8	116000000	116250000	-0.80137
chr8	116250000	116500000	-0.735635
chr8	116500000	116750000	-0.75639
chr8	116750000	117000000	-0.0908666
chr8	117000000	117250000	0.159188
chr8	117250000	117500000	-0.0371848
chr8	117500000	117750000	-0.794197
chr8	117750000	118000000	-0.725459
chr8	118000000	118250000	-0.932418
chr8	118250000	118500000	-0.923408
chr8	118500000	118750000	-0.959303
chr8	118750000	119000000	-0.988349
chr8	119000000	119250000	-0.983814
chr8	119250000	119500000	-0.0505321
chr8	119500000	119750000	0.550892
chr8	119750000	120000000	0.865937
chr8	120000000	120250000	0.643782
chr8	120250000	120500000	1.05759
chr8	120500000	120750000	0.58826
chr8	120750000	121000000	-1.03446
chr8	121000000	121250000	-0.771404
chr8	121250000	121500000	-1.13517
chr8	121500000	121750000	-0.0507792
chr8	121750000	122000000	0.811061
chr8	122000000	122250000	0.714653
chr8	122250000	122500000	1.10142
chr8	122500000	122750000	1.01805
chr8	122750000	123000000	1.00362
chr8	123000000	123250000	0.999782
chr8	123250000	123500000	1.09331
chr8	123500000	123750000	0.254037
chr8	123750000	124000000	0.661872
chr8	124000000	124250000	-0.114635
chr8	124250000	124500000	-0.464302
chr8	124500000	124750000	0.385808
chr8	124750000	125000000	0.271505
chr8	125000000	125250000	-0.622986
chr8	125250000	125500000	-0.970903
chr8	125500000	125750000	-0.959692
chr8	125750000	126000000	-0.874487
chr8	126000000	126250000	-0.955742
chr8	126250000	126500000	-0.474761
chr8	126500000	126750000	0.584219
chr8	126750000	127000000	0.606972
chr8	127000000	127250000	-0.524724
chr8	127250000	127500000	-0.673788
chr8	127500000	127750000	-0.557229
chr8	127750000	128000000	-0.738432
chr8	128000000	128250000	-0.85351
chr8	128250000	128500000	-0.508342
chr8	128500000	128750000	0.201938
chr8	128750000	129000000	-0.345521
chr8	129000000	129250000	-0.51407
chr8	129250000	129401213	nan
#bedGraph section chr9:0-124595110
chr9	0	250000	nan
chr9	250000	500000	nan
chr9	500000	750000	nan
chr9	750000	1000000	nan
chr9	1000000	1250000	nan
chr9	1250000	1500000	nan
chr9	1500000	1750000	nan
chr9	1750000	2000000	nan
chr9	2000000	2250000	nan
chr9	2250000	2500000	nan
chr9	2500000	2750000	nan
chr9	2750000	3000000	nan
chr9	3000000	3250000	0.0871756
chr9	3250000	3500000	0.226873
chr9	3500000	3750000	-0.850684
chr9	3750000	4000000	-1.03335
chr9	4000000	4250000	-0.952332
chr9	4250000	4500000	-0.319865
chr9	4500000	4750000	-0.858339
chr9	4750000	5000000	-1.04847
chr9	5000000	5250000	-1.00062
chr9	5250000	5500000	-0.928181
chr9	5500000	5750000	-0.655798
chr9	5750000	6000000	-0.827078
chr9	6000000	6250000	-0.72947
chr9	6250000	6500000	-0.82312
chr9	6500000	6750000	-0.769301
chr9	6750000	7000000	-0.281944
chr9	7000000	7250000	0.29217
chr9	7250000	7500000	-0.490342
chr9	7500000	7750000	0.137015
chr9	7750000	8000000	0.575189
chr9	8000000	8250000	-0.424136
chr9	8250000	8500000	-0.671819
chr9	8500000	8750000	-0.839838
chr9	8750000	9000000	-0.942524
chr9	9000000	9250000	-0.854732
chr9	9250000	9500000	-0.979453
chr9	9500000	9750000	-1.06174
chr9	9750000	10000000	-0.954629
chr9	10000000	10250000	-0.922842
chr9	10250000	10500000	-0.841639
chr9	10500000	10750000	-0.877755
chr9	10750000	11000000	-0.743735
chr9	11000000	11250000	-0.767693
chr9	11250000	11500000	-0.673673
chr9	11500000	11750000	-0.849539
chr9	11750000	12000000	-0.741835
chr9	12000000	12250000	-0.837206
chr9	12250000	12500000	-0.87653
chr9	12500000	12750000	-0.786483
chr9	12750000	13000000	-0.654484
chr9	13000000	13250000	-0.384449
chr9	13250000	13500000	0.600378
chr9	13500000	13750000	0.523831
chr9	13750000	14000000	0.107657
chr9	14000000	14250000	-0.473473
chr9	14250000	14500000	0.0552024
chr9	14500000	14750000	0.151615
chr9	14750000	15000000	0.0377561
chr9	15000000	15250000	-0.34519
chr9	15250000	15500000	0.19456
chr9	15500000	15750000	-0.587324
chr9	15750000	16000000	-0.63381
chr9	16000000	16250000	-0.405397
chr9	16250000	16500000	-0.364459
chr9	16500000	16750000	-0.694406
chr9	16750000	17000000	-0.830273
chr9	17000000	17250000	-0.851857
chr9	17250000	17500000	-0.840949
chr9	17500000	17750000	-0.887781
chr9	17750000	18000000	-0.77507
chr9	18000000	18250000	-0.779133
chr9	18250000	18500000	-0.371664
chr9	18500000	18750000	-0.78257
chr9	18750000	19000000	-0.929718
chr9	19000000	19250000	-0.891661
chr9	19250000	19500000	-0.806073
chr9	19500000	19750000	-0.41934
chr9	19750000	20000000	-0.677412
chr9	20000000	20250000	-0.37409
chr9	20250000	20500000	0.0731574
chr9	20500000	20750000	0.618977
chr9	20750000	21000000	0.845642
chr9	21000000	21250000	1.10603
chr9	21250000	21500000	1.06511
chr9	21500000	21750000	1.05382
chr9	21750000	22000000	0.948882
chr9	22000000	22250000	0.964924
chr9	22250000	22500000	1.04572
chr9	22500000	22750000	0.405308
chr9	22750000	23000000	0.561387
chr9	23000000	23250000	-0.0940879
chr9	23250000	23500000	-0.411227
chr9	23500000	23750000	-0.374795
chr9	23750000	24000000	-0.109838
chr9	24000000	24250000	0.295106
chr9	24250000	24500000	0.44475
chr9	24500000	24750000	-0.171159
chr9	24750000	25000000	-0.440995
chr9	25000000	25250000	0.285233
chr9	25250000	25500000	0.0145677
chr9	25500000	25750000	-0.458904
chr9	25750000	26000000	-0.87243
chr9	26000000	26250000	-0.991466
chr9	26250000	26500000	-0.864528
chr9	26500000	26750000	-0.713386
chr9	26750000	27000000	-0.262039
chr9	27000000	27250000	0.128639
chr9	27250000	27500000	-0.388411
chr9	27500000	27750000	0.146188
chr9	27750000	28000000	-0.493576
chr9	28000000	28250000	-0.538984
chr9	28250000	28500000	-0.733299
chr9	28500000	28750000	-0.868613
chr9	28750000	29000000	-0.900744
chr9	29000000	29250000	-0.9089
chr9	29250000	29500000	-0.780605
chr9	29500000	29750000	-0.761976
chr9	29750000	30000000	-0.914324
chr9	30000000	30250000	-0.840207
chr9	30250000	30500000	-0.329812
chr9	30500000	30750000	-0.547182
chr9	30750000	31000000	-0.314176
chr9	31000000	31250000	0.684044
chr9	31250000	31500000	0.637924
chr9	31500000	31750000	-0.426938
chr9	31750000	32000000	-0.561926
chr9	32000000	32250000	-0.483447
chr9	32250000	32500000	-0.283754
chr9	32500000	32750000	-0.107493
chr9	32750000	33000000	-0.619489
chr9	33000000	33250000	-0.682259
chr9	33250000	33500000	-0.705112
chr9	33500000	33750000	-0.812799
chr9	33750000	34000000	-0.909882
chr9	34000000	34250000	-0.872641
chr9	34250000	34500000	-0.783208
chr9	34500000	34750000	-0.6082
chr9	34750000	35000000	-0.478457
chr9	35000000	35250000	0.588695
chr9	35250000	35500000	0.0911287
chr9	35500000	35750000	-0.354843
chr9	35750000	36000000	-0.993459
chr9	36000000	36250000	-1.13111
chr9	36250000	36500000	-0.939039
chr9	36500000	36750000	-0.339319
chr9	36750000	37000000	-0.124257
chr9	37000000	37250000	-0.456992
chr9	37250000	37500000	0.0810207
chr9	37500000	37750000	0.449655
chr9	37750000	38000000	-0.644984
chr9	38000000	38250000	-0.915614
chr9	38250000	38500000	-0.836704
chr9	38500000	38750000	-0.503871
chr9	38750000	39000000	-0.727626
chr9	39000000	39250000	-0.804312
chr9	39250000	39500000	-0.97186
chr9	39500000	39750000	-0.956932
chr9	39750000	40000000	-0.996339
chr9	40000000	40250000	-0.938271
chr9	40250000	40500000	-0.975394
chr9	40500000	40750000	-0.502505
chr9	40750000	41000000	0.11634
chr9	41000000	41250000	0.680718
chr9	41250000	41500000	-0.405794
chr9	41500000	41750000	-0.798836
chr9	41750000	42000000	-0.888038
chr9	42000000	42250000	-0.655413
chr9	42250000	42500000	0.0524062
chr9	42500000	42750000	-0.522195
chr9	42750000	43000000	-0.377802
chr9	43000000	43250000	0.435377
chr9	43250000	43500000	-0.362545
chr9	43500000	43750000	-0.752502
chr9	43750000	44000000	-0.399357
chr9	44000000	44250000	0.72846
chr9	44250000	44500000	1.00451
chr9	44500000	44750000	0.935543
chr9	44750000	45000000	0.979096
chr9	45000000	45250000	0.174918
chr9	45250000	45500000	0.0698648
chr9	45500000	45750000	0.117003
chr9	45750000	46000000	0.85321
chr9	46000000	46250000	0.851581
chr9	46250000	46500000	-0.179784
chr9	46500000	46750000	-1.0675
chr9	46750000	47000000	-1.20962
chr9	47000000	47250000	-1.22346
chr9	47250000	47500000	-1.25819
chr9	47500000	47750000	-1.11087
chr9	47750000	48000000	-0.893842
chr9	48000000	48250000	-0.527321
chr9	48250000	48500000	0.502806
chr9	48500000	48750000	0.39103
chr9	48750000	49000000	0.527668
chr9	49000000	49250000	-0.00832686
chr9	49250000	49500000	-0.425876
chr9	49500000	49750000	-0.510646
chr9	49750000	50000000	-0.605944
chr9	50000000	50250000	-0.495556
chr9	50250000	50500000	0.172427
chr9	50500000	50750000	0.651587
chr9	50750000	51000000	0.835273
chr9	51000000	51250000	0.554946
chr9	51250000	51500000	0.100671
chr9	51500000	51750000	-0.309011
chr9	51750000	52000000	0.0954599
chr9	52000000	52250000	0.778622
chr9	52250000	52500000	0.305251
chr9	52500000	52750000	-0.259469
chr9	52750000	53000000	-0.106663
chr9	53000000	53250000	0.487474
chr9	53250000	53500000	0.468755
chr9	53500000	53750000	0.549645
chr9	53750000	54000000	-0.370933
chr9	54000000	54250000	-0.568919
chr9	54250000	54500000	-0.336246
chr9	54500000	54750000	0.331049
chr9	54750000	55000000	0.525598
chr9	55000000	55250000	0.551553
chr9	55250000	55500000	0.0868473
chr9	55500000	55750000	-0.103164
chr9	55750000	56000000	0.0311842
chr9	56000000	56250000	-0.0283694
chr9	56250000	56500000	0.584337
chr9	56500000	56750000	-0.112111
chr9	56750000	57000000	0.453811
chr9	57000000	57250000	0.871451
chr9	57250000	57500000	0.860422
chr9	57500000	57750000	0.875633
chr9	57750000	58000000	0.847377
chr9	58000000	58250000	0.458932
chr9	58250000	58500000	0.282612
chr9	58500000	58750000	0.652664
chr9	58750000	59000000	0.261304
chr9	59000000	59250000	0.140844
chr9	59250000	59500000	0.770497
chr9	59500000	59750000	0.721161
chr9	59750000	60000000	0.540326
chr9	60000000	60250000	0.256028
chr9	60250000	60500000	0.817562
chr9	60500000	60750000	0.476537
chr9	60750000	61000000	0.160926
chr9	61000000	61250000	0.250674
chr9	61250000	61500000	0.47998
chr9	61500000	61750000	0.484548
chr9	61750000	62000000	0.449552
chr9	62000000	62250000	0.455999
chr9	62250000	62500000	0.745347
chr9	62500000	62750000	0.332195
chr9	62750000	63000000	0.762544
chr9	63000000	63250000	0.328117
chr9	63250000	63500000	0.521284
chr9	63500000	63750000	0.508633
chr9	63750000	64000000	0.59969
chr9	64000000	64250000	0.84961
chr9	64250000	64500000	0.66349
chr9	64500000	64750000	0.689922
chr9	64750000	65000000	0.780124
chr9	65000000	65250000	0.708926
chr9	65250000	65500000	0.757481
chr9	65500000	65750000	0.800187
chr9	65750000	66000000	0.829617
chr9	66000000	66250000	0.835562
chr9	66250000	66500000	0.873446
chr9	66500000	66750000	0.780745
chr9	66750000	67000000	0.88098
chr9	67000000	67250000	0.462764
chr9	67250000	67500000	0.180058
chr9	67500000	67750000	0.0131809
chr9	67750000	68000000	0.629616
chr9	68000000	68250000	-0.455119
chr9	68250000	68500000	-0.91304
chr9	68500000	68750000	-0.996138
chr9	68750000	69000000	-0.747815
chr9	69000000	69250000	-0.482674
chr9	69250000	69500000	0.240557
chr9	69500000	69750000	-0.337474
chr9	69750000	70000000	-0.31138
chr9	70000000	70250000	0.0865861
chr9	70250000	70500000	0.321037
chr9	70500000	70750000	0.886868
chr9	70750000	71000000	0.821882
chr9	71000000	71250000	0.502296
chr9	71250000	71500000	0.0674851
chr9	71500000	71750000	0.482255
chr9	71750000	72000000	0.6366
chr9	72000000	72250000	0.750902
chr9	72250000	72500000	0.941343
chr9	72500000	72750000	1.02077
chr9	72750000	73000000	0.907093
chr9	73000000	73250000	0.523514
chr9	73250000	73500000	0.515018
chr9	73500000	73750000	-0.243386
chr9	73750000	74000000	-0.538519
chr9	74000000	74250000	-0.814251
chr9	74250000	74500000	-1.13396
chr9	74500000	74750000	-1.24273
chr9	74750000	75000000	-0.852238
chr9	75000000	75250000	0.0587083
chr9	75250000	75500000	0.514038
chr9	75500000	75750000	0.146236
chr9	75750000	76000000	0.260897
chr9	76000000	76250000	0.131404
chr9	76250000	76500000	-0.502462
chr9	76500000	76750000	-0.706015
chr9	76750000	77000000	-1.01292
chr9	77000000	77250000	-1.05705
chr9	77250000	77500000	-0.88937
chr9	77500000	77750000	-0.445418
chr9	77750000	78000000	0.526727
chr9	78000000	78250000	0.55143
chr9	78250000	78500000	0.488135
chr9	78500000	78750000	0.651486
chr9	78750000	79000000	-0.00640405
chr9	79000000	79250000	-0.166479
chr9	79250000	79500000	-0.0345017
chr9	79500000	79750000	0.35615
chr9	79750000	80000000	0.785589
chr9	80000000	80250000	0.642772
chr9	80250000	80500000	-0.144302
chr9	80500000	80750000	-0.605311
chr9	80750000	81000000	-0.459332
chr9	81000000	81250000	-0.325466
chr9	81250000	81500000	-0.44329
chr9	81500000	81750000	-0.359036
chr9	81750000	82000000	-0.121312
chr9	82000000	82250000	-0.456158
chr9	82250000	82500000	-0.403183
chr9	82500000	82750000	-0.0547391
chr9	82750000	83000000	0.495084
chr9	83000000	83250000	-0.424093
chr9	83250000	83500000	-0.074732
chr9	83500000	83750000	-0.306171
chr9	83750000	84000000	0.136219
chr9	84000000	84250000	0.03076
chr9	84250000	84500000	-0.384553
chr9	84500000	84750000	-0.508846
chr9	84750000	85000000	-0.459285
chr9	85000000	85250000	-0.394231
chr9	85250000	85500000	-0.107386
chr9	85500000	85750000	-0.0647853
chr9	85750000	86000000	-0.622278
chr9	86000000	86250000	-0.903604
chr9	86250000	86500000	-0.410297
chr9	86500000	86750000	0.242227
chr9	86750000	87000000	-0.440887
chr9	87000000	87250000	-0.107924
chr9	87250000	87500000	-0.227794
chr9	87500000	87750000	-0.829099
chr9	87750000	88000000	-0.954707
chr9	88000000	88250000	-0.65238
chr9	88250000	88500000	0.427693
chr9	88500000	88750000	0.224189
chr9	88750000	89000000	nan
chr9	89000000	89250000	nan
chr9	89250000	89500000	-0.990137
chr9	89500000	89750000	-0.811281
chr9	89750000	90000000	-1.09204
chr9	90000000	90250000	-0.638394
chr9	90250000	90500000	-1.04902
chr9	90500000	90750000	-0.860647
chr9	90750000	91000000	-0.884407
chr9	91000000	91250000	-0.785622
chr9	91250000	91500000	-0.835418
chr9	91500000	91750000	-0.892872
chr9	91750000	92000000	-0.816449
chr9	92000000	92250000	-0.202775
chr9	92250000	92500000	0.553815
chr9	92500000	92750000	-0.0795628
chr9	92750000	93000000	-0.485797
chr9	93000000	93250000	-0.732068
chr9	93250000	93500000	-0.698108
chr9	93500000	93750000	-0.783705
chr9	93750000	94000000	-0.743629
chr9	94000000	94250000	-0.779343
chr9	94250000	94500000	-0.639916
chr9	94500000	94750000	-0.305145
chr9	94750000	95000000	-0.715946
chr9	95000000	95250000	-0.956509
chr9	95250000	95500000	-0.486365
chr9	95500000	95750000	-0.050982
chr9	95750000	96000000	0.385619
chr9	96000000	96250000	0.779504
chr9	96250000	96500000	0.828039
chr9	96500000	96750000	0.959596
chr9	96750000	97000000	0.191367
chr9	97000000	97250000	-0.188502
chr9	97250000	97500000	-0.985824
chr9	97500000	97750000	-1.19107
chr9	97750000	98000000	-1.06723
chr9	98000000	98250000	-0.820032
chr9	98250000	98500000	0.28891
chr9	98500000	98750000	-0.0363322
chr9	98750000	99000000	-0.392402
chr9	99000000	99250000	0.850199
chr9	99250000	99500000	0.721718
chr9	99500000	99750000	0.102346
chr9	99750000	100000000	-0.751652
chr9	100000000	100250000	-1.00609
chr9	100250000	100500000	-0.285794
chr9	100500000	100750000	0.693248
chr9	100750000	101000000	0.623162
chr9	101000000	101250000	0.259252
chr9	101250000	101500000	-0.942667
chr9	101500000	101750000	-1.05605
chr9	101750000	102000000	-1.08842
chr9	102000000	102250000	-1.12899
chr9	102250000	102500000	-1.05549
chr9	102500000	102750000	-0.3298
chr9	102750000	103000000	0.474967
chr9	103000000	103250000	0.118922
chr9	103250000	103500000	0.192605
chr9	103500000	103750000	-0.912752
chr9	103750000	104000000	-1.02492
chr9	104000000	104250000	-0.0131294
chr9	104250000	104500000	-0.670466
chr9	104500000	104750000	-1.06103
chr9	104750000	105000000	-1.06054
chr9	105000000	105250000	-0.621672
chr9	105250000	105500000	-0.251906
chr9	105500000	105750000	-0.00383919
chr9	105750000	106000000	-0.626085
chr9	106000000	106250000	0.31854
chr9	106250000	106500000	0.926615
chr9	106500000	106750000	0.649554
chr9	106750000	107000000	0.660309
chr9	107000000	107250000	0.108722
chr9	107250000	107500000	0.719243
chr9	107500000	107750000	0.93413
chr9	107750000	108000000	0.930894
chr9	108000000	108250000	0.884035
chr9	108250000	108500000	0.975394
chr9	108500000	108750000	0.964352
chr9	108750000	109000000	0.871164
chr9	109000000	109250000	0.388094
chr9	109250000	109500000	-0.438775
chr9	109500000	109750000	-0.324681
chr9	109750000	110000000	0.694147
chr9	110000000	110250000	0.992695
chr9	110250000	110500000	0.934339
chr9	110500000	110750000	0.90214
chr9	110750000	111000000	0.37266
chr9	111000000	111250000	0.655162
chr9	111250000	111500000	-0.28406
chr9	111500000	111750000	-0.887071
chr9	111750000	112000000	-0.923686
chr9	112000000	112250000	-0.834214
chr9	112250000	112500000	-0.782103
chr9	112500000	112750000	-0.612779
chr9	112750000	113000000	-0.286194
chr9	113000000	113250000	-0.478886
chr9	113250000	113500000	-0.674978
chr9	113500000	113750000	-0.0685599
chr9	113750000	114000000	0.709593
chr9	114000000	114250000	-0.0757097
chr9	114250000	114500000	0.329467
chr9	114500000	114750000	0.632418
chr9	114750000	115000000	-0.0333131
chr9	115000000	115250000	-0.643059
chr9	115250000	115500000	-0.375976
chr9	115500000	115750000	-0.773896
chr9	115750000	116000000	-0.792483
chr9	116000000	116250000	-0.766142
chr9	116250000	116500000	-0.824986
chr9	116500000	116750000	-0.806341
chr9	116750000	117000000	-0.878018
chr9	117000000	117250000	-0.827019
chr9	117250000	117500000	-0.856362
chr9	117500000	117750000	-0.890756
chr9	117750000	118000000	-0.832066
chr9	118000000	118250000	-0.228146
chr9	118250000	118500000	-0.550221
chr9	118500000	118750000	-0.204728
chr9	118750000	119000000	-0.866171
chr9	119000000	119250000	-0.744987
chr9	119250000	119500000	0.286369
chr9	119500000	119750000	-0.996188
chr9	119750000	120000000	-0.0600161
chr9	120000000	120250000	0.511632
chr9	120250000	120500000	-0.0387459
chr9	120500000	120750000	0.3551
chr9	120750000	121000000	0.20327
chr9	121000000	121250000	-0.164564
chr9	121250000	121500000	0.619422
chr9	121500000	121750000	0.22192
chr9	121750000	122000000	0.0386471
chr9	122000000	122250000	0.0747565
chr9	122250000	122500000	0.339107
chr9	122500000	122750000	-0.247931
chr9	122750000	123000000	0.456911
chr9	123000000	123250000	0.559569
chr9	123250000	123500000	0.48523
chr9	123500000	123750000	0.934484
chr9	123750000	124000000	0.800905
chr9	124000000	124250000	nan
chr9	124250000	124500000	0.406259
chr9	124500000	124595110	nan
#bedGraph section chrX:0-171031299
chrX	0	250000	nan
chrX	250000	500000	nan
chrX	500000	750000	nan
chrX	750000	1000000	nan
chrX	1000000	1250000	nan
chrX	1250000	1500000	nan
chrX	1500000	1750000	nan
chrX	1750000	2000000	nan
chrX	2000000	2250000	nan
chrX	2250000	2500000	nan
chrX	2500000	2750000	nan
chrX	2750000	3000000	nan
chrX	3000000	3250000	nan
chrX	3250000	3500000	nan
chrX	3500000	3750000	nan
chrX	3750000	4000000	nan
chrX	4000000	4250000	nan
chrX	4250000	4500000	nan
chrX	4500000	4750000	nan
chrX	4750000	5000000	nan
chrX	5000000	5250000	nan
chrX	5250000	5500000	-1.06405
chrX	5500000	5750000	-1.1769
chrX	5750000	6000000	-0.877588
chrX	6000000	6250000	-0.695015
chrX	6250000	6500000	0.0184575
chrX	6500000	6750000	-0.15825
chrX	6750000	7000000	0.14563
chrX	7000000	7250000	0.809295
chrX	7250000	7500000	1.21977
chrX	7500000	7750000	1.32567
chrX	7750000	8000000	1.33175
chrX	8000000	8250000	1.52262
chrX	8250000	8500000	0.72451
chrX	8500000	8750000	-0.0110249
chrX	8750000	9000000	0.465376
chrX	9000000	9250000	0.502467
chrX	9250000	9500000	0.697323
chrX	9500000	9750000	0.414003
chrX	9750000	10000000	0.385732
chrX	10000000	10250000	0.366773
chrX	10250000	10500000	0.00927907
chrX	10500000	10750000	0.532545
chrX	10750000	11000000	0.735164
chrX	11000000	11250000	0.301582
chrX	11250000	11500000	0.61523
chrX	11500000	11750000	0.719019
chrX	11750000	12000000	1.06534
chrX	12000000	12250000	1.08677
chrX	12250000	12500000	0.905999
chrX	12500000	12750000	1.00804
chrX	12750000	13000000	1.17176
chrX	13000000	13250000	1.15641
chrX	13250000	13500000	1.15856
chrX	13500000	13750000	1.04945
chrX	13750000	14000000	-0.102944
chrX	14000000	14250000	-0.464251
chrX	14250000	14500000	-0.717194
chrX	14500000	14750000	-0.785244
chrX	14750000	15000000	-0.857801
chrX	15000000	15250000	-0.875759
chrX	15250000	15500000	-0.828307
chrX	15500000	15750000	-0.691977
chrX	15750000	16000000	-0.718176
chrX	16000000	16250000	-0.909118
chrX	16250000	16500000	-0.662727
chrX	16500000	16750000	0.0349939
chrX	16750000	17000000	-0.423791
chrX	17000000	17250000	-0.560916
chrX	17250000	17500000	-0.379694
chrX	17500000	17750000	0.0367243
chrX	17750000	18000000	-0.335575
chrX	18000000	18250000	0.727634
chrX	18250000	18500000	-0.0993799
chrX	18500000	18750000	-0.743929
chrX	18750000	19000000	-0.847439
chrX	19000000	19250000	-0.832196
chrX	19250000	19500000	-0.782595
chrX	19500000	19750000	-0.79513
chrX	19750000	20000000	-0.467625
chrX	20000000	20250000	0.0625048
chrX	20250000	20500000	1.00587
chrX	20500000	20750000	1.2952
chrX	20750000	21000000	1.2853
chrX	21000000	21250000	0.276325
chrX	21250000	21500000	-0.400603
chrX	21500000	21750000	-0.76731
chrX	21750000	22000000	-0.916342
chrX	22000000	22250000	-0.731339
chrX	22250000	22500000	-0.869347
chrX	22500000	22750000	-0.94939
chrX	22750000	23000000	-0.73328
chrX	23000000	23250000	-0.926947
chrX	23250000	23500000	-0.747732
chrX	23500000	23750000	0.00578023
chrX	23750000	24000000	-0.256712
chrX	24000000	24250000	-0.872604
chrX	24250000	24500000	-0.928121
chrX	24500000	24750000	nan
chrX	24750000	25000000	nan
chrX	25000000	25250000	nan
chrX	25250000	25500000	nan
chrX	25500000	25750000	nan
chrX	25750000	26000000	nan
chrX	26000000	26250000	nan
chrX	26250000	26500000	nan
chrX	26500000	26750000	nan
chrX	26750000	27000000	nan
chrX	27000000	27250000	nan
chrX	27250000	27500000	nan
chrX	27500000	27750000	nan
chrX	27750000	28000000	nan
chrX	28000000	28250000	nan
chrX	28250000	28500000	nan
chrX	28500000	28750000	nan
chrX	28750000	29000000	nan
chrX	29000000	29250000	nan
chrX	29250000	29500000	nan
chrX	29500000	29750000	nan
chrX	29750000	30000000	nan
chrX	30000000	30250000	nan
chrX	30250000	30500000	nan
chrX	30500000	30750000	nan
chrX	30750000	31000000	nan
chrX	31000000	31250000	-0.768706
chrX	31250000	31500000	nan
chrX	31500000	31750000	nan
chrX	31750000	32000000	nan
chrX	32000000	32250000	nan
chrX	32250000	32500000	nan
chrX	32500000	32750000	nan
chrX	32750000	33000000	nan
chrX	33000000	33250000	nan
chrX	33250000	33500000	nan
chrX	33500000	33750000	nan
chrX	33750000	34000000	nan
chrX	34000000	34250000	nan
chrX	34250000	34500000	nan
chrX	34500000	34750000	nan
chrX	34750000	35000000	nan
chrX	35000000	35250000	nan
chrX	35250000	35500000	nan
chrX	35500000	35750000	-0.60012
chrX	35750000	36000000	0.599746
chrX	36000000	36250000	0.275004
chrX	36250000	36500000	0.134329
chrX	36500000	36750000	1.0817
chrX	36750000	37000000	1.43262
chrX	37000000	37250000	1.24217
chrX	37250000	37500000	nan
chrX	37500000	37750000	nan
chrX	37750000	38000000	-0.217532
chrX	38000000	38250000	0.26955
chrX	38250000	38500000	0.747788
chrX	38500000	38750000	0.9681
chrX	38750000	39000000	-0.0495791
chrX	39000000	39250000	-0.214602
chrX	39250000	39500000	-0.0532511
chrX	39500000	39750000	0.347496
chrX	39750000	40000000	0.694043
chrX	40000000	40250000	0.787102
chrX	40250000	40500000	0.550559
chrX	40500000	40750000	0.154235
chrX	40750000	41000000	-0.0770976
chrX	41000000	41250000	-0.207272
chrX	41250000	41500000	-0.0291464
chrX	41500000	41750000	0.230052
chrX	41750000	42000000	0.902377
chrX	42000000	42250000	1.23499
chrX	42250000	42500000	0.26929
chrX	42500000	42750000	-0.270033
chrX	42750000	43000000	-0.467991
chrX	43000000	43250000	-0.670183
chrX	43250000	43500000	-0.679691
chrX	43500000	43750000	-0.664865
chrX	43750000	44000000	-0.697753
chrX	44000000	44250000	-0.701207
chrX	44250000	44500000	-0.67488
chrX	44500000	44750000	-0.681481
chrX	44750000	45000000	-0.651429
chrX	45000000	45250000	-0.609552
chrX	45250000	45500000	-0.62564
chrX	45500000	45750000	-0.558515
chrX	45750000	46000000	-0.699702
chrX	46000000	46250000	-0.632312
chrX	46250000	46500000	-0.706464
chrX	46500000	46750000	-0.679093
chrX	46750000	47000000	-0.675071
chrX	47000000	47250000	-0.684933
chrX	47250000	47500000	-0.61922
chrX	47500000	47750000	-0.442909
chrX	47750000	48000000	0.0554769
chrX	48000000	48250000	1.13098
chrX	48250000	48500000	1.41665
chrX	48500000	48750000	0.911486
chrX	48750000	49000000	0.0995049
chrX	49000000	49250000	0.2639
chrX	49250000	49500000	-0.269871
chrX	49500000	49750000	-0.593251
chrX	49750000	50000000	-0.64421
chrX	50000000	50250000	-0.616396
chrX	50250000	50500000	-0.25585
chrX	50500000	50750000	0.508804
chrX	50750000	51000000	0.649913
chrX	51000000	51250000	0.928251
chrX	51250000	51500000	0.059305
chrX	51500000	51750000	-0.110878
chrX	51750000	52000000	0.014796
chrX	52000000	52250000	0.986583
chrX	52250000	52500000	0.168629
chrX	52500000	52750000	-0.0717329
chrX	52750000	53000000	0.712516
chrX	53000000	53250000	1.32896
chrX	53250000	53500000	0.548651
chrX	53500000	53750000	-0.279371
chrX	53750000	54000000	-0.691431
chrX	54000000	54250000	-0.902985
chrX	54250000	54500000	nan
chrX	54500000	54750000	nan
chrX	54750000	55000000	nan
chrX	55000000	55250000	nan
chrX	55250000	55500000	nan
chrX	55500000	55750000	-0.902058
chrX	55750000	56000000	-0.6325
chrX	56000000	56250000	-0.280042
chrX	56250000	56500000	0.766177
chrX	56500000	56750000	1.08486
chrX	56750000	57000000	0.49179
chrX	57000000	57250000	0.0607991
chrX	57250000	57500000	0.295312
chrX	57500000	57750000	-0.407044
chrX	57750000	58000000	-0.726315
chrX	58000000	58250000	-0.773279
chrX	58250000	58500000	-0.758629
chrX	58500000	58750000	-0.726816
chrX	58750000	59000000	-0.708751
chrX	59000000	59250000	-0.686333
chrX	59250000	59500000	-0.653332
chrX	59500000	59750000	-0.674848
chrX	59750000	60000000	-0.614015
chrX	60000000	60250000	-0.208702
chrX	60250000	60500000	0.399698
chrX	60500000	60750000	-0.639398
chrX	60750000	61000000	-0.803229
chrX	61000000	61250000	-0.719167
chrX	61250000	61500000	-0.768389
chrX	61500000	61750000	-0.757203
chrX	61750000	62000000	-0.793101
chrX	62000000	62250000	-0.705569
chrX	62250000	62500000	-0.691973
chrX	62500000	62750000	-0.694052
chrX	62750000	63000000	-0.709259
chrX	63000000	63250000	-0.690304
chrX	63250000	63500000	-0.705997
chrX	63500000	63750000	-0.717225
chrX	63750000	64000000	-0.625065
chrX	64000000	64250000	-0.6978
chrX	64250000	64500000	-0.748676
chrX	64500000	64750000	-0.744299
chrX	64750000	65000000	-0.695537
chrX	65000000	65250000	-0.741508
chrX	65250000	65500000	-0.713016
chrX	65500000	65750000	-0.717349
chrX	65750000	66000000	-0.664597
chrX	66000000	66250000	-0.719241
chrX	66250000	66500000	-0.666611
chrX	66500000	66750000	-0.638187
chrX	66750000	67000000	-0.642968
chrX	67000000	67250000	-0.667987
chrX	67250000	67500000	-0.603573
chrX	67500000	67750000	-0.69546
chrX	67750000	68000000	-0.66126
chrX	68000000	68250000	-0.551897
chrX	68250000	68500000	-0.295198
chrX	68500000	68750000	0.157697
chrX	68750000	69000000	-0.351734
chrX	69000000	69250000	-0.734543
chrX	69250000	69500000	-0.692576
chrX	69500000	69750000	-0.684191
chrX	69750000	70000000	-0.629861
chrX	70000000	70250000	-0.506168
chrX	70250000	70500000	0.246385
chrX	70500000	70750000	-0.125063
chrX	70750000	71000000	-0.135901
chrX	71000000	71250000	0.312112
chrX	71250000	71500000	1.00714
chrX	71500000	71750000	0.952357
chrX	71750000	72000000	0.276918
chrX	72000000	72250000	0.221164
chrX	72250000	72500000	-0.104366
chrX	72500000	72750000	-0.0581369
chrX	72750000	73000000	0.486741
chrX	73000000	73250000	0.693252
chrX	73250000	73500000	0.767804
chrX	73500000	73750000	0.957299
chrX	73750000	74000000	1.00206
chrX	74000000	74250000	1.13279
chrX	74250000	74500000	1.16246
chrX	74500000	74750000	0.270135
chrX	74750000	75000000	0.303815
chrX	75000000	75250000	0.927036
chrX	75250000	75500000	0.945547
chrX	75500000	75750000	0.367602
chrX	75750000	76000000	-0.209682
chrX	76000000	76250000	-0.57222
chrX	76250000	76500000	-0.726454
chrX	76500000	76750000	-0.662032
chrX	76750000	77000000	-0.510154
chrX	77000000	77250000	-0.28798
chrX	77250000	77500000	0.553862
chrX	77500000	77750000	0.835249
chrX	77750000	78000000	-0.164514
chrX	78000000	78250000	-0.784983
chrX	78250000	78500000	-0.799634
chrX	78500000	78750000	-0.810097
chrX	78750000	79000000	-0.786516
chrX	79000000	79250000	-0.77484
chrX	79250000	79500000	-0.688766
chrX	79500000	79750000	-0.682223
chrX	79750000	80000000	-0.7253
chrX	80000000	80250000	-0.672101
chrX	80250000	80500000	-0.72257
chrX	80500000	80750000	-0.71531
chrX	80750000	81000000	-0.67321
chrX	81000000	81250000	-0.726781
chrX	81250000	81500000	-0.779107
chrX	81500000	81750000	-0.782518
chrX	81750000	82000000	-0.756863
chrX	82000000	82250000	-0.726997
chrX	82250000	82500000	-0.371331
chrX	82500000	82750000	-0.708394
chrX	82750000	83000000	-0.713768
chrX	83000000	83250000	-0.632084
chrX	83250000	83500000	-0.714237
chrX	83500000	83750000	-0.72658
chrX	83750000	84000000	-0.663126
chrX	84000000	84250000	-0.62584
chrX	84250000	84500000	-0.590888
chrX	84500000	84750000	-0.689093
chrX	84750000	85000000	-0.689906
chrX	85000000	85250000	-0.677134
chrX	85250000	85500000	-0.481989
chrX	85500000	85750000	0.248173
chrX	85750000	86000000	0.0973413
chrX	86000000	86250000	-0.608363
chrX	86250000	86500000	-0.713833
chrX	86500000	86750000	-0.7052
chrX	86750000	87000000	-0.694605
chrX	87000000	87250000	-0.654348
chrX	87250000	87500000	-0.670798
chrX	87500000	87750000	-0.656527
chrX	87750000	88000000	-0.66143
chrX	88000000	88250000	-0.659026
chrX	88250000	88500000	-0.679774
chrX	88500000	88750000	-0.705448
chrX	88750000	89000000	-0.71043
chrX	89000000	89250000	-0.679173
chrX	89250000	89500000	-0.735941
chrX	89500000	89750000	-0.712131
chrX	89750000	90000000	-0.707894
chrX	90000000	90250000	-0.717866
chrX	90250000	90500000	-0.681456
chrX	90500000	90750000	-0.747861
chrX	90750000	91000000	-0.736418
chrX	91000000	91250000	-0.737021
chrX	91250000	91500000	-0.776543
chrX	91500000	91750000	-0.767905
chrX	91750000	92000000	-0.809484
chrX	92000000	92250000	-0.791289
chrX	92250000	92500000	-0.686125
chrX	92500000	92750000	-0.640563
chrX	92750000	93000000	-0.384909
chrX	93000000	93250000	0.116497
chrX	93250000	93500000	0.986535
chrX	93500000	93750000	1.32073
chrX	93750000	94000000	1.32655
chrX	94000000	94250000	1.29725
chrX	94250000	94500000	1.04805
chrX	94500000	94750000	0.802598
chrX	94750000	95000000	nan
chrX	95000000	95250000	0.828548
chrX	95250000	95500000	0.626373
chrX	95500000	95750000	0.497432
chrX	95750000	96000000	0.53961
chrX	96000000	96250000	0.99067
chrX	96250000	96500000	0.793569
chrX	96500000	96750000	0.513608
chrX	96750000	97000000	0.0915507
chrX	97000000	97250000	-0.284657
chrX	97250000	97500000	0.0126744
chrX	97500000	97750000	-0.351023
chrX	97750000	98000000	-0.292591
chrX	98000000	98250000	0.28581
chrX	98250000	98500000	0.467007
chrX	98500000	98750000	0.0797772
chrX	98750000	99000000	0.480448
chrX	99000000	99250000	0.656695
chrX	99250000	99500000	0.214357
chrX	99500000	99750000	0.127134
chrX	99750000	100000000	-0.175792
chrX	100000000	100250000	-0.108949
chrX	100250000	100500000	0.192925
chrX	100500000	100750000	0.828994
chrX	100750000	101000000	0.37804
chrX	101000000	101250000	0.959137
chrX	101250000	101500000	1.25633
chrX	101500000	101750000	1.06774
chrX	101750000	102000000	0.722235
chrX	102000000	102250000	1.13444
chrX	102250000	102500000	0.911061
chrX	102500000	102750000	0.751964
chrX	102750000	103000000	-0.0115551
chrX	103000000	103250000	-0.318847
chrX	103250000	103500000	0.313322
chrX	103500000	103750000	0.491722
chrX	103750000	104000000	0.29859
chrX	104000000	104250000	0.201144
chrX	104250000	104500000	0.879402
chrX	104500000	104750000	0.0981823
chrX	104750000	105000000	-0.0548966
chrX	105000000	105250000	0.671506
chrX	105250000	105500000	0.230683
chrX	105500000	105750000	0.089171
chrX	105750000	106000000	0.975808
chrX	106000000	106250000	1.26597
chrX	106250000	106500000	0.164708
chrX	106500000	106750000	-0.115497
chrX	106750000	107000000	0.115197
chrX	107000000	107250000	0.534879
chrX	107250000	107500000	0.161083
chrX	107500000	107750000	-0.210201
chrX	107750000	108000000	0.100486
chrX	108000000	108250000	-0.436804
chrX	108250000	108500000	-0.380071
chrX	108500000	108750000	0.027729
chrX	108750000	109000000	0.723413
chrX	109000000	109250000	0.621969
chrX	109250000	109500000	-0.241317
chrX	109500000	109750000	0.121582
chrX	109750000	110000000	0.433507
chrX	110000000	110250000	0.538178
chrX	110250000	110500000	0.733849
chrX	110500000	110750000	0.475757
chrX	110750000	111000000	0.701262
chrX	111000000	111250000	0.438451
chrX	111250000	111500000	nan
chrX	111500000	111750000	-0.358621
chrX	111750000	112000000	-0.113318
chrX	112000000	112250000	-0.072693
chrX	112250000	112500000	0.0790335
chrX	112500000	112750000	0.383248
chrX	112750000	113000000	-0.104071
chrX	113000000	113250000	0.494779
chrX	113250000	113500000	-0.370624
chrX	113500000	113750000	-0.465828
chrX	113750000	114000000	-0.665801
chrX	114000000	114250000	-0.719056
chrX	114250000	114500000	-0.550744
chrX	114500000	114750000	0.108186
chrX	114750000	115000000	0.2186
chrX	115000000	115250000	-0.260441
chrX	115250000	115500000	-0.569865
chrX	115500000	115750000	-0.612861
chrX	115750000	116000000	-0.627314
chrX	116000000	116250000	-0.665634
chrX	116250000	116500000	-0.640473
chrX	116500000	116750000	-0.635518
chrX	116750000	117000000	-0.554129
chrX	117000000	117250000	-0.640781
chrX	117250000	117500000	-0.638953
chrX	117500000	117750000	-0.5298
chrX	117750000	118000000	-0.657092
chrX	118000000	118250000	-0.658543
chrX	118250000	118500000	-0.653097
chrX	118500000	118750000	-0.673961
chrX	118750000	119000000	-0.706483
chrX	119000000	119250000	-0.688204
chrX	119250000	119500000	-0.696741
chrX	119500000	119750000	-0.746089
chrX	119750000	120000000	-0.73062
chrX	120000000	120250000	-0.67769
chrX	120250000	120500000	-0.645094
chrX	120500000	120750000	-0.709667
chrX	120750000	121000000	-0.768269
chrX	121000000	121250000	-0.727183
chrX	121250000	121500000	-0.738478
chrX	121500000	121750000	-0.704205
chrX	121750000	122000000	-0.76819
chrX	122000000	122250000	-0.773851
chrX	122250000	122500000	-0.79508
chrX	122500000	122750000	-0.908657
chrX	122750000	123000000	-0.682893
chrX	123000000	123250000	nan
chrX	123250000	123500000	nan
chrX	123500000	123750000	nan
chrX	123750000	124000000	nan
chrX	124000000	124250000	-0.0902164
chrX	124250000	124500000	nan
chrX	124500000	124750000	nan
chrX	124750000	125000000	nan
chrX	125000000	125250000	nan
chrX	125250000	125500000	nan
chrX	125500000	125750000	nan
chrX	125750000	126000000	nan
chrX	126000000	126250000	-0.543097
chrX	126250000	126500000	-0.7504
chrX	126500000	126750000	-0.408317
chrX	126750000	127000000	-0.360032
chrX	127000000	127250000	-0.763771
chrX	127250000	127500000	-0.740127
chrX	127500000	127750000	-0.787281
chrX	127750000	128000000	-0.77637
chrX	128000000	128250000	-0.791922
chrX	128250000	128500000	-0.753968
chrX	128500000	128750000	-0.706528
chrX	128750000	129000000	-0.783441
chrX	129000000	129250000	-0.733235
chrX	129250000	129500000	-0.512274
chrX	129500000	129750000	-0.0953941
chrX	129750000	130000000	0.300756
chrX	130000000	130250000	0.876972
chrX	130250000	130500000	0.685104
chrX	130500000	130750000	0.373787
chrX	130750000	131000000	0.523891
chrX	131000000	131250000	0.508214
chrX	131250000	131500000	0.380844
chrX	131500000	131750000	0.084221
chrX	131750000	132000000	-0.0849082
chrX	132000000	132250000	-0.33135
chrX	132250000	132500000	-0.205061
chrX	132500000	132750000	0.304757
chrX	132750000	133000000	-0.141416
chrX	133000000	133250000	-0.587259
chrX	133250000	133500000	-0.800437
chrX	133500000	133750000	-0.383143
chrX	133750000	134000000	-0.0428768
chrX	134000000	134250000	0.883904
chrX	134250000	134500000	1.03234
chrX	134500000	134750000	1.35851
chrX	134750000	135000000	1.19022
chrX	135000000	135250000	0.310148
chrX	135250000	135500000	nan
chrX	135500000	135750000	0.0266853
chrX	135750000	136000000	0.768171
chrX	136000000	136250000	0.732771
chrX	136250000	136500000	0.475993
chrX	136500000	136750000	0.15132
chrX	136750000	137000000	0.241333
chrX	137000000	137250000	0.509455
chrX	137250000	137500000	-0.561599
chrX	137500000	137750000	-0.887327
chrX	137750000	138000000	-0.950883
chrX	138000000	138250000	-0.943585
chrX	138250000	138500000	-0.998612
chrX	138500000	138750000	-0.982986
chrX	138750000	139000000	-0.651096
chrX	139000000	139250000	-0.270625
chrX	139250000	139500000	0.695236
chrX	139500000	139750000	1.2984
chrX	139750000	140000000	0.825383
chrX	140000000	140250000	0.127998
chrX	140250000	140500000	0.541663
chrX	140500000	140750000	0.85488
chrX	140750000	141000000	0.48817
chrX	141000000	141250000	0.25975
chrX	141250000	141500000	0.0441524
chrX	141500000	141750000	-0.154398
chrX	141750000	142000000	-0.225334
chrX	142000000	142250000	0.188682
chrX	142250000	142500000	1.10896
chrX	142500000	142750000	1.37265
chrX	142750000	143000000	1.11916
chrX	143000000	143250000	0.227906
chrX	143250000	143500000	-0.00239226
chrX	143500000	143750000	-0.203734
chrX	143750000	144000000	-0.0835934
chrX	144000000	144250000	-0.389166
chrX	144250000	144500000	0.0907477
chrX	144500000	144750000	-0.538337
chrX	144750000	145000000	-0.634226
chrX	145000000	145250000	-0.516777
chrX	145250000	145500000	0.0223109
chrX	145500000	145750000	0.367404
chrX	145750000	146000000	0.653855
chrX	146000000	146250000	0.872927
chrX	146250000	146500000	0.790525
chrX	146500000	146750000	0.693275
chrX	146750000	147000000	0.312
chrX	147000000	147250000	-0.317412
chrX	147250000	147500000	-0.589398
chrX	147500000	147750000	-0.616121
chrX	147750000	148000000	nan
chrX	148000000	148250000	nan
chrX	148250000	148500000	nan
chrX	148500000	148750000	nan
chrX	148750000	149000000	nan
chrX	149000000	149250000	nan
chrX	149250000	149500000	nan
chrX	149500000	149750000	nan
chrX	149750000	150000000	nan
chrX	150000000	150250000	-0.58977
chrX	150250000	150500000	-0.00618698
chrX	150500000	150750000	0.724783
chrX	150750000	151000000	0.198697
chrX	151000000	151250000	0.633609
chrX	151250000	151500000	0.759222
chrX	151500000	151750000	0.693014
chrX	151750000	152000000	1.02932
chrX	152000000	152250000	1.03282
chrX	152250000	152500000	0.848268
chrX	152500000	152750000	0.00541272
chrX	152750000	153000000	-0.291495
chrX	153000000	153250000	-0.516023
chrX	153250000	153500000	-0.172946
chrX	153500000	153750000	-0.0589988
chrX	153750000	154000000	0.0363448
chrX	154000000	154250000	0.921724
chrX	154250000	154500000	0.955522
chrX	154500000	154750000	0.278463
chrX	154750000	155000000	-0.13725
chrX	155000000	155250000	0.222929
chrX	155250000	155500000	0.234799
chrX	155500000	155750000	-0.658294
chrX	155750000	156000000	-0.801071
chrX	156000000	156250000	-0.667462
chrX	156250000	156500000	-0.371209
chrX	156500000	156750000	-0.452219
chrX	156750000	157000000	-0.699905
chrX	157000000	157250000	-0.53637
chrX	157250000	157500000	0.112868
chrX	157500000	157750000	0.251944
chrX	157750000	158000000	-0.428619
chrX	158000000	158250000	-0.913271
chrX	158250000	158500000	-0.898365
chrX	158500000	158750000	-0.906598
chrX	158750000	159000000	-0.53998
chrX	159000000	159250000	-0.228536
chrX	159250000	159500000	0.776639
chrX	159500000	159750000	1.07139
chrX	159750000	160000000	0.805826
chrX	160000000	160250000	0.363081
chrX	160250000	160500000	0.216551
chrX	160500000	160750000	0.494953
chrX	160750000	161000000	0.644523
chrX	161000000	161250000	0.135872
chrX	161250000	161500000	-0.159619
chrX	161500000	161750000	-0.340307
chrX	161750000	162000000	0.0907538
chrX	162000000	162250000	0.492257
chrX	162250000	162500000	0.839403
chrX	162500000	162750000	1.1018
chrX	162750000	163000000	1.06023
chrX	163000000	163250000	0.0912791
chrX	163250000	163500000	-0.265252
chrX	163500000	163750000	-0.0760085
chrX	163750000	164000000	0.486407
chrX	164000000	164250000	0.836988
chrX	164250000	164500000	0.361364
chrX	164500000	164750000	-0.345138
chrX	164750000	165000000	0.0828337
chrX	165000000	165250000	-0.513603
chrX	165250000	165500000	-0.772718
chrX	165500000	165750000	-0.932147
chrX	165750000	166000000	-0.991064
chrX	166000000	166250000	-0.293926
chrX	166250000	166500000	0.577012
chrX	166500000	166750000	0.089562
chrX	166750000	167000000	-0.163999
chrX	167000000	167250000	0.520312
chrX	167250000	167500000	0.0794161
chrX	167500000	167750000	-0.52656
chrX	167750000	168000000	-0.684051
chrX	168000000	168250000	-0.773596
chrX	168250000	168500000	-0.450152
chrX	168500000	168750000	0.0900649
chrX	168750000	169000000	0.124835
chrX	169000000	169250000	1.3031
chrX	169250000	169500000	0.45812
chrX	169500000	169750000	-0.224754
chrX	169750000	170000000	0.316118
chrX	170000000	170250000	0.32567
chrX	170250000	170500000	nan
chrX	170500000	170750000	nan
chrX	170750000	171000000	nan
chrX	171000000	171031299	nan
#bedGraph section chrY:0-91744698
chrY	0	250000	nan
chrY	250000	500000	-0.458062
chrY	500000	750000	nan
chrY	750000	1000000	-0.111776
chrY	1000000	1250000	nan
chrY	1250000	1500000	nan
chrY	1500000	1750000	nan
chrY	1750000	2000000	-0.458062
chrY	2000000	2250000	nan
chrY	2250000	2500000	-0.124563
chrY	2500000	2750000	-0.135318
chrY	2750000	3000000	-0.124563
chrY	3000000	3250000	nan
chrY	3250000	3500000	nan
chrY	3500000	3750000	nan
chrY	3750000	4000000	nan
chrY	4000000	4250000	-0.123441
chrY	4250000	4500000	-0.123441
chrY	4500000	4750000	nan
chrY	4750000	5000000	-0.111776
chrY	5000000	5250000	nan
chrY	5250000	5500000	nan
chrY	5500000	5750000	nan
chrY	5750000	6000000	nan
chrY	6000000	6250000	-0.123441
chrY	6250000	6500000	-0.123441
chrY	6500000	6750000	nan
chrY	6750000	7000000	-0.111776
chrY	7000000	7250000	nan
chrY	7250000	7500000	nan
chrY	7500000	7750000	nan
chrY	7750000	8000000	nan
chrY	8000000	8250000	-0.111776
chrY	8250000	8500000	nan
chrY	8500000	8750000	nan
chrY	8750000	9000000	nan
chrY	9000000	9250000	nan
chrY	9250000	9500000	nan
chrY	9500000	9750000	-0.123441
chrY	9750000	10000000	-0.123441
chrY	10000000	10250000	nan
chrY	10250000	10500000	nan
chrY	10500000	10750000	0.986736
chrY	10750000	11000000	nan
chrY	11000000	11250000	nan
chrY	11250000	11500000	nan
chrY	11500000	11750000	nan
chrY	11750000	12000000	nan
chrY	12000000	12250000	nan
chrY	12250000	12500000	nan
chrY	12500000	12750000	nan
chrY	12750000	13000000	nan
chrY	13000000	13250000	nan
chrY	13250000	13500000	nan
chrY	13500000	13750000	nan
chrY	13750000	14000000	nan
chrY	14000000	14250000	nan
chrY	14250000	14500000	nan
chrY	14500000	14750000	nan
chrY	14750000	15000000	nan
chrY	15000000	15250000	nan
chrY	15250000	15500000	nan
chrY	15500000	15750000	nan
chrY	15750000	16000000	nan
chrY	16000000	16250000	nan
chrY	16250000	16500000	nan
chrY	16500000	16750000	nan
chrY	16750000	17000000	nan
chrY	17000000	17250000	nan
chrY	17250000	17500000	nan
chrY	17500000	17750000	nan
chrY	17750000	18000000	nan
chrY	18000000	18250000	nan
chrY	18250000	18500000	nan
chrY	18500000	18750000	nan
chrY	18750000	19000000	nan
chrY	19000000	19250000	nan
chrY	19250000	19500000	nan
chrY	19500000	19750000	-0.211893
chrY	19750000	20000000	nan
chrY	20000000	20250000	nan
chrY	20250000	20500000	nan
chrY	20500000	20750000	nan
chrY	20750000	21000000	nan
chrY	21000000	21250000	nan
chrY	21250000	21500000	nan
chrY	21500000	21750000	nan
chrY	21750000	22000000	nan
chrY	22000000	22250000	nan
chrY	22250000	22500000	nan
chrY	22500000	22750000	-0.111776
chrY	22750000	23000000	nan
chrY	23000000	23250000	nan
chrY	23250000	23500000	nan
chrY	23500000	23750000	nan
chrY	23750000	24000000	nan
chrY	24000000	24250000	nan
chrY	24250000	24500000	nan
chrY	24500000	24750000	nan
chrY	24750000	25000000	nan
chrY	25000000	25250000	nan
chrY	25250000	25500000	nan
chrY	25500000	25750000	nan
chrY	25750000	26000000	nan
chrY	26000000	26250000	nan
chrY	26250000	26500000	nan
chrY	26500000	26750000	nan
chrY	26750000	27000000	nan
chrY	27000000	27250000	nan
chrY	27250000	27500000	nan
chrY	27500000	27750000	nan
chrY	27750000	28000000	nan
chrY	28000000	28250000	nan
chrY	28250000	28500000	nan
chrY	28500000	28750000	nan
chrY	28750000	29000000	nan
chrY	29000000	29250000	nan
chrY	29250000	29500000	nan
chrY	29500000	29750000	nan
chrY	29750000	30000000	nan
chrY	30000000	30250000	nan
chrY	30250000	30500000	nan
chrY	30500000	30750000	nan
chrY	30750000	31000000	nan
chrY	31000000	31250000	nan
chrY	31250000	31500000	nan
chrY	31500000	31750000	nan
chrY	31750000	32000000	nan
chrY	32000000	32250000	nan
chrY	32250000	32500000	nan
chrY	32500000	32750000	nan
chrY	32750000	33000000	nan
chrY	33000000	33250000	nan
chrY	33250000	33500000	nan
chrY	33500000	33750000	nan
chrY	33750000	34000000	nan
chrY	34000000	34250000	nan
chrY	34250000	34500000	nan
chrY	34500000	34750000	nan
chrY	34750000	35000000	nan
chrY	35000000	35250000	nan
chrY	35250000	35500000	nan
chrY	35500000	35750000	nan
chrY	35750000	36000000	nan
chrY	36000000	36250000	nan
chrY	36250000	36500000	nan
chrY	36500000	36750000	nan
chrY	36750000	37000000	nan
chrY	37000000	37250000	nan
chrY	37250000	37500000	nan
chrY	37500000	37750000	nan
chrY	37750000	38000000	nan
chrY	38000000	38250000	nan
chrY	38250000	38500000	nan
chrY	38500000	38750000	nan
chrY	38750000	39000000	nan
chrY	39000000	39250000	-0.211893
chrY	39250000	39500000	nan
chrY	39500000	39750000	nan
chrY	39750000	40000000	nan
chrY	40000000	40250000	2.32495
chrY	40250000	40500000	nan
chrY	40500000	40750000	nan
chrY	40750000	41000000	nan
chrY	41000000	41250000	-0.111776
chrY	41250000	41500000	nan
chrY	41500000	41750000	nan
chrY	41750000	42000000	nan
chrY	42000000	42250000	-0.124563
chrY	42250000	42500000	-0.135318
chrY	42500000	42750000	-0.124563
chrY	42750000	43000000	nan
chrY	43000000	43250000	nan
chrY	43250000	43500000	nan
chrY	43500000	43750000	nan
chrY	43750000	44000000	nan
chrY	44000000	44250000	nan
chrY	44250000	44500000	nan
chrY	44500000	44750000	-0.111776
chrY	44750000	45000000	nan
chrY	45000000	45250000	nan
chrY	45250000	45500000	nan
chrY	45500000	45750000	nan
chrY	45750000	46000000	nan
chrY	46000000	46250000	nan
chrY	46250000	46500000	nan
chrY	46500000	46750000	nan
chrY	46750000	47000000	nan
chrY	47000000	47250000	nan
chrY	47250000	47500000	nan
chrY	47500000	47750000	nan
chrY	47750000	48000000	nan
chrY	48000000	48250000	nan
chrY	48250000	48500000	nan
chrY	48500000	48750000	nan
chrY	48750000	49000000	nan
chrY	49000000	49250000	nan
chrY	49250000	49500000	nan
chrY	49500000	49750000	nan
chrY	49750000	50000000	nan
chrY	50000000	50250000	nan
chrY	50250000	50500000	nan
chrY	50500000	50750000	nan
chrY	50750000	51000000	nan
chrY	51000000	51250000	nan
chrY	51250000	51500000	nan
chrY	51500000	51750000	nan
chrY	51750000	52000000	nan
chrY	52000000	52250000	nan
chrY	52250000	52500000	nan
chrY	52500000	52750000	nan
chrY	52750000	53000000	nan
chrY	53000000	53250000	nan
chrY	53250000	53500000	nan
chrY	53500000	53750000	nan
chrY	53750000	54000000	nan
chrY	54000000	54250000	nan
chrY	54250000	54500000	nan
chrY	54500000	54750000	nan
chrY	54750000	55000000	nan
chrY	55000000	55250000	nan
chrY	55250000	55500000	nan
chrY	55500000	55750000	nan
chrY	55750000	56000000	nan
chrY	56000000	56250000	nan
chrY	56250000	56500000	nan
chrY	56500000	56750000	nan
chrY	56750000	57000000	nan
chrY	57000000	57250000	nan
chrY	57250000	57500000	nan
chrY	57500000	57750000	nan
chrY	57750000	58000000	nan
chrY	58000000	58250000	nan
chrY	58250000	58500000	nan
chrY	58500000	58750000	nan
chrY	58750000	59000000	nan
chrY	59000000	59250000	nan
chrY	59250000	59500000	nan
chrY	59500000	59750000	-0.111776
chrY	59750000	60000000	nan
chrY	60000000	60250000	nan
chrY	60250000	60500000	nan
chrY	60500000	60750000	nan
chrY	60750000	61000000	nan
chrY	61000000	61250000	nan
chrY	61250000	61500000	nan
chrY	61500000	61750000	nan
chrY	61750000	62000000	nan
chrY	62000000	62250000	nan
chrY	62250000	62500000	nan
chrY	62500000	62750000	nan
chrY	62750000	63000000	nan
chrY	63000000	63250000	nan
chrY	63250000	63500000	nan
chrY	63500000	63750000	nan
chrY	63750000	64000000	nan
chrY	64000000	64250000	nan
chrY	64250000	64500000	nan
chrY	64500000	64750000	nan
chrY	64750000	65000000	nan
chrY	65000000	65250000	nan
chrY	65250000	65500000	nan
chrY	65500000	65750000	nan
chrY	65750000	66000000	nan
chrY	66000000	66250000	nan
chrY	66250000	66500000	nan
chrY	66500000	66750000	nan
chrY	66750000	67000000	nan
chrY	67000000	67250000	nan
chrY	67250000	67500000	nan
chrY	67500000	67750000	nan
chrY	67750000	68000000	nan
chrY	68000000	68250000	nan
chrY	68250000	68500000	nan
chrY	68500000	68750000	nan
chrY	68750000	69000000	nan
chrY	69000000	69250000	nan
chrY	69250000	69500000	nan
chrY	69500000	69750000	nan
chrY	69750000	70000000	nan
chrY	70000000	70250000	nan
chrY	70250000	70500000	nan
chrY	70500000	70750000	nan
chrY	70750000	71000000	nan
chrY	71000000	71250000	nan
chrY	71250000	71500000	nan
chrY	71500000	71750000	nan
chrY	71750000	72000000	nan
chrY	72000000	72250000	nan
chrY	72250000	72500000	nan
chrY	72500000	72750000	nan
chrY	72750000	73000000	nan
chrY	73000000	73250000	nan
chrY	73250000	73500000	nan
chrY	73500000	73750000	nan
chrY	73750000	74000000	nan
chrY	74000000	74250000	nan
chrY	74250000	74500000	nan
chrY	74500000	74750000	nan
chrY	74750000	75000000	nan
chrY	75000000	75250000	nan
chrY	75250000	75500000	nan
chrY	75500000	75750000	nan
chrY	75750000	76000000	nan
chrY	76000000	76250000	nan
chrY	76250000	76500000	nan
chrY	76500000	76750000	nan
chrY	76750000	77000000	nan
chrY	77000000	77250000	nan
chrY	77250000	77500000	nan
chrY	77500000	77750000	nan
chrY	77750000	78000000	nan
chrY	78000000	78250000	nan
chrY	78250000	78500000	nan
chrY	78500000	78750000	nan
chrY	78750000	79000000	nan
chrY	79000000	79250000	nan
chrY	79250000	79500000	nan
chrY	79500000	79750000	nan
chrY	79750000	80000000	nan
chrY	80000000	80250000	nan
chrY	80250000	80500000	nan
chrY	80500000	80750000	nan
chrY	80750000	81000000	nan
chrY	81000000	81250000	nan
chrY	81250000	81500000	nan
chrY	81500000	81750000	nan
chrY	81750000	82000000	nan
chrY	82000000	82250000	nan
chrY	82250000	82500000	nan
chrY	82500000	82750000	nan
chrY	82750000	83000000	nan
chrY	83000000	83250000	nan
chrY	83250000	83500000	nan
chrY	83500000	83750000	nan
chrY	83750000	84000000	nan
chrY	84000000	84250000	nan
chrY	84250000	84500000	nan
chrY	84500000	84750000	-0.111776
chrY	84750000	85000000	nan
chrY	85000000	85250000	nan
chrY	85250000	85500000	nan
chrY	85500000	85750000	nan
chrY	85750000	86000000	nan
chrY	86000000	86250000	nan
chrY	86250000	86500000	nan
chrY	86500000	86750000	nan
chrY	86750000	87000000	nan
chrY	87000000	87250000	nan
chrY	87250000	87500000	nan
chrY	87500000	87750000	nan
chrY	87750000	88000000	nan
chrY	88000000	88250000	nan
chrY	88250000	88500000	nan
chrY	88500000	88750000	nan
chrY	88750000	89000000	nan
chrY	89000000	89250000	-0.123441
chrY	89250000	89500000	-0.123441
chrY	89500000	89750000	nan
chrY	89750000	90000000	nan
chrY	90000000	90250000	2.08525
chrY	90250000	90500000	nan
chrY	90500000	90750000	-0.111776
chrY	90750000	91000000	nan
chrY	91000000	91250000	nan
chrY	91250000	91500000	nan
chrY	91500000	91744698	nan
