#bedGraph section chr1:0-195471971
chr1	0	250000	nan
chr1	250000	500000	nan
chr1	500000	750000	nan
chr1	750000	1000000	nan
chr1	1000000	1250000	nan
chr1	1250000	1500000	nan
chr1	1500000	1750000	nan
chr1	1750000	2000000	nan
chr1	2000000	2250000	nan
chr1	2250000	2500000	nan
chr1	2500000	2750000	nan
chr1	2750000	3000000	nan
chr1	3000000	3250000	-0.466572
chr1	3250000	3500000	-0.277791
chr1	3500000	3750000	-0.348282
chr1	3750000	4000000	-0.219448
chr1	4000000	4250000	-0.252785
chr1	4250000	4500000	0.185624
chr1	4500000	4750000	0.0305442
chr1	4750000	5000000	0.660297
chr1	5000000	5250000	0.0706299
chr1	5250000	5500000	-0.199605
chr1	5500000	5750000	-0.323166
chr1	5750000	6000000	-0.181094
chr1	6000000	6250000	0.127336
chr1	6250000	6500000	-0.041731
chr1	6500000	6750000	-0.318443
chr1	6750000	7000000	-0.0825941
chr1	7000000	7250000	0.222352
chr1	7250000	7500000	-0.04153
chr1	7500000	7750000	-0.125268
chr1	7750000	8000000	-0.350214
chr1	8000000	8250000	-0.52829
chr1	8250000	8500000	-0.585179
chr1	8500000	8750000	-0.534079
chr1	8750000	9000000	-0.374641
chr1	9000000	9250000	-0.146466
chr1	9250000	9500000	-0.165504
chr1	9500000	9750000	0.600755
chr1	9750000	10000000	0.892972
chr1	10000000	10250000	0.836752
chr1	10250000	10500000	0.558573
chr1	10500000	10750000	-0.00924517
chr1	10750000	11000000	-0.220287
chr1	11000000	11250000	-0.197359
chr1	11250000	11500000	-0.37986
chr1	11500000	11750000	-0.268103
chr1	11750000	12000000	-0.425053
chr1	12000000	12250000	-0.436897
chr1	12250000	12500000	-0.296222
chr1	12500000	12750000	-0.152583
chr1	12750000	13000000	0.0933056
chr1	13000000	13250000	0.397553
chr1	13250000	13500000	0.80977
chr1	13500000	13750000	0.693857
chr1	13750000	14000000	0.0295974
chr1	14000000	14250000	0.25134
chr1	14250000	14500000	0.449538
chr1	14500000	14750000	0.150849
chr1	14750000	15000000	-0.0777494
chr1	15000000	15250000	-0.323742
chr1	15250000	15500000	-0.232132
chr1	15500000	15750000	-0.104976
chr1	15750000	16000000	0.29097
chr1	16000000	16250000	0.163283
chr1	16250000	16500000	0.00108433
chr1	16500000	16750000	0.708589
chr1	16750000	17000000	-0.0297426
chr1	17000000	17250000	-0.192446
chr1	17250000	17500000	-0.426731
chr1	17500000	17750000	-0.559564
chr1	17750000	18000000	-0.513063
chr1	18000000	18250000	-0.386957
chr1	18250000	18500000	-0.415927
chr1	18500000	18750000	-0.565941
chr1	18750000	19000000	-0.539054
chr1	19000000	19250000	-0.393374
chr1	19250000	19500000	-0.49273
chr1	19500000	19750000	-0.567213
chr1	19750000	20000000	-0.491256
chr1	20000000	20250000	-0.432025
chr1	20250000	20500000	-0.241068
chr1	20500000	20750000	-0.181147
chr1	20750000	21000000	0.397829
chr1	21000000	21250000	0.349292
chr1	21250000	21500000	0.235679
chr1	21500000	21750000	-0.0954559
chr1	21750000	22000000	-0.113538
chr1	22000000	22250000	-0.205156
chr1	22250000	22500000	0.134976
chr1	22500000	22750000	-0.0660606
chr1	22750000	23000000	-0.172451
chr1	23000000	23250000	-0.0702075
chr1	23250000	23500000	0.229404
chr1	23500000	23750000	-0.116969
chr1	23750000	24000000	0.454599
chr1	24000000	24250000	0.00628248
chr1	24250000	24500000	-0.278933
chr1	24500000	24750000	-0.117726
chr1	24750000	25000000	-0.39207
chr1	25000000	25250000	-0.402853
chr1	25250000	25500000	-0.468504
chr1	25500000	25750000	-0.327554
chr1	25750000	26000000	-0.497268
chr1	26000000	26250000	-0.422942
chr1	26250000	26500000	-0.388215
chr1	26500000	26750000	-0.375798
chr1	26750000	27000000	-0.414017
chr1	27000000	27250000	-0.466823
chr1	27250000	27500000	-0.356938
chr1	27500000	27750000	-0.371661
chr1	27750000	28000000	-0.341063
chr1	28000000	28250000	-0.37551
chr1	28250000	28500000	-0.347461
chr1	28500000	28750000	-0.336392
chr1	28750000	29000000	-0.358984
chr1	29000000	29250000	-0.264943
chr1	29250000	29500000	-0.2719
chr1	29500000	29750000	-0.272169
chr1	29750000	30000000	-0.347774
chr1	30000000	30250000	-0.395455
chr1	30250000	30500000	-0.389143
chr1	30500000	30750000	-0.266443
chr1	30750000	31000000	0.333078
chr1	31000000	31250000	-0.117627
chr1	31250000	31500000	-0.348445
chr1	31500000	31750000	-0.46424
chr1	31750000	32000000	-0.393122
chr1	32000000	32250000	-0.307606
chr1	32250000	32500000	-0.404999
chr1	32500000	32750000	-0.275684
chr1	32750000	33000000	-0.238154
chr1	33000000	33250000	-0.13887
chr1	33250000	33500000	-0.0166984
chr1	33500000	33750000	0.663779
chr1	33750000	34000000	0.415041
chr1	34000000	34250000	0.096027
chr1	34250000	34500000	0.506963
chr1	34500000	34750000	0.208419
chr1	34750000	35000000	0.364367
chr1	35000000	35250000	0.0728579
chr1	35250000	35500000	0.250771
chr1	35500000	35750000	0.286377
chr1	35750000	36000000	0.627782
chr1	36000000	36250000	1.0258
chr1	36250000	36500000	0.938962
chr1	36500000	36750000	0.759769
chr1	36750000	37000000	0.986064
chr1	37000000	37250000	0.433051
chr1	37250000	37500000	0.688225
chr1	37500000	37750000	0.591702
chr1	37750000	38000000	0.766811
chr1	38000000	38250000	0.880713
chr1	38250000	38500000	0.59987
chr1	38500000	38750000	0.791171
chr1	38750000	39000000	0.504736
chr1	39000000	39250000	0.38436
chr1	39250000	39500000	0.575757
chr1	39500000	39750000	0.605235
chr1	39750000	40000000	0.232148
chr1	40000000	40250000	0.0835115
chr1	40250000	40500000	0.567024
chr1	40500000	40750000	0.123707
chr1	40750000	41000000	-0.180866
chr1	41000000	41250000	-0.525208
chr1	41250000	41500000	-0.473081
chr1	41500000	41750000	-0.400246
chr1	41750000	42000000	-0.439144
chr1	42000000	42250000	-0.383488
chr1	42250000	42500000	-0.247504
chr1	42500000	42750000	-0.305193
chr1	42750000	43000000	0.107556
chr1	43000000	43250000	0.272919
chr1	43250000	43500000	0.529838
chr1	43500000	43750000	0.34012
chr1	43750000	44000000	0.586492
chr1	44000000	44250000	0.489198
chr1	44250000	44500000	-0.173231
chr1	44500000	44750000	-0.0177924
chr1	44750000	45000000	-0.12464
chr1	45000000	45250000	-0.147042
chr1	45250000	45500000	-0.131006
chr1	45500000	45750000	-0.0441978
chr1	45750000	46000000	0.405268
chr1	46000000	46250000	-0.101122
chr1	46250000	46500000	-0.161498
chr1	46500000	46750000	-0.22755
chr1	46750000	47000000	0.119925
chr1	47000000	47250000	-0.289839
chr1	47250000	47500000	-0.30317
chr1	47500000	47750000	-0.368933
chr1	47750000	48000000	-0.243636
chr1	48000000	48250000	-0.34056
chr1	48250000	48500000	-0.324571
chr1	48500000	48750000	-0.362381
chr1	48750000	49000000	-0.320097
chr1	49000000	49250000	-0.265313
chr1	49250000	49500000	-0.281011
chr1	49500000	49750000	-0.352466
chr1	49750000	50000000	-0.326532
chr1	50000000	50250000	-0.263009
chr1	50250000	50500000	-0.375096
chr1	50500000	50750000	-0.274841
chr1	50750000	51000000	-0.238874
chr1	51000000	51250000	-0.0215515
chr1	51250000	51500000	0.103931
chr1	51500000	51750000	0.151455
chr1	51750000	52000000	0.0213606
chr1	52000000	52250000	0.515561
chr1	52250000	52500000	0.47247
chr1	52500000	52750000	0.518242
chr1	52750000	53000000	0.339531
chr1	53000000	53250000	0.214131
chr1	53250000	53500000	0.430134
chr1	53500000	53750000	0.173128
chr1	53750000	54000000	0.390984
chr1	54000000	54250000	0.121995
chr1	54250000	54500000	0.197789
chr1	54500000	54750000	0.0692094
chr1	54750000	55000000	0.314118
chr1	55000000	55250000	0.692781
chr1	55250000	55500000	0.0212115
chr1	55500000	55750000	-0.0323546
chr1	55750000	56000000	-0.216532
chr1	56000000	56250000	-0.347524
chr1	56250000	56500000	-0.383317
chr1	56500000	56750000	-0.317962
chr1	56750000	57000000	-0.425813
chr1	57000000	57250000	-0.252538
chr1	57250000	57500000	0.208682
chr1	57500000	57750000	0.0345067
chr1	57750000	58000000	0.265003
chr1	58000000	58250000	0.348481
chr1	58250000	58500000	0.737929
chr1	58500000	58750000	0.766724
chr1	58750000	59000000	0.5948
chr1	59000000	59250000	0.623623
chr1	59250000	59500000	0.73534
chr1	59500000	59750000	0.911234
chr1	59750000	60000000	0.864948
chr1	60000000	60250000	0.726319
chr1	60250000	60500000	0.637552
chr1	60500000	60750000	0.167979
chr1	60750000	61000000	0.070341
chr1	61000000	61250000	0.0473479
chr1	61250000	61500000	-0.103063
chr1	61500000	61750000	-0.223152
chr1	61750000	62000000	-0.063583
chr1	62000000	62250000	0.00185689
chr1	62250000	62500000	0.152964
chr1	62500000	62750000	0.0381307
chr1	62750000	63000000	0.213564
chr1	63000000	63250000	0.632439
chr1	63250000	63500000	0.172364
chr1	63500000	63750000	0.167326
chr1	63750000	64000000	0.197825
chr1	64000000	64250000	0.433728
chr1	64250000	64500000	0.30814
chr1	64500000	64750000	0.567398
chr1	64750000	65000000	0.140399
chr1	65000000	65250000	0.389014
chr1	65250000	65500000	-0.0768313
chr1	65500000	65750000	-0.301403
chr1	65750000	66000000	-0.353794
chr1	66000000	66250000	-0.2392
chr1	66250000	66500000	-0.0550796
chr1	66500000	66750000	0.112963
chr1	66750000	67000000	0.321946
chr1	67000000	67250000	-0.0182317
chr1	67250000	67500000	-0.314306
chr1	67500000	67750000	-0.387201
chr1	67750000	68000000	-0.301602
chr1	68000000	68250000	-0.286554
chr1	68250000	68500000	-0.38224
chr1	68500000	68750000	-0.19855
chr1	68750000	69000000	-0.117605
chr1	69000000	69250000	-0.0733534
chr1	69250000	69500000	0.427281
chr1	69500000	69750000	0.725491
chr1	69750000	70000000	0.0549709
chr1	70000000	70250000	-0.0570624
chr1	70250000	70500000	-0.0567107
chr1	70500000	70750000	-0.0398029
chr1	70750000	71000000	0.107467
chr1	71000000	71250000	0.344209
chr1	71250000	71500000	0.0320182
chr1	71500000	71750000	0.10208
chr1	71750000	72000000	-0.0866749
chr1	72000000	72250000	0.103825
chr1	72250000	72500000	0.416195
chr1	72500000	72750000	0.36229
chr1	72750000	73000000	0.324275
chr1	73000000	73250000	0.537617
chr1	73250000	73500000	0.108549
chr1	73500000	73750000	0.104344
chr1	73750000	74000000	0.15055
chr1	74000000	74250000	0.504989
chr1	74250000	74500000	0.944329
chr1	74500000	74750000	0.70568
chr1	74750000	75000000	0.249155
chr1	75000000	75250000	1.0009
chr1	75250000	75500000	0.536516
chr1	75500000	75750000	-0.0129159
chr1	75750000	76000000	-0.436145
chr1	76000000	76250000	-0.462402
chr1	76250000	76500000	-0.405101
chr1	76500000	76750000	-0.362748
chr1	76750000	77000000	-0.410019
chr1	77000000	77250000	-0.438226
chr1	77250000	77500000	-0.427305
chr1	77500000	77750000	-0.378471
chr1	77750000	78000000	-0.18409
chr1	78000000	78250000	0.182287
chr1	78250000	78500000	0.351491
chr1	78500000	78750000	0.103306
chr1	78750000	79000000	-0.282274
chr1	79000000	79250000	-0.275631
chr1	79250000	79500000	-0.21508
chr1	79500000	79750000	0.0874981
chr1	79750000	80000000	0.0263509
chr1	80000000	80250000	-0.126796
chr1	80250000	80500000	0.251827
chr1	80500000	80750000	0.175119
chr1	80750000	81000000	-0.123054
chr1	81000000	81250000	-0.234622
chr1	81250000	81500000	-0.291891
chr1	81500000	81750000	-0.389238
chr1	81750000	82000000	-0.405907
chr1	82000000	82250000	-0.276998
chr1	82250000	82500000	0.0711579
chr1	82500000	82750000	0.224818
chr1	82750000	83000000	0.437561
chr1	83000000	83250000	-0.172741
chr1	83250000	83500000	-0.419035
chr1	83500000	83750000	-0.414549
chr1	83750000	84000000	-0.385857
chr1	84000000	84250000	-0.418195
chr1	84250000	84500000	-0.409406
chr1	84500000	84750000	-0.0621797
chr1	84750000	85000000	0.419625
chr1	85000000	85250000	nan
chr1	85250000	85500000	nan
chr1	85500000	85750000	-0.194685
chr1	85750000	86000000	0.484276
chr1	86000000	86250000	0.768286
chr1	86250000	86500000	0.920509
chr1	86500000	86750000	0.736782
chr1	86750000	87000000	0.452675
chr1	87000000	87250000	0.490362
chr1	87250000	87500000	0.632664
chr1	87500000	87750000	0.76796
chr1	87750000	88000000	0.723024
chr1	88000000	88250000	-0.261363
chr1	88250000	88500000	-0.114444
chr1	88500000	88750000	-0.0210703
chr1	88750000	89000000	-0.514126
chr1	89000000	89250000	-0.459747
chr1	89250000	89500000	-0.491433
chr1	89500000	89750000	-0.493074
chr1	89750000	90000000	-0.52609
chr1	90000000	90250000	-0.493037
chr1	90250000	90500000	-0.509214
chr1	90500000	90750000	-0.252728
chr1	90750000	91000000	-0.514369
chr1	91000000	91250000	-0.0864439
chr1	91250000	91500000	0.653541
chr1	91500000	91750000	0.500726
chr1	91750000	92000000	0.294773
chr1	92000000	92250000	0.468843
chr1	92250000	92500000	0.29576
chr1	92500000	92750000	0.243228
chr1	92750000	93000000	0.409939
chr1	93000000	93250000	0.237146
chr1	93250000	93500000	0.799693
chr1	93500000	93750000	0.490017
chr1	93750000	94000000	nan
chr1	94000000	94250000	0.134143
chr1	94250000	94500000	0.0249682
chr1	94500000	94750000	0.0988548
chr1	94750000	95000000	0.239856
chr1	95000000	95250000	0.036186
chr1	95250000	95500000	0.18892
chr1	95500000	95750000	0.326793
chr1	95750000	96000000	-0.0847643
chr1	96000000	96250000	-0.268137
chr1	96250000	96500000	-0.342461
chr1	96500000	96750000	-0.35962
chr1	96750000	97000000	-0.29062
chr1	97000000	97250000	-0.436616
chr1	97250000	97500000	-0.381146
chr1	97500000	97750000	0.00277063
chr1	97750000	98000000	-0.21952
chr1	98000000	98250000	-0.481474
chr1	98250000	98500000	-0.434574
chr1	98500000	98750000	-0.421295
chr1	98750000	99000000	-0.47074
chr1	99000000	99250000	-0.465003
chr1	99250000	99500000	-0.443981
chr1	99500000	99750000	-0.430906
chr1	99750000	100000000	-0.491898
chr1	100000000	100250000	-0.432051
chr1	100250000	100500000	-0.439723
chr1	100500000	100750000	-0.448287
chr1	100750000	101000000	-0.443529
chr1	101000000	101250000	-0.429284
chr1	101250000	101500000	-0.380683
chr1	101500000	101750000	-0.470649
chr1	101750000	102000000	-0.449056
chr1	102000000	102250000	-0.408195
chr1	102250000	102500000	-0.447438
chr1	102500000	102750000	-0.460013
chr1	102750000	103000000	-0.406602
chr1	103000000	103250000	-0.41785
chr1	103250000	103500000	-0.471799
chr1	103500000	103750000	-0.399938
chr1	103750000	104000000	-0.42005
chr1	104000000	104250000	-0.415829
chr1	104250000	104500000	-0.462283
chr1	104500000	104750000	-0.490083
chr1	104750000	105000000	-0.423756
chr1	105000000	105250000	-0.388703
chr1	105250000	105500000	-0.347095
chr1	105500000	105750000	0.401843
chr1	105750000	106000000	0.0223925
chr1	106000000	106250000	0.215287
chr1	106250000	106500000	-0.0615688
chr1	106500000	106750000	-0.0159533
chr1	106750000	107000000	0.0547274
chr1	107000000	107250000	-0.4714
chr1	107250000	107500000	-0.459959
chr1	107500000	107750000	-0.392479
chr1	107750000	108000000	-0.414754
chr1	108000000	108250000	-0.473316
chr1	108250000	108500000	-0.412787
chr1	108500000	108750000	-0.436023
chr1	108750000	109000000	-0.42614
chr1	109000000	109250000	-0.390209
chr1	109250000	109500000	-0.436279
chr1	109500000	109750000	-0.387315
chr1	109750000	110000000	-0.371384
chr1	110000000	110250000	-0.403466
chr1	110250000	110500000	-0.381077
chr1	110500000	110750000	-0.365716
chr1	110750000	111000000	-0.371748
chr1	111000000	111250000	-0.401818
chr1	111250000	111500000	-0.422098
chr1	111500000	111750000	-0.435255
chr1	111750000	112000000	-0.407843
chr1	112000000	112250000	-0.457247
chr1	112250000	112500000	-0.330472
chr1	112500000	112750000	-0.455609
chr1	112750000	113000000	-0.446926
chr1	113000000	113250000	-0.444224
chr1	113250000	113500000	-0.450634
chr1	113500000	113750000	-0.401328
chr1	113750000	114000000	-0.4747
chr1	114000000	114250000	-0.413162
chr1	114250000	114500000	-0.377749
chr1	114500000	114750000	-0.445303
chr1	114750000	115000000	-0.513772
chr1	115000000	115250000	-0.386213
chr1	115250000	115500000	-0.390714
chr1	115500000	115750000	-0.41187
chr1	115750000	116000000	-0.39909
chr1	116000000	116250000	-0.39823
chr1	116250000	116500000	-0.344828
chr1	116500000	116750000	-0.359913
chr1	116750000	117000000	-0.390288
chr1	117000000	117250000	-0.368137
chr1	117250000	117500000	-0.434326
chr1	117500000	117750000	-0.44565
chr1	117750000	118000000	-0.331799
chr1	118000000	118250000	-0.308253
chr1	118250000	118500000	0.497154
chr1	118500000	118750000	0.0324669
chr1	118750000	119000000	-0.405924
chr1	119000000	119250000	-0.10733
chr1	119250000	119500000	-0.0155942
chr1	119500000	119750000	0.573243
chr1	119750000	120000000	0.328039
chr1	120000000	120250000	0.232664
chr1	120250000	120500000	0.00366538
chr1	120500000	120750000	-0.376177
chr1	120750000	121000000	-0.516025
chr1	121000000	121250000	-0.441808
chr1	121250000	121500000	0.118105
chr1	121500000	121750000	-0.106982
chr1	121750000	122000000	-0.499624
chr1	122000000	122250000	-0.466925
chr1	122250000	122500000	-0.471795
chr1	122500000	122750000	-0.478528
chr1	122750000	123000000	-0.489265
chr1	123000000	123250000	-0.459755
chr1	123250000	123500000	-0.469566
chr1	123500000	123750000	-0.425615
chr1	123750000	124000000	-0.43053
chr1	124000000	124250000	-0.386923
chr1	124250000	124500000	-0.460407
chr1	124500000	124750000	-0.462004
chr1	124750000	125000000	-0.452693
chr1	125000000	125250000	-0.352073
chr1	125250000	125500000	0.406536
chr1	125500000	125750000	0.122789
chr1	125750000	126000000	-0.252007
chr1	126000000	126250000	-0.331674
chr1	126250000	126500000	-0.333733
chr1	126500000	126750000	-0.289267
chr1	126750000	127000000	-0.388672
chr1	127000000	127250000	-0.428238
chr1	127250000	127500000	-0.418355
chr1	127500000	127750000	-0.0659934
chr1	127750000	128000000	0.61741
chr1	128000000	128250000	0.730886
chr1	128250000	128500000	0.687522
chr1	128500000	128750000	0.324578
chr1	128750000	129000000	0.162188
chr1	129000000	129250000	0.0887395
chr1	129250000	129500000	0.102414
chr1	129500000	129750000	0.203738
chr1	129750000	130000000	0.311405
chr1	130000000	130250000	0.185323
chr1	130250000	130500000	0.405078
chr1	130500000	130750000	0.352108
chr1	130750000	131000000	0.231881
chr1	131000000	131250000	0.57531
chr1	131250000	131500000	0.446303
chr1	131500000	131750000	0.596731
chr1	131750000	132000000	0.520533
chr1	132000000	132250000	0.47891
chr1	132250000	132500000	0.653926
chr1	132500000	132750000	0.303225
chr1	132750000	133000000	0.314312
chr1	133000000	133250000	0.547861
chr1	133250000	133500000	0.256421
chr1	133500000	133750000	0.552293
chr1	133750000	134000000	0.585963
chr1	134000000	134250000	0.548615
chr1	134250000	134500000	0.537948
chr1	134500000	134750000	0.678937
chr1	134750000	135000000	0.526045
chr1	135000000	135250000	0.551695
chr1	135250000	135500000	0.571288
chr1	135500000	135750000	0.510902
chr1	135750000	136000000	0.478005
chr1	136000000	136250000	0.707554
chr1	136250000	136500000	0.75145
chr1	136500000	136750000	0.435809
chr1	136750000	137000000	-0.254515
chr1	137000000	137250000	-0.491595
chr1	137250000	137500000	-0.429516
chr1	137500000	137750000	-0.42623
chr1	137750000	138000000	-0.401271
chr1	138000000	138250000	-0.259084
chr1	138250000	138500000	-0.183727
chr1	138500000	138750000	0.150467
chr1	138750000	139000000	0.195107
chr1	139000000	139250000	0.144534
chr1	139250000	139500000	0.3033
chr1	139500000	139750000	nan
chr1	139750000	140000000	-0.466063
chr1	140000000	140250000	-0.372487
chr1	140250000	140500000	-0.373526
chr1	140500000	140750000	-0.354602
chr1	140750000	141000000	-0.37119
chr1	141000000	141250000	-0.32327
chr1	141250000	141500000	-0.292414
chr1	141500000	141750000	-0.345821
chr1	141750000	142000000	-0.333455
chr1	142000000	142250000	-0.287909
chr1	142250000	142500000	-0.368063
chr1	142500000	142750000	-0.402773
chr1	142750000	143000000	-0.219679
chr1	143000000	143250000	-0.270034
chr1	143250000	143500000	-0.078008
chr1	143500000	143750000	0.33941
chr1	143750000	144000000	0.341807
chr1	144000000	144250000	0.265528
chr1	144250000	144500000	0.164883
chr1	144500000	144750000	0.0592759
chr1	144750000	145000000	0.166623
chr1	145000000	145250000	0.039717
chr1	145250000	145500000	-0.0325642
chr1	145500000	145750000	-0.0594512
chr1	145750000	146000000	0.057962
chr1	146000000	146250000	-0.11749
chr1	146250000	146500000	-0.0992523
chr1	146500000	146750000	-0.0514185
chr1	146750000	147000000	-0.121783
chr1	147000000	147250000	-0.0187562
chr1	147250000	147500000	-0.0718978
chr1	147500000	147750000	-0.183027
chr1	147750000	148000000	-0.279605
chr1	148000000	148250000	-0.253603
chr1	148250000	148500000	-0.212514
chr1	148500000	148750000	-0.276067
chr1	148750000	149000000	-0.187014
chr1	149000000	149250000	-0.240885
chr1	149250000	149500000	-0.308948
chr1	149500000	149750000	-0.336755
chr1	149750000	150000000	-0.310713
chr1	150000000	150250000	-0.314397
chr1	150250000	150500000	0.297027
chr1	150500000	150750000	-0.0179316
chr1	150750000	151000000	0.095011
chr1	151000000	151250000	0.637296
chr1	151250000	151500000	0.777954
chr1	151500000	151750000	0.630152
chr1	151750000	152000000	0.503198
chr1	152000000	152250000	0.294658
chr1	152250000	152500000	0.328239
chr1	152500000	152750000	0.398861
chr1	152750000	153000000	0.579701
chr1	153000000	153250000	0.452387
chr1	153250000	153500000	0.795125
chr1	153500000	153750000	0.425206
chr1	153750000	154000000	0.480398
chr1	154000000	154250000	0.331781
chr1	154250000	154500000	0.145511
chr1	154500000	154750000	0.0822587
chr1	154750000	155000000	0.144277
chr1	155000000	155250000	0.776143
chr1	155250000	155500000	0.719049
chr1	155500000	155750000	0.527745
chr1	155750000	156000000	0.528718
chr1	156000000	156250000	0.752762
chr1	156250000	156500000	0.58484
chr1	156500000	156750000	0.737511
chr1	156750000	157000000	0.487262
chr1	157000000	157250000	0.478182
chr1	157250000	157500000	0.386979
chr1	157500000	157750000	0.114298
chr1	157750000	158000000	-0.165636
chr1	158000000	158250000	-0.306914
chr1	158250000	158500000	-0.310621
chr1	158500000	158750000	-0.143779
chr1	158750000	159000000	-0.254236
chr1	159000000	159250000	0.0932971
chr1	159250000	159500000	0.350169
chr1	159500000	159750000	0.158419
chr1	159750000	160000000	0.218198
chr1	160000000	160250000	0.482656
chr1	160250000	160500000	0.590145
chr1	160500000	160750000	0.639126
chr1	160750000	161000000	0.948183
chr1	161000000	161250000	0.858296
chr1	161250000	161500000	0.403892
chr1	161500000	161750000	0.298232
chr1	161750000	162000000	0.73808
chr1	162000000	162250000	0.364889
chr1	162250000	162500000	0.297857
chr1	162500000	162750000	0.676926
chr1	162750000	163000000	0.143105
chr1	163000000	163250000	0.0241673
chr1	163250000	163500000	0.257573
chr1	163500000	163750000	0.126824
chr1	163750000	164000000	0.571518
chr1	164000000	164250000	0.442308
chr1	164250000	164500000	0.612258
chr1	164500000	164750000	0.020448
chr1	164750000	165000000	0.13593
chr1	165000000	165250000	0.40157
chr1	165250000	165500000	0.572665
chr1	165500000	165750000	0.586602
chr1	165750000	166000000	0.785515
chr1	166000000	166250000	0.487056
chr1	166250000	166500000	0.248945
chr1	166500000	166750000	-0.0538749
chr1	166750000	167000000	0.203545
chr1	167000000	167250000	0.0417172
chr1	167250000	167500000	0.610554
chr1	167500000	167750000	0.136386
chr1	167750000	168000000	-0.32811
chr1	168000000	168250000	-0.557932
chr1	168250000	168500000	-0.576403
chr1	168500000	168750000	-0.42764
chr1	168750000	169000000	-0.50724
chr1	169000000	169250000	-0.471234
chr1	169250000	169500000	-0.469492
chr1	169500000	169750000	-0.126793
chr1	169750000	170000000	-0.157338
chr1	170000000	170250000	0.263673
chr1	170250000	170500000	0.0833883
chr1	170500000	170750000	0.30728
chr1	170750000	171000000	0.690668
chr1	171000000	171250000	0.726129
chr1	171250000	171500000	0.673373
chr1	171500000	171750000	-0.00387641
chr1	171750000	172000000	0.00947106
chr1	172000000	172250000	0.684475
chr1	172250000	172500000	0.387441
chr1	172500000	172750000	0.264311
chr1	172750000	173000000	-0.0966262
chr1	173000000	173250000	0.183512
chr1	173250000	173500000	0.200492
chr1	173500000	173750000	-0.254999
chr1	173750000	174000000	-0.227694
chr1	174000000	174250000	0.0530245
chr1	174250000	174500000	0.114507
chr1	174500000	174750000	-0.266792
chr1	174750000	175000000	-0.397929
chr1	175000000	175250000	-0.441486
chr1	175250000	175500000	-0.480873
chr1	175500000	175750000	0.0129331
chr1	175750000	176000000	-0.115599
chr1	176000000	176250000	-0.458716
chr1	176250000	176500000	-0.489116
chr1	176500000	176750000	-0.232724
chr1	176750000	177000000	0.477679
chr1	177000000	177250000	0.0018813
chr1	177250000	177500000	0.143242
chr1	177500000	177750000	0.0761127
chr1	177750000	178000000	0.12705
chr1	178000000	178250000	0.234454
chr1	178250000	178500000	0.595633
chr1	178500000	178750000	0.194373
chr1	178750000	179000000	0.151339
chr1	179000000	179250000	0.373221
chr1	179250000	179500000	0.34625
chr1	179500000	179750000	0.970386
chr1	179750000	180000000	0.785382
chr1	180000000	180250000	0.668832
chr1	180250000	180500000	0.806173
chr1	180500000	180750000	0.83305
chr1	180750000	181000000	0.879586
chr1	181000000	181250000	0.818481
chr1	181250000	181500000	0.573527
chr1	181500000	181750000	0.374503
chr1	181750000	182000000	0.545536
chr1	182000000	182250000	0.434138
chr1	182250000	182500000	0.753944
chr1	182500000	182750000	0.281035
chr1	182750000	183000000	0.170644
chr1	183000000	183250000	0.59529
chr1	183250000	183500000	0.626026
chr1	183500000	183750000	-0.278713
chr1	183750000	184000000	-0.509951
chr1	184000000	184250000	-0.580413
chr1	184250000	184500000	-0.362718
chr1	184500000	184750000	0.0133809
chr1	184750000	185000000	0.175804
chr1	185000000	185250000	0.23606
chr1	185250000	185500000	0.963225
chr1	185500000	185750000	0.173802
chr1	185750000	186000000	-0.0987963
chr1	186000000	186250000	-0.124735
chr1	186250000	186500000	0.157611
chr1	186500000	186750000	0.119859
chr1	186750000	187000000	-0.325278
chr1	187000000	187250000	-0.0887991
chr1	187250000	187500000	-0.172508
chr1	187500000	187750000	-0.547711
chr1	187750000	188000000	-0.378189
chr1	188000000	188250000	0.0673814
chr1	188250000	188500000	0.197103
chr1	188500000	188750000	-0.179321
chr1	188750000	189000000	-0.258584
chr1	189000000	189250000	-0.239874
chr1	189250000	189500000	-0.560273
chr1	189500000	189750000	-0.0956283
chr1	189750000	190000000	-0.488402
chr1	190000000	190250000	-0.594421
chr1	190250000	190500000	-0.512885
chr1	190500000	190750000	-0.536296
chr1	190750000	191000000	0.308944
chr1	191000000	191250000	0.837703
chr1	191250000	191500000	0.948765
chr1	191500000	191750000	0.685164
chr1	191750000	192000000	0.659698
chr1	192000000	192250000	0.505687
chr1	192250000	192500000	-0.14336
chr1	192500000	192750000	-0.364261
chr1	192750000	193000000	-0.411948
chr1	193000000	193250000	0.463987
chr1	193250000	193500000	0.00331527
chr1	193500000	193750000	-0.107869
chr1	193750000	194000000	-0.503805
chr1	194000000	194250000	-0.52162
chr1	194250000	194500000	-0.625635
chr1	194500000	194750000	-0.301126
chr1	194750000	195000000	0.265354
chr1	195000000	195250000	0.650666
chr1	195250000	195471971	nan
#bedGraph section chr10:0-130694993
chr10	0	250000	nan
chr10	250000	500000	nan
chr10	500000	750000	nan
chr10	750000	1000000	nan
chr10	1000000	1250000	nan
chr10	1250000	1500000	nan
chr10	1500000	1750000	nan
chr10	1750000	2000000	nan
chr10	2000000	2250000	nan
chr10	2250000	2500000	nan
chr10	2500000	2750000	nan
chr10	2750000	3000000	nan
chr10	3000000	3250000	nan
chr10	3250000	3500000	0.204097
chr10	3500000	3750000	0.0404487
chr10	3750000	4000000	0.322993
chr10	4000000	4250000	0.48333
chr10	4250000	4500000	0.618961
chr10	4500000	4750000	0.0873083
chr10	4750000	5000000	-0.132187
chr10	5000000	5250000	0.194571
chr10	5250000	5500000	0.1069
chr10	5500000	5750000	0.293022
chr10	5750000	6000000	0.202931
chr10	6000000	6250000	-0.0767012
chr10	6250000	6500000	-0.23013
chr10	6500000	6750000	-0.294493
chr10	6750000	7000000	-0.327016
chr10	7000000	7250000	-0.0909976
chr10	7250000	7500000	0.0853218
chr10	7500000	7750000	0.559416
chr10	7750000	8000000	0.562232
chr10	8000000	8250000	0.39635
chr10	8250000	8500000	-0.126581
chr10	8500000	8750000	-0.42211
chr10	8750000	9000000	-0.381148
chr10	9000000	9250000	-0.459441
chr10	9250000	9500000	-0.330655
chr10	9500000	9750000	-0.151625
chr10	9750000	10000000	0.348163
chr10	10000000	10250000	-0.0374531
chr10	10250000	10500000	-0.0374589
chr10	10500000	10750000	-0.0706268
chr10	10750000	11000000	-0.0116352
chr10	11000000	11250000	0.364748
chr10	11250000	11500000	0.415367
chr10	11500000	11750000	-0.0501698
chr10	11750000	12000000	0.0725349
chr10	12000000	12250000	0.0188418
chr10	12250000	12500000	0.223516
chr10	12500000	12750000	0.46581
chr10	12750000	13000000	0.747999
chr10	13000000	13250000	0.313185
chr10	13250000	13500000	0.105814
chr10	13500000	13750000	0.0833599
chr10	13750000	14000000	0.0842943
chr10	14000000	14250000	-0.0340596
chr10	14250000	14500000	0.245076
chr10	14500000	14750000	0.194732
chr10	14750000	15000000	0.0498028
chr10	15000000	15250000	-0.0343317
chr10	15250000	15500000	0.165988
chr10	15500000	15750000	0.17895
chr10	15750000	16000000	0.242935
chr10	16000000	16250000	0.171268
chr10	16250000	16500000	0.258583
chr10	16500000	16750000	0.309072
chr10	16750000	17000000	0.295907
chr10	17000000	17250000	0.311623
chr10	17250000	17500000	0.354886
chr10	17500000	17750000	0.537829
chr10	17750000	18000000	0.334633
chr10	18000000	18250000	0.578771
chr10	18250000	18500000	0.16763
chr10	18500000	18750000	0.154316
chr10	18750000	19000000	0.356948
chr10	19000000	19250000	0.514431
chr10	19250000	19500000	0.227429
chr10	19500000	19750000	0.333024
chr10	19750000	20000000	0.366746
chr10	20000000	20250000	0.41244
chr10	20250000	20500000	0.54394
chr10	20500000	20750000	0.373836
chr10	20750000	21000000	0.471229
chr10	21000000	21250000	0.75967
chr10	21250000	21500000	0.645309
chr10	21500000	21750000	0.500673
chr10	21750000	22000000	0.569583
chr10	22000000	22250000	0.0565448
chr10	22250000	22500000	0.361387
chr10	22500000	22750000	0.419691
chr10	22750000	23000000	0.301989
chr10	23000000	23250000	0.16723
chr10	23250000	23500000	0.277188
chr10	23500000	23750000	0.133982
chr10	23750000	24000000	0.283893
chr10	24000000	24250000	0.352659
chr10	24250000	24500000	0.208129
chr10	24500000	24750000	0.438752
chr10	24750000	25000000	0.58305
chr10	25000000	25250000	0.474415
chr10	25250000	25500000	0.114351
chr10	25500000	25750000	-0.0156036
chr10	25750000	26000000	-0.176576
chr10	26000000	26250000	-0.181044
chr10	26250000	26500000	-0.170777
chr10	26500000	26750000	-0.115542
chr10	26750000	27000000	-0.0215503
chr10	27000000	27250000	-0.0730383
chr10	27250000	27500000	-0.118992
chr10	27500000	27750000	-0.141438
chr10	27750000	28000000	-0.235136
chr10	28000000	28250000	0.0167605
chr10	28250000	28500000	0.147687
chr10	28500000	28750000	0.356963
chr10	28750000	29000000	0.0943793
chr10	29000000	29250000	0.0471995
chr10	29250000	29500000	0.382073
chr10	29500000	29750000	0.304811
chr10	29750000	30000000	0.244768
chr10	30000000	30250000	0.258888
chr10	30250000	30500000	0.1304
chr10	30500000	30750000	0.544898
chr10	30750000	31000000	0.295681
chr10	31000000	31250000	0.130456
chr10	31250000	31500000	0.249047
chr10	31500000	31750000	0.0390711
chr10	31750000	32000000	-0.127523
chr10	32000000	32250000	-0.0464957
chr10	32250000	32500000	-0.0603707
chr10	32500000	32750000	-0.106186
chr10	32750000	33000000	-0.146759
chr10	33000000	33250000	-0.0513279
chr10	33250000	33500000	-0.0348986
chr10	33500000	33750000	-0.0422232
chr10	33750000	34000000	0.0393897
chr10	34000000	34250000	0.290434
chr10	34250000	34500000	0.409333
chr10	34500000	34750000	0.0846241
chr10	34750000	35000000	0.106882
chr10	35000000	35250000	0.160519
chr10	35250000	35500000	0.0524311
chr10	35500000	35750000	-0.0767536
chr10	35750000	36000000	-0.0904458
chr10	36000000	36250000	-0.0721383
chr10	36250000	36500000	-0.11428
chr10	36500000	36750000	-0.0366777
chr10	36750000	37000000	0.117498
chr10	37000000	37250000	0.149496
chr10	37250000	37500000	0.112602
chr10	37500000	37750000	0.109267
chr10	37750000	38000000	-0.0641059
chr10	38000000	38250000	-0.115493
chr10	38250000	38500000	-0.0269072
chr10	38500000	38750000	0.010568
chr10	38750000	39000000	0.117213
chr10	39000000	39250000	0.465494
chr10	39250000	39500000	0.476395
chr10	39500000	39750000	0.466576
chr10	39750000	40000000	0.480212
chr10	40000000	40250000	0.680861
chr10	40250000	40500000	0.696211
chr10	40500000	40750000	0.296073
chr10	40750000	41000000	0.359053
chr10	41000000	41250000	0.379795
chr10	41250000	41500000	0.598021
chr10	41500000	41750000	0.554149
chr10	41750000	42000000	0.634685
chr10	42000000	42250000	0.553511
chr10	42250000	42500000	0.661413
chr10	42500000	42750000	0.438019
chr10	42750000	43000000	nan
chr10	43000000	43250000	nan
chr10	43250000	43500000	nan
chr10	43500000	43750000	nan
chr10	43750000	44000000	nan
chr10	44000000	44250000	nan
chr10	44250000	44500000	nan
chr10	44500000	44750000	nan
chr10	44750000	45000000	nan
chr10	45000000	45250000	nan
chr10	45250000	45500000	nan
chr10	45500000	45750000	nan
chr10	45750000	46000000	nan
chr10	46000000	46250000	nan
chr10	46250000	46500000	nan
chr10	46500000	46750000	nan
chr10	46750000	47000000	nan
chr10	47000000	47250000	nan
chr10	47250000	47500000	nan
chr10	47500000	47750000	nan
chr10	47750000	48000000	nan
chr10	48000000	48250000	nan
chr10	48250000	48500000	nan
chr10	48500000	48750000	nan
chr10	48750000	49000000	nan
chr10	49000000	49250000	nan
chr10	49250000	49500000	nan
chr10	49500000	49750000	nan
chr10	49750000	50000000	nan
chr10	50000000	50250000	nan
chr10	50250000	50500000	nan
chr10	50500000	50750000	nan
chr10	50750000	51000000	nan
chr10	51000000	51250000	nan
chr10	51250000	51500000	nan
chr10	51500000	51750000	nan
chr10	51750000	52000000	nan
chr10	52000000	52250000	nan
chr10	52250000	52500000	nan
chr10	52500000	52750000	nan
chr10	52750000	53000000	nan
chr10	53000000	53250000	nan
chr10	53250000	53500000	nan
chr10	53500000	53750000	nan
chr10	53750000	54000000	nan
chr10	54000000	54250000	nan
chr10	54250000	54500000	nan
chr10	54500000	54750000	nan
chr10	54750000	55000000	nan
chr10	55000000	55250000	nan
chr10	55250000	55500000	nan
chr10	55500000	55750000	nan
chr10	55750000	56000000	nan
chr10	56000000	56250000	nan
chr10	56250000	56500000	nan
chr10	56500000	56750000	nan
chr10	56750000	57000000	nan
chr10	57000000	57250000	nan
chr10	57250000	57500000	0.626575
chr10	57500000	57750000	nan
chr10	57750000	58000000	nan
chr10	58000000	58250000	nan
chr10	58250000	58500000	nan
chr10	58500000	58750000	nan
chr10	58750000	59000000	nan
chr10	59000000	59250000	nan
chr10	59250000	59500000	nan
chr10	59500000	59750000	nan
chr10	59750000	60000000	nan
chr10	60000000	60250000	nan
chr10	60250000	60500000	0.451755
chr10	60500000	60750000	nan
chr10	60750000	61000000	0.274648
chr10	61000000	61250000	0.295284
chr10	61250000	61500000	0.593339
chr10	61500000	61750000	0.721076
chr10	61750000	62000000	0.497187
chr10	62000000	62250000	0.592024
chr10	62250000	62500000	nan
chr10	62500000	62750000	0.72552
chr10	62750000	63000000	nan
chr10	63000000	63250000	nan
chr10	63250000	63500000	nan
chr10	63500000	63750000	nan
chr10	63750000	64000000	nan
chr10	64000000	64250000	nan
chr10	64250000	64500000	nan
chr10	64500000	64750000	nan
chr10	64750000	65000000	nan
chr10	65000000	65250000	nan
chr10	65250000	65500000	nan
chr10	65500000	65750000	nan
chr10	65750000	66000000	nan
chr10	66000000	66250000	nan
chr10	66250000	66500000	nan
chr10	66500000	66750000	nan
chr10	66750000	67000000	nan
chr10	67000000	67250000	1.01865
chr10	67250000	67500000	0.882879
chr10	67500000	67750000	0.636849
chr10	67750000	68000000	0.365295
chr10	68000000	68250000	0.314124
chr10	68250000	68500000	0.316871
chr10	68500000	68750000	0.280606
chr10	68750000	69000000	0.287918
chr10	69000000	69250000	0.303478
chr10	69250000	69500000	0.427178
chr10	69500000	69750000	0.289814
chr10	69750000	70000000	0.254854
chr10	70000000	70250000	0.55508
chr10	70250000	70500000	0.274874
chr10	70500000	70750000	0.220695
chr10	70750000	71000000	0.248708
chr10	71000000	71250000	0.328109
chr10	71250000	71500000	0.5417
chr10	71500000	71750000	0.127471
chr10	71750000	72000000	0.193034
chr10	72000000	72250000	0.193168
chr10	72250000	72500000	0.236798
chr10	72500000	72750000	0.45019
chr10	72750000	73000000	0.229004
chr10	73000000	73250000	0.166461
chr10	73250000	73500000	0.171101
chr10	73500000	73750000	0.201253
chr10	73750000	74000000	0.151222
chr10	74000000	74250000	0.207511
chr10	74250000	74500000	0.178875
chr10	74500000	74750000	0.110576
chr10	74750000	75000000	0.12359
chr10	75000000	75250000	0.317113
chr10	75250000	75500000	0.547265
chr10	75500000	75750000	0.624649
chr10	75750000	76000000	0.640931
chr10	76000000	76250000	0.532224
chr10	76250000	76500000	0.752576
chr10	76500000	76750000	0.496036
chr10	76750000	77000000	0.521296
chr10	77000000	77250000	0.720188
chr10	77250000	77500000	0.561269
chr10	77500000	77750000	0.726913
chr10	77750000	78000000	0.536686
chr10	78000000	78250000	0.652034
chr10	78250000	78500000	0.770996
chr10	78500000	78750000	0.571713
chr10	78750000	79000000	0.430485
chr10	79000000	79250000	0.50569
chr10	79250000	79500000	0.531431
chr10	79500000	79750000	0.807811
chr10	79750000	80000000	0.86894
chr10	80000000	80250000	0.742479
chr10	80250000	80500000	0.55827
chr10	80500000	80750000	0.579947
chr10	80750000	81000000	0.409157
chr10	81000000	81250000	0.332816
chr10	81250000	81500000	0.315937
chr10	81500000	81750000	0.217604
chr10	81750000	82000000	nan
chr10	82000000	82250000	-0.141738
chr10	82250000	82500000	-0.213387
chr10	82500000	82750000	0.0861946
chr10	82750000	83000000	0.249445
chr10	83000000	83250000	0.172958
chr10	83250000	83500000	0.0285712
chr10	83500000	83750000	0.0597435
chr10	83750000	84000000	-0.103033
chr10	84000000	84250000	-0.124624
chr10	84250000	84500000	-0.0423255
chr10	84500000	84750000	0.261171
chr10	84750000	85000000	0.173083
chr10	85000000	85250000	0.0583696
chr10	85250000	85500000	-0.168521
chr10	85500000	85750000	-0.163815
chr10	85750000	86000000	0.200625
chr10	86000000	86250000	0.0665767
chr10	86250000	86500000	0.0314124
chr10	86500000	86750000	0.146958
chr10	86750000	87000000	-0.00789877
chr10	87000000	87250000	-0.106565
chr10	87250000	87500000	-0.187101
chr10	87500000	87750000	-0.140132
chr10	87750000	88000000	-0.117638
chr10	88000000	88250000	0.125025
chr10	88250000	88500000	0.0836521
chr10	88500000	88750000	0.0879031
chr10	88750000	89000000	0.0890146
chr10	89000000	89250000	-0.0765665
chr10	89250000	89500000	0.129417
chr10	89500000	89750000	0.247272
chr10	89750000	90000000	0.0535078
chr10	90000000	90250000	-0.136696
chr10	90250000	90500000	-0.227277
chr10	90500000	90750000	-0.14032
chr10	90750000	91000000	0.0219151
chr10	91000000	91250000	0.284544
chr10	91250000	91500000	-0.141751
chr10	91500000	91750000	-0.404782
chr10	91750000	92000000	-0.435839
chr10	92000000	92250000	-0.411029
chr10	92250000	92500000	-0.385405
chr10	92500000	92750000	-0.115478
chr10	92750000	93000000	-0.142419
chr10	93000000	93250000	0.303729
chr10	93250000	93500000	0.0142236
chr10	93500000	93750000	0.0893138
chr10	93750000	94000000	0.176309
chr10	94000000	94250000	0.110326
chr10	94250000	94500000	-0.0737066
chr10	94500000	94750000	0.118735
chr10	94750000	95000000	0.164463
chr10	95000000	95250000	-0.0189735
chr10	95250000	95500000	0.108511
chr10	95500000	95750000	-0.0166331
chr10	95750000	96000000	-0.127712
chr10	96000000	96250000	-0.156551
chr10	96250000	96500000	-0.342281
chr10	96500000	96750000	-0.184093
chr10	96750000	97000000	-0.458016
chr10	97000000	97250000	-0.490309
chr10	97250000	97500000	-0.500861
chr10	97500000	97750000	-0.450829
chr10	97750000	98000000	-0.468255
chr10	98000000	98250000	-0.431155
chr10	98250000	98500000	-0.322783
chr10	98500000	98750000	-0.114049
chr10	98750000	99000000	0.0562722
chr10	99000000	99250000	-0.19292
chr10	99250000	99500000	-0.450748
chr10	99500000	99750000	-0.456375
chr10	99750000	100000000	-0.5176
chr10	100000000	100250000	-0.556331
chr10	100250000	100500000	-0.246441
chr10	100500000	100750000	-0.143193
chr10	100750000	101000000	-0.367976
chr10	101000000	101250000	-0.450373
chr10	101250000	101500000	-0.417288
chr10	101500000	101750000	-0.405101
chr10	101750000	102000000	-0.415902
chr10	102000000	102250000	-0.445995
chr10	102250000	102500000	-0.452702
chr10	102500000	102750000	-0.512214
chr10	102750000	103000000	-0.487767
chr10	103000000	103250000	-0.457309
chr10	103250000	103500000	-0.517898
chr10	103500000	103750000	-0.478002
chr10	103750000	104000000	-0.496216
chr10	104000000	104250000	-0.490709
chr10	104250000	104500000	-0.403978
chr10	104500000	104750000	-0.423649
chr10	104750000	105000000	-0.364424
chr10	105000000	105250000	-0.169098
chr10	105250000	105500000	0.0054706
chr10	105500000	105750000	-0.0426971
chr10	105750000	106000000	-0.184882
chr10	106000000	106250000	-0.43972
chr10	106250000	106500000	-0.389121
chr10	106500000	106750000	-0.41082
chr10	106750000	107000000	-0.501867
chr10	107000000	107250000	-0.497112
chr10	107250000	107500000	-0.443562
chr10	107500000	107750000	-0.45528
chr10	107750000	108000000	-0.189861
chr10	108000000	108250000	0.0869406
chr10	108250000	108500000	0.116359
chr10	108500000	108750000	-0.281153
chr10	108750000	109000000	-0.416668
chr10	109000000	109250000	-0.450675
chr10	109250000	109500000	-0.487569
chr10	109500000	109750000	-0.506755
chr10	109750000	110000000	-0.430487
chr10	110000000	110250000	-0.401461
chr10	110250000	110500000	-0.262145
chr10	110500000	110750000	-0.0476595
chr10	110750000	111000000	-0.0286484
chr10	111000000	111250000	0.216195
chr10	111250000	111500000	0.0855386
chr10	111500000	111750000	0.225452
chr10	111750000	112000000	0.045246
chr10	112000000	112250000	-0.23465
chr10	112250000	112500000	-0.332365
chr10	112500000	112750000	-0.442238
chr10	112750000	113000000	-0.15888
chr10	113000000	113250000	-0.306933
chr10	113250000	113500000	-0.319321
chr10	113500000	113750000	-0.301853
chr10	113750000	114000000	-0.388699
chr10	114000000	114250000	-0.455543
chr10	114250000	114500000	-0.488635
chr10	114500000	114750000	-0.51684
chr10	114750000	115000000	-0.527358
chr10	115000000	115250000	-0.337279
chr10	115250000	115500000	0.0721094
chr10	115500000	115750000	-0.45648
chr10	115750000	116000000	-0.515621
chr10	116000000	116250000	-0.466302
chr10	116250000	116500000	-0.365758
chr10	116500000	116750000	-0.00438976
chr10	116750000	117000000	-0.244947
chr10	117000000	117250000	0.12144
chr10	117250000	117500000	0.0508314
chr10	117500000	117750000	-0.0324922
chr10	117750000	118000000	0.177885
chr10	118000000	118250000	-0.0207049
chr10	118250000	118500000	-0.308045
chr10	118500000	118750000	-0.390642
chr10	118750000	119000000	-0.280149
chr10	119000000	119250000	0.00212746
chr10	119250000	119500000	-0.436379
chr10	119500000	119750000	-0.559807
chr10	119750000	120000000	-0.610148
chr10	120000000	120250000	-0.0523964
chr10	120250000	120500000	-0.363416
chr10	120500000	120750000	-0.365168
chr10	120750000	121000000	0.0131814
chr10	121000000	121250000	-0.473409
chr10	121250000	121500000	-0.134158
chr10	121500000	121750000	0.0725237
chr10	121750000	122000000	-0.388534
chr10	122000000	122250000	-0.453457
chr10	122250000	122500000	-0.570425
chr10	122500000	122750000	-0.60897
chr10	122750000	123000000	-0.223996
chr10	123000000	123250000	0.0249889
chr10	123250000	123500000	-0.575022
chr10	123500000	123750000	-0.597034
chr10	123750000	124000000	-0.618565
chr10	124000000	124250000	-0.581855
chr10	124250000	124500000	-0.63853
chr10	124500000	124750000	-0.531371
chr10	124750000	125000000	-0.51058
chr10	125000000	125250000	-0.568625
chr10	125250000	125500000	-0.592293
chr10	125500000	125750000	-0.606756
chr10	125750000	126000000	-0.646405
chr10	126000000	126250000	-0.662568
chr10	126250000	126500000	-0.659474
chr10	126500000	126750000	-0.611719
chr10	126750000	127000000	-0.128982
chr10	127000000	127250000	0.432913
chr10	127250000	127500000	0.386751
chr10	127500000	127750000	0.308356
chr10	127750000	128000000	0.0146252
chr10	128000000	128250000	0.557766
chr10	128250000	128500000	0.464425
chr10	128500000	128750000	0.55545
chr10	128750000	129000000	0.496574
chr10	129000000	129250000	-0.139817
chr10	129250000	129500000	-0.458522
chr10	129500000	129750000	-0.449919
chr10	129750000	130000000	-0.334697
chr10	130000000	130250000	-0.240013
chr10	130250000	130500000	-0.0279171
chr10	130500000	130694993	nan
#bedGraph section chr11:0-122082543
chr11	0	250000	nan
chr11	250000	500000	nan
chr11	500000	750000	nan
chr11	750000	1000000	nan
chr11	1000000	1250000	nan
chr11	1250000	1500000	nan
chr11	1500000	1750000	nan
chr11	1750000	2000000	nan
chr11	2000000	2250000	nan
chr11	2250000	2500000	nan
chr11	2500000	2750000	nan
chr11	2750000	3000000	nan
chr11	3000000	3250000	0.48807
chr11	3250000	3500000	0.566971
chr11	3500000	3750000	-0.532919
chr11	3750000	4000000	-0.454955
chr11	4000000	4250000	0.713871
chr11	4250000	4500000	0.421401
chr11	4500000	4750000	0.738141
chr11	4750000	5000000	0.766112
chr11	5000000	5250000	0.58241
chr11	5250000	5500000	0.250724
chr11	5500000	5750000	0.742912
chr11	5750000	6000000	0.595508
chr11	6000000	6250000	0.167761
chr11	6250000	6500000	1.13158
chr11	6500000	6750000	0.392749
chr11	6750000	7000000	-0.878587
chr11	7000000	7250000	-0.956028
chr11	7250000	7500000	-0.88725
chr11	7500000	7750000	-0.864838
chr11	7750000	8000000	-0.859794
chr11	8000000	8250000	-0.88629
chr11	8250000	8500000	-0.840176
chr11	8500000	8750000	-0.71952
chr11	8750000	9000000	-0.558596
chr11	9000000	9250000	-0.222638
chr11	9250000	9500000	-0.605871
chr11	9500000	9750000	-0.675651
chr11	9750000	10000000	-0.708302
chr11	10000000	10250000	-0.627607
chr11	10250000	10500000	-0.584253
chr11	10500000	10750000	-0.604489
chr11	10750000	11000000	-0.551059
chr11	11000000	11250000	-0.567426
chr11	11250000	11500000	-0.251693
chr11	11500000	11750000	0.426019
chr11	11750000	12000000	0.289127
chr11	12000000	12250000	-0.636097
chr11	12250000	12500000	-0.610214
chr11	12500000	12750000	-0.676826
chr11	12750000	13000000	-0.531681
chr11	13000000	13250000	-0.579879
chr11	13250000	13500000	-0.531244
chr11	13500000	13750000	-0.521676
chr11	13750000	14000000	-0.452573
chr11	14000000	14250000	-0.487385
chr11	14250000	14500000	-0.59019
chr11	14500000	14750000	-0.50927
chr11	14750000	15000000	-0.408962
chr11	15000000	15250000	-0.280961
chr11	15250000	15500000	-0.298219
chr11	15500000	15750000	-0.0125497
chr11	15750000	16000000	-0.100417
chr11	16000000	16250000	-0.436064
chr11	16250000	16500000	-0.430894
chr11	16500000	16750000	-0.425198
chr11	16750000	17000000	-0.171445
chr11	17000000	17250000	0.103443
chr11	17250000	17500000	-0.465113
chr11	17500000	17750000	-0.582634
chr11	17750000	18000000	-0.35124
chr11	18000000	18250000	-0.452655
chr11	18250000	18500000	-0.433381
chr11	18500000	18750000	-0.492446
chr11	18750000	19000000	-0.00944502
chr11	19000000	19250000	-0.185403
chr11	19250000	19500000	-0.382641
chr11	19500000	19750000	-0.480301
chr11	19750000	20000000	0.10796
chr11	20000000	20250000	0.432034
chr11	20250000	20500000	-0.142921
chr11	20500000	20750000	0.177261
chr11	20750000	21000000	-0.348323
chr11	21000000	21250000	0.388012
chr11	21250000	21500000	0.0426176
chr11	21500000	21750000	-0.254303
chr11	21750000	22000000	-0.500766
chr11	22000000	22250000	-0.290984
chr11	22250000	22500000	-0.321586
chr11	22500000	22750000	-0.30336
chr11	22750000	23000000	0.462278
chr11	23000000	23250000	0.132809
chr11	23250000	23500000	0.562286
chr11	23500000	23750000	0.265144
chr11	23750000	24000000	-0.0869985
chr11	24000000	24250000	0.29171
chr11	24250000	24500000	-0.41737
chr11	24500000	24750000	-0.506601
chr11	24750000	25000000	-0.509717
chr11	25000000	25250000	-0.456435
chr11	25250000	25500000	-0.347235
chr11	25500000	25750000	-0.433439
chr11	25750000	26000000	-0.452341
chr11	26000000	26250000	-0.393128
chr11	26250000	26500000	-0.0948044
chr11	26500000	26750000	-0.105489
chr11	26750000	27000000	-0.41672
chr11	27000000	27250000	-0.45791
chr11	27250000	27500000	-0.530191
chr11	27500000	27750000	-0.475525
chr11	27750000	28000000	-0.428989
chr11	28000000	28250000	-0.472013
chr11	28250000	28500000	-0.488966
chr11	28500000	28750000	-0.392808
chr11	28750000	29000000	-0.48078
chr11	29000000	29250000	0.242848
chr11	29250000	29500000	0.119883
chr11	29500000	29750000	0.322971
chr11	29750000	30000000	-0.268902
chr11	30000000	30250000	-0.0932491
chr11	30250000	30500000	-0.389095
chr11	30500000	30750000	-0.162021
chr11	30750000	31000000	0.201191
chr11	31000000	31250000	-0.288357
chr11	31250000	31500000	-0.427288
chr11	31500000	31750000	-0.265853
chr11	31750000	32000000	0.111688
chr11	32000000	32250000	-0.0245675
chr11	32250000	32500000	0.0525547
chr11	32500000	32750000	0.268067
chr11	32750000	33000000	-0.371629
chr11	33000000	33250000	-0.252175
chr11	33250000	33500000	-0.293169
chr11	33500000	33750000	-0.439815
chr11	33750000	34000000	-0.303489
chr11	34000000	34250000	-0.0588765
chr11	34250000	34500000	-0.435461
chr11	34500000	34750000	nan
chr11	34750000	35000000	-0.327087
chr11	35000000	35250000	-0.566757
chr11	35250000	35500000	-0.525843
chr11	35500000	35750000	-0.52303
chr11	35750000	36000000	-0.175993
chr11	36000000	36250000	-0.530941
chr11	36250000	36500000	-0.546953
chr11	36500000	36750000	-0.486267
chr11	36750000	37000000	-0.449095
chr11	37000000	37250000	-0.477738
chr11	37250000	37500000	-0.38996
chr11	37500000	37750000	-0.339181
chr11	37750000	38000000	-0.433574
chr11	38000000	38250000	-0.437827
chr11	38250000	38500000	-0.422871
chr11	38500000	38750000	-0.336739
chr11	38750000	39000000	-0.3822
chr11	39000000	39250000	-0.354741
chr11	39250000	39500000	-0.404407
chr11	39500000	39750000	-0.413203
chr11	39750000	40000000	-0.416514
chr11	40000000	40250000	-0.425283
chr11	40250000	40500000	-0.447929
chr11	40500000	40750000	-0.0131986
chr11	40750000	41000000	-0.208926
chr11	41000000	41250000	-0.452442
chr11	41250000	41500000	-0.446209
chr11	41500000	41750000	-0.413299
chr11	41750000	42000000	-0.432752
chr11	42000000	42250000	-0.422177
chr11	42250000	42500000	-0.42968
chr11	42500000	42750000	-0.425721
chr11	42750000	43000000	-0.501127
chr11	43000000	43250000	-0.538142
chr11	43250000	43500000	-0.228815
chr11	43500000	43750000	-0.0972402
chr11	43750000	44000000	-0.414621
chr11	44000000	44250000	-0.456897
chr11	44250000	44500000	-0.210658
chr11	44500000	44750000	-0.0568603
chr11	44750000	45000000	-0.440709
chr11	45000000	45250000	-0.507908
chr11	45250000	45500000	-0.495019
chr11	45500000	45750000	-0.43319
chr11	45750000	46000000	0.231346
chr11	46000000	46250000	-0.3459
chr11	46250000	46500000	-0.00187339
chr11	46500000	46750000	-0.381273
chr11	46750000	47000000	-0.503455
chr11	47000000	47250000	-0.563531
chr11	47250000	47500000	-0.519691
chr11	47500000	47750000	-0.415702
chr11	47750000	48000000	-0.507956
chr11	48000000	48250000	-0.537177
chr11	48250000	48500000	-0.580644
chr11	48500000	48750000	-0.469087
chr11	48750000	49000000	0.504862
chr11	49000000	49250000	0.334716
chr11	49250000	49500000	-0.278485
chr11	49500000	49750000	0.089963
chr11	49750000	50000000	0.260334
chr11	50000000	50250000	0.510066
chr11	50250000	50500000	0.469632
chr11	50500000	50750000	-0.384484
chr11	50750000	51000000	-0.435568
chr11	51000000	51250000	-0.338817
chr11	51250000	51500000	-0.191365
chr11	51500000	51750000	0.594925
chr11	51750000	52000000	0.368522
chr11	52000000	52250000	0.371769
chr11	52250000	52500000	0.170371
chr11	52500000	52750000	-0.41575
chr11	52750000	53000000	-0.41284
chr11	53000000	53250000	-0.384408
chr11	53250000	53500000	0.575649
chr11	53500000	53750000	0.744335
chr11	53750000	54000000	0.0147376
chr11	54000000	54250000	-0.140075
chr11	54250000	54500000	-0.0622624
chr11	54500000	54750000	0.207298
chr11	54750000	55000000	0.246627
chr11	55000000	55250000	-0.155976
chr11	55250000	55500000	-0.0510175
chr11	55500000	55750000	-0.355337
chr11	55750000	56000000	-0.456321
chr11	56000000	56250000	-0.496258
chr11	56250000	56500000	-0.51031
chr11	56500000	56750000	-0.522926
chr11	56750000	57000000	-0.558
chr11	57000000	57250000	-0.569139
chr11	57250000	57500000	-0.433587
chr11	57500000	57750000	0.0918109
chr11	57750000	58000000	0.0680879
chr11	58000000	58250000	0.44702
chr11	58250000	58500000	-0.0169996
chr11	58500000	58750000	-0.319787
chr11	58750000	59000000	0.174961
chr11	59000000	59250000	0.16032
chr11	59250000	59500000	0.0021573
chr11	59500000	59750000	-0.0595325
chr11	59750000	60000000	0.18549
chr11	60000000	60250000	0.262388
chr11	60250000	60500000	0.108938
chr11	60500000	60750000	0.295224
chr11	60750000	61000000	0.469009
chr11	61000000	61250000	0.0420122
chr11	61250000	61500000	-0.0196504
chr11	61500000	61750000	-0.0663692
chr11	61750000	62000000	0.391696
chr11	62000000	62250000	0.0715594
chr11	62250000	62500000	0.468554
chr11	62500000	62750000	0.355217
chr11	62750000	63000000	-0.0441465
chr11	63000000	63250000	-0.172067
chr11	63250000	63500000	-0.330197
chr11	63500000	63750000	-0.371587
chr11	63750000	64000000	-0.300152
chr11	64000000	64250000	-0.0929972
chr11	64250000	64500000	-0.360513
chr11	64500000	64750000	-0.234779
chr11	64750000	65000000	-0.0154921
chr11	65000000	65250000	-0.490692
chr11	65250000	65500000	-0.552896
chr11	65500000	65750000	-0.375615
chr11	65750000	66000000	-0.214447
chr11	66000000	66250000	-0.598964
chr11	66250000	66500000	-0.660281
chr11	66500000	66750000	-0.694632
chr11	66750000	67000000	-0.684222
chr11	67000000	67250000	-0.461478
chr11	67250000	67500000	-0.774133
chr11	67500000	67750000	-0.756606
chr11	67750000	68000000	-0.580325
chr11	68000000	68250000	-0.502795
chr11	68250000	68500000	-0.730596
chr11	68500000	68750000	-0.646819
chr11	68750000	69000000	0.124849
chr11	69000000	69250000	0.551902
chr11	69250000	69500000	0.454827
chr11	69500000	69750000	0.612678
chr11	69750000	70000000	0.777237
chr11	70000000	70250000	0.494494
chr11	70250000	70500000	0.42617
chr11	70500000	70750000	0.705628
chr11	70750000	71000000	0.673381
chr11	71000000	71250000	0.0812376
chr11	71250000	71500000	-0.346151
chr11	71500000	71750000	-0.362036
chr11	71750000	72000000	-0.425581
chr11	72000000	72250000	-0.0421101
chr11	72250000	72500000	0.222442
chr11	72500000	72750000	0.423008
chr11	72750000	73000000	0.334299
chr11	73000000	73250000	0.37165
chr11	73250000	73500000	-0.305868
chr11	73500000	73750000	-0.375422
chr11	73750000	74000000	-0.375337
chr11	74000000	74250000	-0.395109
chr11	74250000	74500000	-0.273332
chr11	74500000	74750000	0.314422
chr11	74750000	75000000	0.508359
chr11	75000000	75250000	0.19897
chr11	75250000	75500000	0.481402
chr11	75500000	75750000	0.617269
chr11	75750000	76000000	0.00130346
chr11	76000000	76250000	0.217426
chr11	76250000	76500000	0.0694166
chr11	76500000	76750000	-0.107282
chr11	76750000	77000000	0.494082
chr11	77000000	77250000	0.288103
chr11	77250000	77500000	0.238232
chr11	77500000	77750000	0.47869
chr11	77750000	78000000	0.354652
chr11	78000000	78250000	0.7119
chr11	78250000	78500000	0.456714
chr11	78500000	78750000	0.460325
chr11	78750000	79000000	0.342563
chr11	79000000	79250000	0.47467
chr11	79250000	79500000	0.505786
chr11	79500000	79750000	0.2449
chr11	79750000	80000000	0.22419
chr11	80000000	80250000	0.688074
chr11	80250000	80500000	0.384035
chr11	80500000	80750000	-0.32718
chr11	80750000	81000000	-0.505938
chr11	81000000	81250000	-0.480818
chr11	81250000	81500000	-0.483085
chr11	81500000	81750000	-0.426169
chr11	81750000	82000000	-0.514344
chr11	82000000	82250000	-0.499206
chr11	82250000	82500000	-0.591862
chr11	82500000	82750000	-0.437106
chr11	82750000	83000000	0.442114
chr11	83000000	83250000	0.210292
chr11	83250000	83500000	0.407757
chr11	83500000	83750000	-0.0102371
chr11	83750000	84000000	0.153942
chr11	84000000	84250000	0.31855
chr11	84250000	84500000	0.335238
chr11	84500000	84750000	0.174255
chr11	84750000	85000000	0.461848
chr11	85000000	85250000	0.481508
chr11	85250000	85500000	0.363713
chr11	85500000	85750000	0.110227
chr11	85750000	86000000	-0.159179
chr11	86000000	86250000	0.272308
chr11	86250000	86500000	0.511098
chr11	86500000	86750000	0.769524
chr11	86750000	87000000	0.452124
chr11	87000000	87250000	0.546181
chr11	87250000	87500000	0.569465
chr11	87500000	87750000	0.658364
chr11	87750000	88000000	0.388994
chr11	88000000	88250000	0.637817
chr11	88250000	88500000	0.1264
chr11	88500000	88750000	0.495623
chr11	88750000	89000000	0.280159
chr11	89000000	89250000	0.20161
chr11	89250000	89500000	-0.316689
chr11	89500000	89750000	-0.360191
chr11	89750000	90000000	-0.364911
chr11	90000000	90250000	-0.21281
chr11	90250000	90500000	-0.236654
chr11	90500000	90750000	0.26694
chr11	90750000	91000000	-0.0618221
chr11	91000000	91250000	-0.192349
chr11	91250000	91500000	-0.262558
chr11	91500000	91750000	-0.268675
chr11	91750000	92000000	-0.236199
chr11	92000000	92250000	-0.199139
chr11	92250000	92500000	-0.284622
chr11	92500000	92750000	-0.280363
chr11	92750000	93000000	-0.237844
chr11	93000000	93250000	-0.393319
chr11	93250000	93500000	-0.426237
chr11	93500000	93750000	-0.445547
chr11	93750000	94000000	0.335128
chr11	94000000	94250000	0.412105
chr11	94250000	94500000	0.332004
chr11	94500000	94750000	0.212981
chr11	94750000	95000000	0.119324
chr11	95000000	95250000	0.145777
chr11	95250000	95500000	0.566564
chr11	95500000	95750000	0.37351
chr11	95750000	96000000	0.558452
chr11	96000000	96250000	0.530501
chr11	96250000	96500000	0.314987
chr11	96500000	96750000	0.0518194
chr11	96750000	97000000	0.630864
chr11	97000000	97250000	0.529898
chr11	97250000	97500000	0.651309
chr11	97500000	97750000	0.476141
chr11	97750000	98000000	0.561389
chr11	98000000	98250000	0.651871
chr11	98250000	98500000	0.443224
chr11	98500000	98750000	0.564901
chr11	98750000	99000000	0.726989
chr11	99000000	99250000	0.382574
chr11	99250000	99500000	0.0685822
chr11	99500000	99750000	-0.343799
chr11	99750000	100000000	-0.37914
chr11	100000000	100250000	-0.260918
chr11	100250000	100500000	0.408205
chr11	100500000	100750000	0.623869
chr11	100750000	101000000	0.647624
chr11	101000000	101250000	0.711538
chr11	101250000	101500000	0.733436
chr11	101500000	101750000	0.686336
chr11	101750000	102000000	0.183868
chr11	102000000	102250000	0.498868
chr11	102250000	102500000	0.602538
chr11	102500000	102750000	0.381376
chr11	102750000	103000000	0.258417
chr11	103000000	103250000	0.608347
chr11	103250000	103500000	0.298766
chr11	103500000	103750000	-0.0187754
chr11	103750000	104000000	0.253753
chr11	104000000	104250000	-0.0767351
chr11	104250000	104500000	0.699989
chr11	104500000	104750000	0.348591
chr11	104750000	105000000	-0.120465
chr11	105000000	105250000	0.395121
chr11	105250000	105500000	0.0250132
chr11	105500000	105750000	-0.142746
chr11	105750000	106000000	0.0401647
chr11	106000000	106250000	0.658621
chr11	106250000	106500000	0.460725
chr11	106500000	106750000	0.400018
chr11	106750000	107000000	0.612762
chr11	107000000	107250000	0.627663
chr11	107250000	107500000	0.549361
chr11	107500000	107750000	0.286584
chr11	107750000	108000000	-0.293159
chr11	108000000	108250000	-0.120477
chr11	108250000	108500000	-0.19357
chr11	108500000	108750000	-0.336237
chr11	108750000	109000000	-0.309193
chr11	109000000	109250000	-0.137175
chr11	109250000	109500000	0.553959
chr11	109500000	109750000	0.393144
chr11	109750000	110000000	-0.220464
chr11	110000000	110250000	-0.281008
chr11	110250000	110500000	-0.104389
chr11	110500000	110750000	-0.284739
chr11	110750000	111000000	-0.296315
chr11	111000000	111250000	-0.285422
chr11	111250000	111500000	-0.277632
chr11	111500000	111750000	0.034912
chr11	111750000	112000000	0.0781705
chr11	112000000	112250000	-0.116765
chr11	112250000	112500000	-0.370627
chr11	112500000	112750000	-0.253383
chr11	112750000	113000000	-0.283132
chr11	113000000	113250000	-0.279904
chr11	113250000	113500000	-0.331769
chr11	113500000	113750000	0.290844
chr11	113750000	114000000	-0.165804
chr11	114000000	114250000	-0.408841
chr11	114250000	114500000	-0.326714
chr11	114500000	114750000	-0.192342
chr11	114750000	115000000	-0.397304
chr11	115000000	115250000	0.107533
chr11	115250000	115500000	0.420024
chr11	115500000	115750000	0.921391
chr11	115750000	116000000	0.646025
chr11	116000000	116250000	0.822608
chr11	116250000	116500000	0.613226
chr11	116500000	116750000	0.566842
chr11	116750000	117000000	0.322483
chr11	117000000	117250000	0.55398
chr11	117250000	117500000	0.372509
chr11	117500000	117750000	0.0409788
chr11	117750000	118000000	0.582013
chr11	118000000	118250000	0.0115986
chr11	118250000	118500000	0.0986808
chr11	118500000	118750000	-0.836043
chr11	118750000	119000000	-0.643871
chr11	119000000	119250000	-0.683495
chr11	119250000	119500000	0.43789
chr11	119500000	119750000	0.304171
chr11	119750000	120000000	0.161712
chr11	120000000	120250000	0.563764
chr11	120250000	120500000	0.773092
chr11	120500000	120750000	1.01832
chr11	120750000	121000000	0.634676
chr11	121000000	121250000	0.430468
chr11	121250000	121500000	0.590643
chr11	121500000	121750000	0.250729
chr11	121750000	122000000	-0.208471
chr11	122000000	122082543	nan
#bedGraph section chr12:0-120129022
chr12	0	250000	nan
chr12	250000	500000	nan
chr12	500000	750000	nan
chr12	750000	1000000	nan
chr12	1000000	1250000	nan
chr12	1250000	1500000	nan
chr12	1500000	1750000	nan
chr12	1750000	2000000	nan
chr12	2000000	2250000	nan
chr12	2250000	2500000	nan
chr12	2500000	2750000	nan
chr12	2750000	3000000	nan
chr12	3000000	3250000	-0.470306
chr12	3250000	3500000	0.214399
chr12	3500000	3750000	-0.238119
chr12	3750000	4000000	-0.444417
chr12	4000000	4250000	-0.176444
chr12	4250000	4500000	0.0427585
chr12	4500000	4750000	0.301922
chr12	4750000	5000000	0.585315
chr12	5000000	5250000	-0.51413
chr12	5250000	5500000	-0.775932
chr12	5500000	5750000	-0.786558
chr12	5750000	6000000	-0.798149
chr12	6000000	6250000	-0.772819
chr12	6250000	6500000	-0.75246
chr12	6500000	6750000	-0.724268
chr12	6750000	7000000	-0.658545
chr12	7000000	7250000	-0.736379
chr12	7250000	7500000	-0.710223
chr12	7500000	7750000	-0.696682
chr12	7750000	8000000	-0.669413
chr12	8000000	8250000	-0.58392
chr12	8250000	8500000	-0.202965
chr12	8500000	8750000	0.493359
chr12	8750000	9000000	0.0215549
chr12	9000000	9250000	-0.433439
chr12	9250000	9500000	-0.616565
chr12	9500000	9750000	-0.56952
chr12	9750000	10000000	-0.576259
chr12	10000000	10250000	-0.6416
chr12	10250000	10500000	-0.420331
chr12	10500000	10750000	-0.502402
chr12	10750000	11000000	-0.566305
chr12	11000000	11250000	-0.376549
chr12	11250000	11500000	-0.125807
chr12	11500000	11750000	-0.585535
chr12	11750000	12000000	-0.594187
chr12	12000000	12250000	-0.413527
chr12	12250000	12500000	-0.100645
chr12	12500000	12750000	-0.00450861
chr12	12750000	13000000	-0.294638
chr12	13000000	13250000	-0.0788307
chr12	13250000	13500000	0.0981065
chr12	13500000	13750000	-0.209414
chr12	13750000	14000000	-0.54282
chr12	14000000	14250000	-0.691517
chr12	14250000	14500000	-0.637105
chr12	14500000	14750000	-0.55174
chr12	14750000	15000000	-0.641999
chr12	15000000	15250000	-0.556634
chr12	15250000	15500000	-0.563429
chr12	15500000	15750000	-0.589504
chr12	15750000	16000000	-0.596727
chr12	16000000	16250000	-0.56958
chr12	16250000	16500000	-0.437586
chr12	16500000	16750000	0.0303264
chr12	16750000	17000000	0.297208
chr12	17000000	17250000	-0.13106
chr12	17250000	17500000	0.301731
chr12	17500000	17750000	-0.0675302
chr12	17750000	18000000	-0.627946
chr12	18000000	18250000	-0.628177
chr12	18250000	18500000	nan
chr12	18500000	18750000	nan
chr12	18750000	19000000	nan
chr12	19000000	19250000	-0.825034
chr12	19250000	19500000	nan
chr12	19500000	19750000	nan
chr12	19750000	20000000	nan
chr12	20000000	20250000	nan
chr12	20250000	20500000	-0.635287
chr12	20500000	20750000	nan
chr12	20750000	21000000	-0.779539
chr12	21000000	21250000	-0.629713
chr12	21250000	21500000	0.144479
chr12	21500000	21750000	-0.573943
chr12	21750000	22000000	nan
chr12	22000000	22250000	nan
chr12	22250000	22500000	nan
chr12	22500000	22750000	nan
chr12	22750000	23000000	nan
chr12	23000000	23250000	nan
chr12	23250000	23500000	nan
chr12	23500000	23750000	nan
chr12	23750000	24000000	nan
chr12	24000000	24250000	nan
chr12	24250000	24500000	nan
chr12	24500000	24750000	0.253305
chr12	24750000	25000000	0.362944
chr12	25000000	25250000	-0.190726
chr12	25250000	25500000	-0.489091
chr12	25500000	25750000	-0.601239
chr12	25750000	26000000	-0.612908
chr12	26000000	26250000	-0.620717
chr12	26250000	26500000	-0.581498
chr12	26500000	26750000	-0.619218
chr12	26750000	27000000	-0.600032
chr12	27000000	27250000	-0.588113
chr12	27250000	27500000	-0.59924
chr12	27500000	27750000	-0.570802
chr12	27750000	28000000	-0.567493
chr12	28000000	28250000	-0.472615
chr12	28250000	28500000	-0.275038
chr12	28500000	28750000	0.445242
chr12	28750000	29000000	0.096594
chr12	29000000	29250000	-0.244848
chr12	29250000	29500000	-0.298558
chr12	29500000	29750000	-0.382511
chr12	29750000	30000000	-0.415043
chr12	30000000	30250000	-0.449955
chr12	30250000	30500000	-0.518386
chr12	30500000	30750000	-0.230028
chr12	30750000	31000000	-0.136496
chr12	31000000	31250000	-0.216998
chr12	31250000	31500000	0.110567
chr12	31500000	31750000	0.295827
chr12	31750000	32000000	0.290681
chr12	32000000	32250000	0.530096
chr12	32250000	32500000	0.0900133
chr12	32500000	32750000	-0.195908
chr12	32750000	33000000	0.193447
chr12	33000000	33250000	0.0839131
chr12	33250000	33500000	0.23566
chr12	33500000	33750000	-0.29547
chr12	33750000	34000000	-0.461907
chr12	34000000	34250000	-0.411068
chr12	34250000	34500000	-0.434212
chr12	34500000	34750000	-0.303591
chr12	34750000	35000000	-0.261868
chr12	35000000	35250000	0.0416527
chr12	35250000	35500000	-0.349568
chr12	35500000	35750000	-0.30243
chr12	35750000	36000000	-0.0736159
chr12	36000000	36250000	0.2328
chr12	36250000	36500000	0.0280783
chr12	36500000	36750000	-0.0575304
chr12	36750000	37000000	-0.111296
chr12	37000000	37250000	-0.134086
chr12	37250000	37500000	-0.186307
chr12	37500000	37750000	-0.316356
chr12	37750000	38000000	-0.390897
chr12	38000000	38250000	-0.373231
chr12	38250000	38500000	-0.458248
chr12	38500000	38750000	-0.456506
chr12	38750000	39000000	-0.437653
chr12	39000000	39250000	-0.449641
chr12	39250000	39500000	-0.444466
chr12	39500000	39750000	-0.20886
chr12	39750000	40000000	-0.199112
chr12	40000000	40250000	0.138082
chr12	40250000	40500000	0.00830062
chr12	40500000	40750000	-0.224887
chr12	40750000	41000000	-0.130282
chr12	41000000	41250000	-0.0173264
chr12	41250000	41500000	-0.0523724
chr12	41500000	41750000	-0.0639033
chr12	41750000	42000000	-0.042613
chr12	42000000	42250000	-0.123742
chr12	42250000	42500000	-0.222493
chr12	42500000	42750000	-0.279152
chr12	42750000	43000000	-0.318512
chr12	43000000	43250000	-0.319223
chr12	43250000	43500000	-0.147207
chr12	43500000	43750000	-0.255221
chr12	43750000	44000000	-0.308613
chr12	44000000	44250000	-0.0923503
chr12	44250000	44500000	-0.0594374
chr12	44500000	44750000	-0.330032
chr12	44750000	45000000	-0.381717
chr12	45000000	45250000	-0.324441
chr12	45250000	45500000	-0.235256
chr12	45500000	45750000	-0.154118
chr12	45750000	46000000	-0.0358785
chr12	46000000	46250000	0.020018
chr12	46250000	46500000	0.0306937
chr12	46500000	46750000	0.126252
chr12	46750000	47000000	0.200484
chr12	47000000	47250000	0.00797796
chr12	47250000	47500000	0.0601679
chr12	47500000	47750000	0.0245602
chr12	47750000	48000000	0.0193425
chr12	48000000	48250000	0.0925373
chr12	48250000	48500000	0.0592546
chr12	48500000	48750000	0.0763734
chr12	48750000	49000000	0.125461
chr12	49000000	49250000	-0.0754679
chr12	49250000	49500000	-0.259887
chr12	49500000	49750000	-0.349032
chr12	49750000	50000000	-0.193215
chr12	50000000	50250000	-0.360848
chr12	50250000	50500000	-0.414461
chr12	50500000	50750000	-0.405581
chr12	50750000	51000000	-0.406035
chr12	51000000	51250000	-0.24755
chr12	51250000	51500000	0.222042
chr12	51500000	51750000	0.379363
chr12	51750000	52000000	0.663384
chr12	52000000	52250000	0.116648
chr12	52250000	52500000	-0.121996
chr12	52500000	52750000	-0.0184519
chr12	52750000	53000000	-0.271867
chr12	53000000	53250000	-0.40149
chr12	53250000	53500000	-0.376427
chr12	53500000	53750000	-0.487324
chr12	53750000	54000000	-0.483773
chr12	54000000	54250000	-0.475933
chr12	54250000	54500000	-0.433622
chr12	54500000	54750000	0.09166
chr12	54750000	55000000	0.573162
chr12	55000000	55250000	nan
chr12	55250000	55500000	0.646315
chr12	55500000	55750000	0.317803
chr12	55750000	56000000	0.254228
chr12	56000000	56250000	-0.0476766
chr12	56250000	56500000	0.0497281
chr12	56500000	56750000	0.0384393
chr12	56750000	57000000	-0.0773033
chr12	57000000	57250000	0.165795
chr12	57250000	57500000	0.167596
chr12	57500000	57750000	-0.0515122
chr12	57750000	58000000	-0.179365
chr12	58000000	58250000	-0.303484
chr12	58250000	58500000	-0.255908
chr12	58500000	58750000	-0.183969
chr12	58750000	59000000	-0.0384343
chr12	59000000	59250000	0.689547
chr12	59250000	59500000	-0.063415
chr12	59500000	59750000	-0.284924
chr12	59750000	60000000	-0.371724
chr12	60000000	60250000	-0.354639
chr12	60250000	60500000	-0.341337
chr12	60500000	60750000	-0.312889
chr12	60750000	61000000	-0.287209
chr12	61000000	61250000	-0.281064
chr12	61250000	61500000	-0.271216
chr12	61500000	61750000	-0.254589
chr12	61750000	62000000	-0.159712
chr12	62000000	62250000	-0.138546
chr12	62250000	62500000	-0.254622
chr12	62500000	62750000	-0.282794
chr12	62750000	63000000	-0.238965
chr12	63000000	63250000	-0.281012
chr12	63250000	63500000	-0.278593
chr12	63500000	63750000	-0.266869
chr12	63750000	64000000	-0.237781
chr12	64000000	64250000	-0.299062
chr12	64250000	64500000	-0.36109
chr12	64500000	64750000	-0.271882
chr12	64750000	65000000	0.26271
chr12	65000000	65250000	0.552816
chr12	65250000	65500000	-0.201844
chr12	65500000	65750000	-0.304601
chr12	65750000	66000000	-0.29601
chr12	66000000	66250000	-0.206665
chr12	66250000	66500000	-0.261801
chr12	66500000	66750000	-0.317764
chr12	66750000	67000000	-0.227912
chr12	67000000	67250000	-0.157471
chr12	67250000	67500000	-0.278864
chr12	67500000	67750000	-0.229361
chr12	67750000	68000000	-0.10891
chr12	68000000	68250000	-0.212117
chr12	68250000	68500000	-0.280392
chr12	68500000	68750000	-0.2793
chr12	68750000	69000000	-0.242934
chr12	69000000	69250000	0.393533
chr12	69250000	69500000	0.662741
chr12	69500000	69750000	0.627531
chr12	69750000	70000000	0.502468
chr12	70000000	70250000	0.356474
chr12	70250000	70500000	0.261043
chr12	70500000	70750000	0.138772
chr12	70750000	71000000	0.598979
chr12	71000000	71250000	0.751036
chr12	71250000	71500000	0.15395
chr12	71500000	71750000	0.114312
chr12	71750000	72000000	0.380126
chr12	72000000	72250000	0.263019
chr12	72250000	72500000	0.0861388
chr12	72500000	72750000	0.346254
chr12	72750000	73000000	0.432709
chr12	73000000	73250000	0.428218
chr12	73250000	73500000	0.285035
chr12	73500000	73750000	0.121656
chr12	73750000	74000000	0.360014
chr12	74000000	74250000	0.0243358
chr12	74250000	74500000	0.0579525
chr12	74500000	74750000	-0.122633
chr12	74750000	75000000	-0.100273
chr12	75000000	75250000	0.00387729
chr12	75250000	75500000	0.172808
chr12	75500000	75750000	0.49837
chr12	75750000	76000000	0.231871
chr12	76000000	76250000	0.275052
chr12	76250000	76500000	0.653807
chr12	76500000	76750000	0.542377
chr12	76750000	77000000	0.551489
chr12	77000000	77250000	0.639137
chr12	77250000	77500000	0.4518
chr12	77500000	77750000	0.142997
chr12	77750000	78000000	0.17646
chr12	78000000	78250000	0.223067
chr12	78250000	78500000	0.139111
chr12	78500000	78750000	0.277161
chr12	78750000	79000000	0.573417
chr12	79000000	79250000	0.47378
chr12	79250000	79500000	0.482038
chr12	79500000	79750000	0.346754
chr12	79750000	80000000	0.494801
chr12	80000000	80250000	0.51352
chr12	80250000	80500000	0.416327
chr12	80500000	80750000	0.454859
chr12	80750000	81000000	0.651475
chr12	81000000	81250000	0.409843
chr12	81250000	81500000	0.310888
chr12	81500000	81750000	0.412905
chr12	81750000	82000000	0.25112
chr12	82000000	82250000	0.477087
chr12	82250000	82500000	0.430513
chr12	82500000	82750000	0.101395
chr12	82750000	83000000	0.145791
chr12	83000000	83250000	0.237357
chr12	83250000	83500000	0.31463
chr12	83500000	83750000	0.661564
chr12	83750000	84000000	0.52484
chr12	84000000	84250000	0.517644
chr12	84250000	84500000	0.707214
chr12	84500000	84750000	0.378679
chr12	84750000	85000000	0.571407
chr12	85000000	85250000	0.626191
chr12	85250000	85500000	0.771911
chr12	85500000	85750000	0.331231
chr12	85750000	86000000	0.427993
chr12	86000000	86250000	0.402324
chr12	86250000	86500000	0.27075
chr12	86500000	86750000	0.338581
chr12	86750000	87000000	0.749863
chr12	87000000	87250000	0.448556
chr12	87250000	87500000	0.713884
chr12	87500000	87750000	nan
chr12	87750000	88000000	nan
chr12	88000000	88250000	nan
chr12	88250000	88500000	0.102199
chr12	88500000	88750000	-0.119191
chr12	88750000	89000000	-0.0512461
chr12	89000000	89250000	-0.128336
chr12	89250000	89500000	-0.333573
chr12	89500000	89750000	-0.380999
chr12	89750000	90000000	-0.309885
chr12	90000000	90250000	-0.325408
chr12	90250000	90500000	-0.306176
chr12	90500000	90750000	-0.187509
chr12	90750000	91000000	-0.0908786
chr12	91000000	91250000	0.0977475
chr12	91250000	91500000	0.304279
chr12	91500000	91750000	0.511073
chr12	91750000	92000000	0.334363
chr12	92000000	92250000	-0.0853799
chr12	92250000	92500000	-0.128103
chr12	92500000	92750000	-0.108025
chr12	92750000	93000000	-0.0732442
chr12	93000000	93250000	-0.0894343
chr12	93250000	93500000	-0.202751
chr12	93500000	93750000	-0.170447
chr12	93750000	94000000	-0.186808
chr12	94000000	94250000	-0.196522
chr12	94250000	94500000	-0.24921
chr12	94500000	94750000	-0.203239
chr12	94750000	95000000	-0.187282
chr12	95000000	95250000	-0.212209
chr12	95250000	95500000	-0.25313
chr12	95500000	95750000	-0.216998
chr12	95750000	96000000	-0.238538
chr12	96000000	96250000	-0.273205
chr12	96250000	96500000	-0.270181
chr12	96500000	96750000	-0.190804
chr12	96750000	97000000	-0.368975
chr12	97000000	97250000	-0.298645
chr12	97250000	97500000	-0.332916
chr12	97500000	97750000	-0.348502
chr12	97750000	98000000	-0.355638
chr12	98000000	98250000	-0.044178
chr12	98250000	98500000	0.088851
chr12	98500000	98750000	0.154457
chr12	98750000	99000000	0.363925
chr12	99000000	99250000	-0.0894722
chr12	99250000	99500000	-0.0304014
chr12	99500000	99750000	-0.24205
chr12	99750000	100000000	0.103554
chr12	100000000	100250000	0.506862
chr12	100250000	100500000	0.175877
chr12	100500000	100750000	0.531213
chr12	100750000	101000000	0.309326
chr12	101000000	101250000	0.387283
chr12	101250000	101500000	-0.0103037
chr12	101500000	101750000	-0.0970932
chr12	101750000	102000000	0.540288
chr12	102000000	102250000	0.214711
chr12	102250000	102500000	0.297196
chr12	102500000	102750000	0.268232
chr12	102750000	103000000	0.400463
chr12	103000000	103250000	-0.208361
chr12	103250000	103500000	0.253232
chr12	103500000	103750000	-0.346221
chr12	103750000	104000000	nan
chr12	104000000	104250000	-0.491034
chr12	104250000	104500000	-0.435212
chr12	104500000	104750000	-0.141775
chr12	104750000	105000000	0.140318
chr12	105000000	105250000	0.223659
chr12	105250000	105500000	-0.4561
chr12	105500000	105750000	0.403733
chr12	105750000	106000000	0.537597
chr12	106000000	106250000	0.0274037
chr12	106250000	106500000	-0.435968
chr12	106500000	106750000	-0.416708
chr12	106750000	107000000	-0.357113
chr12	107000000	107250000	-0.412383
chr12	107250000	107500000	-0.36501
chr12	107500000	107750000	-0.37551
chr12	107750000	108000000	-0.413085
chr12	108000000	108250000	0.109196
chr12	108250000	108500000	-0.261633
chr12	108500000	108750000	-0.198442
chr12	108750000	109000000	0.579594
chr12	109000000	109250000	-0.326036
chr12	109250000	109500000	-0.255756
chr12	109500000	109750000	-0.301138
chr12	109750000	110000000	-0.341072
chr12	110000000	110250000	-0.339309
chr12	110250000	110500000	0.122131
chr12	110500000	110750000	0.90034
chr12	110750000	111000000	0.731206
chr12	111000000	111250000	0.669432
chr12	111250000	111500000	0.426328
chr12	111500000	111750000	0.941167
chr12	111750000	112000000	0.750762
chr12	112000000	112250000	0.0785565
chr12	112250000	112500000	0.0036022
chr12	112500000	112750000	0.672153
chr12	112750000	113000000	0.734407
chr12	113000000	113250000	0.833045
chr12	113250000	113500000	-0.0203646
chr12	113500000	113750000	-0.215872
chr12	113750000	114000000	-0.451753
chr12	114000000	114250000	-0.305802
chr12	114250000	114500000	-0.242364
chr12	114500000	114750000	-0.358016
chr12	114750000	115000000	-0.262133
chr12	115000000	115250000	-0.279011
chr12	115250000	115500000	nan
chr12	115500000	115750000	-0.304428
chr12	115750000	116000000	-0.194415
chr12	116000000	116250000	0.172765
chr12	116250000	116500000	0.803467
chr12	116500000	116750000	-0.0929782
chr12	116750000	117000000	-0.408046
chr12	117000000	117250000	-0.548736
chr12	117250000	117500000	-0.36712
chr12	117500000	117750000	-0.503364
chr12	117750000	118000000	0.0798395
chr12	118000000	118250000	0.125748
chr12	118250000	118500000	0.620435
chr12	118500000	118750000	0.0368743
chr12	118750000	119000000	-0.13835
chr12	119000000	119250000	0.0238827
chr12	119250000	119500000	0.0837502
chr12	119500000	119750000	-0.302368
chr12	119750000	120000000	-0.149869
chr12	120000000	120129022	nan
#bedGraph section chr13:0-120421639
chr13	0	250000	nan
chr13	250000	500000	nan
chr13	500000	750000	nan
chr13	750000	1000000	nan
chr13	1000000	1250000	nan
chr13	1250000	1500000	nan
chr13	1500000	1750000	nan
chr13	1750000	2000000	nan
chr13	2000000	2250000	nan
chr13	2250000	2500000	nan
chr13	2500000	2750000	nan
chr13	2750000	3000000	nan
chr13	3000000	3250000	-0.425995
chr13	3250000	3500000	-0.0355706
chr13	3500000	3750000	0.530944
chr13	3750000	4000000	0.278464
chr13	4000000	4250000	0.350969
chr13	4250000	4500000	0.0457545
chr13	4500000	4750000	0.166508
chr13	4750000	5000000	-0.123209
chr13	5000000	5250000	-0.049052
chr13	5250000	5500000	0.0982951
chr13	5500000	5750000	0.408668
chr13	5750000	6000000	0.631036
chr13	6000000	6250000	0.293161
chr13	6250000	6500000	0.112544
chr13	6500000	6750000	0.808723
chr13	6750000	7000000	0.355267
chr13	7000000	7250000	0.0741616
chr13	7250000	7500000	-0.0357205
chr13	7500000	7750000	0.0796877
chr13	7750000	8000000	0.0767106
chr13	8000000	8250000	0.0958355
chr13	8250000	8500000	0.15543
chr13	8500000	8750000	0.521732
chr13	8750000	9000000	0.936682
chr13	9000000	9250000	0.65398
chr13	9250000	9500000	0.083583
chr13	9500000	9750000	0.17147
chr13	9750000	10000000	0.225257
chr13	10000000	10250000	-0.0385265
chr13	10250000	10500000	-0.106053
chr13	10500000	10750000	-0.188895
chr13	10750000	11000000	-0.283975
chr13	11000000	11250000	-0.41064
chr13	11250000	11500000	-0.335407
chr13	11500000	11750000	-0.0320303
chr13	11750000	12000000	0.0791555
chr13	12000000	12250000	0.191835
chr13	12250000	12500000	0.560919
chr13	12500000	12750000	nan
chr13	12750000	13000000	-0.489783
chr13	13000000	13250000	nan
chr13	13250000	13500000	-0.0512794
chr13	13500000	13750000	0.3284
chr13	13750000	14000000	0.445705
chr13	14000000	14250000	0.675899
chr13	14250000	14500000	0.329409
chr13	14500000	14750000	0.46862
chr13	14750000	15000000	-0.0871456
chr13	15000000	15250000	-0.139665
chr13	15250000	15500000	-0.176194
chr13	15500000	15750000	0.0368858
chr13	15750000	16000000	-0.0390679
chr13	16000000	16250000	-0.198735
chr13	16250000	16500000	-0.237444
chr13	16500000	16750000	-0.138127
chr13	16750000	17000000	-0.042361
chr13	17000000	17250000	0.02998
chr13	17250000	17500000	-0.0150679
chr13	17500000	17750000	0.39696
chr13	17750000	18000000	0.58988
chr13	18000000	18250000	0.18245
chr13	18250000	18500000	0.0935684
chr13	18500000	18750000	0.234041
chr13	18750000	19000000	0.342369
chr13	19000000	19250000	0.634576
chr13	19250000	19500000	0.428545
chr13	19500000	19750000	0.440311
chr13	19750000	20000000	0.172117
chr13	20000000	20250000	0.237872
chr13	20250000	20500000	0.193517
chr13	20500000	20750000	0.16341
chr13	20750000	21000000	0.29354
chr13	21000000	21250000	0.66915
chr13	21250000	21500000	0.706227
chr13	21500000	21750000	0.590021
chr13	21750000	22000000	0.899832
chr13	22000000	22250000	0.493685
chr13	22250000	22500000	0.0701715
chr13	22500000	22750000	0.0176914
chr13	22750000	23000000	nan
chr13	23000000	23250000	0.24054
chr13	23250000	23500000	0.831301
chr13	23500000	23750000	0.977134
chr13	23750000	24000000	0.217305
chr13	24000000	24250000	0.0282224
chr13	24250000	24500000	-0.0487176
chr13	24500000	24750000	0.11864
chr13	24750000	25000000	0.441146
chr13	25000000	25250000	-0.198388
chr13	25250000	25500000	-0.399714
chr13	25500000	25750000	-0.329904
chr13	25750000	26000000	-0.37375
chr13	26000000	26250000	-0.416941
chr13	26250000	26500000	-0.382364
chr13	26500000	26750000	-0.311755
chr13	26750000	27000000	-0.29701
chr13	27000000	27250000	-0.392873
chr13	27250000	27500000	-0.323946
chr13	27500000	27750000	-0.337825
chr13	27750000	28000000	-0.352131
chr13	28000000	28250000	-0.349218
chr13	28250000	28500000	-0.205066
chr13	28500000	28750000	-0.204601
chr13	28750000	29000000	-0.23934
chr13	29000000	29250000	-0.115769
chr13	29250000	29500000	-0.0897606
chr13	29500000	29750000	0.108689
chr13	29750000	30000000	0.381999
chr13	30000000	30250000	0.0265992
chr13	30250000	30500000	-0.0841454
chr13	30500000	30750000	0.096396
chr13	30750000	31000000	0.402149
chr13	31000000	31250000	-0.132828
chr13	31250000	31500000	-0.0464786
chr13	31500000	31750000	0.0800117
chr13	31750000	32000000	-0.0205931
chr13	32000000	32250000	0.13671
chr13	32250000	32500000	0.160657
chr13	32500000	32750000	-0.0288493
chr13	32750000	33000000	0.0921709
chr13	33000000	33250000	0.0595497
chr13	33250000	33500000	nan
chr13	33500000	33750000	0.119608
chr13	33750000	34000000	0.097868
chr13	34000000	34250000	0.477851
chr13	34250000	34500000	0.279681
chr13	34500000	34750000	-0.0154841
chr13	34750000	35000000	0.217969
chr13	35000000	35250000	-0.0187385
chr13	35250000	35500000	-0.0735768
chr13	35500000	35750000	0.187186
chr13	35750000	36000000	0.247366
chr13	36000000	36250000	0.301473
chr13	36250000	36500000	-0.00212353
chr13	36500000	36750000	-0.114971
chr13	36750000	37000000	-0.0937258
chr13	37000000	37250000	-0.0787161
chr13	37250000	37500000	0.0711221
chr13	37500000	37750000	0.116072
chr13	37750000	38000000	0.658122
chr13	38000000	38250000	0.221176
chr13	38250000	38500000	-0.0657194
chr13	38500000	38750000	0.204635
chr13	38750000	39000000	-0.0171377
chr13	39000000	39250000	-0.346439
chr13	39250000	39500000	-0.357945
chr13	39500000	39750000	-0.458528
chr13	39750000	40000000	-0.455317
chr13	40000000	40250000	-0.416316
chr13	40250000	40500000	-0.341437
chr13	40500000	40750000	-0.106727
chr13	40750000	41000000	0.0811964
chr13	41000000	41250000	0.14628
chr13	41250000	41500000	-0.0684398
chr13	41500000	41750000	0.0777406
chr13	41750000	42000000	-0.0663154
chr13	42000000	42250000	0.152938
chr13	42250000	42500000	-0.210552
chr13	42500000	42750000	-0.13621
chr13	42750000	43000000	-0.07669
chr13	43000000	43250000	0.241434
chr13	43250000	43500000	0.310593
chr13	43500000	43750000	0.103113
chr13	43750000	44000000	-0.109851
chr13	44000000	44250000	-0.109191
chr13	44250000	44500000	-0.11781
chr13	44500000	44750000	0.286852
chr13	44750000	45000000	0.194724
chr13	45000000	45250000	0.118428
chr13	45250000	45500000	0.171837
chr13	45500000	45750000	0.246932
chr13	45750000	46000000	0.350104
chr13	46000000	46250000	-0.133215
chr13	46250000	46500000	0.045243
chr13	46500000	46750000	0.320684
chr13	46750000	47000000	0.0249771
chr13	47000000	47250000	0.281169
chr13	47250000	47500000	-0.132707
chr13	47500000	47750000	-0.223961
chr13	47750000	48000000	-0.308314
chr13	48000000	48250000	-0.196607
chr13	48250000	48500000	-0.111881
chr13	48500000	48750000	0.108594
chr13	48750000	49000000	0.403774
chr13	49000000	49250000	0.052065
chr13	49250000	49500000	0.328163
chr13	49500000	49750000	0.403056
chr13	49750000	50000000	-0.149078
chr13	50000000	50250000	-0.205771
chr13	50250000	50500000	-0.209586
chr13	50500000	50750000	nan
chr13	50750000	51000000	-0.10732
chr13	51000000	51250000	0.147827
chr13	51250000	51500000	-0.199763
chr13	51500000	51750000	0.297827
chr13	51750000	52000000	0.225093
chr13	52000000	52250000	-0.100626
chr13	52250000	52500000	-0.455672
chr13	52500000	52750000	-0.42711
chr13	52750000	53000000	-0.203336
chr13	53000000	53250000	-0.476693
chr13	53250000	53500000	-0.240997
chr13	53500000	53750000	-0.404158
chr13	53750000	54000000	-0.3261
chr13	54000000	54250000	-0.0373493
chr13	54250000	54500000	0.00778526
chr13	54500000	54750000	0.474823
chr13	54750000	55000000	-0.069884
chr13	55000000	55250000	0.347861
chr13	55250000	55500000	0.44866
chr13	55500000	55750000	0.558574
chr13	55750000	56000000	-0.182938
chr13	56000000	56250000	-0.0724969
chr13	56250000	56500000	-0.468183
chr13	56500000	56750000	-0.271383
chr13	56750000	57000000	-0.449637
chr13	57000000	57250000	-0.420143
chr13	57250000	57500000	-0.454896
chr13	57500000	57750000	-0.473091
chr13	57750000	58000000	-0.424126
chr13	58000000	58250000	0.0428271
chr13	58250000	58500000	0.230996
chr13	58500000	58750000	0.02508
chr13	58750000	59000000	-0.413802
chr13	59000000	59250000	-0.444632
chr13	59250000	59500000	-0.18971
chr13	59500000	59750000	0.363993
chr13	59750000	60000000	0.0657897
chr13	60000000	60250000	-0.524654
chr13	60250000	60500000	-0.37838
chr13	60500000	60750000	-0.370097
chr13	60750000	61000000	-0.494187
chr13	61000000	61250000	-0.521875
chr13	61250000	61500000	-0.389812
chr13	61500000	61750000	nan
chr13	61750000	62000000	nan
chr13	62000000	62250000	-0.386622
chr13	62250000	62500000	-0.250682
chr13	62500000	62750000	-0.408852
chr13	62750000	63000000	-0.392547
chr13	63000000	63250000	-0.232788
chr13	63250000	63500000	0.0690424
chr13	63500000	63750000	-0.019574
chr13	63750000	64000000	0.0417784
chr13	64000000	64250000	0.0039611
chr13	64250000	64500000	0.0382769
chr13	64500000	64750000	-0.250859
chr13	64750000	65000000	-0.231323
chr13	65000000	65250000	-0.0366308
chr13	65250000	65500000	nan
chr13	65500000	65750000	nan
chr13	65750000	66000000	nan
chr13	66000000	66250000	nan
chr13	66250000	66500000	nan
chr13	66500000	66750000	nan
chr13	66750000	67000000	0.03066
chr13	67000000	67250000	-0.107356
chr13	67250000	67500000	0.0443156
chr13	67500000	67750000	-0.0168468
chr13	67750000	68000000	-0.317914
chr13	68000000	68250000	nan
chr13	68250000	68500000	nan
chr13	68500000	68750000	-0.353919
chr13	68750000	69000000	-0.620031
chr13	69000000	69250000	-0.468439
chr13	69250000	69500000	-0.365716
chr13	69500000	69750000	0.0596439
chr13	69750000	70000000	-0.375795
chr13	70000000	70250000	-0.587907
chr13	70250000	70500000	-0.546314
chr13	70500000	70750000	-0.409687
chr13	70750000	71000000	-0.529462
chr13	71000000	71250000	-0.517167
chr13	71250000	71500000	-0.570228
chr13	71500000	71750000	-0.534702
chr13	71750000	72000000	-0.548348
chr13	72000000	72250000	-0.576513
chr13	72250000	72500000	-0.544791
chr13	72500000	72750000	-0.509064
chr13	72750000	73000000	-0.585503
chr13	73000000	73250000	-0.468266
chr13	73250000	73500000	-0.363563
chr13	73500000	73750000	-0.133972
chr13	73750000	74000000	-0.0496676
chr13	74000000	74250000	-0.0416261
chr13	74250000	74500000	0.0437655
chr13	74500000	74750000	-0.00633292
chr13	74750000	75000000	-0.231872
chr13	75000000	75250000	-0.233823
chr13	75250000	75500000	-0.124923
chr13	75500000	75750000	0.116606
chr13	75750000	76000000	0.159838
chr13	76000000	76250000	0.0810561
chr13	76250000	76500000	0.0926119
chr13	76500000	76750000	-0.0458821
chr13	76750000	77000000	-0.119459
chr13	77000000	77250000	0.0403357
chr13	77250000	77500000	-0.322726
chr13	77500000	77750000	-0.248117
chr13	77750000	78000000	-0.2017
chr13	78000000	78250000	-0.242288
chr13	78250000	78500000	-0.43353
chr13	78500000	78750000	-0.475414
chr13	78750000	79000000	-0.271771
chr13	79000000	79250000	-0.419276
chr13	79250000	79500000	-0.495378
chr13	79500000	79750000	-0.494085
chr13	79750000	80000000	-0.387488
chr13	80000000	80250000	-0.475165
chr13	80250000	80500000	-0.422465
chr13	80500000	80750000	-0.393468
chr13	80750000	81000000	-0.130802
chr13	81000000	81250000	-0.437303
chr13	81250000	81500000	-0.320296
chr13	81500000	81750000	0.0565748
chr13	81750000	82000000	-0.21959
chr13	82000000	82250000	-0.432477
chr13	82250000	82500000	-0.434533
chr13	82500000	82750000	-0.337188
chr13	82750000	83000000	-0.139043
chr13	83000000	83250000	-0.0572654
chr13	83250000	83500000	-0.0591299
chr13	83500000	83750000	-0.0970707
chr13	83750000	84000000	-0.361405
chr13	84000000	84250000	-0.21527
chr13	84250000	84500000	-0.272289
chr13	84500000	84750000	-0.280976
chr13	84750000	85000000	-0.374923
chr13	85000000	85250000	-0.116496
chr13	85250000	85500000	0.145127
chr13	85500000	85750000	-0.0325193
chr13	85750000	86000000	-0.295159
chr13	86000000	86250000	-0.288433
chr13	86250000	86500000	-0.428289
chr13	86500000	86750000	-0.465889
chr13	86750000	87000000	-0.400208
chr13	87000000	87250000	-0.426238
chr13	87250000	87500000	-0.424884
chr13	87500000	87750000	-0.473015
chr13	87750000	88000000	-0.398674
chr13	88000000	88250000	-0.408092
chr13	88250000	88500000	-0.445666
chr13	88500000	88750000	-0.374226
chr13	88750000	89000000	-0.459404
chr13	89000000	89250000	-0.471565
chr13	89250000	89500000	-0.498646
chr13	89500000	89750000	-0.298537
chr13	89750000	90000000	-0.186164
chr13	90000000	90250000	-0.0867872
chr13	90250000	90500000	-0.31891
chr13	90500000	90750000	-0.299315
chr13	90750000	91000000	-0.0177831
chr13	91000000	91250000	0.14516
chr13	91250000	91500000	0.241735
chr13	91500000	91750000	0.126065
chr13	91750000	92000000	0.0201762
chr13	92000000	92250000	-0.107701
chr13	92250000	92500000	0.130218
chr13	92500000	92750000	0.315442
chr13	92750000	93000000	-0.037056
chr13	93000000	93250000	-0.00810646
chr13	93250000	93500000	0.444319
chr13	93500000	93750000	0.0370045
chr13	93750000	94000000	-0.132177
chr13	94000000	94250000	-0.19243
chr13	94250000	94500000	0.200583
chr13	94500000	94750000	0.142701
chr13	94750000	95000000	0.102675
chr13	95000000	95250000	-0.0400002
chr13	95250000	95500000	0.216154
chr13	95500000	95750000	0.364412
chr13	95750000	96000000	0.333935
chr13	96000000	96250000	-0.0805347
chr13	96250000	96500000	0.0964094
chr13	96500000	96750000	0.3845
chr13	96750000	97000000	0.0263377
chr13	97000000	97250000	0.338393
chr13	97250000	97500000	0.119743
chr13	97500000	97750000	-0.0207417
chr13	97750000	98000000	0.0630582
chr13	98000000	98250000	0.04849
chr13	98250000	98500000	0.127825
chr13	98500000	98750000	0.0975713
chr13	98750000	99000000	0.587787
chr13	99000000	99250000	0.036914
chr13	99250000	99500000	0.142657
chr13	99500000	99750000	-0.164773
chr13	99750000	100000000	-0.0973771
chr13	100000000	100250000	0.313178
chr13	100250000	100500000	0.0260233
chr13	100500000	100750000	0.557781
chr13	100750000	101000000	0.552542
chr13	101000000	101250000	-0.144882
chr13	101250000	101500000	-0.106165
chr13	101500000	101750000	0.38527
chr13	101750000	102000000	0.159509
chr13	102000000	102250000	-0.118808
chr13	102250000	102500000	-0.108602
chr13	102500000	102750000	0.00697209
chr13	102750000	103000000	0.167685
chr13	103000000	103250000	0.127263
chr13	103250000	103500000	0.19647
chr13	103500000	103750000	0.0602526
chr13	103750000	104000000	0.456222
chr13	104000000	104250000	0.585109
chr13	104250000	104500000	0.260788
chr13	104500000	104750000	0.0771961
chr13	104750000	105000000	0.20756
chr13	105000000	105250000	0.0964314
chr13	105250000	105500000	-0.0100909
chr13	105500000	105750000	0.0175165
chr13	105750000	106000000	-0.21333
chr13	106000000	106250000	-0.223509
chr13	106250000	106500000	-0.310468
chr13	106500000	106750000	-0.140003
chr13	106750000	107000000	0.340411
chr13	107000000	107250000	0.283477
chr13	107250000	107500000	-0.243306
chr13	107500000	107750000	0.113575
chr13	107750000	108000000	-0.199815
chr13	108000000	108250000	0.210795
chr13	108250000	108500000	0.15518
chr13	108500000	108750000	-0.23533
chr13	108750000	109000000	-0.003695
chr13	109000000	109250000	-0.0106338
chr13	109250000	109500000	-0.219099
chr13	109500000	109750000	0.396015
chr13	109750000	110000000	0.350581
chr13	110000000	110250000	-0.178589
chr13	110250000	110500000	-0.293095
chr13	110500000	110750000	-0.321178
chr13	110750000	111000000	-0.350788
chr13	111000000	111250000	-0.318679
chr13	111250000	111500000	0.225756
chr13	111500000	111750000	0.50891
chr13	111750000	112000000	0.138797
chr13	112000000	112250000	-0.279879
chr13	112250000	112500000	-0.335568
chr13	112500000	112750000	-0.120237
chr13	112750000	113000000	0.302722
chr13	113000000	113250000	-0.371126
chr13	113250000	113500000	-0.478889
chr13	113500000	113750000	-0.326145
chr13	113750000	114000000	0.31278
chr13	114000000	114250000	-0.284285
chr13	114250000	114500000	0.0121517
chr13	114500000	114750000	-0.574652
chr13	114750000	115000000	-0.0151587
chr13	115000000	115250000	-0.424505
chr13	115250000	115500000	-0.476757
chr13	115500000	115750000	-0.708137
chr13	115750000	116000000	-0.810628
chr13	116000000	116250000	-0.795606
chr13	116250000	116500000	-0.829875
chr13	116500000	116750000	-0.821342
chr13	116750000	117000000	-0.903135
chr13	117000000	117250000	-0.919538
chr13	117250000	117500000	-0.930721
chr13	117500000	117750000	-0.750093
chr13	117750000	118000000	-0.812542
chr13	118000000	118250000	-0.831807
chr13	118250000	118500000	-0.307546
chr13	118500000	118750000	-0.142896
chr13	118750000	119000000	-0.251452
chr13	119000000	119250000	-0.156626
chr13	119250000	119500000	0.0739896
chr13	119500000	119750000	0.540958
chr13	119750000	120000000	nan
chr13	120000000	120250000	nan
chr13	120250000	120421639	nan
#bedGraph section chr14:0-124902244
chr14	0	250000	nan
chr14	250000	500000	nan
chr14	500000	750000	nan
chr14	750000	1000000	nan
chr14	1000000	1250000	nan
chr14	1250000	1500000	nan
chr14	1500000	1750000	nan
chr14	1750000	2000000	nan
chr14	2000000	2250000	nan
chr14	2250000	2500000	nan
chr14	2500000	2750000	nan
chr14	2750000	3000000	nan
chr14	3000000	3250000	nan
chr14	3250000	3500000	nan
chr14	3500000	3750000	nan
chr14	3750000	4000000	nan
chr14	4000000	4250000	nan
chr14	4250000	4500000	nan
chr14	4500000	4750000	nan
chr14	4750000	5000000	nan
chr14	5000000	5250000	nan
chr14	5250000	5500000	nan
chr14	5500000	5750000	nan
chr14	5750000	6000000	nan
chr14	6000000	6250000	nan
chr14	6250000	6500000	nan
chr14	6500000	6750000	nan
chr14	6750000	7000000	nan
chr14	7000000	7250000	nan
chr14	7250000	7500000	nan
chr14	7500000	7750000	nan
chr14	7750000	8000000	0.980104
chr14	8000000	8250000	0.994542
chr14	8250000	8500000	0.579927
chr14	8500000	8750000	0.297659
chr14	8750000	9000000	-0.126837
chr14	9000000	9250000	0.207968
chr14	9250000	9500000	0.144122
chr14	9500000	9750000	0.230079
chr14	9750000	10000000	nan
chr14	10000000	10250000	nan
chr14	10250000	10500000	0.191909
chr14	10500000	10750000	0.156877
chr14	10750000	11000000	0.0187331
chr14	11000000	11250000	-0.10427
chr14	11250000	11500000	-0.131383
chr14	11500000	11750000	-0.179839
chr14	11750000	12000000	0.140475
chr14	12000000	12250000	0.163644
chr14	12250000	12500000	0.313528
chr14	12500000	12750000	0.196363
chr14	12750000	13000000	-0.0890009
chr14	13000000	13250000	0.042277
chr14	13250000	13500000	0.252323
chr14	13500000	13750000	0.111634
chr14	13750000	14000000	0.278902
chr14	14000000	14250000	0.439539
chr14	14250000	14500000	0.0965063
chr14	14500000	14750000	0.125839
chr14	14750000	15000000	0.190483
chr14	15000000	15250000	0.114803
chr14	15250000	15500000	0.137683
chr14	15500000	15750000	0.184817
chr14	15750000	16000000	0.171598
chr14	16000000	16250000	0.267736
chr14	16250000	16500000	0.600069
chr14	16500000	16750000	0.246717
chr14	16750000	17000000	0.209395
chr14	17000000	17250000	0.213459
chr14	17250000	17500000	0.19988
chr14	17500000	17750000	0.225992
chr14	17750000	18000000	0.262555
chr14	18000000	18250000	0.317918
chr14	18250000	18500000	0.494143
chr14	18500000	18750000	0.164201
chr14	18750000	19000000	0.0713993
chr14	19000000	19250000	nan
chr14	19250000	19500000	-0.205268
chr14	19500000	19750000	nan
chr14	19750000	20000000	0.715836
chr14	20000000	20250000	0.670403
chr14	20250000	20500000	0.793938
chr14	20500000	20750000	0.811695
chr14	20750000	21000000	0.683369
chr14	21000000	21250000	0.733525
chr14	21250000	21500000	0.568483
chr14	21500000	21750000	0.724685
chr14	21750000	22000000	0.608137
chr14	22000000	22250000	0.299301
chr14	22250000	22500000	0.26538
chr14	22500000	22750000	0.171378
chr14	22750000	23000000	-0.127223
chr14	23000000	23250000	-0.20811
chr14	23250000	23500000	-0.174138
chr14	23500000	23750000	-0.181658
chr14	23750000	24000000	-0.0627017
chr14	24000000	24250000	-0.194698
chr14	24250000	24500000	0.277629
chr14	24500000	24750000	-0.0607055
chr14	24750000	25000000	-0.51898
chr14	25000000	25250000	-0.621685
chr14	25250000	25500000	-0.594849
chr14	25500000	25750000	-0.0132872
chr14	25750000	26000000	nan
chr14	26000000	26250000	nan
chr14	26250000	26500000	0.444623
chr14	26500000	26750000	0.684271
chr14	26750000	27000000	0.424698
chr14	27000000	27250000	0.35917
chr14	27250000	27500000	0.598817
chr14	27500000	27750000	0.293373
chr14	27750000	28000000	0.0358446
chr14	28000000	28250000	-0.348419
chr14	28250000	28500000	-0.372826
chr14	28500000	28750000	-0.51407
chr14	28750000	29000000	-0.344704
chr14	29000000	29250000	-0.200643
chr14	29250000	29500000	-0.0418802
chr14	29500000	29750000	0.0721228
chr14	29750000	30000000	0.412086
chr14	30000000	30250000	0.35513
chr14	30250000	30500000	0.403365
chr14	30500000	30750000	0.708852
chr14	30750000	31000000	0.552389
chr14	31000000	31250000	0.664664
chr14	31250000	31500000	0.573153
chr14	31500000	31750000	0.521539
chr14	31750000	32000000	0.356137
chr14	32000000	32250000	0.677901
chr14	32250000	32500000	0.366478
chr14	32500000	32750000	0.378642
chr14	32750000	33000000	0.053371
chr14	33000000	33250000	0.118688
chr14	33250000	33500000	0.295806
chr14	33500000	33750000	-0.0231338
chr14	33750000	34000000	-0.0441978
chr14	34000000	34250000	0.225346
chr14	34250000	34500000	0.425912
chr14	34500000	34750000	0.589602
chr14	34750000	35000000	0.224736
chr14	35000000	35250000	0.0167588
chr14	35250000	35500000	-0.339685
chr14	35500000	35750000	-0.487526
chr14	35750000	36000000	-0.571767
chr14	36000000	36250000	-0.479861
chr14	36250000	36500000	-0.467265
chr14	36500000	36750000	-0.288827
chr14	36750000	37000000	0.063885
chr14	37000000	37250000	0.109299
chr14	37250000	37500000	-0.38092
chr14	37500000	37750000	-0.630914
chr14	37750000	38000000	-0.597733
chr14	38000000	38250000	-0.497429
chr14	38250000	38500000	-0.429301
chr14	38500000	38750000	-0.393909
chr14	38750000	39000000	-0.30493
chr14	39000000	39250000	nan
chr14	39250000	39500000	-0.0664791
chr14	39500000	39750000	-0.208785
chr14	39750000	40000000	-0.000539895
chr14	40000000	40250000	-0.236297
chr14	40250000	40500000	-0.0976413
chr14	40500000	40750000	-0.00186294
chr14	40750000	41000000	0.407252
chr14	41000000	41250000	0.243292
chr14	41250000	41500000	nan
chr14	41500000	41750000	nan
chr14	41750000	42000000	nan
chr14	42000000	42250000	nan
chr14	42250000	42500000	nan
chr14	42500000	42750000	nan
chr14	42750000	43000000	nan
chr14	43000000	43250000	nan
chr14	43250000	43500000	nan
chr14	43500000	43750000	nan
chr14	43750000	44000000	0.288427
chr14	44000000	44250000	nan
chr14	44250000	44500000	nan
chr14	44500000	44750000	nan
chr14	44750000	45000000	0.0824442
chr14	45000000	45250000	0.119626
chr14	45250000	45500000	0.510213
chr14	45500000	45750000	0.268552
chr14	45750000	46000000	0.0824545
chr14	46000000	46250000	0.0542758
chr14	46250000	46500000	0.124094
chr14	46500000	46750000	0.238622
chr14	46750000	47000000	0.381115
chr14	47000000	47250000	0.309283
chr14	47250000	47500000	0.528132
chr14	47500000	47750000	0.537547
chr14	47750000	48000000	0.182759
chr14	48000000	48250000	0.175926
chr14	48250000	48500000	0.195031
chr14	48500000	48750000	0.293658
chr14	48750000	49000000	0.148729
chr14	49000000	49250000	0.367094
chr14	49250000	49500000	-0.00781951
chr14	49500000	49750000	-0.104636
chr14	49750000	50000000	-0.201922
chr14	50000000	50250000	-0.395936
chr14	50250000	50500000	-0.233017
chr14	50500000	50750000	-0.169148
chr14	50750000	51000000	0.523893
chr14	51000000	51250000	0.312621
chr14	51250000	51500000	0.0147656
chr14	51500000	51750000	nan
chr14	51750000	52000000	0.379532
chr14	52000000	52250000	0.609076
chr14	52250000	52500000	0.31663
chr14	52500000	52750000	-0.0440218
chr14	52750000	53000000	nan
chr14	53000000	53250000	nan
chr14	53250000	53500000	nan
chr14	53500000	53750000	nan
chr14	53750000	54000000	0.148714
chr14	54000000	54250000	0.322414
chr14	54250000	54500000	0.533858
chr14	54500000	54750000	0.341523
chr14	54750000	55000000	0.422874
chr14	55000000	55250000	0.265486
chr14	55250000	55500000	0.164288
chr14	55500000	55750000	0.455711
chr14	55750000	56000000	0.242373
chr14	56000000	56250000	0.0615136
chr14	56250000	56500000	0.112803
chr14	56500000	56750000	0.30857
chr14	56750000	57000000	0.377343
chr14	57000000	57250000	0.0784072
chr14	57250000	57500000	0.184953
chr14	57500000	57750000	0.396794
chr14	57750000	58000000	0.320091
chr14	58000000	58250000	-0.0368667
chr14	58250000	58500000	-0.209297
chr14	58500000	58750000	-0.162974
chr14	58750000	59000000	-0.119876
chr14	59000000	59250000	0.0195363
chr14	59250000	59500000	0.166938
chr14	59500000	59750000	0.281646
chr14	59750000	60000000	0.0418559
chr14	60000000	60250000	0.182373
chr14	60250000	60500000	0.246773
chr14	60500000	60750000	0.173044
chr14	60750000	61000000	0.224713
chr14	61000000	61250000	0.242897
chr14	61250000	61500000	0.326735
chr14	61500000	61750000	0.387255
chr14	61750000	62000000	0.0956458
chr14	62000000	62250000	0.0724094
chr14	62250000	62500000	0.21806
chr14	62500000	62750000	0.204385
chr14	62750000	63000000	0.283266
chr14	63000000	63250000	0.327756
chr14	63250000	63500000	0.124023
chr14	63500000	63750000	0.258698
chr14	63750000	64000000	0.170337
chr14	64000000	64250000	0.11158
chr14	64250000	64500000	0.172562
chr14	64500000	64750000	0.22547
chr14	64750000	65000000	0.28531
chr14	65000000	65250000	0.305168
chr14	65250000	65500000	0.241826
chr14	65500000	65750000	0.285465
chr14	65750000	66000000	0.263649
chr14	66000000	66250000	0.258782
chr14	66250000	66500000	0.261431
chr14	66500000	66750000	0.0780879
chr14	66750000	67000000	0.282592
chr14	67000000	67250000	0.167483
chr14	67250000	67500000	-0.569836
chr14	67500000	67750000	-0.156286
chr14	67750000	68000000	-0.498505
chr14	68000000	68250000	-0.618228
chr14	68250000	68500000	-0.660386
chr14	68500000	68750000	-0.530812
chr14	68750000	69000000	-0.2988
chr14	69000000	69250000	0.0117925
chr14	69250000	69500000	nan
chr14	69500000	69750000	nan
chr14	69750000	70000000	0.302152
chr14	70000000	70250000	0.385953
chr14	70250000	70500000	0.269363
chr14	70500000	70750000	0.499604
chr14	70750000	71000000	0.279824
chr14	71000000	71250000	0.0511781
chr14	71250000	71500000	-0.0238384
chr14	71500000	71750000	-0.0634081
chr14	71750000	72000000	-0.183055
chr14	72000000	72250000	-0.0103323
chr14	72250000	72500000	0.128804
chr14	72500000	72750000	0.336596
chr14	72750000	73000000	0.150111
chr14	73000000	73250000	0.502699
chr14	73250000	73500000	0.603067
chr14	73500000	73750000	0.24414
chr14	73750000	74000000	0.135918
chr14	74000000	74250000	0.0668879
chr14	74250000	74500000	0.0518733
chr14	74500000	74750000	0.290717
chr14	74750000	75000000	0.20546
chr14	75000000	75250000	0.268934
chr14	75250000	75500000	0.385391
chr14	75500000	75750000	0.410844
chr14	75750000	76000000	0.62865
chr14	76000000	76250000	0.346088
chr14	76250000	76500000	-0.186968
chr14	76500000	76750000	-0.0352377
chr14	76750000	77000000	-0.211226
chr14	77000000	77250000	-0.332521
chr14	77250000	77500000	-0.4972
chr14	77500000	77750000	-0.441695
chr14	77750000	78000000	-0.0330639
chr14	78000000	78250000	-0.494144
chr14	78250000	78500000	-0.366093
chr14	78500000	78750000	0.0711075
chr14	78750000	79000000	0.271513
chr14	79000000	79250000	0.332585
chr14	79250000	79500000	0.44432
chr14	79500000	79750000	0.17062
chr14	79750000	80000000	-0.419745
chr14	80000000	80250000	-0.559052
chr14	80250000	80500000	-0.516145
chr14	80500000	80750000	-0.570381
chr14	80750000	81000000	-0.48251
chr14	81000000	81250000	-0.498577
chr14	81250000	81500000	-0.436933
chr14	81500000	81750000	-0.495705
chr14	81750000	82000000	-0.428177
chr14	82000000	82250000	-0.479936
chr14	82250000	82500000	-0.442505
chr14	82500000	82750000	-0.390939
chr14	82750000	83000000	-0.26333
chr14	83000000	83250000	-0.207664
chr14	83250000	83500000	-0.129032
chr14	83500000	83750000	-0.150315
chr14	83750000	84000000	-0.11675
chr14	84000000	84250000	-0.2322
chr14	84250000	84500000	-0.369715
chr14	84500000	84750000	-0.41096
chr14	84750000	85000000	-0.427834
chr14	85000000	85250000	-0.336407
chr14	85250000	85500000	-0.392833
chr14	85500000	85750000	-0.390923
chr14	85750000	86000000	-0.376684
chr14	86000000	86250000	-0.308853
chr14	86250000	86500000	-0.294149
chr14	86500000	86750000	-0.148533
chr14	86750000	87000000	0.0882993
chr14	87000000	87250000	0.0254977
chr14	87250000	87500000	0.130308
chr14	87500000	87750000	-0.251096
chr14	87750000	88000000	-0.400038
chr14	88000000	88250000	-0.466992
chr14	88250000	88500000	-0.453258
chr14	88500000	88750000	-0.461013
chr14	88750000	89000000	-0.482893
chr14	89000000	89250000	-0.381382
chr14	89250000	89500000	-0.36698
chr14	89500000	89750000	-0.379246
chr14	89750000	90000000	-0.329124
chr14	90000000	90250000	-0.355706
chr14	90250000	90500000	-0.328001
chr14	90500000	90750000	-0.340172
chr14	90750000	91000000	-0.305475
chr14	91000000	91250000	-0.34831
chr14	91250000	91500000	-0.297492
chr14	91500000	91750000	-0.336274
chr14	91750000	92000000	-0.365548
chr14	92000000	92250000	-0.33367
chr14	92250000	92500000	-0.410274
chr14	92500000	92750000	-0.334735
chr14	92750000	93000000	-0.325137
chr14	93000000	93250000	-0.316377
chr14	93250000	93500000	-0.243849
chr14	93500000	93750000	-0.184751
chr14	93750000	94000000	-0.118455
chr14	94000000	94250000	-0.327869
chr14	94250000	94500000	-0.401302
chr14	94500000	94750000	-0.386634
chr14	94750000	95000000	-0.367188
chr14	95000000	95250000	-0.359693
chr14	95250000	95500000	-0.395939
chr14	95500000	95750000	-0.411811
chr14	95750000	96000000	-0.401336
chr14	96000000	96250000	-0.355199
chr14	96250000	96500000	-0.337047
chr14	96500000	96750000	-0.178983
chr14	96750000	97000000	-0.0341744
chr14	97000000	97250000	0.223124
chr14	97250000	97500000	0.0820224
chr14	97500000	97750000	0.0296242
chr14	97750000	98000000	0.0331708
chr14	98000000	98250000	-0.0113381
chr14	98250000	98500000	-0.0490264
chr14	98500000	98750000	0.00320357
chr14	98750000	99000000	-0.0190665
chr14	99000000	99250000	0.528488
chr14	99250000	99500000	-0.34572
chr14	99500000	99750000	-0.382985
chr14	99750000	100000000	-0.385224
chr14	100000000	100250000	-0.432697
chr14	100250000	100500000	-0.504416
chr14	100500000	100750000	-0.400799
chr14	100750000	101000000	-0.452214
chr14	101000000	101250000	-0.487529
chr14	101250000	101500000	-0.415515
chr14	101500000	101750000	-0.0250631
chr14	101750000	102000000	-0.322261
chr14	102000000	102250000	-0.427081
chr14	102250000	102500000	-0.464325
chr14	102500000	102750000	-0.48066
chr14	102750000	103000000	-0.354344
chr14	103000000	103250000	0.449768
chr14	103250000	103500000	0.153625
chr14	103500000	103750000	-0.452769
chr14	103750000	104000000	-0.466307
chr14	104000000	104250000	-0.4626
chr14	104250000	104500000	-0.123166
chr14	104500000	104750000	-0.209402
chr14	104750000	105000000	-0.411022
chr14	105000000	105250000	0.132877
chr14	105250000	105500000	-0.160093
chr14	105500000	105750000	-0.399778
chr14	105750000	106000000	-0.298713
chr14	106000000	106250000	-0.0119317
chr14	106250000	106500000	-0.199641
chr14	106500000	106750000	-0.307527
chr14	106750000	107000000	-0.378904
chr14	107000000	107250000	-0.448399
chr14	107250000	107500000	-0.393593
chr14	107500000	107750000	-0.379082
chr14	107750000	108000000	-0.422447
chr14	108000000	108250000	-0.407955
chr14	108250000	108500000	-0.355126
chr14	108500000	108750000	-0.456965
chr14	108750000	109000000	-0.412918
chr14	109000000	109250000	-0.424538
chr14	109250000	109500000	-0.381082
chr14	109500000	109750000	-0.457657
chr14	109750000	110000000	-0.31354
chr14	110000000	110250000	-0.310532
chr14	110250000	110500000	-0.350875
chr14	110500000	110750000	-0.354582
chr14	110750000	111000000	-0.216735
chr14	111000000	111250000	0.000101765
chr14	111250000	111500000	0.0659412
chr14	111500000	111750000	0.230684
chr14	111750000	112000000	0.105933
chr14	112000000	112250000	-0.0909297
chr14	112250000	112500000	-0.167597
chr14	112500000	112750000	-0.177083
chr14	112750000	113000000	-0.203663
chr14	113000000	113250000	-0.344051
chr14	113250000	113500000	-0.363766
chr14	113500000	113750000	-0.47569
chr14	113750000	114000000	-0.419708
chr14	114000000	114250000	-0.466136
chr14	114250000	114500000	-0.493923
chr14	114500000	114750000	-0.510114
chr14	114750000	115000000	-0.204025
chr14	115000000	115250000	-0.132129
chr14	115250000	115500000	-0.447217
chr14	115500000	115750000	-0.420331
chr14	115750000	116000000	-0.389169
chr14	116000000	116250000	-0.478002
chr14	116250000	116500000	-0.520771
chr14	116500000	116750000	-0.609835
chr14	116750000	117000000	-0.588354
chr14	117000000	117250000	-0.668747
chr14	117250000	117500000	-0.517041
chr14	117500000	117750000	-0.679551
chr14	117750000	118000000	-0.590677
chr14	118000000	118250000	0.455128
chr14	118250000	118500000	0.0652806
chr14	118500000	118750000	0.522977
chr14	118750000	119000000	0.586518
chr14	119000000	119250000	-0.288553
chr14	119250000	119500000	-0.740707
chr14	119500000	119750000	-0.689336
chr14	119750000	120000000	-0.629417
chr14	120000000	120250000	-0.492358
chr14	120250000	120500000	-0.0518031
chr14	120500000	120750000	-0.632101
chr14	120750000	121000000	-0.263603
chr14	121000000	121250000	-0.577173
chr14	121250000	121500000	0.50097
chr14	121500000	121750000	-0.275297
chr14	121750000	122000000	0.402915
chr14	122000000	122250000	0.664169
chr14	122250000	122500000	0.165473
chr14	122500000	122750000	0.319439
chr14	122750000	123000000	0.275375
chr14	123000000	123250000	-0.287534
chr14	123250000	123500000	-0.511021
chr14	123500000	123750000	-0.89396
chr14	123750000	124000000	-0.803505
chr14	124000000	124250000	-0.880607
chr14	124250000	124500000	-0.796885
chr14	124500000	124750000	-0.883197
chr14	124750000	124902244	nan
#bedGraph section chr15:0-104043685
chr15	0	250000	nan
chr15	250000	500000	nan
chr15	500000	750000	nan
chr15	750000	1000000	nan
chr15	1000000	1250000	nan
chr15	1250000	1500000	nan
chr15	1500000	1750000	nan
chr15	1750000	2000000	nan
chr15	2000000	2250000	nan
chr15	2250000	2500000	nan
chr15	2500000	2750000	nan
chr15	2750000	3000000	nan
chr15	3000000	3250000	nan
chr15	3250000	3500000	-0.81539
chr15	3500000	3750000	-0.664139
chr15	3750000	4000000	-0.191768
chr15	4000000	4250000	-0.370482
chr15	4250000	4500000	-0.665827
chr15	4500000	4750000	-0.491967
chr15	4750000	5000000	-0.266709
chr15	5000000	5250000	0.648466
chr15	5250000	5500000	-0.0236292
chr15	5500000	5750000	0.0756426
chr15	5750000	6000000	-0.113226
chr15	6000000	6250000	-0.0239854
chr15	6250000	6500000	-0.175729
chr15	6500000	6750000	0.860233
chr15	6750000	7000000	-0.155733
chr15	7000000	7250000	0.00676261
chr15	7250000	7500000	-0.334283
chr15	7500000	7750000	-0.315095
chr15	7750000	8000000	-0.0363567
chr15	8000000	8250000	0.696535
chr15	8250000	8500000	0.628103
chr15	8500000	8750000	0.125226
chr15	8750000	9000000	0.00037525
chr15	9000000	9250000	0.600475
chr15	9250000	9500000	-0.35662
chr15	9500000	9750000	-0.50967
chr15	9750000	10000000	-0.486443
chr15	10000000	10250000	-0.52804
chr15	10250000	10500000	0.0580719
chr15	10500000	10750000	-0.397732
chr15	10750000	11000000	-0.288008
chr15	11000000	11250000	-0.422314
chr15	11250000	11500000	-0.166782
chr15	11500000	11750000	-0.344539
chr15	11750000	12000000	-0.194249
chr15	12000000	12250000	0.769136
chr15	12250000	12500000	0.48544
chr15	12500000	12750000	0.0826068
chr15	12750000	13000000	0.437809
chr15	13000000	13250000	-0.408301
chr15	13250000	13500000	-0.489266
chr15	13500000	13750000	-0.483581
chr15	13750000	14000000	-0.547349
chr15	14000000	14250000	-0.487172
chr15	14250000	14500000	-0.515421
chr15	14500000	14750000	-0.440996
chr15	14750000	15000000	-0.386611
chr15	15000000	15250000	-0.140764
chr15	15250000	15500000	-0.0984774
chr15	15500000	15750000	-0.11398
chr15	15750000	16000000	-0.100322
chr15	16000000	16250000	-0.0110277
chr15	16250000	16500000	0.184338
chr15	16500000	16750000	-0.0107908
chr15	16750000	17000000	-0.0075318
chr15	17000000	17250000	-0.00432015
chr15	17250000	17500000	0.0111773
chr15	17500000	17750000	-0.100434
chr15	17750000	18000000	-0.0762336
chr15	18000000	18250000	-0.119383
chr15	18250000	18500000	-0.336752
chr15	18500000	18750000	-0.221777
chr15	18750000	19000000	-0.232436
chr15	19000000	19250000	-0.454993
chr15	19250000	19500000	-0.407983
chr15	19500000	19750000	nan
chr15	19750000	20000000	-0.389109
chr15	20000000	20250000	-0.270562
chr15	20250000	20500000	-0.42696
chr15	20500000	20750000	-0.346336
chr15	20750000	21000000	-0.398418
chr15	21000000	21250000	-0.407094
chr15	21250000	21500000	-0.393174
chr15	21500000	21750000	-0.363802
chr15	21750000	22000000	-0.452145
chr15	22000000	22250000	-0.514667
chr15	22250000	22500000	-0.414607
chr15	22500000	22750000	-0.312499
chr15	22750000	23000000	-0.252264
chr15	23000000	23250000	-0.359016
chr15	23250000	23500000	-0.359888
chr15	23500000	23750000	-0.338425
chr15	23750000	24000000	-0.395268
chr15	24000000	24250000	-0.408496
chr15	24250000	24500000	-0.395432
chr15	24500000	24750000	-0.408693
chr15	24750000	25000000	-0.519861
chr15	25000000	25250000	-0.531851
chr15	25250000	25500000	-0.61193
chr15	25500000	25750000	-0.587835
chr15	25750000	26000000	-0.362784
chr15	26000000	26250000	-0.4328
chr15	26250000	26500000	-0.514015
chr15	26500000	26750000	-0.488729
chr15	26750000	27000000	-0.516038
chr15	27000000	27250000	-0.371841
chr15	27250000	27500000	-0.149728
chr15	27500000	27750000	-0.0484723
chr15	27750000	28000000	-0.546384
chr15	28000000	28250000	-0.565901
chr15	28250000	28500000	-0.412475
chr15	28500000	28750000	-0.502222
chr15	28750000	29000000	-0.404646
chr15	29000000	29250000	-0.399491
chr15	29250000	29500000	-0.396616
chr15	29500000	29750000	-0.456399
chr15	29750000	30000000	-0.437603
chr15	30000000	30250000	-0.475478
chr15	30250000	30500000	-0.467473
chr15	30500000	30750000	-0.414553
chr15	30750000	31000000	-0.240915
chr15	31000000	31250000	-0.328278
chr15	31250000	31500000	0.405448
chr15	31500000	31750000	0.329349
chr15	31750000	32000000	-0.25702
chr15	32000000	32250000	-0.00200265
chr15	32250000	32500000	-0.263144
chr15	32500000	32750000	-0.294224
chr15	32750000	33000000	-0.34948
chr15	33000000	33250000	-0.270297
chr15	33250000	33500000	-0.337962
chr15	33500000	33750000	-0.36063
chr15	33750000	34000000	-0.259517
chr15	34000000	34250000	0.294048
chr15	34250000	34500000	0.0678592
chr15	34500000	34750000	-0.034772
chr15	34750000	35000000	-0.0989889
chr15	35000000	35250000	0.0396834
chr15	35250000	35500000	0.261661
chr15	35500000	35750000	0.138101
chr15	35750000	36000000	0.146832
chr15	36000000	36250000	0.0870255
chr15	36250000	36500000	0.299798
chr15	36500000	36750000	0.530402
chr15	36750000	37000000	0.592518
chr15	37000000	37250000	0.228001
chr15	37250000	37500000	0.126935
chr15	37500000	37750000	-0.190003
chr15	37750000	38000000	0.160198
chr15	38000000	38250000	0.534777
chr15	38250000	38500000	0.325737
chr15	38500000	38750000	0.304448
chr15	38750000	39000000	nan
chr15	39000000	39250000	0.156521
chr15	39250000	39500000	-0.0463812
chr15	39500000	39750000	-0.137966
chr15	39750000	40000000	0.167616
chr15	40000000	40250000	0.0101496
chr15	40250000	40500000	-0.273396
chr15	40500000	40750000	-0.245211
chr15	40750000	41000000	-0.244287
chr15	41000000	41250000	-0.168894
chr15	41250000	41500000	-0.249849
chr15	41500000	41750000	-0.149644
chr15	41750000	42000000	0.272762
chr15	42000000	42250000	-0.0340545
chr15	42250000	42500000	0.166928
chr15	42500000	42750000	0.164995
chr15	42750000	43000000	-0.131645
chr15	43000000	43250000	-0.0762336
chr15	43250000	43500000	0.411117
chr15	43500000	43750000	-0.0344113
chr15	43750000	44000000	-0.236818
chr15	44000000	44250000	-0.204591
chr15	44250000	44500000	0.0850532
chr15	44500000	44750000	0.13005
chr15	44750000	45000000	0.0530972
chr15	45000000	45250000	-0.104324
chr15	45250000	45500000	-0.227346
chr15	45500000	45750000	-0.277994
chr15	45750000	46000000	-0.31258
chr15	46000000	46250000	-0.185056
chr15	46250000	46500000	-0.118869
chr15	46500000	46750000	-0.178765
chr15	46750000	47000000	-0.155833
chr15	47000000	47250000	-0.0267015
chr15	47250000	47500000	-0.0288338
chr15	47500000	47750000	-0.115832
chr15	47750000	48000000	-0.0503101
chr15	48000000	48250000	-0.00187594
chr15	48250000	48500000	0.0149431
chr15	48500000	48750000	0.0128292
chr15	48750000	49000000	0.0178886
chr15	49000000	49250000	0.0235808
chr15	49250000	49500000	-0.0542139
chr15	49500000	49750000	-0.110477
chr15	49750000	50000000	-0.141984
chr15	50000000	50250000	-0.0765799
chr15	50250000	50500000	0.0365054
chr15	50500000	50750000	0.114456
chr15	50750000	51000000	-0.00705353
chr15	51000000	51250000	-0.0133884
chr15	51250000	51500000	-0.0623113
chr15	51500000	51750000	-0.00489065
chr15	51750000	52000000	0.537715
chr15	52000000	52250000	0.206437
chr15	52250000	52500000	-0.0460446
chr15	52500000	52750000	-0.08181
chr15	52750000	53000000	-0.0348507
chr15	53000000	53250000	0.00739004
chr15	53250000	53500000	-0.0197924
chr15	53500000	53750000	-0.25886
chr15	53750000	54000000	-0.350296
chr15	54000000	54250000	-0.397042
chr15	54250000	54500000	-0.364711
chr15	54500000	54750000	-0.421364
chr15	54750000	55000000	-0.287683
chr15	55000000	55250000	0.115165
chr15	55250000	55500000	-0.247626
chr15	55500000	55750000	0.0403454
chr15	55750000	56000000	-0.174452
chr15	56000000	56250000	-0.372789
chr15	56250000	56500000	-0.390252
chr15	56500000	56750000	-0.356273
chr15	56750000	57000000	-0.428327
chr15	57000000	57250000	-0.326315
chr15	57250000	57500000	-0.333018
chr15	57500000	57750000	-0.155276
chr15	57750000	58000000	0.453015
chr15	58000000	58250000	0.485173
chr15	58250000	58500000	0.14889
chr15	58500000	58750000	0.0925508
chr15	58750000	59000000	0.553124
chr15	59000000	59250000	0.45656
chr15	59250000	59500000	0.4613
chr15	59500000	59750000	0.033648
chr15	59750000	60000000	-0.159785
chr15	60000000	60250000	-0.210836
chr15	60250000	60500000	-0.328978
chr15	60500000	60750000	-0.284107
chr15	60750000	61000000	-0.246276
chr15	61000000	61250000	-0.120753
chr15	61250000	61500000	-0.155375
chr15	61500000	61750000	-0.191892
chr15	61750000	62000000	0.0980883
chr15	62000000	62250000	0.538228
chr15	62250000	62500000	0.152159
chr15	62500000	62750000	0.0362357
chr15	62750000	63000000	0.0709266
chr15	63000000	63250000	0.0107559
chr15	63250000	63500000	0.166591
chr15	63500000	63750000	0.353469
chr15	63750000	64000000	0.222424
chr15	64000000	64250000	0.28315
chr15	64250000	64500000	0.191573
chr15	64500000	64750000	-0.0890099
chr15	64750000	65000000	-0.202655
chr15	65000000	65250000	-0.25359
chr15	65250000	65500000	-0.327155
chr15	65500000	65750000	-0.223346
chr15	65750000	66000000	-0.0280903
chr15	66000000	66250000	-0.245925
chr15	66250000	66500000	-0.290412
chr15	66500000	66750000	0.197611
chr15	66750000	67000000	0.0407114
chr15	67000000	67250000	0.165307
chr15	67250000	67500000	-0.0968135
chr15	67500000	67750000	-0.205522
chr15	67750000	68000000	-0.263886
chr15	68000000	68250000	-0.148891
chr15	68250000	68500000	-0.0103424
chr15	68500000	68750000	-0.406097
chr15	68750000	69000000	-0.376762
chr15	69000000	69250000	-0.407518
chr15	69250000	69500000	-0.354461
chr15	69500000	69750000	-0.318934
chr15	69750000	70000000	-0.378109
chr15	70000000	70250000	-0.349828
chr15	70250000	70500000	-0.300897
chr15	70500000	70750000	-0.357184
chr15	70750000	71000000	-0.284457
chr15	71000000	71250000	-0.335327
chr15	71250000	71500000	-0.363994
chr15	71500000	71750000	-0.462668
chr15	71750000	72000000	-0.35143
chr15	72000000	72250000	-0.348354
chr15	72250000	72500000	-0.343724
chr15	72500000	72750000	-0.344998
chr15	72750000	73000000	0.0215285
chr15	73000000	73250000	0.616113
chr15	73250000	73500000	0.225234
chr15	73500000	73750000	-0.375823
chr15	73750000	74000000	-0.489902
chr15	74000000	74250000	-0.43549
chr15	74250000	74500000	-0.428289
chr15	74500000	74750000	-0.424975
chr15	74750000	75000000	-0.426104
chr15	75000000	75250000	-0.07592
chr15	75250000	75500000	-0.449852
chr15	75500000	75750000	-0.133398
chr15	75750000	76000000	0.500274
chr15	76000000	76250000	0.516547
chr15	76250000	76500000	0.726161
chr15	76500000	76750000	0.881384
chr15	76750000	77000000	0.570236
chr15	77000000	77250000	0.0681252
chr15	77250000	77500000	-0.0331562
chr15	77500000	77750000	-0.0280867
chr15	77750000	78000000	0.571707
chr15	78000000	78250000	0.10162
chr15	78250000	78500000	0.363314
chr15	78500000	78750000	0.282834
chr15	78750000	79000000	0.565713
chr15	79000000	79250000	0.504705
chr15	79250000	79500000	0.406499
chr15	79500000	79750000	0.587247
chr15	79750000	80000000	0.331286
chr15	80000000	80250000	0.654126
chr15	80250000	80500000	0.112674
chr15	80500000	80750000	0.310468
chr15	80750000	81000000	0.598107
chr15	81000000	81250000	0.291531
chr15	81250000	81500000	0.489512
chr15	81500000	81750000	0.761259
chr15	81750000	82000000	0.781105
chr15	82000000	82250000	0.817478
chr15	82250000	82500000	0.443134
chr15	82500000	82750000	-0.128976
chr15	82750000	83000000	0.174535
chr15	83000000	83250000	0.551785
chr15	83250000	83500000	0.513269
chr15	83500000	83750000	0.160985
chr15	83750000	84000000	-0.505222
chr15	84000000	84250000	-0.279966
chr15	84250000	84500000	-0.383863
chr15	84500000	84750000	-0.46762
chr15	84750000	85000000	-0.0678536
chr15	85000000	85250000	-0.150937
chr15	85250000	85500000	0.07922
chr15	85500000	85750000	0.170219
chr15	85750000	86000000	0.354733
chr15	86000000	86250000	0.513994
chr15	86250000	86500000	-0.243494
chr15	86500000	86750000	-0.510628
chr15	86750000	87000000	-0.458561
chr15	87000000	87250000	-0.551884
chr15	87250000	87500000	-0.529476
chr15	87500000	87750000	-0.496601
chr15	87750000	88000000	-0.43614
chr15	88000000	88250000	-0.585954
chr15	88250000	88500000	-0.511202
chr15	88500000	88750000	-0.252044
chr15	88750000	89000000	0.111209
chr15	89000000	89250000	0.468027
chr15	89250000	89500000	0.521419
chr15	89500000	89750000	-0.216482
chr15	89750000	90000000	-0.513269
chr15	90000000	90250000	-0.353911
chr15	90250000	90500000	-0.140993
chr15	90500000	90750000	-0.409875
chr15	90750000	91000000	-0.347029
chr15	91000000	91250000	-0.412265
chr15	91250000	91500000	-0.424827
chr15	91500000	91750000	-0.454548
chr15	91750000	92000000	-0.474318
chr15	92000000	92250000	-0.364677
chr15	92250000	92500000	-0.304926
chr15	92500000	92750000	-0.466278
chr15	92750000	93000000	-0.402902
chr15	93000000	93250000	-0.444336
chr15	93250000	93500000	0.343707
chr15	93500000	93750000	-0.238673
chr15	93750000	94000000	-0.447429
chr15	94000000	94250000	-0.488856
chr15	94250000	94500000	-0.494425
chr15	94500000	94750000	0.0738994
chr15	94750000	95000000	-0.50169
chr15	95000000	95250000	-0.621981
chr15	95250000	95500000	-0.488452
chr15	95500000	95750000	-0.144753
chr15	95750000	96000000	0.0239569
chr15	96000000	96250000	-0.301693
chr15	96250000	96500000	0.651206
chr15	96500000	96750000	0.284212
chr15	96750000	97000000	0.216581
chr15	97000000	97250000	-0.420582
chr15	97250000	97500000	-0.547013
chr15	97500000	97750000	-0.0302166
chr15	97750000	98000000	0.557345
chr15	98000000	98250000	0.38213
chr15	98250000	98500000	-0.110708
chr15	98500000	98750000	0.819395
chr15	98750000	99000000	0.880738
chr15	99000000	99250000	0.451983
chr15	99250000	99500000	0.649141
chr15	99500000	99750000	0.418009
chr15	99750000	100000000	0.195098
chr15	100000000	100250000	0.551176
chr15	100250000	100500000	0.807878
chr15	100500000	100750000	0.655334
chr15	100750000	101000000	-0.309659
chr15	101000000	101250000	-0.526117
chr15	101250000	101500000	-0.101863
chr15	101500000	101750000	-0.522801
chr15	101750000	102000000	-0.304282
chr15	102000000	102250000	0.716153
chr15	102250000	102500000	1.06344
chr15	102500000	102750000	0.775993
chr15	102750000	103000000	0.160329
chr15	103000000	103250000	0.976031
chr15	103250000	103500000	0.711655
chr15	103500000	103750000	-0.332793
chr15	103750000	104000000	-0.283923
chr15	104000000	104043685	nan
#bedGraph section chr16:0-98207768
chr16	0	250000	nan
chr16	250000	500000	nan
chr16	500000	750000	nan
chr16	750000	1000000	nan
chr16	1000000	1250000	nan
chr16	1250000	1500000	nan
chr16	1500000	1750000	nan
chr16	1750000	2000000	nan
chr16	2000000	2250000	nan
chr16	2250000	2500000	nan
chr16	2500000	2750000	nan
chr16	2750000	3000000	nan
chr16	3000000	3250000	nan
chr16	3250000	3500000	0.0185464
chr16	3500000	3750000	0.177663
chr16	3750000	4000000	0.721132
chr16	4000000	4250000	0.914843
chr16	4250000	4500000	0.644368
chr16	4500000	4750000	1.09057
chr16	4750000	5000000	0.838883
chr16	5000000	5250000	0.919546
chr16	5250000	5500000	0.280377
chr16	5500000	5750000	0.0946609
chr16	5750000	6000000	-0.0941779
chr16	6000000	6250000	-0.145521
chr16	6250000	6500000	-0.0812316
chr16	6500000	6750000	-0.0338493
chr16	6750000	7000000	-0.15278
chr16	7000000	7250000	-0.210414
chr16	7250000	7500000	-0.178882
chr16	7500000	7750000	-0.166436
chr16	7750000	8000000	-0.133861
chr16	8000000	8250000	0.0523355
chr16	8250000	8500000	0.324005
chr16	8500000	8750000	0.843745
chr16	8750000	9000000	0.578643
chr16	9000000	9250000	0.215404
chr16	9250000	9500000	0.194711
chr16	9500000	9750000	0.135027
chr16	9750000	10000000	0.121639
chr16	10000000	10250000	0.168664
chr16	10250000	10500000	0.526489
chr16	10500000	10750000	0.656176
chr16	10750000	11000000	0.546863
chr16	11000000	11250000	0.836155
chr16	11250000	11500000	0.592448
chr16	11500000	11750000	0.280886
chr16	11750000	12000000	0.37099
chr16	12000000	12250000	0.151369
chr16	12250000	12500000	0.222045
chr16	12500000	12750000	0.156608
chr16	12750000	13000000	0.227377
chr16	13000000	13250000	0.388735
chr16	13250000	13500000	0.402879
chr16	13500000	13750000	0.649263
chr16	13750000	14000000	0.699973
chr16	14000000	14250000	0.540404
chr16	14250000	14500000	0.571457
chr16	14500000	14750000	0.188584
chr16	14750000	15000000	0.193121
chr16	15000000	15250000	0.139664
chr16	15250000	15500000	0.149816
chr16	15500000	15750000	0.634899
chr16	15750000	16000000	0.497488
chr16	16000000	16250000	0.481985
chr16	16250000	16500000	0.44832
chr16	16500000	16750000	0.181023
chr16	16750000	17000000	0.484255
chr16	17000000	17250000	0.816605
chr16	17250000	17500000	0.63475
chr16	17500000	17750000	0.681627
chr16	17750000	18000000	0.540597
chr16	18000000	18250000	0.463341
chr16	18250000	18500000	0.743967
chr16	18500000	18750000	0.291241
chr16	18750000	19000000	0.596561
chr16	19000000	19250000	0.0423425
chr16	19250000	19500000	-0.0116555
chr16	19500000	19750000	0.042369
chr16	19750000	20000000	0.157681
chr16	20000000	20250000	0.496225
chr16	20250000	20500000	0.513273
chr16	20500000	20750000	0.829555
chr16	20750000	21000000	0.281854
chr16	21000000	21250000	0.156756
chr16	21250000	21500000	0.320484
chr16	21500000	21750000	0.264699
chr16	21750000	22000000	0.401312
chr16	22000000	22250000	0.429688
chr16	22250000	22500000	0.419367
chr16	22500000	22750000	0.131207
chr16	22750000	23000000	0.378681
chr16	23000000	23250000	0.432407
chr16	23250000	23500000	0.169761
chr16	23500000	23750000	-0.112067
chr16	23750000	24000000	-0.270196
chr16	24000000	24250000	-0.304748
chr16	24250000	24500000	-0.321981
chr16	24500000	24750000	-0.291056
chr16	24750000	25000000	-0.31154
chr16	25000000	25250000	-0.324468
chr16	25250000	25500000	-0.22284
chr16	25500000	25750000	-0.166316
chr16	25750000	26000000	-0.282839
chr16	26000000	26250000	-0.25518
chr16	26250000	26500000	-0.229691
chr16	26500000	26750000	-0.0989861
chr16	26750000	27000000	-0.126879
chr16	27000000	27250000	-0.0178874
chr16	27250000	27500000	0.1732
chr16	27500000	27750000	0.0937679
chr16	27750000	28000000	0.00154144
chr16	28000000	28250000	0.153766
chr16	28250000	28500000	0.118897
chr16	28500000	28750000	0.0488163
chr16	28750000	29000000	0.0191407
chr16	29000000	29250000	0.0175989
chr16	29250000	29500000	0.165794
chr16	29500000	29750000	0.484472
chr16	29750000	30000000	0.541413
chr16	30000000	30250000	0.614506
chr16	30250000	30500000	0.607443
chr16	30500000	30750000	0.397757
chr16	30750000	31000000	0.187958
chr16	31000000	31250000	0.331115
chr16	31250000	31500000	0.254332
chr16	31500000	31750000	0.394488
chr16	31750000	32000000	0.464924
chr16	32000000	32250000	0.598016
chr16	32250000	32500000	0.475622
chr16	32500000	32750000	0.424831
chr16	32750000	33000000	0.395379
chr16	33000000	33250000	0.364907
chr16	33250000	33500000	0.340881
chr16	33500000	33750000	0.153046
chr16	33750000	34000000	0.470095
chr16	34000000	34250000	0.237253
chr16	34250000	34500000	0.0140883
chr16	34500000	34750000	0.159452
chr16	34750000	35000000	0.0770288
chr16	35000000	35250000	0.268802
chr16	35250000	35500000	0.132655
chr16	35500000	35750000	0.18067
chr16	35750000	36000000	0.551754
chr16	36000000	36250000	0.314143
chr16	36250000	36500000	0.00877435
chr16	36500000	36750000	0.128827
chr16	36750000	37000000	0.425427
chr16	37000000	37250000	0.170672
chr16	37250000	37500000	-0.0197168
chr16	37500000	37750000	0.358119
chr16	37750000	38000000	0.139572
chr16	38000000	38250000	0.248536
chr16	38250000	38500000	0.424274
chr16	38500000	38750000	0.229543
chr16	38750000	39000000	-0.197253
chr16	39000000	39250000	-0.357166
chr16	39250000	39500000	-0.448025
chr16	39500000	39750000	-0.454164
chr16	39750000	40000000	-0.37356
chr16	40000000	40250000	-0.336153
chr16	40250000	40500000	-0.384367
chr16	40500000	40750000	-0.330431
chr16	40750000	41000000	-0.336968
chr16	41000000	41250000	-0.340607
chr16	41250000	41500000	-0.321017
chr16	41500000	41750000	-0.395869
chr16	41750000	42000000	-0.371705
chr16	42000000	42250000	-0.308796
chr16	42250000	42500000	-0.359716
chr16	42500000	42750000	-0.352614
chr16	42750000	43000000	-0.051819
chr16	43000000	43250000	-0.35467
chr16	43250000	43500000	-0.264892
chr16	43500000	43750000	-0.101397
chr16	43750000	44000000	0.131911
chr16	44000000	44250000	0.347255
chr16	44250000	44500000	0.113424
chr16	44500000	44750000	0.12919
chr16	44750000	45000000	0.340569
chr16	45000000	45250000	0.176816
chr16	45250000	45500000	-0.226088
chr16	45500000	45750000	-0.0666599
chr16	45750000	46000000	-0.195374
chr16	46000000	46250000	-0.422481
chr16	46250000	46500000	-0.432441
chr16	46500000	46750000	-0.422456
chr16	46750000	47000000	-0.430299
chr16	47000000	47250000	-0.391922
chr16	47250000	47500000	-0.39984
chr16	47500000	47750000	-0.296095
chr16	47750000	48000000	-0.125912
chr16	48000000	48250000	-0.171655
chr16	48250000	48500000	-0.0545646
chr16	48500000	48750000	-0.151372
chr16	48750000	49000000	0.16186
chr16	49000000	49250000	-0.0770914
chr16	49250000	49500000	-0.0805889
chr16	49500000	49750000	0.117113
chr16	49750000	50000000	0.424966
chr16	50000000	50250000	0.117353
chr16	50250000	50500000	0.0981602
chr16	50500000	50750000	0.0365184
chr16	50750000	51000000	-0.215791
chr16	51000000	51250000	-0.155386
chr16	51250000	51500000	-0.313337
chr16	51500000	51750000	-0.365524
chr16	51750000	52000000	-0.25574
chr16	52000000	52250000	-0.00116038
chr16	52250000	52500000	-0.390986
chr16	52500000	52750000	-0.420816
chr16	52750000	53000000	-0.405326
chr16	53000000	53250000	-0.355056
chr16	53250000	53500000	-0.26098
chr16	53500000	53750000	-0.153431
chr16	53750000	54000000	0.022242
chr16	54000000	54250000	-0.116263
chr16	54250000	54500000	-0.241652
chr16	54500000	54750000	-0.290707
chr16	54750000	55000000	-0.325926
chr16	55000000	55250000	-0.332145
chr16	55250000	55500000	-0.231439
chr16	55500000	55750000	-0.0521811
chr16	55750000	56000000	0.456738
chr16	56000000	56250000	0.309986
chr16	56250000	56500000	-0.154637
chr16	56500000	56750000	0.0772535
chr16	56750000	57000000	-0.130635
chr16	57000000	57250000	0.275922
chr16	57250000	57500000	0.396121
chr16	57500000	57750000	-0.0186123
chr16	57750000	58000000	-0.171151
chr16	58000000	58250000	-0.121897
chr16	58250000	58500000	0.218557
chr16	58500000	58750000	0.428625
chr16	58750000	59000000	-0.101953
chr16	59000000	59250000	-0.0951804
chr16	59250000	59500000	0.118057
chr16	59500000	59750000	0.0321648
chr16	59750000	60000000	-0.156059
chr16	60000000	60250000	-0.128385
chr16	60250000	60500000	-0.0842985
chr16	60500000	60750000	-0.254862
chr16	60750000	61000000	-0.334537
chr16	61000000	61250000	-0.399171
chr16	61250000	61500000	-0.430012
chr16	61500000	61750000	-0.399979
chr16	61750000	62000000	-0.41857
chr16	62000000	62250000	-0.41633
chr16	62250000	62500000	-0.397369
chr16	62500000	62750000	-0.25823
chr16	62750000	63000000	0.0453089
chr16	63000000	63250000	-0.361578
chr16	63250000	63500000	-0.396014
chr16	63500000	63750000	-0.416498
chr16	63750000	64000000	-0.446596
chr16	64000000	64250000	-0.433537
chr16	64250000	64500000	-0.414286
chr16	64500000	64750000	-0.248247
chr16	64750000	65000000	0.224162
chr16	65000000	65250000	-0.281789
chr16	65250000	65500000	-0.14285
chr16	65500000	65750000	-0.163719
chr16	65750000	66000000	-0.404556
chr16	66000000	66250000	-0.407508
chr16	66250000	66500000	-0.462802
chr16	66500000	66750000	-0.400522
chr16	66750000	67000000	-0.42918
chr16	67000000	67250000	-0.389367
chr16	67250000	67500000	-0.399502
chr16	67500000	67750000	-0.384369
chr16	67750000	68000000	-0.381553
chr16	68000000	68250000	-0.149865
chr16	68250000	68500000	-0.27034
chr16	68500000	68750000	-0.349124
chr16	68750000	69000000	-0.346829
chr16	69000000	69250000	-0.306644
chr16	69250000	69500000	-0.34057
chr16	69500000	69750000	-0.347328
chr16	69750000	70000000	-0.411342
chr16	70000000	70250000	-0.38792
chr16	70250000	70500000	-0.095209
chr16	70500000	70750000	-0.349396
chr16	70750000	71000000	-0.417193
chr16	71000000	71250000	-0.368156
chr16	71250000	71500000	-0.439469
chr16	71500000	71750000	-0.404444
chr16	71750000	72000000	-0.381731
chr16	72000000	72250000	-0.412275
chr16	72250000	72500000	-0.394608
chr16	72500000	72750000	-0.509756
chr16	72750000	73000000	-0.473961
chr16	73000000	73250000	-0.465122
chr16	73250000	73500000	-0.330778
chr16	73500000	73750000	-0.20729
chr16	73750000	74000000	-0.0594707
chr16	74000000	74250000	-0.229692
chr16	74250000	74500000	-0.412438
chr16	74500000	74750000	-0.413639
chr16	74750000	75000000	-0.287687
chr16	75000000	75250000	-0.230035
chr16	75250000	75500000	0.0137166
chr16	75500000	75750000	-0.116046
chr16	75750000	76000000	0.427292
chr16	76000000	76250000	0.0673815
chr16	76250000	76500000	0.307489
chr16	76500000	76750000	-0.0921672
chr16	76750000	77000000	-0.151691
chr16	77000000	77250000	0.0627881
chr16	77250000	77500000	-0.393717
chr16	77500000	77750000	-0.505264
chr16	77750000	78000000	-0.48104
chr16	78000000	78250000	-0.471801
chr16	78250000	78500000	-0.132458
chr16	78500000	78750000	-0.511547
chr16	78750000	79000000	-0.424001
chr16	79000000	79250000	-0.404598
chr16	79250000	79500000	-0.375414
chr16	79500000	79750000	-0.28463
chr16	79750000	80000000	-0.256114
chr16	80000000	80250000	-0.345783
chr16	80250000	80500000	-0.379367
chr16	80500000	80750000	-0.406789
chr16	80750000	81000000	-0.421482
chr16	81000000	81250000	-0.367844
chr16	81250000	81500000	-0.186399
chr16	81500000	81750000	-0.200969
chr16	81750000	82000000	0.0357132
chr16	82000000	82250000	0.0134182
chr16	82250000	82500000	-0.137834
chr16	82500000	82750000	-0.336644
chr16	82750000	83000000	-0.39709
chr16	83000000	83250000	-0.508935
chr16	83250000	83500000	-0.520111
chr16	83500000	83750000	-0.507538
chr16	83750000	84000000	-0.526112
chr16	84000000	84250000	-0.539034
chr16	84250000	84500000	-0.514084
chr16	84500000	84750000	-0.340419
chr16	84750000	85000000	-0.162992
chr16	85000000	85250000	-0.562663
chr16	85250000	85500000	-0.227249
chr16	85500000	85750000	-0.38481
chr16	85750000	86000000	-0.100344
chr16	86000000	86250000	-0.118666
chr16	86250000	86500000	-0.229185
chr16	86500000	86750000	-0.350642
chr16	86750000	87000000	-0.405447
chr16	87000000	87250000	-0.379394
chr16	87250000	87500000	0.403013
chr16	87500000	87750000	-0.0862378
chr16	87750000	88000000	-0.455922
chr16	88000000	88250000	-0.641538
chr16	88250000	88500000	-0.617889
chr16	88500000	88750000	-0.67021
chr16	88750000	89000000	-0.678096
chr16	89000000	89250000	-0.665948
chr16	89250000	89500000	-0.72234
chr16	89500000	89750000	-0.701184
chr16	89750000	90000000	-0.466654
chr16	90000000	90250000	-0.128995
chr16	90250000	90500000	-0.188671
chr16	90500000	90750000	-0.292633
chr16	90750000	91000000	0.151228
chr16	91000000	91250000	0.16708
chr16	91250000	91500000	0.344142
chr16	91500000	91750000	1.05119
chr16	91750000	92000000	0.38808
chr16	92000000	92250000	0.0964637
chr16	92250000	92500000	0.31958
chr16	92500000	92750000	0.368484
chr16	92750000	93000000	0.317722
chr16	93000000	93250000	0.1437
chr16	93250000	93500000	-0.23555
chr16	93500000	93750000	0.129727
chr16	93750000	94000000	0.608805
chr16	94000000	94250000	0.0984408
chr16	94250000	94500000	0.468019
chr16	94500000	94750000	0.478465
chr16	94750000	95000000	-0.151517
chr16	95000000	95250000	-0.175044
chr16	95250000	95500000	0.216587
chr16	95500000	95750000	0.224959
chr16	95750000	96000000	0.333573
chr16	96000000	96250000	0.510197
chr16	96250000	96500000	-0.220407
chr16	96500000	96750000	-0.464844
chr16	96750000	97000000	-0.528648
chr16	97000000	97250000	-0.638188
chr16	97250000	97500000	-0.371681
chr16	97500000	97750000	-0.323088
chr16	97750000	98000000	0.294406
chr16	98000000	98207768	nan
#bedGraph section chr17:0-94987271
chr17	0	250000	nan
chr17	250000	500000	nan
chr17	500000	750000	nan
chr17	750000	1000000	nan
chr17	1000000	1250000	nan
chr17	1250000	1500000	nan
chr17	1500000	1750000	nan
chr17	1750000	2000000	nan
chr17	2000000	2250000	nan
chr17	2250000	2500000	nan
chr17	2500000	2750000	nan
chr17	2750000	3000000	nan
chr17	3000000	3250000	0.566434
chr17	3250000	3500000	-0.0607379
chr17	3500000	3750000	-0.116019
chr17	3750000	4000000	-0.365133
chr17	4000000	4250000	-0.461127
chr17	4250000	4500000	-0.455263
chr17	4500000	4750000	-0.267969
chr17	4750000	5000000	0.10539
chr17	5000000	5250000	0.311251
chr17	5250000	5500000	0.26931
chr17	5500000	5750000	0.111954
chr17	5750000	6000000	0.648721
chr17	6000000	6250000	0.367198
chr17	6250000	6500000	nan
chr17	6500000	6750000	nan
chr17	6750000	7000000	0.808828
chr17	7000000	7250000	0.0178322
chr17	7250000	7500000	nan
chr17	7500000	7750000	-0.331743
chr17	7750000	8000000	-0.00200629
chr17	8000000	8250000	nan
chr17	8250000	8500000	0.26036
chr17	8500000	8750000	-0.280391
chr17	8750000	9000000	-0.429215
chr17	9000000	9250000	-0.418164
chr17	9250000	9500000	-0.324144
chr17	9500000	9750000	-0.426368
chr17	9750000	10000000	-0.290258
chr17	10000000	10250000	-0.107653
chr17	10250000	10500000	0.109062
chr17	10500000	10750000	-0.208565
chr17	10750000	11000000	-0.0416075
chr17	11000000	11250000	-0.207511
chr17	11250000	11500000	-0.216888
chr17	11500000	11750000	-0.143396
chr17	11750000	12000000	-0.0128362
chr17	12000000	12250000	0.386629
chr17	12250000	12500000	0.236919
chr17	12500000	12750000	0.250477
chr17	12750000	13000000	0.613583
chr17	13000000	13250000	nan
chr17	13250000	13500000	nan
chr17	13500000	13750000	-0.733174
chr17	13750000	14000000	-0.296385
chr17	14000000	14250000	-0.0241815
chr17	14250000	14500000	-0.194156
chr17	14500000	14750000	-0.0852075
chr17	14750000	15000000	0.219832
chr17	15000000	15250000	0.0322943
chr17	15250000	15500000	0.261491
chr17	15500000	15750000	0.478625
chr17	15750000	16000000	-0.0294231
chr17	16000000	16250000	-0.192977
chr17	16250000	16500000	-0.248415
chr17	16500000	16750000	-0.095084
chr17	16750000	17000000	0.187944
chr17	17000000	17250000	0.273642
chr17	17250000	17500000	0.339616
chr17	17500000	17750000	0.369654
chr17	17750000	18000000	0.102368
chr17	18000000	18250000	-0.0392449
chr17	18250000	18500000	0.143569
chr17	18500000	18750000	0.307612
chr17	18750000	19000000	0.276921
chr17	19000000	19250000	0.176969
chr17	19250000	19500000	0.277686
chr17	19500000	19750000	0.214032
chr17	19750000	20000000	0.049624
chr17	20000000	20250000	0.0788705
chr17	20250000	20500000	-0.0267945
chr17	20500000	20750000	-0.032991
chr17	20750000	21000000	0.211072
chr17	21000000	21250000	0.154236
chr17	21250000	21500000	0.252587
chr17	21500000	21750000	0.589618
chr17	21750000	22000000	0.0877362
chr17	22000000	22250000	-0.0599424
chr17	22250000	22500000	0.310231
chr17	22500000	22750000	-0.0460332
chr17	22750000	23000000	0.170836
chr17	23000000	23250000	nan
chr17	23250000	23500000	0.0752326
chr17	23500000	23750000	0.663542
chr17	23750000	24000000	0.498107
chr17	24000000	24250000	0.719554
chr17	24250000	24500000	0.669849
chr17	24500000	24750000	0.728454
chr17	24750000	25000000	0.616939
chr17	25000000	25250000	0.614444
chr17	25250000	25500000	0.242136
chr17	25500000	25750000	0.188418
chr17	25750000	26000000	0.670358
chr17	26000000	26250000	0.536153
chr17	26250000	26500000	0.263173
chr17	26500000	26750000	0.65584
chr17	26750000	27000000	0.583204
chr17	27000000	27250000	0.374886
chr17	27250000	27500000	-0.302351
chr17	27500000	27750000	0.453648
chr17	27750000	28000000	0.579517
chr17	28000000	28250000	0.446325
chr17	28250000	28500000	0.565629
chr17	28500000	28750000	0.51254
chr17	28750000	29000000	0.481326
chr17	29000000	29250000	0.653261
chr17	29250000	29500000	0.733231
chr17	29500000	29750000	0.48754
chr17	29750000	30000000	0.0208391
chr17	30000000	30250000	0.0678617
chr17	30250000	30500000	-0.179007
chr17	30500000	30750000	0.037218
chr17	30750000	31000000	-0.44336
chr17	31000000	31250000	-0.55876
chr17	31250000	31500000	-0.243116
chr17	31500000	31750000	0.361077
chr17	31750000	32000000	0.172584
chr17	32000000	32250000	0.568093
chr17	32250000	32500000	0.522663
chr17	32500000	32750000	0.0737139
chr17	32750000	33000000	0.392052
chr17	33000000	33250000	0.299889
chr17	33250000	33500000	0.416782
chr17	33500000	33750000	0.540046
chr17	33750000	34000000	0.878318
chr17	34000000	34250000	0.575375
chr17	34250000	34500000	0.0140008
chr17	34500000	34750000	0.398691
chr17	34750000	35000000	0.600813
chr17	35000000	35250000	0.838859
chr17	35250000	35500000	-0.00665776
chr17	35500000	35750000	0.177451
chr17	35750000	36000000	0.756759
chr17	36000000	36250000	-0.0109017
chr17	36250000	36500000	-0.315096
chr17	36500000	36750000	-0.592268
chr17	36750000	37000000	0.070045
chr17	37000000	37250000	-0.278822
chr17	37250000	37500000	-0.604538
chr17	37500000	37750000	-0.55412
chr17	37750000	38000000	-0.477921
chr17	38000000	38250000	-0.45577
chr17	38250000	38500000	-0.498111
chr17	38500000	38750000	-0.513098
chr17	38750000	39000000	-0.387533
chr17	39000000	39250000	-0.550638
chr17	39250000	39500000	-0.33182
chr17	39500000	39750000	-0.355314
chr17	39750000	40000000	0.410738
chr17	40000000	40250000	nan
chr17	40250000	40500000	-0.393981
chr17	40500000	40750000	-0.250423
chr17	40750000	41000000	0.120801
chr17	41000000	41250000	-0.430293
chr17	41250000	41500000	-0.497055
chr17	41500000	41750000	-0.416789
chr17	41750000	42000000	-0.398675
chr17	42000000	42250000	-0.462671
chr17	42250000	42500000	-0.395519
chr17	42500000	42750000	-0.514658
chr17	42750000	43000000	-0.323205
chr17	43000000	43250000	-0.482242
chr17	43250000	43500000	-0.508825
chr17	43500000	43750000	-0.463182
chr17	43750000	44000000	-0.455886
chr17	44000000	44250000	-0.434045
chr17	44250000	44500000	-0.482065
chr17	44500000	44750000	-0.454816
chr17	44750000	45000000	-0.0407282
chr17	45000000	45250000	-0.278503
chr17	45250000	45500000	0.0254578
chr17	45500000	45750000	0.649451
chr17	45750000	46000000	0.059599
chr17	46000000	46250000	0.560891
chr17	46250000	46500000	0.23994
chr17	46500000	46750000	0.407603
chr17	46750000	47000000	0.401331
chr17	47000000	47250000	0.0261214
chr17	47250000	47500000	0.0202296
chr17	47500000	47750000	0.456233
chr17	47750000	48000000	-0.216787
chr17	48000000	48250000	-0.336606
chr17	48250000	48500000	0.181989
chr17	48500000	48750000	-0.508373
chr17	48750000	49000000	-0.58417
chr17	49000000	49250000	-0.586384
chr17	49250000	49500000	-0.309916
chr17	49500000	49750000	-0.513565
chr17	49750000	50000000	-0.543587
chr17	50000000	50250000	-0.527579
chr17	50250000	50500000	-0.532404
chr17	50500000	50750000	-0.472379
chr17	50750000	51000000	-0.153752
chr17	51000000	51250000	-0.0883625
chr17	51250000	51500000	-0.392817
chr17	51500000	51750000	-0.488735
chr17	51750000	52000000	-0.448423
chr17	52000000	52250000	-0.076169
chr17	52250000	52500000	-0.374355
chr17	52500000	52750000	-0.449745
chr17	52750000	53000000	-0.449975
chr17	53000000	53250000	-0.414616
chr17	53250000	53500000	-0.170854
chr17	53500000	53750000	0.178298
chr17	53750000	54000000	-0.333828
chr17	54000000	54250000	-0.399374
chr17	54250000	54500000	-0.332958
chr17	54500000	54750000	-0.403451
chr17	54750000	55000000	-0.369087
chr17	55000000	55250000	-0.340293
chr17	55250000	55500000	-0.296649
chr17	55500000	55750000	-0.0285081
chr17	55750000	56000000	0.182712
chr17	56000000	56250000	0.527881
chr17	56250000	56500000	0.425525
chr17	56500000	56750000	0.454527
chr17	56750000	57000000	0.240991
chr17	57000000	57250000	0.265518
chr17	57250000	57500000	-0.0839025
chr17	57500000	57750000	-0.44136
chr17	57750000	58000000	-0.421752
chr17	58000000	58250000	-0.498548
chr17	58250000	58500000	-0.428531
chr17	58500000	58750000	-0.400489
chr17	58750000	59000000	-0.190719
chr17	59000000	59250000	-0.280437
chr17	59250000	59500000	-0.217271
chr17	59500000	59750000	-0.273782
chr17	59750000	60000000	-0.272229
chr17	60000000	60250000	-0.273682
chr17	60250000	60500000	-0.229271
chr17	60500000	60750000	-0.236609
chr17	60750000	61000000	-0.243697
chr17	61000000	61250000	-0.192821
chr17	61250000	61500000	-0.188664
chr17	61500000	61750000	-0.207238
chr17	61750000	62000000	-0.190898
chr17	62000000	62250000	-0.23174
chr17	62250000	62500000	-0.247742
chr17	62500000	62750000	-0.349413
chr17	62750000	63000000	-0.373886
chr17	63000000	63250000	-0.170319
chr17	63250000	63500000	0.0437816
chr17	63500000	63750000	-0.295067
chr17	63750000	64000000	0.0294805
chr17	64000000	64250000	-0.267938
chr17	64250000	64500000	-0.0851575
chr17	64500000	64750000	-0.437894
chr17	64750000	65000000	-0.468957
chr17	65000000	65250000	-0.421576
chr17	65250000	65500000	-0.380562
chr17	65500000	65750000	0.021853
chr17	65750000	66000000	0.362904
chr17	66000000	66250000	0.236052
chr17	66250000	66500000	-0.455515
chr17	66500000	66750000	-0.427733
chr17	66750000	67000000	-0.508752
chr17	67000000	67250000	-0.452982
chr17	67250000	67500000	-0.481756
chr17	67500000	67750000	-0.529063
chr17	67750000	68000000	-0.514581
chr17	68000000	68250000	-0.489916
chr17	68250000	68500000	-0.480108
chr17	68500000	68750000	-0.486996
chr17	68750000	69000000	-0.483927
chr17	69000000	69250000	-0.462158
chr17	69250000	69500000	-0.0791084
chr17	69500000	69750000	-0.263553
chr17	69750000	70000000	-0.393941
chr17	70000000	70250000	-0.452058
chr17	70250000	70500000	-0.434997
chr17	70500000	70750000	-0.378357
chr17	70750000	71000000	0.0747509
chr17	71000000	71250000	0.48891
chr17	71250000	71500000	0.61473
chr17	71500000	71750000	0.322513
chr17	71750000	72000000	-0.460987
chr17	72000000	72250000	-0.489367
chr17	72250000	72500000	-0.486656
chr17	72500000	72750000	-0.518052
chr17	72750000	73000000	-0.245027
chr17	73000000	73250000	-0.043098
chr17	73250000	73500000	-0.417994
chr17	73500000	73750000	-0.55648
chr17	73750000	74000000	-0.468988
chr17	74000000	74250000	-0.169631
chr17	74250000	74500000	0.557289
chr17	74500000	74750000	0.444517
chr17	74750000	75000000	0.0517922
chr17	75000000	75250000	-0.272835
chr17	75250000	75500000	-0.470494
chr17	75500000	75750000	-0.22403
chr17	75750000	76000000	-0.406607
chr17	76000000	76250000	-0.513991
chr17	76250000	76500000	-0.481213
chr17	76500000	76750000	-0.525831
chr17	76750000	77000000	-0.503632
chr17	77000000	77250000	-0.433115
chr17	77250000	77500000	-0.535131
chr17	77500000	77750000	-0.449673
chr17	77750000	78000000	-0.565349
chr17	78000000	78250000	-0.281127
chr17	78250000	78500000	0.0127025
chr17	78500000	78750000	-0.0831177
chr17	78750000	79000000	0.305967
chr17	79000000	79250000	-0.358547
chr17	79250000	79500000	-0.528085
chr17	79500000	79750000	-0.289797
chr17	79750000	80000000	0.239844
chr17	80000000	80250000	0.353857
chr17	80250000	80500000	0.204175
chr17	80500000	80750000	-0.113935
chr17	80750000	81000000	-0.448728
chr17	81000000	81250000	-0.327689
chr17	81250000	81500000	-0.539164
chr17	81500000	81750000	-0.655912
chr17	81750000	82000000	-0.534968
chr17	82000000	82250000	-0.554838
chr17	82250000	82500000	-0.340889
chr17	82500000	82750000	-0.525708
chr17	82750000	83000000	-0.639784
chr17	83000000	83250000	-0.634884
chr17	83250000	83500000	-0.233061
chr17	83500000	83750000	0.0896503
chr17	83750000	84000000	0.367782
chr17	84000000	84250000	0.363402
chr17	84250000	84500000	0.136287
chr17	84500000	84750000	-0.259919
chr17	84750000	85000000	0.263213
chr17	85000000	85250000	-0.115668
chr17	85250000	85500000	-0.570113
chr17	85500000	85750000	-0.573608
chr17	85750000	86000000	-0.44386
chr17	86000000	86250000	-0.0244655
chr17	86250000	86500000	-0.385375
chr17	86500000	86750000	-0.65789
chr17	86750000	87000000	-0.442664
chr17	87000000	87250000	0.287466
chr17	87250000	87500000	0.193551
chr17	87500000	87750000	0.0767632
chr17	87750000	88000000	-0.0803662
chr17	88000000	88250000	0.11787
chr17	88250000	88500000	0.0100545
chr17	88500000	88750000	-0.186148
chr17	88750000	89000000	nan
chr17	89000000	89250000	nan
chr17	89250000	89500000	nan
chr17	89500000	89750000	nan
chr17	89750000	90000000	nan
chr17	90000000	90250000	nan
chr17	90250000	90500000	nan
chr17	90500000	90750000	nan
chr17	90750000	91000000	nan
chr17	91000000	91250000	nan
chr17	91250000	91500000	nan
chr17	91500000	91750000	nan
chr17	91750000	92000000	nan
chr17	92000000	92250000	nan
chr17	92250000	92500000	nan
chr17	92500000	92750000	nan
chr17	92750000	93000000	nan
chr17	93000000	93250000	nan
chr17	93250000	93500000	nan
chr17	93500000	93750000	nan
chr17	93750000	94000000	nan
chr17	94000000	94250000	nan
chr17	94250000	94500000	nan
chr17	94500000	94750000	nan
chr17	94750000	94987271	nan
#bedGraph section chr18:0-90702639
chr18	0	250000	nan
chr18	250000	500000	nan
chr18	500000	750000	nan
chr18	750000	1000000	nan
chr18	1000000	1250000	nan
chr18	1250000	1500000	nan
chr18	1500000	1750000	nan
chr18	1750000	2000000	nan
chr18	2000000	2250000	nan
chr18	2250000	2500000	nan
chr18	2500000	2750000	nan
chr18	2750000	3000000	nan
chr18	3000000	3250000	0.682799
chr18	3250000	3500000	0.224689
chr18	3500000	3750000	-0.00914839
chr18	3750000	4000000	-0.115374
chr18	4000000	4250000	-0.0416452
chr18	4250000	4500000	0.11273
chr18	4500000	4750000	0.0640764
chr18	4750000	5000000	0.165993
chr18	5000000	5250000	0.254809
chr18	5250000	5500000	0.272158
chr18	5500000	5750000	0.291814
chr18	5750000	6000000	0.220255
chr18	6000000	6250000	0.43692
chr18	6250000	6500000	0.346745
chr18	6500000	6750000	0.276241
chr18	6750000	7000000	0.36168
chr18	7000000	7250000	-0.0538699
chr18	7250000	7500000	0.0298536
chr18	7500000	7750000	0.0819741
chr18	7750000	8000000	0.323277
chr18	8000000	8250000	0.0210688
chr18	8250000	8500000	-0.17294
chr18	8500000	8750000	-0.0232269
chr18	8750000	9000000	-0.0727729
chr18	9000000	9250000	-0.0405103
chr18	9250000	9500000	0.182437
chr18	9500000	9750000	0.0248837
chr18	9750000	10000000	0.23525
chr18	10000000	10250000	0.49572
chr18	10250000	10500000	0.157022
chr18	10500000	10750000	0.465646
chr18	10750000	11000000	0.110201
chr18	11000000	11250000	0.229742
chr18	11250000	11500000	0.0820291
chr18	11500000	11750000	0.303052
chr18	11750000	12000000	0.159593
chr18	12000000	12250000	0.453785
chr18	12250000	12500000	0.133539
chr18	12500000	12750000	0.0940699
chr18	12750000	13000000	0.3327
chr18	13000000	13250000	0.145945
chr18	13250000	13500000	-0.0102894
chr18	13500000	13750000	-0.00754905
chr18	13750000	14000000	0.177433
chr18	14000000	14250000	0.0322202
chr18	14250000	14500000	0.0410807
chr18	14500000	14750000	0.13593
chr18	14750000	15000000	0.212316
chr18	15000000	15250000	-0.0465055
chr18	15250000	15500000	-0.216956
chr18	15500000	15750000	-0.155844
chr18	15750000	16000000	-0.259939
chr18	16000000	16250000	-0.197049
chr18	16250000	16500000	-0.0806394
chr18	16500000	16750000	0.0507209
chr18	16750000	17000000	-0.0384213
chr18	17000000	17250000	0.0352881
chr18	17250000	17500000	-0.0420964
chr18	17500000	17750000	-0.150531
chr18	17750000	18000000	-0.118164
chr18	18000000	18250000	0.028724
chr18	18250000	18500000	-0.221776
chr18	18500000	18750000	0.0290864
chr18	18750000	19000000	0.0386148
chr18	19000000	19250000	-0.0308945
chr18	19250000	19500000	-0.0646725
chr18	19500000	19750000	-0.0139202
chr18	19750000	20000000	-0.0863109
chr18	20000000	20250000	0.0383486
chr18	20250000	20500000	0.0259415
chr18	20500000	20750000	0.0839955
chr18	20750000	21000000	0.26051
chr18	21000000	21250000	0.231663
chr18	21250000	21500000	0.149969
chr18	21500000	21750000	-0.0269776
chr18	21750000	22000000	-0.115481
chr18	22000000	22250000	-0.0101351
chr18	22250000	22500000	-0.140522
chr18	22500000	22750000	-0.0323687
chr18	22750000	23000000	-0.0763768
chr18	23000000	23250000	-0.0595413
chr18	23250000	23500000	-0.0518096
chr18	23500000	23750000	0.0333915
chr18	23750000	24000000	0.183482
chr18	24000000	24250000	0.231079
chr18	24250000	24500000	0.133165
chr18	24500000	24750000	0.124095
chr18	24750000	25000000	-0.0618269
chr18	25000000	25250000	-0.0178153
chr18	25250000	25500000	-0.085369
chr18	25500000	25750000	-0.19497
chr18	25750000	26000000	-0.230855
chr18	26000000	26250000	-0.276693
chr18	26250000	26500000	-0.285787
chr18	26500000	26750000	-0.21583
chr18	26750000	27000000	-0.344347
chr18	27000000	27250000	-0.332178
chr18	27250000	27500000	-0.1174
chr18	27500000	27750000	-0.376623
chr18	27750000	28000000	-0.291274
chr18	28000000	28250000	-0.284406
chr18	28250000	28500000	-0.314887
chr18	28500000	28750000	-0.268143
chr18	28750000	29000000	-0.167118
chr18	29000000	29250000	-0.16408
chr18	29250000	29500000	-0.101022
chr18	29500000	29750000	-0.0178037
chr18	29750000	30000000	-0.00636943
chr18	30000000	30250000	-0.0862432
chr18	30250000	30500000	0.172111
chr18	30500000	30750000	-0.124394
chr18	30750000	31000000	-0.0370358
chr18	31000000	31250000	-0.0599439
chr18	31250000	31500000	0.0627291
chr18	31500000	31750000	0.274285
chr18	31750000	32000000	0.307934
chr18	32000000	32250000	0.263938
chr18	32250000	32500000	0.0572444
chr18	32500000	32750000	0.268643
chr18	32750000	33000000	0.177835
chr18	33000000	33250000	0.22123
chr18	33250000	33500000	0.0744004
chr18	33500000	33750000	0.0722213
chr18	33750000	34000000	0.203233
chr18	34000000	34250000	0.288638
chr18	34250000	34500000	0.434085
chr18	34500000	34750000	0.407956
chr18	34750000	35000000	0.477006
chr18	35000000	35250000	0.119565
chr18	35250000	35500000	0.0358876
chr18	35500000	35750000	0.304376
chr18	35750000	36000000	0.199334
chr18	36000000	36250000	0.0545768
chr18	36250000	36500000	0.191093
chr18	36500000	36750000	0.265134
chr18	36750000	37000000	-0.393618
chr18	37000000	37250000	-0.761704
chr18	37250000	37500000	-0.595695
chr18	37500000	37750000	-0.332272
chr18	37750000	38000000	-0.0296233
chr18	38000000	38250000	-0.0255123
chr18	38250000	38500000	0.0439889
chr18	38500000	38750000	-0.0822813
chr18	38750000	39000000	-0.229212
chr18	39000000	39250000	-0.252478
chr18	39250000	39500000	-0.0471449
chr18	39500000	39750000	-0.192858
chr18	39750000	40000000	-0.209954
chr18	40000000	40250000	-0.171028
chr18	40250000	40500000	0.272749
chr18	40500000	40750000	-0.371644
chr18	40750000	41000000	-0.386934
chr18	41000000	41250000	-0.265038
chr18	41250000	41500000	-0.172735
chr18	41500000	41750000	-0.291002
chr18	41750000	42000000	-0.124687
chr18	42000000	42250000	-0.0945928
chr18	42250000	42500000	0.00773167
chr18	42500000	42750000	-0.127354
chr18	42750000	43000000	-0.451962
chr18	43000000	43250000	-0.48798
chr18	43250000	43500000	-0.556034
chr18	43500000	43750000	-0.56575
chr18	43750000	44000000	-0.326764
chr18	44000000	44250000	-0.212057
chr18	44250000	44500000	-0.211346
chr18	44500000	44750000	-0.0870521
chr18	44750000	45000000	-0.183352
chr18	45000000	45250000	-0.367927
chr18	45250000	45500000	0.197438
chr18	45500000	45750000	-0.226042
chr18	45750000	46000000	-0.174216
chr18	46000000	46250000	-0.148151
chr18	46250000	46500000	-0.0471117
chr18	46500000	46750000	-0.00281117
chr18	46750000	47000000	-0.203704
chr18	47000000	47250000	-0.469474
chr18	47250000	47500000	-0.634354
chr18	47500000	47750000	-0.614851
chr18	47750000	48000000	-0.593115
chr18	48000000	48250000	-0.581205
chr18	48250000	48500000	-0.588858
chr18	48500000	48750000	-0.544568
chr18	48750000	49000000	-0.487281
chr18	49000000	49250000	-0.514856
chr18	49250000	49500000	-0.398098
chr18	49500000	49750000	-0.240968
chr18	49750000	50000000	-0.037504
chr18	50000000	50250000	-0.163679
chr18	50250000	50500000	-0.376007
chr18	50500000	50750000	-0.406836
chr18	50750000	51000000	-0.49278
chr18	51000000	51250000	-0.501919
chr18	51250000	51500000	-0.560306
chr18	51500000	51750000	-0.459456
chr18	51750000	52000000	-0.585824
chr18	52000000	52250000	-0.402382
chr18	52250000	52500000	-0.329412
chr18	52500000	52750000	-0.358858
chr18	52750000	53000000	-0.378839
chr18	53000000	53250000	-0.192579
chr18	53250000	53500000	-0.353404
chr18	53500000	53750000	-0.201814
chr18	53750000	54000000	-0.185103
chr18	54000000	54250000	-0.239314
chr18	54250000	54500000	-0.184992
chr18	54500000	54750000	-0.128894
chr18	54750000	55000000	0.0305883
chr18	55000000	55250000	-0.197119
chr18	55250000	55500000	-0.274354
chr18	55500000	55750000	-0.138727
chr18	55750000	56000000	-0.300587
chr18	56000000	56250000	-0.379741
chr18	56250000	56500000	-0.25459
chr18	56500000	56750000	0.00424548
chr18	56750000	57000000	0.133582
chr18	57000000	57250000	-0.237135
chr18	57250000	57500000	-0.209476
chr18	57500000	57750000	-0.452749
chr18	57750000	58000000	-0.519957
chr18	58000000	58250000	-0.564012
chr18	58250000	58500000	-0.513061
chr18	58500000	58750000	-0.333274
chr18	58750000	59000000	-0.502833
chr18	59000000	59250000	-0.488902
chr18	59250000	59500000	-0.483583
chr18	59500000	59750000	-0.459958
chr18	59750000	60000000	-0.485161
chr18	60000000	60250000	-0.309647
chr18	60250000	60500000	-0.0980469
chr18	60500000	60750000	0.0913298
chr18	60750000	61000000	0.0828662
chr18	61000000	61250000	0.0669831
chr18	61250000	61500000	0.0159644
chr18	61500000	61750000	0.137958
chr18	61750000	62000000	-0.124808
chr18	62000000	62250000	-0.0183695
chr18	62250000	62500000	-0.16464
chr18	62500000	62750000	-0.0797535
chr18	62750000	63000000	-0.0291799
chr18	63000000	63250000	-0.0734291
chr18	63250000	63500000	-0.138554
chr18	63500000	63750000	0.0384062
chr18	63750000	64000000	-0.0670653
chr18	64000000	64250000	-0.164797
chr18	64250000	64500000	0.0148869
chr18	64500000	64750000	0.165771
chr18	64750000	65000000	-0.0782749
chr18	65000000	65250000	-0.0803762
chr18	65250000	65500000	-0.0353694
chr18	65500000	65750000	0.0110646
chr18	65750000	66000000	0.0437305
chr18	66000000	66250000	0.0163219
chr18	66250000	66500000	-0.199138
chr18	66500000	66750000	-0.07581
chr18	66750000	67000000	-0.0724183
chr18	67000000	67250000	0.0489371
chr18	67250000	67500000	0.224908
chr18	67500000	67750000	0.330981
chr18	67750000	68000000	0.207527
chr18	68000000	68250000	-0.0424663
chr18	68250000	68500000	0.177051
chr18	68500000	68750000	-0.128446
chr18	68750000	69000000	-0.197936
chr18	69000000	69250000	-0.153668
chr18	69250000	69500000	-0.0797074
chr18	69500000	69750000	0.0591884
chr18	69750000	70000000	0.0615116
chr18	70000000	70250000	0.0318855
chr18	70250000	70500000	-0.0410373
chr18	70500000	70750000	0.179163
chr18	70750000	71000000	-0.203664
chr18	71000000	71250000	-0.217764
chr18	71250000	71500000	-0.367235
chr18	71500000	71750000	-0.448033
chr18	71750000	72000000	-0.367445
chr18	72000000	72250000	-0.359972
chr18	72250000	72500000	-0.412899
chr18	72500000	72750000	-0.466805
chr18	72750000	73000000	-0.383755
chr18	73000000	73250000	-0.466823
chr18	73250000	73500000	-0.318376
chr18	73500000	73750000	-0.0239377
chr18	73750000	74000000	-0.0681732
chr18	74000000	74250000	-0.0502343
chr18	74250000	74500000	-0.0671594
chr18	74500000	74750000	-0.266273
chr18	74750000	75000000	-0.124939
chr18	75000000	75250000	0.0831535
chr18	75250000	75500000	0.101125
chr18	75500000	75750000	-0.118702
chr18	75750000	76000000	-0.47496
chr18	76000000	76250000	-0.3661
chr18	76250000	76500000	-0.34659
chr18	76500000	76750000	-0.521371
chr18	76750000	77000000	-0.233096
chr18	77000000	77250000	-0.100196
chr18	77250000	77500000	-0.40075
chr18	77500000	77750000	-0.166976
chr18	77750000	78000000	0.19535
chr18	78000000	78250000	-0.265409
chr18	78250000	78500000	-0.575411
chr18	78500000	78750000	-0.654292
chr18	78750000	79000000	-0.606933
chr18	79000000	79250000	-0.594175
chr18	79250000	79500000	-0.515724
chr18	79500000	79750000	-0.63358
chr18	79750000	80000000	-0.523421
chr18	80000000	80250000	-0.0592613
chr18	80250000	80500000	-0.0933732
chr18	80500000	80750000	-0.228023
chr18	80750000	81000000	-0.150752
chr18	81000000	81250000	-0.212518
chr18	81250000	81500000	-0.527307
chr18	81500000	81750000	-0.623846
chr18	81750000	82000000	-0.618467
chr18	82000000	82250000	-0.616447
chr18	82250000	82500000	-0.398707
chr18	82500000	82750000	-0.0358382
chr18	82750000	83000000	-0.602991
chr18	83000000	83250000	-0.741064
chr18	83250000	83500000	-0.782426
chr18	83500000	83750000	-0.712285
chr18	83750000	84000000	-0.593666
chr18	84000000	84250000	-0.365907
chr18	84250000	84500000	-0.254166
chr18	84500000	84750000	-0.230777
chr18	84750000	85000000	-0.303348
chr18	85000000	85250000	-0.684894
chr18	85250000	85500000	-0.756897
chr18	85500000	85750000	-0.535372
chr18	85750000	86000000	-0.669067
chr18	86000000	86250000	-0.606068
chr18	86250000	86500000	-0.688259
chr18	86500000	86750000	-0.769677
chr18	86750000	87000000	-0.815486
chr18	87000000	87250000	-0.803353
chr18	87250000	87500000	-0.815523
chr18	87500000	87750000	-0.77757
chr18	87750000	88000000	nan
chr18	88000000	88250000	-0.869475
chr18	88250000	88500000	-0.985784
chr18	88500000	88750000	-0.837749
chr18	88750000	89000000	-0.65117
chr18	89000000	89250000	-0.766751
chr18	89250000	89500000	-0.894086
chr18	89500000	89750000	-0.836266
chr18	89750000	90000000	-1.04174
chr18	90000000	90250000	-0.953593
chr18	90250000	90500000	-1.01975
chr18	90500000	90702639	nan
#bedGraph section chr19:0-61431566
chr19	0	250000	nan
chr19	250000	500000	nan
chr19	500000	750000	nan
chr19	750000	1000000	nan
chr19	1000000	1250000	nan
chr19	1250000	1500000	nan
chr19	1500000	1750000	nan
chr19	1750000	2000000	nan
chr19	2000000	2250000	nan
chr19	2250000	2500000	nan
chr19	2500000	2750000	nan
chr19	2750000	3000000	nan
chr19	3000000	3250000	nan
chr19	3250000	3500000	0.0919818
chr19	3500000	3750000	0.235316
chr19	3750000	4000000	0.437138
chr19	4000000	4250000	0.747511
chr19	4250000	4500000	0.550056
chr19	4500000	4750000	0.161548
chr19	4750000	5000000	0.589933
chr19	5000000	5250000	0.554383
chr19	5250000	5500000	0.85972
chr19	5500000	5750000	0.748703
chr19	5750000	6000000	0.890276
chr19	6000000	6250000	0.691669
chr19	6250000	6500000	0.543481
chr19	6500000	6750000	-0.0984546
chr19	6750000	7000000	0.913542
chr19	7000000	7250000	0.435124
chr19	7250000	7500000	0.543955
chr19	7500000	7750000	-0.26544
chr19	7750000	8000000	-0.381598
chr19	8000000	8250000	-0.310328
chr19	8250000	8500000	-0.315603
chr19	8500000	8750000	0.425864
chr19	8750000	9000000	0.967535
chr19	9000000	9250000	-0.0336021
chr19	9250000	9500000	-0.363285
chr19	9500000	9750000	nan
chr19	9750000	10000000	0.430691
chr19	10000000	10250000	0.460955
chr19	10250000	10500000	-0.33167
chr19	10500000	10750000	0.513319
chr19	10750000	11000000	-0.0941605
chr19	11000000	11250000	-0.459995
chr19	11250000	11500000	-0.319159
chr19	11500000	11750000	0.0343513
chr19	11750000	12000000	0.242989
chr19	12000000	12250000	-0.323995
chr19	12250000	12500000	-0.45018
chr19	12500000	12750000	-0.180159
chr19	12750000	13000000	-0.0207837
chr19	13000000	13250000	-0.321926
chr19	13250000	13500000	-0.293444
chr19	13500000	13750000	-0.416497
chr19	13750000	14000000	-0.410572
chr19	14000000	14250000	-0.400521
chr19	14250000	14500000	-0.395347
chr19	14500000	14750000	-0.14082
chr19	14750000	15000000	-0.383568
chr19	15000000	15250000	-0.413713
chr19	15250000	15500000	-0.307343
chr19	15500000	15750000	-0.414371
chr19	15750000	16000000	-0.00789627
chr19	16000000	16250000	-0.331966
chr19	16250000	16500000	-0.0439538
chr19	16500000	16750000	0.0530633
chr19	16750000	17000000	0.0486416
chr19	17000000	17250000	-0.243691
chr19	17250000	17500000	0.082395
chr19	17500000	17750000	-0.42744
chr19	17750000	18000000	-0.375994
chr19	18000000	18250000	-0.391207
chr19	18250000	18500000	-0.365177
chr19	18500000	18750000	0.283535
chr19	18750000	19000000	-0.397283
chr19	19000000	19250000	-0.166248
chr19	19250000	19500000	-0.374611
chr19	19500000	19750000	-0.36272
chr19	19750000	20000000	-0.371102
chr19	20000000	20250000	-0.333838
chr19	20250000	20500000	-0.242255
chr19	20500000	20750000	-0.196715
chr19	20750000	21000000	-0.329459
chr19	21000000	21250000	-0.241192
chr19	21250000	21500000	0.0500822
chr19	21500000	21750000	0.0861309
chr19	21750000	22000000	-0.0990329
chr19	22000000	22250000	-0.411776
chr19	22250000	22500000	-0.394561
chr19	22500000	22750000	-0.425223
chr19	22750000	23000000	-0.354089
chr19	23000000	23250000	0.148572
chr19	23250000	23500000	-0.217444
chr19	23500000	23750000	-0.189147
chr19	23750000	24000000	-0.425633
chr19	24000000	24250000	-0.404086
chr19	24250000	24500000	0.150846
chr19	24500000	24750000	0.000893355
chr19	24750000	25000000	-0.31161
chr19	25000000	25250000	-0.438347
chr19	25250000	25500000	-0.434104
chr19	25500000	25750000	-0.430277
chr19	25750000	26000000	-0.418785
chr19	26000000	26250000	-0.396123
chr19	26250000	26500000	-0.444669
chr19	26500000	26750000	-0.233088
chr19	26750000	27000000	-0.31889
chr19	27000000	27250000	-0.410658
chr19	27250000	27500000	-0.255998
chr19	27500000	27750000	-0.389765
chr19	27750000	28000000	-0.113525
chr19	28000000	28250000	-0.288599
chr19	28250000	28500000	-0.417693
chr19	28500000	28750000	-0.450518
chr19	28750000	29000000	-0.176001
chr19	29000000	29250000	0.289906
chr19	29250000	29500000	0.51903
chr19	29500000	29750000	0.0762348
chr19	29750000	30000000	-0.189092
chr19	30000000	30250000	-0.258692
chr19	30250000	30500000	-0.452411
chr19	30500000	30750000	-0.445903
chr19	30750000	31000000	-0.373035
chr19	31000000	31250000	-0.341411
chr19	31250000	31500000	-0.374584
chr19	31500000	31750000	-0.408405
chr19	31750000	32000000	-0.176515
chr19	32000000	32250000	0.0107551
chr19	32250000	32500000	0.327331
chr19	32500000	32750000	0.202115
chr19	32750000	33000000	0.0660983
chr19	33000000	33250000	-0.0899291
chr19	33250000	33500000	-0.393375
chr19	33500000	33750000	-0.341472
chr19	33750000	34000000	-0.459577
chr19	34000000	34250000	-0.435016
chr19	34250000	34500000	-0.449986
chr19	34500000	34750000	-0.29887
chr19	34750000	35000000	0.308233
chr19	35000000	35250000	0.20349
chr19	35250000	35500000	-0.0117203
chr19	35500000	35750000	-0.0662031
chr19	35750000	36000000	-0.130924
chr19	36000000	36250000	-0.170837
chr19	36250000	36500000	-0.22599
chr19	36500000	36750000	-0.302886
chr19	36750000	37000000	0.365462
chr19	37000000	37250000	0.133164
chr19	37250000	37500000	0.364988
chr19	37500000	37750000	0.322516
chr19	37750000	38000000	-0.348855
chr19	38000000	38250000	-0.148289
chr19	38250000	38500000	-0.081374
chr19	38500000	38750000	-0.435497
chr19	38750000	39000000	0.289451
chr19	39000000	39250000	-0.327599
chr19	39250000	39500000	-0.439661
chr19	39500000	39750000	-0.396834
chr19	39750000	40000000	-0.424401
chr19	40000000	40250000	-0.411658
chr19	40250000	40500000	-0.170531
chr19	40500000	40750000	0.119868
chr19	40750000	41000000	0.180995
chr19	41000000	41250000	-0.181713
chr19	41250000	41500000	0.202983
chr19	41500000	41750000	-0.0832662
chr19	41750000	42000000	0.704348
chr19	42000000	42250000	0.150327
chr19	42250000	42500000	-0.340027
chr19	42500000	42750000	-0.0614794
chr19	42750000	43000000	-0.108385
chr19	43000000	43250000	-0.327912
chr19	43250000	43500000	-0.069118
chr19	43500000	43750000	0.198121
chr19	43750000	44000000	-0.0661711
chr19	44000000	44250000	0.487009
chr19	44250000	44500000	0.425665
chr19	44500000	44750000	0.00262304
chr19	44750000	45000000	0.0734018
chr19	45000000	45250000	0.39187
chr19	45250000	45500000	0.158902
chr19	45500000	45750000	0.476607
chr19	45750000	46000000	0.279912
chr19	46000000	46250000	0.423867
chr19	46250000	46500000	0.463416
chr19	46500000	46750000	0.393187
chr19	46750000	47000000	0.53521
chr19	47000000	47250000	0.225776
chr19	47250000	47500000	-0.385255
chr19	47500000	47750000	0.248952
chr19	47750000	48000000	-0.17449
chr19	48000000	48250000	-0.351498
chr19	48250000	48500000	-0.34172
chr19	48500000	48750000	-0.341624
chr19	48750000	49000000	-0.321576
chr19	49000000	49250000	-0.35932
chr19	49250000	49500000	-0.314932
chr19	49500000	49750000	-0.355448
chr19	49750000	50000000	-0.339094
chr19	50000000	50250000	-0.40576
chr19	50250000	50500000	-0.37905
chr19	50500000	50750000	-0.382593
chr19	50750000	51000000	-0.331632
chr19	51000000	51250000	-0.35459
chr19	51250000	51500000	-0.415345
chr19	51500000	51750000	-0.403492
chr19	51750000	52000000	-0.460496
chr19	52000000	52250000	-0.492766
chr19	52250000	52500000	-0.364919
chr19	52500000	52750000	-0.574408
chr19	52750000	53000000	-0.503591
chr19	53000000	53250000	0.401349
chr19	53250000	53500000	0.253573
chr19	53500000	53750000	-0.0412546
chr19	53750000	54000000	0.503956
chr19	54000000	54250000	-0.0823721
chr19	54250000	54500000	-0.516521
chr19	54500000	54750000	-0.566721
chr19	54750000	55000000	-0.626921
chr19	55000000	55250000	-0.231457
chr19	55250000	55500000	0.0732571
chr19	55500000	55750000	-0.382543
chr19	55750000	56000000	-0.260624
chr19	56000000	56250000	-0.622396
chr19	56250000	56500000	-0.321114
chr19	56500000	56750000	-0.221421
chr19	56750000	57000000	-0.234641
chr19	57000000	57250000	-0.620657
chr19	57250000	57500000	-0.173336
chr19	57500000	57750000	-0.336423
chr19	57750000	58000000	-0.439316
chr19	58000000	58250000	-0.702084
chr19	58250000	58500000	-0.760464
chr19	58500000	58750000	-0.589541
chr19	58750000	59000000	-0.566226
chr19	59000000	59250000	-0.675617
chr19	59250000	59500000	-0.251151
chr19	59500000	59750000	-0.865184
chr19	59750000	60000000	-0.671483
chr19	60000000	60250000	-0.483569
chr19	60250000	60500000	-0.771394
chr19	60500000	60750000	-0.358347
chr19	60750000	61000000	0.247001
chr19	61000000	61250000	-0.237033
chr19	61250000	61431566	nan
#bedGraph section chr2:0-182113224
chr2	0	250000	nan
chr2	250000	500000	nan
chr2	500000	750000	nan
chr2	750000	1000000	nan
chr2	1000000	1250000	nan
chr2	1250000	1500000	nan
chr2	1500000	1750000	nan
chr2	1750000	2000000	nan
chr2	2000000	2250000	nan
chr2	2250000	2500000	nan
chr2	2500000	2750000	nan
chr2	2750000	3000000	nan
chr2	3000000	3250000	0.0306343
chr2	3250000	3500000	0.655014
chr2	3500000	3750000	0.80514
chr2	3750000	4000000	0.386146
chr2	4000000	4250000	0.302533
chr2	4250000	4500000	0.241471
chr2	4500000	4750000	0.618515
chr2	4750000	5000000	0.622867
chr2	5000000	5250000	0.622716
chr2	5250000	5500000	0.421657
chr2	5500000	5750000	0.621079
chr2	5750000	6000000	0.72803
chr2	6000000	6250000	0.446106
chr2	6250000	6500000	0.758494
chr2	6500000	6750000	0.197951
chr2	6750000	7000000	0.0014312
chr2	7000000	7250000	-0.130001
chr2	7250000	7500000	-0.232449
chr2	7500000	7750000	-0.230537
chr2	7750000	8000000	-0.26512
chr2	8000000	8250000	-0.212755
chr2	8250000	8500000	-0.192893
chr2	8500000	8750000	-0.0728183
chr2	8750000	9000000	-0.133483
chr2	9000000	9250000	-0.0971228
chr2	9250000	9500000	-0.119748
chr2	9500000	9750000	0.056258
chr2	9750000	10000000	0.412309
chr2	10000000	10250000	0.434482
chr2	10250000	10500000	0.489084
chr2	10500000	10750000	0.221457
chr2	10750000	11000000	0.0071052
chr2	11000000	11250000	0.206237
chr2	11250000	11500000	0.293761
chr2	11500000	11750000	0.403925
chr2	11750000	12000000	0.137855
chr2	12000000	12250000	0.105417
chr2	12250000	12500000	0.432387
chr2	12500000	12750000	0.055846
chr2	12750000	13000000	0.212403
chr2	13000000	13250000	0.276685
chr2	13250000	13500000	0.801584
chr2	13500000	13750000	0.477276
chr2	13750000	14000000	0.137957
chr2	14000000	14250000	0.418052
chr2	14250000	14500000	-0.0187141
chr2	14500000	14750000	0.069624
chr2	14750000	15000000	0.141943
chr2	15000000	15250000	0.510293
chr2	15250000	15500000	0.246996
chr2	15500000	15750000	0.29468
chr2	15750000	16000000	0.0824322
chr2	16000000	16250000	0.0694482
chr2	16250000	16500000	0.324814
chr2	16500000	16750000	0.377885
chr2	16750000	17000000	-0.00917687
chr2	17000000	17250000	0.0812746
chr2	17250000	17500000	0.172479
chr2	17500000	17750000	0.0556099
chr2	17750000	18000000	0.0784667
chr2	18000000	18250000	0.911634
chr2	18250000	18500000	0.32937
chr2	18500000	18750000	0.570094
chr2	18750000	19000000	0.714579
chr2	19000000	19250000	0.54302
chr2	19250000	19500000	0.14779
chr2	19500000	19750000	0.0970388
chr2	19750000	20000000	-0.0728989
chr2	20000000	20250000	-0.180248
chr2	20250000	20500000	-0.114
chr2	20500000	20750000	-0.00343063
chr2	20750000	21000000	0.331857
chr2	21000000	21250000	0.210789
chr2	21250000	21500000	-0.0365129
chr2	21500000	21750000	-0.0631267
chr2	21750000	22000000	0.117529
chr2	22000000	22250000	0.368181
chr2	22250000	22500000	0.131237
chr2	22500000	22750000	0.147755
chr2	22750000	23000000	0.747543
chr2	23000000	23250000	0.710324
chr2	23250000	23500000	0.0580287
chr2	23500000	23750000	0.139147
chr2	23750000	24000000	-0.180723
chr2	24000000	24250000	-0.0520367
chr2	24250000	24500000	0.0567634
chr2	24500000	24750000	0.172164
chr2	24750000	25000000	0.874129
chr2	25000000	25250000	0.95915
chr2	25250000	25500000	0.977135
chr2	25500000	25750000	0.941962
chr2	25750000	26000000	0.65388
chr2	26000000	26250000	0.818023
chr2	26250000	26500000	0.77271
chr2	26500000	26750000	0.65358
chr2	26750000	27000000	0.644751
chr2	27000000	27250000	0.547462
chr2	27250000	27500000	0.856739
chr2	27500000	27750000	0.606298
chr2	27750000	28000000	0.45591
chr2	28000000	28250000	0.74363
chr2	28250000	28500000	0.558637
chr2	28500000	28750000	0.950614
chr2	28750000	29000000	0.707384
chr2	29000000	29250000	0.706707
chr2	29250000	29500000	0.659908
chr2	29500000	29750000	0.865826
chr2	29750000	30000000	0.936696
chr2	30000000	30250000	1.07008
chr2	30250000	30500000	1.03978
chr2	30500000	30750000	0.95264
chr2	30750000	31000000	0.911527
chr2	31000000	31250000	1.04705
chr2	31250000	31500000	0.631322
chr2	31500000	31750000	0.956506
chr2	31750000	32000000	0.819828
chr2	32000000	32250000	1.00839
chr2	32250000	32500000	1.02586
chr2	32500000	32750000	1.0239
chr2	32750000	33000000	0.88457
chr2	33000000	33250000	0.670919
chr2	33250000	33500000	0.881132
chr2	33500000	33750000	0.450783
chr2	33750000	34000000	0.701909
chr2	34000000	34250000	0.353497
chr2	34250000	34500000	0.818681
chr2	34500000	34750000	0.797368
chr2	34750000	35000000	1.11004
chr2	35000000	35250000	0.897389
chr2	35250000	35500000	0.648368
chr2	35500000	35750000	0.362499
chr2	35750000	36000000	0.358664
chr2	36000000	36250000	0.403627
chr2	36250000	36500000	-0.0711542
chr2	36500000	36750000	-0.218387
chr2	36750000	37000000	-0.23128
chr2	37000000	37250000	-0.103459
chr2	37250000	37500000	0.579231
chr2	37500000	37750000	0.514141
chr2	37750000	38000000	0.34656
chr2	38000000	38250000	0.620818
chr2	38250000	38500000	0.480988
chr2	38500000	38750000	0.622738
chr2	38750000	39000000	0.473469
chr2	39000000	39250000	0.565804
chr2	39250000	39500000	-0.11507
chr2	39500000	39750000	-0.298259
chr2	39750000	40000000	-0.394335
chr2	40000000	40250000	-0.351315
chr2	40250000	40500000	-0.263428
chr2	40500000	40750000	-0.405044
chr2	40750000	41000000	-0.426591
chr2	41000000	41250000	-0.274535
chr2	41250000	41500000	-0.26509
chr2	41500000	41750000	-0.232034
chr2	41750000	42000000	-0.102027
chr2	42000000	42250000	0.199023
chr2	42250000	42500000	0.0693999
chr2	42500000	42750000	-0.172934
chr2	42750000	43000000	-0.226297
chr2	43000000	43250000	-0.284703
chr2	43250000	43500000	-0.230358
chr2	43500000	43750000	-0.034267
chr2	43750000	44000000	0.101049
chr2	44000000	44250000	0.0554381
chr2	44250000	44500000	0.109076
chr2	44500000	44750000	0.129377
chr2	44750000	45000000	0.312541
chr2	45000000	45250000	0.568468
chr2	45250000	45500000	0.180917
chr2	45500000	45750000	0.0748999
chr2	45750000	46000000	-0.0356204
chr2	46000000	46250000	-0.045245
chr2	46250000	46500000	-0.0180665
chr2	46500000	46750000	-0.187214
chr2	46750000	47000000	-0.316485
chr2	47000000	47250000	-0.264506
chr2	47250000	47500000	-0.268065
chr2	47500000	47750000	-0.268229
chr2	47750000	48000000	-0.183905
chr2	48000000	48250000	-0.128875
chr2	48250000	48500000	0.239338
chr2	48500000	48750000	-0.0837249
chr2	48750000	49000000	0.252019
chr2	49000000	49250000	0.138179
chr2	49250000	49500000	0.0317235
chr2	49500000	49750000	0.0364181
chr2	49750000	50000000	-0.160143
chr2	50000000	50250000	-0.199442
chr2	50250000	50500000	-0.175424
chr2	50500000	50750000	-0.403219
chr2	50750000	51000000	-0.416653
chr2	51000000	51250000	-0.38352
chr2	51250000	51500000	-0.333858
chr2	51500000	51750000	-0.232376
chr2	51750000	52000000	0.115448
chr2	52000000	52250000	0.262039
chr2	52250000	52500000	0.285347
chr2	52500000	52750000	0.125738
chr2	52750000	53000000	-0.0246181
chr2	53000000	53250000	0.226076
chr2	53250000	53500000	-0.317116
chr2	53500000	53750000	-0.360103
chr2	53750000	54000000	-0.384598
chr2	54000000	54250000	-0.354633
chr2	54250000	54500000	-0.378513
chr2	54500000	54750000	-0.361333
chr2	54750000	55000000	-0.384328
chr2	55000000	55250000	-0.243398
chr2	55250000	55500000	-0.0975722
chr2	55500000	55750000	-0.0846695
chr2	55750000	56000000	-0.170093
chr2	56000000	56250000	-0.212795
chr2	56250000	56500000	-0.227002
chr2	56500000	56750000	-0.17127
chr2	56750000	57000000	-0.10392
chr2	57000000	57250000	0.33442
chr2	57250000	57500000	0.0281739
chr2	57500000	57750000	-0.188154
chr2	57750000	58000000	-0.215661
chr2	58000000	58250000	-0.37799
chr2	58250000	58500000	-0.412593
chr2	58500000	58750000	-0.405708
chr2	58750000	59000000	-0.270874
chr2	59000000	59250000	0.155711
chr2	59250000	59500000	-0.0884171
chr2	59500000	59750000	-0.0704312
chr2	59750000	60000000	0.253542
chr2	60000000	60250000	0.615668
chr2	60250000	60500000	0.230328
chr2	60500000	60750000	0.025953
chr2	60750000	61000000	0.319969
chr2	61000000	61250000	0.0722905
chr2	61250000	61500000	0.0725388
chr2	61500000	61750000	0.39709
chr2	61750000	62000000	-0.0239
chr2	62000000	62250000	-0.0339948
chr2	62250000	62500000	0.126318
chr2	62500000	62750000	0.166524
chr2	62750000	63000000	-0.207469
chr2	63000000	63250000	-0.352972
chr2	63250000	63500000	-0.403083
chr2	63500000	63750000	-0.344321
chr2	63750000	64000000	-0.464443
chr2	64000000	64250000	-0.341097
chr2	64250000	64500000	-0.34801
chr2	64500000	64750000	-0.439445
chr2	64750000	65000000	-0.355996
chr2	65000000	65250000	-0.403277
chr2	65250000	65500000	-0.370782
chr2	65500000	65750000	-0.385806
chr2	65750000	66000000	-0.388241
chr2	66000000	66250000	-0.364284
chr2	66250000	66500000	-0.388248
chr2	66500000	66750000	-0.417225
chr2	66750000	67000000	-0.401423
chr2	67000000	67250000	-0.425086
chr2	67250000	67500000	-0.34992
chr2	67500000	67750000	-0.411016
chr2	67750000	68000000	-0.390989
chr2	68000000	68250000	-0.490799
chr2	68250000	68500000	-0.430705
chr2	68500000	68750000	-0.233284
chr2	68750000	69000000	0.442621
chr2	69000000	69250000	0.0544195
chr2	69250000	69500000	-0.0488807
chr2	69500000	69750000	0.242072
chr2	69750000	70000000	0.74201
chr2	70000000	70250000	0.107439
chr2	70250000	70500000	0.0284237
chr2	70500000	70750000	0.273627
chr2	70750000	71000000	0.567261
chr2	71000000	71250000	0.473692
chr2	71250000	71500000	0.716454
chr2	71500000	71750000	0.337486
chr2	71750000	72000000	0.461524
chr2	72000000	72250000	0.338803
chr2	72250000	72500000	0.528923
chr2	72500000	72750000	0.238255
chr2	72750000	73000000	0.475963
chr2	73000000	73250000	0.504286
chr2	73250000	73500000	0.568768
chr2	73500000	73750000	0.31707
chr2	73750000	74000000	0.564711
chr2	74000000	74250000	0.064588
chr2	74250000	74500000	0.0873257
chr2	74500000	74750000	0.263245
chr2	74750000	75000000	0.369326
chr2	75000000	75250000	0.0731917
chr2	75250000	75500000	0.282293
chr2	75500000	75750000	0.49279
chr2	75750000	76000000	0.377379
chr2	76000000	76250000	0.353034
chr2	76250000	76500000	0.275234
chr2	76500000	76750000	0.253103
chr2	76750000	77000000	-0.236372
chr2	77000000	77250000	-0.31066
chr2	77250000	77500000	-0.393831
chr2	77500000	77750000	-0.355219
chr2	77750000	78000000	-0.0925955
chr2	78000000	78250000	-0.157971
chr2	78250000	78500000	-0.17748
chr2	78500000	78750000	-0.0583857
chr2	78750000	79000000	0.264209
chr2	79000000	79250000	0.268099
chr2	79250000	79500000	0.152495
chr2	79500000	79750000	0.177661
chr2	79750000	80000000	-0.08317
chr2	80000000	80250000	-0.147898
chr2	80250000	80500000	0.0819405
chr2	80500000	80750000	0.264653
chr2	80750000	81000000	-0.305387
chr2	81000000	81250000	-0.45478
chr2	81250000	81500000	-0.446938
chr2	81500000	81750000	-0.380162
chr2	81750000	82000000	-0.373278
chr2	82000000	82250000	-0.375113
chr2	82250000	82500000	-0.363061
chr2	82500000	82750000	-0.41297
chr2	82750000	83000000	-0.425409
chr2	83000000	83250000	-0.408451
chr2	83250000	83500000	-0.341445
chr2	83500000	83750000	0.0667015
chr2	83750000	84000000	-0.0581298
chr2	84000000	84250000	0.128903
chr2	84250000	84500000	0.199245
chr2	84500000	84750000	0.533924
chr2	84750000	85000000	0.208048
chr2	85000000	85250000	-0.0437209
chr2	85250000	85500000	-0.31255
chr2	85500000	85750000	-0.346591
chr2	85750000	86000000	-0.345165
chr2	86000000	86250000	-0.293357
chr2	86250000	86500000	-0.21426
chr2	86500000	86750000	-0.344999
chr2	86750000	87000000	-0.39271
chr2	87000000	87250000	-0.407607
chr2	87250000	87500000	-0.419561
chr2	87500000	87750000	-0.346337
chr2	87750000	88000000	-0.392183
chr2	88000000	88250000	-0.344054
chr2	88250000	88500000	-0.384121
chr2	88500000	88750000	-0.336455
chr2	88750000	89000000	-0.360694
chr2	89000000	89250000	-0.332496
chr2	89250000	89500000	-0.381892
chr2	89500000	89750000	-0.342683
chr2	89750000	90000000	-0.119229
chr2	90000000	90250000	-0.184439
chr2	90250000	90500000	-0.0289755
chr2	90500000	90750000	0.353078
chr2	90750000	91000000	0.639891
chr2	91000000	91250000	0.652058
chr2	91250000	91500000	0.370434
chr2	91500000	91750000	0.817989
chr2	91750000	92000000	0.645788
chr2	92000000	92250000	0.48792
chr2	92250000	92500000	0.583192
chr2	92500000	92750000	0.377289
chr2	92750000	93000000	0.273952
chr2	93000000	93250000	0.246024
chr2	93250000	93500000	0.245981
chr2	93500000	93750000	0.148982
chr2	93750000	94000000	0.222417
chr2	94000000	94250000	0.299987
chr2	94250000	94500000	0.230971
chr2	94500000	94750000	-0.446298
chr2	94750000	95000000	-0.43607
chr2	95000000	95250000	-0.479043
chr2	95250000	95500000	-0.478459
chr2	95500000	95750000	-0.467198
chr2	95750000	96000000	-0.433901
chr2	96000000	96250000	-0.431235
chr2	96250000	96500000	-0.411978
chr2	96500000	96750000	-0.435124
chr2	96750000	97000000	-0.43555
chr2	97000000	97250000	-0.387294
chr2	97250000	97500000	-0.2682
chr2	97500000	97750000	-0.1369
chr2	97750000	98000000	-0.325631
chr2	98000000	98250000	-0.349688
chr2	98250000	98500000	-0.420809
chr2	98500000	98750000	0.225668
chr2	98750000	99000000	-0.390766
chr2	99000000	99250000	-0.337268
chr2	99250000	99500000	-0.373953
chr2	99500000	99750000	-0.428903
chr2	99750000	100000000	-0.392279
chr2	100000000	100250000	-0.353426
chr2	100250000	100500000	-0.384711
chr2	100500000	100750000	nan
chr2	100750000	101000000	-0.289395
chr2	101000000	101250000	-0.215529
chr2	101250000	101500000	0.0684695
chr2	101500000	101750000	-0.00801919
chr2	101750000	102000000	0.0162225
chr2	102000000	102250000	-0.0237148
chr2	102250000	102500000	0.203853
chr2	102500000	102750000	0.0478651
chr2	102750000	103000000	0.273716
chr2	103000000	103250000	0.15444
chr2	103250000	103500000	0.407688
chr2	103500000	103750000	0.229637
chr2	103750000	104000000	0.721371
chr2	104000000	104250000	0.347789
chr2	104250000	104500000	0.155968
chr2	104500000	104750000	0.453212
chr2	104750000	105000000	0.256278
chr2	105000000	105250000	0.0978749
chr2	105250000	105500000	-0.00455121
chr2	105500000	105750000	0.118375
chr2	105750000	106000000	0.278215
chr2	106000000	106250000	-0.103187
chr2	106250000	106500000	-0.156019
chr2	106500000	106750000	-0.0425963
chr2	106750000	107000000	0.0421569
chr2	107000000	107250000	0.0617459
chr2	107250000	107500000	-0.111915
chr2	107500000	107750000	-0.309958
chr2	107750000	108000000	-0.304115
chr2	108000000	108250000	-0.400831
chr2	108250000	108500000	-0.470874
chr2	108500000	108750000	-0.416002
chr2	108750000	109000000	-0.409341
chr2	109000000	109250000	-0.371271
chr2	109250000	109500000	-0.12779
chr2	109500000	109750000	-0.378992
chr2	109750000	110000000	-0.07355
chr2	110000000	110250000	-0.108401
chr2	110250000	110500000	-0.287826
chr2	110500000	110750000	-0.061762
chr2	110750000	111000000	0.0522479
chr2	111000000	111250000	-0.232823
chr2	111250000	111500000	-0.352843
chr2	111500000	111750000	-0.414375
chr2	111750000	112000000	-0.361484
chr2	112000000	112250000	-0.191794
chr2	112250000	112500000	0.454365
chr2	112500000	112750000	0.000802122
chr2	112750000	113000000	-0.201913
chr2	113000000	113250000	-0.23158
chr2	113250000	113500000	-0.273583
chr2	113500000	113750000	-0.199828
chr2	113750000	114000000	-0.0124799
chr2	114000000	114250000	0.00158459
chr2	114250000	114500000	-0.235269
chr2	114500000	114750000	0.0378955
chr2	114750000	115000000	-0.229308
chr2	115000000	115250000	-0.290795
chr2	115250000	115500000	-0.363581
chr2	115500000	115750000	-0.0236839
chr2	115750000	116000000	-0.335558
chr2	116000000	116250000	-0.421719
chr2	116250000	116500000	-0.426514
chr2	116500000	116750000	-0.251418
chr2	116750000	117000000	0.182163
chr2	117000000	117250000	0.483825
chr2	117250000	117500000	-0.0206664
chr2	117500000	117750000	-0.14653
chr2	117750000	118000000	-0.12034
chr2	118000000	118250000	-0.0260674
chr2	118250000	118500000	0.362558
chr2	118500000	118750000	0.534009
chr2	118750000	119000000	0.681095
chr2	119000000	119250000	0.83672
chr2	119250000	119500000	0.849185
chr2	119500000	119750000	0.844926
chr2	119750000	120000000	0.814799
chr2	120000000	120250000	0.779145
chr2	120250000	120500000	0.712907
chr2	120500000	120750000	0.817183
chr2	120750000	121000000	0.707532
chr2	121000000	121250000	0.595925
chr2	121250000	121500000	0.683815
chr2	121500000	121750000	0.427506
chr2	121750000	122000000	0.543404
chr2	122000000	122250000	0.618346
chr2	122250000	122500000	0.134481
chr2	122500000	122750000	-0.0255422
chr2	122750000	123000000	-0.244458
chr2	123000000	123250000	-0.231844
chr2	123250000	123500000	-0.382163
chr2	123500000	123750000	-0.414052
chr2	123750000	124000000	-0.42229
chr2	124000000	124250000	-0.408364
chr2	124250000	124500000	-0.455576
chr2	124500000	124750000	-0.484196
chr2	124750000	125000000	-0.416325
chr2	125000000	125250000	-0.0728613
chr2	125250000	125500000	-0.179175
chr2	125500000	125750000	0.11969
chr2	125750000	126000000	0.306372
chr2	126000000	126250000	0.138148
chr2	126250000	126500000	0.0348296
chr2	126500000	126750000	0.406873
chr2	126750000	127000000	0.562512
chr2	127000000	127250000	0.778376
chr2	127250000	127500000	0.57965
chr2	127500000	127750000	0.579682
chr2	127750000	128000000	0.423554
chr2	128000000	128250000	0.579244
chr2	128250000	128500000	0.374777
chr2	128500000	128750000	0.441725
chr2	128750000	129000000	0.529768
chr2	129000000	129250000	0.625514
chr2	129250000	129500000	0.565534
chr2	129500000	129750000	0.370054
chr2	129750000	130000000	0.531563
chr2	130000000	130250000	0.455897
chr2	130250000	130500000	0.641211
chr2	130500000	130750000	0.687176
chr2	130750000	131000000	0.579781
chr2	131000000	131250000	0.597923
chr2	131250000	131500000	0.48258
chr2	131500000	131750000	0.0871142
chr2	131750000	132000000	0.427901
chr2	132000000	132250000	0.336089
chr2	132250000	132500000	0.141602
chr2	132500000	132750000	0.366894
chr2	132750000	133000000	0.0936312
chr2	133000000	133250000	-0.314246
chr2	133250000	133500000	-0.361957
chr2	133500000	133750000	-0.417073
chr2	133750000	134000000	-0.418537
chr2	134000000	134250000	-0.330386
chr2	134250000	134500000	-0.341148
chr2	134500000	134750000	-0.0264088
chr2	134750000	135000000	0.042367
chr2	135000000	135250000	-0.0636803
chr2	135250000	135500000	-0.280321
chr2	135500000	135750000	-0.551557
chr2	135750000	136000000	-0.513564
chr2	136000000	136250000	-0.406076
chr2	136250000	136500000	-0.367896
chr2	136500000	136750000	-0.39037
chr2	136750000	137000000	-0.0453853
chr2	137000000	137250000	-0.22912
chr2	137250000	137500000	-0.455511
chr2	137500000	137750000	-0.398528
chr2	137750000	138000000	-0.370438
chr2	138000000	138250000	-0.474819
chr2	138250000	138500000	-0.515771
chr2	138500000	138750000	-0.422347
chr2	138750000	139000000	-0.430151
chr2	139000000	139250000	-0.488809
chr2	139250000	139500000	-0.389237
chr2	139500000	139750000	-0.264973
chr2	139750000	140000000	0.0471469
chr2	140000000	140250000	0.37486
chr2	140250000	140500000	-0.267588
chr2	140500000	140750000	-0.304619
chr2	140750000	141000000	-0.146706
chr2	141000000	141250000	-0.306999
chr2	141250000	141500000	-0.444107
chr2	141500000	141750000	-0.478361
chr2	141750000	142000000	-0.508632
chr2	142000000	142250000	-0.381971
chr2	142250000	142500000	-0.462303
chr2	142500000	142750000	-0.258663
chr2	142750000	143000000	-0.103046
chr2	143000000	143250000	-0.297887
chr2	143250000	143500000	-0.512971
chr2	143500000	143750000	-0.357944
chr2	143750000	144000000	0.108704
chr2	144000000	144250000	0.164996
chr2	144250000	144500000	0.15701
chr2	144500000	144750000	0.223562
chr2	144750000	145000000	-0.364269
chr2	145000000	145250000	-0.517627
chr2	145250000	145500000	-0.561725
chr2	145500000	145750000	-0.509211
chr2	145750000	146000000	-0.173644
chr2	146000000	146250000	-0.292809
chr2	146250000	146500000	-0.0311009
chr2	146500000	146750000	-0.139034
chr2	146750000	147000000	-0.0459391
chr2	147000000	147250000	0.0271791
chr2	147250000	147500000	-0.395472
chr2	147500000	147750000	-0.533061
chr2	147750000	148000000	-0.475651
chr2	148000000	148250000	-0.487379
chr2	148250000	148500000	-0.503612
chr2	148500000	148750000	-0.330594
chr2	148750000	149000000	-0.314723
chr2	149000000	149250000	-0.288552
chr2	149250000	149500000	-0.101274
chr2	149500000	149750000	-0.362561
chr2	149750000	150000000	-0.291569
chr2	150000000	150250000	-0.158823
chr2	150250000	150500000	-0.28707
chr2	150500000	150750000	0.301833
chr2	150750000	151000000	0.432293
chr2	151000000	151250000	nan
chr2	151250000	151500000	nan
chr2	151500000	151750000	0.383102
chr2	151750000	152000000	0.2975
chr2	152000000	152250000	0.562544
chr2	152250000	152500000	0.782993
chr2	152500000	152750000	0.670109
chr2	152750000	153000000	1.1072
chr2	153000000	153250000	0.984843
chr2	153250000	153500000	1.18388
chr2	153500000	153750000	1.26121
chr2	153750000	154000000	0.735761
chr2	154000000	154250000	0.614508
chr2	154250000	154500000	1.0623
chr2	154500000	154750000	1.13527
chr2	154750000	155000000	0.99009
chr2	155000000	155250000	1.16067
chr2	155250000	155500000	0.934988
chr2	155500000	155750000	1.30624
chr2	155750000	156000000	1.14382
chr2	156000000	156250000	1.20667
chr2	156250000	156500000	0.796642
chr2	156500000	156750000	0.701751
chr2	156750000	157000000	0.849703
chr2	157000000	157250000	0.773958
chr2	157250000	157500000	0.616111
chr2	157500000	157750000	0.307758
chr2	157750000	158000000	0.381513
chr2	158000000	158250000	0.460961
chr2	158250000	158500000	0.307602
chr2	158500000	158750000	0.127687
chr2	158750000	159000000	-0.101324
chr2	159000000	159250000	-0.460985
chr2	159250000	159500000	-0.335544
chr2	159500000	159750000	-0.396137
chr2	159750000	160000000	-0.430876
chr2	160000000	160250000	-0.452768
chr2	160250000	160500000	-0.295401
chr2	160500000	160750000	0.0425721
chr2	160750000	161000000	-0.0024907
chr2	161000000	161250000	-0.104744
chr2	161250000	161500000	-0.42418
chr2	161500000	161750000	-0.432212
chr2	161750000	162000000	-0.473137
chr2	162000000	162250000	-0.419471
chr2	162250000	162500000	-0.427629
chr2	162500000	162750000	-0.492105
chr2	162750000	163000000	-0.18392
chr2	163000000	163250000	0.123112
chr2	163250000	163500000	0.175362
chr2	163500000	163750000	0.391214
chr2	163750000	164000000	0.238121
chr2	164000000	164250000	0.491046
chr2	164250000	164500000	0.375546
chr2	164500000	164750000	0.374496
chr2	164750000	165000000	0.655282
chr2	165000000	165250000	0.0771144
chr2	165250000	165500000	0.15117
chr2	165500000	165750000	0.0329747
chr2	165750000	166000000	0.707367
chr2	166000000	166250000	0.161857
chr2	166250000	166500000	-0.129832
chr2	166500000	166750000	0.159509
chr2	166750000	167000000	0.680687
chr2	167000000	167250000	0.509832
chr2	167250000	167500000	0.468382
chr2	167500000	167750000	0.573588
chr2	167750000	168000000	0.467836
chr2	168000000	168250000	0.393139
chr2	168250000	168500000	-0.340397
chr2	168500000	168750000	-0.495403
chr2	168750000	169000000	-0.196097
chr2	169000000	169250000	-0.336853
chr2	169250000	169500000	-0.396234
chr2	169500000	169750000	-0.432256
chr2	169750000	170000000	-0.379791
chr2	170000000	170250000	0.27064
chr2	170250000	170500000	-0.30653
chr2	170500000	170750000	-0.329518
chr2	170750000	171000000	-0.408167
chr2	171000000	171250000	-0.40804
chr2	171250000	171500000	-0.398999
chr2	171500000	171750000	-0.485701
chr2	171750000	172000000	-0.490847
chr2	172000000	172250000	-0.437598
chr2	172250000	172500000	0.158343
chr2	172500000	172750000	0.0387009
chr2	172750000	173000000	-0.194591
chr2	173000000	173250000	-0.0551324
chr2	173250000	173500000	-0.423513
chr2	173500000	173750000	-0.000154438
chr2	173750000	174000000	-0.239664
chr2	174000000	174250000	-0.0407518
chr2	174250000	174500000	0.512683
chr2	174500000	174750000	-0.0871076
chr2	174750000	175000000	-0.301587
chr2	175000000	175250000	nan
chr2	175250000	175500000	nan
chr2	175500000	175750000	nan
chr2	175750000	176000000	nan
chr2	176000000	176250000	nan
chr2	176250000	176500000	nan
chr2	176500000	176750000	nan
chr2	176750000	177000000	nan
chr2	177000000	177250000	nan
chr2	177250000	177500000	nan
chr2	177500000	177750000	nan
chr2	177750000	178000000	nan
chr2	178000000	178250000	-0.290142
chr2	178250000	178500000	-0.634623
chr2	178500000	178750000	-0.51384
chr2	178750000	179000000	-0.509232
chr2	179000000	179250000	-0.484955
chr2	179250000	179500000	-0.619396
chr2	179500000	179750000	-0.580536
chr2	179750000	180000000	-0.114249
chr2	180000000	180250000	0.735237
chr2	180250000	180500000	0.557538
chr2	180500000	180750000	0.757467
chr2	180750000	181000000	0.735006
chr2	181000000	181250000	0.546772
chr2	181250000	181500000	1.20779
chr2	181500000	181750000	1.37051
chr2	181750000	182000000	0.713016
chr2	182000000	182113224	nan
#bedGraph section chr3:0-160039680
chr3	0	250000	nan
chr3	250000	500000	nan
chr3	500000	750000	nan
chr3	750000	1000000	nan
chr3	1000000	1250000	nan
chr3	1250000	1500000	nan
chr3	1500000	1750000	nan
chr3	1750000	2000000	nan
chr3	2000000	2250000	nan
chr3	2250000	2500000	nan
chr3	2500000	2750000	nan
chr3	2750000	3000000	nan
chr3	3000000	3250000	-0.692119
chr3	3250000	3500000	-0.580186
chr3	3500000	3750000	-0.504607
chr3	3750000	4000000	-0.743315
chr3	4000000	4250000	-0.767026
chr3	4250000	4500000	-0.730756
chr3	4500000	4750000	-0.575339
chr3	4750000	5000000	-0.398815
chr3	5000000	5250000	-0.153003
chr3	5250000	5500000	-0.109832
chr3	5500000	5750000	-0.0394101
chr3	5750000	6000000	-0.171026
chr3	6000000	6250000	-0.406366
chr3	6250000	6500000	-0.357046
chr3	6500000	6750000	-0.432747
chr3	6750000	7000000	-0.432916
chr3	7000000	7250000	-0.545283
chr3	7250000	7500000	-0.333459
chr3	7500000	7750000	-0.140881
chr3	7750000	8000000	-0.0581927
chr3	8000000	8250000	0.125943
chr3	8250000	8500000	-0.235539
chr3	8500000	8750000	0.142678
chr3	8750000	9000000	0.33147
chr3	9000000	9250000	0.138733
chr3	9250000	9500000	0.447318
chr3	9500000	9750000	0.486551
chr3	9750000	10000000	0.309202
chr3	10000000	10250000	0.462188
chr3	10250000	10500000	0.33951
chr3	10500000	10750000	-0.165186
chr3	10750000	11000000	-0.327459
chr3	11000000	11250000	0.00235874
chr3	11250000	11500000	-0.18278
chr3	11500000	11750000	-0.330642
chr3	11750000	12000000	-0.490126
chr3	12000000	12250000	-0.508122
chr3	12250000	12500000	-0.657215
chr3	12500000	12750000	-0.340216
chr3	12750000	13000000	-0.489709
chr3	13000000	13250000	-0.436131
chr3	13250000	13500000	-0.49169
chr3	13500000	13750000	-0.42948
chr3	13750000	14000000	-0.290895
chr3	14000000	14250000	-0.16185
chr3	14250000	14500000	-0.210065
chr3	14500000	14750000	0.37087
chr3	14750000	15000000	0.671209
chr3	15000000	15250000	0.398589
chr3	15250000	15500000	-0.0588593
chr3	15500000	15750000	nan
chr3	15750000	16000000	-0.629709
chr3	16000000	16250000	0.134782
chr3	16250000	16500000	-0.341239
chr3	16500000	16750000	-0.658331
chr3	16750000	17000000	-0.437627
chr3	17000000	17250000	-0.648632
chr3	17250000	17500000	-0.545193
chr3	17500000	17750000	-0.355072
chr3	17750000	18000000	-0.407859
chr3	18000000	18250000	-0.537078
chr3	18250000	18500000	-0.508702
chr3	18500000	18750000	-0.290169
chr3	18750000	19000000	-0.155388
chr3	19000000	19250000	0.206855
chr3	19250000	19500000	0.25382
chr3	19500000	19750000	0.248044
chr3	19750000	20000000	0.222025
chr3	20000000	20250000	0.4722
chr3	20250000	20500000	0.0871026
chr3	20500000	20750000	-0.0446513
chr3	20750000	21000000	-0.251924
chr3	21000000	21250000	-0.229
chr3	21250000	21500000	0.0415586
chr3	21500000	21750000	-0.034058
chr3	21750000	22000000	0.231576
chr3	22000000	22250000	0.366062
chr3	22250000	22500000	-0.186678
chr3	22500000	22750000	-0.172334
chr3	22750000	23000000	-0.287159
chr3	23000000	23250000	-0.0744148
chr3	23250000	23500000	-0.212439
chr3	23500000	23750000	-0.108574
chr3	23750000	24000000	0.0249874
chr3	24000000	24250000	0.420698
chr3	24250000	24500000	0.131144
chr3	24500000	24750000	-0.0869334
chr3	24750000	25000000	-0.203591
chr3	25000000	25250000	-0.204126
chr3	25250000	25500000	-0.223449
chr3	25500000	25750000	-0.203366
chr3	25750000	26000000	-0.132576
chr3	26000000	26250000	0.00134321
chr3	26250000	26500000	0.0899831
chr3	26500000	26750000	-0.17138
chr3	26750000	27000000	-0.286343
chr3	27000000	27250000	0.434103
chr3	27250000	27500000	0.171592
chr3	27500000	27750000	-0.156221
chr3	27750000	28000000	-0.346968
chr3	28000000	28250000	-0.166088
chr3	28250000	28500000	-0.0831763
chr3	28500000	28750000	0.123798
chr3	28750000	29000000	0.0705405
chr3	29000000	29250000	-0.0441066
chr3	29250000	29500000	-0.222631
chr3	29500000	29750000	-0.308172
chr3	29750000	30000000	-0.250145
chr3	30000000	30250000	-0.136807
chr3	30250000	30500000	-0.0515989
chr3	30500000	30750000	0.346488
chr3	30750000	31000000	0.512644
chr3	31000000	31250000	0.284541
chr3	31250000	31500000	0.00718655
chr3	31500000	31750000	-0.175791
chr3	31750000	32000000	-0.0149532
chr3	32000000	32250000	0.00793267
chr3	32250000	32500000	0.331973
chr3	32500000	32750000	0.623614
chr3	32750000	33000000	0.106248
chr3	33000000	33250000	-0.0350257
chr3	33250000	33500000	0.0368605
chr3	33500000	33750000	0.0192927
chr3	33750000	34000000	0.42054
chr3	34000000	34250000	0.287414
chr3	34250000	34500000	0.109094
chr3	34500000	34750000	-0.273088
chr3	34750000	35000000	-0.382777
chr3	35000000	35250000	0.0398946
chr3	35250000	35500000	0.098328
chr3	35500000	35750000	0.22724
chr3	35750000	36000000	0.336465
chr3	36000000	36250000	0.308229
chr3	36250000	36500000	0.346058
chr3	36500000	36750000	0.32411
chr3	36750000	37000000	0.409225
chr3	37000000	37250000	0.386295
chr3	37250000	37500000	0.542745
chr3	37500000	37750000	0.478795
chr3	37750000	38000000	0.31161
chr3	38000000	38250000	0.20937
chr3	38250000	38500000	0.0776081
chr3	38500000	38750000	-0.16867
chr3	38750000	39000000	-0.040209
chr3	39000000	39250000	-0.389576
chr3	39250000	39500000	-0.116717
chr3	39500000	39750000	-0.151948
chr3	39750000	40000000	-0.171303
chr3	40000000	40250000	-0.0248017
chr3	40250000	40500000	0.0563553
chr3	40500000	40750000	0.505275
chr3	40750000	41000000	0.548966
chr3	41000000	41250000	0.386895
chr3	41250000	41500000	0.20693
chr3	41500000	41750000	0.485353
chr3	41750000	42000000	-0.0227845
chr3	42000000	42250000	-0.0605181
chr3	42250000	42500000	-0.193088
chr3	42500000	42750000	-0.149129
chr3	42750000	43000000	-0.167895
chr3	43000000	43250000	-0.225978
chr3	43250000	43500000	-0.234661
chr3	43500000	43750000	-0.339578
chr3	43750000	44000000	-0.283686
chr3	44000000	44250000	-0.303409
chr3	44250000	44500000	-0.324739
chr3	44500000	44750000	-0.253306
chr3	44750000	45000000	-0.20689
chr3	45000000	45250000	-0.266493
chr3	45250000	45500000	-0.167736
chr3	45500000	45750000	-0.319941
chr3	45750000	46000000	-0.309778
chr3	46000000	46250000	-0.263938
chr3	46250000	46500000	-0.354423
chr3	46500000	46750000	-0.380396
chr3	46750000	47000000	-0.217708
chr3	47000000	47250000	-0.250341
chr3	47250000	47500000	-0.148661
chr3	47500000	47750000	-0.158732
chr3	47750000	48000000	-0.371502
chr3	48000000	48250000	-0.110555
chr3	48250000	48500000	-0.295456
chr3	48500000	48750000	-0.220728
chr3	48750000	49000000	-0.145514
chr3	49000000	49250000	-0.0192826
chr3	49250000	49500000	-0.264744
chr3	49500000	49750000	-0.212656
chr3	49750000	50000000	-0.188811
chr3	50000000	50250000	-0.0482342
chr3	50250000	50500000	0.113774
chr3	50500000	50750000	0.283416
chr3	50750000	51000000	0.139742
chr3	51000000	51250000	0.361647
chr3	51250000	51500000	0.631213
chr3	51500000	51750000	0.433398
chr3	51750000	52000000	0.225707
chr3	52000000	52250000	0.143763
chr3	52250000	52500000	-0.028288
chr3	52500000	52750000	-0.173265
chr3	52750000	53000000	0.0696775
chr3	53000000	53250000	0.230231
chr3	53250000	53500000	0.311407
chr3	53500000	53750000	0.215992
chr3	53750000	54000000	0.182815
chr3	54000000	54250000	0.0833814
chr3	54250000	54500000	-0.0502519
chr3	54500000	54750000	0.179847
chr3	54750000	55000000	0.173603
chr3	55000000	55250000	0.198789
chr3	55250000	55500000	0.0522069
chr3	55500000	55750000	0.381789
chr3	55750000	56000000	0.226621
chr3	56000000	56250000	0.119681
chr3	56250000	56500000	-0.0813405
chr3	56500000	56750000	-0.15904
chr3	56750000	57000000	-0.104423
chr3	57000000	57250000	-0.0860713
chr3	57250000	57500000	-0.148947
chr3	57500000	57750000	0.229479
chr3	57750000	58000000	0.0663588
chr3	58000000	58250000	0.0269919
chr3	58250000	58500000	0.275418
chr3	58500000	58750000	0.458662
chr3	58750000	59000000	0.170963
chr3	59000000	59250000	0.375539
chr3	59250000	59500000	0.143999
chr3	59500000	59750000	-0.11756
chr3	59750000	60000000	0.211091
chr3	60000000	60250000	0.230961
chr3	60250000	60500000	0.336004
chr3	60500000	60750000	0.483857
chr3	60750000	61000000	0.327358
chr3	61000000	61250000	0.200722
chr3	61250000	61500000	0.185949
chr3	61500000	61750000	-0.00292231
chr3	61750000	62000000	-0.120601
chr3	62000000	62250000	-0.0549454
chr3	62250000	62500000	0.136978
chr3	62500000	62750000	-0.0101146
chr3	62750000	63000000	-0.369425
chr3	63000000	63250000	-0.367988
chr3	63250000	63500000	-0.334087
chr3	63500000	63750000	0.141001
chr3	63750000	64000000	0.219207
chr3	64000000	64250000	0.0312582
chr3	64250000	64500000	0.0196739
chr3	64500000	64750000	nan
chr3	64750000	65000000	-0.00642095
chr3	65000000	65250000	-0.018541
chr3	65250000	65500000	0.150185
chr3	65500000	65750000	0.222404
chr3	65750000	66000000	0.358556
chr3	66000000	66250000	0.0601276
chr3	66250000	66500000	-0.0356197
chr3	66500000	66750000	0.0543035
chr3	66750000	67000000	0.0997709
chr3	67000000	67250000	0.138219
chr3	67250000	67500000	0.183806
chr3	67500000	67750000	0.229972
chr3	67750000	68000000	0.00586238
chr3	68000000	68250000	-0.16961
chr3	68250000	68500000	-0.194242
chr3	68500000	68750000	0.0360771
chr3	68750000	69000000	0.232587
chr3	69000000	69250000	0.471081
chr3	69250000	69500000	0.276826
chr3	69500000	69750000	0.160595
chr3	69750000	70000000	-0.00140434
chr3	70000000	70250000	-0.238308
chr3	70250000	70500000	-0.355374
chr3	70500000	70750000	-0.338284
chr3	70750000	71000000	-0.305108
chr3	71000000	71250000	-0.242034
chr3	71250000	71500000	-0.294684
chr3	71500000	71750000	-0.239714
chr3	71750000	72000000	-0.251672
chr3	72000000	72250000	-0.338384
chr3	72250000	72500000	-0.186531
chr3	72500000	72750000	-0.0822627
chr3	72750000	73000000	-0.0243875
chr3	73000000	73250000	-0.0530504
chr3	73250000	73500000	-0.334562
chr3	73500000	73750000	-0.265883
chr3	73750000	74000000	-0.292366
chr3	74000000	74250000	-0.367532
chr3	74250000	74500000	-0.459708
chr3	74500000	74750000	-0.393823
chr3	74750000	75000000	-0.495327
chr3	75000000	75250000	-0.310575
chr3	75250000	75500000	-0.401736
chr3	75500000	75750000	0.0175097
chr3	75750000	76000000	-0.16928
chr3	76000000	76250000	-0.113641
chr3	76250000	76500000	-0.0646483
chr3	76500000	76750000	-0.329216
chr3	76750000	77000000	-0.411505
chr3	77000000	77250000	-0.414367
chr3	77250000	77500000	-0.292049
chr3	77500000	77750000	-0.270199
chr3	77750000	78000000	-0.328793
chr3	78000000	78250000	-0.326988
chr3	78250000	78500000	-0.183456
chr3	78500000	78750000	-0.0777257
chr3	78750000	79000000	0.0345877
chr3	79000000	79250000	0.265273
chr3	79250000	79500000	0.125928
chr3	79500000	79750000	0.345035
chr3	79750000	80000000	0.326934
chr3	80000000	80250000	0.0762004
chr3	80250000	80500000	-0.0622
chr3	80500000	80750000	-0.0765687
chr3	80750000	81000000	-0.0692144
chr3	81000000	81250000	-0.169226
chr3	81250000	81500000	-0.379984
chr3	81500000	81750000	-0.408865
chr3	81750000	82000000	-0.0042964
chr3	82000000	82250000	-0.141142
chr3	82250000	82500000	-0.197285
chr3	82500000	82750000	-0.289161
chr3	82750000	83000000	-0.0292784
chr3	83000000	83250000	0.0440194
chr3	83250000	83500000	-0.16404
chr3	83500000	83750000	0.0190342
chr3	83750000	84000000	0.187793
chr3	84000000	84250000	0.282656
chr3	84250000	84500000	0.355341
chr3	84500000	84750000	0.439933
chr3	84750000	85000000	0.40178
chr3	85000000	85250000	0.0698265
chr3	85250000	85500000	0.108813
chr3	85500000	85750000	0.275512
chr3	85750000	86000000	0.0967298
chr3	86000000	86250000	0.438154
chr3	86250000	86500000	0.252661
chr3	86500000	86750000	0.239873
chr3	86750000	87000000	0.195639
chr3	87000000	87250000	0.148471
chr3	87250000	87500000	0.105354
chr3	87500000	87750000	0.375334
chr3	87750000	88000000	0.570137
chr3	88000000	88250000	0.467902
chr3	88250000	88500000	0.606568
chr3	88500000	88750000	0.519772
chr3	88750000	89000000	0.450513
chr3	89000000	89250000	0.524353
chr3	89250000	89500000	0.448232
chr3	89500000	89750000	0.2075
chr3	89750000	90000000	0.284157
chr3	90000000	90250000	0.46327
chr3	90250000	90500000	0.490882
chr3	90500000	90750000	0.0403799
chr3	90750000	91000000	-0.500801
chr3	91000000	91250000	-0.625883
chr3	91250000	91500000	-0.720143
chr3	91500000	91750000	-0.600356
chr3	91750000	92000000	-0.617346
chr3	92000000	92250000	-0.538557
chr3	92250000	92500000	-0.675888
chr3	92500000	92750000	-0.601274
chr3	92750000	93000000	-0.431079
chr3	93000000	93250000	-0.581105
chr3	93250000	93500000	-0.660134
chr3	93500000	93750000	-0.569471
chr3	93750000	94000000	-0.591033
chr3	94000000	94250000	nan
chr3	94250000	94500000	0.0460246
chr3	94500000	94750000	0.255144
chr3	94750000	95000000	0.327508
chr3	95000000	95250000	0.488482
chr3	95250000	95500000	0.316106
chr3	95500000	95750000	0.273877
chr3	95750000	96000000	0.348131
chr3	96000000	96250000	0.322937
chr3	96250000	96500000	0.160064
chr3	96500000	96750000	0.330698
chr3	96750000	97000000	-0.0883783
chr3	97000000	97250000	-0.131966
chr3	97250000	97500000	-0.46629
chr3	97500000	97750000	-0.0859745
chr3	97750000	98000000	-0.266346
chr3	98000000	98250000	-0.715343
chr3	98250000	98500000	-0.721644
chr3	98500000	98750000	-0.750648
chr3	98750000	99000000	-0.769144
chr3	99000000	99250000	-0.317006
chr3	99250000	99500000	-0.737259
chr3	99500000	99750000	-0.711711
chr3	99750000	100000000	-0.668158
chr3	100000000	100250000	0.0207758
chr3	100250000	100500000	0.0969659
chr3	100500000	100750000	0.0755191
chr3	100750000	101000000	0.0663856
chr3	101000000	101250000	-0.0946124
chr3	101250000	101500000	0.0968756
chr3	101500000	101750000	0.0312733
chr3	101750000	102000000	-0.153233
chr3	102000000	102250000	-0.00482575
chr3	102250000	102500000	-0.153743
chr3	102500000	102750000	-0.174451
chr3	102750000	103000000	-0.0473942
chr3	103000000	103250000	0.292686
chr3	103250000	103500000	0.185207
chr3	103500000	103750000	-0.0100862
chr3	103750000	104000000	0.350555
chr3	104000000	104250000	-0.18576
chr3	104250000	104500000	-0.059263
chr3	104500000	104750000	0.170257
chr3	104750000	105000000	0.310677
chr3	105000000	105250000	-0.216152
chr3	105250000	105500000	-0.0788041
chr3	105500000	105750000	0.0776762
chr3	105750000	106000000	0.354567
chr3	106000000	106250000	-0.257411
chr3	106250000	106500000	-0.288895
chr3	106500000	106750000	-0.112594
chr3	106750000	107000000	-0.30733
chr3	107000000	107250000	-0.193811
chr3	107250000	107500000	0.154952
chr3	107500000	107750000	0.15283
chr3	107750000	108000000	-0.00693881
chr3	108000000	108250000	0.301661
chr3	108250000	108500000	0.182888
chr3	108500000	108750000	0.169824
chr3	108750000	109000000	0.0619276
chr3	109000000	109250000	-0.278169
chr3	109250000	109500000	-0.431613
chr3	109500000	109750000	-0.715311
chr3	109750000	110000000	-0.764404
chr3	110000000	110250000	-0.549615
chr3	110250000	110500000	-0.586711
chr3	110500000	110750000	-0.688426
chr3	110750000	111000000	-0.621851
chr3	111000000	111250000	-0.664596
chr3	111250000	111500000	-0.501622
chr3	111500000	111750000	-0.577185
chr3	111750000	112000000	-0.750529
chr3	112000000	112250000	-0.602464
chr3	112250000	112500000	-0.735514
chr3	112500000	112750000	-0.660716
chr3	112750000	113000000	-0.618127
chr3	113000000	113250000	-0.639414
chr3	113250000	113500000	nan
chr3	113500000	113750000	-0.330179
chr3	113750000	114000000	-0.647967
chr3	114000000	114250000	-0.640327
chr3	114250000	114500000	-0.608321
chr3	114500000	114750000	-0.413656
chr3	114750000	115000000	-0.319135
chr3	115000000	115250000	-0.469436
chr3	115250000	115500000	-0.324583
chr3	115500000	115750000	-0.165733
chr3	115750000	116000000	0.104215
chr3	116000000	116250000	-0.195354
chr3	116250000	116500000	0.0171246
chr3	116500000	116750000	0.269289
chr3	116750000	117000000	0.0925506
chr3	117000000	117250000	-0.505599
chr3	117250000	117500000	-0.643257
chr3	117500000	117750000	-0.738803
chr3	117750000	118000000	-0.610895
chr3	118000000	118250000	-0.621191
chr3	118250000	118500000	-0.547774
chr3	118500000	118750000	-0.549196
chr3	118750000	119000000	-0.585403
chr3	119000000	119250000	-0.554998
chr3	119250000	119500000	-0.553117
chr3	119500000	119750000	-0.443276
chr3	119750000	120000000	-0.413632
chr3	120000000	120250000	-0.559073
chr3	120250000	120500000	-0.583263
chr3	120500000	120750000	-0.54714
chr3	120750000	121000000	-0.415058
chr3	121000000	121250000	-0.0611379
chr3	121250000	121500000	0.0449563
chr3	121500000	121750000	-0.14012
chr3	121750000	122000000	-0.107981
chr3	122000000	122250000	-0.0483894
chr3	122250000	122500000	-0.0796883
chr3	122500000	122750000	-0.384125
chr3	122750000	123000000	-0.0848332
chr3	123000000	123250000	-0.281983
chr3	123250000	123500000	-0.196563
chr3	123500000	123750000	-0.374336
chr3	123750000	124000000	-0.56382
chr3	124000000	124250000	-0.563484
chr3	124250000	124500000	-0.365758
chr3	124500000	124750000	-0.114231
chr3	124750000	125000000	-0.169702
chr3	125000000	125250000	-0.0719678
chr3	125250000	125500000	-0.043628
chr3	125500000	125750000	-0.0355603
chr3	125750000	126000000	-0.223784
chr3	126000000	126250000	-0.273627
chr3	126250000	126500000	-0.396392
chr3	126500000	126750000	-0.427867
chr3	126750000	127000000	-0.330687
chr3	127000000	127250000	-0.084084
chr3	127250000	127500000	0.227503
chr3	127500000	127750000	0.0259554
chr3	127750000	128000000	0.157318
chr3	128000000	128250000	-0.20395
chr3	128250000	128500000	-0.352165
chr3	128500000	128750000	-0.604273
chr3	128750000	129000000	-0.582541
chr3	129000000	129250000	-0.557109
chr3	129250000	129500000	-0.300886
chr3	129500000	129750000	0.173414
chr3	129750000	130000000	0.0393465
chr3	130000000	130250000	-0.232856
chr3	130250000	130500000	-0.574772
chr3	130500000	130750000	-0.0241006
chr3	130750000	131000000	-0.477161
chr3	131000000	131250000	-0.278434
chr3	131250000	131500000	-0.189588
chr3	131500000	131750000	-0.212597
chr3	131750000	132000000	-0.633706
chr3	132000000	132250000	-0.516827
chr3	132250000	132500000	-0.456131
chr3	132500000	132750000	-0.115607
chr3	132750000	133000000	0.0500083
chr3	133000000	133250000	0.119673
chr3	133250000	133500000	0.0203021
chr3	133500000	133750000	0.19336
chr3	133750000	134000000	-0.213249
chr3	134000000	134250000	-0.313136
chr3	134250000	134500000	-0.310978
chr3	134500000	134750000	-0.304644
chr3	134750000	135000000	-0.279866
chr3	135000000	135250000	-0.124543
chr3	135250000	135500000	0.294751
chr3	135500000	135750000	0.321466
chr3	135750000	136000000	0.254931
chr3	136000000	136250000	-0.0261133
chr3	136250000	136500000	-0.0148662
chr3	136500000	136750000	0.165143
chr3	136750000	137000000	0.223304
chr3	137000000	137250000	-0.119709
chr3	137250000	137500000	-0.132794
chr3	137500000	137750000	-0.180186
chr3	137750000	138000000	0.606509
chr3	138000000	138250000	0.266613
chr3	138250000	138500000	0.0987745
chr3	138500000	138750000	0.22988
chr3	138750000	139000000	-0.0428744
chr3	139000000	139250000	0.0664115
chr3	139250000	139500000	-0.306932
chr3	139500000	139750000	-0.0365045
chr3	139750000	140000000	0.0733325
chr3	140000000	140250000	-0.190213
chr3	140250000	140500000	-0.328786
chr3	140500000	140750000	-0.0396377
chr3	140750000	141000000	0.0583297
chr3	141000000	141250000	0.0205193
chr3	141250000	141500000	-0.114435
chr3	141500000	141750000	-0.288061
chr3	141750000	142000000	-0.260462
chr3	142000000	142250000	-0.282766
chr3	142250000	142500000	0.129087
chr3	142500000	142750000	-0.101714
chr3	142750000	143000000	0.281792
chr3	143000000	143250000	-0.225143
chr3	143250000	143500000	-0.314566
chr3	143500000	143750000	-0.381602
chr3	143750000	144000000	-0.192793
chr3	144000000	144250000	-0.0706668
chr3	144250000	144500000	0.0993227
chr3	144500000	144750000	0.476202
chr3	144750000	145000000	-0.00751489
chr3	145000000	145250000	0.0337373
chr3	145250000	145500000	-0.108516
chr3	145500000	145750000	-0.0150941
chr3	145750000	146000000	0.228544
chr3	146000000	146250000	-0.0380166
chr3	146250000	146500000	0.181845
chr3	146500000	146750000	0.423296
chr3	146750000	147000000	0.112331
chr3	147000000	147250000	-0.469556
chr3	147250000	147500000	-0.746073
chr3	147500000	147750000	-0.622423
chr3	147750000	148000000	-0.758869
chr3	148000000	148250000	-0.58507
chr3	148250000	148500000	-0.619416
chr3	148500000	148750000	-0.558612
chr3	148750000	149000000	-0.606082
chr3	149000000	149250000	-0.509285
chr3	149250000	149500000	-0.669109
chr3	149500000	149750000	-0.73367
chr3	149750000	150000000	-0.70511
chr3	150000000	150250000	-0.445803
chr3	150250000	150500000	-0.604851
chr3	150500000	150750000	-0.749837
chr3	150750000	151000000	-0.589883
chr3	151000000	151250000	-0.659031
chr3	151250000	151500000	-0.766476
chr3	151500000	151750000	-0.792774
chr3	151750000	152000000	-0.68852
chr3	152000000	152250000	-0.0466009
chr3	152250000	152500000	0.240573
chr3	152500000	152750000	-0.208738
chr3	152750000	153000000	-0.209197
chr3	153000000	153250000	-0.125333
chr3	153250000	153500000	0.0878229
chr3	153500000	153750000	0.395808
chr3	153750000	154000000	0.343765
chr3	154000000	154250000	-0.285976
chr3	154250000	154500000	-0.561587
chr3	154500000	154750000	-0.587995
chr3	154750000	155000000	-0.89192
chr3	155000000	155250000	-0.64205
chr3	155250000	155500000	-0.850957
chr3	155500000	155750000	-0.858051
chr3	155750000	156000000	-0.883443
chr3	156000000	156250000	-0.930945
chr3	156250000	156500000	-0.798773
chr3	156500000	156750000	-1.02536
chr3	156750000	157000000	-0.916669
chr3	157000000	157250000	-1.06168
chr3	157250000	157500000	-0.977071
chr3	157500000	157750000	-0.483378
chr3	157750000	158000000	-0.455725
chr3	158000000	158250000	-0.253021
chr3	158250000	158500000	-1.0829
chr3	158500000	158750000	-1.20915
chr3	158750000	159000000	-1.16182
chr3	159000000	159250000	-1.28626
chr3	159250000	159500000	-1.0263
chr3	159500000	159750000	-0.974562
chr3	159750000	160000000	-1.01966
chr3	160000000	160039680	nan
#bedGraph section chr4:0-156508116
chr4	0	250000	nan
chr4	250000	500000	nan
chr4	500000	750000	nan
chr4	750000	1000000	nan
chr4	1000000	1250000	nan
chr4	1250000	1500000	nan
chr4	1500000	1750000	nan
chr4	1750000	2000000	nan
chr4	2000000	2250000	nan
chr4	2250000	2500000	nan
chr4	2500000	2750000	nan
chr4	2750000	3000000	nan
chr4	3000000	3250000	-0.0701302
chr4	3250000	3500000	nan
chr4	3500000	3750000	0.704523
chr4	3750000	4000000	0.968699
chr4	4000000	4250000	-0.179787
chr4	4250000	4500000	-0.0284247
chr4	4500000	4750000	0.0752295
chr4	4750000	5000000	-0.0364704
chr4	5000000	5250000	-0.408381
chr4	5250000	5500000	-0.368883
chr4	5500000	5750000	-0.309107
chr4	5750000	6000000	-0.215218
chr4	6000000	6250000	0.0517039
chr4	6250000	6500000	0.843498
chr4	6500000	6750000	0.0288478
chr4	6750000	7000000	-0.274823
chr4	7000000	7250000	-0.417688
chr4	7250000	7500000	-0.449582
chr4	7500000	7750000	-0.41865
chr4	7750000	8000000	-0.285419
chr4	8000000	8250000	0.00939103
chr4	8250000	8500000	0.0719181
chr4	8500000	8750000	0.475778
chr4	8750000	9000000	-0.0809307
chr4	9000000	9250000	-0.0375975
chr4	9250000	9500000	0.135152
chr4	9500000	9750000	1.22593
chr4	9750000	10000000	0.316573
chr4	10000000	10250000	-0.0902675
chr4	10250000	10500000	-0.115629
chr4	10500000	10750000	-0.161469
chr4	10750000	11000000	0.624179
chr4	11000000	11250000	1.42736
chr4	11250000	11500000	1.09184
chr4	11500000	11750000	0.771
chr4	11750000	12000000	0.222285
chr4	12000000	12250000	0.500693
chr4	12250000	12500000	-0.143352
chr4	12500000	12750000	-0.127477
chr4	12750000	13000000	-0.293541
chr4	13000000	13250000	-0.400221
chr4	13250000	13500000	-0.375037
chr4	13500000	13750000	-0.363654
chr4	13750000	14000000	-0.30786
chr4	14000000	14250000	-0.324467
chr4	14250000	14500000	-0.332761
chr4	14500000	14750000	-0.224765
chr4	14750000	15000000	0.560962
chr4	15000000	15250000	-0.100884
chr4	15250000	15500000	0.408294
chr4	15500000	15750000	-0.101994
chr4	15750000	16000000	0.275998
chr4	16000000	16250000	0.207845
chr4	16250000	16500000	-0.376545
chr4	16500000	16750000	-0.376086
chr4	16750000	17000000	-0.471331
chr4	17000000	17250000	-0.38715
chr4	17250000	17500000	-0.429632
chr4	17500000	17750000	-0.361422
chr4	17750000	18000000	-0.374197
chr4	18000000	18250000	-0.38263
chr4	18250000	18500000	-0.400123
chr4	18500000	18750000	-0.24279
chr4	18750000	19000000	-0.412969
chr4	19000000	19250000	-0.381665
chr4	19250000	19500000	-0.303685
chr4	19500000	19750000	0.497328
chr4	19750000	20000000	-0.131343
chr4	20000000	20250000	-0.302157
chr4	20250000	20500000	-0.312552
chr4	20500000	20750000	-0.355161
chr4	20750000	21000000	-0.420341
chr4	21000000	21250000	-0.424032
chr4	21250000	21500000	-0.136654
chr4	21500000	21750000	0.0933386
chr4	21750000	22000000	0.723093
chr4	22000000	22250000	-0.181709
chr4	22250000	22500000	0.106696
chr4	22500000	22750000	-0.358093
chr4	22750000	23000000	-0.315362
chr4	23000000	23250000	-0.465442
chr4	23250000	23500000	-0.370865
chr4	23500000	23750000	-0.450046
chr4	23750000	24000000	-0.32157
chr4	24000000	24250000	-0.30295
chr4	24250000	24500000	-0.0641361
chr4	24500000	24750000	0.313854
chr4	24750000	25000000	-0.0746334
chr4	25000000	25250000	-0.202883
chr4	25250000	25500000	0.0661612
chr4	25500000	25750000	-0.0172512
chr4	25750000	26000000	-0.182372
chr4	26000000	26250000	-0.241772
chr4	26250000	26500000	-0.192905
chr4	26500000	26750000	-0.292375
chr4	26750000	27000000	-0.244886
chr4	27000000	27250000	-0.154909
chr4	27250000	27500000	-0.00364845
chr4	27500000	27750000	-0.175566
chr4	27750000	28000000	-0.241558
chr4	28000000	28250000	-0.204305
chr4	28250000	28500000	-0.292011
chr4	28500000	28750000	-0.230772
chr4	28750000	29000000	-0.130516
chr4	29000000	29250000	-0.197232
chr4	29250000	29500000	-0.257662
chr4	29500000	29750000	-0.209925
chr4	29750000	30000000	-0.237078
chr4	30000000	30250000	-0.210061
chr4	30250000	30500000	-0.0958643
chr4	30500000	30750000	-0.247681
chr4	30750000	31000000	-0.276054
chr4	31000000	31250000	-0.275871
chr4	31250000	31500000	-0.25359
chr4	31500000	31750000	-0.216183
chr4	31750000	32000000	0.0618761
chr4	32000000	32250000	0.442515
chr4	32250000	32500000	0.265253
chr4	32500000	32750000	0.608041
chr4	32750000	33000000	0.659511
chr4	33000000	33250000	0.359612
chr4	33250000	33500000	0.593198
chr4	33500000	33750000	-0.0839661
chr4	33750000	34000000	-0.0856682
chr4	34000000	34250000	-0.185524
chr4	34250000	34500000	-0.0608526
chr4	34500000	34750000	0.739723
chr4	34750000	35000000	0.444068
chr4	35000000	35250000	0.153592
chr4	35250000	35500000	0.00620643
chr4	35500000	35750000	-0.106786
chr4	35750000	36000000	-0.285051
chr4	36000000	36250000	-0.295621
chr4	36250000	36500000	-0.316699
chr4	36500000	36750000	-0.255929
chr4	36750000	37000000	-0.272559
chr4	37000000	37250000	-0.289918
chr4	37250000	37500000	-0.386373
chr4	37500000	37750000	-0.300428
chr4	37750000	38000000	-0.367164
chr4	38000000	38250000	-0.284367
chr4	38250000	38500000	-0.335669
chr4	38500000	38750000	-0.231212
chr4	38750000	39000000	-0.253637
chr4	39000000	39250000	-0.155097
chr4	39250000	39500000	-0.2868
chr4	39500000	39750000	-0.334493
chr4	39750000	40000000	-0.18437
chr4	40000000	40250000	0.381135
chr4	40250000	40500000	0.408246
chr4	40500000	40750000	0.571428
chr4	40750000	41000000	1.12409
chr4	41000000	41250000	0.96328
chr4	41250000	41500000	1.21809
chr4	41500000	41750000	0.807803
chr4	41750000	42000000	nan
chr4	42000000	42250000	nan
chr4	42250000	42500000	nan
chr4	42500000	42750000	nan
chr4	42750000	43000000	0.976506
chr4	43000000	43250000	0.930728
chr4	43250000	43500000	0.833403
chr4	43500000	43750000	1.00783
chr4	43750000	44000000	0.638665
chr4	44000000	44250000	0.934578
chr4	44250000	44500000	0.333195
chr4	44500000	44750000	0.211307
chr4	44750000	45000000	0.938236
chr4	45000000	45250000	0.710042
chr4	45250000	45500000	0.657408
chr4	45500000	45750000	0.0954881
chr4	45750000	46000000	0.199685
chr4	46000000	46250000	0.626105
chr4	46250000	46500000	0.99522
chr4	46500000	46750000	0.97632
chr4	46750000	47000000	-0.0400681
chr4	47000000	47250000	0.0886866
chr4	47250000	47500000	0.478837
chr4	47500000	47750000	-0.0633617
chr4	47750000	48000000	0.0309519
chr4	48000000	48250000	0.456022
chr4	48250000	48500000	0.516637
chr4	48500000	48750000	-0.127213
chr4	48750000	49000000	-0.295459
chr4	49000000	49250000	-0.240457
chr4	49250000	49500000	-0.156712
chr4	49500000	49750000	0.438219
chr4	49750000	50000000	-0.265529
chr4	50000000	50250000	-0.323397
chr4	50250000	50500000	-0.388749
chr4	50500000	50750000	-0.376045
chr4	50750000	51000000	-0.375315
chr4	51000000	51250000	-0.350868
chr4	51250000	51500000	-0.327939
chr4	51500000	51750000	-0.327916
chr4	51750000	52000000	-0.330312
chr4	52000000	52250000	-0.341839
chr4	52250000	52500000	0.114359
chr4	52500000	52750000	-0.166441
chr4	52750000	53000000	-0.0353807
chr4	53000000	53250000	0.596976
chr4	53250000	53500000	0.574591
chr4	53500000	53750000	0.124677
chr4	53750000	54000000	-0.0946014
chr4	54000000	54250000	-0.440532
chr4	54250000	54500000	-0.367968
chr4	54500000	54750000	-0.404442
chr4	54750000	55000000	-0.43084
chr4	55000000	55250000	-0.374273
chr4	55250000	55500000	0.0656717
chr4	55500000	55750000	-0.381051
chr4	55750000	56000000	-0.438951
chr4	56000000	56250000	-0.41015
chr4	56250000	56500000	-0.451309
chr4	56500000	56750000	-0.315717
chr4	56750000	57000000	0.447143
chr4	57000000	57250000	-0.380669
chr4	57250000	57500000	-0.380996
chr4	57500000	57750000	-0.309346
chr4	57750000	58000000	0.00916589
chr4	58000000	58250000	-0.273452
chr4	58250000	58500000	-0.330663
chr4	58500000	58750000	-0.22036
chr4	58750000	59000000	0.558652
chr4	59000000	59250000	1.10393
chr4	59250000	59500000	0.75862
chr4	59500000	59750000	0.845263
chr4	59750000	60000000	0.419387
chr4	60000000	60250000	nan
chr4	60250000	60500000	nan
chr4	60500000	60750000	nan
chr4	60750000	61000000	nan
chr4	61000000	61250000	nan
chr4	61250000	61500000	nan
chr4	61500000	61750000	nan
chr4	61750000	62000000	-0.418967
chr4	62000000	62250000	-0.368827
chr4	62250000	62500000	0.654031
chr4	62500000	62750000	0.12032
chr4	62750000	63000000	-0.517188
chr4	63000000	63250000	-0.542803
chr4	63250000	63500000	-0.476918
chr4	63500000	63750000	-0.145086
chr4	63750000	64000000	-0.42418
chr4	64000000	64250000	-0.451823
chr4	64250000	64500000	-0.452856
chr4	64500000	64750000	-0.404947
chr4	64750000	65000000	-0.423212
chr4	65000000	65250000	-0.424412
chr4	65250000	65500000	-0.400186
chr4	65500000	65750000	-0.434298
chr4	65750000	66000000	-0.401623
chr4	66000000	66250000	-0.391641
chr4	66250000	66500000	-0.410038
chr4	66500000	66750000	-0.381057
chr4	66750000	67000000	-0.363734
chr4	67000000	67250000	-0.377476
chr4	67250000	67500000	-0.388994
chr4	67500000	67750000	-0.352897
chr4	67750000	68000000	-0.285384
chr4	68000000	68250000	-0.345527
chr4	68250000	68500000	-0.33703
chr4	68500000	68750000	-0.415203
chr4	68750000	69000000	-0.361416
chr4	69000000	69250000	-0.352013
chr4	69250000	69500000	-0.418939
chr4	69500000	69750000	-0.394088
chr4	69750000	70000000	-0.378164
chr4	70000000	70250000	-0.308782
chr4	70250000	70500000	0.0606495
chr4	70500000	70750000	-0.266893
chr4	70750000	71000000	-0.270946
chr4	71000000	71250000	-0.148432
chr4	71250000	71500000	-0.163976
chr4	71500000	71750000	-0.389418
chr4	71750000	72000000	-0.393315
chr4	72000000	72250000	-0.334366
chr4	72250000	72500000	-0.429446
chr4	72500000	72750000	-0.398493
chr4	72750000	73000000	-0.37345
chr4	73000000	73250000	-0.402067
chr4	73250000	73500000	-0.403481
chr4	73500000	73750000	-0.415547
chr4	73750000	74000000	-0.401971
chr4	74000000	74250000	-0.349637
chr4	74250000	74500000	0.129755
chr4	74500000	74750000	-0.342537
chr4	74750000	75000000	-0.246841
chr4	75000000	75250000	-0.0371971
chr4	75250000	75500000	0.105284
chr4	75500000	75750000	-0.0130978
chr4	75750000	76000000	0.217285
chr4	76000000	76250000	-0.0608279
chr4	76250000	76500000	-0.239106
chr4	76500000	76750000	-0.316808
chr4	76750000	77000000	-0.355556
chr4	77000000	77250000	-0.335375
chr4	77250000	77500000	-0.406624
chr4	77500000	77750000	-0.320603
chr4	77750000	78000000	-0.353587
chr4	78000000	78250000	-0.358047
chr4	78250000	78500000	-0.346624
chr4	78500000	78750000	-0.34116
chr4	78750000	79000000	-0.343892
chr4	79000000	79250000	-0.35569
chr4	79250000	79500000	-0.367419
chr4	79500000	79750000	-0.342299
chr4	79750000	80000000	-0.363539
chr4	80000000	80250000	-0.343589
chr4	80250000	80500000	-0.345802
chr4	80500000	80750000	-0.319407
chr4	80750000	81000000	-0.373268
chr4	81000000	81250000	-0.181798
chr4	81250000	81500000	-0.224977
chr4	81500000	81750000	-0.274579
chr4	81750000	82000000	-0.398637
chr4	82000000	82250000	-0.374752
chr4	82250000	82500000	-0.342874
chr4	82500000	82750000	-0.155646
chr4	82750000	83000000	-0.00645768
chr4	83000000	83250000	-0.115824
chr4	83250000	83500000	0.710224
chr4	83500000	83750000	0.342155
chr4	83750000	84000000	-0.133976
chr4	84000000	84250000	-0.379819
chr4	84250000	84500000	-0.327988
chr4	84500000	84750000	-0.441162
chr4	84750000	85000000	-0.424468
chr4	85000000	85250000	-0.399007
chr4	85250000	85500000	-0.323381
chr4	85500000	85750000	-0.258302
chr4	85750000	86000000	0.146043
chr4	86000000	86250000	-0.0192063
chr4	86250000	86500000	-0.13437
chr4	86500000	86750000	0.625716
chr4	86750000	87000000	0.489845
chr4	87000000	87250000	-0.216709
chr4	87250000	87500000	-0.146722
chr4	87500000	87750000	-0.117707
chr4	87750000	88000000	0.431979
chr4	88000000	88250000	0.468907
chr4	88250000	88500000	0.0919912
chr4	88500000	88750000	0.0324513
chr4	88750000	89000000	0.267307
chr4	89000000	89250000	0.47326
chr4	89250000	89500000	0.575217
chr4	89500000	89750000	0.051883
chr4	89750000	90000000	-0.255221
chr4	90000000	90250000	-0.383274
chr4	90250000	90500000	-0.412457
chr4	90500000	90750000	-0.35273
chr4	90750000	91000000	-0.331081
chr4	91000000	91250000	-0.338983
chr4	91250000	91500000	-0.374065
chr4	91500000	91750000	-0.322589
chr4	91750000	92000000	-0.237307
chr4	92000000	92250000	-0.240003
chr4	92250000	92500000	-0.237147
chr4	92500000	92750000	-0.23731
chr4	92750000	93000000	-0.209428
chr4	93000000	93250000	-0.133012
chr4	93250000	93500000	0.150638
chr4	93500000	93750000	0.180976
chr4	93750000	94000000	-0.0485367
chr4	94000000	94250000	-0.18055
chr4	94250000	94500000	-0.0576589
chr4	94500000	94750000	0.390567
chr4	94750000	95000000	0.129339
chr4	95000000	95250000	0.231416
chr4	95250000	95500000	-0.0623216
chr4	95500000	95750000	-0.162993
chr4	95750000	96000000	-0.283121
chr4	96000000	96250000	-0.403058
chr4	96250000	96500000	-0.407851
chr4	96500000	96750000	-0.345681
chr4	96750000	97000000	-0.369253
chr4	97000000	97250000	-0.328745
chr4	97250000	97500000	-0.359715
chr4	97500000	97750000	-0.35986
chr4	97750000	98000000	-0.374458
chr4	98000000	98250000	-0.350743
chr4	98250000	98500000	-0.194951
chr4	98500000	98750000	-0.354363
chr4	98750000	99000000	-0.173577
chr4	99000000	99250000	-0.314516
chr4	99250000	99500000	-0.402406
chr4	99500000	99750000	-0.21018
chr4	99750000	100000000	0.447409
chr4	100000000	100250000	-0.178849
chr4	100250000	100500000	-0.33155
chr4	100500000	100750000	-0.290921
chr4	100750000	101000000	-0.133396
chr4	101000000	101250000	0.172159
chr4	101250000	101500000	0.104617
chr4	101500000	101750000	0.183232
chr4	101750000	102000000	-0.306166
chr4	102000000	102250000	-0.386304
chr4	102250000	102500000	-0.385876
chr4	102500000	102750000	-0.42764
chr4	102750000	103000000	-0.316402
chr4	103000000	103250000	0.36664
chr4	103250000	103500000	-0.115403
chr4	103500000	103750000	-0.398788
chr4	103750000	104000000	-0.382437
chr4	104000000	104250000	-0.388136
chr4	104250000	104500000	-0.409457
chr4	104500000	104750000	-0.404624
chr4	104750000	105000000	-0.415657
chr4	105000000	105250000	-0.437714
chr4	105250000	105500000	-0.414075
chr4	105500000	105750000	-0.424432
chr4	105750000	106000000	-0.416297
chr4	106000000	106250000	-0.0363542
chr4	106250000	106500000	0.603312
chr4	106500000	106750000	0.388854
chr4	106750000	107000000	0.786347
chr4	107000000	107250000	0.694919
chr4	107250000	107500000	0.57297
chr4	107500000	107750000	0.288907
chr4	107750000	108000000	0.565641
chr4	108000000	108250000	0.38894
chr4	108250000	108500000	0.545449
chr4	108500000	108750000	0.593201
chr4	108750000	109000000	0.489624
chr4	109000000	109250000	0.696083
chr4	109250000	109500000	0.79334
chr4	109500000	109750000	0.65516
chr4	109750000	110000000	0.322922
chr4	110000000	110250000	-0.279561
chr4	110250000	110500000	-0.332594
chr4	110500000	110750000	-0.312733
chr4	110750000	111000000	-0.259125
chr4	111000000	111250000	-0.252402
chr4	111250000	111500000	-0.232658
chr4	111500000	111750000	-0.259363
chr4	111750000	112000000	-0.170152
chr4	112000000	112250000	nan
chr4	112250000	112500000	nan
chr4	112500000	112750000	nan
chr4	112750000	113000000	nan
chr4	113000000	113250000	nan
chr4	113250000	113500000	nan
chr4	113500000	113750000	-0.133111
chr4	113750000	114000000	-0.227984
chr4	114000000	114250000	-0.171952
chr4	114250000	114500000	-0.187517
chr4	114500000	114750000	0.0785049
chr4	114750000	115000000	0.117232
chr4	115000000	115250000	0.543379
chr4	115250000	115500000	-0.152747
chr4	115500000	115750000	-0.0122636
chr4	115750000	116000000	0.479677
chr4	116000000	116250000	0.671409
chr4	116250000	116500000	0.512868
chr4	116500000	116750000	0.897821
chr4	116750000	117000000	0.494128
chr4	117000000	117250000	0.781595
chr4	117250000	117500000	0.294833
chr4	117500000	117750000	0.323101
chr4	117750000	118000000	0.466819
chr4	118000000	118250000	0.425333
chr4	118250000	118500000	0.438588
chr4	118500000	118750000	0.190971
chr4	118750000	119000000	0.0897718
chr4	119000000	119250000	0.814465
chr4	119250000	119500000	0.569205
chr4	119500000	119750000	0.397527
chr4	119750000	120000000	-0.19698
chr4	120000000	120250000	-0.249516
chr4	120250000	120500000	-0.131687
chr4	120500000	120750000	0.683919
chr4	120750000	121000000	0.576863
chr4	121000000	121250000	0.533984
chr4	121250000	121500000	-0.274418
chr4	121500000	121750000	-0.346639
chr4	121750000	122000000	nan
chr4	122000000	122250000	nan
chr4	122250000	122500000	nan
chr4	122500000	122750000	-0.317285
chr4	122750000	123000000	0.290737
chr4	123000000	123250000	0.392974
chr4	123250000	123500000	0.634368
chr4	123500000	123750000	0.420582
chr4	123750000	124000000	0.222543
chr4	124000000	124250000	-0.141991
chr4	124250000	124500000	-0.22686
chr4	124500000	124750000	0.325441
chr4	124750000	125000000	0.606116
chr4	125000000	125250000	0.273537
chr4	125250000	125500000	-0.437577
chr4	125500000	125750000	-0.441554
chr4	125750000	126000000	-0.365508
chr4	126000000	126250000	0.66596
chr4	126250000	126500000	0.665204
chr4	126500000	126750000	0.489071
chr4	126750000	127000000	0.628364
chr4	127000000	127250000	0.291771
chr4	127250000	127500000	-0.389072
chr4	127500000	127750000	-0.533587
chr4	127750000	128000000	-0.43724
chr4	128000000	128250000	-0.537066
chr4	128250000	128500000	-0.508905
chr4	128500000	128750000	0.0663153
chr4	128750000	129000000	0.215482
chr4	129000000	129250000	0.853581
chr4	129250000	129500000	0.799398
chr4	129500000	129750000	0.938764
chr4	129750000	130000000	0.7684
chr4	130000000	130250000	0.535465
chr4	130250000	130500000	0.686246
chr4	130500000	130750000	0.757173
chr4	130750000	131000000	0.566384
chr4	131000000	131250000	0.200052
chr4	131250000	131500000	0.189479
chr4	131500000	131750000	0.187965
chr4	131750000	132000000	0.612851
chr4	132000000	132250000	0.844871
chr4	132250000	132500000	0.963864
chr4	132500000	132750000	0.794309
chr4	132750000	133000000	0.733346
chr4	133000000	133250000	0.581428
chr4	133250000	133500000	0.648874
chr4	133500000	133750000	0.742328
chr4	133750000	134000000	0.648448
chr4	134000000	134250000	0.584744
chr4	134250000	134500000	0.656603
chr4	134500000	134750000	0.591799
chr4	134750000	135000000	0.814501
chr4	135000000	135250000	0.414418
chr4	135250000	135500000	0.742342
chr4	135500000	135750000	0.420308
chr4	135750000	136000000	0.732388
chr4	136000000	136250000	0.678467
chr4	136250000	136500000	0.54903
chr4	136500000	136750000	0.573208
chr4	136750000	137000000	0.286245
chr4	137000000	137250000	0.353001
chr4	137250000	137500000	0.606064
chr4	137500000	137750000	0.490031
chr4	137750000	138000000	0.438227
chr4	138000000	138250000	0.796576
chr4	138250000	138500000	0.598278
chr4	138500000	138750000	-0.13595
chr4	138750000	139000000	0.517342
chr4	139000000	139250000	0.733654
chr4	139250000	139500000	0.896622
chr4	139500000	139750000	0.113833
chr4	139750000	140000000	-0.438285
chr4	140000000	140250000	-0.352038
chr4	140250000	140500000	-0.460825
chr4	140500000	140750000	0.22745
chr4	140750000	141000000	0.639783
chr4	141000000	141250000	0.860503
chr4	141250000	141500000	0.463031
chr4	141500000	141750000	0.792392
chr4	141750000	142000000	0.399419
chr4	142000000	142250000	-0.480167
chr4	142250000	142500000	-0.46542
chr4	142500000	142750000	-0.540959
chr4	142750000	143000000	-0.500139
chr4	143000000	143250000	0.116786
chr4	143250000	143500000	-0.168039
chr4	143500000	143750000	nan
chr4	143750000	144000000	-0.507335
chr4	144000000	144250000	nan
chr4	144250000	144500000	-0.463569
chr4	144500000	144750000	-0.514713
chr4	144750000	145000000	-0.133062
chr4	145000000	145250000	0.438292
chr4	145250000	145500000	-0.298774
chr4	145500000	145750000	-0.278969
chr4	145750000	146000000	nan
chr4	146000000	146250000	-0.36691
chr4	146250000	146500000	-0.280439
chr4	146500000	146750000	nan
chr4	146750000	147000000	nan
chr4	147000000	147250000	-0.465626
chr4	147250000	147500000	-0.350228
chr4	147500000	147750000	-0.396288
chr4	147750000	148000000	0.447118
chr4	148000000	148250000	0.605882
chr4	148250000	148500000	0.291611
chr4	148500000	148750000	0.854705
chr4	148750000	149000000	0.328411
chr4	149000000	149250000	0.822924
chr4	149250000	149500000	0.76336
chr4	149500000	149750000	nan
chr4	149750000	150000000	nan
chr4	150000000	150250000	0.740889
chr4	150250000	150500000	0.954398
chr4	150500000	150750000	0.84936
chr4	150750000	151000000	0.566588
chr4	151000000	151250000	-0.0903731
chr4	151250000	151500000	-0.539542
chr4	151500000	151750000	-0.435592
chr4	151750000	152000000	0.500932
chr4	152000000	152250000	0.850266
chr4	152250000	152500000	0.0693855
chr4	152500000	152750000	-0.437326
chr4	152750000	153000000	-0.454535
chr4	153000000	153250000	-0.427344
chr4	153250000	153500000	-0.341586
chr4	153500000	153750000	-0.370968
chr4	153750000	154000000	-0.0947925
chr4	154000000	154250000	0.206106
chr4	154250000	154500000	-0.394392
chr4	154500000	154750000	-0.489351
chr4	154750000	155000000	0.337877
chr4	155000000	155250000	0.797672
chr4	155250000	155500000	0.371896
chr4	155500000	155750000	1.2287
chr4	155750000	156000000	1.41567
chr4	156000000	156250000	0.679442
chr4	156250000	156500000	nan
chr4	156500000	156508116	nan
#bedGraph section chr5:0-151834684
chr5	0	250000	nan
chr5	250000	500000	nan
chr5	500000	750000	nan
chr5	750000	1000000	nan
chr5	1000000	1250000	nan
chr5	1250000	1500000	nan
chr5	1500000	1750000	nan
chr5	1750000	2000000	nan
chr5	2000000	2250000	nan
chr5	2250000	2500000	nan
chr5	2500000	2750000	nan
chr5	2750000	3000000	nan
chr5	3000000	3250000	-0.190927
chr5	3250000	3500000	0.489396
chr5	3500000	3750000	0.67186
chr5	3750000	4000000	0.596791
chr5	4000000	4250000	0.242247
chr5	4250000	4500000	-0.315185
chr5	4500000	4750000	-0.461768
chr5	4750000	5000000	-0.260167
chr5	5000000	5250000	-0.123284
chr5	5250000	5500000	-0.130285
chr5	5500000	5750000	-0.00424595
chr5	5750000	6000000	-0.378082
chr5	6000000	6250000	nan
chr5	6250000	6500000	-0.694314
chr5	6500000	6750000	-0.593864
chr5	6750000	7000000	-0.577734
chr5	7000000	7250000	-0.610266
chr5	7250000	7500000	-0.57351
chr5	7500000	7750000	-0.443196
chr5	7750000	8000000	-0.575443
chr5	8000000	8250000	-0.285806
chr5	8250000	8500000	0.188684
chr5	8500000	8750000	-0.317314
chr5	8750000	9000000	-0.172722
chr5	9000000	9250000	0.096205
chr5	9250000	9500000	-0.330503
chr5	9500000	9750000	-0.56013
chr5	9750000	10000000	-0.5732
chr5	10000000	10250000	-0.605307
chr5	10250000	10500000	-0.64253
chr5	10500000	10750000	-0.581896
chr5	10750000	11000000	nan
chr5	11000000	11250000	nan
chr5	11250000	11500000	nan
chr5	11500000	11750000	nan
chr5	11750000	12000000	nan
chr5	12000000	12250000	-0.234339
chr5	12250000	12500000	-0.310236
chr5	12500000	12750000	-0.203586
chr5	12750000	13000000	-0.0642301
chr5	13000000	13250000	-0.148689
chr5	13250000	13500000	-0.16046
chr5	13500000	13750000	-0.257068
chr5	13750000	14000000	-0.558026
chr5	14000000	14250000	-0.37448
chr5	14250000	14500000	-0.620214
chr5	14500000	14750000	-0.40863
chr5	14750000	15000000	-0.420599
chr5	15000000	15250000	nan
chr5	15250000	15500000	nan
chr5	15500000	15750000	-0.345442
chr5	15750000	16000000	-0.20284
chr5	16000000	16250000	-0.188728
chr5	16250000	16500000	0.104177
chr5	16500000	16750000	0.253413
chr5	16750000	17000000	0.0394354
chr5	17000000	17250000	-0.237181
chr5	17250000	17500000	-0.222961
chr5	17500000	17750000	-0.0262344
chr5	17750000	18000000	0.532408
chr5	18000000	18250000	0.00363758
chr5	18250000	18500000	-0.263562
chr5	18500000	18750000	-0.502264
chr5	18750000	19000000	-0.520935
chr5	19000000	19250000	-0.413111
chr5	19250000	19500000	-0.242487
chr5	19500000	19750000	-0.349715
chr5	19750000	20000000	-0.307283
chr5	20000000	20250000	-0.267853
chr5	20250000	20500000	-0.184973
chr5	20500000	20750000	-0.0595338
chr5	20750000	21000000	0.934435
chr5	21000000	21250000	0.546051
chr5	21250000	21500000	0.54086
chr5	21500000	21750000	0.679997
chr5	21750000	22000000	0.341297
chr5	22000000	22250000	-0.120884
chr5	22250000	22500000	0.164937
chr5	22500000	22750000	0.251963
chr5	22750000	23000000	-0.118291
chr5	23000000	23250000	0.0527029
chr5	23250000	23500000	0.594094
chr5	23500000	23750000	1.00045
chr5	23750000	24000000	0.949012
chr5	24000000	24250000	0.64963
chr5	24250000	24500000	0.887957
chr5	24500000	24750000	0.715838
chr5	24750000	25000000	0.679524
chr5	25000000	25250000	0.101305
chr5	25250000	25500000	0.596377
chr5	25500000	25750000	0.540962
chr5	25750000	26000000	0.205151
chr5	26000000	26250000	-0.31204
chr5	26250000	26500000	-0.496884
chr5	26500000	26750000	-0.584469
chr5	26750000	27000000	-0.543164
chr5	27000000	27250000	-0.396846
chr5	27250000	27500000	-0.277454
chr5	27500000	27750000	-0.0348204
chr5	27750000	28000000	0.0905356
chr5	28000000	28250000	-0.0523749
chr5	28250000	28500000	0.460757
chr5	28500000	28750000	-0.059643
chr5	28750000	29000000	-0.0711389
chr5	29000000	29250000	0.142069
chr5	29250000	29500000	0.43864
chr5	29500000	29750000	0.660005
chr5	29750000	30000000	0.702934
chr5	30000000	30250000	0.858976
chr5	30250000	30500000	0.330083
chr5	30500000	30750000	0.550322
chr5	30750000	31000000	0.845051
chr5	31000000	31250000	1.11422
chr5	31250000	31500000	0.557329
chr5	31500000	31750000	0.783213
chr5	31750000	32000000	0.436655
chr5	32000000	32250000	0.177447
chr5	32250000	32500000	0.385248
chr5	32500000	32750000	0.471446
chr5	32750000	33000000	0.851984
chr5	33000000	33250000	0.553702
chr5	33250000	33500000	0.734711
chr5	33500000	33750000	0.77994
chr5	33750000	34000000	0.713653
chr5	34000000	34250000	0.569099
chr5	34250000	34500000	0.706926
chr5	34500000	34750000	0.803706
chr5	34750000	35000000	0.663361
chr5	35000000	35250000	0.27479
chr5	35250000	35500000	0.0362896
chr5	35500000	35750000	0.397577
chr5	35750000	36000000	0.0880312
chr5	36000000	36250000	0.038892
chr5	36250000	36500000	0.331451
chr5	36500000	36750000	0.777753
chr5	36750000	37000000	0.201527
chr5	37000000	37250000	-0.362845
chr5	37250000	37500000	-0.506312
chr5	37500000	37750000	-0.552532
chr5	37750000	38000000	-0.403423
chr5	38000000	38250000	0.177418
chr5	38250000	38500000	0.194302
chr5	38500000	38750000	0.130888
chr5	38750000	39000000	-0.32353
chr5	39000000	39250000	-0.571714
chr5	39250000	39500000	-0.518803
chr5	39500000	39750000	-0.527704
chr5	39750000	40000000	-0.412816
chr5	40000000	40250000	-0.442353
chr5	40250000	40500000	-0.405608
chr5	40500000	40750000	-0.491511
chr5	40750000	41000000	-0.409844
chr5	41000000	41250000	-0.230427
chr5	41250000	41500000	-0.284785
chr5	41500000	41750000	0.0686216
chr5	41750000	42000000	0.0106613
chr5	42000000	42250000	-0.213389
chr5	42250000	42500000	0.0177061
chr5	42500000	42750000	0.0334067
chr5	42750000	43000000	-0.230604
chr5	43000000	43250000	0.0119029
chr5	43250000	43500000	0.00669538
chr5	43500000	43750000	-0.11601
chr5	43750000	44000000	0.226021
chr5	44000000	44250000	0.173239
chr5	44250000	44500000	0.0816266
chr5	44500000	44750000	-0.124392
chr5	44750000	45000000	-0.156422
chr5	45000000	45250000	-0.199408
chr5	45250000	45500000	0.0460731
chr5	45500000	45750000	0.274561
chr5	45750000	46000000	0.104337
chr5	46000000	46250000	-0.15555
chr5	46250000	46500000	-0.152207
chr5	46500000	46750000	-0.095633
chr5	46750000	47000000	-0.193768
chr5	47000000	47250000	-0.0696528
chr5	47250000	47500000	0.0559783
chr5	47500000	47750000	-0.156893
chr5	47750000	48000000	-0.146739
chr5	48000000	48250000	-0.0294371
chr5	48250000	48500000	0.116551
chr5	48500000	48750000	0.137381
chr5	48750000	49000000	-0.152989
chr5	49000000	49250000	-0.153128
chr5	49250000	49500000	-0.151234
chr5	49500000	49750000	-0.180563
chr5	49750000	50000000	0.0666877
chr5	50000000	50250000	-0.0661838
chr5	50250000	50500000	-0.185697
chr5	50500000	50750000	-0.226805
chr5	50750000	51000000	-0.0804183
chr5	51000000	51250000	-0.0638254
chr5	51250000	51500000	-0.0960562
chr5	51500000	51750000	0.11868
chr5	51750000	52000000	0.330936
chr5	52000000	52250000	0.42452
chr5	52250000	52500000	-0.0672025
chr5	52500000	52750000	0.229227
chr5	52750000	53000000	0.409763
chr5	53000000	53250000	0.0340023
chr5	53250000	53500000	0.0150009
chr5	53500000	53750000	0.0799937
chr5	53750000	54000000	0.000490381
chr5	54000000	54250000	0.102607
chr5	54250000	54500000	-0.330906
chr5	54500000	54750000	-0.384321
chr5	54750000	55000000	-0.306674
chr5	55000000	55250000	-0.33138
chr5	55250000	55500000	-0.356786
chr5	55500000	55750000	-0.300175
chr5	55750000	56000000	-0.354687
chr5	56000000	56250000	-0.321607
chr5	56250000	56500000	-0.333276
chr5	56500000	56750000	-0.316052
chr5	56750000	57000000	-0.324815
chr5	57000000	57250000	-0.267825
chr5	57250000	57500000	-0.27916
chr5	57500000	57750000	0.0741965
chr5	57750000	58000000	0.465825
chr5	58000000	58250000	-0.024263
chr5	58250000	58500000	-0.20485
chr5	58500000	58750000	-0.23555
chr5	58750000	59000000	-0.270003
chr5	59000000	59250000	-0.303182
chr5	59250000	59500000	-0.291278
chr5	59500000	59750000	-0.265157
chr5	59750000	60000000	-0.335031
chr5	60000000	60250000	-0.329021
chr5	60250000	60500000	-0.265125
chr5	60500000	60750000	-0.330526
chr5	60750000	61000000	-0.37524
chr5	61000000	61250000	-0.323322
chr5	61250000	61500000	-0.348139
chr5	61500000	61750000	-0.335828
chr5	61750000	62000000	-0.376182
chr5	62000000	62250000	-0.402991
chr5	62250000	62500000	-0.439662
chr5	62500000	62750000	-0.314411
chr5	62750000	63000000	-0.319862
chr5	63000000	63250000	-0.225958
chr5	63250000	63500000	-0.308116
chr5	63500000	63750000	-0.292116
chr5	63750000	64000000	-0.0319202
chr5	64000000	64250000	0.336576
chr5	64250000	64500000	0.204428
chr5	64500000	64750000	0.472036
chr5	64750000	65000000	0.291161
chr5	65000000	65250000	0.104739
chr5	65250000	65500000	0.547619
chr5	65500000	65750000	0.74767
chr5	65750000	66000000	0.591491
chr5	66000000	66250000	-0.00622828
chr5	66250000	66500000	-0.413228
chr5	66500000	66750000	-0.542091
chr5	66750000	67000000	-0.611049
chr5	67000000	67250000	-0.459424
chr5	67250000	67500000	0.218403
chr5	67500000	67750000	-0.0493772
chr5	67750000	68000000	0.316247
chr5	68000000	68250000	-0.229332
chr5	68250000	68500000	-0.388257
chr5	68500000	68750000	-0.445502
chr5	68750000	69000000	-0.449225
chr5	69000000	69250000	-0.367183
chr5	69250000	69500000	-0.383158
chr5	69500000	69750000	-0.151147
chr5	69750000	70000000	-0.343294
chr5	70000000	70250000	-0.364843
chr5	70250000	70500000	-0.346604
chr5	70500000	70750000	-0.15113
chr5	70750000	71000000	-0.0943077
chr5	71000000	71250000	-0.268256
chr5	71250000	71500000	-0.338831
chr5	71500000	71750000	-0.26972
chr5	71750000	72000000	-0.22948
chr5	72000000	72250000	0.206127
chr5	72250000	72500000	-0.0221025
chr5	72500000	72750000	0.274601
chr5	72750000	73000000	0.600882
chr5	73000000	73250000	0.539677
chr5	73250000	73500000	0.580588
chr5	73500000	73750000	0.144494
chr5	73750000	74000000	0.0111432
chr5	74000000	74250000	0.35745
chr5	74250000	74500000	0.1247
chr5	74500000	74750000	0.303169
chr5	74750000	75000000	0.0927198
chr5	75000000	75250000	0.21741
chr5	75250000	75500000	0.357105
chr5	75500000	75750000	0.4814
chr5	75750000	76000000	0.298117
chr5	76000000	76250000	0.363179
chr5	76250000	76500000	0.244818
chr5	76500000	76750000	0.562253
chr5	76750000	77000000	0.597171
chr5	77000000	77250000	0.221125
chr5	77250000	77500000	0.144426
chr5	77500000	77750000	-0.594654
chr5	77750000	78000000	-0.466763
chr5	78000000	78250000	-0.460098
chr5	78250000	78500000	-0.4182
chr5	78500000	78750000	-0.338163
chr5	78750000	79000000	-0.308055
chr5	79000000	79250000	-0.347903
chr5	79250000	79500000	-0.314213
chr5	79500000	79750000	-0.346715
chr5	79750000	80000000	-0.348412
chr5	80000000	80250000	-0.325392
chr5	80250000	80500000	-0.330284
chr5	80500000	80750000	-0.320038
chr5	80750000	81000000	-0.354902
chr5	81000000	81250000	-0.272746
chr5	81250000	81500000	-0.318057
chr5	81500000	81750000	nan
chr5	81750000	82000000	-0.226978
chr5	82000000	82250000	-0.108058
chr5	82250000	82500000	-0.231059
chr5	82500000	82750000	-0.248452
chr5	82750000	83000000	-0.0880423
chr5	83000000	83250000	-0.273806
chr5	83250000	83500000	-0.341389
chr5	83500000	83750000	-0.349253
chr5	83750000	84000000	-0.276904
chr5	84000000	84250000	-0.242919
chr5	84250000	84500000	-0.100885
chr5	84500000	84750000	-0.0500493
chr5	84750000	85000000	0.0311179
chr5	85000000	85250000	0.0141265
chr5	85250000	85500000	-0.0920909
chr5	85500000	85750000	-0.2662
chr5	85750000	86000000	-0.201717
chr5	86000000	86250000	0.275743
chr5	86250000	86500000	-0.225388
chr5	86500000	86750000	-0.256012
chr5	86750000	87000000	-0.101926
chr5	87000000	87250000	-0.402857
chr5	87250000	87500000	-0.471948
chr5	87500000	87750000	-0.355011
chr5	87750000	88000000	-0.378289
chr5	88000000	88250000	-0.447964
chr5	88250000	88500000	-0.158279
chr5	88500000	88750000	0.46123
chr5	88750000	89000000	0.193305
chr5	89000000	89250000	-0.202618
chr5	89250000	89500000	-0.34523
chr5	89500000	89750000	-0.356612
chr5	89750000	90000000	-0.470235
chr5	90000000	90250000	-0.0906422
chr5	90250000	90500000	0.355179
chr5	90500000	90750000	0.191862
chr5	90750000	91000000	0.269352
chr5	91000000	91250000	-0.0378427
chr5	91250000	91500000	0.0266118
chr5	91500000	91750000	0.301799
chr5	91750000	92000000	0.417811
chr5	92000000	92250000	0.616752
chr5	92250000	92500000	0.616757
chr5	92500000	92750000	-0.0887523
chr5	92750000	93000000	-0.0734351
chr5	93000000	93250000	0.317196
chr5	93250000	93500000	0.146223
chr5	93500000	93750000	nan
chr5	93750000	94000000	nan
chr5	94000000	94250000	nan
chr5	94250000	94500000	nan
chr5	94500000	94750000	nan
chr5	94750000	95000000	nan
chr5	95000000	95250000	nan
chr5	95250000	95500000	nan
chr5	95500000	95750000	nan
chr5	95750000	96000000	-0.401781
chr5	96000000	96250000	0.354541
chr5	96250000	96500000	-0.213411
chr5	96500000	96750000	-0.0356881
chr5	96750000	97000000	0.532417
chr5	97000000	97250000	0.316261
chr5	97250000	97500000	-0.183358
chr5	97500000	97750000	-0.389362
chr5	97750000	98000000	-0.440886
chr5	98000000	98250000	-0.384093
chr5	98250000	98500000	-0.427099
chr5	98500000	98750000	-0.426384
chr5	98750000	99000000	-0.449333
chr5	99000000	99250000	-0.407803
chr5	99250000	99500000	-0.471699
chr5	99500000	99750000	-0.48914
chr5	99750000	100000000	-0.174844
chr5	100000000	100250000	-0.0846041
chr5	100250000	100500000	0.246186
chr5	100500000	100750000	0.337778
chr5	100750000	101000000	-0.104556
chr5	101000000	101250000	-0.468638
chr5	101250000	101500000	-0.522225
chr5	101500000	101750000	-0.444322
chr5	101750000	102000000	-0.449661
chr5	102000000	102250000	-0.474801
chr5	102250000	102500000	-0.434144
chr5	102500000	102750000	-0.444929
chr5	102750000	103000000	-0.529878
chr5	103000000	103250000	-0.499836
chr5	103250000	103500000	-0.413589
chr5	103500000	103750000	-0.0619818
chr5	103750000	104000000	0.102862
chr5	104000000	104250000	-0.157937
chr5	104250000	104500000	-0.398397
chr5	104500000	104750000	-0.0652667
chr5	104750000	105000000	-0.361732
chr5	105000000	105250000	-0.424645
chr5	105250000	105500000	0.00404248
chr5	105500000	105750000	0.136656
chr5	105750000	106000000	-0.0974965
chr5	106000000	106250000	-0.531407
chr5	106250000	106500000	-0.483964
chr5	106500000	106750000	0.0573127
chr5	106750000	107000000	0.215949
chr5	107000000	107250000	0.464736
chr5	107250000	107500000	0.339097
chr5	107500000	107750000	0.269992
chr5	107750000	108000000	0.631907
chr5	108000000	108250000	0.508758
chr5	108250000	108500000	0.513363
chr5	108500000	108750000	0.45183
chr5	108750000	109000000	-0.292128
chr5	109000000	109250000	-0.298829
chr5	109250000	109500000	-0.348604
chr5	109500000	109750000	-7.80337e-05
chr5	109750000	110000000	0.00815826
chr5	110000000	110250000	0.337274
chr5	110250000	110500000	0.536502
chr5	110500000	110750000	0.430626
chr5	110750000	111000000	0.405582
chr5	111000000	111250000	-0.111707
chr5	111250000	111500000	-0.0280682
chr5	111500000	111750000	-0.450034
chr5	111750000	112000000	-0.391628
chr5	112000000	112250000	-0.275041
chr5	112250000	112500000	0.225371
chr5	112500000	112750000	-0.41892
chr5	112750000	113000000	-0.485544
chr5	113000000	113250000	-0.481614
chr5	113250000	113500000	-0.450356
chr5	113500000	113750000	-0.318849
chr5	113750000	114000000	0.397981
chr5	114000000	114250000	0.392982
chr5	114250000	114500000	0.473229
chr5	114500000	114750000	0.492201
chr5	114750000	115000000	0.694808
chr5	115000000	115250000	0.892321
chr5	115250000	115500000	0.783392
chr5	115500000	115750000	0.706325
chr5	115750000	116000000	0.43944
chr5	116000000	116250000	-0.0528158
chr5	116250000	116500000	-0.397164
chr5	116500000	116750000	-0.409901
chr5	116750000	117000000	-0.369434
chr5	117000000	117250000	0.39152
chr5	117250000	117500000	0.160218
chr5	117500000	117750000	-0.462407
chr5	117750000	118000000	-0.388695
chr5	118000000	118250000	-0.0590726
chr5	118250000	118500000	0.0519124
chr5	118500000	118750000	0.156945
chr5	118750000	119000000	-0.404424
chr5	119000000	119250000	-0.51406
chr5	119250000	119500000	-0.545088
chr5	119500000	119750000	-0.448223
chr5	119750000	120000000	-0.522562
chr5	120000000	120250000	-0.0484358
chr5	120250000	120500000	-0.0404213
chr5	120500000	120750000	0.52722
chr5	120750000	121000000	0.221636
chr5	121000000	121250000	0.552125
chr5	121250000	121500000	0.751885
chr5	121500000	121750000	0.846713
chr5	121750000	122000000	0.653869
chr5	122000000	122250000	0.688277
chr5	122250000	122500000	0.883755
chr5	122500000	122750000	0.768816
chr5	122750000	123000000	0.804165
chr5	123000000	123250000	0.759662
chr5	123250000	123500000	0.754313
chr5	123500000	123750000	0.771938
chr5	123750000	124000000	0.71012
chr5	124000000	124250000	0.820824
chr5	124250000	124500000	0.838429
chr5	124500000	124750000	0.517959
chr5	124750000	125000000	-0.130785
chr5	125000000	125250000	-0.374792
chr5	125250000	125500000	0.501533
chr5	125500000	125750000	-0.320626
chr5	125750000	126000000	-0.392437
chr5	126000000	126250000	-0.399425
chr5	126250000	126500000	-0.420334
chr5	126500000	126750000	-0.35481
chr5	126750000	127000000	-0.386209
chr5	127000000	127250000	-0.345831
chr5	127250000	127500000	-0.370159
chr5	127500000	127750000	-0.239694
chr5	127750000	128000000	-0.432035
chr5	128000000	128250000	-0.408857
chr5	128250000	128500000	-0.404185
chr5	128500000	128750000	-0.307025
chr5	128750000	129000000	-0.380732
chr5	129000000	129250000	-0.181302
chr5	129250000	129500000	-0.344453
chr5	129500000	129750000	0.233316
chr5	129750000	130000000	0.750834
chr5	130000000	130250000	0.576209
chr5	130250000	130500000	-0.00208793
chr5	130500000	130750000	-0.413855
chr5	130750000	131000000	-0.392819
chr5	131000000	131250000	-0.442438
chr5	131250000	131500000	-0.445115
chr5	131500000	131750000	-0.417556
chr5	131750000	132000000	-0.430378
chr5	132000000	132250000	-0.232076
chr5	132250000	132500000	0.082968
chr5	132500000	132750000	-0.268894
chr5	132750000	133000000	-0.406052
chr5	133000000	133250000	-0.417583
chr5	133250000	133500000	-0.486421
chr5	133500000	133750000	-0.504347
chr5	133750000	134000000	-0.454466
chr5	134000000	134250000	0.02868
chr5	134250000	134500000	0.428651
chr5	134500000	134750000	0.430706
chr5	134750000	135000000	0.419493
chr5	135000000	135250000	0.733314
chr5	135250000	135500000	0.434114
chr5	135500000	135750000	0.552118
chr5	135750000	136000000	0.695893
chr5	136000000	136250000	0.639074
chr5	136250000	136500000	0.214514
chr5	136500000	136750000	0.224585
chr5	136750000	137000000	0.344248
chr5	137000000	137250000	0.74036
chr5	137250000	137500000	0.535647
chr5	137500000	137750000	0.903634
chr5	137750000	138000000	0.581688
chr5	138000000	138250000	0.541911
chr5	138250000	138500000	0.19521
chr5	138500000	138750000	0.305211
chr5	138750000	139000000	0.218156
chr5	139000000	139250000	0.379467
chr5	139250000	139500000	0.827522
chr5	139500000	139750000	0.521772
chr5	139750000	140000000	0.503556
chr5	140000000	140250000	0.353554
chr5	140250000	140500000	0.63226
chr5	140500000	140750000	0.489764
chr5	140750000	141000000	-0.0797722
chr5	141000000	141250000	-0.619442
chr5	141250000	141500000	-0.522566
chr5	141500000	141750000	-0.509577
chr5	141750000	142000000	-0.545377
chr5	142000000	142250000	-0.540103
chr5	142250000	142500000	0.153046
chr5	142500000	142750000	0.327998
chr5	142750000	143000000	0.509858
chr5	143000000	143250000	0.6663
chr5	143250000	143500000	0.516523
chr5	143500000	143750000	0.795072
chr5	143750000	144000000	0.643378
chr5	144000000	144250000	0.520639
chr5	144250000	144500000	-0.301143
chr5	144500000	144750000	-0.448091
chr5	144750000	145000000	0.384399
chr5	145000000	145250000	0.779439
chr5	145250000	145500000	-0.127217
chr5	145500000	145750000	-0.609348
chr5	145750000	146000000	-0.587035
chr5	146000000	146250000	-0.155206
chr5	146250000	146500000	0.0453422
chr5	146500000	146750000	0.156492
chr5	146750000	147000000	0.491571
chr5	147000000	147250000	0.0636717
chr5	147250000	147500000	0.384053
chr5	147500000	147750000	0.34233
chr5	147750000	148000000	0.273038
chr5	148000000	148250000	-0.524643
chr5	148250000	148500000	0.181784
chr5	148500000	148750000	-0.0314492
chr5	148750000	149000000	0.13202
chr5	149000000	149250000	0.675666
chr5	149250000	149500000	0.24693
chr5	149500000	149750000	0.202284
chr5	149750000	150000000	-0.438618
chr5	150000000	150250000	-0.59528
chr5	150250000	150500000	-0.457312
chr5	150500000	150750000	0.545591
chr5	150750000	151000000	-0.161089
chr5	151000000	151250000	-0.337702
chr5	151250000	151500000	0.133458
chr5	151500000	151750000	0.00565038
chr5	151750000	151834684	nan
#bedGraph section chr6:0-149736546
chr6	0	250000	nan
chr6	250000	500000	nan
chr6	500000	750000	nan
chr6	750000	1000000	nan
chr6	1000000	1250000	nan
chr6	1250000	1500000	nan
chr6	1500000	1750000	nan
chr6	1750000	2000000	nan
chr6	2000000	2250000	nan
chr6	2250000	2500000	nan
chr6	2500000	2750000	nan
chr6	2750000	3000000	nan
chr6	3000000	3250000	-0.31885
chr6	3250000	3500000	-0.080253
chr6	3500000	3750000	-0.077077
chr6	3750000	4000000	-0.418934
chr6	4000000	4250000	0.0869783
chr6	4250000	4500000	-0.114459
chr6	4500000	4750000	0.361865
chr6	4750000	5000000	-0.20557
chr6	5000000	5250000	0.178674
chr6	5250000	5500000	0.603346
chr6	5500000	5750000	-0.157058
chr6	5750000	6000000	-0.175832
chr6	6000000	6250000	0.180496
chr6	6250000	6500000	-0.110888
chr6	6500000	6750000	0.0692334
chr6	6750000	7000000	-0.223891
chr6	7000000	7250000	-0.0967585
chr6	7250000	7500000	-0.212416
chr6	7500000	7750000	0.289834
chr6	7750000	8000000	0.40364
chr6	8000000	8250000	0.333032
chr6	8250000	8500000	0.803412
chr6	8500000	8750000	0.599616
chr6	8750000	9000000	0.173803
chr6	9000000	9250000	-0.236792
chr6	9250000	9500000	-0.264058
chr6	9500000	9750000	-0.370547
chr6	9750000	10000000	-0.426052
chr6	10000000	10250000	-0.461673
chr6	10250000	10500000	-0.470551
chr6	10500000	10750000	-0.527802
chr6	10750000	11000000	-0.399851
chr6	11000000	11250000	-0.156426
chr6	11250000	11500000	-0.204994
chr6	11500000	11750000	0.0746017
chr6	11750000	12000000	nan
chr6	12000000	12250000	-0.0124305
chr6	12250000	12500000	-0.255593
chr6	12500000	12750000	-0.323965
chr6	12750000	13000000	-0.30116
chr6	13000000	13250000	-0.247388
chr6	13250000	13500000	-0.134562
chr6	13500000	13750000	0.353922
chr6	13750000	14000000	0.0936224
chr6	14000000	14250000	-0.247362
chr6	14250000	14500000	-0.385891
chr6	14500000	14750000	-0.448013
chr6	14750000	15000000	-0.407874
chr6	15000000	15250000	-0.204684
chr6	15250000	15500000	-0.406257
chr6	15500000	15750000	-0.445813
chr6	15750000	16000000	-0.226976
chr6	16000000	16250000	-0.406143
chr6	16250000	16500000	-0.466982
chr6	16500000	16750000	-0.411903
chr6	16750000	17000000	-0.339881
chr6	17000000	17250000	-0.170124
chr6	17250000	17500000	-0.268274
chr6	17500000	17750000	0.442405
chr6	17750000	18000000	0.770938
chr6	18000000	18250000	0.0423727
chr6	18250000	18500000	-0.0421288
chr6	18500000	18750000	-0.132239
chr6	18750000	19000000	-0.0336359
chr6	19000000	19250000	-0.37896
chr6	19250000	19500000	-0.384338
chr6	19500000	19750000	-0.306453
chr6	19750000	20000000	-0.355013
chr6	20000000	20250000	-0.520668
chr6	20250000	20500000	-0.426209
chr6	20500000	20750000	-0.371687
chr6	20750000	21000000	-0.348811
chr6	21000000	21250000	-0.266873
chr6	21250000	21500000	-0.121831
chr6	21500000	21750000	-0.159333
chr6	21750000	22000000	0.198011
chr6	22000000	22250000	-0.0502696
chr6	22250000	22500000	0.640642
chr6	22500000	22750000	-0.0812196
chr6	22750000	23000000	-0.264543
chr6	23000000	23250000	-0.272602
chr6	23250000	23500000	-0.443798
chr6	23500000	23750000	-0.336944
chr6	23750000	24000000	-0.524245
chr6	24000000	24250000	-0.354981
chr6	24250000	24500000	-0.339867
chr6	24500000	24750000	0.485583
chr6	24750000	25000000	-0.242969
chr6	25000000	25250000	-0.305267
chr6	25250000	25500000	-0.251325
chr6	25500000	25750000	-0.225941
chr6	25750000	26000000	0.0382312
chr6	26000000	26250000	-0.347943
chr6	26250000	26500000	-0.261221
chr6	26500000	26750000	-0.257067
chr6	26750000	27000000	-0.0446915
chr6	27000000	27250000	-0.0925103
chr6	27250000	27500000	0.204429
chr6	27500000	27750000	-0.161667
chr6	27750000	28000000	-0.107016
chr6	28000000	28250000	0.143784
chr6	28250000	28500000	0.111792
chr6	28500000	28750000	0.385537
chr6	28750000	29000000	0.0686641
chr6	29000000	29250000	0.0907346
chr6	29250000	29500000	0.43178
chr6	29500000	29750000	0.488267
chr6	29750000	30000000	0.319731
chr6	30000000	30250000	0.48269
chr6	30250000	30500000	0.556461
chr6	30500000	30750000	0.42019
chr6	30750000	31000000	0.240647
chr6	31000000	31250000	0.308324
chr6	31250000	31500000	0.187147
chr6	31500000	31750000	0.517444
chr6	31750000	32000000	0.0281637
chr6	32000000	32250000	-0.193911
chr6	32250000	32500000	0.0403084
chr6	32500000	32750000	-0.0788412
chr6	32750000	33000000	0.0997298
chr6	33000000	33250000	0.147269
chr6	33250000	33500000	0.132034
chr6	33500000	33750000	-0.0393222
chr6	33750000	34000000	-0.0796109
chr6	34000000	34250000	0.13471
chr6	34250000	34500000	0.151819
chr6	34500000	34750000	-0.0479044
chr6	34750000	35000000	0.268835
chr6	35000000	35250000	0.497745
chr6	35250000	35500000	-0.0858066
chr6	35500000	35750000	0.0382046
chr6	35750000	36000000	-0.200806
chr6	36000000	36250000	-0.344291
chr6	36250000	36500000	-0.248959
chr6	36500000	36750000	-0.276356
chr6	36750000	37000000	-0.259533
chr6	37000000	37250000	-0.179125
chr6	37250000	37500000	-0.0478187
chr6	37500000	37750000	0.0134854
chr6	37750000	38000000	0.289593
chr6	38000000	38250000	0.0429331
chr6	38250000	38500000	0.715885
chr6	38500000	38750000	0.472553
chr6	38750000	39000000	0.555636
chr6	39000000	39250000	0.252907
chr6	39250000	39500000	0.424728
chr6	39500000	39750000	0.322111
chr6	39750000	40000000	0.0282711
chr6	40000000	40250000	-0.0422655
chr6	40250000	40500000	0.244185
chr6	40500000	40750000	-0.153842
chr6	40750000	41000000	-0.18635
chr6	41000000	41250000	0.0771587
chr6	41250000	41500000	-0.149705
chr6	41500000	41750000	0.125524
chr6	41750000	42000000	-0.204798
chr6	42000000	42250000	-0.255423
chr6	42250000	42500000	0.0746928
chr6	42500000	42750000	-0.310586
chr6	42750000	43000000	-0.411392
chr6	43000000	43250000	-0.379123
chr6	43250000	43500000	-0.178575
chr6	43500000	43750000	-0.0847236
chr6	43750000	44000000	-0.338026
chr6	44000000	44250000	-0.405923
chr6	44250000	44500000	-0.35783
chr6	44500000	44750000	-0.240624
chr6	44750000	45000000	-0.0268323
chr6	45000000	45250000	-0.290275
chr6	45250000	45500000	-0.317951
chr6	45500000	45750000	-0.392991
chr6	45750000	46000000	-0.269864
chr6	46000000	46250000	-0.354837
chr6	46250000	46500000	-0.292519
chr6	46500000	46750000	-0.336754
chr6	46750000	47000000	-0.343505
chr6	47000000	47250000	-0.121322
chr6	47250000	47500000	0.134766
chr6	47500000	47750000	0.502433
chr6	47750000	48000000	1.16806
chr6	48000000	48250000	0.667533
chr6	48250000	48500000	0.358299
chr6	48500000	48750000	0.493282
chr6	48750000	49000000	0.217906
chr6	49000000	49250000	0.676694
chr6	49250000	49500000	0.647809
chr6	49500000	49750000	0.131961
chr6	49750000	50000000	0.185248
chr6	50000000	50250000	0.668203
chr6	50250000	50500000	0.162852
chr6	50500000	50750000	0.192151
chr6	50750000	51000000	0.210327
chr6	51000000	51250000	0.31727
chr6	51250000	51500000	0.457321
chr6	51500000	51750000	0.10177
chr6	51750000	52000000	0.353949
chr6	52000000	52250000	0.23194
chr6	52250000	52500000	0.0997993
chr6	52500000	52750000	0.707365
chr6	52750000	53000000	0.143363
chr6	53000000	53250000	-0.142558
chr6	53250000	53500000	-0.25037
chr6	53500000	53750000	-0.274142
chr6	53750000	54000000	-0.272457
chr6	54000000	54250000	-0.223658
chr6	54250000	54500000	0.001569
chr6	54500000	54750000	0.35954
chr6	54750000	55000000	0.688561
chr6	55000000	55250000	0.284781
chr6	55250000	55500000	-0.0223682
chr6	55500000	55750000	-0.00970264
chr6	55750000	56000000	0.0571361
chr6	56000000	56250000	0.0615378
chr6	56250000	56500000	0.0037465
chr6	56500000	56750000	0.150104
chr6	56750000	57000000	0.657576
chr6	57000000	57250000	0.0701797
chr6	57250000	57500000	0.0416517
chr6	57500000	57750000	0.161291
chr6	57750000	58000000	0.232057
chr6	58000000	58250000	-0.135837
chr6	58250000	58500000	-0.196296
chr6	58500000	58750000	0.27594
chr6	58750000	59000000	0.0813531
chr6	59000000	59250000	-0.0331379
chr6	59250000	59500000	-0.207914
chr6	59500000	59750000	-0.318015
chr6	59750000	60000000	-0.231868
chr6	60000000	60250000	-0.280472
chr6	60250000	60500000	-0.227205
chr6	60500000	60750000	-0.0891597
chr6	60750000	61000000	0.148718
chr6	61000000	61250000	-0.0493229
chr6	61250000	61500000	-0.155326
chr6	61500000	61750000	-0.200587
chr6	61750000	62000000	-0.206449
chr6	62000000	62250000	-0.229223
chr6	62250000	62500000	-0.205631
chr6	62500000	62750000	-0.141204
chr6	62750000	63000000	-0.166054
chr6	63000000	63250000	-0.272936
chr6	63250000	63500000	-0.147756
chr6	63500000	63750000	-0.169703
chr6	63750000	64000000	-0.213585
chr6	64000000	64250000	-0.137957
chr6	64250000	64500000	-0.287494
chr6	64500000	64750000	-0.212351
chr6	64750000	65000000	-0.0500351
chr6	65000000	65250000	0.160294
chr6	65250000	65500000	-0.0289402
chr6	65500000	65750000	0.178268
chr6	65750000	66000000	0.00809348
chr6	66000000	66250000	0.309639
chr6	66250000	66500000	0.420834
chr6	66500000	66750000	0.0825197
chr6	66750000	67000000	0.125206
chr6	67000000	67250000	0.432481
chr6	67250000	67500000	0.412373
chr6	67500000	67750000	-0.150164
chr6	67750000	68000000	-0.123233
chr6	68000000	68250000	-0.194782
chr6	68250000	68500000	-0.115413
chr6	68500000	68750000	-0.134618
chr6	68750000	69000000	-0.100133
chr6	69000000	69250000	-0.0426262
chr6	69250000	69500000	-0.0223485
chr6	69500000	69750000	-0.13894
chr6	69750000	70000000	-0.121495
chr6	70000000	70250000	-0.103002
chr6	70250000	70500000	-0.0572479
chr6	70500000	70750000	0.197051
chr6	70750000	71000000	0.527029
chr6	71000000	71250000	0.185902
chr6	71250000	71500000	0.598773
chr6	71500000	71750000	0.708627
chr6	71750000	72000000	0.720392
chr6	72000000	72250000	0.534633
chr6	72250000	72500000	1.03164
chr6	72500000	72750000	0.834017
chr6	72750000	73000000	0.510078
chr6	73000000	73250000	0.404039
chr6	73250000	73500000	0.121938
chr6	73500000	73750000	-0.0917767
chr6	73750000	74000000	-0.0945774
chr6	74000000	74250000	-0.115752
chr6	74250000	74500000	-0.0606572
chr6	74500000	74750000	0.02772
chr6	74750000	75000000	-0.111128
chr6	75000000	75250000	-0.0961155
chr6	75250000	75500000	-0.114857
chr6	75500000	75750000	-0.0701578
chr6	75750000	76000000	-0.106743
chr6	76000000	76250000	-0.0384059
chr6	76250000	76500000	-0.162372
chr6	76500000	76750000	-0.0827526
chr6	76750000	77000000	-0.0923758
chr6	77000000	77250000	-0.110689
chr6	77250000	77500000	-0.115719
chr6	77500000	77750000	-0.050481
chr6	77750000	78000000	-0.146643
chr6	78000000	78250000	-0.16301
chr6	78250000	78500000	-0.127924
chr6	78500000	78750000	-0.118543
chr6	78750000	79000000	-0.0957251
chr6	79000000	79250000	-0.0667273
chr6	79250000	79500000	-0.0672286
chr6	79500000	79750000	-0.11105
chr6	79750000	80000000	-0.128945
chr6	80000000	80250000	-0.0487061
chr6	80250000	80500000	-0.0688101
chr6	80500000	80750000	-0.0829167
chr6	80750000	81000000	-0.18232
chr6	81000000	81250000	-0.0950615
chr6	81250000	81500000	-0.153597
chr6	81500000	81750000	-0.142314
chr6	81750000	82000000	0.14955
chr6	82000000	82250000	0.100471
chr6	82250000	82500000	0.0497633
chr6	82500000	82750000	0.435809
chr6	82750000	83000000	0.717803
chr6	83000000	83250000	0.919668
chr6	83250000	83500000	0.686978
chr6	83500000	83750000	0.490994
chr6	83750000	84000000	0.676293
chr6	84000000	84250000	0.222418
chr6	84250000	84500000	0.220214
chr6	84500000	84750000	0.230125
chr6	84750000	85000000	0.341833
chr6	85000000	85250000	0.324898
chr6	85250000	85500000	0.372926
chr6	85500000	85750000	0.363528
chr6	85750000	86000000	0.447462
chr6	86000000	86250000	0.581409
chr6	86250000	86500000	0.713405
chr6	86500000	86750000	0.751558
chr6	86750000	87000000	0.708675
chr6	87000000	87250000	0.577566
chr6	87250000	87500000	0.359409
chr6	87500000	87750000	0.619004
chr6	87750000	88000000	0.734927
chr6	88000000	88250000	0.837889
chr6	88250000	88500000	0.701924
chr6	88500000	88750000	0.557256
chr6	88750000	89000000	0.678008
chr6	89000000	89250000	0.333254
chr6	89250000	89500000	0.489258
chr6	89500000	89750000	0.375146
chr6	89750000	90000000	0.146075
chr6	90000000	90250000	0.210535
chr6	90250000	90500000	0.358211
chr6	90500000	90750000	0.595697
chr6	90750000	91000000	0.225842
chr6	91000000	91250000	0.46166
chr6	91250000	91500000	0.483124
chr6	91500000	91750000	0.48792
chr6	91750000	92000000	0.4374
chr6	92000000	92250000	0.680436
chr6	92250000	92500000	0.0424292
chr6	92500000	92750000	-0.041062
chr6	92750000	93000000	-0.0526212
chr6	93000000	93250000	-0.0878101
chr6	93250000	93500000	-0.0424577
chr6	93500000	93750000	-0.00848783
chr6	93750000	94000000	0.179582
chr6	94000000	94250000	0.0311649
chr6	94250000	94500000	0.055673
chr6	94500000	94750000	0.537048
chr6	94750000	95000000	0.27947
chr6	95000000	95250000	0.239963
chr6	95250000	95500000	0.103696
chr6	95500000	95750000	0.41952
chr6	95750000	96000000	-0.0867652
chr6	96000000	96250000	-0.0862556
chr6	96250000	96500000	-0.0773433
chr6	96500000	96750000	-0.11329
chr6	96750000	97000000	-0.107616
chr6	97000000	97250000	0.454539
chr6	97250000	97500000	0.0237096
chr6	97500000	97750000	-0.0457156
chr6	97750000	98000000	0.0261839
chr6	98000000	98250000	-0.0122505
chr6	98250000	98500000	-0.0616145
chr6	98500000	98750000	-0.0169562
chr6	98750000	99000000	0.182392
chr6	99000000	99250000	0.611007
chr6	99250000	99500000	0.401183
chr6	99500000	99750000	0.120108
chr6	99750000	100000000	-0.0813571
chr6	100000000	100250000	0.0858073
chr6	100250000	100500000	0.157515
chr6	100500000	100750000	0.334642
chr6	100750000	101000000	0.161977
chr6	101000000	101250000	-0.139221
chr6	101250000	101500000	-0.0930742
chr6	101500000	101750000	-0.110459
chr6	101750000	102000000	-0.0574319
chr6	102000000	102250000	-0.0619217
chr6	102250000	102500000	-0.0460293
chr6	102500000	102750000	-0.00749228
chr6	102750000	103000000	-0.047478
chr6	103000000	103250000	-0.0384771
chr6	103250000	103500000	-0.152786
chr6	103500000	103750000	-0.34143
chr6	103750000	104000000	-0.0651403
chr6	104000000	104250000	-0.0696915
chr6	104250000	104500000	-0.08356
chr6	104500000	104750000	0.0925496
chr6	104750000	105000000	0.174646
chr6	105000000	105250000	-0.111989
chr6	105250000	105500000	-0.168866
chr6	105500000	105750000	-0.0655835
chr6	105750000	106000000	-0.110275
chr6	106000000	106250000	-0.0893079
chr6	106250000	106500000	-0.120315
chr6	106500000	106750000	0.0263762
chr6	106750000	107000000	0.118669
chr6	107000000	107250000	-0.100363
chr6	107250000	107500000	-0.146511
chr6	107500000	107750000	-0.0547443
chr6	107750000	108000000	-0.0666872
chr6	108000000	108250000	0.451241
chr6	108250000	108500000	0.485219
chr6	108500000	108750000	0.436207
chr6	108750000	109000000	0.343692
chr6	109000000	109250000	-0.0951814
chr6	109250000	109500000	-0.092786
chr6	109500000	109750000	-0.128638
chr6	109750000	110000000	-0.0511054
chr6	110000000	110250000	-0.0951151
chr6	110250000	110500000	-0.083966
chr6	110500000	110750000	-0.153459
chr6	110750000	111000000	-0.167893
chr6	111000000	111250000	-0.137666
chr6	111250000	111500000	-0.19753
chr6	111500000	111750000	-0.201124
chr6	111750000	112000000	-0.11801
chr6	112000000	112250000	-0.136795
chr6	112250000	112500000	-0.0617984
chr6	112500000	112750000	0.23009
chr6	112750000	113000000	0.232316
chr6	113000000	113250000	0.811583
chr6	113250000	113500000	0.847543
chr6	113500000	113750000	0.855738
chr6	113750000	114000000	0.00537785
chr6	114000000	114250000	-0.188365
chr6	114250000	114500000	-0.177426
chr6	114500000	114750000	nan
chr6	114750000	115000000	0.587813
chr6	115000000	115250000	0.265694
chr6	115250000	115500000	0.545143
chr6	115500000	115750000	0.654716
chr6	115750000	116000000	0.76449
chr6	116000000	116250000	0.6349
chr6	116250000	116500000	0.730378
chr6	116500000	116750000	0.191602
chr6	116750000	117000000	-0.229484
chr6	117000000	117250000	-0.207725
chr6	117250000	117500000	-0.233076
chr6	117500000	117750000	-0.19857
chr6	117750000	118000000	0.690615
chr6	118000000	118250000	0.384058
chr6	118250000	118500000	0.448644
chr6	118500000	118750000	0.461776
chr6	118750000	119000000	0.509505
chr6	119000000	119250000	0.317619
chr6	119250000	119500000	0.689084
chr6	119500000	119750000	0.434551
chr6	119750000	120000000	0.723324
chr6	120000000	120250000	0.614967
chr6	120250000	120500000	0.535
chr6	120500000	120750000	0.690783
chr6	120750000	121000000	0.893257
chr6	121000000	121250000	0.741899
chr6	121250000	121500000	0.457179
chr6	121500000	121750000	0.144714
chr6	121750000	122000000	0.0302594
chr6	122000000	122250000	0.0905047
chr6	122250000	122500000	0.733809
chr6	122500000	122750000	0.556731
chr6	122750000	123000000	0.665008
chr6	123000000	123250000	0.166229
chr6	123250000	123500000	nan
chr6	123500000	123750000	nan
chr6	123750000	124000000	0.163701
chr6	124000000	124250000	0.0972866
chr6	124250000	124500000	0.657536
chr6	124500000	124750000	0.749866
chr6	124750000	125000000	0.877016
chr6	125000000	125250000	1.06224
chr6	125250000	125500000	0.0174438
chr6	125500000	125750000	-0.229508
chr6	125750000	126000000	-0.223459
chr6	126000000	126250000	-0.241299
chr6	126250000	126500000	-0.224507
chr6	126500000	126750000	-0.250671
chr6	126750000	127000000	0.227193
chr6	127000000	127250000	0.423223
chr6	127250000	127500000	0.419677
chr6	127500000	127750000	-0.0539425
chr6	127750000	128000000	-0.217474
chr6	128000000	128250000	-0.197113
chr6	128250000	128500000	0.445258
chr6	128500000	128750000	-0.117661
chr6	128750000	129000000	-0.0995323
chr6	129000000	129250000	-0.178092
chr6	129250000	129500000	-0.0388262
chr6	129500000	129750000	0.172246
chr6	129750000	130000000	-0.198454
chr6	130000000	130250000	-0.0842503
chr6	130250000	130500000	-0.101759
chr6	130500000	130750000	-0.178087
chr6	130750000	131000000	-0.182233
chr6	131000000	131250000	-0.12202
chr6	131250000	131500000	0.267093
chr6	131500000	131750000	-0.276382
chr6	131750000	132000000	-0.246682
chr6	132000000	132250000	-0.218591
chr6	132250000	132500000	-0.222406
chr6	132500000	132750000	-0.167606
chr6	132750000	133000000	-0.0376439
chr6	133000000	133250000	0.131782
chr6	133250000	133500000	-0.146081
chr6	133500000	133750000	-0.128608
chr6	133750000	134000000	0.244652
chr6	134000000	134250000	0.899064
chr6	134250000	134500000	0.381478
chr6	134500000	134750000	0.862997
chr6	134750000	135000000	1.02353
chr6	135000000	135250000	0.456521
chr6	135250000	135500000	0.105386
chr6	135500000	135750000	-0.124427
chr6	135750000	136000000	-0.0974019
chr6	136000000	136250000	-0.213856
chr6	136250000	136500000	0.249019
chr6	136500000	136750000	0.582562
chr6	136750000	137000000	0.819195
chr6	137000000	137250000	-0.139367
chr6	137250000	137500000	-0.121581
chr6	137500000	137750000	-0.0665262
chr6	137750000	138000000	0.161885
chr6	138000000	138250000	-0.254524
chr6	138250000	138500000	-0.186142
chr6	138500000	138750000	-0.119804
chr6	138750000	139000000	-0.120332
chr6	139000000	139250000	-0.0259242
chr6	139250000	139500000	-0.0949788
chr6	139500000	139750000	-0.0852118
chr6	139750000	140000000	-0.0632665
chr6	140000000	140250000	-0.0450788
chr6	140250000	140500000	-0.0801229
chr6	140500000	140750000	0.149509
chr6	140750000	141000000	-0.132021
chr6	141000000	141250000	-0.0755196
chr6	141250000	141500000	-0.0752554
chr6	141500000	141750000	-0.0495262
chr6	141750000	142000000	-0.111913
chr6	142000000	142250000	0.119683
chr6	142250000	142500000	0.630636
chr6	142500000	142750000	0.44772
chr6	142750000	143000000	0.896771
chr6	143000000	143250000	1.18025
chr6	143250000	143500000	0.553211
chr6	143500000	143750000	0.558684
chr6	143750000	144000000	0.752097
chr6	144000000	144250000	0.202827
chr6	144250000	144500000	0.00112737
chr6	144500000	144750000	0.00517933
chr6	144750000	145000000	-0.0790392
chr6	145000000	145250000	0.316687
chr6	145250000	145500000	0.189334
chr6	145500000	145750000	0.0480787
chr6	145750000	146000000	0.143303
chr6	146000000	146250000	0.518547
chr6	146250000	146500000	0.860986
chr6	146500000	146750000	1.58846
chr6	146750000	147000000	1.13324
chr6	147000000	147250000	1.13195
chr6	147250000	147500000	0.78896
chr6	147500000	147750000	0.772697
chr6	147750000	148000000	0.482632
chr6	148000000	148250000	1.17193
chr6	148250000	148500000	0.828302
chr6	148500000	148750000	0.803257
chr6	148750000	149000000	1.47743
chr6	149000000	149250000	1.24127
chr6	149250000	149500000	1.40269
chr6	149500000	149736546	nan
#bedGraph section chr7:0-145441459
chr7	0	250000	nan
chr7	250000	500000	nan
chr7	500000	750000	nan
chr7	750000	1000000	nan
chr7	1000000	1250000	nan
chr7	1250000	1500000	nan
chr7	1500000	1750000	nan
chr7	1750000	2000000	nan
chr7	2000000	2250000	nan
chr7	2250000	2500000	nan
chr7	2500000	2750000	nan
chr7	2750000	3000000	nan
chr7	3000000	3250000	nan
chr7	3250000	3500000	0.368853
chr7	3500000	3750000	1.14395
chr7	3750000	4000000	nan
chr7	4000000	4250000	0.461843
chr7	4250000	4500000	0.39562
chr7	4500000	4750000	0.813033
chr7	4750000	5000000	0.88494
chr7	5000000	5250000	0.71819
chr7	5250000	5500000	0.164199
chr7	5500000	5750000	nan
chr7	5750000	6000000	nan
chr7	6000000	6250000	0.302187
chr7	6250000	6500000	0.297614
chr7	6500000	6750000	-0.22211
chr7	6750000	7000000	-0.107973
chr7	7000000	7250000	nan
chr7	7250000	7500000	nan
chr7	7500000	7750000	nan
chr7	7750000	8000000	nan
chr7	8000000	8250000	nan
chr7	8250000	8500000	nan
chr7	8500000	8750000	nan
chr7	8750000	9000000	nan
chr7	9000000	9250000	nan
chr7	9250000	9500000	nan
chr7	9500000	9750000	nan
chr7	9750000	10000000	nan
chr7	10000000	10250000	nan
chr7	10250000	10500000	-0.318704
chr7	10500000	10750000	-0.342563
chr7	10750000	11000000	nan
chr7	11000000	11250000	nan
chr7	11250000	11500000	nan
chr7	11500000	11750000	nan
chr7	11750000	12000000	-0.421292
chr7	12000000	12250000	-0.26309
chr7	12250000	12500000	-0.0447763
chr7	12500000	12750000	-0.157562
chr7	12750000	13000000	0.594186
chr7	13000000	13250000	0.388444
chr7	13250000	13500000	0.225322
chr7	13500000	13750000	-0.17594
chr7	13750000	14000000	-0.308417
chr7	14000000	14250000	-0.296971
chr7	14250000	14500000	-0.319263
chr7	14500000	14750000	-0.352591
chr7	14750000	15000000	nan
chr7	15000000	15250000	nan
chr7	15250000	15500000	nan
chr7	15500000	15750000	nan
chr7	15750000	16000000	0.345725
chr7	16000000	16250000	0.918962
chr7	16250000	16500000	1.27652
chr7	16500000	16750000	0.729589
chr7	16750000	17000000	1.07856
chr7	17000000	17250000	0.59529
chr7	17250000	17500000	nan
chr7	17500000	17750000	nan
chr7	17750000	18000000	-0.172326
chr7	18000000	18250000	-0.17342
chr7	18250000	18500000	-0.176
chr7	18500000	18750000	-0.135488
chr7	18750000	19000000	0.418054
chr7	19000000	19250000	1.17961
chr7	19250000	19500000	1.10857
chr7	19500000	19750000	1.13565
chr7	19750000	20000000	0.423202
chr7	20000000	20250000	nan
chr7	20250000	20500000	nan
chr7	20500000	20750000	nan
chr7	20750000	21000000	nan
chr7	21000000	21250000	nan
chr7	21250000	21500000	nan
chr7	21500000	21750000	nan
chr7	21750000	22000000	nan
chr7	22000000	22250000	nan
chr7	22250000	22500000	nan
chr7	22500000	22750000	nan
chr7	22750000	23000000	nan
chr7	23000000	23250000	nan
chr7	23250000	23500000	-0.322329
chr7	23500000	23750000	nan
chr7	23750000	24000000	-0.244516
chr7	24000000	24250000	0.18362
chr7	24250000	24500000	0.818321
chr7	24500000	24750000	0.719488
chr7	24750000	25000000	0.702379
chr7	25000000	25250000	0.876328
chr7	25250000	25500000	0.947978
chr7	25500000	25750000	0.99432
chr7	25750000	26000000	0.17052
chr7	26000000	26250000	nan
chr7	26250000	26500000	-0.261009
chr7	26500000	26750000	-0.0972628
chr7	26750000	27000000	-0.0511266
chr7	27000000	27250000	0.716312
chr7	27250000	27500000	1.03066
chr7	27500000	27750000	0.914746
chr7	27750000	28000000	0.561587
chr7	28000000	28250000	0.67063
chr7	28250000	28500000	0.893034
chr7	28500000	28750000	0.517177
chr7	28750000	29000000	0.884385
chr7	29000000	29250000	0.668472
chr7	29250000	29500000	0.613405
chr7	29500000	29750000	0.145751
chr7	29750000	30000000	0.656511
chr7	30000000	30250000	0.86483
chr7	30250000	30500000	0.449801
chr7	30500000	30750000	0.793707
chr7	30750000	31000000	0.323411
chr7	31000000	31250000	-0.0689063
chr7	31250000	31500000	-0.495794
chr7	31500000	31750000	-0.411287
chr7	31750000	32000000	nan
chr7	32000000	32250000	nan
chr7	32250000	32500000	nan
chr7	32500000	32750000	nan
chr7	32750000	33000000	nan
chr7	33000000	33250000	nan
chr7	33250000	33500000	-0.48187
chr7	33500000	33750000	-0.3404
chr7	33750000	34000000	-0.294945
chr7	34000000	34250000	0.453836
chr7	34250000	34500000	0.416404
chr7	34500000	34750000	-0.392121
chr7	34750000	35000000	0.055566
chr7	35000000	35250000	0.336493
chr7	35250000	35500000	0.375659
chr7	35500000	35750000	0.546407
chr7	35750000	36000000	-0.0158713
chr7	36000000	36250000	-0.454095
chr7	36250000	36500000	-0.406559
chr7	36500000	36750000	-0.396981
chr7	36750000	37000000	-0.425046
chr7	37000000	37250000	-0.387631
chr7	37250000	37500000	-0.386283
chr7	37500000	37750000	-0.414428
chr7	37750000	38000000	-0.177386
chr7	38000000	38250000	-0.101985
chr7	38250000	38500000	nan
chr7	38500000	38750000	nan
chr7	38750000	39000000	nan
chr7	39000000	39250000	nan
chr7	39250000	39500000	nan
chr7	39500000	39750000	-0.0931171
chr7	39750000	40000000	-0.342657
chr7	40000000	40250000	-0.344192
chr7	40250000	40500000	-0.356567
chr7	40500000	40750000	-0.343475
chr7	40750000	41000000	-0.343828
chr7	41000000	41250000	-0.342598
chr7	41250000	41500000	-0.0906251
chr7	41500000	41750000	-0.0153003
chr7	41750000	42000000	-0.308319
chr7	42000000	42250000	-0.272001
chr7	42250000	42500000	-0.247403
chr7	42500000	42750000	-0.0937506
chr7	42750000	43000000	-0.272848
chr7	43000000	43250000	-0.289049
chr7	43250000	43500000	0.198282
chr7	43500000	43750000	0.16186
chr7	43750000	44000000	-0.00695706
chr7	44000000	44250000	0.175695
chr7	44250000	44500000	0.564984
chr7	44500000	44750000	0.644466
chr7	44750000	45000000	1.0531
chr7	45000000	45250000	0.976713
chr7	45250000	45500000	0.882921
chr7	45500000	45750000	0.82299
chr7	45750000	46000000	0.468054
chr7	46000000	46250000	0.329981
chr7	46250000	46500000	0.228863
chr7	46500000	46750000	0.523302
chr7	46750000	47000000	0.722594
chr7	47000000	47250000	-0.0036057
chr7	47250000	47500000	-0.355885
chr7	47500000	47750000	-0.452878
chr7	47750000	48000000	-0.394964
chr7	48000000	48250000	-0.212883
chr7	48250000	48500000	-0.433192
chr7	48500000	48750000	-0.244747
chr7	48750000	49000000	0.514482
chr7	49000000	49250000	-0.00800477
chr7	49250000	49500000	0.198401
chr7	49500000	49750000	-0.190067
chr7	49750000	50000000	0.178358
chr7	50000000	50250000	-0.477161
chr7	50250000	50500000	-0.49722
chr7	50500000	50750000	-0.47478
chr7	50750000	51000000	-0.436274
chr7	51000000	51250000	-0.466541
chr7	51250000	51500000	-0.482037
chr7	51500000	51750000	-0.270881
chr7	51750000	52000000	0.117474
chr7	52000000	52250000	-0.158673
chr7	52250000	52500000	-0.200235
chr7	52500000	52750000	-0.392541
chr7	52750000	53000000	-0.398218
chr7	53000000	53250000	-0.40108
chr7	53250000	53500000	-0.371931
chr7	53500000	53750000	-0.377997
chr7	53750000	54000000	-0.409775
chr7	54000000	54250000	-0.334902
chr7	54250000	54500000	-0.326154
chr7	54500000	54750000	-0.180551
chr7	54750000	55000000	0.0605713
chr7	55000000	55250000	-0.0447228
chr7	55250000	55500000	-0.0604095
chr7	55500000	55750000	-0.163321
chr7	55750000	56000000	0.302235
chr7	56000000	56250000	0.27379
chr7	56250000	56500000	-0.299629
chr7	56500000	56750000	-0.422566
chr7	56750000	57000000	-0.387686
chr7	57000000	57250000	-0.441326
chr7	57250000	57500000	-0.437597
chr7	57500000	57750000	-0.363911
chr7	57750000	58000000	-0.378989
chr7	58000000	58250000	-0.431717
chr7	58250000	58500000	-0.432542
chr7	58500000	58750000	-0.437007
chr7	58750000	59000000	-0.390995
chr7	59000000	59250000	-0.163114
chr7	59250000	59500000	nan
chr7	59500000	59750000	nan
chr7	59750000	60000000	nan
chr7	60000000	60250000	-0.166612
chr7	60250000	60500000	-0.0723253
chr7	60500000	60750000	-0.176472
chr7	60750000	61000000	-0.347299
chr7	61000000	61250000	-0.325456
chr7	61250000	61500000	-0.332005
chr7	61500000	61750000	-0.397556
chr7	61750000	62000000	-0.367882
chr7	62000000	62250000	-0.315228
chr7	62250000	62500000	-0.16553
chr7	62500000	62750000	-0.429998
chr7	62750000	63000000	-0.492141
chr7	63000000	63250000	-0.446943
chr7	63250000	63500000	-0.403986
chr7	63500000	63750000	-0.266144
chr7	63750000	64000000	0.202311
chr7	64000000	64250000	0.117276
chr7	64250000	64500000	0.159807
chr7	64500000	64750000	-0.395938
chr7	64750000	65000000	-0.165445
chr7	65000000	65250000	-0.265457
chr7	65250000	65500000	0.384103
chr7	65500000	65750000	0.145241
chr7	65750000	66000000	-0.176942
chr7	66000000	66250000	0.395582
chr7	66250000	66500000	-0.0365825
chr7	66500000	66750000	0.0630604
chr7	66750000	67000000	-0.26276
chr7	67000000	67250000	-0.185403
chr7	67250000	67500000	0.0818083
chr7	67500000	67750000	0.0366882
chr7	67750000	68000000	-0.206817
chr7	68000000	68250000	0.0951038
chr7	68250000	68500000	-0.260794
chr7	68500000	68750000	-0.444028
chr7	68750000	69000000	-0.45971
chr7	69000000	69250000	-0.45606
chr7	69250000	69500000	-0.44032
chr7	69500000	69750000	-0.405981
chr7	69750000	70000000	-0.479928
chr7	70000000	70250000	-0.453312
chr7	70250000	70500000	-0.478685
chr7	70500000	70750000	-0.426254
chr7	70750000	71000000	-0.423724
chr7	71000000	71250000	-0.400772
chr7	71250000	71500000	-0.403592
chr7	71500000	71750000	-0.432296
chr7	71750000	72000000	-0.462506
chr7	72000000	72250000	-0.39935
chr7	72250000	72500000	-0.361679
chr7	72500000	72750000	-0.411998
chr7	72750000	73000000	-0.413924
chr7	73000000	73250000	-0.381204
chr7	73250000	73500000	-0.00247599
chr7	73500000	73750000	0.722138
chr7	73750000	74000000	-0.0956111
chr7	74000000	74250000	-0.294092
chr7	74250000	74500000	-0.225815
chr7	74500000	74750000	-0.259444
chr7	74750000	75000000	-0.0480617
chr7	75000000	75250000	-0.23958
chr7	75250000	75500000	-0.21312
chr7	75500000	75750000	0.199094
chr7	75750000	76000000	0.167443
chr7	76000000	76250000	-0.258441
chr7	76250000	76500000	-0.316996
chr7	76500000	76750000	-0.438746
chr7	76750000	77000000	-0.457844
chr7	77000000	77250000	-0.386627
chr7	77250000	77500000	-0.339995
chr7	77500000	77750000	-0.466887
chr7	77750000	78000000	-0.431077
chr7	78000000	78250000	-0.445654
chr7	78250000	78500000	-0.381597
chr7	78500000	78750000	-0.210063
chr7	78750000	79000000	0.438855
chr7	79000000	79250000	0.0281877
chr7	79250000	79500000	0.612885
chr7	79500000	79750000	0.396813
chr7	79750000	80000000	0.310502
chr7	80000000	80250000	0.8781
chr7	80250000	80500000	0.903722
chr7	80500000	80750000	0.618654
chr7	80750000	81000000	0.760972
chr7	81000000	81250000	0.198386
chr7	81250000	81500000	0.0545821
chr7	81500000	81750000	0.521255
chr7	81750000	82000000	0.270083
chr7	82000000	82250000	-0.188346
chr7	82250000	82500000	-0.220692
chr7	82500000	82750000	0.050214
chr7	82750000	83000000	-0.182463
chr7	83000000	83250000	-0.175122
chr7	83250000	83500000	-0.255777
chr7	83500000	83750000	-0.171652
chr7	83750000	84000000	0.111054
chr7	84000000	84250000	-0.0198809
chr7	84250000	84500000	-0.207068
chr7	84500000	84750000	0.114152
chr7	84750000	85000000	-0.213488
chr7	85000000	85250000	-0.384185
chr7	85250000	85500000	-0.376712
chr7	85500000	85750000	-0.27177
chr7	85750000	86000000	-0.347691
chr7	86000000	86250000	-0.352714
chr7	86250000	86500000	-0.371974
chr7	86500000	86750000	-0.394181
chr7	86750000	87000000	-0.428864
chr7	87000000	87250000	-0.401693
chr7	87250000	87500000	-0.362106
chr7	87500000	87750000	-0.385998
chr7	87750000	88000000	-0.391914
chr7	88000000	88250000	-0.425066
chr7	88250000	88500000	-0.40651
chr7	88500000	88750000	-0.384126
chr7	88750000	89000000	-0.335679
chr7	89000000	89250000	-0.123393
chr7	89250000	89500000	0.15089
chr7	89500000	89750000	-0.255001
chr7	89750000	90000000	0.155263
chr7	90000000	90250000	0.481207
chr7	90250000	90500000	0.232042
chr7	90500000	90750000	-0.191244
chr7	90750000	91000000	-0.281055
chr7	91000000	91250000	-0.32441
chr7	91250000	91500000	-0.296264
chr7	91500000	91750000	-0.332569
chr7	91750000	92000000	-0.360091
chr7	92000000	92250000	-0.271802
chr7	92250000	92500000	-0.262358
chr7	92500000	92750000	0.184978
chr7	92750000	93000000	0.1503
chr7	93000000	93250000	-0.344038
chr7	93250000	93500000	-0.438765
chr7	93500000	93750000	-0.402233
chr7	93750000	94000000	-0.380727
chr7	94000000	94250000	-0.376933
chr7	94250000	94500000	-0.361234
chr7	94500000	94750000	-0.386807
chr7	94750000	95000000	-0.353889
chr7	95000000	95250000	-0.353798
chr7	95250000	95500000	-0.413734
chr7	95500000	95750000	-0.417658
chr7	95750000	96000000	-0.475192
chr7	96000000	96250000	-0.513429
chr7	96250000	96500000	-0.430663
chr7	96500000	96750000	-0.182915
chr7	96750000	97000000	0.0151933
chr7	97000000	97250000	0.379409
chr7	97250000	97500000	0.453752
chr7	97500000	97750000	0.563097
chr7	97750000	98000000	-0.00249821
chr7	98000000	98250000	0.16986
chr7	98250000	98500000	0.22686
chr7	98500000	98750000	0.353611
chr7	98750000	99000000	0.0756901
chr7	99000000	99250000	0.214093
chr7	99250000	99500000	0.214797
chr7	99500000	99750000	0.229921
chr7	99750000	100000000	0.349856
chr7	100000000	100250000	0.431101
chr7	100250000	100500000	0.573992
chr7	100500000	100750000	0.781796
chr7	100750000	101000000	0.391486
chr7	101000000	101250000	0.384306
chr7	101250000	101500000	0.356377
chr7	101500000	101750000	0.209583
chr7	101750000	102000000	0.520989
chr7	102000000	102250000	0.639107
chr7	102250000	102500000	0.572471
chr7	102500000	102750000	0.0744703
chr7	102750000	103000000	-0.103382
chr7	103000000	103250000	-0.225383
chr7	103250000	103500000	-0.182896
chr7	103500000	103750000	-0.165616
chr7	103750000	104000000	0.381302
chr7	104000000	104250000	-0.0333088
chr7	104250000	104500000	0.0762674
chr7	104500000	104750000	-0.154596
chr7	104750000	105000000	-0.149414
chr7	105000000	105250000	-0.213997
chr7	105250000	105500000	0.0373403
chr7	105500000	105750000	0.286275
chr7	105750000	106000000	nan
chr7	106000000	106250000	nan
chr7	106250000	106500000	-0.142108
chr7	106500000	106750000	0.295642
chr7	106750000	107000000	0.0628738
chr7	107000000	107250000	-0.166334
chr7	107250000	107500000	-0.323187
chr7	107500000	107750000	-0.39753
chr7	107750000	108000000	-0.479228
chr7	108000000	108250000	-0.463199
chr7	108250000	108500000	-0.467519
chr7	108500000	108750000	-0.469843
chr7	108750000	109000000	-0.0817223
chr7	109000000	109250000	-0.0879145
chr7	109250000	109500000	-0.0943607
chr7	109500000	109750000	0.418201
chr7	109750000	110000000	0.640251
chr7	110000000	110250000	0.855401
chr7	110250000	110500000	0.110997
chr7	110500000	110750000	0.0159281
chr7	110750000	111000000	0.520138
chr7	111000000	111250000	0.494762
chr7	111250000	111500000	-0.129832
chr7	111500000	111750000	-0.110191
chr7	111750000	112000000	-0.18651
chr7	112000000	112250000	0.173207
chr7	112250000	112500000	-0.19309
chr7	112500000	112750000	-0.211162
chr7	112750000	113000000	-0.159058
chr7	113000000	113250000	0.0646927
chr7	113250000	113500000	0.394733
chr7	113500000	113750000	0.0787039
chr7	113750000	114000000	-0.218637
chr7	114000000	114250000	0.00962421
chr7	114250000	114500000	0.298598
chr7	114500000	114750000	-0.148237
chr7	114750000	115000000	-0.197849
chr7	115000000	115250000	-0.179937
chr7	115250000	115500000	-0.0959531
chr7	115500000	115750000	0.171723
chr7	115750000	116000000	0.344281
chr7	116000000	116250000	0.209917
chr7	116250000	116500000	0.417617
chr7	116500000	116750000	-0.224956
chr7	116750000	117000000	-0.505284
chr7	117000000	117250000	-0.498717
chr7	117250000	117500000	-0.564118
chr7	117500000	117750000	-0.536568
chr7	117750000	118000000	-0.494769
chr7	118000000	118250000	0.352454
chr7	118250000	118500000	-0.0798643
chr7	118500000	118750000	0.172385
chr7	118750000	119000000	0.215165
chr7	119000000	119250000	-0.234812
chr7	119250000	119500000	-0.263833
chr7	119500000	119750000	-0.0818852
chr7	119750000	120000000	0.265525
chr7	120000000	120250000	-0.181948
chr7	120250000	120500000	-0.223154
chr7	120500000	120750000	0.244782
chr7	120750000	121000000	0.642813
chr7	121000000	121250000	0.135927
chr7	121250000	121500000	-0.166569
chr7	121500000	121750000	0.0492407
chr7	121750000	122000000	0.0230767
chr7	122000000	122250000	0.701897
chr7	122250000	122500000	-0.1139
chr7	122500000	122750000	-0.216182
chr7	122750000	123000000	0.0591334
chr7	123000000	123250000	0.357657
chr7	123250000	123500000	0.485083
chr7	123500000	123750000	-0.20423
chr7	123750000	124000000	-0.279546
chr7	124000000	124250000	-0.282727
chr7	124250000	124500000	-0.192362
chr7	124500000	124750000	-0.24896
chr7	124750000	125000000	-0.167052
chr7	125000000	125250000	-0.220049
chr7	125250000	125500000	0.249277
chr7	125500000	125750000	0.558817
chr7	125750000	126000000	0.125331
chr7	126000000	126250000	0.542011
chr7	126250000	126500000	0.800427
chr7	126500000	126750000	0.806423
chr7	126750000	127000000	0.97721
chr7	127000000	127250000	1.06488
chr7	127250000	127500000	1.00885
chr7	127500000	127750000	0.98268
chr7	127750000	128000000	1.16076
chr7	128000000	128250000	0.593602
chr7	128250000	128500000	0.89184
chr7	128500000	128750000	1.03891
chr7	128750000	129000000	0.325748
chr7	129000000	129250000	-0.129198
chr7	129250000	129500000	-0.25405
chr7	129500000	129750000	-0.0884392
chr7	129750000	130000000	-0.572638
chr7	130000000	130250000	-0.529999
chr7	130250000	130500000	-0.28468
chr7	130500000	130750000	-0.0619426
chr7	130750000	131000000	-0.635764
chr7	131000000	131250000	-0.399676
chr7	131250000	131500000	0.163703
chr7	131500000	131750000	-0.0840954
chr7	131750000	132000000	-0.29846
chr7	132000000	132250000	-0.100595
chr7	132250000	132500000	0.523783
chr7	132500000	132750000	0.558389
chr7	132750000	133000000	0.717642
chr7	133000000	133250000	-0.0676927
chr7	133250000	133500000	-0.406105
chr7	133500000	133750000	0.333032
chr7	133750000	134000000	-0.302608
chr7	134000000	134250000	-0.637209
chr7	134250000	134500000	-0.561903
chr7	134500000	134750000	-0.662046
chr7	134750000	135000000	-0.64221
chr7	135000000	135250000	-0.572499
chr7	135250000	135500000	-0.397778
chr7	135500000	135750000	0.896571
chr7	135750000	136000000	-0.389449
chr7	136000000	136250000	-0.649946
chr7	136250000	136500000	-0.636286
chr7	136500000	136750000	-0.648904
chr7	136750000	137000000	-0.482294
chr7	137000000	137250000	-0.597578
chr7	137250000	137500000	-0.174959
chr7	137500000	137750000	-0.514138
chr7	137750000	138000000	-0.56155
chr7	138000000	138250000	-0.608553
chr7	138250000	138500000	-0.561875
chr7	138500000	138750000	-0.681612
chr7	138750000	139000000	-0.0525735
chr7	139000000	139250000	-0.703484
chr7	139250000	139500000	-0.736515
chr7	139500000	139750000	-0.72157
chr7	139750000	140000000	-0.581041
chr7	140000000	140250000	0.212379
chr7	140250000	140500000	-0.452685
chr7	140500000	140750000	-0.433399
chr7	140750000	141000000	0.529594
chr7	141000000	141250000	0.734797
chr7	141250000	141500000	1.218
chr7	141500000	141750000	0.178048
chr7	141750000	142000000	0.0794016
chr7	142000000	142250000	-0.00428278
chr7	142250000	142500000	0.437482
chr7	142500000	142750000	-0.00507225
chr7	142750000	143000000	-0.177912
chr7	143000000	143250000	0.2914
chr7	143250000	143500000	-0.00625656
chr7	143500000	143750000	0.581664
chr7	143750000	144000000	0.226243
chr7	144000000	144250000	-0.239263
chr7	144250000	144500000	0.145838
chr7	144500000	144750000	0.45004
chr7	144750000	145000000	0.530801
chr7	145000000	145250000	-0.25355
chr7	145250000	145441459	nan
#bedGraph section chr8:0-129401213
chr8	0	250000	nan
chr8	250000	500000	nan
chr8	500000	750000	nan
chr8	750000	1000000	nan
chr8	1000000	1250000	nan
chr8	1250000	1500000	nan
chr8	1500000	1750000	nan
chr8	1750000	2000000	nan
chr8	2000000	2250000	nan
chr8	2250000	2500000	nan
chr8	2500000	2750000	nan
chr8	2750000	3000000	nan
chr8	3000000	3250000	-0.156464
chr8	3250000	3500000	0.760633
chr8	3500000	3750000	0.823499
chr8	3750000	4000000	-0.0292443
chr8	4000000	4250000	0.559151
chr8	4250000	4500000	0.76074
chr8	4500000	4750000	0.444312
chr8	4750000	5000000	0.140165
chr8	5000000	5250000	-0.0196407
chr8	5250000	5500000	-0.163999
chr8	5500000	5750000	-0.0269534
chr8	5750000	6000000	-0.206299
chr8	6000000	6250000	-0.189807
chr8	6250000	6500000	-0.119162
chr8	6500000	6750000	-0.197288
chr8	6750000	7000000	-0.145698
chr8	7000000	7250000	-0.190389
chr8	7250000	7500000	-0.166805
chr8	7500000	7750000	-0.101707
chr8	7750000	8000000	0.00439601
chr8	8000000	8250000	0.0529684
chr8	8250000	8500000	0.254188
chr8	8500000	8750000	0.541944
chr8	8750000	9000000	-0.0130983
chr8	9000000	9250000	0.0229405
chr8	9250000	9500000	0.375229
chr8	9500000	9750000	0.331732
chr8	9750000	10000000	0.224108
chr8	10000000	10250000	0.172394
chr8	10250000	10500000	0.239106
chr8	10500000	10750000	0.465245
chr8	10750000	11000000	0.88825
chr8	11000000	11250000	0.451674
chr8	11250000	11500000	0.329301
chr8	11500000	11750000	0.907958
chr8	11750000	12000000	0.518027
chr8	12000000	12250000	0.129783
chr8	12250000	12500000	0.0242052
chr8	12500000	12750000	0.39364
chr8	12750000	13000000	0.298996
chr8	13000000	13250000	0.998525
chr8	13250000	13500000	0.643709
chr8	13500000	13750000	0.199243
chr8	13750000	14000000	0.598375
chr8	14000000	14250000	-0.0648441
chr8	14250000	14500000	-0.624469
chr8	14500000	14750000	-0.608171
chr8	14750000	15000000	-0.269883
chr8	15000000	15250000	-0.576061
chr8	15250000	15500000	-0.672045
chr8	15500000	15750000	-0.464671
chr8	15750000	16000000	-0.473939
chr8	16000000	16250000	-0.386629
chr8	16250000	16500000	-0.433114
chr8	16500000	16750000	-0.366776
chr8	16750000	17000000	-0.36403
chr8	17000000	17250000	-0.311589
chr8	17250000	17500000	-0.180403
chr8	17500000	17750000	-0.196245
chr8	17750000	18000000	-0.240959
chr8	18000000	18250000	-0.0780464
chr8	18250000	18500000	-0.00116158
chr8	18500000	18750000	0.551253
chr8	18750000	19000000	0.557559
chr8	19000000	19250000	-0.0766207
chr8	19250000	19500000	0.141578
chr8	19500000	19750000	-0.0283697
chr8	19750000	20000000	-0.0699755
chr8	20000000	20250000	nan
chr8	20250000	20500000	nan
chr8	20500000	20750000	nan
chr8	20750000	21000000	-0.1696
chr8	21000000	21250000	nan
chr8	21250000	21500000	nan
chr8	21500000	21750000	nan
chr8	21750000	22000000	-0.119003
chr8	22000000	22250000	0.629969
chr8	22250000	22500000	0.667009
chr8	22500000	22750000	0.812311
chr8	22750000	23000000	0.66574
chr8	23000000	23250000	0.80172
chr8	23250000	23500000	-0.0907965
chr8	23500000	23750000	-0.528163
chr8	23750000	24000000	-0.719148
chr8	24000000	24250000	-0.595826
chr8	24250000	24500000	-0.416962
chr8	24500000	24750000	0.00406982
chr8	24750000	25000000	0.136341
chr8	25000000	25250000	0.977975
chr8	25250000	25500000	0.669246
chr8	25500000	25750000	0.870845
chr8	25750000	26000000	0.681194
chr8	26000000	26250000	0.65385
chr8	26250000	26500000	0.0727562
chr8	26500000	26750000	0.19992
chr8	26750000	27000000	0.307484
chr8	27000000	27250000	0.723855
chr8	27250000	27500000	0.0824069
chr8	27500000	27750000	-0.287553
chr8	27750000	28000000	-0.598646
chr8	28000000	28250000	-0.558823
chr8	28250000	28500000	-0.483066
chr8	28500000	28750000	-0.546947
chr8	28750000	29000000	-0.590532
chr8	29000000	29250000	-0.428096
chr8	29250000	29500000	-0.488955
chr8	29500000	29750000	-0.380075
chr8	29750000	30000000	-0.483866
chr8	30000000	30250000	-0.544959
chr8	30250000	30500000	-0.548952
chr8	30500000	30750000	-0.541128
chr8	30750000	31000000	-0.583125
chr8	31000000	31250000	0.0774761
chr8	31250000	31500000	-0.28982
chr8	31500000	31750000	-0.22256
chr8	31750000	32000000	-0.333537
chr8	32000000	32250000	-0.36218
chr8	32250000	32500000	-0.234072
chr8	32500000	32750000	-0.169957
chr8	32750000	33000000	-0.0846982
chr8	33000000	33250000	-0.0815526
chr8	33250000	33500000	0.285812
chr8	33500000	33750000	0.533283
chr8	33750000	34000000	0.39368
chr8	34000000	34250000	0.491211
chr8	34250000	34500000	-0.0914862
chr8	34500000	34750000	0.143078
chr8	34750000	35000000	0.489424
chr8	35000000	35250000	-0.178809
chr8	35250000	35500000	-0.0488764
chr8	35500000	35750000	-0.0943207
chr8	35750000	36000000	-0.058737
chr8	36000000	36250000	0.285722
chr8	36250000	36500000	0.400204
chr8	36500000	36750000	0.475757
chr8	36750000	37000000	-0.0199319
chr8	37000000	37250000	-0.173455
chr8	37250000	37500000	-0.409518
chr8	37500000	37750000	-0.39346
chr8	37750000	38000000	-0.364463
chr8	38000000	38250000	-0.371407
chr8	38250000	38500000	-0.27335
chr8	38500000	38750000	-0.304253
chr8	38750000	39000000	-0.237753
chr8	39000000	39250000	0.161712
chr8	39250000	39500000	-0.144093
chr8	39500000	39750000	-0.0852902
chr8	39750000	40000000	-0.213409
chr8	40000000	40250000	-0.148707
chr8	40250000	40500000	0.148417
chr8	40500000	40750000	-0.0279373
chr8	40750000	41000000	-0.252454
chr8	41000000	41250000	0.172893
chr8	41250000	41500000	0.523092
chr8	41500000	41750000	-0.243389
chr8	41750000	42000000	-0.202976
chr8	42000000	42250000	-0.201669
chr8	42250000	42500000	-0.035319
chr8	42500000	42750000	-0.0490586
chr8	42750000	43000000	0.237628
chr8	43000000	43250000	-0.0569586
chr8	43250000	43500000	-0.0581058
chr8	43500000	43750000	-0.285306
chr8	43750000	44000000	-0.272873
chr8	44000000	44250000	-0.400147
chr8	44250000	44500000	-0.454224
chr8	44500000	44750000	-0.457143
chr8	44750000	45000000	-0.449291
chr8	45000000	45250000	-0.51998
chr8	45250000	45500000	-0.331194
chr8	45500000	45750000	-0.215304
chr8	45750000	46000000	0.0834168
chr8	46000000	46250000	0.509918
chr8	46250000	46500000	0.525225
chr8	46500000	46750000	0.708055
chr8	46750000	47000000	0.24179
chr8	47000000	47250000	-0.118807
chr8	47250000	47500000	-0.127799
chr8	47500000	47750000	0.3413
chr8	47750000	48000000	-0.25634
chr8	48000000	48250000	-0.249585
chr8	48250000	48500000	-0.520496
chr8	48500000	48750000	-0.589784
chr8	48750000	49000000	-0.543822
chr8	49000000	49250000	-0.497039
chr8	49250000	49500000	-0.483662
chr8	49500000	49750000	-0.431499
chr8	49750000	50000000	-0.394848
chr8	50000000	50250000	-0.467507
chr8	50250000	50500000	-0.352577
chr8	50500000	50750000	-0.371573
chr8	50750000	51000000	-0.271854
chr8	51000000	51250000	-0.360462
chr8	51250000	51500000	-0.36023
chr8	51500000	51750000	-0.391028
chr8	51750000	52000000	-0.338426
chr8	52000000	52250000	-0.335302
chr8	52250000	52500000	-0.336812
chr8	52500000	52750000	-0.295655
chr8	52750000	53000000	-0.299574
chr8	53000000	53250000	-0.359687
chr8	53250000	53500000	-0.276475
chr8	53500000	53750000	0.00108812
chr8	53750000	54000000	-0.316524
chr8	54000000	54250000	-0.326168
chr8	54250000	54500000	-0.101508
chr8	54500000	54750000	0.115505
chr8	54750000	55000000	-0.214067
chr8	55000000	55250000	nan
chr8	55250000	55500000	nan
chr8	55500000	55750000	-0.427322
chr8	55750000	56000000	-0.433522
chr8	56000000	56250000	-0.409554
chr8	56250000	56500000	-0.280655
chr8	56500000	56750000	0.109709
chr8	56750000	57000000	-0.066623
chr8	57000000	57250000	0.000577388
chr8	57250000	57500000	0.110259
chr8	57500000	57750000	0.343064
chr8	57750000	58000000	-0.104482
chr8	58000000	58250000	-0.220327
chr8	58250000	58500000	-0.297979
chr8	58500000	58750000	-0.316074
chr8	58750000	59000000	-0.241084
chr8	59000000	59250000	-0.0267662
chr8	59250000	59500000	-0.221377
chr8	59500000	59750000	-0.329225
chr8	59750000	60000000	-0.388127
chr8	60000000	60250000	-0.343011
chr8	60250000	60500000	-0.374386
chr8	60500000	60750000	-0.167839
chr8	60750000	61000000	0.559495
chr8	61000000	61250000	0.122362
chr8	61250000	61500000	0.128893
chr8	61500000	61750000	-0.0318956
chr8	61750000	62000000	-0.0821256
chr8	62000000	62250000	-0.276274
chr8	62250000	62500000	-0.126007
chr8	62500000	62750000	-0.207372
chr8	62750000	63000000	-0.21274
chr8	63000000	63250000	-0.302672
chr8	63250000	63500000	-0.286882
chr8	63500000	63750000	-0.287167
chr8	63750000	64000000	-0.359999
chr8	64000000	64250000	-0.404564
chr8	64250000	64500000	-0.400827
chr8	64500000	64750000	0.032917
chr8	64750000	65000000	0.23276
chr8	65000000	65250000	-0.0805913
chr8	65250000	65500000	-0.152608
chr8	65500000	65750000	-0.015256
chr8	65750000	66000000	0.107334
chr8	66000000	66250000	0.201024
chr8	66250000	66500000	0.153775
chr8	66500000	66750000	-0.00481048
chr8	66750000	67000000	0.17891
chr8	67000000	67250000	0.0943804
chr8	67250000	67500000	0.0994881
chr8	67500000	67750000	0.279879
chr8	67750000	68000000	0.236032
chr8	68000000	68250000	0.125187
chr8	68250000	68500000	0.0272098
chr8	68500000	68750000	-0.0283917
chr8	68750000	69000000	0.283757
chr8	69000000	69250000	0.468006
chr8	69250000	69500000	-0.00282406
chr8	69500000	69750000	0.416258
chr8	69750000	70000000	0.665441
chr8	70000000	70250000	0.622662
chr8	70250000	70500000	0.55025
chr8	70500000	70750000	0.751314
chr8	70750000	71000000	0.71826
chr8	71000000	71250000	nan
chr8	71250000	71500000	0.614743
chr8	71500000	71750000	0.593969
chr8	71750000	72000000	0.296064
chr8	72000000	72250000	0.338986
chr8	72250000	72500000	0.608479
chr8	72500000	72750000	0.614212
chr8	72750000	73000000	-0.03646
chr8	73000000	73250000	-0.231619
chr8	73250000	73500000	-0.513846
chr8	73500000	73750000	-0.464395
chr8	73750000	74000000	-0.45698
chr8	74000000	74250000	-0.499911
chr8	74250000	74500000	-0.483524
chr8	74500000	74750000	-0.521837
chr8	74750000	75000000	-0.19672
chr8	75000000	75250000	0.369759
chr8	75250000	75500000	-0.307181
chr8	75500000	75750000	-0.435876
chr8	75750000	76000000	-0.481018
chr8	76000000	76250000	-0.453195
chr8	76250000	76500000	-0.448187
chr8	76500000	76750000	-0.327209
chr8	76750000	77000000	-0.237769
chr8	77000000	77250000	-0.170848
chr8	77250000	77500000	0.157599
chr8	77500000	77750000	0.381329
chr8	77750000	78000000	-0.114281
chr8	78000000	78250000	-0.00325454
chr8	78250000	78500000	-0.0103643
chr8	78500000	78750000	0.262782
chr8	78750000	79000000	0.0949141
chr8	79000000	79250000	0.128857
chr8	79250000	79500000	0.198645
chr8	79500000	79750000	0.452461
chr8	79750000	80000000	0.0057985
chr8	80000000	80250000	0.0131752
chr8	80250000	80500000	0.0774168
chr8	80500000	80750000	0.358082
chr8	80750000	81000000	0.305646
chr8	81000000	81250000	0.179955
chr8	81250000	81500000	0.104927
chr8	81500000	81750000	0.144277
chr8	81750000	82000000	0.203435
chr8	82000000	82250000	0.0633328
chr8	82250000	82500000	0.103709
chr8	82500000	82750000	0.0261731
chr8	82750000	83000000	0.133974
chr8	83000000	83250000	0.0213974
chr8	83250000	83500000	0.269585
chr8	83500000	83750000	0.565739
chr8	83750000	84000000	0.46283
chr8	84000000	84250000	0.533208
chr8	84250000	84500000	0.258731
chr8	84500000	84750000	0.529363
chr8	84750000	85000000	0.778693
chr8	85000000	85250000	0.622007
chr8	85250000	85500000	0.698181
chr8	85500000	85750000	0.367965
chr8	85750000	86000000	0.435435
chr8	86000000	86250000	0.0696006
chr8	86250000	86500000	-0.0219946
chr8	86500000	86750000	0.425869
chr8	86750000	87000000	0.270753
chr8	87000000	87250000	-0.649769
chr8	87250000	87500000	-0.681937
chr8	87500000	87750000	-0.615747
chr8	87750000	88000000	-0.626783
chr8	88000000	88250000	0.27457
chr8	88250000	88500000	0.452118
chr8	88500000	88750000	0.177438
chr8	88750000	89000000	-0.0974607
chr8	89000000	89250000	-0.0209179
chr8	89250000	89500000	-0.160233
chr8	89500000	89750000	-0.18168
chr8	89750000	90000000	-0.293485
chr8	90000000	90250000	-0.495535
chr8	90250000	90500000	-0.49235
chr8	90500000	90750000	-0.349373
chr8	90750000	91000000	0.377339
chr8	91000000	91250000	0.397213
chr8	91250000	91500000	0.173465
chr8	91500000	91750000	-0.226433
chr8	91750000	92000000	-0.496557
chr8	92000000	92250000	-0.444896
chr8	92250000	92500000	-0.290973
chr8	92500000	92750000	-0.50795
chr8	92750000	93000000	-0.538208
chr8	93000000	93250000	-0.365082
chr8	93250000	93500000	-0.508824
chr8	93500000	93750000	-0.56662
chr8	93750000	94000000	-0.132306
chr8	94000000	94250000	0.678791
chr8	94250000	94500000	0.298169
chr8	94500000	94750000	0.541437
chr8	94750000	95000000	0.58818
chr8	95000000	95250000	0.348909
chr8	95250000	95500000	0.439002
chr8	95500000	95750000	0.292625
chr8	95750000	96000000	0.412114
chr8	96000000	96250000	0.0230187
chr8	96250000	96500000	0.0730737
chr8	96500000	96750000	-0.0365212
chr8	96750000	97000000	-0.0354582
chr8	97000000	97250000	-0.148524
chr8	97250000	97500000	-0.0857592
chr8	97500000	97750000	-0.0244609
chr8	97750000	98000000	0.0124691
chr8	98000000	98250000	0.105814
chr8	98250000	98500000	0.0203761
chr8	98500000	98750000	-0.00689029
chr8	98750000	99000000	-0.0923298
chr8	99000000	99250000	0.0926465
chr8	99250000	99500000	-0.0997845
chr8	99500000	99750000	-0.287709
chr8	99750000	100000000	-0.347827
chr8	100000000	100250000	-0.351318
chr8	100250000	100500000	-0.352897
chr8	100500000	100750000	-0.408683
chr8	100750000	101000000	-0.366367
chr8	101000000	101250000	-0.372015
chr8	101250000	101500000	-0.328699
chr8	101500000	101750000	-0.458737
chr8	101750000	102000000	-0.460897
chr8	102000000	102250000	-0.45703
chr8	102250000	102500000	-0.480553
chr8	102500000	102750000	-0.501859
chr8	102750000	103000000	-0.473345
chr8	103000000	103250000	-0.56258
chr8	103250000	103500000	-0.587345
chr8	103500000	103750000	-0.655804
chr8	103750000	104000000	-0.534862
chr8	104000000	104250000	-0.134689
chr8	104250000	104500000	0.156178
chr8	104500000	104750000	0.426732
chr8	104750000	105000000	0.0788378
chr8	105000000	105250000	0.380191
chr8	105250000	105500000	0.692303
chr8	105500000	105750000	0.748831
chr8	105750000	106000000	0.686997
chr8	106000000	106250000	0.808392
chr8	106250000	106500000	0.179602
chr8	106500000	106750000	0.292409
chr8	106750000	107000000	0.533418
chr8	107000000	107250000	0.610799
chr8	107250000	107500000	0.610976
chr8	107500000	107750000	0.169016
chr8	107750000	108000000	-0.473672
chr8	108000000	108250000	-0.453702
chr8	108250000	108500000	-0.451438
chr8	108500000	108750000	-0.356961
chr8	108750000	109000000	-0.427142
chr8	109000000	109250000	-0.533614
chr8	109250000	109500000	-0.476269
chr8	109500000	109750000	0.534626
chr8	109750000	110000000	0.459544
chr8	110000000	110250000	0.0551092
chr8	110250000	110500000	-0.146589
chr8	110500000	110750000	0.313232
chr8	110750000	111000000	0.878037
chr8	111000000	111250000	0.752876
chr8	111250000	111500000	0.367938
chr8	111500000	111750000	0.55328
chr8	111750000	112000000	0.628972
chr8	112000000	112250000	-0.112535
chr8	112250000	112500000	-0.476646
chr8	112500000	112750000	-0.508184
chr8	112750000	113000000	-0.44472
chr8	113000000	113250000	-0.48553
chr8	113250000	113500000	-0.50403
chr8	113500000	113750000	-0.273927
chr8	113750000	114000000	-0.441671
chr8	114000000	114250000	-0.541501
chr8	114250000	114500000	-0.206117
chr8	114500000	114750000	-0.376529
chr8	114750000	115000000	-0.513253
chr8	115000000	115250000	-0.59967
chr8	115250000	115500000	-0.568341
chr8	115500000	115750000	-0.556626
chr8	115750000	116000000	-0.57014
chr8	116000000	116250000	-0.580339
chr8	116250000	116500000	-0.465308
chr8	116500000	116750000	-0.533189
chr8	116750000	117000000	0.12312
chr8	117000000	117250000	0.191921
chr8	117250000	117500000	-0.00337654
chr8	117500000	117750000	-0.517092
chr8	117750000	118000000	-0.48568
chr8	118000000	118250000	-0.551837
chr8	118250000	118500000	-0.644513
chr8	118500000	118750000	-0.683154
chr8	118750000	119000000	-0.652481
chr8	119000000	119250000	-0.747648
chr8	119250000	119500000	0.0438812
chr8	119500000	119750000	0.490052
chr8	119750000	120000000	0.711965
chr8	120000000	120250000	0.383022
chr8	120250000	120500000	0.79239
chr8	120500000	120750000	0.629472
chr8	120750000	121000000	-0.709201
chr8	121000000	121250000	-0.314828
chr8	121250000	121500000	-0.79478
chr8	121500000	121750000	0.123979
chr8	121750000	122000000	0.733451
chr8	122000000	122250000	0.516431
chr8	122250000	122500000	1.11022
chr8	122500000	122750000	1.108
chr8	122750000	123000000	0.692627
chr8	123000000	123250000	0.854078
chr8	123250000	123500000	0.860236
chr8	123500000	123750000	0.165053
chr8	123750000	124000000	0.744665
chr8	124000000	124250000	0.0534652
chr8	124250000	124500000	-0.302896
chr8	124500000	124750000	0.498158
chr8	124750000	125000000	0.349698
chr8	125000000	125250000	-0.443584
chr8	125250000	125500000	-0.616874
chr8	125500000	125750000	-0.605298
chr8	125750000	126000000	-0.700412
chr8	126000000	126250000	-0.791343
chr8	126250000	126500000	-0.368087
chr8	126500000	126750000	0.539953
chr8	126750000	127000000	0.585592
chr8	127000000	127250000	-0.318409
chr8	127250000	127500000	-0.456973
chr8	127500000	127750000	-0.335228
chr8	127750000	128000000	-0.501511
chr8	128000000	128250000	-0.639688
chr8	128250000	128500000	-0.492747
chr8	128500000	128750000	0.398777
chr8	128750000	129000000	-0.194204
chr8	129000000	129250000	-0.410688
chr8	129250000	129401213	nan
#bedGraph section chr9:0-124595110
chr9	0	250000	nan
chr9	250000	500000	nan
chr9	500000	750000	nan
chr9	750000	1000000	nan
chr9	1000000	1250000	nan
chr9	1250000	1500000	nan
chr9	1500000	1750000	nan
chr9	1750000	2000000	nan
chr9	2000000	2250000	nan
chr9	2250000	2500000	nan
chr9	2500000	2750000	nan
chr9	2750000	3000000	nan
chr9	3000000	3250000	-0.167772
chr9	3250000	3500000	0.108632
chr9	3500000	3750000	-0.653539
chr9	3750000	4000000	-0.678587
chr9	4000000	4250000	-0.786711
chr9	4250000	4500000	-0.159188
chr9	4500000	4750000	-0.743056
chr9	4750000	5000000	-0.751089
chr9	5000000	5250000	-0.650862
chr9	5250000	5500000	-0.525747
chr9	5500000	5750000	-0.672281
chr9	5750000	6000000	-0.683308
chr9	6000000	6250000	-0.58482
chr9	6250000	6500000	-0.627754
chr9	6500000	6750000	-0.619474
chr9	6750000	7000000	-0.447395
chr9	7000000	7250000	0.0733087
chr9	7250000	7500000	-0.482849
chr9	7500000	7750000	-0.247947
chr9	7750000	8000000	0.344866
chr9	8000000	8250000	-0.437633
chr9	8250000	8500000	-0.550005
chr9	8500000	8750000	-0.572224
chr9	8750000	9000000	-0.702008
chr9	9000000	9250000	-0.605824
chr9	9250000	9500000	-0.59351
chr9	9500000	9750000	-0.682833
chr9	9750000	10000000	-0.655899
chr9	10000000	10250000	-0.581592
chr9	10250000	10500000	-0.556628
chr9	10500000	10750000	-0.556657
chr9	10750000	11000000	-0.53087
chr9	11000000	11250000	-0.486449
chr9	11250000	11500000	-0.430024
chr9	11500000	11750000	-0.618473
chr9	11750000	12000000	-0.528054
chr9	12000000	12250000	-0.603444
chr9	12250000	12500000	-0.600384
chr9	12500000	12750000	-0.619143
chr9	12750000	13000000	-0.52833
chr9	13000000	13250000	-0.347267
chr9	13250000	13500000	nan
chr9	13500000	13750000	-0.0548218
chr9	13750000	14000000	-0.0850364
chr9	14000000	14250000	-0.457949
chr9	14250000	14500000	-0.142604
chr9	14500000	14750000	-0.0425923
chr9	14750000	15000000	0.015952
chr9	15000000	15250000	-0.342953
chr9	15250000	15500000	0.220631
chr9	15500000	15750000	-0.433878
chr9	15750000	16000000	-0.489664
chr9	16000000	16250000	-0.383934
chr9	16250000	16500000	-0.492307
chr9	16500000	16750000	-0.496792
chr9	16750000	17000000	-0.62859
chr9	17000000	17250000	-0.527781
chr9	17250000	17500000	-0.450897
chr9	17500000	17750000	-0.578641
chr9	17750000	18000000	-0.47157
chr9	18000000	18250000	-0.55357
chr9	18250000	18500000	-0.14992
chr9	18500000	18750000	-0.4804
chr9	18750000	19000000	-0.613418
chr9	19000000	19250000	-0.614721
chr9	19250000	19500000	-0.572297
chr9	19500000	19750000	-0.261811
chr9	19750000	20000000	-0.573789
chr9	20000000	20250000	-0.382029
chr9	20250000	20500000	-0.00861858
chr9	20500000	20750000	0.443946
chr9	20750000	21000000	0.537147
chr9	21000000	21250000	0.807136
chr9	21250000	21500000	0.791662
chr9	21500000	21750000	0.825636
chr9	21750000	22000000	0.723151
chr9	22000000	22250000	0.721056
chr9	22250000	22500000	0.757622
chr9	22500000	22750000	0.118364
chr9	22750000	23000000	0.16286
chr9	23000000	23250000	-0.169633
chr9	23250000	23500000	-0.200936
chr9	23500000	23750000	-0.242574
chr9	23750000	24000000	-0.199282
chr9	24000000	24250000	0.00271659
chr9	24250000	24500000	0.0579987
chr9	24500000	24750000	-0.203462
chr9	24750000	25000000	-0.289146
chr9	25000000	25250000	0.145229
chr9	25250000	25500000	0.0106109
chr9	25500000	25750000	-0.287521
chr9	25750000	26000000	-0.443371
chr9	26000000	26250000	-0.467737
chr9	26250000	26500000	-0.437128
chr9	26500000	26750000	-0.474251
chr9	26750000	27000000	-0.209898
chr9	27000000	27250000	0.115405
chr9	27250000	27500000	-0.34701
chr9	27500000	27750000	-0.140495
chr9	27750000	28000000	-0.324908
chr9	28000000	28250000	-0.324677
chr9	28250000	28500000	-0.431843
chr9	28500000	28750000	-0.432125
chr9	28750000	29000000	-0.439004
chr9	29000000	29250000	-0.497647
chr9	29250000	29500000	-0.40578
chr9	29500000	29750000	-0.451418
chr9	29750000	30000000	-0.419904
chr9	30000000	30250000	-0.46311
chr9	30250000	30500000	-0.192528
chr9	30500000	30750000	-0.317726
chr9	30750000	31000000	-0.315408
chr9	31000000	31250000	0.35714
chr9	31250000	31500000	0.437439
chr9	31500000	31750000	-0.288732
chr9	31750000	32000000	-0.29654
chr9	32000000	32250000	-0.31826
chr9	32250000	32500000	-0.207023
chr9	32500000	32750000	-0.0864798
chr9	32750000	33000000	-0.333686
chr9	33000000	33250000	-0.329731
chr9	33250000	33500000	-0.389142
chr9	33500000	33750000	-0.429257
chr9	33750000	34000000	-0.394504
chr9	34000000	34250000	-0.450711
chr9	34250000	34500000	-0.38037
chr9	34500000	34750000	-0.353154
chr9	34750000	35000000	-0.299601
chr9	35000000	35250000	0.340989
chr9	35250000	35500000	0.0140071
chr9	35500000	35750000	-0.0966162
chr9	35750000	36000000	-0.384368
chr9	36000000	36250000	-0.514624
chr9	36250000	36500000	-0.39023
chr9	36500000	36750000	-0.0964369
chr9	36750000	37000000	0.0515724
chr9	37000000	37250000	-0.196675
chr9	37250000	37500000	0.0105699
chr9	37500000	37750000	0.272274
chr9	37750000	38000000	-0.29674
chr9	38000000	38250000	-0.436739
chr9	38250000	38500000	-0.376377
chr9	38500000	38750000	-0.239133
chr9	38750000	39000000	-0.352463
chr9	39000000	39250000	-0.364311
chr9	39250000	39500000	-0.393674
chr9	39500000	39750000	-0.446643
chr9	39750000	40000000	-0.447709
chr9	40000000	40250000	-0.456816
chr9	40250000	40500000	-0.434269
chr9	40500000	40750000	-0.259351
chr9	40750000	41000000	0.0843152
chr9	41000000	41250000	0.364808
chr9	41250000	41500000	-0.21255
chr9	41500000	41750000	-0.293414
chr9	41750000	42000000	-0.336108
chr9	42000000	42250000	-0.323458
chr9	42250000	42500000	0.171986
chr9	42500000	42750000	-0.272733
chr9	42750000	43000000	-0.255652
chr9	43000000	43250000	0.256713
chr9	43250000	43500000	-0.239095
chr9	43500000	43750000	-0.423509
chr9	43750000	44000000	-0.285544
chr9	44000000	44250000	0.323137
chr9	44250000	44500000	0.696747
chr9	44500000	44750000	0.543293
chr9	44750000	45000000	0.674574
chr9	45000000	45250000	0.141419
chr9	45250000	45500000	0.0635901
chr9	45500000	45750000	0.00983349
chr9	45750000	46000000	0.517489
chr9	46000000	46250000	0.526391
chr9	46250000	46500000	0.0401867
chr9	46500000	46750000	-0.401245
chr9	46750000	47000000	-0.43668
chr9	47000000	47250000	-0.485579
chr9	47250000	47500000	-0.475221
chr9	47500000	47750000	-0.451926
chr9	47750000	48000000	-0.386634
chr9	48000000	48250000	-0.241091
chr9	48250000	48500000	0.330642
chr9	48500000	48750000	0.267996
chr9	48750000	49000000	0.464183
chr9	49000000	49250000	0.0357876
chr9	49250000	49500000	-0.151944
chr9	49500000	49750000	-0.205604
chr9	49750000	50000000	-0.223026
chr9	50000000	50250000	-0.197181
chr9	50250000	50500000	-0.0381322
chr9	50500000	50750000	0.366936
chr9	50750000	51000000	0.541162
chr9	51000000	51250000	0.197249
chr9	51250000	51500000	-0.0474635
chr9	51500000	51750000	-0.0791012
chr9	51750000	52000000	0.0225181
chr9	52000000	52250000	0.436645
chr9	52250000	52500000	0.0372783
chr9	52500000	52750000	-0.112812
chr9	52750000	53000000	-0.133764
chr9	53000000	53250000	0.176053
chr9	53250000	53500000	0.167019
chr9	53500000	53750000	0.462775
chr9	53750000	54000000	-0.142023
chr9	54000000	54250000	-0.160114
chr9	54250000	54500000	-0.135804
chr9	54500000	54750000	0.226047
chr9	54750000	55000000	0.266395
chr9	55000000	55250000	0.282552
chr9	55250000	55500000	0.0376986
chr9	55500000	55750000	-0.00410272
chr9	55750000	56000000	0.0368169
chr9	56000000	56250000	-0.0268886
chr9	56250000	56500000	0.253102
chr9	56500000	56750000	-0.0797243
chr9	56750000	57000000	0.260747
chr9	57000000	57250000	0.472975
chr9	57250000	57500000	0.35442
chr9	57500000	57750000	0.650248
chr9	57750000	58000000	0.528794
chr9	58000000	58250000	0.145502
chr9	58250000	58500000	0.134937
chr9	58500000	58750000	0.360976
chr9	58750000	59000000	0.0561862
chr9	59000000	59250000	0.049323
chr9	59250000	59500000	0.510721
chr9	59500000	59750000	0.452158
chr9	59750000	60000000	0.286665
chr9	60000000	60250000	0.0292658
chr9	60250000	60500000	0.270708
chr9	60500000	60750000	0.205238
chr9	60750000	61000000	0.000985355
chr9	61000000	61250000	-0.0112907
chr9	61250000	61500000	0.130306
chr9	61500000	61750000	0.25409
chr9	61750000	62000000	0.330434
chr9	62000000	62250000	0.190376
chr9	62250000	62500000	0.413088
chr9	62500000	62750000	0.0119594
chr9	62750000	63000000	0.536964
chr9	63000000	63250000	0.158963
chr9	63250000	63500000	0.274518
chr9	63500000	63750000	0.178221
chr9	63750000	64000000	0.0949504
chr9	64000000	64250000	0.571942
chr9	64250000	64500000	0.337047
chr9	64500000	64750000	0.287158
chr9	64750000	65000000	0.602221
chr9	65000000	65250000	0.547458
chr9	65250000	65500000	0.470713
chr9	65500000	65750000	0.581269
chr9	65750000	66000000	0.721576
chr9	66000000	66250000	0.592629
chr9	66250000	66500000	0.730761
chr9	66500000	66750000	0.461374
chr9	66750000	67000000	0.649304
chr9	67000000	67250000	0.399181
chr9	67250000	67500000	0.150204
chr9	67500000	67750000	0.0880319
chr9	67750000	68000000	0.667406
chr9	68000000	68250000	-0.0283728
chr9	68250000	68500000	-0.16366
chr9	68500000	68750000	-0.181874
chr9	68750000	69000000	-0.187775
chr9	69000000	69250000	-0.0970636
chr9	69250000	69500000	0.262988
chr9	69500000	69750000	-0.0346948
chr9	69750000	70000000	0.0525445
chr9	70000000	70250000	0.143567
chr9	70250000	70500000	0.295684
chr9	70500000	70750000	0.714402
chr9	70750000	71000000	0.376912
chr9	71000000	71250000	0.347193
chr9	71250000	71500000	0.130218
chr9	71500000	71750000	0.227325
chr9	71750000	72000000	0.237069
chr9	72000000	72250000	0.426144
chr9	72250000	72500000	0.705658
chr9	72500000	72750000	0.786985
chr9	72750000	73000000	0.488757
chr9	73000000	73250000	0.366389
chr9	73250000	73500000	0.228401
chr9	73500000	73750000	-0.0337705
chr9	73750000	74000000	-0.12414
chr9	74000000	74250000	-0.209712
chr9	74250000	74500000	-0.331984
chr9	74500000	74750000	-0.384973
chr9	74750000	75000000	-0.230153
chr9	75000000	75250000	0.160963
chr9	75250000	75500000	0.368327
chr9	75500000	75750000	0.174074
chr9	75750000	76000000	0.136136
chr9	76000000	76250000	0.19941
chr9	76250000	76500000	-0.140638
chr9	76500000	76750000	-0.192932
chr9	76750000	77000000	-0.303417
chr9	77000000	77250000	-0.350686
chr9	77250000	77500000	-0.308233
chr9	77500000	77750000	-0.0904039
chr9	77750000	78000000	0.497958
chr9	78000000	78250000	0.41464
chr9	78250000	78500000	0.37738
chr9	78500000	78750000	0.436679
chr9	78750000	79000000	-0.0264102
chr9	79000000	79250000	0.0224365
chr9	79250000	79500000	0.0670501
chr9	79500000	79750000	0.292104
chr9	79750000	80000000	0.538888
chr9	80000000	80250000	0.487687
chr9	80250000	80500000	0.00776082
chr9	80500000	80750000	-0.16657
chr9	80750000	81000000	-0.154952
chr9	81000000	81250000	-0.0696166
chr9	81250000	81500000	-0.0972308
chr9	81500000	81750000	-0.113896
chr9	81750000	82000000	-0.0138282
chr9	82000000	82250000	-0.108901
chr9	82250000	82500000	-0.160684
chr9	82500000	82750000	-0.0875258
chr9	82750000	83000000	0.536867
chr9	83000000	83250000	-0.113308
chr9	83250000	83500000	0.0471851
chr9	83500000	83750000	-0.0337307
chr9	83750000	84000000	0.200631
chr9	84000000	84250000	-0.0160738
chr9	84250000	84500000	-0.0633366
chr9	84500000	84750000	-0.12261
chr9	84750000	85000000	-0.107255
chr9	85000000	85250000	-0.0376721
chr9	85250000	85500000	0.0601981
chr9	85500000	85750000	0.0687961
chr9	85750000	86000000	-0.135657
chr9	86000000	86250000	-0.355919
chr9	86250000	86500000	0.000630034
chr9	86500000	86750000	0.242723
chr9	86750000	87000000	-0.158753
chr9	87000000	87250000	0.0458665
chr9	87250000	87500000	-0.0566139
chr9	87500000	87750000	-0.269234
chr9	87750000	88000000	-0.372577
chr9	88000000	88250000	-0.201868
chr9	88250000	88500000	0.331128
chr9	88500000	88750000	0.311692
chr9	88750000	89000000	nan
chr9	89000000	89250000	nan
chr9	89250000	89500000	-0.349655
chr9	89500000	89750000	-0.265725
chr9	89750000	90000000	-0.386679
chr9	90000000	90250000	-0.0792573
chr9	90250000	90500000	-0.271573
chr9	90500000	90750000	-0.321338
chr9	90750000	91000000	-0.334579
chr9	91000000	91250000	-0.350764
chr9	91250000	91500000	-0.268597
chr9	91500000	91750000	-0.379548
chr9	91750000	92000000	-0.290753
chr9	92000000	92250000	0.0978446
chr9	92250000	92500000	0.406569
chr9	92500000	92750000	0.127341
chr9	92750000	93000000	-0.207565
chr9	93000000	93250000	-0.244425
chr9	93250000	93500000	-0.27914
chr9	93500000	93750000	-0.369438
chr9	93750000	94000000	-0.287247
chr9	94000000	94250000	-0.288168
chr9	94250000	94500000	-0.265928
chr9	94500000	94750000	0.0179645
chr9	94750000	95000000	-0.317052
chr9	95000000	95250000	-0.366087
chr9	95250000	95500000	-0.126595
chr9	95500000	95750000	0.132015
chr9	95750000	96000000	0.387917
chr9	96000000	96250000	0.433874
chr9	96250000	96500000	0.492983
chr9	96500000	96750000	0.625494
chr9	96750000	97000000	0.0987249
chr9	97000000	97250000	0.0347432
chr9	97250000	97500000	-0.456078
chr9	97500000	97750000	-0.498892
chr9	97750000	98000000	-0.506082
chr9	98000000	98250000	-0.394667
chr9	98250000	98500000	0.19988
chr9	98500000	98750000	0.0513718
chr9	98750000	99000000	-0.179504
chr9	99000000	99250000	0.459902
chr9	99250000	99500000	0.280778
chr9	99500000	99750000	0.170588
chr9	99750000	100000000	-0.378765
chr9	100000000	100250000	-0.396209
chr9	100250000	100500000	-0.192933
chr9	100500000	100750000	0.468515
chr9	100750000	101000000	0.336077
chr9	101000000	101250000	0.254846
chr9	101250000	101500000	-0.509444
chr9	101500000	101750000	-0.529393
chr9	101750000	102000000	-0.462557
chr9	102000000	102250000	-0.425322
chr9	102250000	102500000	-0.439932
chr9	102500000	102750000	-0.00637643
chr9	102750000	103000000	0.440504
chr9	103000000	103250000	0.0586117
chr9	103250000	103500000	0.330761
chr9	103500000	103750000	-0.330231
chr9	103750000	104000000	-0.370284
chr9	104000000	104250000	0.232525
chr9	104250000	104500000	-0.095658
chr9	104500000	104750000	-0.412344
chr9	104750000	105000000	-0.449568
chr9	105000000	105250000	-0.166105
chr9	105250000	105500000	0.136413
chr9	105500000	105750000	0.163321
chr9	105750000	106000000	-0.239986
chr9	106000000	106250000	0.307303
chr9	106250000	106500000	0.659504
chr9	106500000	106750000	0.486459
chr9	106750000	107000000	0.640432
chr9	107000000	107250000	0.0808819
chr9	107250000	107500000	0.637366
chr9	107500000	107750000	0.898258
chr9	107750000	108000000	0.838616
chr9	108000000	108250000	0.758564
chr9	108250000	108500000	0.899771
chr9	108500000	108750000	0.892463
chr9	108750000	109000000	0.668888
chr9	109000000	109250000	0.375828
chr9	109250000	109500000	-0.280802
chr9	109500000	109750000	-0.195748
chr9	109750000	110000000	0.586127
chr9	110000000	110250000	0.719718
chr9	110250000	110500000	0.653439
chr9	110500000	110750000	0.740736
chr9	110750000	111000000	0.182573
chr9	111000000	111250000	0.544792
chr9	111250000	111500000	0.0880659
chr9	111500000	111750000	-0.468833
chr9	111750000	112000000	-0.388577
chr9	112000000	112250000	-0.360969
chr9	112250000	112500000	-0.339313
chr9	112500000	112750000	-0.324549
chr9	112750000	113000000	-0.0651399
chr9	113000000	113250000	-0.235327
chr9	113250000	113500000	-0.373145
chr9	113500000	113750000	0.152711
chr9	113750000	114000000	0.667656
chr9	114000000	114250000	-0.00310835
chr9	114250000	114500000	0.351507
chr9	114500000	114750000	0.636017
chr9	114750000	115000000	0.294914
chr9	115000000	115250000	-0.168566
chr9	115250000	115500000	0.11224
chr9	115500000	115750000	-0.295344
chr9	115750000	116000000	-0.269031
chr9	116000000	116250000	-0.280503
chr9	116250000	116500000	-0.319838
chr9	116500000	116750000	-0.285362
chr9	116750000	117000000	-0.32438
chr9	117000000	117250000	-0.319281
chr9	117250000	117500000	-0.416182
chr9	117500000	117750000	-0.369766
chr9	117750000	118000000	-0.331704
chr9	118000000	118250000	0.316687
chr9	118250000	118500000	-0.258092
chr9	118500000	118750000	0.132301
chr9	118750000	119000000	-0.336913
chr9	119000000	119250000	-0.280426
chr9	119250000	119500000	0.630693
chr9	119500000	119750000	-0.400066
chr9	119750000	120000000	0.196716
chr9	120000000	120250000	0.602575
chr9	120250000	120500000	0.140537
chr9	120500000	120750000	0.454482
chr9	120750000	121000000	0.323384
chr9	121000000	121250000	-0.0428926
chr9	121250000	121500000	0.514541
chr9	121500000	121750000	0.475523
chr9	121750000	122000000	0.354918
chr9	122000000	122250000	0.246119
chr9	122250000	122500000	0.549257
chr9	122500000	122750000	0.0631714
chr9	122750000	123000000	0.775165
chr9	123000000	123250000	0.787598
chr9	123250000	123500000	0.391481
chr9	123500000	123750000	1.02311
chr9	123750000	124000000	1.05964
chr9	124000000	124250000	nan
chr9	124250000	124500000	0.500404
chr9	124500000	124595110	nan
#bedGraph section chrX:0-171031299
chrX	0	250000	nan
chrX	250000	500000	nan
chrX	500000	750000	nan
chrX	750000	1000000	nan
chrX	1000000	1250000	nan
chrX	1250000	1500000	nan
chrX	1500000	1750000	nan
chrX	1750000	2000000	nan
chrX	2000000	2250000	nan
chrX	2250000	2500000	nan
chrX	2500000	2750000	nan
chrX	2750000	3000000	nan
chrX	3000000	3250000	nan
chrX	3250000	3500000	nan
chrX	3500000	3750000	nan
chrX	3750000	4000000	nan
chrX	4000000	4250000	nan
chrX	4250000	4500000	nan
chrX	4500000	4750000	nan
chrX	4750000	5000000	nan
chrX	5000000	5250000	nan
chrX	5250000	5500000	nan
chrX	5500000	5750000	0.241723
chrX	5750000	6000000	0.418762
chrX	6000000	6250000	0.233077
chrX	6250000	6500000	0.881781
chrX	6500000	6750000	0.460001
chrX	6750000	7000000	0.944288
chrX	7000000	7250000	1.22728
chrX	7250000	7500000	1.26878
chrX	7500000	7750000	1.5686
chrX	7750000	8000000	1.45336
chrX	8000000	8250000	1.40614
chrX	8250000	8500000	1.08904
chrX	8500000	8750000	0.958209
chrX	8750000	9000000	1.0369
chrX	9000000	9250000	0.89077
chrX	9250000	9500000	0.548422
chrX	9500000	9750000	0.837519
chrX	9750000	10000000	0.877962
chrX	10000000	10250000	0.728915
chrX	10250000	10500000	0.693557
chrX	10500000	10750000	0.551727
chrX	10750000	11000000	0.759425
chrX	11000000	11250000	0.465271
chrX	11250000	11500000	0.77641
chrX	11500000	11750000	0.625811
chrX	11750000	12000000	0.852734
chrX	12000000	12250000	0.813137
chrX	12250000	12500000	0.723155
chrX	12500000	12750000	0.972052
chrX	12750000	13000000	1.06474
chrX	13000000	13250000	0.929031
chrX	13250000	13500000	1.29493
chrX	13500000	13750000	1.11331
chrX	13750000	14000000	0.555053
chrX	14000000	14250000	0.346641
chrX	14250000	14500000	0.179332
chrX	14500000	14750000	0.0140934
chrX	14750000	15000000	0.0730823
chrX	15000000	15250000	-0.0221096
chrX	15250000	15500000	0.0836743
chrX	15500000	15750000	0.0184253
chrX	15750000	16000000	0.102878
chrX	16000000	16250000	-0.154319
chrX	16250000	16500000	0.0205195
chrX	16500000	16750000	0.532776
chrX	16750000	17000000	0.22774
chrX	17000000	17250000	0.174483
chrX	17250000	17500000	0.212933
chrX	17500000	17750000	0.514745
chrX	17750000	18000000	0.158224
chrX	18000000	18250000	0.735086
chrX	18250000	18500000	0.292976
chrX	18500000	18750000	-0.0532406
chrX	18750000	19000000	-0.0491645
chrX	19000000	19250000	-0.217685
chrX	19250000	19500000	-0.018739
chrX	19500000	19750000	-0.0218869
chrX	19750000	20000000	0.0957699
chrX	20000000	20250000	0.513461
chrX	20250000	20500000	1.07188
chrX	20500000	20750000	0.948337
chrX	20750000	21000000	1.09049
chrX	21000000	21250000	0.511699
chrX	21250000	21500000	0.394922
chrX	21500000	21750000	-0.129107
chrX	21750000	22000000	-0.282161
chrX	22000000	22250000	-0.0900987
chrX	22250000	22500000	-0.209938
chrX	22500000	22750000	-0.171418
chrX	22750000	23000000	-0.0642248
chrX	23000000	23250000	-0.0441458
chrX	23250000	23500000	0.0369982
chrX	23500000	23750000	0.488088
chrX	23750000	24000000	0.224385
chrX	24000000	24250000	-0.142822
chrX	24250000	24500000	nan
chrX	24500000	24750000	nan
chrX	24750000	25000000	nan
chrX	25000000	25250000	nan
chrX	25250000	25500000	nan
chrX	25500000	25750000	nan
chrX	25750000	26000000	nan
chrX	26000000	26250000	nan
chrX	26250000	26500000	nan
chrX	26500000	26750000	nan
chrX	26750000	27000000	nan
chrX	27000000	27250000	nan
chrX	27250000	27500000	nan
chrX	27500000	27750000	nan
chrX	27750000	28000000	nan
chrX	28000000	28250000	nan
chrX	28250000	28500000	nan
chrX	28500000	28750000	nan
chrX	28750000	29000000	nan
chrX	29000000	29250000	nan
chrX	29250000	29500000	nan
chrX	29500000	29750000	nan
chrX	29750000	30000000	nan
chrX	30000000	30250000	nan
chrX	30250000	30500000	nan
chrX	30500000	30750000	nan
chrX	30750000	31000000	nan
chrX	31000000	31250000	0.782324
chrX	31250000	31500000	nan
chrX	31500000	31750000	nan
chrX	31750000	32000000	nan
chrX	32000000	32250000	nan
chrX	32250000	32500000	nan
chrX	32500000	32750000	nan
chrX	32750000	33000000	nan
chrX	33000000	33250000	nan
chrX	33250000	33500000	nan
chrX	33500000	33750000	nan
chrX	33750000	34000000	nan
chrX	34000000	34250000	nan
chrX	34250000	34500000	nan
chrX	34500000	34750000	nan
chrX	34750000	35000000	nan
chrX	35000000	35250000	nan
chrX	35250000	35500000	nan
chrX	35500000	35750000	-0.0119107
chrX	35750000	36000000	0.744387
chrX	36000000	36250000	0.501116
chrX	36250000	36500000	0.52159
chrX	36500000	36750000	0.867731
chrX	36750000	37000000	1.07477
chrX	37000000	37250000	0.926042
chrX	37250000	37500000	nan
chrX	37500000	37750000	nan
chrX	37750000	38000000	0.421992
chrX	38000000	38250000	0.59323
chrX	38250000	38500000	0.797312
chrX	38500000	38750000	0.692325
chrX	38750000	39000000	0.144899
chrX	39000000	39250000	-0.00731026
chrX	39250000	39500000	0.082575
chrX	39500000	39750000	0.265222
chrX	39750000	40000000	0.248545
chrX	40000000	40250000	0.647393
chrX	40250000	40500000	0.296639
chrX	40500000	40750000	0.0818962
chrX	40750000	41000000	0.108616
chrX	41000000	41250000	0.143892
chrX	41250000	41500000	0.148538
chrX	41500000	41750000	0.238556
chrX	41750000	42000000	0.42154
chrX	42000000	42250000	0.889282
chrX	42250000	42500000	0.32859
chrX	42500000	42750000	0.068895
chrX	42750000	43000000	0.0111156
chrX	43000000	43250000	-0.0609151
chrX	43250000	43500000	-0.183878
chrX	43500000	43750000	-0.226371
chrX	43750000	44000000	-0.182694
chrX	44000000	44250000	-0.117312
chrX	44250000	44500000	-0.21473
chrX	44500000	44750000	-0.259734
chrX	44750000	45000000	-0.0935436
chrX	45000000	45250000	-0.0808501
chrX	45250000	45500000	-0.147953
chrX	45500000	45750000	-0.237162
chrX	45750000	46000000	-0.292246
chrX	46000000	46250000	-0.157706
chrX	46250000	46500000	-0.154029
chrX	46500000	46750000	-0.272182
chrX	46750000	47000000	-0.263245
chrX	47000000	47250000	-0.16712
chrX	47250000	47500000	-0.0735467
chrX	47500000	47750000	0.00268607
chrX	47750000	48000000	0.147646
chrX	48000000	48250000	0.636706
chrX	48250000	48500000	0.748382
chrX	48500000	48750000	0.606414
chrX	48750000	49000000	0.194824
chrX	49000000	49250000	-0.00653409
chrX	49250000	49500000	-0.116976
chrX	49500000	49750000	-0.151067
chrX	49750000	50000000	-0.159998
chrX	50000000	50250000	-0.164346
chrX	50250000	50500000	0.0193496
chrX	50500000	50750000	0.341574
chrX	50750000	51000000	0.492319
chrX	51000000	51250000	0.77603
chrX	51250000	51500000	0.122811
chrX	51500000	51750000	0.177209
chrX	51750000	52000000	0.20563
chrX	52000000	52250000	0.686754
chrX	52250000	52500000	0.279334
chrX	52500000	52750000	0.251536
chrX	52750000	53000000	0.588965
chrX	53000000	53250000	0.799765
chrX	53250000	53500000	0.545926
chrX	53500000	53750000	0.151801
chrX	53750000	54000000	-0.0167324
chrX	54000000	54250000	-0.191025
chrX	54250000	54500000	nan
chrX	54500000	54750000	nan
chrX	54750000	55000000	nan
chrX	55000000	55250000	nan
chrX	55250000	55500000	nan
chrX	55500000	55750000	nan
chrX	55750000	56000000	-0.11
chrX	56000000	56250000	0.166236
chrX	56250000	56500000	0.73415
chrX	56500000	56750000	0.632764
chrX	56750000	57000000	0.343231
chrX	57000000	57250000	0.333561
chrX	57250000	57500000	0.389757
chrX	57500000	57750000	-0.00698163
chrX	57750000	58000000	-0.138295
chrX	58000000	58250000	-0.251114
chrX	58250000	58500000	-0.240056
chrX	58500000	58750000	-0.148832
chrX	58750000	59000000	-0.278422
chrX	59000000	59250000	-0.211902
chrX	59250000	59500000	-0.137111
chrX	59500000	59750000	-0.242292
chrX	59750000	60000000	-0.183179
chrX	60000000	60250000	0.0429446
chrX	60250000	60500000	0.377091
chrX	60500000	60750000	-0.244992
chrX	60750000	61000000	-0.281884
chrX	61000000	61250000	-0.241649
chrX	61250000	61500000	-0.238914
chrX	61500000	61750000	-0.184818
chrX	61750000	62000000	-0.242223
chrX	62000000	62250000	-0.225322
chrX	62250000	62500000	-0.232971
chrX	62500000	62750000	-0.239563
chrX	62750000	63000000	-0.32488
chrX	63000000	63250000	-0.270658
chrX	63250000	63500000	-0.171356
chrX	63500000	63750000	-0.138564
chrX	63750000	64000000	-0.222464
chrX	64000000	64250000	-0.23609
chrX	64250000	64500000	-0.322233
chrX	64500000	64750000	-0.261886
chrX	64750000	65000000	-0.236706
chrX	65000000	65250000	-0.300219
chrX	65250000	65500000	-0.277429
chrX	65500000	65750000	-0.275211
chrX	65750000	66000000	-0.191927
chrX	66000000	66250000	-0.211696
chrX	66250000	66500000	-0.254537
chrX	66500000	66750000	-0.165891
chrX	66750000	67000000	-0.168479
chrX	67000000	67250000	-0.163202
chrX	67250000	67500000	-0.189451
chrX	67500000	67750000	-0.28363
chrX	67750000	68000000	-0.302201
chrX	68000000	68250000	-0.21883
chrX	68250000	68500000	-0.206876
chrX	68500000	68750000	0.425644
chrX	68750000	69000000	-0.177018
chrX	69000000	69250000	-0.340096
chrX	69250000	69500000	-0.286623
chrX	69500000	69750000	-0.252543
chrX	69750000	70000000	-0.310305
chrX	70000000	70250000	-0.100057
chrX	70250000	70500000	0.258845
chrX	70500000	70750000	0.0391761
chrX	70750000	71000000	0.0432263
chrX	71000000	71250000	0.314919
chrX	71250000	71500000	0.515566
chrX	71500000	71750000	0.54631
chrX	71750000	72000000	0.329119
chrX	72000000	72250000	0.271778
chrX	72250000	72500000	0.0686279
chrX	72500000	72750000	0.0389176
chrX	72750000	73000000	0.362576
chrX	73000000	73250000	0.340505
chrX	73250000	73500000	0.324856
chrX	73500000	73750000	0.491403
chrX	73750000	74000000	0.598587
chrX	74000000	74250000	0.650309
chrX	74250000	74500000	0.978818
chrX	74500000	74750000	0.296205
chrX	74750000	75000000	nan
chrX	75000000	75250000	0.459094
chrX	75250000	75500000	0.503461
chrX	75500000	75750000	1.32151
chrX	75750000	76000000	0.0246712
chrX	76000000	76250000	-0.157047
chrX	76250000	76500000	-0.222009
chrX	76500000	76750000	-0.225481
chrX	76750000	77000000	-0.0604509
chrX	77000000	77250000	-0.0480203
chrX	77250000	77500000	0.34401
chrX	77500000	77750000	0.442746
chrX	77750000	78000000	-0.0298112
chrX	78000000	78250000	-0.321662
chrX	78250000	78500000	-0.349729
chrX	78500000	78750000	-0.312166
chrX	78750000	79000000	-0.258671
chrX	79000000	79250000	-0.26377
chrX	79250000	79500000	-0.232228
chrX	79500000	79750000	-0.2503
chrX	79750000	80000000	-0.234344
chrX	80000000	80250000	-0.192361
chrX	80250000	80500000	-0.304177
chrX	80500000	80750000	-0.20486
chrX	80750000	81000000	-0.289502
chrX	81000000	81250000	-0.301377
chrX	81250000	81500000	-0.336746
chrX	81500000	81750000	-0.249128
chrX	81750000	82000000	-0.271618
chrX	82000000	82250000	-0.317016
chrX	82250000	82500000	-0.198713
chrX	82500000	82750000	-0.319913
chrX	82750000	83000000	-0.2089
chrX	83000000	83250000	-0.282523
chrX	83250000	83500000	-0.170789
chrX	83500000	83750000	-0.354164
chrX	83750000	84000000	-0.254548
chrX	84000000	84250000	-0.256049
chrX	84250000	84500000	-0.14368
chrX	84500000	84750000	-0.263536
chrX	84750000	85000000	-0.190011
chrX	85000000	85250000	-0.288125
chrX	85250000	85500000	-0.0242178
chrX	85500000	85750000	0.246477
chrX	85750000	86000000	0.220604
chrX	86000000	86250000	-0.171021
chrX	86250000	86500000	-0.187972
chrX	86500000	86750000	-0.261684
chrX	86750000	87000000	-0.203057
chrX	87000000	87250000	-0.158695
chrX	87250000	87500000	-0.164877
chrX	87500000	87750000	-0.171178
chrX	87750000	88000000	-0.246416
chrX	88000000	88250000	-0.16995
chrX	88250000	88500000	-0.242973
chrX	88500000	88750000	-0.217086
chrX	88750000	89000000	-0.140287
chrX	89000000	89250000	-0.247411
chrX	89250000	89500000	-0.177829
chrX	89500000	89750000	-0.244928
chrX	89750000	90000000	-0.246955
chrX	90000000	90250000	-0.298938
chrX	90250000	90500000	-0.181957
chrX	90500000	90750000	-0.245008
chrX	90750000	91000000	-0.289209
chrX	91000000	91250000	-0.237529
chrX	91250000	91500000	-0.270022
chrX	91500000	91750000	-0.383862
chrX	91750000	92000000	nan
chrX	92000000	92250000	-0.168822
chrX	92250000	92500000	-0.16427
chrX	92500000	92750000	-0.115195
chrX	92750000	93000000	0.0851215
chrX	93000000	93250000	0.235904
chrX	93250000	93500000	0.727693
chrX	93500000	93750000	0.916479
chrX	93750000	94000000	0.784736
chrX	94000000	94250000	0.938483
chrX	94250000	94500000	0.583707
chrX	94500000	94750000	0.349417
chrX	94750000	95000000	nan
chrX	95000000	95250000	0.293222
chrX	95250000	95500000	0.232575
chrX	95500000	95750000	0.312215
chrX	95750000	96000000	0.289568
chrX	96000000	96250000	0.390859
chrX	96250000	96500000	0.318922
chrX	96500000	96750000	0.17824
chrX	96750000	97000000	-0.0415136
chrX	97000000	97250000	-0.0296125
chrX	97250000	97500000	0.197131
chrX	97500000	97750000	-0.0633031
chrX	97750000	98000000	-0.168432
chrX	98000000	98250000	0.0441913
chrX	98250000	98500000	0.197369
chrX	98500000	98750000	0.0606719
chrX	98750000	99000000	0.217103
chrX	99000000	99250000	0.551174
chrX	99250000	99500000	0.495279
chrX	99500000	99750000	0.124284
chrX	99750000	100000000	0.0803493
chrX	100000000	100250000	0.218139
chrX	100250000	100500000	0.340094
chrX	100500000	100750000	0.614518
chrX	100750000	101000000	0.52873
chrX	101000000	101250000	0.675326
chrX	101250000	101500000	0.866127
chrX	101500000	101750000	0.757187
chrX	101750000	102000000	0.514438
chrX	102000000	102250000	0.859848
chrX	102250000	102500000	0.85444
chrX	102500000	102750000	0.63323
chrX	102750000	103000000	0.295242
chrX	103000000	103250000	0.12734
chrX	103250000	103500000	0.504024
chrX	103500000	103750000	0.617609
chrX	103750000	104000000	0.413455
chrX	104000000	104250000	0.309167
chrX	104250000	104500000	0.448118
chrX	104500000	104750000	0.183422
chrX	104750000	105000000	0.0806073
chrX	105000000	105250000	0.434579
chrX	105250000	105500000	0.175663
chrX	105500000	105750000	0.0936772
chrX	105750000	106000000	0.671436
chrX	106000000	106250000	1.07769
chrX	106250000	106500000	0.0886296
chrX	106500000	106750000	0.160815
chrX	106750000	107000000	0.0639706
chrX	107000000	107250000	0.428158
chrX	107250000	107500000	0.179849
chrX	107500000	107750000	-0.0218447
chrX	107750000	108000000	0.112022
chrX	108000000	108250000	-0.0684525
chrX	108250000	108500000	0.00884609
chrX	108500000	108750000	0.121825
chrX	108750000	109000000	0.46723
chrX	109000000	109250000	0.551499
chrX	109250000	109500000	-0.0786326
chrX	109500000	109750000	0.0767414
chrX	109750000	110000000	0.203712
chrX	110000000	110250000	0.25488
chrX	110250000	110500000	0.42958
chrX	110500000	110750000	0.118409
chrX	110750000	111000000	0.170556
chrX	111000000	111250000	0.238432
chrX	111250000	111500000	nan
chrX	111500000	111750000	-0.157168
chrX	111750000	112000000	-0.0851076
chrX	112000000	112250000	0.0737358
chrX	112250000	112500000	0.0325399
chrX	112500000	112750000	0.28123
chrX	112750000	113000000	-0.0445847
chrX	113000000	113250000	0.174712
chrX	113250000	113500000	-0.118325
chrX	113500000	113750000	-0.105821
chrX	113750000	114000000	-0.257139
chrX	114000000	114250000	-0.284313
chrX	114250000	114500000	-0.265724
chrX	114500000	114750000	0.0529821
chrX	114750000	115000000	0.0177181
chrX	115000000	115250000	-0.0273731
chrX	115250000	115500000	-0.293869
chrX	115500000	115750000	-0.305475
chrX	115750000	116000000	-0.315944
chrX	116000000	116250000	-0.268417
chrX	116250000	116500000	-0.170731
chrX	116500000	116750000	-0.166861
chrX	116750000	117000000	-0.324737
chrX	117000000	117250000	-0.224589
chrX	117250000	117500000	-0.170607
chrX	117500000	117750000	-0.320712
chrX	117750000	118000000	-0.198876
chrX	118000000	118250000	-0.205509
chrX	118250000	118500000	-0.313018
chrX	118500000	118750000	-0.157923
chrX	118750000	119000000	-0.184602
chrX	119000000	119250000	-0.184527
chrX	119250000	119500000	-0.159152
chrX	119500000	119750000	-0.0853
chrX	119750000	120000000	-0.277775
chrX	120000000	120250000	-0.250979
chrX	120250000	120500000	-0.271899
chrX	120500000	120750000	-0.298767
chrX	120750000	121000000	-0.219718
chrX	121000000	121250000	-0.254787
chrX	121250000	121500000	-0.251913
chrX	121500000	121750000	-0.301772
chrX	121750000	122000000	-0.295274
chrX	122000000	122250000	-0.14974
chrX	122250000	122500000	-0.249464
chrX	122500000	122750000	-0.315298
chrX	122750000	123000000	-0.106525
chrX	123000000	123250000	nan
chrX	123250000	123500000	nan
chrX	123500000	123750000	nan
chrX	123750000	124000000	nan
chrX	124000000	124250000	0.335138
chrX	124250000	124500000	nan
chrX	124500000	124750000	nan
chrX	124750000	125000000	nan
chrX	125000000	125250000	nan
chrX	125250000	125500000	nan
chrX	125500000	125750000	nan
chrX	125750000	126000000	nan
chrX	126000000	126250000	nan
chrX	126250000	126500000	-0.171232
chrX	126500000	126750000	-0.0389914
chrX	126750000	127000000	-0.0534357
chrX	127000000	127250000	-0.276701
chrX	127250000	127500000	-0.357957
chrX	127500000	127750000	-0.291357
chrX	127750000	128000000	-0.369058
chrX	128000000	128250000	-0.289946
chrX	128250000	128500000	-0.341932
chrX	128500000	128750000	-0.345398
chrX	128750000	129000000	-0.444527
chrX	129000000	129250000	-0.27211
chrX	129250000	129500000	-0.236119
chrX	129500000	129750000	-0.164942
chrX	129750000	130000000	-0.00474899
chrX	130000000	130250000	0.385488
chrX	130250000	130500000	0.162472
chrX	130500000	130750000	0.0735861
chrX	130750000	131000000	0.121859
chrX	131000000	131250000	0.0605962
chrX	131250000	131500000	0.200019
chrX	131500000	131750000	-0.0630927
chrX	131750000	132000000	-0.111701
chrX	132000000	132250000	-0.211824
chrX	132250000	132500000	-0.103707
chrX	132500000	132750000	0.153013
chrX	132750000	133000000	-0.131303
chrX	133000000	133250000	-0.336974
chrX	133250000	133500000	-0.321653
chrX	133500000	133750000	-0.115184
chrX	133750000	134000000	-0.109504
chrX	134000000	134250000	0.661633
chrX	134250000	134500000	0.472467
chrX	134500000	134750000	0.96521
chrX	134750000	135000000	0.688209
chrX	135000000	135250000	0.397042
chrX	135250000	135500000	nan
chrX	135500000	135750000	0.30427
chrX	135750000	136000000	0.566256
chrX	136000000	136250000	0.417535
chrX	136250000	136500000	0.277177
chrX	136500000	136750000	0.215964
chrX	136750000	137000000	0.230492
chrX	137000000	137250000	0.535929
chrX	137250000	137500000	-0.147648
chrX	137500000	137750000	-0.265961
chrX	137750000	138000000	-0.459607
chrX	138000000	138250000	-0.274547
chrX	138250000	138500000	-0.432702
chrX	138500000	138750000	-0.292929
chrX	138750000	139000000	-0.144979
chrX	139000000	139250000	0.00731627
chrX	139250000	139500000	0.39127
chrX	139500000	139750000	0.736802
chrX	139750000	140000000	0.271114
chrX	140000000	140250000	0.0270936
chrX	140250000	140500000	0.186234
chrX	140500000	140750000	0.444712
chrX	140750000	141000000	0.286353
chrX	141000000	141250000	nan
chrX	141250000	141500000	0.119375
chrX	141500000	141750000	-0.0388827
chrX	141750000	142000000	-0.102342
chrX	142000000	142250000	0.0812357
chrX	142250000	142500000	0.576838
chrX	142500000	142750000	0.823873
chrX	142750000	143000000	0.372922
chrX	143000000	143250000	0.0213291
chrX	143250000	143500000	0.00849981
chrX	143500000	143750000	-0.143972
chrX	143750000	144000000	-0.280916
chrX	144000000	144250000	0.316089
chrX	144250000	144500000	-0.0126458
chrX	144500000	144750000	-0.240318
chrX	144750000	145000000	-0.321828
chrX	145000000	145250000	-0.382621
chrX	145250000	145500000	-0.182849
chrX	145500000	145750000	0.158084
chrX	145750000	146000000	0.0364032
chrX	146000000	146250000	0.347875
chrX	146250000	146500000	0.227526
chrX	146500000	146750000	0.139512
chrX	146750000	147000000	0.00377965
chrX	147000000	147250000	-0.194743
chrX	147250000	147500000	1.84011
chrX	147500000	147750000	0.290615
chrX	147750000	148000000	nan
chrX	148000000	148250000	nan
chrX	148250000	148500000	nan
chrX	148500000	148750000	nan
chrX	148750000	149000000	nan
chrX	149000000	149250000	nan
chrX	149250000	149500000	nan
chrX	149500000	149750000	nan
chrX	149750000	150000000	nan
chrX	150000000	150250000	-0.400165
chrX	150250000	150500000	-0.00777406
chrX	150500000	150750000	0.298514
chrX	150750000	151000000	0.00593972
chrX	151000000	151250000	0.28837
chrX	151250000	151500000	0.00451792
chrX	151500000	151750000	0.651856
chrX	151750000	152000000	0.566754
chrX	152000000	152250000	0.51366
chrX	152250000	152500000	0.38602
chrX	152500000	152750000	0.0249987
chrX	152750000	153000000	0.0923207
chrX	153000000	153250000	-0.283699
chrX	153250000	153500000	0.00418471
chrX	153500000	153750000	0.0909419
chrX	153750000	154000000	-0.0313402
chrX	154000000	154250000	0.18813
chrX	154250000	154500000	0.349778
chrX	154500000	154750000	0.114167
chrX	154750000	155000000	0.0254098
chrX	155000000	155250000	0.0684467
chrX	155250000	155500000	-0.0300736
chrX	155500000	155750000	-0.275725
chrX	155750000	156000000	-0.322008
chrX	156000000	156250000	-0.465549
chrX	156250000	156500000	-0.168469
chrX	156500000	156750000	-0.223915
chrX	156750000	157000000	-0.395283
chrX	157000000	157250000	-0.138411
chrX	157250000	157500000	0.0921494
chrX	157500000	157750000	0.352361
chrX	157750000	158000000	-0.10231
chrX	158000000	158250000	-0.272807
chrX	158250000	158500000	-0.435869
chrX	158500000	158750000	-0.354853
chrX	158750000	159000000	-0.24433
chrX	159000000	159250000	-0.109482
chrX	159250000	159500000	0.593588
chrX	159500000	159750000	0.905436
chrX	159750000	160000000	0.643582
chrX	160000000	160250000	0.312789
chrX	160250000	160500000	0.209326
chrX	160500000	160750000	0.68117
chrX	160750000	161000000	0.581356
chrX	161000000	161250000	0.273457
chrX	161250000	161500000	0.030359
chrX	161500000	161750000	0.206651
chrX	161750000	162000000	0.115206
chrX	162000000	162250000	0.366303
chrX	162250000	162500000	0.57841
chrX	162500000	162750000	0.836487
chrX	162750000	163000000	0.89579
chrX	163000000	163250000	0.171095
chrX	163250000	163500000	-0.0968394
chrX	163500000	163750000	0.0945413
chrX	163750000	164000000	0.452426
chrX	164000000	164250000	0.550199
chrX	164250000	164500000	0.186184
chrX	164500000	164750000	-0.255694
chrX	164750000	165000000	0.251337
chrX	165000000	165250000	-0.271943
chrX	165250000	165500000	-0.503133
chrX	165500000	165750000	-0.23688
chrX	165750000	166000000	-0.534495
chrX	166000000	166250000	-0.0701485
chrX	166250000	166500000	0.666116
chrX	166500000	166750000	0.299664
chrX	166750000	167000000	-0.0812407
chrX	167000000	167250000	0.396495
chrX	167250000	167500000	0.0406431
chrX	167500000	167750000	-0.126282
chrX	167750000	168000000	-0.134724
chrX	168000000	168250000	-0.182616
chrX	168250000	168500000	0.132903
chrX	168500000	168750000	0.553371
chrX	168750000	169000000	0.535317
chrX	169000000	169250000	1.98685
chrX	169250000	169500000	0.9483
chrX	169500000	169750000	0.244401
chrX	169750000	170000000	0.434994
chrX	170000000	170250000	-0.215236
chrX	170250000	170500000	nan
chrX	170500000	170750000	nan
chrX	170750000	171000000	nan
chrX	171000000	171031299	nan
#bedGraph section chrY:0-91744698
chrY	0	250000	nan
chrY	250000	500000	-0.14435
chrY	500000	750000	-0.14435
chrY	750000	1000000	nan
chrY	1000000	1250000	-0.1257
chrY	1250000	1500000	nan
chrY	1500000	1750000	nan
chrY	1750000	2000000	2.02269
chrY	2000000	2250000	0.135622
chrY	2250000	2500000	nan
chrY	2500000	2750000	nan
chrY	2750000	3000000	nan
chrY	3000000	3250000	nan
chrY	3250000	3500000	nan
chrY	3500000	3750000	nan
chrY	3750000	4000000	-0.0756801
chrY	4000000	4250000	0.387167
chrY	4250000	4500000	nan
chrY	4500000	4750000	nan
chrY	4750000	5000000	nan
chrY	5000000	5250000	-0.1257
chrY	5250000	5500000	nan
chrY	5500000	5750000	nan
chrY	5750000	6000000	nan
chrY	6000000	6250000	nan
chrY	6250000	6500000	nan
chrY	6500000	6750000	nan
chrY	6750000	7000000	nan
chrY	7000000	7250000	nan
chrY	7250000	7500000	nan
chrY	7500000	7750000	nan
chrY	7750000	8000000	nan
chrY	8000000	8250000	nan
chrY	8250000	8500000	nan
chrY	8500000	8750000	-0.1257
chrY	8750000	9000000	nan
chrY	9000000	9250000	nan
chrY	9250000	9500000	nan
chrY	9500000	9750000	nan
chrY	9750000	10000000	nan
chrY	10000000	10250000	nan
chrY	10250000	10500000	nan
chrY	10500000	10750000	-0.355063
chrY	10750000	11000000	nan
chrY	11000000	11250000	nan
chrY	11250000	11500000	nan
chrY	11500000	11750000	nan
chrY	11750000	12000000	nan
chrY	12000000	12250000	nan
chrY	12250000	12500000	nan
chrY	12500000	12750000	nan
chrY	12750000	13000000	nan
chrY	13000000	13250000	nan
chrY	13250000	13500000	nan
chrY	13500000	13750000	nan
chrY	13750000	14000000	nan
chrY	14000000	14250000	nan
chrY	14250000	14500000	nan
chrY	14500000	14750000	nan
chrY	14750000	15000000	nan
chrY	15000000	15250000	nan
chrY	15250000	15500000	nan
chrY	15500000	15750000	nan
chrY	15750000	16000000	nan
chrY	16000000	16250000	nan
chrY	16250000	16500000	nan
chrY	16500000	16750000	-0.1257
chrY	16750000	17000000	nan
chrY	17000000	17250000	nan
chrY	17250000	17500000	nan
chrY	17500000	17750000	nan
chrY	17750000	18000000	nan
chrY	18000000	18250000	nan
chrY	18250000	18500000	nan
chrY	18500000	18750000	nan
chrY	18750000	19000000	nan
chrY	19000000	19250000	nan
chrY	19250000	19500000	nan
chrY	19500000	19750000	nan
chrY	19750000	20000000	nan
chrY	20000000	20250000	nan
chrY	20250000	20500000	-0.1257
chrY	20500000	20750000	nan
chrY	20750000	21000000	nan
chrY	21000000	21250000	nan
chrY	21250000	21500000	nan
chrY	21500000	21750000	nan
chrY	21750000	22000000	nan
chrY	22000000	22250000	nan
chrY	22250000	22500000	nan
chrY	22500000	22750000	-0.1257
chrY	22750000	23000000	nan
chrY	23000000	23250000	nan
chrY	23250000	23500000	nan
chrY	23500000	23750000	nan
chrY	23750000	24000000	nan
chrY	24000000	24250000	nan
chrY	24250000	24500000	nan
chrY	24500000	24750000	nan
chrY	24750000	25000000	nan
chrY	25000000	25250000	nan
chrY	25250000	25500000	nan
chrY	25500000	25750000	nan
chrY	25750000	26000000	-0.1257
chrY	26000000	26250000	nan
chrY	26250000	26500000	nan
chrY	26500000	26750000	nan
chrY	26750000	27000000	nan
chrY	27000000	27250000	nan
chrY	27250000	27500000	nan
chrY	27500000	27750000	nan
chrY	27750000	28000000	nan
chrY	28000000	28250000	nan
chrY	28250000	28500000	nan
chrY	28500000	28750000	nan
chrY	28750000	29000000	nan
chrY	29000000	29250000	nan
chrY	29250000	29500000	nan
chrY	29500000	29750000	nan
chrY	29750000	30000000	nan
chrY	30000000	30250000	nan
chrY	30250000	30500000	nan
chrY	30500000	30750000	nan
chrY	30750000	31000000	nan
chrY	31000000	31250000	nan
chrY	31250000	31500000	nan
chrY	31500000	31750000	nan
chrY	31750000	32000000	nan
chrY	32000000	32250000	nan
chrY	32250000	32500000	nan
chrY	32500000	32750000	nan
chrY	32750000	33000000	nan
chrY	33000000	33250000	nan
chrY	33250000	33500000	nan
chrY	33500000	33750000	nan
chrY	33750000	34000000	nan
chrY	34000000	34250000	nan
chrY	34250000	34500000	nan
chrY	34500000	34750000	nan
chrY	34750000	35000000	nan
chrY	35000000	35250000	nan
chrY	35250000	35500000	nan
chrY	35500000	35750000	nan
chrY	35750000	36000000	nan
chrY	36000000	36250000	nan
chrY	36250000	36500000	nan
chrY	36500000	36750000	nan
chrY	36750000	37000000	nan
chrY	37000000	37250000	nan
chrY	37250000	37500000	nan
chrY	37500000	37750000	nan
chrY	37750000	38000000	nan
chrY	38000000	38250000	nan
chrY	38250000	38500000	nan
chrY	38500000	38750000	nan
chrY	38750000	39000000	nan
chrY	39000000	39250000	nan
chrY	39250000	39500000	-0.14435
chrY	39500000	39750000	-0.14435
chrY	39750000	40000000	nan
chrY	40000000	40250000	-0.1257
chrY	40250000	40500000	nan
chrY	40500000	40750000	nan
chrY	40750000	41000000	nan
chrY	41000000	41250000	nan
chrY	41250000	41500000	nan
chrY	41500000	41750000	nan
chrY	41750000	42000000	nan
chrY	42000000	42250000	nan
chrY	42250000	42500000	nan
chrY	42500000	42750000	nan
chrY	42750000	43000000	nan
chrY	43000000	43250000	-0.14435
chrY	43250000	43500000	-0.14435
chrY	43500000	43750000	nan
chrY	43750000	44000000	-0.355063
chrY	44000000	44250000	nan
chrY	44250000	44500000	nan
chrY	44500000	44750000	-0.1257
chrY	44750000	45000000	nan
chrY	45000000	45250000	nan
chrY	45250000	45500000	nan
chrY	45500000	45750000	nan
chrY	45750000	46000000	nan
chrY	46000000	46250000	nan
chrY	46250000	46500000	nan
chrY	46500000	46750000	nan
chrY	46750000	47000000	nan
chrY	47000000	47250000	nan
chrY	47250000	47500000	nan
chrY	47500000	47750000	nan
chrY	47750000	48000000	nan
chrY	48000000	48250000	nan
chrY	48250000	48500000	nan
chrY	48500000	48750000	nan
chrY	48750000	49000000	nan
chrY	49000000	49250000	nan
chrY	49250000	49500000	nan
chrY	49500000	49750000	nan
chrY	49750000	50000000	nan
chrY	50000000	50250000	nan
chrY	50250000	50500000	nan
chrY	50500000	50750000	nan
chrY	50750000	51000000	nan
chrY	51000000	51250000	nan
chrY	51250000	51500000	nan
chrY	51500000	51750000	nan
chrY	51750000	52000000	nan
chrY	52000000	52250000	nan
chrY	52250000	52500000	nan
chrY	52500000	52750000	nan
chrY	52750000	53000000	nan
chrY	53000000	53250000	nan
chrY	53250000	53500000	nan
chrY	53500000	53750000	nan
chrY	53750000	54000000	nan
chrY	54000000	54250000	nan
chrY	54250000	54500000	nan
chrY	54500000	54750000	nan
chrY	54750000	55000000	nan
chrY	55000000	55250000	nan
chrY	55250000	55500000	nan
chrY	55500000	55750000	nan
chrY	55750000	56000000	-0.1257
chrY	56000000	56250000	nan
chrY	56250000	56500000	nan
chrY	56500000	56750000	nan
chrY	56750000	57000000	nan
chrY	57000000	57250000	nan
chrY	57250000	57500000	nan
chrY	57500000	57750000	nan
chrY	57750000	58000000	nan
chrY	58000000	58250000	nan
chrY	58250000	58500000	nan
chrY	58500000	58750000	nan
chrY	58750000	59000000	nan
chrY	59000000	59250000	nan
chrY	59250000	59500000	nan
chrY	59500000	59750000	-0.1257
chrY	59750000	60000000	nan
chrY	60000000	60250000	nan
chrY	60250000	60500000	nan
chrY	60500000	60750000	nan
chrY	60750000	61000000	nan
chrY	61000000	61250000	nan
chrY	61250000	61500000	nan
chrY	61500000	61750000	nan
chrY	61750000	62000000	nan
chrY	62000000	62250000	nan
chrY	62250000	62500000	nan
chrY	62500000	62750000	nan
chrY	62750000	63000000	nan
chrY	63000000	63250000	nan
chrY	63250000	63500000	nan
chrY	63500000	63750000	nan
chrY	63750000	64000000	nan
chrY	64000000	64250000	nan
chrY	64250000	64500000	nan
chrY	64500000	64750000	nan
chrY	64750000	65000000	nan
chrY	65000000	65250000	nan
chrY	65250000	65500000	nan
chrY	65500000	65750000	nan
chrY	65750000	66000000	nan
chrY	66000000	66250000	nan
chrY	66250000	66500000	nan
chrY	66500000	66750000	nan
chrY	66750000	67000000	nan
chrY	67000000	67250000	nan
chrY	67250000	67500000	nan
chrY	67500000	67750000	nan
chrY	67750000	68000000	nan
chrY	68000000	68250000	nan
chrY	68250000	68500000	nan
chrY	68500000	68750000	nan
chrY	68750000	69000000	nan
chrY	69000000	69250000	nan
chrY	69250000	69500000	nan
chrY	69500000	69750000	nan
chrY	69750000	70000000	nan
chrY	70000000	70250000	nan
chrY	70250000	70500000	nan
chrY	70500000	70750000	nan
chrY	70750000	71000000	nan
chrY	71000000	71250000	nan
chrY	71250000	71500000	nan
chrY	71500000	71750000	nan
chrY	71750000	72000000	nan
chrY	72000000	72250000	nan
chrY	72250000	72500000	nan
chrY	72500000	72750000	nan
chrY	72750000	73000000	nan
chrY	73000000	73250000	nan
chrY	73250000	73500000	nan
chrY	73500000	73750000	nan
chrY	73750000	74000000	nan
chrY	74000000	74250000	nan
chrY	74250000	74500000	nan
chrY	74500000	74750000	nan
chrY	74750000	75000000	1.96488
chrY	75000000	75250000	nan
chrY	75250000	75500000	nan
chrY	75500000	75750000	nan
chrY	75750000	76000000	nan
chrY	76000000	76250000	nan
chrY	76250000	76500000	nan
chrY	76500000	76750000	nan
chrY	76750000	77000000	nan
chrY	77000000	77250000	nan
chrY	77250000	77500000	nan
chrY	77500000	77750000	nan
chrY	77750000	78000000	nan
chrY	78000000	78250000	nan
chrY	78250000	78500000	nan
chrY	78500000	78750000	nan
chrY	78750000	79000000	nan
chrY	79000000	79250000	nan
chrY	79250000	79500000	nan
chrY	79500000	79750000	nan
chrY	79750000	80000000	nan
chrY	80000000	80250000	nan
chrY	80250000	80500000	nan
chrY	80500000	80750000	nan
chrY	80750000	81000000	nan
chrY	81000000	81250000	nan
chrY	81250000	81500000	nan
chrY	81500000	81750000	nan
chrY	81750000	82000000	nan
chrY	82000000	82250000	nan
chrY	82250000	82500000	nan
chrY	82500000	82750000	nan
chrY	82750000	83000000	nan
chrY	83000000	83250000	nan
chrY	83250000	83500000	nan
chrY	83500000	83750000	nan
chrY	83750000	84000000	nan
chrY	84000000	84250000	nan
chrY	84250000	84500000	nan
chrY	84500000	84750000	-0.1257
chrY	84750000	85000000	nan
chrY	85000000	85250000	nan
chrY	85250000	85500000	nan
chrY	85500000	85750000	nan
chrY	85750000	86000000	nan
chrY	86000000	86250000	nan
chrY	86250000	86500000	nan
chrY	86500000	86750000	nan
chrY	86750000	87000000	nan
chrY	87000000	87250000	nan
chrY	87250000	87500000	nan
chrY	87500000	87750000	nan
chrY	87750000	88000000	nan
chrY	88000000	88250000	nan
chrY	88250000	88500000	nan
chrY	88500000	88750000	nan
chrY	88750000	89000000	nan
chrY	89000000	89250000	-0.1257
chrY	89250000	89500000	nan
chrY	89500000	89750000	nan
chrY	89750000	90000000	nan
chrY	90000000	90250000	-0.1257
chrY	90250000	90500000	nan
chrY	90500000	90750000	-0.1257
chrY	90750000	91000000	nan
chrY	91000000	91250000	nan
chrY	91250000	91500000	nan
chrY	91500000	91744698	nan
