#bedGraph section chr1:0-195471971
chr1	0	250000	nan
chr1	250000	500000	nan
chr1	500000	750000	nan
chr1	750000	1000000	nan
chr1	1000000	1250000	nan
chr1	1250000	1500000	nan
chr1	1500000	1750000	nan
chr1	1750000	2000000	nan
chr1	2000000	2250000	nan
chr1	2250000	2500000	nan
chr1	2500000	2750000	nan
chr1	2750000	3000000	nan
chr1	3000000	3250000	-0.341886
chr1	3250000	3500000	-0.177213
chr1	3500000	3750000	0.0315929
chr1	3750000	4000000	0.0324666
chr1	4000000	4250000	-0.0988349
chr1	4250000	4500000	0.130829
chr1	4500000	4750000	0.348814
chr1	4750000	5000000	0.623921
chr1	5000000	5250000	0.622017
chr1	5250000	5500000	0.0907193
chr1	5500000	5750000	-0.00911649
chr1	5750000	6000000	0.128467
chr1	6000000	6250000	0.599906
chr1	6250000	6500000	0.55601
chr1	6500000	6750000	0.122137
chr1	6750000	7000000	-0.042846
chr1	7000000	7250000	0.344414
chr1	7250000	7500000	-0.0348946
chr1	7500000	7750000	0.00491382
chr1	7750000	8000000	-0.2676
chr1	8000000	8250000	-0.175182
chr1	8250000	8500000	-0.240456
chr1	8500000	8750000	-0.25069
chr1	8750000	9000000	-0.203713
chr1	9000000	9250000	-0.118981
chr1	9250000	9500000	0.0732857
chr1	9500000	9750000	0.418713
chr1	9750000	10000000	0.996457
chr1	10000000	10250000	0.67276
chr1	10250000	10500000	0.0616153
chr1	10500000	10750000	0.0494753
chr1	10750000	11000000	-0.0145773
chr1	11000000	11250000	-0.113254
chr1	11250000	11500000	-0.0426092
chr1	11500000	11750000	-0.173783
chr1	11750000	12000000	-0.181936
chr1	12000000	12250000	-0.0468462
chr1	12250000	12500000	0.0832818
chr1	12500000	12750000	-0.0695635
chr1	12750000	13000000	0.250242
chr1	13000000	13250000	0.825251
chr1	13250000	13500000	0.726408
chr1	13500000	13750000	0.753646
chr1	13750000	14000000	0.0837164
chr1	14000000	14250000	0.227003
chr1	14250000	14500000	0.0641589
chr1	14500000	14750000	0.0550659
chr1	14750000	15000000	-0.121126
chr1	15000000	15250000	0.13825
chr1	15250000	15500000	0.176189
chr1	15500000	15750000	0.171928
chr1	15750000	16000000	0.73792
chr1	16000000	16250000	0.968584
chr1	16250000	16500000	0.597487
chr1	16500000	16750000	0.802118
chr1	16750000	17000000	0.204831
chr1	17000000	17250000	0.099867
chr1	17250000	17500000	-0.0215224
chr1	17500000	17750000	-0.0396685
chr1	17750000	18000000	-0.0127078
chr1	18000000	18250000	-0.0644755
chr1	18250000	18500000	-0.34527
chr1	18500000	18750000	-0.0638868
chr1	18750000	19000000	-0.104111
chr1	19000000	19250000	-0.172328
chr1	19250000	19500000	-0.0779647
chr1	19500000	19750000	-0.179321
chr1	19750000	20000000	-0.143986
chr1	20000000	20250000	-0.0716134
chr1	20250000	20500000	-0.139925
chr1	20500000	20750000	0.0371207
chr1	20750000	21000000	0.400992
chr1	21000000	21250000	0.589115
chr1	21250000	21500000	0.507245
chr1	21500000	21750000	-0.0538235
chr1	21750000	22000000	-0.091194
chr1	22000000	22250000	-0.126597
chr1	22250000	22500000	-0.0482281
chr1	22500000	22750000	-0.102971
chr1	22750000	23000000	-0.0557129
chr1	23000000	23250000	0.0278554
chr1	23250000	23500000	0.0207186
chr1	23500000	23750000	0.228015
chr1	23750000	24000000	0.438187
chr1	24000000	24250000	0.14805
chr1	24250000	24500000	-0.0500589
chr1	24500000	24750000	0.00215307
chr1	24750000	25000000	0.114935
chr1	25000000	25250000	-0.188283
chr1	25250000	25500000	-0.172241
chr1	25500000	25750000	-0.245605
chr1	25750000	26000000	-0.174917
chr1	26000000	26250000	-0.297397
chr1	26250000	26500000	-0.103168
chr1	26500000	26750000	-0.198618
chr1	26750000	27000000	-0.353572
chr1	27000000	27250000	-0.18659
chr1	27250000	27500000	-0.236505
chr1	27500000	27750000	-0.229703
chr1	27750000	28000000	-0.258153
chr1	28000000	28250000	-0.327397
chr1	28250000	28500000	-0.208349
chr1	28500000	28750000	-0.149592
chr1	28750000	29000000	-0.281837
chr1	29000000	29250000	-0.264871
chr1	29250000	29500000	-0.314806
chr1	29500000	29750000	-0.221016
chr1	29750000	30000000	-0.177316
chr1	30000000	30250000	-0.194101
chr1	30250000	30500000	-0.236211
chr1	30500000	30750000	-0.19566
chr1	30750000	31000000	0.30878
chr1	31000000	31250000	-0.084039
chr1	31250000	31500000	-0.338118
chr1	31500000	31750000	-0.318428
chr1	31750000	32000000	-0.30837
chr1	32000000	32250000	-0.16647
chr1	32250000	32500000	-0.243892
chr1	32500000	32750000	-0.288661
chr1	32750000	33000000	-0.232884
chr1	33000000	33250000	-0.150717
chr1	33250000	33500000	0.0341667
chr1	33500000	33750000	0.623015
chr1	33750000	34000000	0.799779
chr1	34000000	34250000	0.718426
chr1	34250000	34500000	0.815282
chr1	34500000	34750000	0.786314
chr1	34750000	35000000	0.680309
chr1	35000000	35250000	0.53825
chr1	35250000	35500000	0.317677
chr1	35500000	35750000	0.467313
chr1	35750000	36000000	0.850046
chr1	36000000	36250000	1.04861
chr1	36250000	36500000	1.14406
chr1	36500000	36750000	1.17315
chr1	36750000	37000000	1.05444
chr1	37000000	37250000	0.881039
chr1	37250000	37500000	0.954803
chr1	37500000	37750000	0.956713
chr1	37750000	38000000	0.812045
chr1	38000000	38250000	0.891492
chr1	38250000	38500000	0.736519
chr1	38500000	38750000	0.703648
chr1	38750000	39000000	0.634704
chr1	39000000	39250000	0.852081
chr1	39250000	39500000	1.0178
chr1	39500000	39750000	0.726337
chr1	39750000	40000000	0.574398
chr1	40000000	40250000	0.255792
chr1	40250000	40500000	0.108262
chr1	40500000	40750000	-0.0891798
chr1	40750000	41000000	0.0565539
chr1	41000000	41250000	-0.314103
chr1	41250000	41500000	-0.350198
chr1	41500000	41750000	-0.394403
chr1	41750000	42000000	-0.197829
chr1	42000000	42250000	-0.136876
chr1	42250000	42500000	-0.0464891
chr1	42500000	42750000	0.0945548
chr1	42750000	43000000	0.330791
chr1	43000000	43250000	0.518415
chr1	43250000	43500000	0.576274
chr1	43500000	43750000	0.412579
chr1	43750000	44000000	0.459329
chr1	44000000	44250000	0.0822982
chr1	44250000	44500000	-0.25109
chr1	44500000	44750000	-0.158444
chr1	44750000	45000000	-0.267754
chr1	45000000	45250000	-0.361352
chr1	45250000	45500000	-0.300037
chr1	45500000	45750000	-0.0928767
chr1	45750000	46000000	0.103485
chr1	46000000	46250000	-0.131958
chr1	46250000	46500000	-0.147936
chr1	46500000	46750000	-0.133012
chr1	46750000	47000000	-0.0693846
chr1	47000000	47250000	-0.20611
chr1	47250000	47500000	-0.252705
chr1	47500000	47750000	-0.325724
chr1	47750000	48000000	-0.356139
chr1	48000000	48250000	-0.365789
chr1	48250000	48500000	-0.470953
chr1	48500000	48750000	-0.413678
chr1	48750000	49000000	-0.369361
chr1	49000000	49250000	-0.456149
chr1	49250000	49500000	-0.353932
chr1	49500000	49750000	-0.362532
chr1	49750000	50000000	-0.298928
chr1	50000000	50250000	-0.330715
chr1	50250000	50500000	-0.411176
chr1	50500000	50750000	-0.431634
chr1	50750000	51000000	-0.344351
chr1	51000000	51250000	-0.266693
chr1	51250000	51500000	-0.123506
chr1	51500000	51750000	0.046515
chr1	51750000	52000000	0.596569
chr1	52000000	52250000	0.378598
chr1	52250000	52500000	0.0394415
chr1	52500000	52750000	-0.0451877
chr1	52750000	53000000	0.078854
chr1	53000000	53250000	-0.119888
chr1	53250000	53500000	-0.00170635
chr1	53500000	53750000	-0.0293831
chr1	53750000	54000000	0.259754
chr1	54000000	54250000	0.00498029
chr1	54250000	54500000	0.245892
chr1	54500000	54750000	0.307264
chr1	54750000	55000000	0.591797
chr1	55000000	55250000	0.58639
chr1	55250000	55500000	0.094382
chr1	55500000	55750000	-0.158323
chr1	55750000	56000000	-0.273468
chr1	56000000	56250000	-0.274146
chr1	56250000	56500000	-0.336733
chr1	56500000	56750000	-0.232972
chr1	56750000	57000000	0.112814
chr1	57000000	57250000	-0.184764
chr1	57250000	57500000	0.0649642
chr1	57500000	57750000	0.0428032
chr1	57750000	58000000	0.314303
chr1	58000000	58250000	0.458678
chr1	58250000	58500000	0.682258
chr1	58500000	58750000	0.742431
chr1	58750000	59000000	0.745721
chr1	59000000	59250000	0.935237
chr1	59250000	59500000	1.0543
chr1	59500000	59750000	1.19508
chr1	59750000	60000000	1.25932
chr1	60000000	60250000	0.87177
chr1	60250000	60500000	0.410404
chr1	60500000	60750000	0.264137
chr1	60750000	61000000	0.00632634
chr1	61000000	61250000	-0.278967
chr1	61250000	61500000	-0.160293
chr1	61500000	61750000	-0.346553
chr1	61750000	62000000	-0.273423
chr1	62000000	62250000	-0.241834
chr1	62250000	62500000	-0.169242
chr1	62500000	62750000	0.00786653
chr1	62750000	63000000	0.103204
chr1	63000000	63250000	0.662483
chr1	63250000	63500000	0.196581
chr1	63500000	63750000	0.13192
chr1	63750000	64000000	0.0146959
chr1	64000000	64250000	0.0506647
chr1	64250000	64500000	0.17264
chr1	64500000	64750000	0.531621
chr1	64750000	65000000	0.703489
chr1	65000000	65250000	0.322071
chr1	65250000	65500000	-0.0210765
chr1	65500000	65750000	-0.162211
chr1	65750000	66000000	-0.25671
chr1	66000000	66250000	-0.241392
chr1	66250000	66500000	-0.304213
chr1	66500000	66750000	-0.187699
chr1	66750000	67000000	0.0441703
chr1	67000000	67250000	-0.156464
chr1	67250000	67500000	-0.233293
chr1	67500000	67750000	-0.356836
chr1	67750000	68000000	-0.299874
chr1	68000000	68250000	-0.415923
chr1	68250000	68500000	-0.418307
chr1	68500000	68750000	-0.480484
chr1	68750000	69000000	-0.388779
chr1	69000000	69250000	-0.414794
chr1	69250000	69500000	-0.250015
chr1	69500000	69750000	-0.178414
chr1	69750000	70000000	-0.246157
chr1	70000000	70250000	-0.302666
chr1	70250000	70500000	-0.274237
chr1	70500000	70750000	-0.273062
chr1	70750000	71000000	-0.26911
chr1	71000000	71250000	-0.0436975
chr1	71250000	71500000	-0.133636
chr1	71500000	71750000	0.242926
chr1	71750000	72000000	0.25602
chr1	72000000	72250000	0.454781
chr1	72250000	72500000	0.713792
chr1	72500000	72750000	0.6797
chr1	72750000	73000000	0.272767
chr1	73000000	73250000	0.10411
chr1	73250000	73500000	0.0306061
chr1	73500000	73750000	0.110143
chr1	73750000	74000000	0.392083
chr1	74000000	74250000	0.814243
chr1	74250000	74500000	1.34843
chr1	74500000	74750000	1.44927
chr1	74750000	75000000	1.32727
chr1	75000000	75250000	1.49549
chr1	75250000	75500000	1.17346
chr1	75500000	75750000	0.846325
chr1	75750000	76000000	0.466321
chr1	76000000	76250000	0.0266098
chr1	76250000	76500000	-0.199782
chr1	76500000	76750000	-0.19362
chr1	76750000	77000000	-0.228744
chr1	77000000	77250000	-0.0263249
chr1	77250000	77500000	0.205388
chr1	77500000	77750000	-0.168509
chr1	77750000	78000000	-0.179015
chr1	78000000	78250000	0.167653
chr1	78250000	78500000	0.453566
chr1	78500000	78750000	0.322252
chr1	78750000	79000000	-0.19274
chr1	79000000	79250000	-0.286697
chr1	79250000	79500000	-0.180361
chr1	79500000	79750000	0.276696
chr1	79750000	80000000	0.307458
chr1	80000000	80250000	0.242109
chr1	80250000	80500000	0.326402
chr1	80500000	80750000	-0.0817298
chr1	80750000	81000000	-0.292875
chr1	81000000	81250000	-0.366386
chr1	81250000	81500000	-0.319416
chr1	81500000	81750000	-0.336701
chr1	81750000	82000000	-0.383966
chr1	82000000	82250000	-0.211116
chr1	82250000	82500000	-0.0383936
chr1	82500000	82750000	0.0196243
chr1	82750000	83000000	0.467743
chr1	83000000	83250000	-0.0509533
chr1	83250000	83500000	-0.348717
chr1	83500000	83750000	-0.275403
chr1	83750000	84000000	-0.24001
chr1	84000000	84250000	-0.0488264
chr1	84250000	84500000	0.260098
chr1	84500000	84750000	0.654604
chr1	84750000	85000000	1.25538
chr1	85000000	85250000	nan
chr1	85250000	85500000	nan
chr1	85500000	85750000	1.53382
chr1	85750000	86000000	1.76427
chr1	86000000	86250000	1.72856
chr1	86250000	86500000	1.673
chr1	86500000	86750000	1.58271
chr1	86750000	87000000	1.40324
chr1	87000000	87250000	1.28353
chr1	87250000	87500000	1.75315
chr1	87500000	87750000	1.777
chr1	87750000	88000000	1.48009
chr1	88000000	88250000	0.641881
chr1	88250000	88500000	0.441772
chr1	88500000	88750000	0.772907
chr1	88750000	89000000	0.709941
chr1	89000000	89250000	0.9807
chr1	89250000	89500000	1.37811
chr1	89500000	89750000	1.53883
chr1	89750000	90000000	1.70918
chr1	90000000	90250000	1.36788
chr1	90250000	90500000	1.12446
chr1	90500000	90750000	1.19635
chr1	90750000	91000000	1.18314
chr1	91000000	91250000	1.6731
chr1	91250000	91500000	1.91229
chr1	91500000	91750000	1.33551
chr1	91750000	92000000	1.10613
chr1	92000000	92250000	1.20587
chr1	92250000	92500000	1.09889
chr1	92500000	92750000	1.07604
chr1	92750000	93000000	1.45208
chr1	93000000	93250000	1.4195
chr1	93250000	93500000	1.53772
chr1	93500000	93750000	1.19684
chr1	93750000	94000000	0.807374
chr1	94000000	94250000	-0.0855335
chr1	94250000	94500000	-0.420475
chr1	94500000	94750000	-0.41434
chr1	94750000	95000000	-0.388032
chr1	95000000	95250000	-0.448936
chr1	95250000	95500000	-0.297602
chr1	95500000	95750000	-0.332249
chr1	95750000	96000000	-0.461224
chr1	96000000	96250000	-0.384298
chr1	96250000	96500000	-0.456085
chr1	96500000	96750000	-0.269185
chr1	96750000	97000000	-0.0281448
chr1	97000000	97250000	-0.324652
chr1	97250000	97500000	-0.313934
chr1	97500000	97750000	-0.0783358
chr1	97750000	98000000	-0.048365
chr1	98000000	98250000	-0.279433
chr1	98250000	98500000	-0.441904
chr1	98500000	98750000	-0.42747
chr1	98750000	99000000	-0.365138
chr1	99000000	99250000	-0.443375
chr1	99250000	99500000	-0.446558
chr1	99500000	99750000	-0.4604
chr1	99750000	100000000	-0.447072
chr1	100000000	100250000	-0.5453
chr1	100250000	100500000	-0.507533
chr1	100500000	100750000	-0.410036
chr1	100750000	101000000	-0.274406
chr1	101000000	101250000	-0.401649
chr1	101250000	101500000	-0.51112
chr1	101500000	101750000	-0.512665
chr1	101750000	102000000	-0.505254
chr1	102000000	102250000	-0.466677
chr1	102250000	102500000	-0.402385
chr1	102500000	102750000	-0.475448
chr1	102750000	103000000	-0.385823
chr1	103000000	103250000	-0.421953
chr1	103250000	103500000	-0.45567
chr1	103500000	103750000	-0.537735
chr1	103750000	104000000	-0.46808
chr1	104000000	104250000	-0.489862
chr1	104250000	104500000	-0.361587
chr1	104500000	104750000	-0.456091
chr1	104750000	105000000	-0.379153
chr1	105000000	105250000	-0.28612
chr1	105250000	105500000	0.0861084
chr1	105500000	105750000	0.482334
chr1	105750000	106000000	0.46923
chr1	106000000	106250000	0.326341
chr1	106250000	106500000	0.127929
chr1	106500000	106750000	0.0907864
chr1	106750000	107000000	-0.10159
chr1	107000000	107250000	-0.443699
chr1	107250000	107500000	-0.421152
chr1	107500000	107750000	-0.388332
chr1	107750000	108000000	-0.316257
chr1	108000000	108250000	-0.452706
chr1	108250000	108500000	-0.475106
chr1	108500000	108750000	-0.520559
chr1	108750000	109000000	-0.497274
chr1	109000000	109250000	-0.497703
chr1	109250000	109500000	-0.568763
chr1	109500000	109750000	-0.460249
chr1	109750000	110000000	-0.49754
chr1	110000000	110250000	-0.522746
chr1	110250000	110500000	-0.512916
chr1	110500000	110750000	-0.497335
chr1	110750000	111000000	-0.373896
chr1	111000000	111250000	-0.422254
chr1	111250000	111500000	-0.517047
chr1	111500000	111750000	-0.435097
chr1	111750000	112000000	-0.386424
chr1	112000000	112250000	-0.423636
chr1	112250000	112500000	-0.423293
chr1	112500000	112750000	-0.392382
chr1	112750000	113000000	-0.468527
chr1	113000000	113250000	-0.480363
chr1	113250000	113500000	-0.375089
chr1	113500000	113750000	-0.434338
chr1	113750000	114000000	-0.44476
chr1	114000000	114250000	-0.488976
chr1	114250000	114500000	-0.505036
chr1	114500000	114750000	-0.427998
chr1	114750000	115000000	-0.479617
chr1	115000000	115250000	-0.509223
chr1	115250000	115500000	-0.400315
chr1	115500000	115750000	-0.516946
chr1	115750000	116000000	-0.483796
chr1	116000000	116250000	-0.39673
chr1	116250000	116500000	-0.29853
chr1	116500000	116750000	-0.420517
chr1	116750000	117000000	-0.421008
chr1	117000000	117250000	-0.477956
chr1	117250000	117500000	-0.412125
chr1	117500000	117750000	-0.404975
chr1	117750000	118000000	-0.472618
chr1	118000000	118250000	-0.246435
chr1	118250000	118500000	0.540992
chr1	118500000	118750000	0.911426
chr1	118750000	119000000	0.556936
chr1	119000000	119250000	0.36476
chr1	119250000	119500000	0.487412
chr1	119500000	119750000	0.701381
chr1	119750000	120000000	0.655241
chr1	120000000	120250000	0.859863
chr1	120250000	120500000	0.502701
chr1	120500000	120750000	0.0207432
chr1	120750000	121000000	-0.265037
chr1	121000000	121250000	-0.229959
chr1	121250000	121500000	0.259303
chr1	121500000	121750000	0.17583
chr1	121750000	122000000	-0.360985
chr1	122000000	122250000	-0.416123
chr1	122250000	122500000	-0.4961
chr1	122500000	122750000	-0.422529
chr1	122750000	123000000	-0.550525
chr1	123000000	123250000	-0.516551
chr1	123250000	123500000	-0.455938
chr1	123500000	123750000	-0.480084
chr1	123750000	124000000	-0.456307
chr1	124000000	124250000	-0.473881
chr1	124250000	124500000	-0.499539
chr1	124500000	124750000	-0.380843
chr1	124750000	125000000	-0.458075
chr1	125000000	125250000	-0.404643
chr1	125250000	125500000	0.171223
chr1	125500000	125750000	0.023987
chr1	125750000	126000000	-0.135955
chr1	126000000	126250000	-0.0848956
chr1	126250000	126500000	-0.0800204
chr1	126500000	126750000	-0.0225558
chr1	126750000	127000000	-0.177622
chr1	127000000	127250000	0.310647
chr1	127250000	127500000	0.730731
chr1	127500000	127750000	0.697405
chr1	127750000	128000000	1.06715
chr1	128000000	128250000	1.29832
chr1	128250000	128500000	0.943718
chr1	128500000	128750000	0.258821
chr1	128750000	129000000	-0.194673
chr1	129000000	129250000	-0.364975
chr1	129250000	129500000	-0.472769
chr1	129500000	129750000	-0.523809
chr1	129750000	130000000	-0.40206
chr1	130000000	130250000	-0.20875
chr1	130250000	130500000	0.100965
chr1	130500000	130750000	0.332105
chr1	130750000	131000000	0.345168
chr1	131000000	131250000	0.875454
chr1	131250000	131500000	0.987674
chr1	131500000	131750000	1.08818
chr1	131750000	132000000	1.31638
chr1	132000000	132250000	1.37197
chr1	132250000	132500000	1.39785
chr1	132500000	132750000	1.31671
chr1	132750000	133000000	1.3335
chr1	133000000	133250000	1.54932
chr1	133250000	133500000	1.45124
chr1	133500000	133750000	1.34832
chr1	133750000	134000000	1.35365
chr1	134000000	134250000	1.25212
chr1	134250000	134500000	1.46684
chr1	134500000	134750000	1.44709
chr1	134750000	135000000	1.30195
chr1	135000000	135250000	1.34654
chr1	135250000	135500000	1.48625
chr1	135500000	135750000	1.41903
chr1	135750000	136000000	1.43955
chr1	136000000	136250000	1.43211
chr1	136250000	136500000	1.49641
chr1	136500000	136750000	1.52098
chr1	136750000	137000000	1.36084
chr1	137000000	137250000	0.815171
chr1	137250000	137500000	-0.0303064
chr1	137500000	137750000	-0.443587
chr1	137750000	138000000	-0.457322
chr1	138000000	138250000	-0.442682
chr1	138250000	138500000	-0.343281
chr1	138500000	138750000	-0.143078
chr1	138750000	139000000	0.0921573
chr1	139000000	139250000	0.00252049
chr1	139250000	139500000	-0.152357
chr1	139500000	139750000	-0.273623
chr1	139750000	140000000	-0.357
chr1	140000000	140250000	-0.354532
chr1	140250000	140500000	-0.485877
chr1	140500000	140750000	-0.510388
chr1	140750000	141000000	-0.437005
chr1	141000000	141250000	-0.380436
chr1	141250000	141500000	-0.499884
chr1	141500000	141750000	-0.51146
chr1	141750000	142000000	-0.461015
chr1	142000000	142250000	-0.38439
chr1	142250000	142500000	-0.323676
chr1	142500000	142750000	-0.325058
chr1	142750000	143000000	-0.415273
chr1	143000000	143250000	-0.310747
chr1	143250000	143500000	-0.140226
chr1	143500000	143750000	0.303904
chr1	143750000	144000000	-0.0248575
chr1	144000000	144250000	-0.292476
chr1	144250000	144500000	-0.388011
chr1	144500000	144750000	-0.4236
chr1	144750000	145000000	-0.444523
chr1	145000000	145250000	-0.431943
chr1	145250000	145500000	-0.419642
chr1	145500000	145750000	-0.337101
chr1	145750000	146000000	-0.444917
chr1	146000000	146250000	-0.419755
chr1	146250000	146500000	-0.309607
chr1	146500000	146750000	-0.372516
chr1	146750000	147000000	-0.48846
chr1	147000000	147250000	-0.450195
chr1	147250000	147500000	-0.494667
chr1	147500000	147750000	-0.482793
chr1	147750000	148000000	-0.502036
chr1	148000000	148250000	-0.452036
chr1	148250000	148500000	-0.481888
chr1	148500000	148750000	-0.446619
chr1	148750000	149000000	-0.474117
chr1	149000000	149250000	-0.450145
chr1	149250000	149500000	-0.397695
chr1	149500000	149750000	-0.417598
chr1	149750000	150000000	-0.590011
chr1	150000000	150250000	-0.431325
chr1	150250000	150500000	-0.033955
chr1	150500000	150750000	-0.171723
chr1	150750000	151000000	-0.212768
chr1	151000000	151250000	0.35236
chr1	151250000	151500000	0.98863
chr1	151500000	151750000	1.21103
chr1	151750000	152000000	1.15779
chr1	152000000	152250000	1.14029
chr1	152250000	152500000	0.940089
chr1	152500000	152750000	1.21656
chr1	152750000	153000000	1.47824
chr1	153000000	153250000	1.44371
chr1	153250000	153500000	1.55318
chr1	153500000	153750000	1.32622
chr1	153750000	154000000	1.00917
chr1	154000000	154250000	0.647424
chr1	154250000	154500000	0.17032
chr1	154500000	154750000	0.354892
chr1	154750000	155000000	0.357221
chr1	155000000	155250000	0.707883
chr1	155250000	155500000	1.17809
chr1	155500000	155750000	0.98401
chr1	155750000	156000000	1.07689
chr1	156000000	156250000	1.16165
chr1	156250000	156500000	1.22418
chr1	156500000	156750000	1.07961
chr1	156750000	157000000	0.963881
chr1	157000000	157250000	0.555261
chr1	157250000	157500000	0.566622
chr1	157500000	157750000	0.0528085
chr1	157750000	158000000	-0.220854
chr1	158000000	158250000	-0.180339
chr1	158250000	158500000	-0.182406
chr1	158500000	158750000	-0.231852
chr1	158750000	159000000	-0.0543796
chr1	159000000	159250000	0.0415884
chr1	159250000	159500000	0.119677
chr1	159500000	159750000	-0.293176
chr1	159750000	160000000	-0.289593
chr1	160000000	160250000	-0.00819837
chr1	160250000	160500000	0.0125239
chr1	160500000	160750000	-0.0173312
chr1	160750000	161000000	0.56328
chr1	161000000	161250000	0.549418
chr1	161250000	161500000	-0.0215291
chr1	161500000	161750000	-0.166925
chr1	161750000	162000000	0.00240664
chr1	162000000	162250000	0.151512
chr1	162250000	162500000	0.139315
chr1	162500000	162750000	0.459676
chr1	162750000	163000000	-0.089918
chr1	163000000	163250000	-0.344974
chr1	163250000	163500000	-0.199552
chr1	163500000	163750000	-0.299758
chr1	163750000	164000000	0.0570118
chr1	164000000	164250000	0.1691
chr1	164250000	164500000	0.282398
chr1	164500000	164750000	-0.144522
chr1	164750000	165000000	-0.0135803
chr1	165000000	165250000	0.385006
chr1	165250000	165500000	0.805686
chr1	165500000	165750000	0.862274
chr1	165750000	166000000	0.600424
chr1	166000000	166250000	0.443826
chr1	166250000	166500000	0.0405609
chr1	166500000	166750000	-0.230337
chr1	166750000	167000000	-0.177368
chr1	167000000	167250000	0.290417
chr1	167250000	167500000	0.525748
chr1	167500000	167750000	0.222568
chr1	167750000	168000000	-0.136222
chr1	168000000	168250000	-0.423482
chr1	168250000	168500000	-0.333448
chr1	168500000	168750000	-0.557366
chr1	168750000	169000000	-0.464979
chr1	169000000	169250000	-0.465278
chr1	169250000	169500000	-0.347001
chr1	169500000	169750000	-0.239897
chr1	169750000	170000000	-0.12217
chr1	170000000	170250000	0.220102
chr1	170250000	170500000	0.494507
chr1	170500000	170750000	0.64774
chr1	170750000	171000000	1.05866
chr1	171000000	171250000	1.20767
chr1	171250000	171500000	1.10688
chr1	171500000	171750000	0.715318
chr1	171750000	172000000	0.491361
chr1	172000000	172250000	0.589219
chr1	172250000	172500000	0.412187
chr1	172500000	172750000	-0.00455503
chr1	172750000	173000000	-0.292104
chr1	173000000	173250000	-0.320396
chr1	173250000	173500000	-0.405496
chr1	173500000	173750000	-0.470402
chr1	173750000	174000000	-0.413562
chr1	174000000	174250000	-0.430773
chr1	174250000	174500000	-0.200994
chr1	174500000	174750000	-0.290826
chr1	174750000	175000000	-0.427685
chr1	175000000	175250000	-0.356414
chr1	175250000	175500000	-0.412237
chr1	175500000	175750000	-0.105933
chr1	175750000	176000000	-0.0505706
chr1	176000000	176250000	-0.288489
chr1	176250000	176500000	-0.415704
chr1	176500000	176750000	-0.209751
chr1	176750000	177000000	0.128074
chr1	177000000	177250000	0.00806292
chr1	177250000	177500000	0.0919257
chr1	177500000	177750000	0.290379
chr1	177750000	178000000	0.0543563
chr1	178000000	178250000	0.348366
chr1	178250000	178500000	0.493862
chr1	178500000	178750000	0.251154
chr1	178750000	179000000	0.262499
chr1	179000000	179250000	0.423364
chr1	179250000	179500000	0.81588
chr1	179500000	179750000	1.09986
chr1	179750000	180000000	1.03525
chr1	180000000	180250000	0.959461
chr1	180250000	180500000	0.927766
chr1	180500000	180750000	1.30806
chr1	180750000	181000000	1.26
chr1	181000000	181250000	1.2758
chr1	181250000	181500000	0.931135
chr1	181500000	181750000	0.986932
chr1	181750000	182000000	1.12057
chr1	182000000	182250000	1.05428
chr1	182250000	182500000	0.590001
chr1	182500000	182750000	0.40271
chr1	182750000	183000000	0.428147
chr1	183000000	183250000	0.6625
chr1	183250000	183500000	0.841688
chr1	183500000	183750000	0.254717
chr1	183750000	184000000	0.144905
chr1	184000000	184250000	0.17332
chr1	184250000	184500000	0.105596
chr1	184500000	184750000	0.145401
chr1	184750000	185000000	0.5347
chr1	185000000	185250000	0.280491
chr1	185250000	185500000	0.496379
chr1	185500000	185750000	0.117193
chr1	185750000	186000000	-0.111569
chr1	186000000	186250000	-0.192893
chr1	186250000	186500000	-0.171091
chr1	186500000	186750000	0.0771177
chr1	186750000	187000000	0.0900173
chr1	187000000	187250000	0.158247
chr1	187250000	187500000	-0.0567275
chr1	187500000	187750000	-0.117821
chr1	187750000	188000000	-0.100713
chr1	188000000	188250000	-0.162454
chr1	188250000	188500000	-0.0695518
chr1	188500000	188750000	0.0106333
chr1	188750000	189000000	0.1235
chr1	189000000	189250000	-0.0531942
chr1	189250000	189500000	-0.0442881
chr1	189500000	189750000	0.200087
chr1	189750000	190000000	0.281921
chr1	190000000	190250000	0.0964477
chr1	190250000	190500000	0.333156
chr1	190500000	190750000	0.379845
chr1	190750000	191000000	0.816907
chr1	191000000	191250000	1.27352
chr1	191250000	191500000	1.49004
chr1	191500000	191750000	1.57364
chr1	191750000	192000000	1.28958
chr1	192000000	192250000	0.937328
chr1	192250000	192500000	0.919065
chr1	192500000	192750000	0.451119
chr1	192750000	193000000	0.20545
chr1	193000000	193250000	0.222282
chr1	193250000	193500000	0.216174
chr1	193500000	193750000	0.125586
chr1	193750000	194000000	-0.214927
chr1	194000000	194250000	-0.206087
chr1	194250000	194500000	-0.431543
chr1	194500000	194750000	-0.0466439
chr1	194750000	195000000	-0.0782006
chr1	195000000	195250000	0.00249384
chr1	195250000	195471971	nan
#bedGraph section chr10:0-130694993
chr10	0	250000	nan
chr10	250000	500000	nan
chr10	500000	750000	nan
chr10	750000	1000000	nan
chr10	1000000	1250000	nan
chr10	1250000	1500000	nan
chr10	1500000	1750000	nan
chr10	1750000	2000000	nan
chr10	2000000	2250000	nan
chr10	2250000	2500000	nan
chr10	2500000	2750000	nan
chr10	2750000	3000000	nan
chr10	3000000	3250000	nan
chr10	3250000	3500000	0.130072
chr10	3500000	3750000	0.268289
chr10	3750000	4000000	0.513982
chr10	4000000	4250000	1.4911
chr10	4250000	4500000	1.34379
chr10	4500000	4750000	0.558355
chr10	4750000	5000000	0.129335
chr10	5000000	5250000	0.323908
chr10	5250000	5500000	0.103955
chr10	5500000	5750000	0.159923
chr10	5750000	6000000	0.26157
chr10	6000000	6250000	-0.171683
chr10	6250000	6500000	-0.0398212
chr10	6500000	6750000	-0.178981
chr10	6750000	7000000	-0.141438
chr10	7000000	7250000	0.248875
chr10	7250000	7500000	0.771523
chr10	7500000	7750000	1.84069
chr10	7750000	8000000	0.982946
chr10	8000000	8250000	0.293032
chr10	8250000	8500000	0.13467
chr10	8500000	8750000	0.372697
chr10	8750000	9000000	0.449393
chr10	9000000	9250000	-0.0781112
chr10	9250000	9500000	-0.213372
chr10	9500000	9750000	-0.11665
chr10	9750000	10000000	-0.0600653
chr10	10000000	10250000	-0.210034
chr10	10250000	10500000	-0.196326
chr10	10500000	10750000	-0.048418
chr10	10750000	11000000	-0.117447
chr10	11000000	11250000	0.233492
chr10	11250000	11500000	0.342272
chr10	11500000	11750000	-0.166731
chr10	11750000	12000000	-0.116201
chr10	12000000	12250000	-0.241376
chr10	12250000	12500000	0.153008
chr10	12500000	12750000	0.766916
chr10	12750000	13000000	1.36317
chr10	13000000	13250000	0.961308
chr10	13250000	13500000	0.611276
chr10	13500000	13750000	0.264979
chr10	13750000	14000000	0.149319
chr10	14000000	14250000	-0.0714964
chr10	14250000	14500000	-0.140785
chr10	14500000	14750000	-0.1633
chr10	14750000	15000000	-0.50168
chr10	15000000	15250000	-0.40118
chr10	15250000	15500000	-0.475668
chr10	15500000	15750000	-0.477347
chr10	15750000	16000000	-0.365957
chr10	16000000	16250000	-0.508483
chr10	16250000	16500000	-0.43897
chr10	16500000	16750000	-0.354733
chr10	16750000	17000000	-0.427153
chr10	17000000	17250000	-0.470697
chr10	17250000	17500000	-0.408916
chr10	17500000	17750000	-0.0288948
chr10	17750000	18000000	0.14831
chr10	18000000	18250000	0.524491
chr10	18250000	18500000	0.821482
chr10	18500000	18750000	0.369014
chr10	18750000	19000000	0.244888
chr10	19000000	19250000	0.168198
chr10	19250000	19500000	0.0607006
chr10	19500000	19750000	0.391345
chr10	19750000	20000000	0.732991
chr10	20000000	20250000	0.797068
chr10	20250000	20500000	0.898053
chr10	20500000	20750000	0.303653
chr10	20750000	21000000	0.244467
chr10	21000000	21250000	0.131915
chr10	21250000	21500000	0.421251
chr10	21500000	21750000	0.310026
chr10	21750000	22000000	0.920131
chr10	22000000	22250000	0.332952
chr10	22250000	22500000	0.558966
chr10	22500000	22750000	0.518469
chr10	22750000	23000000	0.218361
chr10	23000000	23250000	0.135439
chr10	23250000	23500000	0.0549633
chr10	23500000	23750000	0.163247
chr10	23750000	24000000	1.00261
chr10	24000000	24250000	0.58302
chr10	24250000	24500000	0.119043
chr10	24500000	24750000	0.366333
chr10	24750000	25000000	0.905501
chr10	25000000	25250000	0.65469
chr10	25250000	25500000	0.754154
chr10	25500000	25750000	0.303012
chr10	25750000	26000000	0.0725748
chr10	26000000	26250000	0.0378871
chr10	26250000	26500000	0.474482
chr10	26500000	26750000	0.303422
chr10	26750000	27000000	0.145519
chr10	27000000	27250000	-0.255454
chr10	27250000	27500000	-0.389771
chr10	27500000	27750000	-0.492918
chr10	27750000	28000000	-0.338518
chr10	28000000	28250000	-0.175572
chr10	28250000	28500000	-0.342052
chr10	28500000	28750000	-0.425601
chr10	28750000	29000000	-0.392745
chr10	29000000	29250000	-0.340451
chr10	29250000	29500000	-0.188703
chr10	29500000	29750000	-0.469599
chr10	29750000	30000000	-0.354688
chr10	30000000	30250000	-0.304032
chr10	30250000	30500000	-0.172547
chr10	30500000	30750000	0.157869
chr10	30750000	31000000	-0.224989
chr10	31000000	31250000	-0.193999
chr10	31250000	31500000	-0.191402
chr10	31500000	31750000	-0.383743
chr10	31750000	32000000	-0.436036
chr10	32000000	32250000	-0.515748
chr10	32250000	32500000	-0.428114
chr10	32500000	32750000	-0.405989
chr10	32750000	33000000	-0.295389
chr10	33000000	33250000	-0.476728
chr10	33250000	33500000	-0.463671
chr10	33500000	33750000	-0.327737
chr10	33750000	34000000	0.148739
chr10	34000000	34250000	0.323182
chr10	34250000	34500000	0.181993
chr10	34500000	34750000	-0.285262
chr10	34750000	35000000	-0.245987
chr10	35000000	35250000	-0.393163
chr10	35250000	35500000	-0.36417
chr10	35500000	35750000	-0.36687
chr10	35750000	36000000	-0.319034
chr10	36000000	36250000	-0.311997
chr10	36250000	36500000	-0.358995
chr10	36500000	36750000	-0.240033
chr10	36750000	37000000	-0.142427
chr10	37000000	37250000	0.0423431
chr10	37250000	37500000	-0.127714
chr10	37500000	37750000	-0.366739
chr10	37750000	38000000	-0.365773
chr10	38000000	38250000	-0.247046
chr10	38250000	38500000	-0.326752
chr10	38500000	38750000	-0.176918
chr10	38750000	39000000	-0.00820893
chr10	39000000	39250000	0.236296
chr10	39250000	39500000	0.364448
chr10	39500000	39750000	0.721335
chr10	39750000	40000000	0.803933
chr10	40000000	40250000	0.975824
chr10	40250000	40500000	1.17128
chr10	40500000	40750000	0.752
chr10	40750000	41000000	0.790416
chr10	41000000	41250000	0.630636
chr10	41250000	41500000	0.976265
chr10	41500000	41750000	0.955792
chr10	41750000	42000000	0.781731
chr10	42000000	42250000	0.805476
chr10	42250000	42500000	1.13854
chr10	42500000	42750000	1.18291
chr10	42750000	43000000	0.726429
chr10	43000000	43250000	0.814068
chr10	43250000	43500000	0.887633
chr10	43500000	43750000	0.777985
chr10	43750000	44000000	1.05387
chr10	44000000	44250000	0.736708
chr10	44250000	44500000	0.430183
chr10	44500000	44750000	0.0645685
chr10	44750000	45000000	-0.123495
chr10	45000000	45250000	0.450429
chr10	45250000	45500000	0.300248
chr10	45500000	45750000	0.0120763
chr10	45750000	46000000	-0.293334
chr10	46000000	46250000	-0.406952
chr10	46250000	46500000	-0.494099
chr10	46500000	46750000	-0.362102
chr10	46750000	47000000	-0.466214
chr10	47000000	47250000	-0.440883
chr10	47250000	47500000	-0.451015
chr10	47500000	47750000	-0.463857
chr10	47750000	48000000	-0.513102
chr10	48000000	48250000	-0.480397
chr10	48250000	48500000	-0.534312
chr10	48500000	48750000	-0.480926
chr10	48750000	49000000	-0.379536
chr10	49000000	49250000	-0.390378
chr10	49250000	49500000	-0.500881
chr10	49500000	49750000	-0.385385
chr10	49750000	50000000	-0.265205
chr10	50000000	50250000	-0.339377
chr10	50250000	50500000	-0.132951
chr10	50500000	50750000	0.16434
chr10	50750000	51000000	0.0291047
chr10	51000000	51250000	-0.46697
chr10	51250000	51500000	-0.476115
chr10	51500000	51750000	-0.317862
chr10	51750000	52000000	-0.178397
chr10	52000000	52250000	0.0119175
chr10	52250000	52500000	0.176665
chr10	52500000	52750000	-0.42941
chr10	52750000	53000000	-0.475434
chr10	53000000	53250000	-0.267332
chr10	53250000	53500000	0.0399276
chr10	53500000	53750000	0.151548
chr10	53750000	54000000	-0.272576
chr10	54000000	54250000	-0.408324
chr10	54250000	54500000	-0.494906
chr10	54500000	54750000	-0.401382
chr10	54750000	55000000	-0.384185
chr10	55000000	55250000	-0.526882
chr10	55250000	55500000	-0.506392
chr10	55500000	55750000	-0.502522
chr10	55750000	56000000	-0.492986
chr10	56000000	56250000	-0.272194
chr10	56250000	56500000	0.121247
chr10	56500000	56750000	-0.196609
chr10	56750000	57000000	-0.423497
chr10	57000000	57250000	-0.519605
chr10	57250000	57500000	-0.321245
chr10	57500000	57750000	-0.105801
chr10	57750000	58000000	nan
chr10	58000000	58250000	0.107165
chr10	58250000	58500000	0.725146
chr10	58500000	58750000	0.649065
chr10	58750000	59000000	0.541056
chr10	59000000	59250000	0.52336
chr10	59250000	59500000	0.677069
chr10	59500000	59750000	0.655148
chr10	59750000	60000000	1.03593
chr10	60000000	60250000	1.20107
chr10	60250000	60500000	1.00709
chr10	60500000	60750000	0.968078
chr10	60750000	61000000	1.05369
chr10	61000000	61250000	0.841413
chr10	61250000	61500000	0.943974
chr10	61500000	61750000	0.979449
chr10	61750000	62000000	0.928977
chr10	62000000	62250000	0.896964
chr10	62250000	62500000	1.07243
chr10	62500000	62750000	1.21268
chr10	62750000	63000000	1.21929
chr10	63000000	63250000	1.13602
chr10	63250000	63500000	0.771503
chr10	63500000	63750000	-0.00537536
chr10	63750000	64000000	-0.261554
chr10	64000000	64250000	-0.361082
chr10	64250000	64500000	-0.437442
chr10	64500000	64750000	-0.390297
chr10	64750000	65000000	-0.489382
chr10	65000000	65250000	-0.504689
chr10	65250000	65500000	-0.496031
chr10	65500000	65750000	-0.359776
chr10	65750000	66000000	-0.439328
chr10	66000000	66250000	-0.302145
chr10	66250000	66500000	-0.291122
chr10	66500000	66750000	-0.0697184
chr10	66750000	67000000	0.48515
chr10	67000000	67250000	0.798162
chr10	67250000	67500000	0.267197
chr10	67500000	67750000	0.0557352
chr10	67750000	68000000	-0.110643
chr10	68000000	68250000	0.186793
chr10	68250000	68500000	-0.0837824
chr10	68500000	68750000	-0.485076
chr10	68750000	69000000	-0.353403
chr10	69000000	69250000	0.152739
chr10	69250000	69500000	0.824947
chr10	69500000	69750000	0.624105
chr10	69750000	70000000	0.597345
chr10	70000000	70250000	0.739944
chr10	70250000	70500000	0.683286
chr10	70500000	70750000	0.433785
chr10	70750000	71000000	0.306022
chr10	71000000	71250000	0.360653
chr10	71250000	71500000	0.427558
chr10	71500000	71750000	-0.18478
chr10	71750000	72000000	-0.438255
chr10	72000000	72250000	-0.549006
chr10	72250000	72500000	-0.331189
chr10	72500000	72750000	-0.345161
chr10	72750000	73000000	-0.326611
chr10	73000000	73250000	-0.307482
chr10	73250000	73500000	-0.409975
chr10	73500000	73750000	-0.475251
chr10	73750000	74000000	-0.447661
chr10	74000000	74250000	-0.266922
chr10	74250000	74500000	-0.433424
chr10	74500000	74750000	-0.29697
chr10	74750000	75000000	-0.0382557
chr10	75000000	75250000	0.635836
chr10	75250000	75500000	0.865031
chr10	75500000	75750000	1.01611
chr10	75750000	76000000	1.21583
chr10	76000000	76250000	1.05827
chr10	76250000	76500000	1.07906
chr10	76500000	76750000	0.929621
chr10	76750000	77000000	0.786964
chr10	77000000	77250000	0.910395
chr10	77250000	77500000	0.891696
chr10	77500000	77750000	1.09125
chr10	77750000	78000000	1.04075
chr10	78000000	78250000	1.06823
chr10	78250000	78500000	0.87676
chr10	78500000	78750000	0.096004
chr10	78750000	79000000	-0.153575
chr10	79000000	79250000	-0.138497
chr10	79250000	79500000	-0.070091
chr10	79500000	79750000	0.740849
chr10	79750000	80000000	1.18131
chr10	80000000	80250000	1.23531
chr10	80250000	80500000	1.15981
chr10	80500000	80750000	1.10125
chr10	80750000	81000000	1.09216
chr10	81000000	81250000	1.10926
chr10	81250000	81500000	1.25375
chr10	81500000	81750000	1.17246
chr10	81750000	82000000	nan
chr10	82000000	82250000	0.348337
chr10	82250000	82500000	0.0475453
chr10	82500000	82750000	0.237473
chr10	82750000	83000000	0.750035
chr10	83000000	83250000	0.719427
chr10	83250000	83500000	0.765923
chr10	83500000	83750000	0.635751
chr10	83750000	84000000	0.250475
chr10	84000000	84250000	0.0214747
chr10	84250000	84500000	0.110603
chr10	84500000	84750000	0.858924
chr10	84750000	85000000	0.919904
chr10	85000000	85250000	0.744118
chr10	85250000	85500000	0.182382
chr10	85500000	85750000	0.0741144
chr10	85750000	86000000	0.441311
chr10	86000000	86250000	-0.0151949
chr10	86250000	86500000	-0.0681125
chr10	86500000	86750000	0.0359648
chr10	86750000	87000000	-0.114476
chr10	87000000	87250000	-0.529489
chr10	87250000	87500000	-0.42513
chr10	87500000	87750000	-0.395449
chr10	87750000	88000000	-0.123207
chr10	88000000	88250000	0.266687
chr10	88250000	88500000	0.701132
chr10	88500000	88750000	0.866801
chr10	88750000	89000000	0.383651
chr10	89000000	89250000	-0.104792
chr10	89250000	89500000	0.112178
chr10	89500000	89750000	0.375592
chr10	89750000	90000000	0.407503
chr10	90000000	90250000	-0.236896
chr10	90250000	90500000	-0.183978
chr10	90500000	90750000	-0.0953368
chr10	90750000	91000000	0.263085
chr10	91000000	91250000	0.47642
chr10	91250000	91500000	-0.210529
chr10	91500000	91750000	-0.450503
chr10	91750000	92000000	-0.5893
chr10	92000000	92250000	-0.621617
chr10	92250000	92500000	-0.521059
chr10	92500000	92750000	-0.2195
chr10	92750000	93000000	-0.374213
chr10	93000000	93250000	0.241646
chr10	93250000	93500000	0.433156
chr10	93500000	93750000	0.846039
chr10	93750000	94000000	1.00897
chr10	94000000	94250000	0.865002
chr10	94250000	94500000	0.603822
chr10	94500000	94750000	0.627588
chr10	94750000	95000000	0.522254
chr10	95000000	95250000	0.460664
chr10	95250000	95500000	0.709154
chr10	95500000	95750000	0.793839
chr10	95750000	96000000	0.279483
chr10	96000000	96250000	-0.0636229
chr10	96250000	96500000	-0.117987
chr10	96500000	96750000	-0.07907
chr10	96750000	97000000	-0.475633
chr10	97000000	97250000	-0.553022
chr10	97250000	97500000	-0.548796
chr10	97500000	97750000	-0.561381
chr10	97750000	98000000	-0.650879
chr10	98000000	98250000	-0.676239
chr10	98250000	98500000	-0.60051
chr10	98500000	98750000	-0.500028
chr10	98750000	99000000	-0.167216
chr10	99000000	99250000	0.137524
chr10	99250000	99500000	0.0335792
chr10	99500000	99750000	-0.443753
chr10	99750000	100000000	-0.51493
chr10	100000000	100250000	-0.326923
chr10	100250000	100500000	-0.0911586
chr10	100500000	100750000	-0.306928
chr10	100750000	101000000	-0.509602
chr10	101000000	101250000	-0.518003
chr10	101250000	101500000	-0.54603
chr10	101500000	101750000	-0.520616
chr10	101750000	102000000	-0.563694
chr10	102000000	102250000	-0.515051
chr10	102250000	102500000	-0.497045
chr10	102500000	102750000	-0.547263
chr10	102750000	103000000	-0.455407
chr10	103000000	103250000	-0.455065
chr10	103250000	103500000	-0.286082
chr10	103500000	103750000	-0.456862
chr10	103750000	104000000	-0.408453
chr10	104000000	104250000	-0.436133
chr10	104250000	104500000	-0.544296
chr10	104500000	104750000	-0.519699
chr10	104750000	105000000	-0.41961
chr10	105000000	105250000	-0.376798
chr10	105250000	105500000	-0.247899
chr10	105500000	105750000	-0.0175536
chr10	105750000	106000000	-0.179765
chr10	106000000	106250000	-0.524365
chr10	106250000	106500000	-0.574203
chr10	106500000	106750000	-0.563553
chr10	106750000	107000000	-0.560123
chr10	107000000	107250000	-0.502563
chr10	107250000	107500000	-0.499683
chr10	107500000	107750000	-0.586723
chr10	107750000	108000000	-0.399042
chr10	108000000	108250000	-0.0640311
chr10	108250000	108500000	0.4714
chr10	108500000	108750000	-0.109063
chr10	108750000	109000000	-0.449106
chr10	109000000	109250000	-0.385965
chr10	109250000	109500000	-0.324269
chr10	109500000	109750000	-0.137927
chr10	109750000	110000000	-0.288809
chr10	110000000	110250000	-0.374878
chr10	110250000	110500000	-0.395326
chr10	110500000	110750000	-0.096525
chr10	110750000	111000000	0.360594
chr10	111000000	111250000	0.643684
chr10	111250000	111500000	0.825867
chr10	111500000	111750000	0.433837
chr10	111750000	112000000	0.105766
chr10	112000000	112250000	-0.230838
chr10	112250000	112500000	-0.435868
chr10	112500000	112750000	-0.26519
chr10	112750000	113000000	-0.133729
chr10	113000000	113250000	-0.320946
chr10	113250000	113500000	-0.355653
chr10	113500000	113750000	-0.411301
chr10	113750000	114000000	-0.625276
chr10	114000000	114250000	-0.575123
chr10	114250000	114500000	-0.54784
chr10	114500000	114750000	-0.595627
chr10	114750000	115000000	-0.545873
chr10	115000000	115250000	-0.127136
chr10	115250000	115500000	0.426679
chr10	115500000	115750000	0.117742
chr10	115750000	116000000	-0.00546739
chr10	116000000	116250000	0.0190796
chr10	116250000	116500000	0.49004
chr10	116500000	116750000	1.18881
chr10	116750000	117000000	1.06263
chr10	117000000	117250000	1.26734
chr10	117250000	117500000	1.36997
chr10	117500000	117750000	1.20572
chr10	117750000	118000000	0.989055
chr10	118000000	118250000	0.317499
chr10	118250000	118500000	-0.0997183
chr10	118500000	118750000	-0.277504
chr10	118750000	119000000	-0.0342141
chr10	119000000	119250000	0.567075
chr10	119250000	119500000	0.519216
chr10	119500000	119750000	0.347637
chr10	119750000	120000000	0.365046
chr10	120000000	120250000	0.765434
chr10	120250000	120500000	1.01307
chr10	120500000	120750000	1.21713
chr10	120750000	121000000	1.20292
chr10	121000000	121250000	1.06212
chr10	121250000	121500000	1.13223
chr10	121500000	121750000	0.913197
chr10	121750000	122000000	0.472726
chr10	122000000	122250000	0.203067
chr10	122250000	122500000	-0.0952727
chr10	122500000	122750000	0.111121
chr10	122750000	123000000	0.393188
chr10	123000000	123250000	0.257473
chr10	123250000	123500000	-0.314845
chr10	123500000	123750000	-0.306984
chr10	123750000	124000000	-0.436929
chr10	124000000	124250000	-0.431006
chr10	124250000	124500000	-0.417718
chr10	124500000	124750000	-0.515918
chr10	124750000	125000000	-0.422478
chr10	125000000	125250000	-0.305409
chr10	125250000	125500000	-0.363961
chr10	125500000	125750000	-0.471377
chr10	125750000	126000000	-0.415442
chr10	126000000	126250000	-0.242588
chr10	126250000	126500000	-0.339406
chr10	126500000	126750000	-0.193041
chr10	126750000	127000000	0.644189
chr10	127000000	127250000	1.51877
chr10	127250000	127500000	1.66119
chr10	127500000	127750000	1.71302
chr10	127750000	128000000	1.67008
chr10	128000000	128250000	1.73044
chr10	128250000	128500000	1.69777
chr10	128500000	128750000	1.459
chr10	128750000	129000000	0.918294
chr10	129000000	129250000	-0.0693534
chr10	129250000	129500000	-0.285691
chr10	129500000	129750000	-0.266073
chr10	129750000	130000000	-0.293496
chr10	130000000	130250000	-0.390112
chr10	130250000	130500000	-0.239097
chr10	130500000	130694993	nan
#bedGraph section chr11:0-122082543
chr11	0	250000	nan
chr11	250000	500000	nan
chr11	500000	750000	nan
chr11	750000	1000000	nan
chr11	1000000	1250000	nan
chr11	1250000	1500000	nan
chr11	1500000	1750000	nan
chr11	1750000	2000000	nan
chr11	2000000	2250000	nan
chr11	2250000	2500000	nan
chr11	2500000	2750000	nan
chr11	2750000	3000000	nan
chr11	3000000	3250000	0.0652007
chr11	3250000	3500000	1.74246
chr11	3500000	3750000	2.23724
chr11	3750000	4000000	2.24787
chr11	4000000	4250000	2.51933
chr11	4250000	4500000	2.21948
chr11	4500000	4750000	2.40062
chr11	4750000	5000000	2.21075
chr11	5000000	5250000	2.16706
chr11	5250000	5500000	2.06698
chr11	5500000	5750000	2.33579
chr11	5750000	6000000	2.37143
chr11	6000000	6250000	2.48707
chr11	6250000	6500000	2.182
chr11	6500000	6750000	1.45527
chr11	6750000	7000000	0.341208
chr11	7000000	7250000	0.108228
chr11	7250000	7500000	-0.37624
chr11	7500000	7750000	-0.343009
chr11	7750000	8000000	-0.272913
chr11	8000000	8250000	-0.251654
chr11	8250000	8500000	-0.109027
chr11	8500000	8750000	0.719141
chr11	8750000	9000000	0.333464
chr11	9000000	9250000	-0.0744584
chr11	9250000	9500000	-0.359263
chr11	9500000	9750000	-0.482749
chr11	9750000	10000000	-0.346344
chr11	10000000	10250000	-0.345516
chr11	10250000	10500000	-0.399204
chr11	10500000	10750000	-0.472319
chr11	10750000	11000000	-0.419523
chr11	11000000	11250000	-0.452376
chr11	11250000	11500000	-0.43571
chr11	11500000	11750000	-0.325992
chr11	11750000	12000000	0.273131
chr11	12000000	12250000	-0.35451
chr11	12250000	12500000	-0.282418
chr11	12500000	12750000	-0.437335
chr11	12750000	13000000	-0.454852
chr11	13000000	13250000	-0.46457
chr11	13250000	13500000	-0.549618
chr11	13500000	13750000	-0.576435
chr11	13750000	14000000	-0.518066
chr11	14000000	14250000	-0.53232
chr11	14250000	14500000	-0.550354
chr11	14500000	14750000	-0.532464
chr11	14750000	15000000	-0.500534
chr11	15000000	15250000	-0.443823
chr11	15250000	15500000	-0.51213
chr11	15500000	15750000	-0.524963
chr11	15750000	16000000	-0.533411
chr11	16000000	16250000	-0.44729
chr11	16250000	16500000	-0.468421
chr11	16500000	16750000	-0.371889
chr11	16750000	17000000	-0.323526
chr11	17000000	17250000	0.0207124
chr11	17250000	17500000	-0.334337
chr11	17500000	17750000	-0.44813
chr11	17750000	18000000	-0.195976
chr11	18000000	18250000	-0.302096
chr11	18250000	18500000	-0.474829
chr11	18500000	18750000	-0.428987
chr11	18750000	19000000	-0.338416
chr11	19000000	19250000	-0.286138
chr11	19250000	19500000	-0.194944
chr11	19500000	19750000	-0.0983196
chr11	19750000	20000000	0.477086
chr11	20000000	20250000	1.0848
chr11	20250000	20500000	0.921426
chr11	20500000	20750000	0.76234
chr11	20750000	21000000	0.352729
chr11	21000000	21250000	0.319027
chr11	21250000	21500000	-0.0215478
chr11	21500000	21750000	-0.335689
chr11	21750000	22000000	-0.364814
chr11	22000000	22250000	-0.238831
chr11	22250000	22500000	-0.0807936
chr11	22500000	22750000	0.261541
chr11	22750000	23000000	0.524408
chr11	23000000	23250000	1.00293
chr11	23250000	23500000	1.07648
chr11	23500000	23750000	0.432931
chr11	23750000	24000000	0.307788
chr11	24000000	24250000	-0.230881
chr11	24250000	24500000	-0.39871
chr11	24500000	24750000	-0.365933
chr11	24750000	25000000	-0.555181
chr11	25000000	25250000	-0.507571
chr11	25250000	25500000	-0.461431
chr11	25500000	25750000	-0.469169
chr11	25750000	26000000	-0.419975
chr11	26000000	26250000	-0.370983
chr11	26250000	26500000	-0.263648
chr11	26500000	26750000	-0.275423
chr11	26750000	27000000	-0.497997
chr11	27000000	27250000	-0.33975
chr11	27250000	27500000	-0.396377
chr11	27500000	27750000	-0.471063
chr11	27750000	28000000	-0.489412
chr11	28000000	28250000	-0.429985
chr11	28250000	28500000	-0.463316
chr11	28500000	28750000	-0.53527
chr11	28750000	29000000	-0.512062
chr11	29000000	29250000	-0.252209
chr11	29250000	29500000	0.0287145
chr11	29500000	29750000	0.65224
chr11	29750000	30000000	0.10595
chr11	30000000	30250000	0.0436747
chr11	30250000	30500000	-0.0684757
chr11	30500000	30750000	-0.0750908
chr11	30750000	31000000	0.101002
chr11	31000000	31250000	-0.251846
chr11	31250000	31500000	-0.354179
chr11	31500000	31750000	-0.0925125
chr11	31750000	32000000	0.241215
chr11	32000000	32250000	0.447527
chr11	32250000	32500000	0.783152
chr11	32500000	32750000	1.00263
chr11	32750000	33000000	0.723875
chr11	33000000	33250000	0.792478
chr11	33250000	33500000	0.674909
chr11	33500000	33750000	0.448866
chr11	33750000	34000000	-0.0697034
chr11	34000000	34250000	-0.250863
chr11	34250000	34500000	-0.458486
chr11	34500000	34750000	nan
chr11	34750000	35000000	-0.435052
chr11	35000000	35250000	-0.389856
chr11	35250000	35500000	-0.221469
chr11	35500000	35750000	0.0208787
chr11	35750000	36000000	0.394095
chr11	36000000	36250000	-0.313413
chr11	36250000	36500000	-0.473567
chr11	36500000	36750000	-0.560445
chr11	36750000	37000000	-0.623102
chr11	37000000	37250000	-0.567914
chr11	37250000	37500000	-0.525837
chr11	37500000	37750000	-0.551945
chr11	37750000	38000000	-0.515258
chr11	38000000	38250000	-0.49413
chr11	38250000	38500000	-0.505364
chr11	38500000	38750000	-0.499767
chr11	38750000	39000000	-0.545746
chr11	39000000	39250000	-0.526021
chr11	39250000	39500000	-0.550267
chr11	39500000	39750000	-0.550915
chr11	39750000	40000000	-0.537405
chr11	40000000	40250000	-0.550181
chr11	40250000	40500000	-0.464529
chr11	40500000	40750000	-0.201891
chr11	40750000	41000000	-0.438523
chr11	41000000	41250000	-0.502983
chr11	41250000	41500000	-0.532945
chr11	41500000	41750000	-0.544313
chr11	41750000	42000000	-0.584999
chr11	42000000	42250000	-0.543206
chr11	42250000	42500000	-0.597875
chr11	42500000	42750000	-0.632571
chr11	42750000	43000000	-0.618116
chr11	43000000	43250000	-0.531591
chr11	43250000	43500000	-0.178427
chr11	43500000	43750000	0.492074
chr11	43750000	44000000	-0.314402
chr11	44000000	44250000	-0.496293
chr11	44250000	44500000	-0.152664
chr11	44500000	44750000	-0.264017
chr11	44750000	45000000	-0.587649
chr11	45000000	45250000	-0.56368
chr11	45250000	45500000	-0.339265
chr11	45500000	45750000	-0.315441
chr11	45750000	46000000	0.243844
chr11	46000000	46250000	0.521959
chr11	46250000	46500000	0.423838
chr11	46500000	46750000	0.486057
chr11	46750000	47000000	-0.293744
chr11	47000000	47250000	-0.458315
chr11	47250000	47500000	-0.541107
chr11	47500000	47750000	-0.546893
chr11	47750000	48000000	-0.494746
chr11	48000000	48250000	-0.516339
chr11	48250000	48500000	-0.506935
chr11	48500000	48750000	-0.324957
chr11	48750000	49000000	0.0123845
chr11	49000000	49250000	-0.313688
chr11	49250000	49500000	-0.5864
chr11	49500000	49750000	-0.137648
chr11	49750000	50000000	0.374181
chr11	50000000	50250000	1.01583
chr11	50250000	50500000	0.961386
chr11	50500000	50750000	0.0919915
chr11	50750000	51000000	0.183163
chr11	51000000	51250000	0.0653031
chr11	51250000	51500000	0.242401
chr11	51500000	51750000	1.07626
chr11	51750000	52000000	1.28823
chr11	52000000	52250000	1.04827
chr11	52250000	52500000	0.856605
chr11	52500000	52750000	0.373486
chr11	52750000	53000000	0.429199
chr11	53000000	53250000	0.448929
chr11	53250000	53500000	1.28642
chr11	53500000	53750000	1.29242
chr11	53750000	54000000	0.974765
chr11	54000000	54250000	0.3889
chr11	54250000	54500000	0.688789
chr11	54500000	54750000	0.897081
chr11	54750000	55000000	1.22021
chr11	55000000	55250000	0.994352
chr11	55250000	55500000	0.607626
chr11	55500000	55750000	-0.25449
chr11	55750000	56000000	-0.540695
chr11	56000000	56250000	-0.598856
chr11	56250000	56500000	-0.626782
chr11	56500000	56750000	-0.635957
chr11	56750000	57000000	-0.606033
chr11	57000000	57250000	-0.564832
chr11	57250000	57500000	-0.18366
chr11	57500000	57750000	0.319657
chr11	57750000	58000000	1.01161
chr11	58000000	58250000	1.08476
chr11	58250000	58500000	0.532627
chr11	58500000	58750000	0.198106
chr11	58750000	59000000	0.422542
chr11	59000000	59250000	1.05336
chr11	59250000	59500000	1.12344
chr11	59500000	59750000	1.05394
chr11	59750000	60000000	0.73531
chr11	60000000	60250000	1.00983
chr11	60250000	60500000	1.41765
chr11	60500000	60750000	1.44221
chr11	60750000	61000000	1.45347
chr11	61000000	61250000	1.22049
chr11	61250000	61500000	1.17185
chr11	61500000	61750000	1.2491
chr11	61750000	62000000	1.12058
chr11	62000000	62250000	0.81833
chr11	62250000	62500000	1.02042
chr11	62500000	62750000	0.590944
chr11	62750000	63000000	0.0437435
chr11	63000000	63250000	-0.26046
chr11	63250000	63500000	-0.38091
chr11	63500000	63750000	-0.463082
chr11	63750000	64000000	-0.184593
chr11	64000000	64250000	-0.0849561
chr11	64250000	64500000	-0.360751
chr11	64500000	64750000	-0.468351
chr11	64750000	65000000	-0.338468
chr11	65000000	65250000	-0.0635216
chr11	65250000	65500000	-0.344956
chr11	65500000	65750000	-0.251421
chr11	65750000	66000000	-0.338505
chr11	66000000	66250000	-0.405589
chr11	66250000	66500000	-0.596448
chr11	66500000	66750000	-0.593639
chr11	66750000	67000000	-0.397753
chr11	67000000	67250000	-0.165536
chr11	67250000	67500000	-0.39981
chr11	67500000	67750000	-0.33641
chr11	67750000	68000000	0.248348
chr11	68000000	68250000	0.428645
chr11	68250000	68500000	0.526028
chr11	68500000	68750000	0.90136
chr11	68750000	69000000	1.24446
chr11	69000000	69250000	1.36594
chr11	69250000	69500000	1.61014
chr11	69500000	69750000	1.47503
chr11	69750000	70000000	1.19682
chr11	70000000	70250000	1.27968
chr11	70250000	70500000	1.1673
chr11	70500000	70750000	0.961085
chr11	70750000	71000000	0.615999
chr11	71000000	71250000	-0.236039
chr11	71250000	71500000	-0.271392
chr11	71500000	71750000	-0.18606
chr11	71750000	72000000	-0.138265
chr11	72000000	72250000	0.176524
chr11	72250000	72500000	0.592294
chr11	72500000	72750000	0.946434
chr11	72750000	73000000	0.702275
chr11	73000000	73250000	0.316356
chr11	73250000	73500000	-0.258026
chr11	73500000	73750000	-0.243672
chr11	73750000	74000000	-0.441822
chr11	74000000	74250000	-0.399076
chr11	74250000	74500000	-0.222537
chr11	74500000	74750000	0.461419
chr11	74750000	75000000	0.81442
chr11	75000000	75250000	1.07539
chr11	75250000	75500000	1.18896
chr11	75500000	75750000	1.15316
chr11	75750000	76000000	1.12602
chr11	76000000	76250000	0.968138
chr11	76250000	76500000	0.891073
chr11	76500000	76750000	0.845295
chr11	76750000	77000000	0.873542
chr11	77000000	77250000	0.735666
chr11	77250000	77500000	0.694574
chr11	77500000	77750000	1.02268
chr11	77750000	78000000	1.08609
chr11	78000000	78250000	1.17003
chr11	78250000	78500000	1.28281
chr11	78500000	78750000	1.17232
chr11	78750000	79000000	0.899785
chr11	79000000	79250000	0.996091
chr11	79250000	79500000	0.750282
chr11	79500000	79750000	0.920098
chr11	79750000	80000000	0.888237
chr11	80000000	80250000	1.10917
chr11	80250000	80500000	0.762125
chr11	80500000	80750000	0.255649
chr11	80750000	81000000	-0.167702
chr11	81000000	81250000	-0.417433
chr11	81250000	81500000	-0.495446
chr11	81500000	81750000	-0.396028
chr11	81750000	82000000	-0.363722
chr11	82000000	82250000	-0.21883
chr11	82250000	82500000	-0.108552
chr11	82500000	82750000	0.241354
chr11	82750000	83000000	0.619542
chr11	83000000	83250000	0.338762
chr11	83250000	83500000	0.650202
chr11	83500000	83750000	0.499142
chr11	83750000	84000000	0.775203
chr11	84000000	84250000	0.95658
chr11	84250000	84500000	0.665257
chr11	84500000	84750000	0.630245
chr11	84750000	85000000	0.773206
chr11	85000000	85250000	0.992177
chr11	85250000	85500000	0.93067
chr11	85500000	85750000	0.405723
chr11	85750000	86000000	0.471328
chr11	86000000	86250000	0.73683
chr11	86250000	86500000	0.965867
chr11	86500000	86750000	0.705756
chr11	86750000	87000000	0.676561
chr11	87000000	87250000	0.868345
chr11	87250000	87500000	0.792948
chr11	87500000	87750000	0.89433
chr11	87750000	88000000	0.731714
chr11	88000000	88250000	0.68655
chr11	88250000	88500000	0.567057
chr11	88500000	88750000	0.459084
chr11	88750000	89000000	0.551299
chr11	89000000	89250000	0.130861
chr11	89250000	89500000	-0.239217
chr11	89500000	89750000	-0.481862
chr11	89750000	90000000	-0.454416
chr11	90000000	90250000	-0.378488
chr11	90250000	90500000	-0.201099
chr11	90500000	90750000	-0.19742
chr11	90750000	91000000	-0.450931
chr11	91000000	91250000	-0.391523
chr11	91250000	91500000	-0.464195
chr11	91500000	91750000	-0.474747
chr11	91750000	92000000	-0.408064
chr11	92000000	92250000	-0.504508
chr11	92250000	92500000	-0.447048
chr11	92500000	92750000	-0.538891
chr11	92750000	93000000	-0.46293
chr11	93000000	93250000	-0.413924
chr11	93250000	93500000	-0.303113
chr11	93500000	93750000	-0.343791
chr11	93750000	94000000	0.00418103
chr11	94000000	94250000	0.47878
chr11	94250000	94500000	0.648233
chr11	94500000	94750000	0.70652
chr11	94750000	95000000	0.688197
chr11	95000000	95250000	0.835377
chr11	95250000	95500000	0.731306
chr11	95500000	95750000	0.720086
chr11	95750000	96000000	0.75874
chr11	96000000	96250000	0.870833
chr11	96250000	96500000	0.737193
chr11	96500000	96750000	0.598746
chr11	96750000	97000000	0.684752
chr11	97000000	97250000	0.818614
chr11	97250000	97500000	0.755448
chr11	97500000	97750000	0.739841
chr11	97750000	98000000	0.765631
chr11	98000000	98250000	0.608313
chr11	98250000	98500000	0.753094
chr11	98500000	98750000	0.788249
chr11	98750000	99000000	0.702499
chr11	99000000	99250000	0.430723
chr11	99250000	99500000	-0.143982
chr11	99500000	99750000	-0.337143
chr11	99750000	100000000	-0.225434
chr11	100000000	100250000	-0.235764
chr11	100250000	100500000	0.333112
chr11	100500000	100750000	0.489222
chr11	100750000	101000000	0.684937
chr11	101000000	101250000	0.823651
chr11	101250000	101500000	0.921531
chr11	101500000	101750000	0.857754
chr11	101750000	102000000	0.861827
chr11	102000000	102250000	0.998045
chr11	102250000	102500000	0.856974
chr11	102500000	102750000	0.808428
chr11	102750000	103000000	0.628333
chr11	103000000	103250000	0.42691
chr11	103250000	103500000	0.342736
chr11	103500000	103750000	0.275539
chr11	103750000	104000000	0.374691
chr11	104000000	104250000	0.388984
chr11	104250000	104500000	0.268102
chr11	104500000	104750000	-0.00890078
chr11	104750000	105000000	-0.216193
chr11	105000000	105250000	-0.0607454
chr11	105250000	105500000	-0.00452877
chr11	105500000	105750000	-0.0865607
chr11	105750000	106000000	0.0337559
chr11	106000000	106250000	0.54467
chr11	106250000	106500000	0.599113
chr11	106500000	106750000	0.702711
chr11	106750000	107000000	0.747075
chr11	107000000	107250000	0.473362
chr11	107250000	107500000	0.289735
chr11	107500000	107750000	0.300023
chr11	107750000	108000000	0.0708919
chr11	108000000	108250000	-0.0742685
chr11	108250000	108500000	-0.317283
chr11	108500000	108750000	-0.393867
chr11	108750000	109000000	-0.298152
chr11	109000000	109250000	-0.201042
chr11	109250000	109500000	0.201975
chr11	109500000	109750000	0.0658974
chr11	109750000	110000000	-0.355027
chr11	110000000	110250000	-0.284336
chr11	110250000	110500000	-0.19238
chr11	110500000	110750000	-0.417645
chr11	110750000	111000000	-0.50602
chr11	111000000	111250000	-0.372092
chr11	111250000	111500000	-0.365148
chr11	111500000	111750000	-0.429375
chr11	111750000	112000000	-0.501977
chr11	112000000	112250000	-0.450894
chr11	112250000	112500000	-0.509073
chr11	112500000	112750000	-0.489127
chr11	112750000	113000000	-0.312512
chr11	113000000	113250000	-0.0773949
chr11	113250000	113500000	0.098999
chr11	113500000	113750000	0.492965
chr11	113750000	114000000	0.0631262
chr11	114000000	114250000	-0.0518917
chr11	114250000	114500000	0.0239049
chr11	114500000	114750000	0.544146
chr11	114750000	115000000	0.497291
chr11	115000000	115250000	0.487905
chr11	115250000	115500000	0.689056
chr11	115500000	115750000	0.76848
chr11	115750000	116000000	0.757858
chr11	116000000	116250000	0.670671
chr11	116250000	116500000	0.691417
chr11	116500000	116750000	0.580456
chr11	116750000	117000000	0.569764
chr11	117000000	117250000	0.678222
chr11	117250000	117500000	0.414237
chr11	117500000	117750000	0.595115
chr11	117750000	118000000	0.704052
chr11	118000000	118250000	0.440922
chr11	118250000	118500000	0.325007
chr11	118500000	118750000	0.106703
chr11	118750000	119000000	0.0842485
chr11	119000000	119250000	0.401174
chr11	119250000	119500000	0.689604
chr11	119500000	119750000	0.644368
chr11	119750000	120000000	0.627313
chr11	120000000	120250000	0.746742
chr11	120250000	120500000	0.781596
chr11	120500000	120750000	0.955091
chr11	120750000	121000000	1.00394
chr11	121000000	121250000	1.01339
chr11	121250000	121500000	0.850413
chr11	121500000	121750000	0.690286
chr11	121750000	122000000	0.501401
chr11	122000000	122082543	nan
#bedGraph section chr12:0-120129022
chr12	0	250000	nan
chr12	250000	500000	nan
chr12	500000	750000	nan
chr12	750000	1000000	nan
chr12	1000000	1250000	nan
chr12	1250000	1500000	nan
chr12	1500000	1750000	nan
chr12	1750000	2000000	nan
chr12	2000000	2250000	nan
chr12	2250000	2500000	nan
chr12	2500000	2750000	nan
chr12	2750000	3000000	nan
chr12	3000000	3250000	-0.126075
chr12	3250000	3500000	0.881322
chr12	3500000	3750000	1.32549
chr12	3750000	4000000	1.53347
chr12	4000000	4250000	1.55105
chr12	4250000	4500000	1.28578
chr12	4500000	4750000	1.37835
chr12	4750000	5000000	1.24398
chr12	5000000	5250000	0.383472
chr12	5250000	5500000	0.178729
chr12	5500000	5750000	-0.334016
chr12	5750000	6000000	-0.281934
chr12	6000000	6250000	-0.462677
chr12	6250000	6500000	-0.533537
chr12	6500000	6750000	-0.527634
chr12	6750000	7000000	-0.614729
chr12	7000000	7250000	-0.549543
chr12	7250000	7500000	-0.438955
chr12	7500000	7750000	-0.464264
chr12	7750000	8000000	-0.323299
chr12	8000000	8250000	0.343383
chr12	8250000	8500000	0.972164
chr12	8500000	8750000	1.11182
chr12	8750000	9000000	0.895357
chr12	9000000	9250000	0.116093
chr12	9250000	9500000	-0.382878
chr12	9500000	9750000	-0.141109
chr12	9750000	10000000	-0.298901
chr12	10000000	10250000	-0.542829
chr12	10250000	10500000	-0.45304
chr12	10500000	10750000	-0.298394
chr12	10750000	11000000	-0.146381
chr12	11000000	11250000	0.306276
chr12	11250000	11500000	0.196481
chr12	11500000	11750000	-0.233226
chr12	11750000	12000000	-0.447495
chr12	12000000	12250000	-0.349803
chr12	12250000	12500000	-0.10274
chr12	12500000	12750000	0.0465406
chr12	12750000	13000000	0.596577
chr12	13000000	13250000	0.302677
chr12	13250000	13500000	0.164519
chr12	13500000	13750000	-0.224179
chr12	13750000	14000000	-0.407731
chr12	14000000	14250000	-0.497876
chr12	14250000	14500000	-0.499776
chr12	14500000	14750000	-0.510348
chr12	14750000	15000000	-0.281209
chr12	15000000	15250000	-0.379136
chr12	15250000	15500000	-0.455961
chr12	15500000	15750000	-0.366011
chr12	15750000	16000000	-0.280874
chr12	16000000	16250000	-0.262884
chr12	16250000	16500000	-0.0861782
chr12	16500000	16750000	0.68111
chr12	16750000	17000000	1.0854
chr12	17000000	17250000	1.0647
chr12	17250000	17500000	1.36933
chr12	17500000	17750000	1.25715
chr12	17750000	18000000	0.958853
chr12	18000000	18250000	0.922999
chr12	18250000	18500000	0.956128
chr12	18500000	18750000	1.08728
chr12	18750000	19000000	nan
chr12	19000000	19250000	nan
chr12	19250000	19500000	nan
chr12	19500000	19750000	nan
chr12	19750000	20000000	nan
chr12	20000000	20250000	nan
chr12	20250000	20500000	nan
chr12	20500000	20750000	nan
chr12	20750000	21000000	1.21665
chr12	21000000	21250000	2.03654
chr12	21250000	21500000	2.12753
chr12	21500000	21750000	1.6981
chr12	21750000	22000000	nan
chr12	22000000	22250000	nan
chr12	22250000	22500000	nan
chr12	22500000	22750000	nan
chr12	22750000	23000000	nan
chr12	23000000	23250000	nan
chr12	23250000	23500000	nan
chr12	23500000	23750000	nan
chr12	23750000	24000000	nan
chr12	24000000	24250000	nan
chr12	24250000	24500000	1.34549
chr12	24500000	24750000	1.62085
chr12	24750000	25000000	1.26219
chr12	25000000	25250000	0.642762
chr12	25250000	25500000	0.0175429
chr12	25500000	25750000	-0.144811
chr12	25750000	26000000	-0.212394
chr12	26000000	26250000	-0.218503
chr12	26250000	26500000	-0.195449
chr12	26500000	26750000	-0.110374
chr12	26750000	27000000	-0.199478
chr12	27000000	27250000	-0.228961
chr12	27250000	27500000	-0.0666124
chr12	27500000	27750000	-0.26407
chr12	27750000	28000000	-0.270219
chr12	28000000	28250000	-0.19741
chr12	28250000	28500000	0.0465572
chr12	28500000	28750000	0.813046
chr12	28750000	29000000	0.601653
chr12	29000000	29250000	0.1604
chr12	29250000	29500000	-0.0259642
chr12	29500000	29750000	-0.145047
chr12	29750000	30000000	-0.00189776
chr12	30000000	30250000	-0.0811149
chr12	30250000	30500000	-0.288386
chr12	30500000	30750000	-0.197525
chr12	30750000	31000000	-0.0142019
chr12	31000000	31250000	0.375386
chr12	31250000	31500000	0.921168
chr12	31500000	31750000	1.17855
chr12	31750000	32000000	0.78925
chr12	32000000	32250000	0.295523
chr12	32250000	32500000	-0.176184
chr12	32500000	32750000	-0.126277
chr12	32750000	33000000	0.275086
chr12	33000000	33250000	0.427979
chr12	33250000	33500000	0.370851
chr12	33500000	33750000	-0.375281
chr12	33750000	34000000	-0.408748
chr12	34000000	34250000	-0.383607
chr12	34250000	34500000	-0.449667
chr12	34500000	34750000	-0.40247
chr12	34750000	35000000	-0.322714
chr12	35000000	35250000	-0.218996
chr12	35250000	35500000	-0.452355
chr12	35500000	35750000	-0.422262
chr12	35750000	36000000	-0.30804
chr12	36000000	36250000	0.104134
chr12	36250000	36500000	-0.375731
chr12	36500000	36750000	-0.458335
chr12	36750000	37000000	-0.460216
chr12	37000000	37250000	-0.45074
chr12	37250000	37500000	-0.482457
chr12	37500000	37750000	-0.563877
chr12	37750000	38000000	-0.547397
chr12	38000000	38250000	-0.546319
chr12	38250000	38500000	-0.515732
chr12	38500000	38750000	-0.517937
chr12	38750000	39000000	-0.453078
chr12	39000000	39250000	-0.437155
chr12	39250000	39500000	-0.438583
chr12	39500000	39750000	-0.272529
chr12	39750000	40000000	-0.174762
chr12	40000000	40250000	0.128218
chr12	40250000	40500000	0.621458
chr12	40500000	40750000	0.303145
chr12	40750000	41000000	0.213076
chr12	41000000	41250000	-0.133825
chr12	41250000	41500000	-0.339268
chr12	41500000	41750000	-0.255891
chr12	41750000	42000000	-0.268756
chr12	42000000	42250000	-0.43512
chr12	42250000	42500000	-0.529278
chr12	42500000	42750000	-0.503777
chr12	42750000	43000000	-0.492555
chr12	43000000	43250000	-0.550646
chr12	43250000	43500000	-0.470675
chr12	43500000	43750000	-0.430304
chr12	43750000	44000000	-0.541118
chr12	44000000	44250000	-0.187222
chr12	44250000	44500000	0.186056
chr12	44500000	44750000	-0.226382
chr12	44750000	45000000	-0.263192
chr12	45000000	45250000	-0.125019
chr12	45250000	45500000	-0.496904
chr12	45500000	45750000	-0.508173
chr12	45750000	46000000	-0.49846
chr12	46000000	46250000	-0.501357
chr12	46250000	46500000	-0.409422
chr12	46500000	46750000	-0.424181
chr12	46750000	47000000	-0.49059
chr12	47000000	47250000	-0.505419
chr12	47250000	47500000	-0.473792
chr12	47500000	47750000	-0.567271
chr12	47750000	48000000	-0.508838
chr12	48000000	48250000	-0.490927
chr12	48250000	48500000	-0.510133
chr12	48500000	48750000	-0.604909
chr12	48750000	49000000	-0.597361
chr12	49000000	49250000	-0.568525
chr12	49250000	49500000	-0.623199
chr12	49500000	49750000	-0.679208
chr12	49750000	50000000	-0.609121
chr12	50000000	50250000	-0.647788
chr12	50250000	50500000	-0.431591
chr12	50500000	50750000	-0.285375
chr12	50750000	51000000	-0.50386
chr12	51000000	51250000	-0.277166
chr12	51250000	51500000	0.419541
chr12	51500000	51750000	0.836281
chr12	51750000	52000000	1.02362
chr12	52000000	52250000	0.449948
chr12	52250000	52500000	0.505378
chr12	52500000	52750000	0.438765
chr12	52750000	53000000	-0.0079373
chr12	53000000	53250000	-0.117282
chr12	53250000	53500000	-0.326906
chr12	53500000	53750000	-0.369812
chr12	53750000	54000000	-0.23509
chr12	54000000	54250000	0.399849
chr12	54250000	54500000	0.846335
chr12	54500000	54750000	1.01511
chr12	54750000	55000000	1.41084
chr12	55000000	55250000	nan
chr12	55250000	55500000	1.21412
chr12	55500000	55750000	0.844135
chr12	55750000	56000000	0.412
chr12	56000000	56250000	-0.0372668
chr12	56250000	56500000	0.0521942
chr12	56500000	56750000	0.0464756
chr12	56750000	57000000	0.114744
chr12	57000000	57250000	0.466938
chr12	57250000	57500000	0.201479
chr12	57500000	57750000	0.0687258
chr12	57750000	58000000	-0.454475
chr12	58000000	58250000	-0.609771
chr12	58250000	58500000	-0.389872
chr12	58500000	58750000	-0.372647
chr12	58750000	59000000	0.0575363
chr12	59000000	59250000	0.665164
chr12	59250000	59500000	-0.259689
chr12	59500000	59750000	-0.520324
chr12	59750000	60000000	-0.577877
chr12	60000000	60250000	-0.613538
chr12	60250000	60500000	-0.568368
chr12	60500000	60750000	-0.537294
chr12	60750000	61000000	-0.541005
chr12	61000000	61250000	-0.609049
chr12	61250000	61500000	-0.494775
chr12	61500000	61750000	-0.481468
chr12	61750000	62000000	-0.469272
chr12	62000000	62250000	-0.431146
chr12	62250000	62500000	-0.531523
chr12	62500000	62750000	-0.488414
chr12	62750000	63000000	-0.56741
chr12	63000000	63250000	-0.505013
chr12	63250000	63500000	-0.488168
chr12	63500000	63750000	-0.509873
chr12	63750000	64000000	-0.455731
chr12	64000000	64250000	-0.491651
chr12	64250000	64500000	-0.461452
chr12	64500000	64750000	-0.401407
chr12	64750000	65000000	-0.0467147
chr12	65000000	65250000	0.53963
chr12	65250000	65500000	-0.260295
chr12	65500000	65750000	-0.512489
chr12	65750000	66000000	-0.50705
chr12	66000000	66250000	-0.401231
chr12	66250000	66500000	-0.182298
chr12	66500000	66750000	-0.47075
chr12	66750000	67000000	-0.609309
chr12	67000000	67250000	-0.490054
chr12	67250000	67500000	-0.542524
chr12	67500000	67750000	-0.361408
chr12	67750000	68000000	-0.35989
chr12	68000000	68250000	-0.509351
chr12	68250000	68500000	-0.580946
chr12	68500000	68750000	-0.544186
chr12	68750000	69000000	-0.346635
chr12	69000000	69250000	0.476069
chr12	69250000	69500000	1.14308
chr12	69500000	69750000	1.20667
chr12	69750000	70000000	1.25437
chr12	70000000	70250000	1.06582
chr12	70250000	70500000	0.604137
chr12	70500000	70750000	0.557423
chr12	70750000	71000000	1.08725
chr12	71000000	71250000	1.11753
chr12	71250000	71500000	0.477761
chr12	71500000	71750000	0.0793459
chr12	71750000	72000000	0.464966
chr12	72000000	72250000	0.397318
chr12	72250000	72500000	0.168376
chr12	72500000	72750000	0.837415
chr12	72750000	73000000	0.93844
chr12	73000000	73250000	0.894486
chr12	73250000	73500000	0.647576
chr12	73500000	73750000	0.319672
chr12	73750000	74000000	0.249231
chr12	74000000	74250000	-0.256001
chr12	74250000	74500000	-0.398516
chr12	74500000	74750000	-0.538435
chr12	74750000	75000000	-0.422743
chr12	75000000	75250000	-0.460375
chr12	75250000	75500000	-0.0271744
chr12	75500000	75750000	0.673864
chr12	75750000	76000000	1.08344
chr12	76000000	76250000	1.10869
chr12	76250000	76500000	1.06905
chr12	76500000	76750000	1.09319
chr12	76750000	77000000	0.758361
chr12	77000000	77250000	0.388548
chr12	77250000	77500000	-0.0530662
chr12	77500000	77750000	-0.0713577
chr12	77750000	78000000	-0.125547
chr12	78000000	78250000	-0.221826
chr12	78250000	78500000	-0.177701
chr12	78500000	78750000	-0.0889671
chr12	78750000	79000000	0.425176
chr12	79000000	79250000	0.853616
chr12	79250000	79500000	0.771419
chr12	79500000	79750000	0.540029
chr12	79750000	80000000	0.639999
chr12	80000000	80250000	0.762513
chr12	80250000	80500000	1.07692
chr12	80500000	80750000	1.14259
chr12	80750000	81000000	1.04517
chr12	81000000	81250000	0.466368
chr12	81250000	81500000	0.617972
chr12	81500000	81750000	0.855536
chr12	81750000	82000000	0.881973
chr12	82000000	82250000	0.770253
chr12	82250000	82500000	0.637785
chr12	82500000	82750000	0.261176
chr12	82750000	83000000	0.251426
chr12	83000000	83250000	0.369041
chr12	83250000	83500000	0.899024
chr12	83500000	83750000	1.02885
chr12	83750000	84000000	0.987303
chr12	84000000	84250000	1.05851
chr12	84250000	84500000	1.03568
chr12	84500000	84750000	0.984845
chr12	84750000	85000000	0.837005
chr12	85000000	85250000	0.924087
chr12	85250000	85500000	1.09051
chr12	85500000	85750000	0.865067
chr12	85750000	86000000	0.821259
chr12	86000000	86250000	0.88713
chr12	86250000	86500000	1.04477
chr12	86500000	86750000	0.917655
chr12	86750000	87000000	0.960324
chr12	87000000	87250000	0.787997
chr12	87250000	87500000	0.715181
chr12	87500000	87750000	nan
chr12	87750000	88000000	0.194484
chr12	88000000	88250000	0.081026
chr12	88250000	88500000	0.14281
chr12	88500000	88750000	-0.210845
chr12	88750000	89000000	-0.291544
chr12	89000000	89250000	-0.35408
chr12	89250000	89500000	-0.353386
chr12	89500000	89750000	-0.421649
chr12	89750000	90000000	-0.387741
chr12	90000000	90250000	-0.343614
chr12	90250000	90500000	-0.375728
chr12	90500000	90750000	-0.256922
chr12	90750000	91000000	-0.376694
chr12	91000000	91250000	-0.251448
chr12	91250000	91500000	-0.057732
chr12	91500000	91750000	0.471547
chr12	91750000	92000000	0.0660104
chr12	92000000	92250000	-0.216004
chr12	92250000	92500000	-0.391374
chr12	92500000	92750000	-0.469529
chr12	92750000	93000000	-0.5111
chr12	93000000	93250000	-0.371044
chr12	93250000	93500000	-0.415719
chr12	93500000	93750000	-0.409292
chr12	93750000	94000000	-0.433846
chr12	94000000	94250000	-0.48085
chr12	94250000	94500000	-0.493794
chr12	94500000	94750000	-0.465377
chr12	94750000	95000000	-0.464562
chr12	95000000	95250000	-0.522295
chr12	95250000	95500000	-0.507988
chr12	95500000	95750000	-0.408765
chr12	95750000	96000000	-0.503575
chr12	96000000	96250000	-0.38285
chr12	96250000	96500000	-0.500894
chr12	96500000	96750000	-0.481143
chr12	96750000	97000000	-0.393336
chr12	97000000	97250000	-0.516119
chr12	97250000	97500000	-0.584071
chr12	97500000	97750000	-0.587335
chr12	97750000	98000000	-0.452526
chr12	98000000	98250000	-0.301064
chr12	98250000	98500000	-0.246692
chr12	98500000	98750000	0.127337
chr12	98750000	99000000	0.287583
chr12	99000000	99250000	0.329853
chr12	99250000	99500000	0.736942
chr12	99500000	99750000	0.618418
chr12	99750000	100000000	0.592555
chr12	100000000	100250000	0.711869
chr12	100250000	100500000	0.754898
chr12	100500000	100750000	0.703164
chr12	100750000	101000000	0.664493
chr12	101000000	101250000	0.0970324
chr12	101250000	101500000	-0.222397
chr12	101500000	101750000	-0.188075
chr12	101750000	102000000	0.332743
chr12	102000000	102250000	0.2935
chr12	102250000	102500000	0.55389
chr12	102500000	102750000	0.885588
chr12	102750000	103000000	0.433276
chr12	103000000	103250000	0.190269
chr12	103250000	103500000	0.281196
chr12	103500000	103750000	-0.14964
chr12	103750000	104000000	-0.299987
chr12	104000000	104250000	-0.248271
chr12	104250000	104500000	-0.0254244
chr12	104500000	104750000	0.434366
chr12	104750000	105000000	0.775468
chr12	105000000	105250000	0.750992
chr12	105250000	105500000	0.724061
chr12	105500000	105750000	1.07577
chr12	105750000	106000000	0.727495
chr12	106000000	106250000	0.347941
chr12	106250000	106500000	-0.0649256
chr12	106500000	106750000	-0.0766661
chr12	106750000	107000000	-0.295681
chr12	107000000	107250000	-0.275154
chr12	107250000	107500000	-0.359777
chr12	107500000	107750000	-0.0955953
chr12	107750000	108000000	0.146037
chr12	108000000	108250000	0.716702
chr12	108250000	108500000	1.07169
chr12	108500000	108750000	0.840923
chr12	108750000	109000000	0.666679
chr12	109000000	109250000	0.283071
chr12	109250000	109500000	0.241315
chr12	109500000	109750000	0.310452
chr12	109750000	110000000	0.391829
chr12	110000000	110250000	0.552199
chr12	110250000	110500000	0.690771
chr12	110500000	110750000	0.930491
chr12	110750000	111000000	1.00153
chr12	111000000	111250000	1.1211
chr12	111250000	111500000	0.958037
chr12	111500000	111750000	0.873265
chr12	111750000	112000000	0.814666
chr12	112000000	112250000	0.689084
chr12	112250000	112500000	0.783575
chr12	112500000	112750000	0.792962
chr12	112750000	113000000	0.735224
chr12	113000000	113250000	0.562917
chr12	113250000	113500000	0.0536672
chr12	113500000	113750000	-0.372191
chr12	113750000	114000000	-0.539589
chr12	114000000	114250000	-0.472982
chr12	114250000	114500000	-0.423577
chr12	114500000	114750000	-0.513546
chr12	114750000	115000000	-0.339034
chr12	115000000	115250000	-0.292341
chr12	115250000	115500000	-0.53771
chr12	115500000	115750000	-0.556316
chr12	115750000	116000000	-0.509808
chr12	116000000	116250000	-0.0114663
chr12	116250000	116500000	0.513591
chr12	116500000	116750000	0.0895053
chr12	116750000	117000000	0.0350257
chr12	117000000	117250000	0.1342
chr12	117250000	117500000	0.16099
chr12	117500000	117750000	0.195495
chr12	117750000	118000000	0.189524
chr12	118000000	118250000	0.186993
chr12	118250000	118500000	0.124017
chr12	118500000	118750000	-0.114095
chr12	118750000	119000000	-0.108888
chr12	119000000	119250000	-0.477071
chr12	119250000	119500000	-0.345447
chr12	119500000	119750000	-0.564216
chr12	119750000	120000000	-0.407566
chr12	120000000	120129022	nan
#bedGraph section chr13:0-120421639
chr13	0	250000	nan
chr13	250000	500000	nan
chr13	500000	750000	nan
chr13	750000	1000000	nan
chr13	1000000	1250000	nan
chr13	1250000	1500000	nan
chr13	1500000	1750000	nan
chr13	1750000	2000000	nan
chr13	2000000	2250000	nan
chr13	2250000	2500000	nan
chr13	2500000	2750000	nan
chr13	2750000	3000000	nan
chr13	3000000	3250000	0.318823
chr13	3250000	3500000	0.578866
chr13	3500000	3750000	1.29306
chr13	3750000	4000000	0.603131
chr13	4000000	4250000	-0.0312361
chr13	4250000	4500000	0.103307
chr13	4500000	4750000	-0.108719
chr13	4750000	5000000	-0.289482
chr13	5000000	5250000	-0.146777
chr13	5250000	5500000	-0.228051
chr13	5500000	5750000	-0.223612
chr13	5750000	6000000	-0.0276091
chr13	6000000	6250000	-0.242418
chr13	6250000	6500000	-0.185133
chr13	6500000	6750000	0.382532
chr13	6750000	7000000	-0.362279
chr13	7000000	7250000	-0.072333
chr13	7250000	7500000	-0.364242
chr13	7500000	7750000	-0.405606
chr13	7750000	8000000	-0.356113
chr13	8000000	8250000	-0.322479
chr13	8250000	8500000	-0.36281
chr13	8500000	8750000	-0.20586
chr13	8750000	9000000	0.851164
chr13	9000000	9250000	1.12592
chr13	9250000	9500000	0.868549
chr13	9500000	9750000	0.435314
chr13	9750000	10000000	0.0907134
chr13	10000000	10250000	-0.070028
chr13	10250000	10500000	-0.140395
chr13	10500000	10750000	-0.268159
chr13	10750000	11000000	0.000304702
chr13	11000000	11250000	-0.165096
chr13	11250000	11500000	0.131793
chr13	11500000	11750000	0.288626
chr13	11750000	12000000	0.431176
chr13	12000000	12250000	0.848169
chr13	12250000	12500000	1.17154
chr13	12500000	12750000	0.722124
chr13	12750000	13000000	-0.20566
chr13	13000000	13250000	-0.196978
chr13	13250000	13500000	0.401444
chr13	13500000	13750000	0.456244
chr13	13750000	14000000	0.642501
chr13	14000000	14250000	0.645747
chr13	14250000	14500000	-0.29958
chr13	14500000	14750000	-0.259763
chr13	14750000	15000000	-0.203489
chr13	15000000	15250000	-0.390294
chr13	15250000	15500000	-0.205332
chr13	15500000	15750000	-0.343215
chr13	15750000	16000000	-0.100698
chr13	16000000	16250000	-0.281072
chr13	16250000	16500000	-0.181561
chr13	16500000	16750000	-0.449181
chr13	16750000	17000000	-0.221516
chr13	17000000	17250000	-0.242389
chr13	17250000	17500000	-0.187289
chr13	17500000	17750000	-0.00947648
chr13	17750000	18000000	0.424628
chr13	18000000	18250000	0.147713
chr13	18250000	18500000	-0.191123
chr13	18500000	18750000	0.158312
chr13	18750000	19000000	0.22187
chr13	19000000	19250000	-0.0929723
chr13	19250000	19500000	-0.00547269
chr13	19500000	19750000	-0.188802
chr13	19750000	20000000	-0.018779
chr13	20000000	20250000	0.0185153
chr13	20250000	20500000	0.198194
chr13	20500000	20750000	0.0975341
chr13	20750000	21000000	0.0409768
chr13	21000000	21250000	0.413094
chr13	21250000	21500000	0.597567
chr13	21500000	21750000	0.35313
chr13	21750000	22000000	0.869517
chr13	22000000	22250000	0.0812425
chr13	22250000	22500000	0.0400672
chr13	22500000	22750000	-0.106483
chr13	22750000	23000000	0.112927
chr13	23000000	23250000	-0.0275595
chr13	23250000	23500000	0.577279
chr13	23500000	23750000	0.838723
chr13	23750000	24000000	0.602728
chr13	24000000	24250000	0.662675
chr13	24250000	24500000	0.791397
chr13	24500000	24750000	0.921656
chr13	24750000	25000000	0.823483
chr13	25000000	25250000	0.188825
chr13	25250000	25500000	-0.14037
chr13	25500000	25750000	-0.605901
chr13	25750000	26000000	-0.362909
chr13	26000000	26250000	-0.43785
chr13	26250000	26500000	-0.387315
chr13	26500000	26750000	-0.359599
chr13	26750000	27000000	-0.352074
chr13	27000000	27250000	-0.361539
chr13	27250000	27500000	-0.389537
chr13	27500000	27750000	-0.337342
chr13	27750000	28000000	-0.26164
chr13	28000000	28250000	-0.431188
chr13	28250000	28500000	-0.266844
chr13	28500000	28750000	0.140351
chr13	28750000	29000000	0.240036
chr13	29000000	29250000	-0.0014992
chr13	29250000	29500000	0.159387
chr13	29500000	29750000	0.294037
chr13	29750000	30000000	0.298859
chr13	30000000	30250000	0.179321
chr13	30250000	30500000	0.0412734
chr13	30500000	30750000	0.284369
chr13	30750000	31000000	0.240554
chr13	31000000	31250000	-0.000656131
chr13	31250000	31500000	-0.00961581
chr13	31500000	31750000	-0.00758011
chr13	31750000	32000000	0.148164
chr13	32000000	32250000	0.104172
chr13	32250000	32500000	0.0768236
chr13	32500000	32750000	-0.118558
chr13	32750000	33000000	-0.0509078
chr13	33000000	33250000	-0.2237
chr13	33250000	33500000	nan
chr13	33500000	33750000	-0.492237
chr13	33750000	34000000	-0.00959676
chr13	34000000	34250000	0.280671
chr13	34250000	34500000	0.0806511
chr13	34500000	34750000	0.228539
chr13	34750000	35000000	0.238824
chr13	35000000	35250000	-0.010593
chr13	35250000	35500000	-0.0552462
chr13	35500000	35750000	0.0988506
chr13	35750000	36000000	0.461378
chr13	36000000	36250000	0.291202
chr13	36250000	36500000	0.100779
chr13	36500000	36750000	-0.0842936
chr13	36750000	37000000	-0.189599
chr13	37000000	37250000	-0.190328
chr13	37250000	37500000	0.079142
chr13	37500000	37750000	0.634208
chr13	37750000	38000000	0.803439
chr13	38000000	38250000	0.900853
chr13	38250000	38500000	0.631561
chr13	38500000	38750000	0.419606
chr13	38750000	39000000	0.0155206
chr13	39000000	39250000	-0.468896
chr13	39250000	39500000	-0.378554
chr13	39500000	39750000	-0.31821
chr13	39750000	40000000	-0.229543
chr13	40000000	40250000	-0.251789
chr13	40250000	40500000	-0.0229187
chr13	40500000	40750000	0.170771
chr13	40750000	41000000	0.693136
chr13	41000000	41250000	0.690231
chr13	41250000	41500000	0.443735
chr13	41500000	41750000	0.381247
chr13	41750000	42000000	0.331924
chr13	42000000	42250000	0.231208
chr13	42250000	42500000	-0.344748
chr13	42500000	42750000	-0.321971
chr13	42750000	43000000	0.0437843
chr13	43000000	43250000	0.497359
chr13	43250000	43500000	0.823795
chr13	43500000	43750000	0.653977
chr13	43750000	44000000	0.386753
chr13	44000000	44250000	0.291462
chr13	44250000	44500000	0.405013
chr13	44500000	44750000	0.770898
chr13	44750000	45000000	0.691789
chr13	45000000	45250000	0.537853
chr13	45250000	45500000	0.590166
chr13	45500000	45750000	0.560016
chr13	45750000	46000000	0.511014
chr13	46000000	46250000	0.348333
chr13	46250000	46500000	0.199839
chr13	46500000	46750000	0.541374
chr13	46750000	47000000	0.664359
chr13	47000000	47250000	0.499798
chr13	47250000	47500000	0.0524909
chr13	47500000	47750000	-0.162129
chr13	47750000	48000000	-0.185806
chr13	48000000	48250000	0.0101602
chr13	48250000	48500000	0.249922
chr13	48500000	48750000	0.64763
chr13	48750000	49000000	0.912314
chr13	49000000	49250000	0.891984
chr13	49250000	49500000	0.893667
chr13	49500000	49750000	0.64112
chr13	49750000	50000000	0.105161
chr13	50000000	50250000	-0.251718
chr13	50250000	50500000	-0.086644
chr13	50500000	50750000	nan
chr13	50750000	51000000	-0.0219293
chr13	51000000	51250000	0.560317
chr13	51250000	51500000	0.453412
chr13	51500000	51750000	0.802308
chr13	51750000	52000000	0.481974
chr13	52000000	52250000	0.164789
chr13	52250000	52500000	0.315539
chr13	52500000	52750000	0.273169
chr13	52750000	53000000	0.554352
chr13	53000000	53250000	0.75846
chr13	53250000	53500000	0.546306
chr13	53500000	53750000	0.162907
chr13	53750000	54000000	0.15933
chr13	54000000	54250000	0.365567
chr13	54250000	54500000	0.685367
chr13	54500000	54750000	0.847514
chr13	54750000	55000000	0.848991
chr13	55000000	55250000	0.981613
chr13	55250000	55500000	0.764745
chr13	55500000	55750000	0.875755
chr13	55750000	56000000	0.817359
chr13	56000000	56250000	0.91218
chr13	56250000	56500000	0.667189
chr13	56500000	56750000	0.501974
chr13	56750000	57000000	0.422739
chr13	57000000	57250000	0.358834
chr13	57250000	57500000	0.409391
chr13	57500000	57750000	0.561963
chr13	57750000	58000000	0.59071
chr13	58000000	58250000	0.893257
chr13	58250000	58500000	0.946832
chr13	58500000	58750000	0.816541
chr13	58750000	59000000	0.343401
chr13	59000000	59250000	0.191681
chr13	59250000	59500000	0.471174
chr13	59500000	59750000	0.828136
chr13	59750000	60000000	0.399246
chr13	60000000	60250000	0.0394567
chr13	60250000	60500000	0.0501929
chr13	60500000	60750000	0.375603
chr13	60750000	61000000	-0.0932181
chr13	61000000	61250000	-0.603735
chr13	61250000	61500000	-0.565034
chr13	61500000	61750000	-0.172842
chr13	61750000	62000000	0.560852
chr13	62000000	62250000	0.660485
chr13	62250000	62500000	0.801183
chr13	62500000	62750000	0.663415
chr13	62750000	63000000	0.748299
chr13	63000000	63250000	0.669718
chr13	63250000	63500000	0.710286
chr13	63500000	63750000	0.53476
chr13	63750000	64000000	0.447477
chr13	64000000	64250000	0.528381
chr13	64250000	64500000	0.3607
chr13	64500000	64750000	0.00895242
chr13	64750000	65000000	-0.158562
chr13	65000000	65250000	0.223373
chr13	65250000	65500000	0.262943
chr13	65500000	65750000	0.164105
chr13	65750000	66000000	nan
chr13	66000000	66250000	nan
chr13	66250000	66500000	0.33479
chr13	66500000	66750000	0.565449
chr13	66750000	67000000	0.725893
chr13	67000000	67250000	0.667957
chr13	67250000	67500000	0.747747
chr13	67500000	67750000	0.624886
chr13	67750000	68000000	0.609664
chr13	68000000	68250000	0.295892
chr13	68250000	68500000	0.18824
chr13	68500000	68750000	-0.310345
chr13	68750000	69000000	-0.683059
chr13	69000000	69250000	-0.563102
chr13	69250000	69500000	-0.14763
chr13	69500000	69750000	0.456736
chr13	69750000	70000000	0.147083
chr13	70000000	70250000	-0.0729505
chr13	70250000	70500000	-0.257477
chr13	70500000	70750000	-0.125339
chr13	70750000	71000000	-0.577748
chr13	71000000	71250000	-0.65504
chr13	71250000	71500000	-0.659878
chr13	71500000	71750000	-0.682187
chr13	71750000	72000000	-0.630433
chr13	72000000	72250000	-0.625827
chr13	72250000	72500000	-0.458051
chr13	72500000	72750000	-0.275999
chr13	72750000	73000000	-0.262966
chr13	73000000	73250000	-0.113654
chr13	73250000	73500000	0.579182
chr13	73500000	73750000	0.836421
chr13	73750000	74000000	0.930504
chr13	74000000	74250000	0.691005
chr13	74250000	74500000	0.598526
chr13	74500000	74750000	0.0706027
chr13	74750000	75000000	-0.482426
chr13	75000000	75250000	-0.763184
chr13	75250000	75500000	-0.649775
chr13	75500000	75750000	-0.197933
chr13	75750000	76000000	-0.0505948
chr13	76000000	76250000	-0.117831
chr13	76250000	76500000	-0.416759
chr13	76500000	76750000	-0.608781
chr13	76750000	77000000	-0.554568
chr13	77000000	77250000	-0.256504
chr13	77250000	77500000	-0.469353
chr13	77500000	77750000	-0.124454
chr13	77750000	78000000	-0.162245
chr13	78000000	78250000	-0.433647
chr13	78250000	78500000	-0.612156
chr13	78500000	78750000	-0.549909
chr13	78750000	79000000	-0.780992
chr13	79000000	79250000	-0.867006
chr13	79250000	79500000	-0.687518
chr13	79500000	79750000	-0.645449
chr13	79750000	80000000	-0.729615
chr13	80000000	80250000	-0.659699
chr13	80250000	80500000	-0.657874
chr13	80500000	80750000	-0.676044
chr13	80750000	81000000	-0.396746
chr13	81000000	81250000	-0.278341
chr13	81250000	81500000	-0.426746
chr13	81500000	81750000	-0.0833553
chr13	81750000	82000000	-0.220936
chr13	82000000	82250000	-0.652773
chr13	82250000	82500000	-0.688306
chr13	82500000	82750000	-0.746737
chr13	82750000	83000000	-0.663999
chr13	83000000	83250000	-0.711429
chr13	83250000	83500000	-0.782969
chr13	83500000	83750000	-0.781775
chr13	83750000	84000000	-0.739699
chr13	84000000	84250000	-0.484951
chr13	84250000	84500000	-0.403564
chr13	84500000	84750000	-0.602924
chr13	84750000	85000000	-0.689791
chr13	85000000	85250000	-0.345424
chr13	85250000	85500000	-0.488253
chr13	85500000	85750000	-0.574803
chr13	85750000	86000000	-0.63422
chr13	86000000	86250000	-0.532716
chr13	86250000	86500000	-0.594994
chr13	86500000	86750000	-0.611947
chr13	86750000	87000000	-0.602324
chr13	87000000	87250000	-0.628487
chr13	87250000	87500000	-0.678286
chr13	87500000	87750000	-0.584812
chr13	87750000	88000000	-0.653755
chr13	88000000	88250000	-0.681519
chr13	88250000	88500000	-0.691696
chr13	88500000	88750000	-0.669396
chr13	88750000	89000000	-0.711403
chr13	89000000	89250000	-0.612292
chr13	89250000	89500000	-0.699099
chr13	89500000	89750000	-0.561957
chr13	89750000	90000000	-0.510853
chr13	90000000	90250000	-0.31278
chr13	90250000	90500000	-0.643985
chr13	90500000	90750000	-0.691576
chr13	90750000	91000000	-0.157305
chr13	91000000	91250000	-0.107037
chr13	91250000	91500000	-0.111719
chr13	91500000	91750000	-0.0172359
chr13	91750000	92000000	-0.208491
chr13	92000000	92250000	-0.120419
chr13	92250000	92500000	0.509612
chr13	92500000	92750000	0.504335
chr13	92750000	93000000	0.428855
chr13	93000000	93250000	0.831237
chr13	93250000	93500000	0.871428
chr13	93500000	93750000	1.11997
chr13	93750000	94000000	1.0658
chr13	94000000	94250000	1.03278
chr13	94250000	94500000	0.903805
chr13	94500000	94750000	0.582208
chr13	94750000	95000000	0.609518
chr13	95000000	95250000	0.594239
chr13	95250000	95500000	0.627215
chr13	95500000	95750000	0.487971
chr13	95750000	96000000	0.398328
chr13	96000000	96250000	-0.0787152
chr13	96250000	96500000	0.275071
chr13	96500000	96750000	0.343464
chr13	96750000	97000000	0.370992
chr13	97000000	97250000	0.771587
chr13	97250000	97500000	0.141067
chr13	97500000	97750000	-0.106323
chr13	97750000	98000000	-0.0522197
chr13	98000000	98250000	0.130147
chr13	98250000	98500000	0.6895
chr13	98500000	98750000	0.731813
chr13	98750000	99000000	1.16249
chr13	99000000	99250000	0.757813
chr13	99250000	99500000	0.830819
chr13	99500000	99750000	0.780511
chr13	99750000	100000000	0.646293
chr13	100000000	100250000	0.771951
chr13	100250000	100500000	0.640585
chr13	100500000	100750000	1.03515
chr13	100750000	101000000	0.318126
chr13	101000000	101250000	-0.155234
chr13	101250000	101500000	-0.495905
chr13	101500000	101750000	-0.41719
chr13	101750000	102000000	-0.616569
chr13	102000000	102250000	-0.748771
chr13	102250000	102500000	-0.671513
chr13	102500000	102750000	-0.323496
chr13	102750000	103000000	-0.0518727
chr13	103000000	103250000	-0.0299656
chr13	103250000	103500000	-0.0444211
chr13	103500000	103750000	0.211532
chr13	103750000	104000000	0.486377
chr13	104000000	104250000	0.431472
chr13	104250000	104500000	-0.209944
chr13	104500000	104750000	0.0391433
chr13	104750000	105000000	0.0176282
chr13	105000000	105250000	-0.543208
chr13	105250000	105500000	-0.737419
chr13	105500000	105750000	-0.888252
chr13	105750000	106000000	-0.891659
chr13	106000000	106250000	-0.889722
chr13	106250000	106500000	-0.885131
chr13	106500000	106750000	-0.718257
chr13	106750000	107000000	0.392099
chr13	107000000	107250000	0.275719
chr13	107250000	107500000	-0.416362
chr13	107500000	107750000	-0.210353
chr13	107750000	108000000	0.433809
chr13	108000000	108250000	0.313843
chr13	108250000	108500000	-0.215698
chr13	108500000	108750000	-0.732564
chr13	108750000	109000000	-0.66209
chr13	109000000	109250000	-0.604852
chr13	109250000	109500000	-0.691178
chr13	109500000	109750000	-0.42584
chr13	109750000	110000000	-0.402937
chr13	110000000	110250000	-0.394044
chr13	110250000	110500000	-0.405853
chr13	110500000	110750000	-0.657088
chr13	110750000	111000000	-0.673129
chr13	111000000	111250000	-0.706509
chr13	111250000	111500000	0.295269
chr13	111500000	111750000	1.3038
chr13	111750000	112000000	0.745892
chr13	112000000	112250000	0.324086
chr13	112250000	112500000	0.36983
chr13	112500000	112750000	0.612463
chr13	112750000	113000000	0.997197
chr13	113000000	113250000	0.357353
chr13	113250000	113500000	0.414622
chr13	113500000	113750000	0.688232
chr13	113750000	114000000	0.810317
chr13	114000000	114250000	0.447402
chr13	114250000	114500000	-0.0906625
chr13	114500000	114750000	-0.829636
chr13	114750000	115000000	-0.63059
chr13	115000000	115250000	-0.358312
chr13	115250000	115500000	-0.78215
chr13	115500000	115750000	-0.831697
chr13	115750000	116000000	-0.796337
chr13	116000000	116250000	-0.673169
chr13	116250000	116500000	-0.725866
chr13	116500000	116750000	-0.590662
chr13	116750000	117000000	0.388243
chr13	117000000	117250000	0.360737
chr13	117250000	117500000	-0.695108
chr13	117500000	117750000	-1.03812
chr13	117750000	118000000	-0.756583
chr13	118000000	118250000	-0.674505
chr13	118250000	118500000	-0.506798
chr13	118500000	118750000	-0.484977
chr13	118750000	119000000	-0.478438
chr13	119000000	119250000	-0.58926
chr13	119250000	119500000	0.213646
chr13	119500000	119750000	1.88543
chr13	119750000	120000000	nan
chr13	120000000	120250000	nan
chr13	120250000	120421639	nan
#bedGraph section chr14:0-124902244
chr14	0	250000	nan
chr14	250000	500000	nan
chr14	500000	750000	nan
chr14	750000	1000000	nan
chr14	1000000	1250000	nan
chr14	1250000	1500000	nan
chr14	1500000	1750000	nan
chr14	1750000	2000000	nan
chr14	2000000	2250000	nan
chr14	2250000	2500000	nan
chr14	2500000	2750000	nan
chr14	2750000	3000000	nan
chr14	3000000	3250000	nan
chr14	3250000	3500000	nan
chr14	3500000	3750000	nan
chr14	3750000	4000000	nan
chr14	4000000	4250000	nan
chr14	4250000	4500000	nan
chr14	4500000	4750000	nan
chr14	4750000	5000000	nan
chr14	5000000	5250000	nan
chr14	5250000	5500000	nan
chr14	5500000	5750000	nan
chr14	5750000	6000000	nan
chr14	6000000	6250000	nan
chr14	6250000	6500000	nan
chr14	6500000	6750000	nan
chr14	6750000	7000000	nan
chr14	7000000	7250000	nan
chr14	7250000	7500000	nan
chr14	7500000	7750000	nan
chr14	7750000	8000000	1.16728
chr14	8000000	8250000	1.41015
chr14	8250000	8500000	0.527455
chr14	8500000	8750000	0.137787
chr14	8750000	9000000	-0.113557
chr14	9000000	9250000	-0.24241
chr14	9250000	9500000	-0.329124
chr14	9500000	9750000	-0.121598
chr14	9750000	10000000	-0.119598
chr14	10000000	10250000	-0.141016
chr14	10250000	10500000	-0.293235
chr14	10500000	10750000	-0.207788
chr14	10750000	11000000	-0.0964561
chr14	11000000	11250000	-0.124028
chr14	11250000	11500000	0.00367143
chr14	11500000	11750000	0.475844
chr14	11750000	12000000	0.453341
chr14	12000000	12250000	0.357698
chr14	12250000	12500000	0.103196
chr14	12500000	12750000	-0.180442
chr14	12750000	13000000	-0.0902372
chr14	13000000	13250000	-0.260896
chr14	13250000	13500000	-0.129163
chr14	13500000	13750000	-0.145493
chr14	13750000	14000000	0.189332
chr14	14000000	14250000	0.125936
chr14	14250000	14500000	-0.243645
chr14	14500000	14750000	0.209173
chr14	14750000	15000000	-0.111664
chr14	15000000	15250000	-0.132485
chr14	15250000	15500000	-0.274028
chr14	15500000	15750000	-0.418394
chr14	15750000	16000000	-0.267785
chr14	16000000	16250000	-0.165941
chr14	16250000	16500000	-0.175435
chr14	16500000	16750000	-0.079827
chr14	16750000	17000000	-0.326983
chr14	17000000	17250000	-0.373671
chr14	17250000	17500000	-0.417068
chr14	17500000	17750000	-0.418035
chr14	17750000	18000000	-0.20939
chr14	18000000	18250000	-0.140845
chr14	18250000	18500000	0.207639
chr14	18500000	18750000	0.00097229
chr14	18750000	19000000	-0.209172
chr14	19000000	19250000	-0.263892
chr14	19250000	19500000	-0.359655
chr14	19500000	19750000	0.396479
chr14	19750000	20000000	0.434513
chr14	20000000	20250000	0.701815
chr14	20250000	20500000	0.723089
chr14	20500000	20750000	0.788889
chr14	20750000	21000000	0.657358
chr14	21000000	21250000	0.603851
chr14	21250000	21500000	0.742818
chr14	21500000	21750000	0.729798
chr14	21750000	22000000	0.413006
chr14	22000000	22250000	-0.0198972
chr14	22250000	22500000	-0.220937
chr14	22500000	22750000	-0.0356553
chr14	22750000	23000000	-0.106487
chr14	23000000	23250000	-0.0732374
chr14	23250000	23500000	0.0521074
chr14	23500000	23750000	0.303438
chr14	23750000	24000000	0.275268
chr14	24000000	24250000	0.545626
chr14	24250000	24500000	0.56103
chr14	24500000	24750000	0.474167
chr14	24750000	25000000	0.320647
chr14	25000000	25250000	0.33816
chr14	25250000	25500000	0.300559
chr14	25500000	25750000	0.698826
chr14	25750000	26000000	0.655644
chr14	26000000	26250000	nan
chr14	26250000	26500000	0.821728
chr14	26500000	26750000	0.850458
chr14	26750000	27000000	0.827809
chr14	27000000	27250000	0.659829
chr14	27250000	27500000	0.761449
chr14	27500000	27750000	0.421557
chr14	27750000	28000000	0.018653
chr14	28000000	28250000	0.114648
chr14	28250000	28500000	-0.0341612
chr14	28500000	28750000	-0.00389329
chr14	28750000	29000000	0.00238457
chr14	29000000	29250000	0.000735044
chr14	29250000	29500000	0.0548394
chr14	29500000	29750000	0.193502
chr14	29750000	30000000	0.360011
chr14	30000000	30250000	0.627522
chr14	30250000	30500000	0.73963
chr14	30500000	30750000	0.737674
chr14	30750000	31000000	0.776672
chr14	31000000	31250000	1.01095
chr14	31250000	31500000	0.781411
chr14	31500000	31750000	0.803338
chr14	31750000	32000000	0.671535
chr14	32000000	32250000	0.675332
chr14	32250000	32500000	0.552995
chr14	32500000	32750000	0.59819
chr14	32750000	33000000	0.358786
chr14	33000000	33250000	0.452089
chr14	33250000	33500000	0.37727
chr14	33500000	33750000	0.176447
chr14	33750000	34000000	0.208093
chr14	34000000	34250000	0.445066
chr14	34250000	34500000	0.847327
chr14	34500000	34750000	0.912116
chr14	34750000	35000000	0.343995
chr14	35000000	35250000	0.270428
chr14	35250000	35500000	-0.144681
chr14	35500000	35750000	-0.170109
chr14	35750000	36000000	-0.401736
chr14	36000000	36250000	-0.329687
chr14	36250000	36500000	-0.246647
chr14	36500000	36750000	-0.102574
chr14	36750000	37000000	0.0643794
chr14	37000000	37250000	0.151946
chr14	37250000	37500000	-0.357289
chr14	37500000	37750000	-0.169928
chr14	37750000	38000000	-0.0374416
chr14	38000000	38250000	-0.177748
chr14	38250000	38500000	-0.224317
chr14	38500000	38750000	-0.200187
chr14	38750000	39000000	-0.00263219
chr14	39000000	39250000	-0.280861
chr14	39250000	39500000	-0.271503
chr14	39500000	39750000	-0.217741
chr14	39750000	40000000	-0.298373
chr14	40000000	40250000	-0.159568
chr14	40250000	40500000	-0.276979
chr14	40500000	40750000	-0.101659
chr14	40750000	41000000	0.521924
chr14	41000000	41250000	0.371748
chr14	41250000	41500000	nan
chr14	41500000	41750000	nan
chr14	41750000	42000000	nan
chr14	42000000	42250000	nan
chr14	42250000	42500000	nan
chr14	42500000	42750000	nan
chr14	42750000	43000000	nan
chr14	43000000	43250000	-0.228016
chr14	43250000	43500000	-0.222273
chr14	43500000	43750000	-0.00518168
chr14	43750000	44000000	nan
chr14	44000000	44250000	nan
chr14	44250000	44500000	nan
chr14	44500000	44750000	nan
chr14	44750000	45000000	-0.159454
chr14	45000000	45250000	0.0790849
chr14	45250000	45500000	0.609296
chr14	45500000	45750000	0.572446
chr14	45750000	46000000	0.29319
chr14	46000000	46250000	0.107811
chr14	46250000	46500000	0.176587
chr14	46500000	46750000	0.319475
chr14	46750000	47000000	0.50438
chr14	47000000	47250000	0.85986
chr14	47250000	47500000	0.895154
chr14	47500000	47750000	0.637824
chr14	47750000	48000000	0.41799
chr14	48000000	48250000	0.380906
chr14	48250000	48500000	0.199053
chr14	48500000	48750000	0.386373
chr14	48750000	49000000	0.0995556
chr14	49000000	49250000	0.275809
chr14	49250000	49500000	0.017457
chr14	49500000	49750000	-0.154703
chr14	49750000	50000000	-0.179011
chr14	50000000	50250000	-0.352629
chr14	50250000	50500000	-0.396809
chr14	50500000	50750000	-0.147313
chr14	50750000	51000000	0.642643
chr14	51000000	51250000	0.420739
chr14	51250000	51500000	-0.0553214
chr14	51500000	51750000	-0.00854095
chr14	51750000	52000000	0.620539
chr14	52000000	52250000	0.830119
chr14	52250000	52500000	0.363144
chr14	52500000	52750000	-0.0303137
chr14	52750000	53000000	nan
chr14	53000000	53250000	nan
chr14	53250000	53500000	nan
chr14	53500000	53750000	-0.00687731
chr14	53750000	54000000	0.0539689
chr14	54000000	54250000	0.197877
chr14	54250000	54500000	0.778488
chr14	54500000	54750000	1.05419
chr14	54750000	55000000	1.06549
chr14	55000000	55250000	0.734547
chr14	55250000	55500000	0.563726
chr14	55500000	55750000	0.884177
chr14	55750000	56000000	0.582116
chr14	56000000	56250000	0.19701
chr14	56250000	56500000	0.425987
chr14	56500000	56750000	0.786295
chr14	56750000	57000000	0.849379
chr14	57000000	57250000	0.853579
chr14	57250000	57500000	0.860084
chr14	57500000	57750000	1.03297
chr14	57750000	58000000	0.989437
chr14	58000000	58250000	0.196745
chr14	58250000	58500000	-0.140446
chr14	58500000	58750000	-0.138876
chr14	58750000	59000000	-0.397755
chr14	59000000	59250000	-0.131908
chr14	59250000	59500000	0.561126
chr14	59500000	59750000	0.58042
chr14	59750000	60000000	0.17574
chr14	60000000	60250000	0.159143
chr14	60250000	60500000	0.446485
chr14	60500000	60750000	0.687289
chr14	60750000	61000000	0.659581
chr14	61000000	61250000	0.585033
chr14	61250000	61500000	0.915113
chr14	61500000	61750000	0.794929
chr14	61750000	62000000	0.20182
chr14	62000000	62250000	0.231867
chr14	62250000	62500000	0.512424
chr14	62500000	62750000	0.521146
chr14	62750000	63000000	0.83056
chr14	63000000	63250000	0.991319
chr14	63250000	63500000	0.909936
chr14	63500000	63750000	0.636578
chr14	63750000	64000000	0.572952
chr14	64000000	64250000	0.546982
chr14	64250000	64500000	0.719218
chr14	64500000	64750000	0.799143
chr14	64750000	65000000	0.948189
chr14	65000000	65250000	0.966137
chr14	65250000	65500000	0.966804
chr14	65500000	65750000	1.00281
chr14	65750000	66000000	0.945876
chr14	66000000	66250000	0.825352
chr14	66250000	66500000	0.354971
chr14	66500000	66750000	0.166695
chr14	66750000	67000000	0.723523
chr14	67000000	67250000	0.864476
chr14	67250000	67500000	0.330643
chr14	67500000	67750000	0.590702
chr14	67750000	68000000	0.588371
chr14	68000000	68250000	-0.0637301
chr14	68250000	68500000	-0.411637
chr14	68500000	68750000	-0.395703
chr14	68750000	69000000	-0.625415
chr14	69000000	69250000	-0.229177
chr14	69250000	69500000	nan
chr14	69500000	69750000	nan
chr14	69750000	70000000	0.766177
chr14	70000000	70250000	1.01895
chr14	70250000	70500000	1.13006
chr14	70500000	70750000	0.92232
chr14	70750000	71000000	0.131806
chr14	71000000	71250000	-0.373319
chr14	71250000	71500000	-0.559466
chr14	71500000	71750000	-0.62145
chr14	71750000	72000000	-0.633726
chr14	72000000	72250000	-0.303257
chr14	72250000	72500000	-0.251718
chr14	72500000	72750000	-0.180801
chr14	72750000	73000000	-0.252397
chr14	73000000	73250000	0.311173
chr14	73250000	73500000	0.429917
chr14	73500000	73750000	0.330078
chr14	73750000	74000000	-0.199439
chr14	74000000	74250000	-0.255973
chr14	74250000	74500000	-0.377945
chr14	74500000	74750000	-0.139025
chr14	74750000	75000000	0.47729
chr14	75000000	75250000	0.614991
chr14	75250000	75500000	0.852769
chr14	75500000	75750000	0.916474
chr14	75750000	76000000	1.01512
chr14	76000000	76250000	1.09579
chr14	76250000	76500000	0.871898
chr14	76500000	76750000	0.461959
chr14	76750000	77000000	0.241611
chr14	77000000	77250000	0.0134047
chr14	77250000	77500000	-0.118613
chr14	77500000	77750000	0.37456
chr14	77750000	78000000	0.45929
chr14	78000000	78250000	-0.126375
chr14	78250000	78500000	0.0658365
chr14	78500000	78750000	0.405437
chr14	78750000	79000000	0.655165
chr14	79000000	79250000	0.631196
chr14	79250000	79500000	1.00025
chr14	79500000	79750000	0.692967
chr14	79750000	80000000	0.0814018
chr14	80000000	80250000	-0.235026
chr14	80250000	80500000	-0.565286
chr14	80500000	80750000	-0.473903
chr14	80750000	81000000	-0.601924
chr14	81000000	81250000	-0.680778
chr14	81250000	81500000	-0.770257
chr14	81500000	81750000	-0.634273
chr14	81750000	82000000	-0.62948
chr14	82000000	82250000	-0.619879
chr14	82250000	82500000	-0.511512
chr14	82500000	82750000	-0.524605
chr14	82750000	83000000	-0.523879
chr14	83000000	83250000	-0.558983
chr14	83250000	83500000	-0.635104
chr14	83500000	83750000	-0.676533
chr14	83750000	84000000	-0.645575
chr14	84000000	84250000	-0.640353
chr14	84250000	84500000	-0.601436
chr14	84500000	84750000	-0.710399
chr14	84750000	85000000	-0.651134
chr14	85000000	85250000	-0.581348
chr14	85250000	85500000	-0.588209
chr14	85500000	85750000	-0.595059
chr14	85750000	86000000	-0.66679
chr14	86000000	86250000	-0.565924
chr14	86250000	86500000	-0.479714
chr14	86500000	86750000	-0.0994673
chr14	86750000	87000000	0.464251
chr14	87000000	87250000	0.544143
chr14	87250000	87500000	0.211428
chr14	87500000	87750000	-0.295259
chr14	87750000	88000000	-0.490008
chr14	88000000	88250000	-0.529417
chr14	88250000	88500000	-0.626111
chr14	88500000	88750000	-0.596767
chr14	88750000	89000000	-0.581492
chr14	89000000	89250000	-0.527702
chr14	89250000	89500000	-0.442907
chr14	89500000	89750000	-0.485956
chr14	89750000	90000000	-0.473983
chr14	90000000	90250000	-0.403794
chr14	90250000	90500000	-0.487179
chr14	90500000	90750000	-0.486786
chr14	90750000	91000000	-0.527469
chr14	91000000	91250000	-0.571979
chr14	91250000	91500000	-0.56606
chr14	91500000	91750000	-0.499743
chr14	91750000	92000000	-0.544237
chr14	92000000	92250000	-0.508009
chr14	92250000	92500000	-0.537651
chr14	92500000	92750000	-0.493289
chr14	92750000	93000000	-0.561443
chr14	93000000	93250000	-0.635243
chr14	93250000	93500000	-0.630076
chr14	93500000	93750000	-0.564412
chr14	93750000	94000000	-0.557144
chr14	94000000	94250000	-0.556825
chr14	94250000	94500000	-0.615806
chr14	94500000	94750000	-0.600205
chr14	94750000	95000000	-0.480608
chr14	95000000	95250000	-0.498179
chr14	95250000	95500000	-0.559945
chr14	95500000	95750000	-0.557484
chr14	95750000	96000000	-0.465363
chr14	96000000	96250000	-0.369878
chr14	96250000	96500000	-0.421169
chr14	96500000	96750000	-0.56205
chr14	96750000	97000000	-0.474812
chr14	97000000	97250000	-0.341872
chr14	97250000	97500000	-0.243585
chr14	97500000	97750000	-0.45791
chr14	97750000	98000000	-0.542996
chr14	98000000	98250000	-0.611903
chr14	98250000	98500000	-0.404173
chr14	98500000	98750000	-0.34296
chr14	98750000	99000000	-0.105249
chr14	99000000	99250000	0.837169
chr14	99250000	99500000	0.822046
chr14	99500000	99750000	0.00167445
chr14	99750000	100000000	-0.212446
chr14	100000000	100250000	-0.444338
chr14	100250000	100500000	-0.576674
chr14	100500000	100750000	-0.463648
chr14	100750000	101000000	-0.387374
chr14	101000000	101250000	-0.257367
chr14	101250000	101500000	-0.185863
chr14	101500000	101750000	0.59118
chr14	101750000	102000000	0.742081
chr14	102000000	102250000	-0.0501703
chr14	102250000	102500000	-0.202464
chr14	102500000	102750000	-0.457092
chr14	102750000	103000000	-0.340055
chr14	103000000	103250000	0.367833
chr14	103250000	103500000	0.458697
chr14	103500000	103750000	0.0882886
chr14	103750000	104000000	0.0102825
chr14	104000000	104250000	-0.345126
chr14	104250000	104500000	-0.381469
chr14	104500000	104750000	-0.365427
chr14	104750000	105000000	-0.228543
chr14	105000000	105250000	0.428023
chr14	105250000	105500000	0.346764
chr14	105500000	105750000	-0.201437
chr14	105750000	106000000	0.316679
chr14	106000000	106250000	-0.083429
chr14	106250000	106500000	-0.289853
chr14	106500000	106750000	-0.412425
chr14	106750000	107000000	-0.528022
chr14	107000000	107250000	-0.454482
chr14	107250000	107500000	-0.416547
chr14	107500000	107750000	-0.514629
chr14	107750000	108000000	-0.461237
chr14	108000000	108250000	-0.536428
chr14	108250000	108500000	-0.521253
chr14	108500000	108750000	-0.52463
chr14	108750000	109000000	-0.419097
chr14	109000000	109250000	-0.377962
chr14	109250000	109500000	-0.52688
chr14	109500000	109750000	-0.468957
chr14	109750000	110000000	-0.411915
chr14	110000000	110250000	-0.40919
chr14	110250000	110500000	-0.367602
chr14	110500000	110750000	-0.515989
chr14	110750000	111000000	-0.507695
chr14	111000000	111250000	-0.605589
chr14	111250000	111500000	-0.596646
chr14	111500000	111750000	-0.598184
chr14	111750000	112000000	-0.454695
chr14	112000000	112250000	-0.390324
chr14	112250000	112500000	-0.35469
chr14	112500000	112750000	-0.486262
chr14	112750000	113000000	-0.394703
chr14	113000000	113250000	-0.490748
chr14	113250000	113500000	-0.413968
chr14	113500000	113750000	-0.37107
chr14	113750000	114000000	-0.258583
chr14	114000000	114250000	-0.297316
chr14	114250000	114500000	-0.438121
chr14	114500000	114750000	-0.456643
chr14	114750000	115000000	-0.377205
chr14	115000000	115250000	0.0448028
chr14	115250000	115500000	-0.00398177
chr14	115500000	115750000	-0.26359
chr14	115750000	116000000	-0.407501
chr14	116000000	116250000	-0.484223
chr14	116250000	116500000	-0.620246
chr14	116500000	116750000	-0.713593
chr14	116750000	117000000	-0.71459
chr14	117000000	117250000	-0.743448
chr14	117250000	117500000	-0.65212
chr14	117500000	117750000	-0.722259
chr14	117750000	118000000	-0.341938
chr14	118000000	118250000	0.402561
chr14	118250000	118500000	0.679428
chr14	118500000	118750000	1.12729
chr14	118750000	119000000	1.43109
chr14	119000000	119250000	0.205695
chr14	119250000	119500000	-0.243007
chr14	119500000	119750000	-0.323798
chr14	119750000	120000000	-0.271133
chr14	120000000	120250000	-0.0957539
chr14	120250000	120500000	0.348658
chr14	120500000	120750000	0.435922
chr14	120750000	121000000	1.65718
chr14	121000000	121250000	2.01417
chr14	121250000	121500000	2.26486
chr14	121500000	121750000	1.831
chr14	121750000	122000000	2.05333
chr14	122000000	122250000	1.84342
chr14	122250000	122500000	1.49985
chr14	122500000	122750000	0.709963
chr14	122750000	123000000	0.461402
chr14	123000000	123250000	0.187214
chr14	123250000	123500000	-0.0310447
chr14	123500000	123750000	-0.181021
chr14	123750000	124000000	-0.63792
chr14	124000000	124250000	-0.500719
chr14	124250000	124500000	-0.725022
chr14	124500000	124750000	-0.379599
chr14	124750000	124902244	nan
#bedGraph section chr15:0-104043685
chr15	0	250000	nan
chr15	250000	500000	nan
chr15	500000	750000	nan
chr15	750000	1000000	nan
chr15	1000000	1250000	nan
chr15	1250000	1500000	nan
chr15	1500000	1750000	nan
chr15	1750000	2000000	nan
chr15	2000000	2250000	nan
chr15	2250000	2500000	nan
chr15	2500000	2750000	nan
chr15	2750000	3000000	nan
chr15	3000000	3250000	-0.19975
chr15	3250000	3500000	-0.262243
chr15	3500000	3750000	-0.432517
chr15	3750000	4000000	-0.413646
chr15	4000000	4250000	-0.205152
chr15	4250000	4500000	-0.426933
chr15	4500000	4750000	-0.308685
chr15	4750000	5000000	-0.164535
chr15	5000000	5250000	0.477121
chr15	5250000	5500000	-0.0938705
chr15	5500000	5750000	-0.321415
chr15	5750000	6000000	-0.420498
chr15	6000000	6250000	-0.355004
chr15	6250000	6500000	0.113479
chr15	6500000	6750000	0.430381
chr15	6750000	7000000	0.288884
chr15	7000000	7250000	0.142056
chr15	7250000	7500000	-0.114558
chr15	7500000	7750000	-0.159788
chr15	7750000	8000000	0.502455
chr15	8000000	8250000	1.32374
chr15	8250000	8500000	1.09298
chr15	8500000	8750000	0.70738
chr15	8750000	9000000	0.20947
chr15	9000000	9250000	0.349155
chr15	9250000	9500000	-0.352213
chr15	9500000	9750000	-0.451338
chr15	9750000	10000000	-0.446128
chr15	10000000	10250000	-0.463383
chr15	10250000	10500000	0.163872
chr15	10500000	10750000	0.389319
chr15	10750000	11000000	-0.0847236
chr15	11000000	11250000	-0.24425
chr15	11250000	11500000	0.00209339
chr15	11500000	11750000	0.0159444
chr15	11750000	12000000	0.263149
chr15	12000000	12250000	0.942889
chr15	12250000	12500000	0.863978
chr15	12500000	12750000	0.643964
chr15	12750000	13000000	0.334631
chr15	13000000	13250000	-0.440129
chr15	13250000	13500000	-0.584037
chr15	13500000	13750000	-0.731543
chr15	13750000	14000000	-0.655543
chr15	14000000	14250000	-0.373962
chr15	14250000	14500000	-0.506514
chr15	14500000	14750000	-0.616386
chr15	14750000	15000000	-0.639266
chr15	15000000	15250000	-0.599006
chr15	15250000	15500000	-0.670832
chr15	15500000	15750000	-0.621018
chr15	15750000	16000000	-0.691921
chr15	16000000	16250000	-0.656087
chr15	16250000	16500000	-0.595445
chr15	16500000	16750000	-0.70856
chr15	16750000	17000000	-0.640481
chr15	17000000	17250000	-0.635731
chr15	17250000	17500000	-0.805848
chr15	17500000	17750000	-0.752096
chr15	17750000	18000000	-0.639623
chr15	18000000	18250000	-0.612034
chr15	18250000	18500000	-0.491793
chr15	18500000	18750000	-0.634626
chr15	18750000	19000000	-0.726076
chr15	19000000	19250000	-0.601955
chr15	19250000	19500000	-0.485581
chr15	19500000	19750000	-0.507321
chr15	19750000	20000000	-0.513279
chr15	20000000	20250000	-0.541812
chr15	20250000	20500000	-0.615981
chr15	20500000	20750000	-0.506832
chr15	20750000	21000000	-0.489293
chr15	21000000	21250000	-0.339497
chr15	21250000	21500000	-0.348944
chr15	21500000	21750000	-0.604683
chr15	21750000	22000000	-0.619432
chr15	22000000	22250000	-0.457147
chr15	22250000	22500000	-0.47401
chr15	22500000	22750000	-0.350474
chr15	22750000	23000000	-0.468686
chr15	23000000	23250000	-0.551576
chr15	23250000	23500000	-0.447648
chr15	23500000	23750000	-0.497511
chr15	23750000	24000000	-0.522765
chr15	24000000	24250000	-0.541097
chr15	24250000	24500000	-0.484356
chr15	24500000	24750000	-0.576846
chr15	24750000	25000000	-0.587695
chr15	25000000	25250000	-0.348223
chr15	25250000	25500000	0.0227172
chr15	25500000	25750000	0.449336
chr15	25750000	26000000	0.509752
chr15	26000000	26250000	-0.124239
chr15	26250000	26500000	-0.343603
chr15	26500000	26750000	-0.361535
chr15	26750000	27000000	-0.328387
chr15	27000000	27250000	-0.302538
chr15	27250000	27500000	0.151379
chr15	27500000	27750000	0.663787
chr15	27750000	28000000	0.410458
chr15	28000000	28250000	0.139388
chr15	28250000	28500000	-0.353339
chr15	28500000	28750000	-0.513846
chr15	28750000	29000000	-0.484372
chr15	29000000	29250000	-0.505674
chr15	29250000	29500000	-0.648534
chr15	29500000	29750000	-0.678643
chr15	29750000	30000000	-0.619982
chr15	30000000	30250000	-0.623712
chr15	30250000	30500000	-0.621192
chr15	30500000	30750000	-0.583823
chr15	30750000	31000000	-0.473083
chr15	31000000	31250000	-0.0666792
chr15	31250000	31500000	0.447868
chr15	31500000	31750000	0.323931
chr15	31750000	32000000	-0.242399
chr15	32000000	32250000	-0.326916
chr15	32250000	32500000	-0.156736
chr15	32500000	32750000	-0.495914
chr15	32750000	33000000	-0.55547
chr15	33000000	33250000	-0.449123
chr15	33250000	33500000	-0.351509
chr15	33500000	33750000	-0.288321
chr15	33750000	34000000	-0.220219
chr15	34000000	34250000	0.228175
chr15	34250000	34500000	0.513002
chr15	34500000	34750000	0.147606
chr15	34750000	35000000	0.0683494
chr15	35000000	35250000	0.110694
chr15	35250000	35500000	0.404754
chr15	35500000	35750000	0.403738
chr15	35750000	36000000	0.511657
chr15	36000000	36250000	0.762217
chr15	36250000	36500000	0.840201
chr15	36500000	36750000	1.22707
chr15	36750000	37000000	1.21561
chr15	37000000	37250000	1.17239
chr15	37250000	37500000	0.869153
chr15	37500000	37750000	0.488153
chr15	37750000	38000000	0.773494
chr15	38000000	38250000	1.28162
chr15	38250000	38500000	1.09204
chr15	38500000	38750000	1.00042
chr15	38750000	39000000	0.327639
chr15	39000000	39250000	0.303428
chr15	39250000	39500000	-0.345697
chr15	39500000	39750000	-0.454348
chr15	39750000	40000000	-0.186829
chr15	40000000	40250000	-0.316492
chr15	40250000	40500000	-0.523552
chr15	40500000	40750000	-0.563988
chr15	40750000	41000000	-0.565208
chr15	41000000	41250000	-0.587833
chr15	41250000	41500000	-0.52605
chr15	41500000	41750000	-0.496455
chr15	41750000	42000000	-0.38345
chr15	42000000	42250000	-0.55168
chr15	42250000	42500000	-0.621124
chr15	42500000	42750000	-0.573864
chr15	42750000	43000000	-0.582414
chr15	43000000	43250000	-0.360349
chr15	43250000	43500000	-0.154177
chr15	43500000	43750000	-0.300696
chr15	43750000	44000000	-0.283834
chr15	44000000	44250000	-0.558503
chr15	44250000	44500000	-0.182132
chr15	44500000	44750000	-0.274756
chr15	44750000	45000000	-0.368645
chr15	45000000	45250000	-0.531206
chr15	45250000	45500000	-0.682037
chr15	45500000	45750000	-0.69594
chr15	45750000	46000000	-0.607191
chr15	46000000	46250000	-0.57543
chr15	46250000	46500000	-0.584513
chr15	46500000	46750000	-0.575338
chr15	46750000	47000000	-0.622608
chr15	47000000	47250000	-0.615745
chr15	47250000	47500000	-0.580675
chr15	47500000	47750000	-0.579474
chr15	47750000	48000000	-0.597395
chr15	48000000	48250000	-0.659973
chr15	48250000	48500000	-0.694192
chr15	48500000	48750000	-0.73895
chr15	48750000	49000000	-0.761909
chr15	49000000	49250000	-0.711995
chr15	49250000	49500000	-0.714394
chr15	49500000	49750000	-0.726522
chr15	49750000	50000000	-0.731976
chr15	50000000	50250000	-0.704722
chr15	50250000	50500000	-0.651379
chr15	50500000	50750000	-0.699529
chr15	50750000	51000000	-0.705471
chr15	51000000	51250000	-0.780306
chr15	51250000	51500000	-0.779859
chr15	51500000	51750000	-0.503411
chr15	51750000	52000000	0.237499
chr15	52000000	52250000	-0.269107
chr15	52250000	52500000	-0.603702
chr15	52500000	52750000	-0.615813
chr15	52750000	53000000	-0.471934
chr15	53000000	53250000	-0.15417
chr15	53250000	53500000	-0.376368
chr15	53500000	53750000	-0.731122
chr15	53750000	54000000	-0.753382
chr15	54000000	54250000	-0.770541
chr15	54250000	54500000	-0.806966
chr15	54500000	54750000	-0.744968
chr15	54750000	55000000	-0.388136
chr15	55000000	55250000	0.428748
chr15	55250000	55500000	0.00598448
chr15	55500000	55750000	-0.27696
chr15	55750000	56000000	-0.664514
chr15	56000000	56250000	-0.618319
chr15	56250000	56500000	-0.706658
chr15	56500000	56750000	-0.563137
chr15	56750000	57000000	-0.679498
chr15	57000000	57250000	-0.754098
chr15	57250000	57500000	-0.653796
chr15	57500000	57750000	-0.378559
chr15	57750000	58000000	0.227571
chr15	58000000	58250000	0.673035
chr15	58250000	58500000	0.598577
chr15	58500000	58750000	0.395959
chr15	58750000	59000000	0.670043
chr15	59000000	59250000	0.720068
chr15	59250000	59500000	0.597154
chr15	59500000	59750000	0.401252
chr15	59750000	60000000	-0.326015
chr15	60000000	60250000	-0.688113
chr15	60250000	60500000	-0.644347
chr15	60500000	60750000	-0.583375
chr15	60750000	61000000	-0.494377
chr15	61000000	61250000	-0.507059
chr15	61250000	61500000	-0.529493
chr15	61500000	61750000	-0.350554
chr15	61750000	62000000	0.0164433
chr15	62000000	62250000	0.407969
chr15	62250000	62500000	-0.187456
chr15	62500000	62750000	-0.411656
chr15	62750000	63000000	-0.304169
chr15	63000000	63250000	-0.369781
chr15	63250000	63500000	-0.431762
chr15	63500000	63750000	-0.328165
chr15	63750000	64000000	0.0515709
chr15	64000000	64250000	0.164878
chr15	64250000	64500000	-0.228641
chr15	64500000	64750000	-0.530517
chr15	64750000	65000000	-0.54385
chr15	65000000	65250000	-0.625251
chr15	65250000	65500000	-0.684414
chr15	65500000	65750000	-0.584485
chr15	65750000	66000000	-0.402503
chr15	66000000	66250000	-0.607364
chr15	66250000	66500000	-0.559091
chr15	66500000	66750000	-0.372274
chr15	66750000	67000000	-0.162236
chr15	67000000	67250000	-0.07995
chr15	67250000	67500000	-0.360321
chr15	67500000	67750000	-0.519778
chr15	67750000	68000000	-0.377794
chr15	68000000	68250000	-0.071697
chr15	68250000	68500000	-0.414684
chr15	68500000	68750000	-0.635663
chr15	68750000	69000000	-0.651899
chr15	69000000	69250000	-0.624939
chr15	69250000	69500000	-0.662
chr15	69500000	69750000	-0.674479
chr15	69750000	70000000	-0.707509
chr15	70000000	70250000	-0.83586
chr15	70250000	70500000	-0.828397
chr15	70500000	70750000	-0.937788
chr15	70750000	71000000	-0.907746
chr15	71000000	71250000	-0.836986
chr15	71250000	71500000	-0.807031
chr15	71500000	71750000	-0.787783
chr15	71750000	72000000	-0.65125
chr15	72000000	72250000	-0.578598
chr15	72250000	72500000	-0.464259
chr15	72500000	72750000	-0.0464888
chr15	72750000	73000000	0.316922
chr15	73000000	73250000	0.639463
chr15	73250000	73500000	0.949299
chr15	73500000	73750000	0.883809
chr15	73750000	74000000	0.510738
chr15	74000000	74250000	0.279856
chr15	74250000	74500000	0.158095
chr15	74500000	74750000	0.222007
chr15	74750000	75000000	0.285741
chr15	75000000	75250000	0.0756815
chr15	75250000	75500000	0.103621
chr15	75500000	75750000	0.534724
chr15	75750000	76000000	0.966526
chr15	76000000	76250000	0.996978
chr15	76250000	76500000	0.88047
chr15	76500000	76750000	0.948778
chr15	76750000	77000000	0.941186
chr15	77000000	77250000	0.811153
chr15	77250000	77500000	0.652642
chr15	77500000	77750000	0.317297
chr15	77750000	78000000	0.709192
chr15	78000000	78250000	0.473456
chr15	78250000	78500000	0.3912
chr15	78500000	78750000	0.553161
chr15	78750000	79000000	0.876675
chr15	79000000	79250000	0.904417
chr15	79250000	79500000	0.847411
chr15	79500000	79750000	0.892101
chr15	79750000	80000000	0.859899
chr15	80000000	80250000	0.854393
chr15	80250000	80500000	0.703154
chr15	80500000	80750000	0.640263
chr15	80750000	81000000	0.717769
chr15	81000000	81250000	0.737969
chr15	81250000	81500000	0.760879
chr15	81500000	81750000	0.886351
chr15	81750000	82000000	0.884915
chr15	82000000	82250000	0.874983
chr15	82250000	82500000	0.573571
chr15	82500000	82750000	0.244971
chr15	82750000	83000000	0.571206
chr15	83000000	83250000	0.816038
chr15	83250000	83500000	0.850809
chr15	83500000	83750000	0.700205
chr15	83750000	84000000	0.593734
chr15	84000000	84250000	0.828997
chr15	84250000	84500000	0.817056
chr15	84500000	84750000	0.783763
chr15	84750000	85000000	0.918479
chr15	85000000	85250000	0.874759
chr15	85250000	85500000	0.695163
chr15	85500000	85750000	0.81258
chr15	85750000	86000000	0.881153
chr15	86000000	86250000	0.922201
chr15	86250000	86500000	0.432485
chr15	86500000	86750000	-0.0816743
chr15	86750000	87000000	-0.249996
chr15	87000000	87250000	-0.381876
chr15	87250000	87500000	-0.346519
chr15	87500000	87750000	-0.169873
chr15	87750000	88000000	-0.0713196
chr15	88000000	88250000	0.00989051
chr15	88250000	88500000	0.0988578
chr15	88500000	88750000	0.535776
chr15	88750000	89000000	0.981403
chr15	89000000	89250000	1.11327
chr15	89250000	89500000	0.969678
chr15	89500000	89750000	0.214777
chr15	89750000	90000000	-0.219135
chr15	90000000	90250000	-0.0827659
chr15	90250000	90500000	-0.118784
chr15	90500000	90750000	0.0681135
chr15	90750000	91000000	-0.165882
chr15	91000000	91250000	-0.13186
chr15	91250000	91500000	-0.174341
chr15	91500000	91750000	-0.33385
chr15	91750000	92000000	-0.244624
chr15	92000000	92250000	-0.234312
chr15	92250000	92500000	-0.234645
chr15	92500000	92750000	-0.1548
chr15	92750000	93000000	-0.0910245
chr15	93000000	93250000	0.305539
chr15	93250000	93500000	0.587502
chr15	93500000	93750000	0.271018
chr15	93750000	94000000	-0.100618
chr15	94000000	94250000	-0.218283
chr15	94250000	94500000	-0.244376
chr15	94500000	94750000	-0.00862603
chr15	94750000	95000000	-0.10237
chr15	95000000	95250000	-0.232932
chr15	95250000	95500000	-0.309979
chr15	95500000	95750000	-0.249068
chr15	95750000	96000000	0.311469
chr15	96000000	96250000	0.373752
chr15	96250000	96500000	0.611495
chr15	96500000	96750000	0.250522
chr15	96750000	97000000	0.0954514
chr15	97000000	97250000	0.234903
chr15	97250000	97500000	0.560584
chr15	97500000	97750000	0.611642
chr15	97750000	98000000	0.646816
chr15	98000000	98250000	0.819563
chr15	98250000	98500000	0.603778
chr15	98500000	98750000	0.956611
chr15	98750000	99000000	0.965853
chr15	99000000	99250000	0.932497
chr15	99250000	99500000	0.826712
chr15	99500000	99750000	0.829383
chr15	99750000	100000000	0.702623
chr15	100000000	100250000	0.762637
chr15	100250000	100500000	0.767037
chr15	100500000	100750000	0.791592
chr15	100750000	101000000	0.765875
chr15	101000000	101250000	0.739656
chr15	101250000	101500000	0.618139
chr15	101500000	101750000	0.398199
chr15	101750000	102000000	0.485028
chr15	102000000	102250000	0.728451
chr15	102250000	102500000	0.845931
chr15	102500000	102750000	0.745656
chr15	102750000	103000000	0.58367
chr15	103000000	103250000	0.783146
chr15	103250000	103500000	0.629762
chr15	103500000	103750000	0.0302684
chr15	103750000	104000000	-0.0711651
chr15	104000000	104043685	nan
#bedGraph section chr16:0-98207768
chr16	0	250000	nan
chr16	250000	500000	nan
chr16	500000	750000	nan
chr16	750000	1000000	nan
chr16	1000000	1250000	nan
chr16	1250000	1500000	nan
chr16	1500000	1750000	nan
chr16	1750000	2000000	nan
chr16	2000000	2250000	nan
chr16	2250000	2500000	nan
chr16	2500000	2750000	nan
chr16	2750000	3000000	nan
chr16	3000000	3250000	nan
chr16	3250000	3500000	0.0507274
chr16	3500000	3750000	0.130745
chr16	3750000	4000000	0.512684
chr16	4000000	4250000	0.650028
chr16	4250000	4500000	0.796152
chr16	4500000	4750000	0.795908
chr16	4750000	5000000	0.774887
chr16	5000000	5250000	0.796911
chr16	5250000	5500000	0.364433
chr16	5500000	5750000	0.277997
chr16	5750000	6000000	0.0716102
chr16	6000000	6250000	-0.0216612
chr16	6250000	6500000	-0.0481499
chr16	6500000	6750000	-0.0148905
chr16	6750000	7000000	-0.00183633
chr16	7000000	7250000	0.0376097
chr16	7250000	7500000	0.0645618
chr16	7500000	7750000	-0.0184148
chr16	7750000	8000000	-0.015285
chr16	8000000	8250000	-0.0385823
chr16	8250000	8500000	0.191197
chr16	8500000	8750000	0.496949
chr16	8750000	9000000	0.570131
chr16	9000000	9250000	0.353813
chr16	9250000	9500000	0.236083
chr16	9500000	9750000	0.0496086
chr16	9750000	10000000	0.100207
chr16	10000000	10250000	0.378226
chr16	10250000	10500000	0.582963
chr16	10500000	10750000	0.658653
chr16	10750000	11000000	0.770013
chr16	11000000	11250000	0.802741
chr16	11250000	11500000	0.743608
chr16	11500000	11750000	0.586886
chr16	11750000	12000000	0.256962
chr16	12000000	12250000	0.0876924
chr16	12250000	12500000	0.0866726
chr16	12500000	12750000	0.0678366
chr16	12750000	13000000	0.19864
chr16	13000000	13250000	0.423435
chr16	13250000	13500000	0.481825
chr16	13500000	13750000	0.689204
chr16	13750000	14000000	0.807724
chr16	14000000	14250000	0.651255
chr16	14250000	14500000	0.468146
chr16	14500000	14750000	0.0442167
chr16	14750000	15000000	-0.00255121
chr16	15000000	15250000	-0.00275753
chr16	15250000	15500000	0.0905873
chr16	15500000	15750000	0.393863
chr16	15750000	16000000	0.518328
chr16	16000000	16250000	0.411028
chr16	16250000	16500000	0.362333
chr16	16500000	16750000	0.214637
chr16	16750000	17000000	0.408197
chr16	17000000	17250000	0.708138
chr16	17250000	17500000	0.762657
chr16	17500000	17750000	0.851547
chr16	17750000	18000000	0.799161
chr16	18000000	18250000	0.866577
chr16	18250000	18500000	0.872519
chr16	18500000	18750000	0.784516
chr16	18750000	19000000	0.460839
chr16	19000000	19250000	0.0270167
chr16	19250000	19500000	0.00950194
chr16	19500000	19750000	0.00900904
chr16	19750000	20000000	0.147845
chr16	20000000	20250000	0.556999
chr16	20250000	20500000	0.71192
chr16	20500000	20750000	0.706097
chr16	20750000	21000000	0.693396
chr16	21000000	21250000	0.728893
chr16	21250000	21500000	0.796578
chr16	21500000	21750000	0.891044
chr16	21750000	22000000	0.831647
chr16	22000000	22250000	0.936352
chr16	22250000	22500000	0.899285
chr16	22500000	22750000	0.775583
chr16	22750000	23000000	0.696344
chr16	23000000	23250000	0.712917
chr16	23250000	23500000	0.451282
chr16	23500000	23750000	0.209788
chr16	23750000	24000000	0.272889
chr16	24000000	24250000	0.347697
chr16	24250000	24500000	0.446241
chr16	24500000	24750000	0.203025
chr16	24750000	25000000	0.100662
chr16	25000000	25250000	0.0283853
chr16	25250000	25500000	-0.300285
chr16	25500000	25750000	-0.295964
chr16	25750000	26000000	-0.259594
chr16	26000000	26250000	-0.290819
chr16	26250000	26500000	-0.4241
chr16	26500000	26750000	-0.254062
chr16	26750000	27000000	-0.545253
chr16	27000000	27250000	-0.488711
chr16	27250000	27500000	-0.268731
chr16	27500000	27750000	-0.367357
chr16	27750000	28000000	-0.287829
chr16	28000000	28250000	-0.295279
chr16	28250000	28500000	-0.450659
chr16	28500000	28750000	-0.292677
chr16	28750000	29000000	0.00931951
chr16	29000000	29250000	-0.138613
chr16	29250000	29500000	-0.142847
chr16	29500000	29750000	0.324709
chr16	29750000	30000000	0.511141
chr16	30000000	30250000	0.754279
chr16	30250000	30500000	0.894501
chr16	30500000	30750000	0.823077
chr16	30750000	31000000	0.775367
chr16	31000000	31250000	0.852169
chr16	31250000	31500000	0.874027
chr16	31500000	31750000	0.863364
chr16	31750000	32000000	0.952741
chr16	32000000	32250000	0.977678
chr16	32250000	32500000	0.991843
chr16	32500000	32750000	0.984921
chr16	32750000	33000000	0.94136
chr16	33000000	33250000	1.03555
chr16	33250000	33500000	1.00083
chr16	33500000	33750000	0.933953
chr16	33750000	34000000	0.993468
chr16	34000000	34250000	0.759285
chr16	34250000	34500000	0.666535
chr16	34500000	34750000	0.642963
chr16	34750000	35000000	0.619349
chr16	35000000	35250000	0.932241
chr16	35250000	35500000	0.938151
chr16	35500000	35750000	0.985815
chr16	35750000	36000000	0.983565
chr16	36000000	36250000	0.631234
chr16	36250000	36500000	0.0909348
chr16	36500000	36750000	0.17595
chr16	36750000	37000000	0.493162
chr16	37000000	37250000	0.425988
chr16	37250000	37500000	0.475688
chr16	37500000	37750000	0.587392
chr16	37750000	38000000	0.796932
chr16	38000000	38250000	0.957349
chr16	38250000	38500000	0.973001
chr16	38500000	38750000	0.694322
chr16	38750000	39000000	0.149739
chr16	39000000	39250000	-0.341132
chr16	39250000	39500000	-0.775821
chr16	39500000	39750000	-0.907574
chr16	39750000	40000000	-0.91042
chr16	40000000	40250000	-0.88469
chr16	40250000	40500000	-0.904949
chr16	40500000	40750000	-1.01858
chr16	40750000	41000000	-0.90178
chr16	41000000	41250000	-0.736208
chr16	41250000	41500000	-0.508563
chr16	41500000	41750000	-0.487909
chr16	41750000	42000000	-0.563235
chr16	42000000	42250000	-0.557724
chr16	42250000	42500000	-0.564117
chr16	42500000	42750000	-0.422195
chr16	42750000	43000000	-0.206648
chr16	43000000	43250000	-0.343324
chr16	43250000	43500000	-0.248511
chr16	43500000	43750000	0.466765
chr16	43750000	44000000	0.613873
chr16	44000000	44250000	0.85466
chr16	44250000	44500000	0.575439
chr16	44500000	44750000	0.294511
chr16	44750000	45000000	-0.0778072
chr16	45000000	45250000	0.149157
chr16	45250000	45500000	-0.00174832
chr16	45500000	45750000	-0.0329694
chr16	45750000	46000000	-0.196051
chr16	46000000	46250000	-0.356739
chr16	46250000	46500000	-0.206473
chr16	46500000	46750000	-0.430589
chr16	46750000	47000000	-0.430801
chr16	47000000	47250000	-0.516438
chr16	47250000	47500000	-0.585121
chr16	47500000	47750000	-0.618783
chr16	47750000	48000000	-0.567747
chr16	48000000	48250000	-0.205461
chr16	48250000	48500000	0.543192
chr16	48500000	48750000	0.118448
chr16	48750000	49000000	-0.346962
chr16	49000000	49250000	-0.351841
chr16	49250000	49500000	-0.64221
chr16	49500000	49750000	-0.690043
chr16	49750000	50000000	-0.371426
chr16	50000000	50250000	-0.107016
chr16	50250000	50500000	0.0520647
chr16	50500000	50750000	-0.310137
chr16	50750000	51000000	-0.590018
chr16	51000000	51250000	-0.723408
chr16	51250000	51500000	-0.65131
chr16	51500000	51750000	-0.685895
chr16	51750000	52000000	-0.62352
chr16	52000000	52250000	-0.651919
chr16	52250000	52500000	-0.749336
chr16	52500000	52750000	-0.691128
chr16	52750000	53000000	-0.71897
chr16	53000000	53250000	-0.707205
chr16	53250000	53500000	-0.722117
chr16	53500000	53750000	-0.650317
chr16	53750000	54000000	-0.656676
chr16	54000000	54250000	-0.605547
chr16	54250000	54500000	-0.644398
chr16	54500000	54750000	-0.713386
chr16	54750000	55000000	-0.634586
chr16	55000000	55250000	-0.462442
chr16	55250000	55500000	-0.365196
chr16	55500000	55750000	-0.283891
chr16	55750000	56000000	0.523045
chr16	56000000	56250000	0.605274
chr16	56250000	56500000	-0.0548436
chr16	56500000	56750000	0.112155
chr16	56750000	57000000	0.113416
chr16	57000000	57250000	0.600237
chr16	57250000	57500000	0.657653
chr16	57500000	57750000	0.121765
chr16	57750000	58000000	-0.375378
chr16	58000000	58250000	-0.586748
chr16	58250000	58500000	-0.121903
chr16	58500000	58750000	0.204842
chr16	58750000	59000000	-0.50598
chr16	59000000	59250000	-0.661626
chr16	59250000	59500000	-0.171112
chr16	59500000	59750000	0.0904989
chr16	59750000	60000000	-0.367853
chr16	60000000	60250000	-0.311051
chr16	60250000	60500000	-0.355851
chr16	60500000	60750000	-0.473425
chr16	60750000	61000000	-0.56268
chr16	61000000	61250000	-0.606868
chr16	61250000	61500000	-0.59511
chr16	61500000	61750000	-0.622381
chr16	61750000	62000000	-0.709067
chr16	62000000	62250000	-0.697343
chr16	62250000	62500000	-0.672587
chr16	62500000	62750000	-0.474732
chr16	62750000	63000000	-0.18595
chr16	63000000	63250000	-0.461596
chr16	63250000	63500000	-0.515114
chr16	63500000	63750000	-0.480945
chr16	63750000	64000000	-0.544972
chr16	64000000	64250000	-0.623797
chr16	64250000	64500000	-0.413815
chr16	64500000	64750000	-0.107785
chr16	64750000	65000000	0.213265
chr16	65000000	65250000	-0.413362
chr16	65250000	65500000	-0.542608
chr16	65500000	65750000	-0.498639
chr16	65750000	66000000	-0.60018
chr16	66000000	66250000	-0.639375
chr16	66250000	66500000	-0.697063
chr16	66500000	66750000	-0.643272
chr16	66750000	67000000	-0.616897
chr16	67000000	67250000	-0.670518
chr16	67250000	67500000	-0.702287
chr16	67500000	67750000	-0.645968
chr16	67750000	68000000	-0.683551
chr16	68000000	68250000	-0.599277
chr16	68250000	68500000	-0.559105
chr16	68500000	68750000	-0.570512
chr16	68750000	69000000	-0.551841
chr16	69000000	69250000	-0.471694
chr16	69250000	69500000	-0.393622
chr16	69500000	69750000	-0.55622
chr16	69750000	70000000	-0.569246
chr16	70000000	70250000	-0.322715
chr16	70250000	70500000	-0.0990473
chr16	70500000	70750000	-0.403866
chr16	70750000	71000000	-0.436245
chr16	71000000	71250000	-0.5476
chr16	71250000	71500000	-0.566286
chr16	71500000	71750000	-0.649343
chr16	71750000	72000000	-0.665927
chr16	72000000	72250000	-0.606079
chr16	72250000	72500000	-0.625745
chr16	72500000	72750000	-0.529448
chr16	72750000	73000000	-0.243873
chr16	73000000	73250000	-0.272748
chr16	73250000	73500000	-0.259532
chr16	73500000	73750000	-0.193905
chr16	73750000	74000000	-0.477622
chr16	74000000	74250000	-0.54347
chr16	74250000	74500000	-0.765009
chr16	74500000	74750000	-0.733556
chr16	74750000	75000000	-0.619684
chr16	75000000	75250000	-0.66353
chr16	75250000	75500000	-0.644515
chr16	75500000	75750000	-0.604401
chr16	75750000	76000000	-0.603711
chr16	76000000	76250000	-0.366131
chr16	76250000	76500000	0.0563111
chr16	76500000	76750000	-0.394836
chr16	76750000	77000000	-0.130013
chr16	77000000	77250000	-0.1806
chr16	77250000	77500000	-0.672776
chr16	77500000	77750000	-0.82526
chr16	77750000	78000000	-0.744779
chr16	78000000	78250000	-0.306931
chr16	78250000	78500000	0.326422
chr16	78500000	78750000	-0.278081
chr16	78750000	79000000	-0.630709
chr16	79000000	79250000	-0.636449
chr16	79250000	79500000	-0.60931
chr16	79500000	79750000	-0.690202
chr16	79750000	80000000	-0.589242
chr16	80000000	80250000	-0.487155
chr16	80250000	80500000	-0.631435
chr16	80500000	80750000	-0.690064
chr16	80750000	81000000	-0.664817
chr16	81000000	81250000	-0.743239
chr16	81250000	81500000	-0.744497
chr16	81500000	81750000	-0.563431
chr16	81750000	82000000	-0.467616
chr16	82000000	82250000	-0.709689
chr16	82250000	82500000	-0.805855
chr16	82500000	82750000	-0.718374
chr16	82750000	83000000	-0.671886
chr16	83000000	83250000	-0.718786
chr16	83250000	83500000	-0.570414
chr16	83500000	83750000	-0.534012
chr16	83750000	84000000	-0.584074
chr16	84000000	84250000	-0.721023
chr16	84250000	84500000	-0.787654
chr16	84500000	84750000	-0.183611
chr16	84750000	85000000	0.382517
chr16	85000000	85250000	-0.38421
chr16	85250000	85500000	-0.655969
chr16	85500000	85750000	-0.59449
chr16	85750000	86000000	-0.64642
chr16	86000000	86250000	-0.659738
chr16	86250000	86500000	-0.631724
chr16	86500000	86750000	-0.626058
chr16	86750000	87000000	-0.695598
chr16	87000000	87250000	-0.631137
chr16	87250000	87500000	0.26953
chr16	87500000	87750000	0.713993
chr16	87750000	88000000	-0.0650349
chr16	88000000	88250000	-0.358224
chr16	88250000	88500000	-0.619525
chr16	88500000	88750000	-0.658936
chr16	88750000	89000000	-0.591352
chr16	89000000	89250000	-0.625104
chr16	89250000	89500000	-0.655171
chr16	89500000	89750000	-0.378335
chr16	89750000	90000000	0.573499
chr16	90000000	90250000	0.919786
chr16	90250000	90500000	0.881015
chr16	90500000	90750000	0.865458
chr16	90750000	91000000	1.25155
chr16	91000000	91250000	1.33077
chr16	91250000	91500000	1.30798
chr16	91500000	91750000	1.45316
chr16	91750000	92000000	1.3023
chr16	92000000	92250000	1.19734
chr16	92250000	92500000	0.867213
chr16	92500000	92750000	0.152321
chr16	92750000	93000000	-0.359683
chr16	93000000	93250000	-0.335701
chr16	93250000	93500000	0.0122706
chr16	93500000	93750000	0.801963
chr16	93750000	94000000	1.45008
chr16	94000000	94250000	1.43104
chr16	94250000	94500000	1.3118
chr16	94500000	94750000	1.35837
chr16	94750000	95000000	0.587434
chr16	95000000	95250000	0.338789
chr16	95250000	95500000	0.505735
chr16	95500000	95750000	0.86356
chr16	95750000	96000000	1.12126
chr16	96000000	96250000	1.44086
chr16	96250000	96500000	0.680999
chr16	96500000	96750000	0.31371
chr16	96750000	97000000	0.249391
chr16	97000000	97250000	0.20065
chr16	97250000	97500000	0.489421
chr16	97500000	97750000	0.819046
chr16	97750000	98000000	1.21396
chr16	98000000	98207768	nan
#bedGraph section chr17:0-94987271
chr17	0	250000	nan
chr17	250000	500000	nan
chr17	500000	750000	nan
chr17	750000	1000000	nan
chr17	1000000	1250000	nan
chr17	1250000	1500000	nan
chr17	1500000	1750000	nan
chr17	1750000	2000000	nan
chr17	2000000	2250000	nan
chr17	2250000	2500000	nan
chr17	2500000	2750000	nan
chr17	2750000	3000000	nan
chr17	3000000	3250000	0.392494
chr17	3250000	3500000	0.428314
chr17	3500000	3750000	0.00238516
chr17	3750000	4000000	-0.447992
chr17	4000000	4250000	-0.285352
chr17	4250000	4500000	-0.130393
chr17	4500000	4750000	-0.027596
chr17	4750000	5000000	0.367815
chr17	5000000	5250000	0.600292
chr17	5250000	5500000	0.59231
chr17	5500000	5750000	0.598487
chr17	5750000	6000000	1.04127
chr17	6000000	6250000	0.98524
chr17	6250000	6500000	nan
chr17	6500000	6750000	nan
chr17	6750000	7000000	0.6147
chr17	7000000	7250000	0.410467
chr17	7250000	7500000	0.362272
chr17	7500000	7750000	0.168698
chr17	7750000	8000000	0.337088
chr17	8000000	8250000	0.68855
chr17	8250000	8500000	0.582039
chr17	8500000	8750000	0.0270954
chr17	8750000	9000000	-0.00389802
chr17	9000000	9250000	-0.193161
chr17	9250000	9500000	-0.209054
chr17	9500000	9750000	-0.263919
chr17	9750000	10000000	-0.0758371
chr17	10000000	10250000	0.130215
chr17	10250000	10500000	0.273733
chr17	10500000	10750000	-0.00522357
chr17	10750000	11000000	-0.238123
chr17	11000000	11250000	-0.202663
chr17	11250000	11500000	-0.0319976
chr17	11500000	11750000	0.00249575
chr17	11750000	12000000	0.254855
chr17	12000000	12250000	0.554467
chr17	12250000	12500000	0.549834
chr17	12500000	12750000	0.646266
chr17	12750000	13000000	0.884194
chr17	13000000	13250000	0.120716
chr17	13250000	13500000	nan
chr17	13500000	13750000	0.367378
chr17	13750000	14000000	0.542833
chr17	14000000	14250000	0.188457
chr17	14250000	14500000	0.181666
chr17	14500000	14750000	-0.00199637
chr17	14750000	15000000	0.246142
chr17	15000000	15250000	0.538683
chr17	15250000	15500000	0.585896
chr17	15500000	15750000	0.561171
chr17	15750000	16000000	-0.00155609
chr17	16000000	16250000	-0.237194
chr17	16250000	16500000	-0.270406
chr17	16500000	16750000	-0.271542
chr17	16750000	17000000	-0.11239
chr17	17000000	17250000	0.343325
chr17	17250000	17500000	0.486731
chr17	17500000	17750000	0.105969
chr17	17750000	18000000	0.0314914
chr17	18000000	18250000	-0.296052
chr17	18250000	18500000	-0.252035
chr17	18500000	18750000	-0.190995
chr17	18750000	19000000	-0.299092
chr17	19000000	19250000	nan
chr17	19250000	19500000	-0.237358
chr17	19500000	19750000	-0.325625
chr17	19750000	20000000	-0.262677
chr17	20000000	20250000	-0.258589
chr17	20250000	20500000	-0.30065
chr17	20500000	20750000	-0.27145
chr17	20750000	21000000	-0.0782993
chr17	21000000	21250000	0.0627783
chr17	21250000	21500000	0.0957246
chr17	21500000	21750000	0.254113
chr17	21750000	22000000	0.178326
chr17	22000000	22250000	-0.0413413
chr17	22250000	22500000	-0.17086
chr17	22500000	22750000	-0.277809
chr17	22750000	23000000	-0.211066
chr17	23000000	23250000	nan
chr17	23250000	23500000	-0.13649
chr17	23500000	23750000	0.479966
chr17	23750000	24000000	0.86622
chr17	24000000	24250000	0.869501
chr17	24250000	24500000	0.983449
chr17	24500000	24750000	0.92257
chr17	24750000	25000000	0.930036
chr17	25000000	25250000	0.901289
chr17	25250000	25500000	0.709317
chr17	25500000	25750000	0.740613
chr17	25750000	26000000	0.84296
chr17	26000000	26250000	0.821846
chr17	26250000	26500000	0.711091
chr17	26500000	26750000	0.851857
chr17	26750000	27000000	0.760819
chr17	27000000	27250000	0.817094
chr17	27250000	27500000	0.681496
chr17	27500000	27750000	0.738283
chr17	27750000	28000000	0.785929
chr17	28000000	28250000	0.819454
chr17	28250000	28500000	0.863481
chr17	28500000	28750000	0.852661
chr17	28750000	29000000	0.868964
chr17	29000000	29250000	0.83036
chr17	29250000	29500000	0.877434
chr17	29500000	29750000	0.872639
chr17	29750000	30000000	0.742422
chr17	30000000	30250000	0.639202
chr17	30250000	30500000	0.530204
chr17	30500000	30750000	0.654176
chr17	30750000	31000000	0.494091
chr17	31000000	31250000	0.636739
chr17	31250000	31500000	0.74683
chr17	31500000	31750000	0.851327
chr17	31750000	32000000	0.817809
chr17	32000000	32250000	0.788722
chr17	32250000	32500000	0.639871
chr17	32500000	32750000	0.340804
chr17	32750000	33000000	0.361526
chr17	33000000	33250000	0.320632
chr17	33250000	33500000	0.364548
chr17	33500000	33750000	0.615646
chr17	33750000	34000000	0.820711
chr17	34000000	34250000	0.815167
chr17	34250000	34500000	0.715441
chr17	34500000	34750000	0.775368
chr17	34750000	35000000	0.86396
chr17	35000000	35250000	0.980435
chr17	35250000	35500000	0.887216
chr17	35500000	35750000	1.08015
chr17	35750000	36000000	1.09008
chr17	36000000	36250000	0.724872
chr17	36250000	36500000	0.218413
chr17	36500000	36750000	-0.103344
chr17	36750000	37000000	0.29084
chr17	37000000	37250000	0.0594119
chr17	37250000	37500000	-0.617192
chr17	37500000	37750000	-0.686298
chr17	37750000	38000000	-0.620501
chr17	38000000	38250000	-0.560131
chr17	38250000	38500000	-0.660952
chr17	38500000	38750000	-0.754146
chr17	38750000	39000000	-0.744906
chr17	39000000	39250000	-0.759215
chr17	39250000	39500000	-0.846924
chr17	39500000	39750000	-0.955441
chr17	39750000	40000000	-0.266749
chr17	40000000	40250000	-0.657458
chr17	40250000	40500000	-0.728261
chr17	40500000	40750000	-0.50513
chr17	40750000	41000000	-0.41148
chr17	41000000	41250000	-0.441498
chr17	41250000	41500000	-0.52726
chr17	41500000	41750000	-0.509231
chr17	41750000	42000000	-0.65536
chr17	42000000	42250000	-0.589377
chr17	42250000	42500000	-0.599411
chr17	42500000	42750000	-0.38954
chr17	42750000	43000000	0.292698
chr17	43000000	43250000	-0.0011479
chr17	43250000	43500000	-0.377731
chr17	43500000	43750000	-0.281757
chr17	43750000	44000000	-0.523393
chr17	44000000	44250000	-0.41927
chr17	44250000	44500000	-0.474049
chr17	44500000	44750000	-0.202746
chr17	44750000	45000000	0.351787
chr17	45000000	45250000	0.270748
chr17	45250000	45500000	0.691159
chr17	45500000	45750000	0.959819
chr17	45750000	46000000	0.848369
chr17	46000000	46250000	0.899917
chr17	46250000	46500000	0.976133
chr17	46500000	46750000	0.970369
chr17	46750000	47000000	0.922353
chr17	47000000	47250000	0.747239
chr17	47250000	47500000	0.910088
chr17	47500000	47750000	0.953208
chr17	47750000	48000000	0.909612
chr17	48000000	48250000	0.576358
chr17	48250000	48500000	0.51419
chr17	48500000	48750000	-0.214873
chr17	48750000	49000000	-0.446515
chr17	49000000	49250000	-0.542644
chr17	49250000	49500000	-0.346889
chr17	49500000	49750000	-0.611633
chr17	49750000	50000000	-0.285599
chr17	50000000	50250000	-0.112966
chr17	50250000	50500000	-0.563354
chr17	50500000	50750000	-0.485642
chr17	50750000	51000000	-0.39941
chr17	51000000	51250000	-0.487256
chr17	51250000	51500000	-0.625118
chr17	51500000	51750000	-0.435005
chr17	51750000	52000000	-0.13907
chr17	52000000	52250000	-0.426877
chr17	52250000	52500000	-0.889047
chr17	52500000	52750000	-0.895656
chr17	52750000	53000000	-0.908002
chr17	53000000	53250000	-0.763645
chr17	53250000	53500000	-0.125776
chr17	53500000	53750000	0.151145
chr17	53750000	54000000	-0.415299
chr17	54000000	54250000	-0.545628
chr17	54250000	54500000	-0.606463
chr17	54500000	54750000	-0.668756
chr17	54750000	55000000	-0.697099
chr17	55000000	55250000	-0.722496
chr17	55250000	55500000	-0.776478
chr17	55500000	55750000	-0.494929
chr17	55750000	56000000	-0.133234
chr17	56000000	56250000	0.803262
chr17	56250000	56500000	1.10062
chr17	56500000	56750000	1.20364
chr17	56750000	57000000	1.03865
chr17	57000000	57250000	0.469575
chr17	57250000	57500000	-0.311532
chr17	57500000	57750000	-0.711897
chr17	57750000	58000000	-0.666655
chr17	58000000	58250000	-0.672669
chr17	58250000	58500000	-0.7216
chr17	58500000	58750000	-0.731015
chr17	58750000	59000000	-0.559369
chr17	59000000	59250000	-0.636443
chr17	59250000	59500000	-0.718249
chr17	59500000	59750000	-0.742631
chr17	59750000	60000000	-0.827133
chr17	60000000	60250000	-0.812363
chr17	60250000	60500000	-0.762876
chr17	60500000	60750000	-0.754032
chr17	60750000	61000000	-0.653831
chr17	61000000	61250000	-0.661219
chr17	61250000	61500000	-0.755539
chr17	61500000	61750000	-0.719966
chr17	61750000	62000000	-0.867677
chr17	62000000	62250000	-0.832189
chr17	62250000	62500000	-0.685003
chr17	62500000	62750000	-0.408239
chr17	62750000	63000000	-0.305165
chr17	63000000	63250000	-0.23026
chr17	63250000	63500000	0.0271752
chr17	63500000	63750000	-0.0605699
chr17	63750000	64000000	-0.242109
chr17	64000000	64250000	-0.164542
chr17	64250000	64500000	-0.206325
chr17	64500000	64750000	-0.254286
chr17	64750000	65000000	-0.421453
chr17	65000000	65250000	-0.554702
chr17	65250000	65500000	-0.371461
chr17	65500000	65750000	0.324017
chr17	65750000	66000000	0.859817
chr17	66000000	66250000	0.842213
chr17	66250000	66500000	0.66286
chr17	66500000	66750000	0.293392
chr17	66750000	67000000	-0.0895591
chr17	67000000	67250000	-0.235919
chr17	67250000	67500000	-0.123308
chr17	67500000	67750000	-0.0107287
chr17	67750000	68000000	0.00415897
chr17	68000000	68250000	-0.276744
chr17	68250000	68500000	-0.52997
chr17	68500000	68750000	-0.557079
chr17	68750000	69000000	-0.560413
chr17	69000000	69250000	-0.462647
chr17	69250000	69500000	-0.155819
chr17	69500000	69750000	-0.703185
chr17	69750000	70000000	-0.753728
chr17	70000000	70250000	-0.844835
chr17	70250000	70500000	-0.733523
chr17	70500000	70750000	-0.283508
chr17	70750000	71000000	0.599031
chr17	71000000	71250000	0.802817
chr17	71250000	71500000	1.20637
chr17	71500000	71750000	1.02286
chr17	71750000	72000000	0.0509865
chr17	72000000	72250000	-0.427291
chr17	72250000	72500000	-0.507836
chr17	72500000	72750000	-0.289743
chr17	72750000	73000000	0.312188
chr17	73000000	73250000	0.414048
chr17	73250000	73500000	-0.279704
chr17	73500000	73750000	-0.400919
chr17	73750000	74000000	-0.0932392
chr17	74000000	74250000	0.56528
chr17	74250000	74500000	1.23959
chr17	74500000	74750000	1.19572
chr17	74750000	75000000	0.129956
chr17	75000000	75250000	-0.523811
chr17	75250000	75500000	-0.560622
chr17	75500000	75750000	-0.504878
chr17	75750000	76000000	-0.77517
chr17	76000000	76250000	-0.891406
chr17	76250000	76500000	-0.811939
chr17	76500000	76750000	-0.849198
chr17	76750000	77000000	-0.674404
chr17	77000000	77250000	-0.737389
chr17	77250000	77500000	-0.765215
chr17	77500000	77750000	-0.859487
chr17	77750000	78000000	-0.79524
chr17	78000000	78250000	-0.683947
chr17	78250000	78500000	-0.41482
chr17	78500000	78750000	0.123746
chr17	78750000	79000000	0.341503
chr17	79000000	79250000	-0.326354
chr17	79250000	79500000	-0.358437
chr17	79500000	79750000	-0.204786
chr17	79750000	80000000	0.379191
chr17	80000000	80250000	1.08455
chr17	80250000	80500000	1.11697
chr17	80500000	80750000	0.53278
chr17	80750000	81000000	-0.316829
chr17	81000000	81250000	-0.647091
chr17	81250000	81500000	-0.916883
chr17	81500000	81750000	-0.918657
chr17	81750000	82000000	-0.875811
chr17	82000000	82250000	-0.847859
chr17	82250000	82500000	-0.736062
chr17	82500000	82750000	-0.920508
chr17	82750000	83000000	-0.82083
chr17	83000000	83250000	-0.145079
chr17	83250000	83500000	0.439012
chr17	83500000	83750000	1.18024
chr17	83750000	84000000	1.14938
chr17	84000000	84250000	1.25053
chr17	84250000	84500000	1.24626
chr17	84500000	84750000	1.3139
chr17	84750000	85000000	1.44137
chr17	85000000	85250000	1.04825
chr17	85250000	85500000	0.419644
chr17	85500000	85750000	0.319848
chr17	85750000	86000000	0.261207
chr17	86000000	86250000	0.388498
chr17	86250000	86500000	-0.0976401
chr17	86500000	86750000	0.173816
chr17	86750000	87000000	0.222959
chr17	87000000	87250000	0.528234
chr17	87250000	87500000	0.944646
chr17	87500000	87750000	1.19801
chr17	87750000	88000000	1.20644
chr17	88000000	88250000	0.760104
chr17	88250000	88500000	0.384229
chr17	88500000	88750000	-0.116338
chr17	88750000	89000000	-0.618376
chr17	89000000	89250000	-0.707115
chr17	89250000	89500000	-0.753619
chr17	89500000	89750000	-0.760375
chr17	89750000	90000000	-0.691747
chr17	90000000	90250000	-0.751129
chr17	90250000	90500000	-0.899467
chr17	90500000	90750000	-0.821162
chr17	90750000	91000000	-0.721885
chr17	91000000	91250000	-0.787929
chr17	91250000	91500000	-0.726126
chr17	91500000	91750000	-0.800157
chr17	91750000	92000000	-0.720033
chr17	92000000	92250000	-0.762858
chr17	92250000	92500000	-0.849837
chr17	92500000	92750000	-0.858552
chr17	92750000	93000000	-0.893193
chr17	93000000	93250000	-0.688161
chr17	93250000	93500000	-0.581367
chr17	93500000	93750000	-0.616322
chr17	93750000	94000000	-0.508561
chr17	94000000	94250000	-0.613972
chr17	94250000	94500000	-0.628732
chr17	94500000	94750000	-0.42973
chr17	94750000	94987271	0.3346
#bedGraph section chr18:0-90702639
chr18	0	250000	nan
chr18	250000	500000	nan
chr18	500000	750000	nan
chr18	750000	1000000	nan
chr18	1000000	1250000	nan
chr18	1250000	1500000	nan
chr18	1500000	1750000	nan
chr18	1750000	2000000	nan
chr18	2000000	2250000	nan
chr18	2250000	2500000	nan
chr18	2500000	2750000	nan
chr18	2750000	3000000	nan
chr18	3000000	3250000	0.0617163
chr18	3250000	3500000	0.684923
chr18	3500000	3750000	-0.0747917
chr18	3750000	4000000	-0.0251454
chr18	4000000	4250000	-0.167346
chr18	4250000	4500000	0.050345
chr18	4500000	4750000	0.0950486
chr18	4750000	5000000	0.193784
chr18	5000000	5250000	0.187401
chr18	5250000	5500000	0.221902
chr18	5500000	5750000	-0.0964302
chr18	5750000	6000000	0.124757
chr18	6000000	6250000	0.684799
chr18	6250000	6500000	0.743785
chr18	6500000	6750000	0.38474
chr18	6750000	7000000	0.0390937
chr18	7000000	7250000	-0.225856
chr18	7250000	7500000	-0.0726896
chr18	7500000	7750000	0.472519
chr18	7750000	8000000	0.610717
chr18	8000000	8250000	0.13781
chr18	8250000	8500000	-0.0682016
chr18	8500000	8750000	-0.321449
chr18	8750000	9000000	-0.165247
chr18	9000000	9250000	-0.111965
chr18	9250000	9500000	0.0341074
chr18	9500000	9750000	0.157921
chr18	9750000	10000000	0.318355
chr18	10000000	10250000	0.835976
chr18	10250000	10500000	0.658755
chr18	10500000	10750000	0.839381
chr18	10750000	11000000	0.840276
chr18	11000000	11250000	0.603811
chr18	11250000	11500000	0.127821
chr18	11500000	11750000	0.542829
chr18	11750000	12000000	0.797764
chr18	12000000	12250000	1.11994
chr18	12250000	12500000	0.615323
chr18	12500000	12750000	0.661149
chr18	12750000	13000000	0.593129
chr18	13000000	13250000	0.0625592
chr18	13250000	13500000	-0.0636127
chr18	13500000	13750000	-0.0287428
chr18	13750000	14000000	-0.0840536
chr18	14000000	14250000	-0.10175
chr18	14250000	14500000	0.079552
chr18	14500000	14750000	0.533172
chr18	14750000	15000000	0.615549
chr18	15000000	15250000	0.0973704
chr18	15250000	15500000	-0.388825
chr18	15500000	15750000	-0.602274
chr18	15750000	16000000	-0.469159
chr18	16000000	16250000	-0.42655
chr18	16250000	16500000	-0.368753
chr18	16500000	16750000	-0.373663
chr18	16750000	17000000	-0.295173
chr18	17000000	17250000	-0.402585
chr18	17250000	17500000	-0.470464
chr18	17500000	17750000	-0.432441
chr18	17750000	18000000	-0.268323
chr18	18000000	18250000	-0.341796
chr18	18250000	18500000	-0.261517
chr18	18500000	18750000	-0.233518
chr18	18750000	19000000	-0.188838
chr18	19000000	19250000	-0.31576
chr18	19250000	19500000	-0.185054
chr18	19500000	19750000	-0.228836
chr18	19750000	20000000	-0.156623
chr18	20000000	20250000	-0.343426
chr18	20250000	20500000	-0.190706
chr18	20500000	20750000	0.36928
chr18	20750000	21000000	0.818687
chr18	21000000	21250000	0.500462
chr18	21250000	21500000	-0.0211377
chr18	21500000	21750000	-0.348784
chr18	21750000	22000000	-0.434158
chr18	22000000	22250000	-0.512321
chr18	22250000	22500000	-0.471798
chr18	22500000	22750000	-0.446299
chr18	22750000	23000000	-0.59632
chr18	23000000	23250000	-0.379299
chr18	23250000	23500000	-0.566387
chr18	23500000	23750000	-0.322895
chr18	23750000	24000000	0.292256
chr18	24000000	24250000	0.624958
chr18	24250000	24500000	0.868876
chr18	24500000	24750000	0.72107
chr18	24750000	25000000	0.46102
chr18	25000000	25250000	0.257886
chr18	25250000	25500000	-0.0712656
chr18	25500000	25750000	0.0640983
chr18	25750000	26000000	-0.399739
chr18	26000000	26250000	-0.569787
chr18	26250000	26500000	-0.541774
chr18	26500000	26750000	-0.463028
chr18	26750000	27000000	-0.635233
chr18	27000000	27250000	-0.530338
chr18	27250000	27500000	-0.573097
chr18	27500000	27750000	-0.615609
chr18	27750000	28000000	-0.574738
chr18	28000000	28250000	-0.537316
chr18	28250000	28500000	-0.537336
chr18	28500000	28750000	-0.497314
chr18	28750000	29000000	-0.489326
chr18	29000000	29250000	-0.554014
chr18	29250000	29500000	-0.357171
chr18	29500000	29750000	-0.469199
chr18	29750000	30000000	-0.486257
chr18	30000000	30250000	-0.243802
chr18	30250000	30500000	-0.0135236
chr18	30500000	30750000	-0.190093
chr18	30750000	31000000	-0.395524
chr18	31000000	31250000	-0.340838
chr18	31250000	31500000	-0.19593
chr18	31500000	31750000	0.29949
chr18	31750000	32000000	0.807766
chr18	32000000	32250000	0.868862
chr18	32250000	32500000	0.548205
chr18	32500000	32750000	0.384077
chr18	32750000	33000000	0.335831
chr18	33000000	33250000	0.0675322
chr18	33250000	33500000	-0.20487
chr18	33500000	33750000	-0.00115999
chr18	33750000	34000000	0.439177
chr18	34000000	34250000	0.669975
chr18	34250000	34500000	1.03893
chr18	34500000	34750000	0.967089
chr18	34750000	35000000	0.866112
chr18	35000000	35250000	0.907249
chr18	35250000	35500000	0.96129
chr18	35500000	35750000	0.998275
chr18	35750000	36000000	1.11866
chr18	36000000	36250000	0.979984
chr18	36250000	36500000	1.01481
chr18	36500000	36750000	0.933927
chr18	36750000	37000000	0.160738
chr18	37000000	37250000	-0.490162
chr18	37250000	37500000	-0.123319
chr18	37500000	37750000	0.135171
chr18	37750000	38000000	0.732046
chr18	38000000	38250000	0.928014
chr18	38250000	38500000	0.918536
chr18	38500000	38750000	0.842422
chr18	38750000	39000000	0.603952
chr18	39000000	39250000	0.261178
chr18	39250000	39500000	-0.0996232
chr18	39500000	39750000	-0.353051
chr18	39750000	40000000	-0.536327
chr18	40000000	40250000	-0.443682
chr18	40250000	40500000	-0.415536
chr18	40500000	40750000	-0.822185
chr18	40750000	41000000	-0.688382
chr18	41000000	41250000	-0.647542
chr18	41250000	41500000	-0.713953
chr18	41500000	41750000	-0.604974
chr18	41750000	42000000	-0.0108101
chr18	42000000	42250000	0.371007
chr18	42250000	42500000	0.757068
chr18	42500000	42750000	0.410439
chr18	42750000	43000000	-0.184646
chr18	43000000	43250000	-0.28357
chr18	43250000	43500000	-0.31071
chr18	43500000	43750000	-0.560319
chr18	43750000	44000000	-0.4893
chr18	44000000	44250000	-0.613391
chr18	44250000	44500000	-0.183969
chr18	44500000	44750000	-0.0682371
chr18	44750000	45000000	-0.0942604
chr18	45000000	45250000	-0.364461
chr18	45250000	45500000	-0.370776
chr18	45500000	45750000	-0.333775
chr18	45750000	46000000	-0.294696
chr18	46000000	46250000	0.14032
chr18	46250000	46500000	0.715788
chr18	46500000	46750000	0.866173
chr18	46750000	47000000	0.627767
chr18	47000000	47250000	0.314514
chr18	47250000	47500000	-0.0247583
chr18	47500000	47750000	-0.342435
chr18	47750000	48000000	-0.75021
chr18	48000000	48250000	-0.806066
chr18	48250000	48500000	-0.703497
chr18	48500000	48750000	-0.66687
chr18	48750000	49000000	-0.586407
chr18	49000000	49250000	-0.483883
chr18	49250000	49500000	-0.35506
chr18	49500000	49750000	-0.16202
chr18	49750000	50000000	0.438173
chr18	50000000	50250000	0.183018
chr18	50250000	50500000	-0.516523
chr18	50500000	50750000	-0.495205
chr18	50750000	51000000	-0.602543
chr18	51000000	51250000	-0.737493
chr18	51250000	51500000	-0.666249
chr18	51500000	51750000	-0.581168
chr18	51750000	52000000	-0.70371
chr18	52000000	52250000	-0.687565
chr18	52250000	52500000	-0.464363
chr18	52500000	52750000	-0.428857
chr18	52750000	53000000	-0.407577
chr18	53000000	53250000	0.271776
chr18	53250000	53500000	0.377457
chr18	53500000	53750000	0.478207
chr18	53750000	54000000	0.463699
chr18	54000000	54250000	-0.324917
chr18	54250000	54500000	-0.541836
chr18	54500000	54750000	-0.474232
chr18	54750000	55000000	-0.178187
chr18	55000000	55250000	-0.338348
chr18	55250000	55500000	-0.452384
chr18	55500000	55750000	-0.624246
chr18	55750000	56000000	-0.770629
chr18	56000000	56250000	-0.5694
chr18	56250000	56500000	-0.167248
chr18	56500000	56750000	0.630552
chr18	56750000	57000000	0.283145
chr18	57000000	57250000	-0.229024
chr18	57250000	57500000	-0.117072
chr18	57500000	57750000	-0.0352705
chr18	57750000	58000000	0.504582
chr18	58000000	58250000	-0.122965
chr18	58250000	58500000	-0.381436
chr18	58500000	58750000	-0.244448
chr18	58750000	59000000	-0.547238
chr18	59000000	59250000	-0.653652
chr18	59250000	59500000	-0.726055
chr18	59500000	59750000	-0.740149
chr18	59750000	60000000	-0.70728
chr18	60000000	60250000	-0.682645
chr18	60250000	60500000	-0.508659
chr18	60500000	60750000	0.44661
chr18	60750000	61000000	0.997684
chr18	61000000	61250000	1.05481
chr18	61250000	61500000	0.982247
chr18	61500000	61750000	0.942414
chr18	61750000	62000000	0.605565
chr18	62000000	62250000	0.011857
chr18	62250000	62500000	-0.178845
chr18	62500000	62750000	-0.0536062
chr18	62750000	63000000	-0.0784607
chr18	63000000	63250000	-0.226354
chr18	63250000	63500000	-0.425962
chr18	63500000	63750000	0.0104497
chr18	63750000	64000000	0.189054
chr18	64000000	64250000	-0.159541
chr18	64250000	64500000	0.283325
chr18	64500000	64750000	0.644706
chr18	64750000	65000000	0.649004
chr18	65000000	65250000	0.672189
chr18	65250000	65500000	0.830984
chr18	65500000	65750000	0.871706
chr18	65750000	66000000	0.575875
chr18	66000000	66250000	0.244198
chr18	66250000	66500000	0.229433
chr18	66500000	66750000	-0.245396
chr18	66750000	67000000	-0.310156
chr18	67000000	67250000	0.454872
chr18	67250000	67500000	1.10846
chr18	67500000	67750000	1.08447
chr18	67750000	68000000	0.901655
chr18	68000000	68250000	0.587951
chr18	68250000	68500000	-0.0229407
chr18	68500000	68750000	-0.655418
chr18	68750000	69000000	-0.751064
chr18	69000000	69250000	-0.642513
chr18	69250000	69500000	-0.518711
chr18	69500000	69750000	-0.43612
chr18	69750000	70000000	-0.377179
chr18	70000000	70250000	-0.5214
chr18	70250000	70500000	-0.451656
chr18	70500000	70750000	-0.235813
chr18	70750000	71000000	-0.672557
chr18	71000000	71250000	-0.579613
chr18	71250000	71500000	-0.543166
chr18	71500000	71750000	-0.411077
chr18	71750000	72000000	-0.591011
chr18	72000000	72250000	-0.719042
chr18	72250000	72500000	-0.723146
chr18	72500000	72750000	-0.740286
chr18	72750000	73000000	-0.793314
chr18	73000000	73250000	-0.59342
chr18	73250000	73500000	-0.329601
chr18	73500000	73750000	0.356577
chr18	73750000	74000000	0.756874
chr18	74000000	74250000	0.930156
chr18	74250000	74500000	0.803648
chr18	74500000	74750000	0.803806
chr18	74750000	75000000	1.1124
chr18	75000000	75250000	1.09279
chr18	75250000	75500000	1.09407
chr18	75500000	75750000	0.926722
chr18	75750000	76000000	0.936917
chr18	76000000	76250000	0.927437
chr18	76250000	76500000	0.703587
chr18	76500000	76750000	0.664894
chr18	76750000	77000000	0.720356
chr18	77000000	77250000	0.87448
chr18	77250000	77500000	0.716444
chr18	77500000	77750000	1.12361
chr18	77750000	78000000	1.05665
chr18	78000000	78250000	0.367798
chr18	78250000	78500000	-0.332009
chr18	78500000	78750000	-0.483715
chr18	78750000	79000000	-0.690834
chr18	79000000	79250000	-0.701463
chr18	79250000	79500000	-0.731157
chr18	79500000	79750000	-0.68269
chr18	79750000	80000000	-0.350734
chr18	80000000	80250000	0.441345
chr18	80250000	80500000	0.935445
chr18	80500000	80750000	0.660913
chr18	80750000	81000000	0.111997
chr18	81000000	81250000	-0.288087
chr18	81250000	81500000	-0.449247
chr18	81500000	81750000	-0.462924
chr18	81750000	82000000	-0.338998
chr18	82000000	82250000	-0.0351829
chr18	82250000	82500000	0.319924
chr18	82500000	82750000	0.94204
chr18	82750000	83000000	0.751896
chr18	83000000	83250000	0.0966745
chr18	83250000	83500000	-0.0724458
chr18	83500000	83750000	-0.377471
chr18	83750000	84000000	-0.290869
chr18	84000000	84250000	0.21132
chr18	84250000	84500000	0.662272
chr18	84500000	84750000	0.865424
chr18	84750000	85000000	0.809566
chr18	85000000	85250000	-0.255172
chr18	85250000	85500000	-0.512662
chr18	85500000	85750000	-0.672605
chr18	85750000	86000000	-0.589146
chr18	86000000	86250000	-0.580089
chr18	86250000	86500000	-0.593986
chr18	86500000	86750000	-0.59129
chr18	86750000	87000000	-0.607187
chr18	87000000	87250000	-0.526017
chr18	87250000	87500000	-0.507142
chr18	87500000	87750000	-0.49605
chr18	87750000	88000000	-0.480052
chr18	88000000	88250000	-0.812562
chr18	88250000	88500000	-0.645765
chr18	88500000	88750000	-0.4318
chr18	88750000	89000000	-0.118605
chr18	89000000	89250000	-0.406751
chr18	89250000	89500000	-0.735412
chr18	89500000	89750000	-0.781637
chr18	89750000	90000000	-0.672668
chr18	90000000	90250000	-0.704046
chr18	90250000	90500000	-0.595781
chr18	90500000	90702639	0.305092
#bedGraph section chr19:0-61431566
chr19	0	250000	nan
chr19	250000	500000	nan
chr19	500000	750000	nan
chr19	750000	1000000	nan
chr19	1000000	1250000	nan
chr19	1250000	1500000	nan
chr19	1500000	1750000	nan
chr19	1750000	2000000	nan
chr19	2000000	2250000	nan
chr19	2250000	2500000	nan
chr19	2500000	2750000	nan
chr19	2750000	3000000	nan
chr19	3000000	3250000	-0.162769
chr19	3250000	3500000	0.626858
chr19	3500000	3750000	1.02881
chr19	3750000	4000000	0.922357
chr19	4000000	4250000	0.939494
chr19	4250000	4500000	0.956762
chr19	4500000	4750000	0.905321
chr19	4750000	5000000	0.90864
chr19	5000000	5250000	0.980877
chr19	5250000	5500000	0.97608
chr19	5500000	5750000	0.815288
chr19	5750000	6000000	0.808814
chr19	6000000	6250000	0.803004
chr19	6250000	6500000	0.917799
chr19	6500000	6750000	0.890066
chr19	6750000	7000000	0.948236
chr19	7000000	7250000	0.917178
chr19	7250000	7500000	0.657326
chr19	7500000	7750000	-0.0554089
chr19	7750000	8000000	-0.360928
chr19	8000000	8250000	-0.358067
chr19	8250000	8500000	-0.348119
chr19	8500000	8750000	0.247461
chr19	8750000	9000000	0.647287
chr19	9000000	9250000	0.171577
chr19	9250000	9500000	nan
chr19	9500000	9750000	nan
chr19	9750000	10000000	0.182284
chr19	10000000	10250000	0.72354
chr19	10250000	10500000	0.861442
chr19	10500000	10750000	0.917839
chr19	10750000	11000000	0.399965
chr19	11000000	11250000	-0.268323
chr19	11250000	11500000	-0.650316
chr19	11500000	11750000	-0.590832
chr19	11750000	12000000	0.193653
chr19	12000000	12250000	-0.411899
chr19	12250000	12500000	-0.530203
chr19	12500000	12750000	-0.392336
chr19	12750000	13000000	-0.507154
chr19	13000000	13250000	-0.64214
chr19	13250000	13500000	-0.672567
chr19	13500000	13750000	-0.755897
chr19	13750000	14000000	-0.70967
chr19	14000000	14250000	-0.67721
chr19	14250000	14500000	-0.305946
chr19	14500000	14750000	0.144025
chr19	14750000	15000000	-0.422808
chr19	15000000	15250000	-0.576938
chr19	15250000	15500000	-0.471299
chr19	15500000	15750000	-0.46676
chr19	15750000	16000000	0.0929856
chr19	16000000	16250000	0.273321
chr19	16250000	16500000	0.128421
chr19	16500000	16750000	0.00058931
chr19	16750000	17000000	-0.0834235
chr19	17000000	17250000	-0.206258
chr19	17250000	17500000	-0.12363
chr19	17500000	17750000	-0.492705
chr19	17750000	18000000	-0.663466
chr19	18000000	18250000	-0.640751
chr19	18250000	18500000	-0.745773
chr19	18500000	18750000	-0.13376
chr19	18750000	19000000	-0.490045
chr19	19000000	19250000	-0.618946
chr19	19250000	19500000	-0.667182
chr19	19500000	19750000	-0.631472
chr19	19750000	20000000	-0.604711
chr19	20000000	20250000	-0.540066
chr19	20250000	20500000	-0.570347
chr19	20500000	20750000	-0.745298
chr19	20750000	21000000	-0.493988
chr19	21000000	21250000	-0.288402
chr19	21250000	21500000	-0.0129974
chr19	21500000	21750000	-0.0628014
chr19	21750000	22000000	-0.349692
chr19	22000000	22250000	-0.598737
chr19	22250000	22500000	-0.625872
chr19	22500000	22750000	-0.578216
chr19	22750000	23000000	-0.387203
chr19	23000000	23250000	0.324452
chr19	23250000	23500000	0.226865
chr19	23500000	23750000	0.0645726
chr19	23750000	24000000	0.0832941
chr19	24000000	24250000	0.520638
chr19	24250000	24500000	0.191611
chr19	24500000	24750000	0.11461
chr19	24750000	25000000	0.291334
chr19	25000000	25250000	0.400099
chr19	25250000	25500000	0.426057
chr19	25500000	25750000	-0.216334
chr19	25750000	26000000	-0.760138
chr19	26000000	26250000	-0.716826
chr19	26250000	26500000	-0.700319
chr19	26500000	26750000	-0.464868
chr19	26750000	27000000	-0.38718
chr19	27000000	27250000	-0.421732
chr19	27250000	27500000	-0.171611
chr19	27500000	27750000	-0.428767
chr19	27750000	28000000	-0.536477
chr19	28000000	28250000	-0.403231
chr19	28250000	28500000	-0.331196
chr19	28500000	28750000	-0.102505
chr19	28750000	29000000	0.397669
chr19	29000000	29250000	0.706294
chr19	29250000	29500000	0.392902
chr19	29500000	29750000	0.455967
chr19	29750000	30000000	0.413303
chr19	30000000	30250000	0.512172
chr19	30250000	30500000	-0.288647
chr19	30500000	30750000	-0.509583
chr19	30750000	31000000	-0.540527
chr19	31000000	31250000	-0.255095
chr19	31250000	31500000	-0.743499
chr19	31500000	31750000	-0.730014
chr19	31750000	32000000	-0.66507
chr19	32000000	32250000	-0.221841
chr19	32250000	32500000	0.0831633
chr19	32500000	32750000	0.296557
chr19	32750000	33000000	0.109668
chr19	33000000	33250000	-0.594837
chr19	33250000	33500000	-0.687059
chr19	33500000	33750000	-0.807932
chr19	33750000	34000000	-0.708052
chr19	34000000	34250000	-0.644244
chr19	34250000	34500000	-0.764445
chr19	34500000	34750000	-0.642621
chr19	34750000	35000000	-0.21815
chr19	35000000	35250000	-0.73627
chr19	35250000	35500000	-0.897269
chr19	35500000	35750000	-0.8415
chr19	35750000	36000000	-0.738693
chr19	36000000	36250000	-0.23424
chr19	36250000	36500000	0.230247
chr19	36500000	36750000	0.151228
chr19	36750000	37000000	0.75952
chr19	37000000	37250000	0.935996
chr19	37250000	37500000	0.932623
chr19	37500000	37750000	0.474175
chr19	37750000	38000000	0.271457
chr19	38000000	38250000	0.253552
chr19	38250000	38500000	0.388895
chr19	38500000	38750000	-0.140281
chr19	38750000	39000000	0.116303
chr19	39000000	39250000	-0.685695
chr19	39250000	39500000	-0.785576
chr19	39500000	39750000	-0.777207
chr19	39750000	40000000	-0.807815
chr19	40000000	40250000	-0.606678
chr19	40250000	40500000	0.339731
chr19	40500000	40750000	0.51516
chr19	40750000	41000000	0.422277
chr19	41000000	41250000	0.315298
chr19	41250000	41500000	0.51241
chr19	41500000	41750000	0.699065
chr19	41750000	42000000	1.08431
chr19	42000000	42250000	0.88728
chr19	42250000	42500000	0.407763
chr19	42500000	42750000	0.277785
chr19	42750000	43000000	-0.126744
chr19	43000000	43250000	-0.279849
chr19	43250000	43500000	0.0132862
chr19	43500000	43750000	0.589509
chr19	43750000	44000000	0.723194
chr19	44000000	44250000	0.855942
chr19	44250000	44500000	0.806755
chr19	44500000	44750000	0.736116
chr19	44750000	45000000	0.718998
chr19	45000000	45250000	0.724411
chr19	45250000	45500000	0.648397
chr19	45500000	45750000	0.633852
chr19	45750000	46000000	0.839236
chr19	46000000	46250000	0.975958
chr19	46250000	46500000	0.982118
chr19	46500000	46750000	0.909921
chr19	46750000	47000000	0.929651
chr19	47000000	47250000	1.01818
chr19	47250000	47500000	0.805973
chr19	47500000	47750000	0.637898
chr19	47750000	48000000	0.251257
chr19	48000000	48250000	-0.24017
chr19	48250000	48500000	-0.483516
chr19	48500000	48750000	-0.678835
chr19	48750000	49000000	-0.665807
chr19	49000000	49250000	-0.736871
chr19	49250000	49500000	-0.735929
chr19	49500000	49750000	-0.659471
chr19	49750000	50000000	-0.656018
chr19	50000000	50250000	-0.708242
chr19	50250000	50500000	-0.678578
chr19	50500000	50750000	-0.643457
chr19	50750000	51000000	-0.731394
chr19	51000000	51250000	-0.650238
chr19	51250000	51500000	-0.696722
chr19	51500000	51750000	-0.632026
chr19	51750000	52000000	-0.681301
chr19	52000000	52250000	-0.667089
chr19	52250000	52500000	-0.745226
chr19	52500000	52750000	-0.770275
chr19	52750000	53000000	-0.510011
chr19	53000000	53250000	0.373799
chr19	53250000	53500000	0.777761
chr19	53500000	53750000	0.856436
chr19	53750000	54000000	0.437977
chr19	54000000	54250000	-0.150158
chr19	54250000	54500000	-0.56063
chr19	54500000	54750000	-0.61208
chr19	54750000	55000000	-0.600422
chr19	55000000	55250000	-0.252362
chr19	55250000	55500000	0.0648184
chr19	55500000	55750000	0.232691
chr19	55750000	56000000	0.266821
chr19	56000000	56250000	0.0180881
chr19	56250000	56500000	0.322825
chr19	56500000	56750000	0.626788
chr19	56750000	57000000	0.60388
chr19	57000000	57250000	0.665979
chr19	57250000	57500000	0.427415
chr19	57500000	57750000	-0.0953355
chr19	57750000	58000000	-0.522565
chr19	58000000	58250000	-0.343925
chr19	58250000	58500000	-0.140686
chr19	58500000	58750000	-0.114542
chr19	58750000	59000000	0.253796
chr19	59000000	59250000	0.055794
chr19	59250000	59500000	-0.0273326
chr19	59500000	59750000	-0.453207
chr19	59750000	60000000	-0.632196
chr19	60000000	60250000	-0.446818
chr19	60250000	60500000	-0.252095
chr19	60500000	60750000	0.407222
chr19	60750000	61000000	0.936817
chr19	61000000	61250000	0.516352
chr19	61250000	61431566	nan
#bedGraph section chr2:0-182113224
chr2	0	250000	nan
chr2	250000	500000	nan
chr2	500000	750000	nan
chr2	750000	1000000	nan
chr2	1000000	1250000	nan
chr2	1250000	1500000	nan
chr2	1500000	1750000	nan
chr2	1750000	2000000	nan
chr2	2000000	2250000	nan
chr2	2250000	2500000	nan
chr2	2500000	2750000	nan
chr2	2750000	3000000	nan
chr2	3000000	3250000	-0.0622636
chr2	3250000	3500000	0.354187
chr2	3500000	3750000	0.255864
chr2	3750000	4000000	0.228743
chr2	4000000	4250000	0.208532
chr2	4250000	4500000	0.262898
chr2	4500000	4750000	0.580427
chr2	4750000	5000000	0.958712
chr2	5000000	5250000	0.791165
chr2	5250000	5500000	0.714338
chr2	5500000	5750000	0.575796
chr2	5750000	6000000	1.15834
chr2	6000000	6250000	0.904308
chr2	6250000	6500000	0.278981
chr2	6500000	6750000	0.0773644
chr2	6750000	7000000	-0.0277232
chr2	7000000	7250000	-0.0955351
chr2	7250000	7500000	-0.172938
chr2	7500000	7750000	-0.233677
chr2	7750000	8000000	-0.301889
chr2	8000000	8250000	-0.263478
chr2	8250000	8500000	-0.219115
chr2	8500000	8750000	-0.350154
chr2	8750000	9000000	-0.240352
chr2	9000000	9250000	-0.116562
chr2	9250000	9500000	-0.184385
chr2	9500000	9750000	-0.0255973
chr2	9750000	10000000	0.211934
chr2	10000000	10250000	0.229224
chr2	10250000	10500000	0.191663
chr2	10500000	10750000	-0.132177
chr2	10750000	11000000	-0.235704
chr2	11000000	11250000	-0.0854094
chr2	11250000	11500000	0.341735
chr2	11500000	11750000	0.636639
chr2	11750000	12000000	0.0129048
chr2	12000000	12250000	0.0834047
chr2	12250000	12500000	0.0232402
chr2	12500000	12750000	-0.272299
chr2	12750000	13000000	-0.193066
chr2	13000000	13250000	0.0297027
chr2	13250000	13500000	0.167306
chr2	13500000	13750000	0.036338
chr2	13750000	14000000	0.0154552
chr2	14000000	14250000	-0.0397639
chr2	14250000	14500000	-0.0583511
chr2	14500000	14750000	-0.233696
chr2	14750000	15000000	-0.20508
chr2	15000000	15250000	-0.179548
chr2	15250000	15500000	-0.157749
chr2	15500000	15750000	-0.251779
chr2	15750000	16000000	-0.271834
chr2	16000000	16250000	-0.294273
chr2	16250000	16500000	-0.281231
chr2	16500000	16750000	-0.215287
chr2	16750000	17000000	-0.209698
chr2	17000000	17250000	-0.244383
chr2	17250000	17500000	-0.136658
chr2	17500000	17750000	-0.0767191
chr2	17750000	18000000	0.361896
chr2	18000000	18250000	0.722523
chr2	18250000	18500000	0.304956
chr2	18500000	18750000	0.275923
chr2	18750000	19000000	0.200434
chr2	19000000	19250000	0.184744
chr2	19250000	19500000	0.109301
chr2	19500000	19750000	-0.0236801
chr2	19750000	20000000	-0.137031
chr2	20000000	20250000	-0.139738
chr2	20250000	20500000	0.00364399
chr2	20500000	20750000	0.326081
chr2	20750000	21000000	0.3795
chr2	21000000	21250000	0.176733
chr2	21250000	21500000	-0.154089
chr2	21500000	21750000	-0.208115
chr2	21750000	22000000	-0.181634
chr2	22000000	22250000	-0.178703
chr2	22250000	22500000	-0.159328
chr2	22500000	22750000	-0.0661249
chr2	22750000	23000000	0.110954
chr2	23000000	23250000	0.314069
chr2	23250000	23500000	-0.0876404
chr2	23500000	23750000	-0.0385166
chr2	23750000	24000000	-0.0549301
chr2	24000000	24250000	-0.0471417
chr2	24250000	24500000	0.133865
chr2	24500000	24750000	0.526021
chr2	24750000	25000000	0.884039
chr2	25000000	25250000	1.1871
chr2	25250000	25500000	1.53872
chr2	25500000	25750000	1.40054
chr2	25750000	26000000	1.18638
chr2	26000000	26250000	1.43706
chr2	26250000	26500000	1.58701
chr2	26500000	26750000	1.35213
chr2	26750000	27000000	1.51254
chr2	27000000	27250000	1.25486
chr2	27250000	27500000	1.31071
chr2	27500000	27750000	1.42224
chr2	27750000	28000000	1.04497
chr2	28000000	28250000	1.29666
chr2	28250000	28500000	1.27927
chr2	28500000	28750000	1.55662
chr2	28750000	29000000	1.53225
chr2	29000000	29250000	1.40317
chr2	29250000	29500000	1.34466
chr2	29500000	29750000	1.30138
chr2	29750000	30000000	1.86255
chr2	30000000	30250000	1.98544
chr2	30250000	30500000	1.80793
chr2	30500000	30750000	1.8392
chr2	30750000	31000000	1.50491
chr2	31000000	31250000	1.48406
chr2	31250000	31500000	1.44403
chr2	31500000	31750000	1.66524
chr2	31750000	32000000	1.59854
chr2	32000000	32250000	1.71876
chr2	32250000	32500000	1.9262
chr2	32500000	32750000	1.95008
chr2	32750000	33000000	1.78577
chr2	33000000	33250000	1.58275
chr2	33250000	33500000	1.52689
chr2	33500000	33750000	1.14995
chr2	33750000	34000000	0.765258
chr2	34000000	34250000	0.826136
chr2	34250000	34500000	0.974327
chr2	34500000	34750000	1.14207
chr2	34750000	35000000	1.17987
chr2	35000000	35250000	0.875544
chr2	35250000	35500000	0.619018
chr2	35500000	35750000	0.581174
chr2	35750000	36000000	0.394628
chr2	36000000	36250000	0.119638
chr2	36250000	36500000	-0.217591
chr2	36500000	36750000	-0.217136
chr2	36750000	37000000	-0.307745
chr2	37000000	37250000	-0.268353
chr2	37250000	37500000	0.0881054
chr2	37500000	37750000	0.451991
chr2	37750000	38000000	0.375992
chr2	38000000	38250000	0.425584
chr2	38250000	38500000	0.529571
chr2	38500000	38750000	0.677129
chr2	38750000	39000000	0.76418
chr2	39000000	39250000	0.476722
chr2	39250000	39500000	-0.206554
chr2	39500000	39750000	-0.33922
chr2	39750000	40000000	-0.461016
chr2	40000000	40250000	-0.435408
chr2	40250000	40500000	-0.456929
chr2	40500000	40750000	-0.45743
chr2	40750000	41000000	-0.521756
chr2	41000000	41250000	-0.378716
chr2	41250000	41500000	-0.414538
chr2	41500000	41750000	-0.351824
chr2	41750000	42000000	-0.579194
chr2	42000000	42250000	-0.417523
chr2	42250000	42500000	-0.506693
chr2	42500000	42750000	-0.494791
chr2	42750000	43000000	-0.531346
chr2	43000000	43250000	-0.465417
chr2	43250000	43500000	-0.454614
chr2	43500000	43750000	-0.360304
chr2	43750000	44000000	-0.337196
chr2	44000000	44250000	-0.333848
chr2	44250000	44500000	-0.227849
chr2	44500000	44750000	-0.072647
chr2	44750000	45000000	0.0568675
chr2	45000000	45250000	-0.280568
chr2	45250000	45500000	-0.423521
chr2	45500000	45750000	-0.43015
chr2	45750000	46000000	-0.410049
chr2	46000000	46250000	-0.47701
chr2	46250000	46500000	-0.39043
chr2	46500000	46750000	-0.449771
chr2	46750000	47000000	-0.463276
chr2	47000000	47250000	-0.501747
chr2	47250000	47500000	-0.504514
chr2	47500000	47750000	-0.481501
chr2	47750000	48000000	-0.519
chr2	48000000	48250000	-0.432234
chr2	48250000	48500000	-0.337091
chr2	48500000	48750000	-0.399211
chr2	48750000	49000000	0.0353192
chr2	49000000	49250000	0.210749
chr2	49250000	49500000	0.332727
chr2	49500000	49750000	0.408847
chr2	49750000	50000000	0.0750517
chr2	50000000	50250000	-0.142119
chr2	50250000	50500000	-0.110951
chr2	50500000	50750000	-0.127284
chr2	50750000	51000000	-0.0359484
chr2	51000000	51250000	0.107038
chr2	51250000	51500000	-0.238323
chr2	51500000	51750000	-0.200393
chr2	51750000	52000000	0.120147
chr2	52000000	52250000	0.788216
chr2	52250000	52500000	0.685286
chr2	52500000	52750000	0.590582
chr2	52750000	53000000	0.457755
chr2	53000000	53250000	0.18344
chr2	53250000	53500000	-0.360891
chr2	53500000	53750000	-0.435585
chr2	53750000	54000000	-0.485689
chr2	54000000	54250000	-0.486992
chr2	54250000	54500000	-0.545737
chr2	54500000	54750000	-0.524303
chr2	54750000	55000000	-0.412753
chr2	55000000	55250000	-0.487956
chr2	55250000	55500000	-0.556299
chr2	55500000	55750000	-0.550284
chr2	55750000	56000000	-0.591275
chr2	56000000	56250000	-0.503288
chr2	56250000	56500000	-0.542159
chr2	56500000	56750000	-0.502266
chr2	56750000	57000000	-0.393833
chr2	57000000	57250000	-0.00873033
chr2	57250000	57500000	0.152018
chr2	57500000	57750000	-0.342633
chr2	57750000	58000000	-0.511426
chr2	58000000	58250000	-0.532451
chr2	58250000	58500000	-0.430241
chr2	58500000	58750000	-0.182556
chr2	58750000	59000000	-0.129661
chr2	59000000	59250000	0.14723
chr2	59250000	59500000	0.356786
chr2	59500000	59750000	0.817259
chr2	59750000	60000000	0.941545
chr2	60000000	60250000	0.921276
chr2	60250000	60500000	0.234466
chr2	60500000	60750000	-0.252277
chr2	60750000	61000000	-0.299966
chr2	61000000	61250000	-0.394194
chr2	61250000	61500000	-0.334966
chr2	61500000	61750000	0.149629
chr2	61750000	62000000	-0.0556877
chr2	62000000	62250000	-0.137605
chr2	62250000	62500000	-0.243758
chr2	62500000	62750000	-0.269396
chr2	62750000	63000000	-0.446889
chr2	63000000	63250000	-0.569026
chr2	63250000	63500000	-0.494728
chr2	63500000	63750000	-0.506719
chr2	63750000	64000000	-0.441551
chr2	64000000	64250000	-0.543403
chr2	64250000	64500000	-0.54243
chr2	64500000	64750000	-0.547354
chr2	64750000	65000000	-0.494581
chr2	65000000	65250000	-0.263224
chr2	65250000	65500000	-0.041542
chr2	65500000	65750000	-0.234207
chr2	65750000	66000000	-0.142822
chr2	66000000	66250000	-0.137331
chr2	66250000	66500000	-0.463776
chr2	66500000	66750000	-0.510944
chr2	66750000	67000000	-0.61665
chr2	67000000	67250000	-0.592931
chr2	67250000	67500000	-0.576856
chr2	67500000	67750000	-0.551238
chr2	67750000	68000000	-0.560784
chr2	68000000	68250000	-0.431857
chr2	68250000	68500000	-0.328177
chr2	68500000	68750000	-0.306697
chr2	68750000	69000000	0.0600881
chr2	69000000	69250000	0.178737
chr2	69250000	69500000	0.329764
chr2	69500000	69750000	0.920041
chr2	69750000	70000000	1.5324
chr2	70000000	70250000	0.701122
chr2	70250000	70500000	0.659475
chr2	70500000	70750000	0.774718
chr2	70750000	71000000	1.33637
chr2	71000000	71250000	1.25246
chr2	71250000	71500000	1.59605
chr2	71500000	71750000	1.52431
chr2	71750000	72000000	1.23554
chr2	72000000	72250000	0.961935
chr2	72250000	72500000	1.20162
chr2	72500000	72750000	1.02692
chr2	72750000	73000000	1.30623
chr2	73000000	73250000	1.59261
chr2	73250000	73500000	1.11627
chr2	73500000	73750000	0.926404
chr2	73750000	74000000	0.752492
chr2	74000000	74250000	-0.0571766
chr2	74250000	74500000	-0.049303
chr2	74500000	74750000	0.100811
chr2	74750000	75000000	0.213044
chr2	75000000	75250000	0.024563
chr2	75250000	75500000	0.219288
chr2	75500000	75750000	0.916806
chr2	75750000	76000000	0.979769
chr2	76000000	76250000	0.520289
chr2	76250000	76500000	0.850698
chr2	76500000	76750000	0.84988
chr2	76750000	77000000	0.487728
chr2	77000000	77250000	0.130108
chr2	77250000	77500000	0.00473648
chr2	77500000	77750000	-0.290973
chr2	77750000	78000000	0.00880327
chr2	78000000	78250000	-0.434005
chr2	78250000	78500000	-0.505481
chr2	78500000	78750000	-0.384938
chr2	78750000	79000000	-0.155466
chr2	79000000	79250000	-0.378629
chr2	79250000	79500000	-0.399617
chr2	79500000	79750000	-0.380239
chr2	79750000	80000000	-0.421125
chr2	80000000	80250000	-0.361127
chr2	80250000	80500000	0.159035
chr2	80500000	80750000	0.254434
chr2	80750000	81000000	-0.339127
chr2	81000000	81250000	-0.479044
chr2	81250000	81500000	-0.503663
chr2	81500000	81750000	-0.499898
chr2	81750000	82000000	-0.417485
chr2	82000000	82250000	-0.514051
chr2	82250000	82500000	-0.46726
chr2	82500000	82750000	-0.517355
chr2	82750000	83000000	-0.487414
chr2	83000000	83250000	-0.524631
chr2	83250000	83500000	-0.379352
chr2	83500000	83750000	0.0253977
chr2	83750000	84000000	0.104859
chr2	84000000	84250000	-0.228882
chr2	84250000	84500000	-0.122854
chr2	84500000	84750000	0.903003
chr2	84750000	85000000	0.937796
chr2	85000000	85250000	0.158557
chr2	85250000	85500000	-0.342364
chr2	85500000	85750000	-0.474624
chr2	85750000	86000000	-0.466949
chr2	86000000	86250000	-0.464907
chr2	86250000	86500000	-0.530521
chr2	86500000	86750000	-0.473666
chr2	86750000	87000000	-0.421982
chr2	87000000	87250000	-0.435645
chr2	87250000	87500000	-0.353309
chr2	87500000	87750000	-0.256328
chr2	87750000	88000000	-0.505699
chr2	88000000	88250000	-0.516149
chr2	88250000	88500000	-0.497831
chr2	88500000	88750000	-0.496756
chr2	88750000	89000000	-0.480263
chr2	89000000	89250000	-0.53056
chr2	89250000	89500000	-0.530868
chr2	89500000	89750000	-0.515939
chr2	89750000	90000000	-0.463003
chr2	90000000	90250000	-0.391534
chr2	90250000	90500000	-0.12181
chr2	90500000	90750000	0.605131
chr2	90750000	91000000	1.5376
chr2	91000000	91250000	2.2615
chr2	91250000	91500000	2.27497
chr2	91500000	91750000	2.29598
chr2	91750000	92000000	1.99156
chr2	92000000	92250000	1.45745
chr2	92250000	92500000	1.35357
chr2	92500000	92750000	0.697573
chr2	92750000	93000000	0.520056
chr2	93000000	93250000	0.660112
chr2	93250000	93500000	0.572986
chr2	93500000	93750000	0.687432
chr2	93750000	94000000	0.732186
chr2	94000000	94250000	0.610089
chr2	94250000	94500000	0.162255
chr2	94500000	94750000	-0.461483
chr2	94750000	95000000	-0.492014
chr2	95000000	95250000	-0.431523
chr2	95250000	95500000	-0.403877
chr2	95500000	95750000	-0.446391
chr2	95750000	96000000	-0.482345
chr2	96000000	96250000	-0.523293
chr2	96250000	96500000	-0.514254
chr2	96500000	96750000	-0.515669
chr2	96750000	97000000	-0.540913
chr2	97000000	97250000	-0.567559
chr2	97250000	97500000	-0.562014
chr2	97500000	97750000	-0.546825
chr2	97750000	98000000	-0.542368
chr2	98000000	98250000	-0.450576
chr2	98250000	98500000	-0.496313
chr2	98500000	98750000	-0.16097
chr2	98750000	99000000	-0.534898
chr2	99000000	99250000	-0.46875
chr2	99250000	99500000	-0.589928
chr2	99500000	99750000	-0.551165
chr2	99750000	100000000	-0.561946
chr2	100000000	100250000	-0.537942
chr2	100250000	100500000	-0.530991
chr2	100500000	100750000	nan
chr2	100750000	101000000	-0.478828
chr2	101000000	101250000	-0.529899
chr2	101250000	101500000	-0.429445
chr2	101500000	101750000	-0.0171615
chr2	101750000	102000000	0.0907658
chr2	102000000	102250000	0.0847522
chr2	102250000	102500000	-0.0408196
chr2	102500000	102750000	-0.198507
chr2	102750000	103000000	-0.100304
chr2	103000000	103250000	0.0492887
chr2	103250000	103500000	0.281183
chr2	103500000	103750000	0.996754
chr2	103750000	104000000	1.41687
chr2	104000000	104250000	1.15761
chr2	104250000	104500000	1.14588
chr2	104500000	104750000	1.6193
chr2	104750000	105000000	0.994986
chr2	105000000	105250000	0.362745
chr2	105250000	105500000	0.167195
chr2	105500000	105750000	0.143748
chr2	105750000	106000000	0.107023
chr2	106000000	106250000	-0.117915
chr2	106250000	106500000	-0.332959
chr2	106500000	106750000	0.00164201
chr2	106750000	107000000	0.06394
chr2	107000000	107250000	-0.325512
chr2	107250000	107500000	-0.425259
chr2	107500000	107750000	-0.52477
chr2	107750000	108000000	-0.378544
chr2	108000000	108250000	-0.359306
chr2	108250000	108500000	-0.350344
chr2	108500000	108750000	-0.403123
chr2	108750000	109000000	-0.42773
chr2	109000000	109250000	-0.332716
chr2	109250000	109500000	-0.11381
chr2	109500000	109750000	-0.35881
chr2	109750000	110000000	-0.0981337
chr2	110000000	110250000	-0.226767
chr2	110250000	110500000	-0.426878
chr2	110500000	110750000	-0.429815
chr2	110750000	111000000	-0.405223
chr2	111000000	111250000	-0.374709
chr2	111250000	111500000	-0.381772
chr2	111500000	111750000	-0.33692
chr2	111750000	112000000	-0.395201
chr2	112000000	112250000	-0.225245
chr2	112250000	112500000	0.459811
chr2	112500000	112750000	0.34416
chr2	112750000	113000000	-0.119015
chr2	113000000	113250000	-0.05156
chr2	113250000	113500000	0.00282621
chr2	113500000	113750000	0.026709
chr2	113750000	114000000	0.00169279
chr2	114000000	114250000	-0.073376
chr2	114250000	114500000	-0.418332
chr2	114500000	114750000	-0.314178
chr2	114750000	115000000	-0.549764
chr2	115000000	115250000	-0.566266
chr2	115250000	115500000	-0.468502
chr2	115500000	115750000	0.0819436
chr2	115750000	116000000	-0.214475
chr2	116000000	116250000	-0.456181
chr2	116250000	116500000	-0.561693
chr2	116500000	116750000	-0.448101
chr2	116750000	117000000	-0.124979
chr2	117000000	117250000	0.194371
chr2	117250000	117500000	0.0486646
chr2	117500000	117750000	-0.104752
chr2	117750000	118000000	-0.036348
chr2	118000000	118250000	0.133737
chr2	118250000	118500000	0.598298
chr2	118500000	118750000	0.929363
chr2	118750000	119000000	1.20719
chr2	119000000	119250000	1.68171
chr2	119250000	119500000	1.86018
chr2	119500000	119750000	1.9644
chr2	119750000	120000000	1.9779
chr2	120000000	120250000	1.84574
chr2	120250000	120500000	1.8449
chr2	120500000	120750000	1.89797
chr2	120750000	121000000	1.87481
chr2	121000000	121250000	1.64877
chr2	121250000	121500000	1.66292
chr2	121500000	121750000	1.2675
chr2	121750000	122000000	1.26933
chr2	122000000	122250000	0.883473
chr2	122250000	122500000	0.349062
chr2	122500000	122750000	0.0714008
chr2	122750000	123000000	-0.330092
chr2	123000000	123250000	-0.408557
chr2	123250000	123500000	-0.438037
chr2	123500000	123750000	-0.517006
chr2	123750000	124000000	-0.424948
chr2	124000000	124250000	-0.408838
chr2	124250000	124500000	-0.305112
chr2	124500000	124750000	-0.32378
chr2	124750000	125000000	-0.225591
chr2	125000000	125250000	0.277854
chr2	125250000	125500000	0.0283598
chr2	125500000	125750000	0.192635
chr2	125750000	126000000	0.206097
chr2	126000000	126250000	-0.0677799
chr2	126250000	126500000	0.032108
chr2	126500000	126750000	0.531343
chr2	126750000	127000000	1.01817
chr2	127000000	127250000	1.25259
chr2	127250000	127500000	1.10202
chr2	127500000	127750000	1.10298
chr2	127750000	128000000	0.947673
chr2	128000000	128250000	0.871044
chr2	128250000	128500000	0.893248
chr2	128500000	128750000	1.12126
chr2	128750000	129000000	1.31416
chr2	129000000	129250000	1.19439
chr2	129250000	129500000	0.585895
chr2	129500000	129750000	0.592874
chr2	129750000	130000000	0.892451
chr2	130000000	130250000	1.04221
chr2	130250000	130500000	1.32232
chr2	130500000	130750000	1.44143
chr2	130750000	131000000	1.27016
chr2	131000000	131250000	1.1422
chr2	131250000	131500000	1.0734
chr2	131500000	131750000	0.543883
chr2	131750000	132000000	0.434515
chr2	132000000	132250000	0.655264
chr2	132250000	132500000	0.719566
chr2	132500000	132750000	0.729032
chr2	132750000	133000000	0.248651
chr2	133000000	133250000	-0.144221
chr2	133250000	133500000	-0.33115
chr2	133500000	133750000	-0.286781
chr2	133750000	134000000	-0.371445
chr2	134000000	134250000	-0.449782
chr2	134250000	134500000	-0.332169
chr2	134500000	134750000	-0.3155
chr2	134750000	135000000	-0.331499
chr2	135000000	135250000	-0.240022
chr2	135250000	135500000	-0.280067
chr2	135500000	135750000	-0.325676
chr2	135750000	136000000	-0.275255
chr2	136000000	136250000	-0.34439
chr2	136250000	136500000	-0.348488
chr2	136500000	136750000	-0.273389
chr2	136750000	137000000	-0.0429007
chr2	137000000	137250000	-0.149131
chr2	137250000	137500000	-0.362006
chr2	137500000	137750000	-0.408702
chr2	137750000	138000000	-0.492219
chr2	138000000	138250000	-0.367573
chr2	138250000	138500000	-0.399014
chr2	138500000	138750000	-0.345459
chr2	138750000	139000000	-0.390072
chr2	139000000	139250000	-0.448505
chr2	139250000	139500000	-0.348028
chr2	139500000	139750000	-0.268944
chr2	139750000	140000000	-0.0194812
chr2	140000000	140250000	0.289494
chr2	140250000	140500000	-0.0810523
chr2	140500000	140750000	-0.215052
chr2	140750000	141000000	-0.239724
chr2	141000000	141250000	-0.341625
chr2	141250000	141500000	-0.303302
chr2	141500000	141750000	-0.420324
chr2	141750000	142000000	-0.501279
chr2	142000000	142250000	-0.470133
chr2	142250000	142500000	-0.283034
chr2	142500000	142750000	-0.0266189
chr2	142750000	143000000	0.127413
chr2	143000000	143250000	-0.220396
chr2	143250000	143500000	-0.437974
chr2	143500000	143750000	-0.397771
chr2	143750000	144000000	0.0346535
chr2	144000000	144250000	0.418304
chr2	144250000	144500000	0.854436
chr2	144500000	144750000	0.292065
chr2	144750000	145000000	-0.204353
chr2	145000000	145250000	-0.270338
chr2	145250000	145500000	-0.0770652
chr2	145500000	145750000	-0.0330483
chr2	145750000	146000000	0.361955
chr2	146000000	146250000	0.0134747
chr2	146250000	146500000	-0.0124094
chr2	146500000	146750000	-0.00994576
chr2	146750000	147000000	0.0988411
chr2	147000000	147250000	0.0952078
chr2	147250000	147500000	-0.312251
chr2	147500000	147750000	-0.403486
chr2	147750000	148000000	-0.29634
chr2	148000000	148250000	-0.346841
chr2	148250000	148500000	-0.329614
chr2	148500000	148750000	-0.0934575
chr2	148750000	149000000	-0.312678
chr2	149000000	149250000	-0.462946
chr2	149250000	149500000	-0.297811
chr2	149500000	149750000	-0.330619
chr2	149750000	150000000	-0.291614
chr2	150000000	150250000	-0.0453266
chr2	150250000	150500000	0.220629
chr2	150500000	150750000	0.534578
chr2	150750000	151000000	0.523241
chr2	151000000	151250000	0.0187856
chr2	151250000	151500000	nan
chr2	151500000	151750000	0.368943
chr2	151750000	152000000	0.4653
chr2	152000000	152250000	0.863957
chr2	152250000	152500000	0.965288
chr2	152500000	152750000	0.897853
chr2	152750000	153000000	1.1699
chr2	153000000	153250000	1.11004
chr2	153250000	153500000	1.2378
chr2	153500000	153750000	1.17554
chr2	153750000	154000000	0.713393
chr2	154000000	154250000	0.515388
chr2	154250000	154500000	1.03464
chr2	154500000	154750000	1.08018
chr2	154750000	155000000	1.35108
chr2	155000000	155250000	1.24435
chr2	155250000	155500000	1.28179
chr2	155500000	155750000	1.55771
chr2	155750000	156000000	1.36865
chr2	156000000	156250000	1.53764
chr2	156250000	156500000	1.23803
chr2	156500000	156750000	1.12222
chr2	156750000	157000000	1.02043
chr2	157000000	157250000	1.1147
chr2	157250000	157500000	1.03105
chr2	157500000	157750000	0.744562
chr2	157750000	158000000	0.770619
chr2	158000000	158250000	0.69235
chr2	158250000	158500000	0.72229
chr2	158500000	158750000	0.509519
chr2	158750000	159000000	0.108593
chr2	159000000	159250000	-0.204666
chr2	159250000	159500000	-0.298503
chr2	159500000	159750000	-0.354943
chr2	159750000	160000000	-0.301452
chr2	160000000	160250000	-0.254408
chr2	160250000	160500000	-0.163228
chr2	160500000	160750000	0.202677
chr2	160750000	161000000	0.217989
chr2	161000000	161250000	-0.0355029
chr2	161250000	161500000	-0.124882
chr2	161500000	161750000	-0.20007
chr2	161750000	162000000	-0.206696
chr2	162000000	162250000	-0.252639
chr2	162250000	162500000	-0.247038
chr2	162500000	162750000	-0.166315
chr2	162750000	163000000	0.265232
chr2	163000000	163250000	0.460012
chr2	163250000	163500000	0.651309
chr2	163500000	163750000	0.722803
chr2	163750000	164000000	0.57516
chr2	164000000	164250000	0.832529
chr2	164250000	164500000	0.76906
chr2	164500000	164750000	0.992981
chr2	164750000	165000000	1.14064
chr2	165000000	165250000	0.869867
chr2	165250000	165500000	0.872571
chr2	165500000	165750000	0.756173
chr2	165750000	166000000	0.999734
chr2	166000000	166250000	0.872655
chr2	166250000	166500000	0.826027
chr2	166500000	166750000	1.03362
chr2	166750000	167000000	1.23256
chr2	167000000	167250000	1.28249
chr2	167250000	167500000	1.1041
chr2	167500000	167750000	1.04488
chr2	167750000	168000000	1.04518
chr2	168000000	168250000	1.01439
chr2	168250000	168500000	0.921878
chr2	168500000	168750000	0.921065
chr2	168750000	169000000	0.71487
chr2	169000000	169250000	0.132356
chr2	169250000	169500000	0.0236141
chr2	169500000	169750000	-0.0728502
chr2	169750000	170000000	0.111933
chr2	170000000	170250000	0.554242
chr2	170250000	170500000	0.355991
chr2	170500000	170750000	0.0668617
chr2	170750000	171000000	-0.101191
chr2	171000000	171250000	-0.261082
chr2	171250000	171500000	-0.285969
chr2	171500000	171750000	-0.288347
chr2	171750000	172000000	-0.0189263
chr2	172000000	172250000	0.0945002
chr2	172250000	172500000	0.457497
chr2	172500000	172750000	0.669552
chr2	172750000	173000000	0.403622
chr2	173000000	173250000	0.375074
chr2	173250000	173500000	0.181007
chr2	173500000	173750000	0.120599
chr2	173750000	174000000	0.0676188
chr2	174000000	174250000	-0.0223513
chr2	174250000	174500000	0.179526
chr2	174500000	174750000	0.0769355
chr2	174750000	175000000	0.0750436
chr2	175000000	175250000	-0.0541365
chr2	175250000	175500000	nan
chr2	175500000	175750000	nan
chr2	175750000	176000000	nan
chr2	176000000	176250000	nan
chr2	176250000	176500000	nan
chr2	176500000	176750000	nan
chr2	176750000	177000000	nan
chr2	177000000	177250000	-9.09594e-05
chr2	177250000	177500000	-0.0844782
chr2	177500000	177750000	-0.184417
chr2	177750000	178000000	-0.0661321
chr2	178000000	178250000	-0.133441
chr2	178250000	178500000	-0.0705322
chr2	178500000	178750000	-0.0279766
chr2	178750000	179000000	-0.162787
chr2	179000000	179250000	-0.0110408
chr2	179250000	179500000	0.133714
chr2	179500000	179750000	0.389653
chr2	179750000	180000000	0.721814
chr2	180000000	180250000	1.00583
chr2	180250000	180500000	0.842988
chr2	180500000	180750000	1.07827
chr2	180750000	181000000	1.14703
chr2	181000000	181250000	1.22376
chr2	181250000	181500000	1.43417
chr2	181500000	181750000	1.62978
chr2	181750000	182000000	1.03806
chr2	182000000	182113224	nan
#bedGraph section chr3:0-160039680
chr3	0	250000	nan
chr3	250000	500000	nan
chr3	500000	750000	nan
chr3	750000	1000000	nan
chr3	1000000	1250000	nan
chr3	1250000	1500000	nan
chr3	1500000	1750000	nan
chr3	1750000	2000000	nan
chr3	2000000	2250000	nan
chr3	2250000	2500000	nan
chr3	2500000	2750000	nan
chr3	2750000	3000000	nan
chr3	3000000	3250000	-0.142032
chr3	3250000	3500000	-0.132318
chr3	3500000	3750000	-0.487453
chr3	3750000	4000000	-0.3698
chr3	4000000	4250000	-0.201369
chr3	4250000	4500000	-0.200142
chr3	4500000	4750000	-0.227943
chr3	4750000	5000000	-0.286358
chr3	5000000	5250000	-0.202363
chr3	5250000	5500000	-0.0781366
chr3	5500000	5750000	0.314252
chr3	5750000	6000000	-0.0314848
chr3	6000000	6250000	-0.160066
chr3	6250000	6500000	-0.0379516
chr3	6500000	6750000	-0.224665
chr3	6750000	7000000	-0.209731
chr3	7000000	7250000	-0.202912
chr3	7250000	7500000	0.0499255
chr3	7500000	7750000	0.170806
chr3	7750000	8000000	-0.27845
chr3	8000000	8250000	0.147418
chr3	8250000	8500000	0.145343
chr3	8500000	8750000	0.768967
chr3	8750000	9000000	1.73519
chr3	9000000	9250000	2.02788
chr3	9250000	9500000	1.80342
chr3	9500000	9750000	1.30623
chr3	9750000	10000000	1.42154
chr3	10000000	10250000	1.13246
chr3	10250000	10500000	1.13244
chr3	10500000	10750000	0.133957
chr3	10750000	11000000	-0.253207
chr3	11000000	11250000	-0.231802
chr3	11250000	11500000	-0.240387
chr3	11500000	11750000	-0.232498
chr3	11750000	12000000	-0.27343
chr3	12000000	12250000	-0.0775338
chr3	12250000	12500000	-0.110198
chr3	12500000	12750000	-0.155845
chr3	12750000	13000000	0.11731
chr3	13000000	13250000	-0.258413
chr3	13250000	13500000	-0.341251
chr3	13500000	13750000	-0.193713
chr3	13750000	14000000	-0.302656
chr3	14000000	14250000	-0.497682
chr3	14250000	14500000	-0.304128
chr3	14500000	14750000	-0.0513327
chr3	14750000	15000000	-0.260787
chr3	15000000	15250000	-0.166072
chr3	15250000	15500000	-0.308476
chr3	15500000	15750000	nan
chr3	15750000	16000000	-0.399707
chr3	16000000	16250000	0.292244
chr3	16250000	16500000	0.14521
chr3	16500000	16750000	-0.23247
chr3	16750000	17000000	-0.338297
chr3	17000000	17250000	-0.41655
chr3	17250000	17500000	-0.366671
chr3	17500000	17750000	-0.248018
chr3	17750000	18000000	-0.260627
chr3	18000000	18250000	-0.120367
chr3	18250000	18500000	0.121089
chr3	18500000	18750000	-0.0556169
chr3	18750000	19000000	-0.182358
chr3	19000000	19250000	0.352073
chr3	19250000	19500000	0.532111
chr3	19500000	19750000	0.269037
chr3	19750000	20000000	0.38556
chr3	20000000	20250000	0.501305
chr3	20250000	20500000	-0.102792
chr3	20500000	20750000	-0.0656435
chr3	20750000	21000000	-0.188585
chr3	21000000	21250000	-0.357768
chr3	21250000	21500000	-0.00272293
chr3	21500000	21750000	0.179978
chr3	21750000	22000000	0.478174
chr3	22000000	22250000	0.719006
chr3	22250000	22500000	-0.184283
chr3	22500000	22750000	-0.394237
chr3	22750000	23000000	-0.226318
chr3	23000000	23250000	-0.275644
chr3	23250000	23500000	-0.252132
chr3	23500000	23750000	-0.159727
chr3	23750000	24000000	-0.263308
chr3	24000000	24250000	-0.089588
chr3	24250000	24500000	-0.123517
chr3	24500000	24750000	-0.0397013
chr3	24750000	25000000	-0.103261
chr3	25000000	25250000	-0.137528
chr3	25250000	25500000	-0.208209
chr3	25500000	25750000	-0.279011
chr3	25750000	26000000	-0.446977
chr3	26000000	26250000	-0.306403
chr3	26250000	26500000	-0.207189
chr3	26500000	26750000	0.0178684
chr3	26750000	27000000	0.0326238
chr3	27000000	27250000	0.971655
chr3	27250000	27500000	0.994298
chr3	27500000	27750000	0.970351
chr3	27750000	28000000	0.691535
chr3	28000000	28250000	0.699174
chr3	28250000	28500000	0.364539
chr3	28500000	28750000	0.344174
chr3	28750000	29000000	0.312916
chr3	29000000	29250000	0.0470874
chr3	29250000	29500000	-0.0455626
chr3	29500000	29750000	-0.042963
chr3	29750000	30000000	0.0329102
chr3	30000000	30250000	0.0368932
chr3	30250000	30500000	0.38739
chr3	30500000	30750000	0.938795
chr3	30750000	31000000	1.29295
chr3	31000000	31250000	0.791211
chr3	31250000	31500000	0.480451
chr3	31500000	31750000	0.178639
chr3	31750000	32000000	0.294669
chr3	32000000	32250000	0.467373
chr3	32250000	32500000	0.981365
chr3	32500000	32750000	1.21894
chr3	32750000	33000000	0.48137
chr3	33000000	33250000	0.0267021
chr3	33250000	33500000	-0.0619802
chr3	33500000	33750000	0.111476
chr3	33750000	34000000	0.817952
chr3	34000000	34250000	0.947369
chr3	34250000	34500000	0.617126
chr3	34500000	34750000	0.840035
chr3	34750000	35000000	0.552445
chr3	35000000	35250000	0.248459
chr3	35250000	35500000	0.489261
chr3	35500000	35750000	0.546583
chr3	35750000	36000000	0.985527
chr3	36000000	36250000	0.919408
chr3	36250000	36500000	0.891898
chr3	36500000	36750000	0.838717
chr3	36750000	37000000	0.737255
chr3	37000000	37250000	0.439877
chr3	37250000	37500000	0.864983
chr3	37500000	37750000	0.692516
chr3	37750000	38000000	0.211621
chr3	38000000	38250000	0.0354597
chr3	38250000	38500000	0.128169
chr3	38500000	38750000	0.111733
chr3	38750000	39000000	-0.0611929
chr3	39000000	39250000	-0.275324
chr3	39250000	39500000	-0.303051
chr3	39500000	39750000	-0.142839
chr3	39750000	40000000	-0.254685
chr3	40000000	40250000	-0.454636
chr3	40250000	40500000	-0.15935
chr3	40500000	40750000	0.55797
chr3	40750000	41000000	1.22684
chr3	41000000	41250000	0.829705
chr3	41250000	41500000	0.595003
chr3	41500000	41750000	0.375333
chr3	41750000	42000000	-0.311431
chr3	42000000	42250000	-0.58815
chr3	42250000	42500000	-0.6146
chr3	42500000	42750000	-0.528701
chr3	42750000	43000000	-0.410707
chr3	43000000	43250000	-0.499912
chr3	43250000	43500000	-0.440553
chr3	43500000	43750000	-0.480148
chr3	43750000	44000000	-0.48086
chr3	44000000	44250000	-0.425038
chr3	44250000	44500000	-0.362893
chr3	44500000	44750000	-0.421548
chr3	44750000	45000000	-0.478745
chr3	45000000	45250000	-0.37918
chr3	45250000	45500000	-0.36244
chr3	45500000	45750000	-0.4492
chr3	45750000	46000000	-0.474258
chr3	46000000	46250000	-0.37593
chr3	46250000	46500000	-0.406355
chr3	46500000	46750000	-0.440416
chr3	46750000	47000000	-0.477017
chr3	47000000	47250000	-0.449131
chr3	47250000	47500000	-0.505628
chr3	47500000	47750000	-0.502098
chr3	47750000	48000000	-0.462086
chr3	48000000	48250000	-0.41968
chr3	48250000	48500000	-0.47648
chr3	48500000	48750000	-0.380233
chr3	48750000	49000000	-0.378183
chr3	49000000	49250000	-0.40962
chr3	49250000	49500000	-0.370391
chr3	49500000	49750000	-0.385565
chr3	49750000	50000000	-0.462163
chr3	50000000	50250000	-0.269583
chr3	50250000	50500000	-0.170067
chr3	50500000	50750000	-0.105607
chr3	50750000	51000000	0.0680076
chr3	51000000	51250000	0.405591
chr3	51250000	51500000	1.1385
chr3	51500000	51750000	0.627666
chr3	51750000	52000000	0.502277
chr3	52000000	52250000	0.48253
chr3	52250000	52500000	0.804492
chr3	52500000	52750000	0.408548
chr3	52750000	53000000	0.39233
chr3	53000000	53250000	0.682531
chr3	53250000	53500000	0.712746
chr3	53500000	53750000	0.622345
chr3	53750000	54000000	0.266385
chr3	54000000	54250000	-0.0497124
chr3	54250000	54500000	0.144707
chr3	54500000	54750000	0.84445
chr3	54750000	55000000	0.526326
chr3	55000000	55250000	0.287633
chr3	55250000	55500000	0.0626908
chr3	55500000	55750000	-0.0952948
chr3	55750000	56000000	-0.35661
chr3	56000000	56250000	-0.434284
chr3	56250000	56500000	-0.282987
chr3	56500000	56750000	-0.396399
chr3	56750000	57000000	-0.366488
chr3	57000000	57250000	-0.441656
chr3	57250000	57500000	0.140553
chr3	57500000	57750000	0.688764
chr3	57750000	58000000	0.465111
chr3	58000000	58250000	0.32651
chr3	58250000	58500000	0.861955
chr3	58500000	58750000	0.902803
chr3	58750000	59000000	0.691827
chr3	59000000	59250000	0.635045
chr3	59250000	59500000	-0.125269
chr3	59500000	59750000	-0.40817
chr3	59750000	60000000	-0.445196
chr3	60000000	60250000	-0.421288
chr3	60250000	60500000	-0.397222
chr3	60500000	60750000	-0.29143
chr3	60750000	61000000	-0.107228
chr3	61000000	61250000	-0.384014
chr3	61250000	61500000	-0.153831
chr3	61500000	61750000	-0.368984
chr3	61750000	62000000	-0.368041
chr3	62000000	62250000	-0.169133
chr3	62250000	62500000	0.228995
chr3	62500000	62750000	-0.169977
chr3	62750000	63000000	-0.208892
chr3	63000000	63250000	-0.173812
chr3	63250000	63500000	-0.201832
chr3	63500000	63750000	-0.181155
chr3	63750000	64000000	0.203867
chr3	64000000	64250000	-0.0524838
chr3	64250000	64500000	-0.390831
chr3	64500000	64750000	-0.456895
chr3	64750000	65000000	-0.419609
chr3	65000000	65250000	-0.193174
chr3	65250000	65500000	0.395625
chr3	65500000	65750000	0.621213
chr3	65750000	66000000	0.524135
chr3	66000000	66250000	0.0391158
chr3	66250000	66500000	-0.00570225
chr3	66500000	66750000	0.0191909
chr3	66750000	67000000	0.269758
chr3	67000000	67250000	0.420669
chr3	67250000	67500000	0.469262
chr3	67500000	67750000	0.305442
chr3	67750000	68000000	0.0171266
chr3	68000000	68250000	-0.166307
chr3	68250000	68500000	0.11691
chr3	68500000	68750000	0.385311
chr3	68750000	69000000	0.732514
chr3	69000000	69250000	0.850734
chr3	69250000	69500000	0.945768
chr3	69500000	69750000	0.787729
chr3	69750000	70000000	0.444467
chr3	70000000	70250000	-0.192649
chr3	70250000	70500000	-0.22179
chr3	70500000	70750000	-0.420261
chr3	70750000	71000000	-0.428949
chr3	71000000	71250000	-0.460604
chr3	71250000	71500000	-0.454913
chr3	71500000	71750000	-0.496977
chr3	71750000	72000000	-0.486424
chr3	72000000	72250000	-0.431714
chr3	72250000	72500000	-0.519725
chr3	72500000	72750000	-0.471282
chr3	72750000	73000000	-0.546626
chr3	73000000	73250000	-0.510861
chr3	73250000	73500000	-0.514292
chr3	73500000	73750000	-0.369369
chr3	73750000	74000000	-0.34215
chr3	74000000	74250000	-0.472921
chr3	74250000	74500000	-0.549031
chr3	74500000	74750000	-0.493884
chr3	74750000	75000000	-0.550851
chr3	75000000	75250000	-0.43331
chr3	75250000	75500000	-0.330597
chr3	75500000	75750000	-0.0076481
chr3	75750000	76000000	-0.0271447
chr3	76000000	76250000	-0.278773
chr3	76250000	76500000	-0.436229
chr3	76500000	76750000	-0.329155
chr3	76750000	77000000	-0.328778
chr3	77000000	77250000	-0.445787
chr3	77250000	77500000	-0.374334
chr3	77500000	77750000	-0.432104
chr3	77750000	78000000	-0.423173
chr3	78000000	78250000	-0.307071
chr3	78250000	78500000	-0.276981
chr3	78500000	78750000	-0.287003
chr3	78750000	79000000	-0.0145109
chr3	79000000	79250000	0.506552
chr3	79250000	79500000	0.750057
chr3	79500000	79750000	0.406112
chr3	79750000	80000000	-0.116089
chr3	80000000	80250000	-0.371416
chr3	80250000	80500000	-0.452145
chr3	80500000	80750000	-0.532
chr3	80750000	81000000	-0.384636
chr3	81000000	81250000	-0.424879
chr3	81250000	81500000	-0.503588
chr3	81500000	81750000	-0.534825
chr3	81750000	82000000	-0.376131
chr3	82000000	82250000	-0.242261
chr3	82250000	82500000	-0.0905672
chr3	82500000	82750000	-0.120035
chr3	82750000	83000000	0.0484729
chr3	83000000	83250000	0.0466345
chr3	83250000	83500000	-0.294134
chr3	83500000	83750000	-0.015986
chr3	83750000	84000000	0.759565
chr3	84000000	84250000	0.77017
chr3	84250000	84500000	0.77909
chr3	84500000	84750000	0.767482
chr3	84750000	85000000	0.557177
chr3	85000000	85250000	0.269632
chr3	85250000	85500000	0.170201
chr3	85500000	85750000	0.643339
chr3	85750000	86000000	0.773291
chr3	86000000	86250000	0.875024
chr3	86250000	86500000	0.858791
chr3	86500000	86750000	0.663965
chr3	86750000	87000000	0.918581
chr3	87000000	87250000	0.470872
chr3	87250000	87500000	0.545809
chr3	87500000	87750000	0.865153
chr3	87750000	88000000	1.2602
chr3	88000000	88250000	1.01109
chr3	88250000	88500000	1.06904
chr3	88500000	88750000	1.04604
chr3	88750000	89000000	1.0233
chr3	89000000	89250000	0.876805
chr3	89250000	89500000	0.92539
chr3	89500000	89750000	1.21412
chr3	89750000	90000000	1.02601
chr3	90000000	90250000	0.960017
chr3	90250000	90500000	0.900939
chr3	90500000	90750000	0.230357
chr3	90750000	91000000	-0.444132
chr3	91000000	91250000	-0.56685
chr3	91250000	91500000	-0.455465
chr3	91500000	91750000	-0.505052
chr3	91750000	92000000	-0.513979
chr3	92000000	92250000	-0.432047
chr3	92250000	92500000	-0.602155
chr3	92500000	92750000	-0.559548
chr3	92750000	93000000	-0.504671
chr3	93000000	93250000	-0.0576536
chr3	93250000	93500000	0.28264
chr3	93500000	93750000	0.925324
chr3	93750000	94000000	0.74934
chr3	94000000	94250000	nan
chr3	94250000	94500000	0.929822
chr3	94500000	94750000	1.23684
chr3	94750000	95000000	1.22458
chr3	95000000	95250000	1.15847
chr3	95250000	95500000	1.13339
chr3	95500000	95750000	0.991198
chr3	95750000	96000000	0.944682
chr3	96000000	96250000	0.93585
chr3	96250000	96500000	1.07814
chr3	96500000	96750000	1.0276
chr3	96750000	97000000	0.963075
chr3	97000000	97250000	0.702384
chr3	97250000	97500000	0.250873
chr3	97500000	97750000	0.560066
chr3	97750000	98000000	0.568141
chr3	98000000	98250000	0.455203
chr3	98250000	98500000	0.264156
chr3	98500000	98750000	-0.270775
chr3	98750000	99000000	-0.252077
chr3	99000000	99250000	0.053165
chr3	99250000	99500000	-0.282741
chr3	99500000	99750000	-0.427096
chr3	99750000	100000000	-0.218108
chr3	100000000	100250000	0.220806
chr3	100250000	100500000	0.683932
chr3	100500000	100750000	0.874426
chr3	100750000	101000000	0.892198
chr3	101000000	101250000	0.779166
chr3	101250000	101500000	0.904004
chr3	101500000	101750000	0.790671
chr3	101750000	102000000	0.640912
chr3	102000000	102250000	0.582245
chr3	102250000	102500000	0.115997
chr3	102500000	102750000	0.30942
chr3	102750000	103000000	0.577549
chr3	103000000	103250000	0.922849
chr3	103250000	103500000	0.985886
chr3	103500000	103750000	0.84469
chr3	103750000	104000000	0.721103
chr3	104000000	104250000	0.601121
chr3	104250000	104500000	0.551767
chr3	104500000	104750000	0.729039
chr3	104750000	105000000	0.808064
chr3	105000000	105250000	0.647384
chr3	105250000	105500000	0.580943
chr3	105500000	105750000	0.577403
chr3	105750000	106000000	0.483955
chr3	106000000	106250000	-0.378975
chr3	106250000	106500000	-0.247766
chr3	106500000	106750000	-0.00161144
chr3	106750000	107000000	-0.169028
chr3	107000000	107250000	-0.0608329
chr3	107250000	107500000	0.472083
chr3	107500000	107750000	0.752428
chr3	107750000	108000000	0.925289
chr3	108000000	108250000	0.869826
chr3	108250000	108500000	0.886724
chr3	108500000	108750000	0.79363
chr3	108750000	109000000	0.549625
chr3	109000000	109250000	-0.037371
chr3	109250000	109500000	-0.0888074
chr3	109500000	109750000	-0.237313
chr3	109750000	110000000	-0.313287
chr3	110000000	110250000	-0.287241
chr3	110250000	110500000	-0.40656
chr3	110500000	110750000	-0.563061
chr3	110750000	111000000	-0.496882
chr3	111000000	111250000	-0.433716
chr3	111250000	111500000	-0.385818
chr3	111500000	111750000	-0.316545
chr3	111750000	112000000	-0.402925
chr3	112000000	112250000	-0.197574
chr3	112250000	112500000	-0.608541
chr3	112500000	112750000	-0.5881
chr3	112750000	113000000	-0.473557
chr3	113000000	113250000	-0.447702
chr3	113250000	113500000	nan
chr3	113500000	113750000	-0.156031
chr3	113750000	114000000	-0.503617
chr3	114000000	114250000	-0.532286
chr3	114250000	114500000	-0.389642
chr3	114500000	114750000	-0.520106
chr3	114750000	115000000	-0.572577
chr3	115000000	115250000	-0.246613
chr3	115250000	115500000	-0.478329
chr3	115500000	115750000	-0.184682
chr3	115750000	116000000	0.0321657
chr3	116000000	116250000	0.0478134
chr3	116250000	116500000	0.569093
chr3	116500000	116750000	0.970862
chr3	116750000	117000000	0.496863
chr3	117000000	117250000	0.01369
chr3	117250000	117500000	-0.252974
chr3	117500000	117750000	-0.381144
chr3	117750000	118000000	-0.419266
chr3	118000000	118250000	-0.297544
chr3	118250000	118500000	-0.368513
chr3	118500000	118750000	-0.474349
chr3	118750000	119000000	-0.651072
chr3	119000000	119250000	-0.604556
chr3	119250000	119500000	-0.542291
chr3	119500000	119750000	-0.404784
chr3	119750000	120000000	-0.310739
chr3	120000000	120250000	-0.40495
chr3	120250000	120500000	-0.496204
chr3	120500000	120750000	-0.532715
chr3	120750000	121000000	-0.560778
chr3	121000000	121250000	0.00635652
chr3	121250000	121500000	0.755047
chr3	121500000	121750000	0.552401
chr3	121750000	122000000	0.74191
chr3	122000000	122250000	0.739431
chr3	122250000	122500000	0.611807
chr3	122500000	122750000	0.215326
chr3	122750000	123000000	0.368772
chr3	123000000	123250000	0.229107
chr3	123250000	123500000	0.0485177
chr3	123500000	123750000	-0.305291
chr3	123750000	124000000	-0.457945
chr3	124000000	124250000	-0.419327
chr3	124250000	124500000	-0.503469
chr3	124500000	124750000	-0.564547
chr3	124750000	125000000	-0.435306
chr3	125000000	125250000	-0.417489
chr3	125250000	125500000	-0.506561
chr3	125500000	125750000	-0.410813
chr3	125750000	126000000	-0.370975
chr3	126000000	126250000	-0.438099
chr3	126250000	126500000	-0.456435
chr3	126500000	126750000	-0.0830635
chr3	126750000	127000000	-0.131157
chr3	127000000	127250000	-0.193221
chr3	127250000	127500000	0.152136
chr3	127500000	127750000	0.343917
chr3	127750000	128000000	0.107601
chr3	128000000	128250000	-0.446125
chr3	128250000	128500000	-0.522267
chr3	128500000	128750000	-0.435589
chr3	128750000	129000000	-0.568817
chr3	129000000	129250000	-0.290157
chr3	129250000	129500000	0.427521
chr3	129500000	129750000	0.914019
chr3	129750000	130000000	0.979016
chr3	130000000	130250000	0.491681
chr3	130250000	130500000	0.291879
chr3	130500000	130750000	0.396001
chr3	130750000	131000000	0.494751
chr3	131000000	131250000	0.591633
chr3	131250000	131500000	0.384182
chr3	131500000	131750000	-0.0848869
chr3	131750000	132000000	-0.416314
chr3	132000000	132250000	-0.471083
chr3	132250000	132500000	-0.550069
chr3	132500000	132750000	-0.179483
chr3	132750000	133000000	0.178253
chr3	133000000	133250000	-0.0798192
chr3	133250000	133500000	0.321176
chr3	133500000	133750000	0.00166041
chr3	133750000	134000000	-0.3144
chr3	134000000	134250000	-0.425486
chr3	134250000	134500000	-0.354314
chr3	134500000	134750000	-0.508316
chr3	134750000	135000000	-0.310291
chr3	135000000	135250000	-0.111278
chr3	135250000	135500000	0.435575
chr3	135500000	135750000	0.216974
chr3	135750000	136000000	-0.323846
chr3	136000000	136250000	-0.419234
chr3	136250000	136500000	-0.51456
chr3	136500000	136750000	-0.205661
chr3	136750000	137000000	-0.147803
chr3	137000000	137250000	-0.217904
chr3	137250000	137500000	-0.44145
chr3	137500000	137750000	-0.0563483
chr3	137750000	138000000	0.425681
chr3	138000000	138250000	0.576276
chr3	138250000	138500000	0.471437
chr3	138500000	138750000	0.679588
chr3	138750000	139000000	0.287832
chr3	139000000	139250000	0.0153466
chr3	139250000	139500000	-0.192825
chr3	139500000	139750000	-0.182469
chr3	139750000	140000000	-0.388552
chr3	140000000	140250000	-0.518561
chr3	140250000	140500000	-0.727218
chr3	140500000	140750000	-0.417632
chr3	140750000	141000000	-0.496802
chr3	141000000	141250000	-0.459386
chr3	141250000	141500000	-0.481341
chr3	141500000	141750000	-0.50074
chr3	141750000	142000000	-0.0989265
chr3	142000000	142250000	0.0835243
chr3	142250000	142500000	0.194981
chr3	142500000	142750000	0.112234
chr3	142750000	143000000	0.0872711
chr3	143000000	143250000	-0.440948
chr3	143250000	143500000	-0.424597
chr3	143500000	143750000	-0.540253
chr3	143750000	144000000	-0.335008
chr3	144000000	144250000	0.0235889
chr3	144250000	144500000	0.471762
chr3	144500000	144750000	0.744338
chr3	144750000	145000000	0.277068
chr3	145000000	145250000	0.247618
chr3	145250000	145500000	0.278245
chr3	145500000	145750000	0.956979
chr3	145750000	146000000	1.09567
chr3	146000000	146250000	0.790328
chr3	146250000	146500000	0.778078
chr3	146500000	146750000	0.386733
chr3	146750000	147000000	0.349615
chr3	147000000	147250000	-0.425949
chr3	147250000	147500000	-0.605465
chr3	147500000	147750000	-0.519184
chr3	147750000	148000000	-0.516831
chr3	148000000	148250000	-0.49675
chr3	148250000	148500000	-0.448442
chr3	148500000	148750000	-0.0876955
chr3	148750000	149000000	-0.141716
chr3	149000000	149250000	-0.0999941
chr3	149250000	149500000	-0.261542
chr3	149500000	149750000	-0.4854
chr3	149750000	150000000	-0.4999
chr3	150000000	150250000	-0.558681
chr3	150250000	150500000	-0.622196
chr3	150500000	150750000	-0.438084
chr3	150750000	151000000	-0.471245
chr3	151000000	151250000	-0.449086
chr3	151250000	151500000	-0.384997
chr3	151500000	151750000	-0.198697
chr3	151750000	152000000	0.279381
chr3	152000000	152250000	0.721994
chr3	152250000	152500000	1.38765
chr3	152500000	152750000	1.16743
chr3	152750000	153000000	0.399844
chr3	153000000	153250000	0.390588
chr3	153250000	153500000	0.214695
chr3	153500000	153750000	0.402308
chr3	153750000	154000000	0.842766
chr3	154000000	154250000	0.521446
chr3	154250000	154500000	0.398252
chr3	154500000	154750000	0.160952
chr3	154750000	155000000	-0.457683
chr3	155000000	155250000	-0.444263
chr3	155250000	155500000	-0.462743
chr3	155500000	155750000	-0.616956
chr3	155750000	156000000	-0.684241
chr3	156000000	156250000	-0.364065
chr3	156250000	156500000	-0.443632
chr3	156500000	156750000	-0.374218
chr3	156750000	157000000	-0.356898
chr3	157000000	157250000	-0.302353
chr3	157250000	157500000	-0.135023
chr3	157500000	157750000	0.258894
chr3	157750000	158000000	0.448524
chr3	158000000	158250000	0.0101752
chr3	158250000	158500000	-0.422037
chr3	158500000	158750000	-0.181679
chr3	158750000	159000000	-0.275776
chr3	159000000	159250000	-0.328616
chr3	159250000	159500000	-0.423644
chr3	159500000	159750000	-0.231652
chr3	159750000	160000000	-0.160657
chr3	160000000	160039680	nan
#bedGraph section chr4:0-156508116
chr4	0	250000	nan
chr4	250000	500000	nan
chr4	500000	750000	nan
chr4	750000	1000000	nan
chr4	1000000	1250000	nan
chr4	1250000	1500000	nan
chr4	1500000	1750000	nan
chr4	1750000	2000000	nan
chr4	2000000	2250000	nan
chr4	2250000	2500000	nan
chr4	2500000	2750000	nan
chr4	2750000	3000000	nan
chr4	3000000	3250000	0.121689
chr4	3250000	3500000	0.30839
chr4	3500000	3750000	0.907915
chr4	3750000	4000000	0.88343
chr4	4000000	4250000	0.06642
chr4	4250000	4500000	0.079754
chr4	4500000	4750000	0.19786
chr4	4750000	5000000	0.062608
chr4	5000000	5250000	0.0799302
chr4	5250000	5500000	-0.179177
chr4	5500000	5750000	0.00613887
chr4	5750000	6000000	-0.142812
chr4	6000000	6250000	-0.0625577
chr4	6250000	6500000	0.14508
chr4	6500000	6750000	-0.145679
chr4	6750000	7000000	-0.217408
chr4	7000000	7250000	-0.264249
chr4	7250000	7500000	-0.259298
chr4	7500000	7750000	-0.27864
chr4	7750000	8000000	-0.0911763
chr4	8000000	8250000	0.144765
chr4	8250000	8500000	0.285009
chr4	8500000	8750000	0.868117
chr4	8750000	9000000	0.937315
chr4	9000000	9250000	0.491538
chr4	9250000	9500000	0.280572
chr4	9500000	9750000	0.270259
chr4	9750000	10000000	0.04805
chr4	10000000	10250000	-0.153771
chr4	10250000	10500000	0.0318085
chr4	10500000	10750000	0.0239532
chr4	10750000	11000000	0.527707
chr4	11000000	11250000	1.39881
chr4	11250000	11500000	1.73652
chr4	11500000	11750000	0.953492
chr4	11750000	12000000	0.483655
chr4	12000000	12250000	0.368279
chr4	12250000	12500000	-0.0886828
chr4	12500000	12750000	-0.164272
chr4	12750000	13000000	-0.279574
chr4	13000000	13250000	-0.393218
chr4	13250000	13500000	-0.326804
chr4	13500000	13750000	-0.110739
chr4	13750000	14000000	-0.0463051
chr4	14000000	14250000	-0.223364
chr4	14250000	14500000	-0.2526
chr4	14500000	14750000	-0.0830701
chr4	14750000	15000000	0.30756
chr4	15000000	15250000	-7.6234e-05
chr4	15250000	15500000	-0.0547526
chr4	15500000	15750000	-0.264454
chr4	15750000	16000000	-0.129408
chr4	16000000	16250000	-0.0441662
chr4	16250000	16500000	-0.322725
chr4	16500000	16750000	-0.422892
chr4	16750000	17000000	-0.331791
chr4	17000000	17250000	-0.278117
chr4	17250000	17500000	-0.272314
chr4	17500000	17750000	-0.288845
chr4	17750000	18000000	-0.144496
chr4	18000000	18250000	-0.2118
chr4	18250000	18500000	-0.193777
chr4	18500000	18750000	-0.247423
chr4	18750000	19000000	-0.358208
chr4	19000000	19250000	-0.268889
chr4	19250000	19500000	-0.320719
chr4	19500000	19750000	-0.138521
chr4	19750000	20000000	-0.291818
chr4	20000000	20250000	-0.144643
chr4	20250000	20500000	-0.285695
chr4	20500000	20750000	-0.333432
chr4	20750000	21000000	-0.352644
chr4	21000000	21250000	-0.265922
chr4	21250000	21500000	-0.239655
chr4	21500000	21750000	0.113334
chr4	21750000	22000000	0.504516
chr4	22000000	22250000	-0.0545934
chr4	22250000	22500000	-0.191749
chr4	22500000	22750000	-0.147195
chr4	22750000	23000000	-0.278955
chr4	23000000	23250000	-0.253507
chr4	23250000	23500000	-0.235328
chr4	23500000	23750000	-0.301632
chr4	23750000	24000000	-0.279141
chr4	24000000	24250000	-0.213989
chr4	24250000	24500000	-0.0495215
chr4	24500000	24750000	0.145115
chr4	24750000	25000000	-0.079648
chr4	25000000	25250000	-0.11244
chr4	25250000	25500000	-0.125165
chr4	25500000	25750000	-0.149548
chr4	25750000	26000000	-0.229351
chr4	26000000	26250000	-0.328967
chr4	26250000	26500000	-0.234677
chr4	26500000	26750000	-0.376011
chr4	26750000	27000000	-0.449459
chr4	27000000	27250000	-0.37595
chr4	27250000	27500000	-0.364036
chr4	27500000	27750000	-0.290808
chr4	27750000	28000000	-0.421575
chr4	28000000	28250000	-0.380651
chr4	28250000	28500000	-0.365001
chr4	28500000	28750000	-0.360734
chr4	28750000	29000000	-0.278653
chr4	29000000	29250000	-0.365661
chr4	29250000	29500000	-0.356322
chr4	29500000	29750000	-0.328199
chr4	29750000	30000000	-0.409275
chr4	30000000	30250000	-0.368019
chr4	30250000	30500000	-0.408283
chr4	30500000	30750000	-0.371982
chr4	30750000	31000000	-0.317855
chr4	31000000	31250000	-0.333801
chr4	31250000	31500000	-0.251872
chr4	31500000	31750000	-0.0923488
chr4	31750000	32000000	-0.0269122
chr4	32000000	32250000	0.32821
chr4	32250000	32500000	0.287673
chr4	32500000	32750000	0.940902
chr4	32750000	33000000	1.06479
chr4	33000000	33250000	0.78704
chr4	33250000	33500000	0.599807
chr4	33500000	33750000	0.211268
chr4	33750000	34000000	-0.0881676
chr4	34000000	34250000	-0.173889
chr4	34250000	34500000	0.0343267
chr4	34500000	34750000	0.492222
chr4	34750000	35000000	0.561275
chr4	35000000	35250000	0.310601
chr4	35250000	35500000	-0.259095
chr4	35500000	35750000	-0.335089
chr4	35750000	36000000	-0.37308
chr4	36000000	36250000	-0.362793
chr4	36250000	36500000	-0.41999
chr4	36500000	36750000	-0.324329
chr4	36750000	37000000	-0.411143
chr4	37000000	37250000	-0.410375
chr4	37250000	37500000	-0.423919
chr4	37500000	37750000	-0.415729
chr4	37750000	38000000	-0.349156
chr4	38000000	38250000	-0.314658
chr4	38250000	38500000	-0.312041
chr4	38500000	38750000	-0.299512
chr4	38750000	39000000	-0.40153
chr4	39000000	39250000	-0.408936
chr4	39250000	39500000	-0.436181
chr4	39500000	39750000	-0.379167
chr4	39750000	40000000	-0.305141
chr4	40000000	40250000	0.0972186
chr4	40250000	40500000	0.211206
chr4	40500000	40750000	0.651859
chr4	40750000	41000000	1.33869
chr4	41000000	41250000	1.72862
chr4	41250000	41500000	1.82454
chr4	41500000	41750000	1.50449
chr4	41750000	42000000	nan
chr4	42000000	42250000	nan
chr4	42250000	42500000	nan
chr4	42500000	42750000	nan
chr4	42750000	43000000	1.50092
chr4	43000000	43250000	2.06208
chr4	43250000	43500000	1.89278
chr4	43500000	43750000	2.0371
chr4	43750000	44000000	2.00543
chr4	44000000	44250000	2.08897
chr4	44250000	44500000	2.03679
chr4	44500000	44750000	1.86386
chr4	44750000	45000000	1.90503
chr4	45000000	45250000	2.12975
chr4	45250000	45500000	1.82579
chr4	45500000	45750000	1.72948
chr4	45750000	46000000	1.80263
chr4	46000000	46250000	1.95929
chr4	46250000	46500000	1.81223
chr4	46500000	46750000	1.13213
chr4	46750000	47000000	0.472429
chr4	47000000	47250000	0.391049
chr4	47250000	47500000	0.231877
chr4	47500000	47750000	0.214468
chr4	47750000	48000000	0.0531914
chr4	48000000	48250000	0.574575
chr4	48250000	48500000	0.720017
chr4	48500000	48750000	0.221068
chr4	48750000	49000000	-0.355653
chr4	49000000	49250000	-0.557867
chr4	49250000	49500000	-0.377515
chr4	49500000	49750000	0.18139
chr4	49750000	50000000	-0.185416
chr4	50000000	50250000	-0.422552
chr4	50250000	50500000	-0.467793
chr4	50500000	50750000	-0.517627
chr4	50750000	51000000	-0.584075
chr4	51000000	51250000	-0.59693
chr4	51250000	51500000	-0.60939
chr4	51500000	51750000	-0.626455
chr4	51750000	52000000	-0.508241
chr4	52000000	52250000	-0.442516
chr4	52250000	52500000	-0.256682
chr4	52500000	52750000	-0.296102
chr4	52750000	53000000	-0.379925
chr4	53000000	53250000	0.0982043
chr4	53250000	53500000	0.536604
chr4	53500000	53750000	0.356138
chr4	53750000	54000000	0.0361216
chr4	54000000	54250000	-0.368417
chr4	54250000	54500000	-0.360185
chr4	54500000	54750000	-0.390792
chr4	54750000	55000000	-0.107227
chr4	55000000	55250000	0.375056
chr4	55250000	55500000	0.807699
chr4	55500000	55750000	0.297126
chr4	55750000	56000000	-0.117028
chr4	56000000	56250000	-0.177716
chr4	56250000	56500000	-0.0798559
chr4	56500000	56750000	0.330415
chr4	56750000	57000000	1.46758
chr4	57000000	57250000	1.64683
chr4	57250000	57500000	1.24728
chr4	57500000	57750000	0.681467
chr4	57750000	58000000	0.739895
chr4	58000000	58250000	0.273753
chr4	58250000	58500000	0.568377
chr4	58500000	58750000	1.09413
chr4	58750000	59000000	1.47537
chr4	59000000	59250000	1.53771
chr4	59250000	59500000	1.60647
chr4	59500000	59750000	1.40693
chr4	59750000	60000000	0.724544
chr4	60000000	60250000	nan
chr4	60250000	60500000	nan
chr4	60500000	60750000	nan
chr4	60750000	61000000	nan
chr4	61000000	61250000	nan
chr4	61250000	61500000	nan
chr4	61500000	61750000	nan
chr4	61750000	62000000	-0.411632
chr4	62000000	62250000	0.146546
chr4	62250000	62500000	1.47294
chr4	62500000	62750000	1.8584
chr4	62750000	63000000	0.995959
chr4	63000000	63250000	0.757625
chr4	63250000	63500000	0.561645
chr4	63500000	63750000	0.117794
chr4	63750000	64000000	-0.401904
chr4	64000000	64250000	-0.617716
chr4	64250000	64500000	-0.621627
chr4	64500000	64750000	-0.610949
chr4	64750000	65000000	-0.521127
chr4	65000000	65250000	-0.533874
chr4	65250000	65500000	-0.529659
chr4	65500000	65750000	-0.518463
chr4	65750000	66000000	-0.564213
chr4	66000000	66250000	-0.574592
chr4	66250000	66500000	-0.579949
chr4	66500000	66750000	-0.561915
chr4	66750000	67000000	-0.568233
chr4	67000000	67250000	-0.570634
chr4	67250000	67500000	-0.617154
chr4	67500000	67750000	-0.620319
chr4	67750000	68000000	-0.568288
chr4	68000000	68250000	-0.532994
chr4	68250000	68500000	-0.553222
chr4	68500000	68750000	-0.592443
chr4	68750000	69000000	-0.547436
chr4	69000000	69250000	-0.585123
chr4	69250000	69500000	-0.566291
chr4	69500000	69750000	-0.575275
chr4	69750000	70000000	-0.439419
chr4	70000000	70250000	-0.340865
chr4	70250000	70500000	-0.0486972
chr4	70500000	70750000	-0.321937
chr4	70750000	71000000	-0.450644
chr4	71000000	71250000	-0.528321
chr4	71250000	71500000	-0.464646
chr4	71500000	71750000	-0.473391
chr4	71750000	72000000	-0.450453
chr4	72000000	72250000	-0.340914
chr4	72250000	72500000	-0.542915
chr4	72500000	72750000	-0.45095
chr4	72750000	73000000	-0.537109
chr4	73000000	73250000	-0.568201
chr4	73250000	73500000	-0.472152
chr4	73500000	73750000	-0.362986
chr4	73750000	74000000	-0.350486
chr4	74000000	74250000	-0.229001
chr4	74250000	74500000	0.340967
chr4	74500000	74750000	-0.42191
chr4	74750000	75000000	-0.481324
chr4	75000000	75250000	-0.503978
chr4	75250000	75500000	-0.430701
chr4	75500000	75750000	-0.473453
chr4	75750000	76000000	-0.410962
chr4	76000000	76250000	-0.489142
chr4	76250000	76500000	-0.502001
chr4	76500000	76750000	-0.463496
chr4	76750000	77000000	-0.49942
chr4	77000000	77250000	-0.364757
chr4	77250000	77500000	-0.341356
chr4	77500000	77750000	-0.411174
chr4	77750000	78000000	-0.517374
chr4	78000000	78250000	-0.554128
chr4	78250000	78500000	-0.573678
chr4	78500000	78750000	-0.495376
chr4	78750000	79000000	-0.534476
chr4	79000000	79250000	-0.524753
chr4	79250000	79500000	-0.50842
chr4	79500000	79750000	-0.591075
chr4	79750000	80000000	-0.586037
chr4	80000000	80250000	-0.597434
chr4	80250000	80500000	-0.588949
chr4	80500000	80750000	-0.557026
chr4	80750000	81000000	-0.416788
chr4	81000000	81250000	-0.394662
chr4	81250000	81500000	-0.307858
chr4	81500000	81750000	-0.402098
chr4	81750000	82000000	-0.490461
chr4	82000000	82250000	-0.41826
chr4	82250000	82500000	-0.117689
chr4	82500000	82750000	-0.00266223
chr4	82750000	83000000	0.0718562
chr4	83000000	83250000	0.287288
chr4	83250000	83500000	1.09643
chr4	83500000	83750000	0.490518
chr4	83750000	84000000	-0.180988
chr4	84000000	84250000	-0.246472
chr4	84250000	84500000	-0.174796
chr4	84500000	84750000	-0.155356
chr4	84750000	85000000	-0.151225
chr4	85000000	85250000	-0.260574
chr4	85250000	85500000	-0.398257
chr4	85500000	85750000	-0.540351
chr4	85750000	86000000	-0.55064
chr4	86000000	86250000	-0.389787
chr4	86250000	86500000	-0.00544697
chr4	86500000	86750000	0.795348
chr4	86750000	87000000	0.870362
chr4	87000000	87250000	0.109822
chr4	87250000	87500000	-0.100429
chr4	87500000	87750000	-0.143878
chr4	87750000	88000000	-0.0857181
chr4	88000000	88250000	0.149743
chr4	88250000	88500000	-0.058413
chr4	88500000	88750000	-0.0256245
chr4	88750000	89000000	-0.0610981
chr4	89000000	89250000	-0.240886
chr4	89250000	89500000	-0.276369
chr4	89500000	89750000	-0.528758
chr4	89750000	90000000	-0.583744
chr4	90000000	90250000	-0.454285
chr4	90250000	90500000	-0.378788
chr4	90500000	90750000	-0.527072
chr4	90750000	91000000	-0.499699
chr4	91000000	91250000	-0.453279
chr4	91250000	91500000	-0.314645
chr4	91500000	91750000	-0.470012
chr4	91750000	92000000	-0.558058
chr4	92000000	92250000	-0.607641
chr4	92250000	92500000	-0.593295
chr4	92500000	92750000	-0.582929
chr4	92750000	93000000	-0.552542
chr4	93000000	93250000	-0.614253
chr4	93250000	93500000	-0.531648
chr4	93500000	93750000	-0.607563
chr4	93750000	94000000	-0.572978
chr4	94000000	94250000	-0.598418
chr4	94250000	94500000	-0.358207
chr4	94500000	94750000	0.314173
chr4	94750000	95000000	0.342538
chr4	95000000	95250000	0.0981783
chr4	95250000	95500000	-0.201168
chr4	95500000	95750000	-0.310978
chr4	95750000	96000000	-0.400764
chr4	96000000	96250000	-0.498454
chr4	96250000	96500000	-0.489231
chr4	96500000	96750000	-0.560759
chr4	96750000	97000000	-0.570104
chr4	97000000	97250000	-0.347773
chr4	97250000	97500000	-0.343531
chr4	97500000	97750000	-0.341992
chr4	97750000	98000000	-0.393475
chr4	98000000	98250000	-0.395075
chr4	98250000	98500000	0.173516
chr4	98500000	98750000	0.551398
chr4	98750000	99000000	1.14922
chr4	99000000	99250000	0.853245
chr4	99250000	99500000	0.340067
chr4	99500000	99750000	0.499184
chr4	99750000	100000000	0.345604
chr4	100000000	100250000	0.219987
chr4	100250000	100500000	0.193283
chr4	100500000	100750000	0.23134
chr4	100750000	101000000	0.294684
chr4	101000000	101250000	0.597804
chr4	101250000	101500000	0.878471
chr4	101500000	101750000	0.334538
chr4	101750000	102000000	0.480637
chr4	102000000	102250000	-0.108501
chr4	102250000	102500000	-0.341593
chr4	102500000	102750000	-0.27548
chr4	102750000	103000000	-0.236021
chr4	103000000	103250000	0.159944
chr4	103250000	103500000	0.118073
chr4	103500000	103750000	-0.00364053
chr4	103750000	104000000	-0.23522
chr4	104000000	104250000	-0.197451
chr4	104250000	104500000	-0.108183
chr4	104500000	104750000	-0.0828862
chr4	104750000	105000000	0.0499973
chr4	105000000	105250000	0.457452
chr4	105250000	105500000	-0.00511956
chr4	105500000	105750000	-0.299368
chr4	105750000	106000000	-0.234496
chr4	106000000	106250000	0.0832616
chr4	106250000	106500000	1.02668
chr4	106500000	106750000	1.4098
chr4	106750000	107000000	1.66241
chr4	107000000	107250000	1.674
chr4	107250000	107500000	1.6558
chr4	107500000	107750000	1.50666
chr4	107750000	108000000	1.46853
chr4	108000000	108250000	1.6764
chr4	108250000	108500000	1.55252
chr4	108500000	108750000	1.29822
chr4	108750000	109000000	1.27683
chr4	109000000	109250000	1.27514
chr4	109250000	109500000	0.977059
chr4	109500000	109750000	0.689387
chr4	109750000	110000000	0.3532
chr4	110000000	110250000	-0.17408
chr4	110250000	110500000	-0.461994
chr4	110500000	110750000	-0.559911
chr4	110750000	111000000	-0.514845
chr4	111000000	111250000	-0.367996
chr4	111250000	111500000	-0.315487
chr4	111500000	111750000	-0.34246
chr4	111750000	112000000	-0.407601
chr4	112000000	112250000	-0.401507
chr4	112250000	112500000	nan
chr4	112500000	112750000	-0.469249
chr4	112750000	113000000	-0.525315
chr4	113000000	113250000	-0.553369
chr4	113250000	113500000	-0.548313
chr4	113500000	113750000	-0.588166
chr4	113750000	114000000	-0.566083
chr4	114000000	114250000	-0.531908
chr4	114250000	114500000	-0.353302
chr4	114500000	114750000	-0.164203
chr4	114750000	115000000	0.0485923
chr4	115000000	115250000	-0.0138597
chr4	115250000	115500000	-0.352113
chr4	115500000	115750000	-0.258214
chr4	115750000	116000000	0.539838
chr4	116000000	116250000	1.0346
chr4	116250000	116500000	1.24947
chr4	116500000	116750000	1.35095
chr4	116750000	117000000	1.33346
chr4	117000000	117250000	1.35797
chr4	117250000	117500000	1.14
chr4	117500000	117750000	1.27603
chr4	117750000	118000000	1.08136
chr4	118000000	118250000	1.15903
chr4	118250000	118500000	1.18141
chr4	118500000	118750000	0.839788
chr4	118750000	119000000	0.702522
chr4	119000000	119250000	0.830666
chr4	119250000	119500000	1.05003
chr4	119500000	119750000	0.89015
chr4	119750000	120000000	0.676016
chr4	120000000	120250000	0.759623
chr4	120250000	120500000	0.955865
chr4	120500000	120750000	0.84021
chr4	120750000	121000000	0.89492
chr4	121000000	121250000	0.402577
chr4	121250000	121500000	-0.28481
chr4	121500000	121750000	-0.381449
chr4	121750000	122000000	nan
chr4	122000000	122250000	nan
chr4	122250000	122500000	nan
chr4	122500000	122750000	-0.512414
chr4	122750000	123000000	0.273883
chr4	123000000	123250000	0.759917
chr4	123250000	123500000	0.947064
chr4	123500000	123750000	1.04739
chr4	123750000	124000000	0.885277
chr4	124000000	124250000	0.665986
chr4	124250000	124500000	0.611708
chr4	124500000	124750000	0.781747
chr4	124750000	125000000	1.14901
chr4	125000000	125250000	1.04645
chr4	125250000	125500000	0.614977
chr4	125500000	125750000	0.585422
chr4	125750000	126000000	0.834824
chr4	126000000	126250000	1.35057
chr4	126250000	126500000	1.26254
chr4	126500000	126750000	1.15926
chr4	126750000	127000000	1.23242
chr4	127000000	127250000	1.07045
chr4	127250000	127500000	0.918313
chr4	127500000	127750000	0.308471
chr4	127750000	128000000	0.158086
chr4	128000000	128250000	0.0640275
chr4	128250000	128500000	0.0774512
chr4	128500000	128750000	0.607109
chr4	128750000	129000000	0.892942
chr4	129000000	129250000	1.11727
chr4	129250000	129500000	0.879196
chr4	129500000	129750000	1.08811
chr4	129750000	130000000	1.00621
chr4	130000000	130250000	1.03821
chr4	130250000	130500000	0.892292
chr4	130500000	130750000	0.953831
chr4	130750000	131000000	0.853361
chr4	131000000	131250000	0.637247
chr4	131250000	131500000	0.494352
chr4	131500000	131750000	0.502196
chr4	131750000	132000000	0.697551
chr4	132000000	132250000	0.84432
chr4	132250000	132500000	1.11426
chr4	132500000	132750000	1.00017
chr4	132750000	133000000	0.877479
chr4	133000000	133250000	1.08608
chr4	133250000	133500000	0.86129
chr4	133500000	133750000	1.14656
chr4	133750000	134000000	0.909145
chr4	134000000	134250000	0.966658
chr4	134250000	134500000	0.914006
chr4	134500000	134750000	0.775216
chr4	134750000	135000000	0.829125
chr4	135000000	135250000	0.69295
chr4	135250000	135500000	0.806328
chr4	135500000	135750000	0.796587
chr4	135750000	136000000	0.711826
chr4	136000000	136250000	0.851063
chr4	136250000	136500000	0.726917
chr4	136500000	136750000	0.540641
chr4	136750000	137000000	0.510624
chr4	137000000	137250000	0.489101
chr4	137250000	137500000	0.730627
chr4	137500000	137750000	0.734447
chr4	137750000	138000000	0.443969
chr4	138000000	138250000	0.679384
chr4	138250000	138500000	0.605209
chr4	138500000	138750000	0.335248
chr4	138750000	139000000	0.507994
chr4	139000000	139250000	0.472061
chr4	139250000	139500000	0.651771
chr4	139500000	139750000	0.40239
chr4	139750000	140000000	0.439721
chr4	140000000	140250000	0.360602
chr4	140250000	140500000	0.243989
chr4	140500000	140750000	0.50661
chr4	140750000	141000000	0.800783
chr4	141000000	141250000	0.754317
chr4	141250000	141500000	0.75322
chr4	141500000	141750000	0.729079
chr4	141750000	142000000	0.550494
chr4	142000000	142250000	0.392999
chr4	142250000	142500000	0.298261
chr4	142500000	142750000	0.131885
chr4	142750000	143000000	0.111734
chr4	143000000	143250000	0.229955
chr4	143250000	143500000	0.0449678
chr4	143500000	143750000	-0.298157
chr4	143750000	144000000	-0.155309
chr4	144000000	144250000	0.0913865
chr4	144250000	144500000	0.00104017
chr4	144500000	144750000	-0.171055
chr4	144750000	145000000	-0.178497
chr4	145000000	145250000	0.297088
chr4	145250000	145500000	-0.0396522
chr4	145500000	145750000	-0.0502488
chr4	145750000	146000000	nan
chr4	146000000	146250000	-0.168697
chr4	146250000	146500000	-0.217518
chr4	146500000	146750000	nan
chr4	146750000	147000000	nan
chr4	147000000	147250000	-0.0272625
chr4	147250000	147500000	-0.0558885
chr4	147500000	147750000	-0.0305113
chr4	147750000	148000000	0.284775
chr4	148000000	148250000	0.647795
chr4	148250000	148500000	0.568435
chr4	148500000	148750000	0.570524
chr4	148750000	149000000	0.597063
chr4	149000000	149250000	0.66163
chr4	149250000	149500000	0.78532
chr4	149500000	149750000	0.686285
chr4	149750000	150000000	0.619088
chr4	150000000	150250000	0.622448
chr4	150250000	150500000	0.638046
chr4	150500000	150750000	0.634657
chr4	150750000	151000000	0.436531
chr4	151000000	151250000	0.474961
chr4	151250000	151500000	0.20514
chr4	151500000	151750000	0.184111
chr4	151750000	152000000	0.522175
chr4	152000000	152250000	0.586346
chr4	152250000	152500000	0.577948
chr4	152500000	152750000	0.149137
chr4	152750000	153000000	0.059058
chr4	153000000	153250000	0.104858
chr4	153250000	153500000	0.256628
chr4	153500000	153750000	0.235915
chr4	153750000	154000000	0.476813
chr4	154000000	154250000	0.576958
chr4	154250000	154500000	0.514195
chr4	154500000	154750000	0.452146
chr4	154750000	155000000	0.600647
chr4	155000000	155250000	0.689766
chr4	155250000	155500000	0.774529
chr4	155500000	155750000	1.05528
chr4	155750000	156000000	0.996042
chr4	156000000	156250000	0.890892
chr4	156250000	156500000	nan
chr4	156500000	156508116	nan
#bedGraph section chr5:0-151834684
chr5	0	250000	nan
chr5	250000	500000	nan
chr5	500000	750000	nan
chr5	750000	1000000	nan
chr5	1000000	1250000	nan
chr5	1250000	1500000	nan
chr5	1500000	1750000	nan
chr5	1750000	2000000	nan
chr5	2000000	2250000	nan
chr5	2250000	2500000	nan
chr5	2500000	2750000	nan
chr5	2750000	3000000	nan
chr5	3000000	3250000	-0.388607
chr5	3250000	3500000	0.0402471
chr5	3500000	3750000	0.509699
chr5	3750000	4000000	0.263589
chr5	4000000	4250000	-0.0595909
chr5	4250000	4500000	-0.00244693
chr5	4500000	4750000	-0.235114
chr5	4750000	5000000	-0.142292
chr5	5000000	5250000	-0.0326757
chr5	5250000	5500000	0.0709205
chr5	5500000	5750000	0.11388
chr5	5750000	6000000	-0.226291
chr5	6000000	6250000	-0.26114
chr5	6250000	6500000	-0.276419
chr5	6500000	6750000	-0.336917
chr5	6750000	7000000	-0.36336
chr5	7000000	7250000	-0.391796
chr5	7250000	7500000	-0.302078
chr5	7500000	7750000	-0.358778
chr5	7750000	8000000	-0.398207
chr5	8000000	8250000	-0.0353842
chr5	8250000	8500000	0.112929
chr5	8500000	8750000	0.106476
chr5	8750000	9000000	0.27764
chr5	9000000	9250000	0.392059
chr5	9250000	9500000	-0.175181
chr5	9500000	9750000	-0.449879
chr5	9750000	10000000	-0.463598
chr5	10000000	10250000	-0.41215
chr5	10250000	10500000	-0.4405
chr5	10500000	10750000	-0.525754
chr5	10750000	11000000	nan
chr5	11000000	11250000	nan
chr5	11250000	11500000	nan
chr5	11500000	11750000	nan
chr5	11750000	12000000	nan
chr5	12000000	12250000	-0.295667
chr5	12250000	12500000	-0.437874
chr5	12500000	12750000	-0.330895
chr5	12750000	13000000	-0.361649
chr5	13000000	13250000	-0.426879
chr5	13250000	13500000	-0.578296
chr5	13500000	13750000	-0.453418
chr5	13750000	14000000	-0.383292
chr5	14000000	14250000	-0.252891
chr5	14250000	14500000	-0.250866
chr5	14500000	14750000	-0.259615
chr5	14750000	15000000	0.049365
chr5	15000000	15250000	nan
chr5	15250000	15500000	nan
chr5	15500000	15750000	0.29705
chr5	15750000	16000000	-0.287636
chr5	16000000	16250000	-0.345128
chr5	16250000	16500000	-0.361171
chr5	16500000	16750000	-0.416261
chr5	16750000	17000000	-0.447107
chr5	17000000	17250000	-0.368481
chr5	17250000	17500000	-0.331483
chr5	17500000	17750000	-0.482125
chr5	17750000	18000000	-0.431028
chr5	18000000	18250000	-0.390462
chr5	18250000	18500000	-0.328926
chr5	18500000	18750000	-0.260598
chr5	18750000	19000000	-0.342818
chr5	19000000	19250000	-0.435683
chr5	19250000	19500000	-0.354164
chr5	19500000	19750000	-0.312628
chr5	19750000	20000000	-0.368416
chr5	20000000	20250000	-0.292878
chr5	20250000	20500000	-0.286106
chr5	20500000	20750000	0.111131
chr5	20750000	21000000	0.489447
chr5	21000000	21250000	0.437722
chr5	21250000	21500000	0.371869
chr5	21500000	21750000	0.517978
chr5	21750000	22000000	0.25028
chr5	22000000	22250000	-0.186155
chr5	22250000	22500000	-0.193196
chr5	22500000	22750000	-0.00144924
chr5	22750000	23000000	-0.185542
chr5	23000000	23250000	-0.15973
chr5	23250000	23500000	0.328108
chr5	23500000	23750000	0.696144
chr5	23750000	24000000	0.94821
chr5	24000000	24250000	1.11891
chr5	24250000	24500000	1.24319
chr5	24500000	24750000	1.3244
chr5	24750000	25000000	1.1863
chr5	25000000	25250000	0.928645
chr5	25250000	25500000	1.06338
chr5	25500000	25750000	0.852755
chr5	25750000	26000000	0.10143
chr5	26000000	26250000	-0.141348
chr5	26250000	26500000	-0.290981
chr5	26500000	26750000	-0.188853
chr5	26750000	27000000	-0.151345
chr5	27000000	27250000	-0.166483
chr5	27250000	27500000	0.0174511
chr5	27500000	27750000	0.0887467
chr5	27750000	28000000	0.391703
chr5	28000000	28250000	0.500285
chr5	28250000	28500000	0.506023
chr5	28500000	28750000	0.165251
chr5	28750000	29000000	0.153411
chr5	29000000	29250000	0.333929
chr5	29250000	29500000	0.653073
chr5	29500000	29750000	1.117
chr5	29750000	30000000	1.15904
chr5	30000000	30250000	1.36706
chr5	30250000	30500000	1.56796
chr5	30500000	30750000	1.71178
chr5	30750000	31000000	1.83921
chr5	31000000	31250000	1.77147
chr5	31250000	31500000	1.4646
chr5	31500000	31750000	1.21124
chr5	31750000	32000000	1.20526
chr5	32000000	32250000	1.1938
chr5	32250000	32500000	1.37807
chr5	32500000	32750000	1.27748
chr5	32750000	33000000	1.48931
chr5	33000000	33250000	1.30875
chr5	33250000	33500000	1.44098
chr5	33500000	33750000	1.48535
chr5	33750000	34000000	1.39556
chr5	34000000	34250000	1.29112
chr5	34250000	34500000	1.6167
chr5	34500000	34750000	1.62301
chr5	34750000	35000000	1.43065
chr5	35000000	35250000	1.20432
chr5	35250000	35500000	1.08752
chr5	35500000	35750000	1.23013
chr5	35750000	36000000	1.14423
chr5	36000000	36250000	0.961611
chr5	36250000	36500000	0.986999
chr5	36500000	36750000	1.11008
chr5	36750000	37000000	1.03692
chr5	37000000	37250000	0.955063
chr5	37250000	37500000	0.549487
chr5	37500000	37750000	0.447629
chr5	37750000	38000000	0.552315
chr5	38000000	38250000	0.598135
chr5	38250000	38500000	0.448197
chr5	38500000	38750000	0.175898
chr5	38750000	39000000	-0.600036
chr5	39000000	39250000	-0.774429
chr5	39250000	39500000	-0.747625
chr5	39500000	39750000	-0.529995
chr5	39750000	40000000	-0.759524
chr5	40000000	40250000	-0.765802
chr5	40250000	40500000	-0.808588
chr5	40500000	40750000	-0.704001
chr5	40750000	41000000	-0.684998
chr5	41000000	41250000	-0.622063
chr5	41250000	41500000	-0.647446
chr5	41500000	41750000	-0.462535
chr5	41750000	42000000	-0.21574
chr5	42000000	42250000	-0.4025
chr5	42250000	42500000	-0.584683
chr5	42500000	42750000	-0.579188
chr5	42750000	43000000	-0.534959
chr5	43000000	43250000	-0.157049
chr5	43250000	43500000	-0.30035
chr5	43500000	43750000	-0.442236
chr5	43750000	44000000	-0.0533948
chr5	44000000	44250000	0.116738
chr5	44250000	44500000	-0.346946
chr5	44500000	44750000	-0.419628
chr5	44750000	45000000	-0.513596
chr5	45000000	45250000	-0.459279
chr5	45250000	45500000	-0.309303
chr5	45500000	45750000	-0.0361668
chr5	45750000	46000000	-0.532399
chr5	46000000	46250000	-0.731939
chr5	46250000	46500000	-0.699757
chr5	46500000	46750000	-0.677222
chr5	46750000	47000000	-0.665516
chr5	47000000	47250000	-0.620322
chr5	47250000	47500000	-0.67824
chr5	47500000	47750000	-0.646218
chr5	47750000	48000000	-0.626745
chr5	48000000	48250000	-0.638674
chr5	48250000	48500000	-0.451547
chr5	48500000	48750000	-0.422595
chr5	48750000	49000000	-0.520972
chr5	49000000	49250000	-0.54924
chr5	49250000	49500000	-0.530526
chr5	49500000	49750000	-0.51476
chr5	49750000	50000000	-0.450022
chr5	50000000	50250000	-0.463717
chr5	50250000	50500000	-0.589091
chr5	50500000	50750000	-0.630465
chr5	50750000	51000000	-0.675179
chr5	51000000	51250000	-0.698961
chr5	51250000	51500000	-0.665902
chr5	51500000	51750000	-0.66281
chr5	51750000	52000000	-0.564255
chr5	52000000	52250000	0.0121778
chr5	52250000	52500000	0.217435
chr5	52500000	52750000	0.478352
chr5	52750000	53000000	0.817561
chr5	53000000	53250000	0.783337
chr5	53250000	53500000	0.487176
chr5	53500000	53750000	0.406358
chr5	53750000	54000000	-0.141063
chr5	54000000	54250000	-0.282781
chr5	54250000	54500000	-0.55243
chr5	54500000	54750000	-0.658021
chr5	54750000	55000000	-0.687192
chr5	55000000	55250000	-0.676096
chr5	55250000	55500000	-0.723947
chr5	55500000	55750000	-0.680473
chr5	55750000	56000000	-0.651612
chr5	56000000	56250000	-0.664261
chr5	56250000	56500000	-0.700911
chr5	56500000	56750000	-0.668351
chr5	56750000	57000000	-0.656384
chr5	57000000	57250000	-0.716694
chr5	57250000	57500000	-0.708832
chr5	57500000	57750000	-0.660689
chr5	57750000	58000000	-0.717031
chr5	58000000	58250000	-0.713636
chr5	58250000	58500000	-0.656447
chr5	58500000	58750000	-0.616591
chr5	58750000	59000000	-0.645902
chr5	59000000	59250000	-0.668007
chr5	59250000	59500000	-0.595344
chr5	59500000	59750000	-0.637581
chr5	59750000	60000000	-0.643863
chr5	60000000	60250000	-0.610518
chr5	60250000	60500000	-0.606798
chr5	60500000	60750000	-0.591074
chr5	60750000	61000000	-0.638114
chr5	61000000	61250000	-0.65183
chr5	61250000	61500000	-0.668499
chr5	61500000	61750000	-0.672966
chr5	61750000	62000000	-0.659361
chr5	62000000	62250000	-0.61309
chr5	62250000	62500000	-0.643238
chr5	62500000	62750000	-0.409817
chr5	62750000	63000000	-0.534486
chr5	63000000	63250000	-0.708371
chr5	63250000	63500000	-0.68581
chr5	63500000	63750000	-0.655425
chr5	63750000	64000000	-0.111961
chr5	64000000	64250000	0.400607
chr5	64250000	64500000	0.385366
chr5	64500000	64750000	0.262274
chr5	64750000	65000000	0.391607
chr5	65000000	65250000	0.928344
chr5	65250000	65500000	1.62546
chr5	65500000	65750000	1.63866
chr5	65750000	66000000	1.55145
chr5	66000000	66250000	1.34276
chr5	66250000	66500000	1.00807
chr5	66500000	66750000	0.824797
chr5	66750000	67000000	0.194482
chr5	67000000	67250000	0.160465
chr5	67250000	67500000	0.273271
chr5	67500000	67750000	-0.0534631
chr5	67750000	68000000	-0.273457
chr5	68000000	68250000	-0.458206
chr5	68250000	68500000	-0.643412
chr5	68500000	68750000	-0.617781
chr5	68750000	69000000	-0.640189
chr5	69000000	69250000	-0.661652
chr5	69250000	69500000	-0.621068
chr5	69500000	69750000	-0.566637
chr5	69750000	70000000	-0.612438
chr5	70000000	70250000	-0.679807
chr5	70250000	70500000	-0.682298
chr5	70500000	70750000	-0.671326
chr5	70750000	71000000	-0.723966
chr5	71000000	71250000	-0.72869
chr5	71250000	71500000	-0.738667
chr5	71500000	71750000	-0.80903
chr5	71750000	72000000	-0.771161
chr5	72000000	72250000	-0.431658
chr5	72250000	72500000	-0.315669
chr5	72500000	72750000	0.192128
chr5	72750000	73000000	0.421447
chr5	73000000	73250000	0.876182
chr5	73250000	73500000	0.601355
chr5	73500000	73750000	0.0194325
chr5	73750000	74000000	0.0719961
chr5	74000000	74250000	0.779006
chr5	74250000	74500000	0.653141
chr5	74500000	74750000	0.54067
chr5	74750000	75000000	0.34044
chr5	75000000	75250000	0.536961
chr5	75250000	75500000	0.106986
chr5	75500000	75750000	0.195333
chr5	75750000	76000000	0.0153456
chr5	76000000	76250000	0.291306
chr5	76250000	76500000	0.529305
chr5	76500000	76750000	0.692444
chr5	76750000	77000000	1.10884
chr5	77000000	77250000	1.11544
chr5	77250000	77500000	0.284177
chr5	77500000	77750000	-0.456619
chr5	77750000	78000000	-0.563916
chr5	78000000	78250000	-0.578768
chr5	78250000	78500000	-0.631402
chr5	78500000	78750000	-0.66002
chr5	78750000	79000000	-0.624685
chr5	79000000	79250000	-0.66384
chr5	79250000	79500000	-0.674898
chr5	79500000	79750000	-0.618684
chr5	79750000	80000000	-0.615853
chr5	80000000	80250000	-0.687048
chr5	80250000	80500000	-0.732641
chr5	80500000	80750000	-0.734368
chr5	80750000	81000000	-0.677546
chr5	81000000	81250000	-0.581028
chr5	81250000	81500000	-0.536685
chr5	81500000	81750000	-0.443314
chr5	81750000	82000000	-0.553419
chr5	82000000	82250000	-0.538085
chr5	82250000	82500000	-0.628439
chr5	82500000	82750000	-0.726535
chr5	82750000	83000000	-0.63087
chr5	83000000	83250000	-0.661333
chr5	83250000	83500000	-0.628928
chr5	83500000	83750000	-0.687554
chr5	83750000	84000000	-0.695104
chr5	84000000	84250000	-0.705733
chr5	84250000	84500000	-0.682449
chr5	84500000	84750000	-0.691003
chr5	84750000	85000000	-0.755843
chr5	85000000	85250000	-0.734862
chr5	85250000	85500000	-0.722707
chr5	85500000	85750000	-0.692663
chr5	85750000	86000000	-0.65652
chr5	86000000	86250000	-0.158444
chr5	86250000	86500000	-0.554902
chr5	86500000	86750000	-0.658943
chr5	86750000	87000000	-0.330672
chr5	87000000	87250000	-0.652069
chr5	87250000	87500000	-0.700563
chr5	87500000	87750000	-0.609238
chr5	87750000	88000000	-0.726232
chr5	88000000	88250000	-0.866638
chr5	88250000	88500000	-0.68822
chr5	88500000	88750000	0.273255
chr5	88750000	89000000	-0.144333
chr5	89000000	89250000	-0.582551
chr5	89250000	89500000	-0.495209
chr5	89500000	89750000	-0.369863
chr5	89750000	90000000	-0.229838
chr5	90000000	90250000	0.204145
chr5	90250000	90500000	0.300088
chr5	90500000	90750000	-0.214755
chr5	90750000	91000000	-0.584301
chr5	91000000	91250000	-0.675284
chr5	91250000	91500000	-0.63061
chr5	91500000	91750000	-0.286755
chr5	91750000	92000000	0.144556
chr5	92000000	92250000	1.05478
chr5	92250000	92500000	1.41633
chr5	92500000	92750000	1.32047
chr5	92750000	93000000	1.37622
chr5	93000000	93250000	1.01816
chr5	93250000	93500000	0.842519
chr5	93500000	93750000	nan
chr5	93750000	94000000	nan
chr5	94000000	94250000	nan
chr5	94250000	94500000	nan
chr5	94500000	94750000	nan
chr5	94750000	95000000	nan
chr5	95000000	95250000	nan
chr5	95250000	95500000	nan
chr5	95500000	95750000	nan
chr5	95750000	96000000	-0.0434466
chr5	96000000	96250000	-0.0182425
chr5	96250000	96500000	-0.155261
chr5	96500000	96750000	-0.159611
chr5	96750000	97000000	-0.220308
chr5	97000000	97250000	-0.174987
chr5	97250000	97500000	-0.223579
chr5	97500000	97750000	-0.584643
chr5	97750000	98000000	-0.613732
chr5	98000000	98250000	-0.357436
chr5	98250000	98500000	-0.318798
chr5	98500000	98750000	-0.634472
chr5	98750000	99000000	-0.453683
chr5	99000000	99250000	-0.32464
chr5	99250000	99500000	-0.013662
chr5	99500000	99750000	0.0528798
chr5	99750000	100000000	0.587606
chr5	100000000	100250000	0.867039
chr5	100250000	100500000	1.09798
chr5	100500000	100750000	0.958717
chr5	100750000	101000000	0.555638
chr5	101000000	101250000	-0.215995
chr5	101250000	101500000	-0.294233
chr5	101500000	101750000	-0.0527923
chr5	101750000	102000000	0.569625
chr5	102000000	102250000	0.200352
chr5	102250000	102500000	-0.15203
chr5	102500000	102750000	-0.456621
chr5	102750000	103000000	-0.324017
chr5	103000000	103250000	-0.0753844
chr5	103250000	103500000	0.579347
chr5	103500000	103750000	0.886416
chr5	103750000	104000000	0.710799
chr5	104000000	104250000	0.35172
chr5	104250000	104500000	0.282965
chr5	104500000	104750000	0.574251
chr5	104750000	105000000	0.431898
chr5	105000000	105250000	-0.0400163
chr5	105250000	105500000	0.106373
chr5	105500000	105750000	0.294067
chr5	105750000	106000000	0.387742
chr5	106000000	106250000	0.419799
chr5	106250000	106500000	0.275974
chr5	106500000	106750000	0.523413
chr5	106750000	107000000	0.608738
chr5	107000000	107250000	0.695704
chr5	107250000	107500000	0.797348
chr5	107500000	107750000	0.95046
chr5	107750000	108000000	1.10438
chr5	108000000	108250000	0.973447
chr5	108250000	108500000	0.682409
chr5	108500000	108750000	0.429701
chr5	108750000	109000000	-0.275187
chr5	109000000	109250000	-0.217649
chr5	109250000	109500000	-0.292015
chr5	109500000	109750000	0.18238
chr5	109750000	110000000	0.515355
chr5	110000000	110250000	0.774414
chr5	110250000	110500000	0.835388
chr5	110500000	110750000	1.03697
chr5	110750000	111000000	1.07256
chr5	111000000	111250000	0.996754
chr5	111250000	111500000	1.01764
chr5	111500000	111750000	0.885539
chr5	111750000	112000000	0.754579
chr5	112000000	112250000	0.868419
chr5	112250000	112500000	0.829476
chr5	112500000	112750000	0.477191
chr5	112750000	113000000	0.477114
chr5	113000000	113250000	0.638851
chr5	113250000	113500000	0.986422
chr5	113500000	113750000	0.991013
chr5	113750000	114000000	1.02134
chr5	114000000	114250000	1.13733
chr5	114250000	114500000	0.766077
chr5	114500000	114750000	1.1508
chr5	114750000	115000000	1.15618
chr5	115000000	115250000	1.17821
chr5	115250000	115500000	1.09354
chr5	115500000	115750000	1.05018
chr5	115750000	116000000	1.10005
chr5	116000000	116250000	0.949784
chr5	116250000	116500000	0.70571
chr5	116500000	116750000	0.567245
chr5	116750000	117000000	0.491538
chr5	117000000	117250000	0.920315
chr5	117250000	117500000	0.831757
chr5	117500000	117750000	0.703775
chr5	117750000	118000000	0.807118
chr5	118000000	118250000	0.880331
chr5	118250000	118500000	0.826582
chr5	118500000	118750000	0.671547
chr5	118750000	119000000	0.366674
chr5	119000000	119250000	0.291614
chr5	119250000	119500000	0.393689
chr5	119500000	119750000	0.770262
chr5	119750000	120000000	0.521952
chr5	120000000	120250000	0.870692
chr5	120250000	120500000	0.808128
chr5	120500000	120750000	1.02598
chr5	120750000	121000000	0.796223
chr5	121000000	121250000	1.09383
chr5	121250000	121500000	1.11157
chr5	121500000	121750000	1.11393
chr5	121750000	122000000	0.960158
chr5	122000000	122250000	1.02982
chr5	122250000	122500000	0.934841
chr5	122500000	122750000	1.0765
chr5	122750000	123000000	1.05971
chr5	123000000	123250000	0.920606
chr5	123250000	123500000	0.858777
chr5	123500000	123750000	0.930629
chr5	123750000	124000000	0.944277
chr5	124000000	124250000	0.83874
chr5	124250000	124500000	0.866641
chr5	124500000	124750000	0.893582
chr5	124750000	125000000	0.791233
chr5	125000000	125250000	0.905355
chr5	125250000	125500000	0.786656
chr5	125500000	125750000	0.441737
chr5	125750000	126000000	0.0358301
chr5	126000000	126250000	-0.0256996
chr5	126250000	126500000	-0.172544
chr5	126500000	126750000	0.0010275
chr5	126750000	127000000	0.0619913
chr5	127000000	127250000	-0.0610268
chr5	127250000	127500000	0.210496
chr5	127500000	127750000	0.542287
chr5	127750000	128000000	0.157323
chr5	128000000	128250000	0.15402
chr5	128250000	128500000	0.155705
chr5	128500000	128750000	0.228111
chr5	128750000	129000000	0.60935
chr5	129000000	129250000	0.569988
chr5	129250000	129500000	0.575342
chr5	129500000	129750000	0.583603
chr5	129750000	130000000	0.614286
chr5	130000000	130250000	0.618108
chr5	130250000	130500000	0.220688
chr5	130500000	130750000	0.154943
chr5	130750000	131000000	0.0326506
chr5	131000000	131250000	-0.0324722
chr5	131250000	131500000	0.12567
chr5	131500000	131750000	0.154823
chr5	131750000	132000000	0.0400339
chr5	132000000	132250000	-0.0548202
chr5	132250000	132500000	-0.112122
chr5	132500000	132750000	0.0313657
chr5	132750000	133000000	-0.0783771
chr5	133000000	133250000	-0.154897
chr5	133250000	133500000	-0.22073
chr5	133500000	133750000	-0.26559
chr5	133750000	134000000	-0.222186
chr5	134000000	134250000	0.261771
chr5	134250000	134500000	0.424632
chr5	134500000	134750000	0.71595
chr5	134750000	135000000	0.70666
chr5	135000000	135250000	0.703227
chr5	135250000	135500000	0.872682
chr5	135500000	135750000	0.686539
chr5	135750000	136000000	0.725925
chr5	136000000	136250000	0.63214
chr5	136250000	136500000	0.749685
chr5	136500000	136750000	0.734922
chr5	136750000	137000000	0.612962
chr5	137000000	137250000	0.561366
chr5	137250000	137500000	0.597858
chr5	137500000	137750000	0.605864
chr5	137750000	138000000	0.394611
chr5	138000000	138250000	0.48161
chr5	138250000	138500000	0.490227
chr5	138500000	138750000	0.393334
chr5	138750000	139000000	0.404421
chr5	139000000	139250000	0.569853
chr5	139250000	139500000	0.688929
chr5	139500000	139750000	0.707879
chr5	139750000	140000000	0.472503
chr5	140000000	140250000	0.598121
chr5	140250000	140500000	0.612115
chr5	140500000	140750000	0.628007
chr5	140750000	141000000	0.357654
chr5	141000000	141250000	0.0809104
chr5	141250000	141500000	0.0698545
chr5	141500000	141750000	-0.0236229
chr5	141750000	142000000	0.206426
chr5	142000000	142250000	0.204044
chr5	142250000	142500000	0.435609
chr5	142500000	142750000	0.672633
chr5	142750000	143000000	0.690253
chr5	143000000	143250000	0.569181
chr5	143250000	143500000	0.788576
chr5	143500000	143750000	0.672264
chr5	143750000	144000000	0.646671
chr5	144000000	144250000	0.543766
chr5	144250000	144500000	0.590346
chr5	144500000	144750000	0.426186
chr5	144750000	145000000	0.36039
chr5	145000000	145250000	0.280154
chr5	145250000	145500000	-0.237238
chr5	145500000	145750000	-0.206021
chr5	145750000	146000000	-0.329925
chr5	146000000	146250000	-0.14516
chr5	146250000	146500000	0.0760323
chr5	146500000	146750000	0.0811955
chr5	146750000	147000000	0.347457
chr5	147000000	147250000	0.381738
chr5	147250000	147500000	0.403527
chr5	147500000	147750000	0.391072
chr5	147750000	148000000	0.346135
chr5	148000000	148250000	0.347207
chr5	148250000	148500000	0.332798
chr5	148500000	148750000	0.426021
chr5	148750000	149000000	0.475891
chr5	149000000	149250000	0.643964
chr5	149250000	149500000	0.487007
chr5	149500000	149750000	0.477186
chr5	149750000	150000000	0.284195
chr5	150000000	150250000	0.306172
chr5	150250000	150500000	0.442157
chr5	150500000	150750000	0.546931
chr5	150750000	151000000	0.416967
chr5	151000000	151250000	0.0862616
chr5	151250000	151500000	-0.139273
chr5	151500000	151750000	-0.129177
chr5	151750000	151834684	nan
#bedGraph section chr6:0-149736546
chr6	0	250000	nan
chr6	250000	500000	nan
chr6	500000	750000	nan
chr6	750000	1000000	nan
chr6	1000000	1250000	nan
chr6	1250000	1500000	nan
chr6	1500000	1750000	nan
chr6	1750000	2000000	nan
chr6	2000000	2250000	nan
chr6	2250000	2500000	nan
chr6	2500000	2750000	nan
chr6	2750000	3000000	nan
chr6	3000000	3250000	0.0850151
chr6	3250000	3500000	0.29799
chr6	3500000	3750000	0.409385
chr6	3750000	4000000	0.0177558
chr6	4000000	4250000	-0.249002
chr6	4250000	4500000	-0.0620911
chr6	4500000	4750000	0.0621579
chr6	4750000	5000000	0.520193
chr6	5000000	5250000	0.880668
chr6	5250000	5500000	0.680262
chr6	5500000	5750000	0.503629
chr6	5750000	6000000	0.479738
chr6	6000000	6250000	0.817744
chr6	6250000	6500000	0.241118
chr6	6500000	6750000	0.562917
chr6	6750000	7000000	0.197994
chr6	7000000	7250000	-0.0354917
chr6	7250000	7500000	-0.116352
chr6	7500000	7750000	0.0416914
chr6	7750000	8000000	0.304386
chr6	8000000	8250000	0.516765
chr6	8250000	8500000	0.636521
chr6	8500000	8750000	0.338983
chr6	8750000	9000000	-0.179914
chr6	9000000	9250000	-0.402591
chr6	9250000	9500000	-0.435906
chr6	9500000	9750000	-0.457858
chr6	9750000	10000000	-0.472918
chr6	10000000	10250000	-0.382057
chr6	10250000	10500000	-0.348156
chr6	10500000	10750000	-0.30489
chr6	10750000	11000000	-0.43268
chr6	11000000	11250000	-0.296952
chr6	11250000	11500000	-0.222373
chr6	11500000	11750000	-0.167298
chr6	11750000	12000000	0.0837847
chr6	12000000	12250000	0.357108
chr6	12250000	12500000	-0.163595
chr6	12500000	12750000	-0.179482
chr6	12750000	13000000	-0.231047
chr6	13000000	13250000	-0.0878254
chr6	13250000	13500000	-0.260116
chr6	13500000	13750000	-0.0458498
chr6	13750000	14000000	-0.0888853
chr6	14000000	14250000	-0.405288
chr6	14250000	14500000	-0.241907
chr6	14500000	14750000	-0.377708
chr6	14750000	15000000	-0.363023
chr6	15000000	15250000	-0.325422
chr6	15250000	15500000	-0.354785
chr6	15500000	15750000	-0.285012
chr6	15750000	16000000	-0.252744
chr6	16000000	16250000	-0.260799
chr6	16250000	16500000	-0.280303
chr6	16500000	16750000	-0.381738
chr6	16750000	17000000	-0.160799
chr6	17000000	17250000	-0.0739506
chr6	17250000	17500000	0.179819
chr6	17500000	17750000	0.314286
chr6	17750000	18000000	0.185374
chr6	18000000	18250000	0.0230036
chr6	18250000	18500000	0.0279781
chr6	18500000	18750000	-0.138157
chr6	18750000	19000000	-0.257155
chr6	19000000	19250000	-0.352236
chr6	19250000	19500000	-0.270693
chr6	19500000	19750000	-0.347483
chr6	19750000	20000000	-0.289842
chr6	20000000	20250000	-0.362953
chr6	20250000	20500000	-0.401101
chr6	20500000	20750000	-0.438409
chr6	20750000	21000000	-0.37287
chr6	21000000	21250000	-0.343756
chr6	21250000	21500000	-0.317495
chr6	21500000	21750000	-0.294068
chr6	21750000	22000000	0.0556218
chr6	22000000	22250000	0.0787224
chr6	22250000	22500000	0.5167
chr6	22500000	22750000	-0.0251199
chr6	22750000	23000000	-0.229265
chr6	23000000	23250000	-0.0936276
chr6	23250000	23500000	-0.106656
chr6	23500000	23750000	-0.252738
chr6	23750000	24000000	-0.0800365
chr6	24000000	24250000	-0.078684
chr6	24250000	24500000	-0.0260789
chr6	24500000	24750000	0.17282
chr6	24750000	25000000	-0.0959001
chr6	25000000	25250000	-0.436034
chr6	25250000	25500000	-0.314429
chr6	25500000	25750000	-0.384053
chr6	25750000	26000000	-0.24361
chr6	26000000	26250000	-0.376392
chr6	26250000	26500000	-0.436601
chr6	26500000	26750000	-0.385664
chr6	26750000	27000000	-0.398915
chr6	27000000	27250000	-0.429415
chr6	27250000	27500000	-0.381836
chr6	27500000	27750000	-0.339617
chr6	27750000	28000000	-0.265228
chr6	28000000	28250000	-0.106205
chr6	28250000	28500000	0.122482
chr6	28500000	28750000	0.714165
chr6	28750000	29000000	0.82422
chr6	29000000	29250000	1.38115
chr6	29250000	29500000	1.40163
chr6	29500000	29750000	1.32973
chr6	29750000	30000000	1.34291
chr6	30000000	30250000	1.4811
chr6	30250000	30500000	1.33255
chr6	30500000	30750000	1.02073
chr6	30750000	31000000	0.807764
chr6	31000000	31250000	0.637462
chr6	31250000	31500000	0.638246
chr6	31500000	31750000	0.157678
chr6	31750000	32000000	0.126018
chr6	32000000	32250000	-0.0425939
chr6	32250000	32500000	0.0640432
chr6	32500000	32750000	0.0582127
chr6	32750000	33000000	0.220371
chr6	33000000	33250000	0.16725
chr6	33250000	33500000	0.207772
chr6	33500000	33750000	0.149862
chr6	33750000	34000000	0.28352
chr6	34000000	34250000	0.576622
chr6	34250000	34500000	0.585613
chr6	34500000	34750000	0.641114
chr6	34750000	35000000	0.874876
chr6	35000000	35250000	0.800554
chr6	35250000	35500000	0.194141
chr6	35500000	35750000	-0.0811772
chr6	35750000	36000000	-0.232748
chr6	36000000	36250000	-0.401308
chr6	36250000	36500000	-0.346019
chr6	36500000	36750000	-0.288684
chr6	36750000	37000000	-0.174436
chr6	37000000	37250000	-0.00554365
chr6	37250000	37500000	0.129385
chr6	37500000	37750000	0.516897
chr6	37750000	38000000	0.737979
chr6	38000000	38250000	1.09192
chr6	38250000	38500000	1.22979
chr6	38500000	38750000	1.32759
chr6	38750000	39000000	1.43749
chr6	39000000	39250000	1.49574
chr6	39250000	39500000	1.54411
chr6	39500000	39750000	1.1333
chr6	39750000	40000000	0.797834
chr6	40000000	40250000	0.459485
chr6	40250000	40500000	0.459318
chr6	40500000	40750000	-0.146743
chr6	40750000	41000000	-0.36448
chr6	41000000	41250000	-0.149578
chr6	41250000	41500000	-0.260227
chr6	41500000	41750000	-0.132366
chr6	41750000	42000000	-0.526904
chr6	42000000	42250000	-0.340693
chr6	42250000	42500000	0.0731378
chr6	42500000	42750000	-0.201184
chr6	42750000	43000000	-0.449189
chr6	43000000	43250000	-0.536558
chr6	43250000	43500000	-0.339437
chr6	43500000	43750000	-0.186918
chr6	43750000	44000000	-0.300456
chr6	44000000	44250000	-0.505938
chr6	44250000	44500000	-0.52973
chr6	44500000	44750000	-0.549011
chr6	44750000	45000000	-0.500588
chr6	45000000	45250000	-0.47847
chr6	45250000	45500000	-0.391714
chr6	45500000	45750000	-0.356159
chr6	45750000	46000000	-0.33809
chr6	46000000	46250000	-0.3939
chr6	46250000	46500000	-0.342841
chr6	46500000	46750000	-0.382487
chr6	46750000	47000000	-0.343978
chr6	47000000	47250000	-0.103581
chr6	47250000	47500000	0.485137
chr6	47500000	47750000	1.01698
chr6	47750000	48000000	1.21325
chr6	48000000	48250000	0.86506
chr6	48250000	48500000	0.630978
chr6	48500000	48750000	0.838968
chr6	48750000	49000000	0.863128
chr6	49000000	49250000	1.09887
chr6	49250000	49500000	0.852408
chr6	49500000	49750000	0.22781
chr6	49750000	50000000	0.20754
chr6	50000000	50250000	0.328937
chr6	50250000	50500000	0.628944
chr6	50500000	50750000	0.448297
chr6	50750000	51000000	0.29502
chr6	51000000	51250000	0.400562
chr6	51250000	51500000	0.95107
chr6	51500000	51750000	0.771771
chr6	51750000	52000000	0.548977
chr6	52000000	52250000	0.597028
chr6	52250000	52500000	1.13912
chr6	52500000	52750000	1.07405
chr6	52750000	53000000	0.67979
chr6	53000000	53250000	0.129328
chr6	53250000	53500000	-0.083565
chr6	53500000	53750000	-0.0379503
chr6	53750000	54000000	0.397027
chr6	54000000	54250000	0.715741
chr6	54250000	54500000	0.504221
chr6	54500000	54750000	0.769511
chr6	54750000	55000000	1.01523
chr6	55000000	55250000	0.804594
chr6	55250000	55500000	0.442631
chr6	55500000	55750000	-0.149574
chr6	55750000	56000000	-0.455028
chr6	56000000	56250000	-0.233655
chr6	56250000	56500000	-0.284263
chr6	56500000	56750000	0.270088
chr6	56750000	57000000	0.194727
chr6	57000000	57250000	-0.414276
chr6	57250000	57500000	-0.421407
chr6	57500000	57750000	-0.228099
chr6	57750000	58000000	-0.465279
chr6	58000000	58250000	-0.486883
chr6	58250000	58500000	-0.482527
chr6	58500000	58750000	-0.406767
chr6	58750000	59000000	-0.308844
chr6	59000000	59250000	-0.488606
chr6	59250000	59500000	-0.441389
chr6	59500000	59750000	-0.549754
chr6	59750000	60000000	nan
chr6	60000000	60250000	nan
chr6	60250000	60500000	-0.59767
chr6	60500000	60750000	-0.573213
chr6	60750000	61000000	-0.521394
chr6	61000000	61250000	-0.225035
chr6	61250000	61500000	-0.234677
chr6	61500000	61750000	-0.35646
chr6	61750000	62000000	-0.353134
chr6	62000000	62250000	-0.415866
chr6	62250000	62500000	-0.513375
chr6	62500000	62750000	-0.453121
chr6	62750000	63000000	-0.410215
chr6	63000000	63250000	-0.377946
chr6	63250000	63500000	-0.455647
chr6	63500000	63750000	-0.388429
chr6	63750000	64000000	-0.431788
chr6	64000000	64250000	-0.358408
chr6	64250000	64500000	-0.4414
chr6	64500000	64750000	-0.269434
chr6	64750000	65000000	-0.220987
chr6	65000000	65250000	0.33191
chr6	65250000	65500000	-0.250875
chr6	65500000	65750000	-0.250663
chr6	65750000	66000000	-0.259189
chr6	66000000	66250000	-0.446764
chr6	66250000	66500000	-0.346327
chr6	66500000	66750000	-0.118747
chr6	66750000	67000000	-0.016614
chr6	67000000	67250000	0.479623
chr6	67250000	67500000	0.254931
chr6	67500000	67750000	-0.319286
chr6	67750000	68000000	-0.432312
chr6	68000000	68250000	-0.398177
chr6	68250000	68500000	-0.3888
chr6	68500000	68750000	-0.399424
chr6	68750000	69000000	-0.52235
chr6	69000000	69250000	nan
chr6	69250000	69500000	-0.623539
chr6	69500000	69750000	-0.515252
chr6	69750000	70000000	-0.529139
chr6	70000000	70250000	-0.442479
chr6	70250000	70500000	-0.578348
chr6	70500000	70750000	-0.372816
chr6	70750000	71000000	0.58727
chr6	71000000	71250000	0.723942
chr6	71250000	71500000	1.01761
chr6	71500000	71750000	1.11079
chr6	71750000	72000000	1.15169
chr6	72000000	72250000	1.24306
chr6	72250000	72500000	1.38966
chr6	72500000	72750000	1.47868
chr6	72750000	73000000	1.25999
chr6	73000000	73250000	0.637969
chr6	73250000	73500000	-0.0932748
chr6	73500000	73750000	-0.369134
chr6	73750000	74000000	-0.467161
chr6	74000000	74250000	-0.539774
chr6	74250000	74500000	-0.500339
chr6	74500000	74750000	-0.576401
chr6	74750000	75000000	-0.516572
chr6	75000000	75250000	-0.493842
chr6	75250000	75500000	-0.508599
chr6	75500000	75750000	-0.555789
chr6	75750000	76000000	-0.496726
chr6	76000000	76250000	-0.509158
chr6	76250000	76500000	-0.433119
chr6	76500000	76750000	-0.425436
chr6	76750000	77000000	-0.440273
chr6	77000000	77250000	-0.491529
chr6	77250000	77500000	-0.488332
chr6	77500000	77750000	-0.444002
chr6	77750000	78000000	-0.428199
chr6	78000000	78250000	-0.521302
chr6	78250000	78500000	-0.468678
chr6	78500000	78750000	-0.550706
chr6	78750000	79000000	-0.441546
chr6	79000000	79250000	-0.458838
chr6	79250000	79500000	-0.34579
chr6	79500000	79750000	-0.451512
chr6	79750000	80000000	-0.460947
chr6	80000000	80250000	-0.523556
chr6	80250000	80500000	-0.610995
chr6	80500000	80750000	-0.608385
chr6	80750000	81000000	-0.541686
chr6	81000000	81250000	-0.555798
chr6	81250000	81500000	-0.541739
chr6	81500000	81750000	-0.614891
chr6	81750000	82000000	-0.088558
chr6	82000000	82250000	0.180597
chr6	82250000	82500000	-0.0567779
chr6	82500000	82750000	0.48107
chr6	82750000	83000000	0.883529
chr6	83000000	83250000	1.26571
chr6	83250000	83500000	1.17132
chr6	83500000	83750000	0.996026
chr6	83750000	84000000	1.17493
chr6	84000000	84250000	0.946045
chr6	84250000	84500000	0.62929
chr6	84500000	84750000	0.452116
chr6	84750000	85000000	0.467919
chr6	85000000	85250000	0.751632
chr6	85250000	85500000	1.03052
chr6	85500000	85750000	0.994418
chr6	85750000	86000000	0.984613
chr6	86000000	86250000	1.02045
chr6	86250000	86500000	1.07946
chr6	86500000	86750000	1.09415
chr6	86750000	87000000	1.09533
chr6	87000000	87250000	1.01534
chr6	87250000	87500000	0.707343
chr6	87500000	87750000	0.869794
chr6	87750000	88000000	1.12633
chr6	88000000	88250000	1.09544
chr6	88250000	88500000	0.995055
chr6	88500000	88750000	0.899247
chr6	88750000	89000000	1.0153
chr6	89000000	89250000	0.850509
chr6	89250000	89500000	0.583978
chr6	89500000	89750000	0.201068
chr6	89750000	90000000	-0.320348
chr6	90000000	90250000	-0.260473
chr6	90250000	90500000	0.265028
chr6	90500000	90750000	0.804524
chr6	90750000	91000000	0.874775
chr6	91000000	91250000	0.841641
chr6	91250000	91500000	0.901959
chr6	91500000	91750000	1.19038
chr6	91750000	92000000	0.861871
chr6	92000000	92250000	0.891607
chr6	92250000	92500000	0.33791
chr6	92500000	92750000	0.187688
chr6	92750000	93000000	-0.19942
chr6	93000000	93250000	-0.213264
chr6	93250000	93500000	-0.082438
chr6	93500000	93750000	0.216175
chr6	93750000	94000000	0.450849
chr6	94000000	94250000	0.430166
chr6	94250000	94500000	0.539109
chr6	94500000	94750000	0.492591
chr6	94750000	95000000	0.208201
chr6	95000000	95250000	0.032966
chr6	95250000	95500000	0.0389149
chr6	95500000	95750000	0.391372
chr6	95750000	96000000	-0.204032
chr6	96000000	96250000	-0.426681
chr6	96250000	96500000	-0.539371
chr6	96500000	96750000	-0.409065
chr6	96750000	97000000	-0.30341
chr6	97000000	97250000	0.272182
chr6	97250000	97500000	0.281791
chr6	97500000	97750000	-0.256023
chr6	97750000	98000000	-0.10893
chr6	98000000	98250000	-0.470554
chr6	98250000	98500000	-0.496419
chr6	98500000	98750000	-0.0631626
chr6	98750000	99000000	0.0685227
chr6	99000000	99250000	0.338333
chr6	99250000	99500000	0.543644
chr6	99500000	99750000	0.671832
chr6	99750000	100000000	0.63748
chr6	100000000	100250000	0.843034
chr6	100250000	100500000	0.976059
chr6	100500000	100750000	0.674757
chr6	100750000	101000000	0.510922
chr6	101000000	101250000	0.0143725
chr6	101250000	101500000	-0.33883
chr6	101500000	101750000	-0.452919
chr6	101750000	102000000	-0.619387
chr6	102000000	102250000	-0.562877
chr6	102250000	102500000	-0.444434
chr6	102500000	102750000	-0.437605
chr6	102750000	103000000	-0.560729
chr6	103000000	103250000	-0.509505
chr6	103250000	103500000	-0.567874
chr6	103500000	103750000	-0.527069
chr6	103750000	104000000	-0.576963
chr6	104000000	104250000	-0.519498
chr6	104250000	104500000	-0.41632
chr6	104500000	104750000	-0.388678
chr6	104750000	105000000	-0.424338
chr6	105000000	105250000	-0.42821
chr6	105250000	105500000	-0.46252
chr6	105500000	105750000	-0.422405
chr6	105750000	106000000	-0.407442
chr6	106000000	106250000	-0.425311
chr6	106250000	106500000	-0.429205
chr6	106500000	106750000	-0.250684
chr6	106750000	107000000	-0.202713
chr6	107000000	107250000	-0.267299
chr6	107250000	107500000	-0.380594
chr6	107500000	107750000	-0.324193
chr6	107750000	108000000	-0.332315
chr6	108000000	108250000	0.0853284
chr6	108250000	108500000	0.344238
chr6	108500000	108750000	0.622107
chr6	108750000	109000000	0.0596687
chr6	109000000	109250000	-0.531945
chr6	109250000	109500000	-0.629659
chr6	109500000	109750000	-0.601587
chr6	109750000	110000000	-0.546172
chr6	110000000	110250000	-0.586838
chr6	110250000	110500000	-0.620667
chr6	110500000	110750000	-0.538419
chr6	110750000	111000000	-0.614112
chr6	111000000	111250000	-0.558321
chr6	111250000	111500000	-0.449362
chr6	111500000	111750000	-0.402097
chr6	111750000	112000000	-0.489314
chr6	112000000	112250000	-0.553384
chr6	112250000	112500000	-0.278474
chr6	112500000	112750000	0.225897
chr6	112750000	113000000	0.345622
chr6	113000000	113250000	1.00704
chr6	113250000	113500000	1.28236
chr6	113500000	113750000	1.37986
chr6	113750000	114000000	0.786277
chr6	114000000	114250000	0.44067
chr6	114250000	114500000	0.340864
chr6	114500000	114750000	1.03931
chr6	114750000	115000000	0.760292
chr6	115000000	115250000	0.666508
chr6	115250000	115500000	0.57143
chr6	115500000	115750000	1.04371
chr6	115750000	116000000	1.07502
chr6	116000000	116250000	1.01004
chr6	116250000	116500000	0.605938
chr6	116500000	116750000	0.107265
chr6	116750000	117000000	-0.116531
chr6	117000000	117250000	-0.168417
chr6	117250000	117500000	0.041284
chr6	117500000	117750000	0.0950365
chr6	117750000	118000000	0.707883
chr6	118000000	118250000	0.811075
chr6	118250000	118500000	0.617534
chr6	118500000	118750000	0.357239
chr6	118750000	119000000	0.233866
chr6	119000000	119250000	0.282766
chr6	119250000	119500000	0.639881
chr6	119500000	119750000	1.11921
chr6	119750000	120000000	1.33718
chr6	120000000	120250000	1.30966
chr6	120250000	120500000	1.42965
chr6	120500000	120750000	1.42496
chr6	120750000	121000000	1.06547
chr6	121000000	121250000	0.805447
chr6	121250000	121500000	0.151455
chr6	121500000	121750000	-0.23895
chr6	121750000	122000000	-0.332481
chr6	122000000	122250000	-0.348817
chr6	122250000	122500000	0.437548
chr6	122500000	122750000	0.667996
chr6	122750000	123000000	0.193294
chr6	123000000	123250000	-0.483496
chr6	123250000	123500000	nan
chr6	123500000	123750000	nan
chr6	123750000	124000000	-0.366233
chr6	124000000	124250000	-0.556138
chr6	124250000	124500000	0.232152
chr6	124500000	124750000	0.699111
chr6	124750000	125000000	1.16202
chr6	125000000	125250000	1.0841
chr6	125250000	125500000	0.825189
chr6	125500000	125750000	0.603957
chr6	125750000	126000000	0.164522
chr6	126000000	126250000	0.0857323
chr6	126250000	126500000	-0.189527
chr6	126500000	126750000	0.118689
chr6	126750000	127000000	0.601841
chr6	127000000	127250000	0.48313
chr6	127250000	127500000	0.275728
chr6	127500000	127750000	0.500258
chr6	127750000	128000000	0.437704
chr6	128000000	128250000	0.959054
chr6	128250000	128500000	0.864609
chr6	128500000	128750000	0.38905
chr6	128750000	129000000	-0.00877955
chr6	129000000	129250000	-0.377316
chr6	129250000	129500000	-0.454427
chr6	129500000	129750000	-0.605834
chr6	129750000	130000000	-0.413471
chr6	130000000	130250000	nan
chr6	130250000	130500000	-0.465525
chr6	130500000	130750000	-0.363735
chr6	130750000	131000000	-0.322175
chr6	131000000	131250000	-0.282171
chr6	131250000	131500000	-0.0768121
chr6	131500000	131750000	-0.410702
chr6	131750000	132000000	-0.564083
chr6	132000000	132250000	-0.564534
chr6	132250000	132500000	-0.576274
chr6	132500000	132750000	-0.490515
chr6	132750000	133000000	-0.599734
chr6	133000000	133250000	-0.531644
chr6	133250000	133500000	-0.564741
chr6	133500000	133750000	-0.675901
chr6	133750000	134000000	-0.315109
chr6	134000000	134250000	0.247354
chr6	134250000	134500000	0.338829
chr6	134500000	134750000	0.956268
chr6	134750000	135000000	1.13655
chr6	135000000	135250000	0.627864
chr6	135250000	135500000	0.1262
chr6	135500000	135750000	-0.00370878
chr6	135750000	136000000	-0.115982
chr6	136000000	136250000	0.035418
chr6	136250000	136500000	0.46704
chr6	136500000	136750000	0.678877
chr6	136750000	137000000	0.395231
chr6	137000000	137250000	0.0443732
chr6	137250000	137500000	-0.182725
chr6	137500000	137750000	0.187975
chr6	137750000	138000000	0.0623839
chr6	138000000	138250000	-0.150882
chr6	138250000	138500000	-0.412223
chr6	138500000	138750000	-0.436222
chr6	138750000	139000000	-0.529107
chr6	139000000	139250000	-0.571027
chr6	139250000	139500000	-0.606558
chr6	139500000	139750000	-0.489763
chr6	139750000	140000000	-0.384619
chr6	140000000	140250000	-0.348252
chr6	140250000	140500000	0.225798
chr6	140500000	140750000	0.726695
chr6	140750000	141000000	-0.00251816
chr6	141000000	141250000	-0.105343
chr6	141250000	141500000	-0.216505
chr6	141500000	141750000	-0.408091
chr6	141750000	142000000	-0.377845
chr6	142000000	142250000	-0.314895
chr6	142250000	142500000	-0.023733
chr6	142500000	142750000	-0.211702
chr6	142750000	143000000	0.340098
chr6	143000000	143250000	0.561265
chr6	143250000	143500000	0.0393638
chr6	143500000	143750000	-0.366365
chr6	143750000	144000000	-0.113413
chr6	144000000	144250000	-0.11531
chr6	144250000	144500000	0.060894
chr6	144500000	144750000	0.160212
chr6	144750000	145000000	0.450406
chr6	145000000	145250000	1.01983
chr6	145250000	145500000	0.809341
chr6	145500000	145750000	0.758783
chr6	145750000	146000000	0.868424
chr6	146000000	146250000	0.547227
chr6	146250000	146500000	0.924554
chr6	146500000	146750000	0.903454
chr6	146750000	147000000	0.731605
chr6	147000000	147250000	0.305135
chr6	147250000	147500000	0.189237
chr6	147500000	147750000	0.0836766
chr6	147750000	148000000	-0.0784452
chr6	148000000	148250000	0.465074
chr6	148250000	148500000	0.719949
chr6	148500000	148750000	0.690762
chr6	148750000	149000000	0.985138
chr6	149000000	149250000	1.38716
chr6	149250000	149500000	0.94743
chr6	149500000	149736546	nan
#bedGraph section chr7:0-145441459
chr7	0	250000	nan
chr7	250000	500000	nan
chr7	500000	750000	nan
chr7	750000	1000000	nan
chr7	1000000	1250000	nan
chr7	1250000	1500000	nan
chr7	1500000	1750000	nan
chr7	1750000	2000000	nan
chr7	2000000	2250000	nan
chr7	2250000	2500000	nan
chr7	2500000	2750000	nan
chr7	2750000	3000000	nan
chr7	3000000	3250000	0.395722
chr7	3250000	3500000	1.15087
chr7	3500000	3750000	1.04226
chr7	3750000	4000000	nan
chr7	4000000	4250000	0.567908
chr7	4250000	4500000	0.788102
chr7	4500000	4750000	1.14754
chr7	4750000	5000000	1.02864
chr7	5000000	5250000	0.379823
chr7	5250000	5500000	-0.0650254
chr7	5500000	5750000	nan
chr7	5750000	6000000	nan
chr7	6000000	6250000	0.259287
chr7	6250000	6500000	0.335466
chr7	6500000	6750000	0.0618783
chr7	6750000	7000000	0.298176
chr7	7000000	7250000	0.250158
chr7	7250000	7500000	nan
chr7	7500000	7750000	nan
chr7	7750000	8000000	nan
chr7	8000000	8250000	nan
chr7	8250000	8500000	nan
chr7	8500000	8750000	nan
chr7	8750000	9000000	nan
chr7	9000000	9250000	nan
chr7	9250000	9500000	nan
chr7	9500000	9750000	nan
chr7	9750000	10000000	nan
chr7	10000000	10250000	nan
chr7	10250000	10500000	-0.335009
chr7	10500000	10750000	-0.252601
chr7	10750000	11000000	nan
chr7	11000000	11250000	nan
chr7	11250000	11500000	nan
chr7	11500000	11750000	-0.0472256
chr7	11750000	12000000	-0.151927
chr7	12000000	12250000	-0.158575
chr7	12250000	12500000	-0.148371
chr7	12500000	12750000	0.0238557
chr7	12750000	13000000	0.48694
chr7	13000000	13250000	0.410233
chr7	13250000	13500000	0.188453
chr7	13500000	13750000	-0.0691295
chr7	13750000	14000000	-0.093168
chr7	14000000	14250000	0.042816
chr7	14250000	14500000	-0.0498792
chr7	14500000	14750000	0.0484588
chr7	14750000	15000000	-0.237522
chr7	15000000	15250000	nan
chr7	15250000	15500000	-0.0774279
chr7	15500000	15750000	-0.132441
chr7	15750000	16000000	0.373404
chr7	16000000	16250000	1.07007
chr7	16250000	16500000	1.04436
chr7	16500000	16750000	1.02893
chr7	16750000	17000000	0.78597
chr7	17000000	17250000	0.0363975
chr7	17250000	17500000	nan
chr7	17500000	17750000	nan
chr7	17750000	18000000	-0.331508
chr7	18000000	18250000	-0.359659
chr7	18250000	18500000	-0.27101
chr7	18500000	18750000	-0.127325
chr7	18750000	19000000	0.559879
chr7	19000000	19250000	1.01382
chr7	19250000	19500000	1.29347
chr7	19500000	19750000	1.16221
chr7	19750000	20000000	0.524232
chr7	20000000	20250000	nan
chr7	20250000	20500000	nan
chr7	20500000	20750000	nan
chr7	20750000	21000000	nan
chr7	21000000	21250000	nan
chr7	21250000	21500000	nan
chr7	21500000	21750000	nan
chr7	21750000	22000000	nan
chr7	22000000	22250000	nan
chr7	22250000	22500000	nan
chr7	22500000	22750000	nan
chr7	22750000	23000000	nan
chr7	23000000	23250000	nan
chr7	23250000	23500000	-0.0450789
chr7	23500000	23750000	nan
chr7	23750000	24000000	-0.222532
chr7	24000000	24250000	0.262707
chr7	24250000	24500000	0.714326
chr7	24500000	24750000	1.12014
chr7	24750000	25000000	1.1593
chr7	25000000	25250000	1.22206
chr7	25250000	25500000	1.01944
chr7	25500000	25750000	0.768584
chr7	25750000	26000000	0.268058
chr7	26000000	26250000	-0.155355
chr7	26250000	26500000	0.0842471
chr7	26500000	26750000	-0.0637839
chr7	26750000	27000000	-0.00473888
chr7	27000000	27250000	0.352404
chr7	27250000	27500000	0.886925
chr7	27500000	27750000	1.0831
chr7	27750000	28000000	0.970867
chr7	28000000	28250000	1.16435
chr7	28250000	28500000	1.50943
chr7	28500000	28750000	1.66342
chr7	28750000	29000000	1.68928
chr7	29000000	29250000	1.56305
chr7	29250000	29500000	1.51928
chr7	29500000	29750000	1.31522
chr7	29750000	30000000	1.27659
chr7	30000000	30250000	1.4849
chr7	30250000	30500000	1.39878
chr7	30500000	30750000	1.49299
chr7	30750000	31000000	1.03419
chr7	31000000	31250000	0.0686306
chr7	31250000	31500000	-0.642473
chr7	31500000	31750000	nan
chr7	31750000	32000000	nan
chr7	32000000	32250000	nan
chr7	32250000	32500000	nan
chr7	32500000	32750000	nan
chr7	32750000	33000000	nan
chr7	33000000	33250000	nan
chr7	33250000	33500000	nan
chr7	33500000	33750000	-0.530166
chr7	33750000	34000000	-0.444309
chr7	34000000	34250000	0.189048
chr7	34250000	34500000	0.798767
chr7	34500000	34750000	0.964304
chr7	34750000	35000000	0.93522
chr7	35000000	35250000	1.29345
chr7	35250000	35500000	1.34024
chr7	35500000	35750000	1.17942
chr7	35750000	36000000	0.583558
chr7	36000000	36250000	0.0475769
chr7	36250000	36500000	-0.0729315
chr7	36500000	36750000	-0.194019
chr7	36750000	37000000	-0.310539
chr7	37000000	37250000	-0.381709
chr7	37250000	37500000	-0.177741
chr7	37500000	37750000	0.00231697
chr7	37750000	38000000	0.322221
chr7	38000000	38250000	0.756413
chr7	38250000	38500000	0.0650613
chr7	38500000	38750000	nan
chr7	38750000	39000000	nan
chr7	39000000	39250000	-0.326709
chr7	39250000	39500000	0.120197
chr7	39500000	39750000	-0.0757345
chr7	39750000	40000000	-0.43016
chr7	40000000	40250000	-0.559547
chr7	40250000	40500000	-0.411945
chr7	40500000	40750000	-0.484747
chr7	40750000	41000000	-0.335627
chr7	41000000	41250000	-0.44376
chr7	41250000	41500000	-0.186224
chr7	41500000	41750000	0.0765277
chr7	41750000	42000000	-0.410337
chr7	42000000	42250000	-0.462514
chr7	42250000	42500000	-0.30636
chr7	42500000	42750000	0.00470552
chr7	42750000	43000000	-0.0260424
chr7	43000000	43250000	0.316247
chr7	43250000	43500000	0.922265
chr7	43500000	43750000	0.748103
chr7	43750000	44000000	0.614589
chr7	44000000	44250000	0.910141
chr7	44250000	44500000	1.26235
chr7	44500000	44750000	1.51163
chr7	44750000	45000000	1.66347
chr7	45000000	45250000	1.74493
chr7	45250000	45500000	1.88113
chr7	45500000	45750000	1.75871
chr7	45750000	46000000	1.60529
chr7	46000000	46250000	1.20897
chr7	46250000	46500000	0.944422
chr7	46500000	46750000	0.964349
chr7	46750000	47000000	0.888218
chr7	47000000	47250000	0.124551
chr7	47250000	47500000	-0.510512
chr7	47500000	47750000	-0.70952
chr7	47750000	48000000	-0.634251
chr7	48000000	48250000	-0.608127
chr7	48250000	48500000	-0.561802
chr7	48500000	48750000	-0.63256
chr7	48750000	49000000	-0.192047
chr7	49000000	49250000	0.0635091
chr7	49250000	49500000	0.488544
chr7	49500000	49750000	0.742134
chr7	49750000	50000000	0.258507
chr7	50000000	50250000	-0.301596
chr7	50250000	50500000	-0.406969
chr7	50500000	50750000	-0.480078
chr7	50750000	51000000	-0.466554
chr7	51000000	51250000	-0.42002
chr7	51250000	51500000	-0.505866
chr7	51500000	51750000	-0.609577
chr7	51750000	52000000	-0.426852
chr7	52000000	52250000	-0.418944
chr7	52250000	52500000	-0.580625
chr7	52500000	52750000	-0.460407
chr7	52750000	53000000	-0.527589
chr7	53000000	53250000	-0.471822
chr7	53250000	53500000	-0.530303
chr7	53500000	53750000	-0.596796
chr7	53750000	54000000	-0.532147
chr7	54000000	54250000	-0.544961
chr7	54250000	54500000	-0.572464
chr7	54500000	54750000	-0.594766
chr7	54750000	55000000	-0.576876
chr7	55000000	55250000	-0.53861
chr7	55250000	55500000	-0.493234
chr7	55500000	55750000	-0.461779
chr7	55750000	56000000	0.339926
chr7	56000000	56250000	0.0141591
chr7	56250000	56500000	-0.419872
chr7	56500000	56750000	-0.430033
chr7	56750000	57000000	-0.412422
chr7	57000000	57250000	-0.452089
chr7	57250000	57500000	-0.455008
chr7	57500000	57750000	-0.519018
chr7	57750000	58000000	-0.606809
chr7	58000000	58250000	-0.574533
chr7	58250000	58500000	-0.582541
chr7	58500000	58750000	-0.422031
chr7	58750000	59000000	-0.459952
chr7	59000000	59250000	-0.384538
chr7	59250000	59500000	nan
chr7	59500000	59750000	nan
chr7	59750000	60000000	nan
chr7	60000000	60250000	-0.297353
chr7	60250000	60500000	-0.55248
chr7	60500000	60750000	-0.561691
chr7	60750000	61000000	-0.616961
chr7	61000000	61250000	-0.606165
chr7	61250000	61500000	-0.549604
chr7	61500000	61750000	-0.578319
chr7	61750000	62000000	-0.494136
chr7	62000000	62250000	-0.561872
chr7	62250000	62500000	-0.619941
chr7	62500000	62750000	-0.731324
chr7	62750000	63000000	-0.65152
chr7	63000000	63250000	-0.635101
chr7	63250000	63500000	-0.522531
chr7	63500000	63750000	-0.206165
chr7	63750000	64000000	0.419879
chr7	64000000	64250000	0.4217
chr7	64250000	64500000	0.593098
chr7	64500000	64750000	0.350434
chr7	64750000	65000000	0.57118
chr7	65000000	65250000	0.330846
chr7	65250000	65500000	1.13692
chr7	65500000	65750000	0.59241
chr7	65750000	66000000	0.606953
chr7	66000000	66250000	0.669648
chr7	66250000	66500000	0.322953
chr7	66500000	66750000	0.178351
chr7	66750000	67000000	0.0144543
chr7	67000000	67250000	0.28422
chr7	67250000	67500000	0.43483
chr7	67500000	67750000	0.440862
chr7	67750000	68000000	0.239477
chr7	68000000	68250000	0.430718
chr7	68250000	68500000	0.130249
chr7	68500000	68750000	-0.538202
chr7	68750000	69000000	-0.63625
chr7	69000000	69250000	-0.643497
chr7	69250000	69500000	-0.648214
chr7	69500000	69750000	-0.607285
chr7	69750000	70000000	-0.607596
chr7	70000000	70250000	-0.519579
chr7	70250000	70500000	-0.388668
chr7	70500000	70750000	-0.530776
chr7	70750000	71000000	-0.50814
chr7	71000000	71250000	-0.454774
chr7	71250000	71500000	-0.473973
chr7	71500000	71750000	-0.50672
chr7	71750000	72000000	-0.567171
chr7	72000000	72250000	-0.390704
chr7	72250000	72500000	-0.387283
chr7	72500000	72750000	-0.458423
chr7	72750000	73000000	-0.381201
chr7	73000000	73250000	-0.154354
chr7	73250000	73500000	0.168055
chr7	73500000	73750000	0.824363
chr7	73750000	74000000	-0.0292546
chr7	74000000	74250000	-0.303772
chr7	74250000	74500000	-0.28464
chr7	74500000	74750000	-0.51295
chr7	74750000	75000000	-0.594027
chr7	75000000	75250000	-0.436507
chr7	75250000	75500000	-0.186751
chr7	75500000	75750000	0.0959404
chr7	75750000	76000000	0.116348
chr7	76000000	76250000	-0.54349
chr7	76250000	76500000	-0.51206
chr7	76500000	76750000	-0.478676
chr7	76750000	77000000	-0.533037
chr7	77000000	77250000	-0.573838
chr7	77250000	77500000	-0.680267
chr7	77500000	77750000	-0.698293
chr7	77750000	78000000	-0.627728
chr7	78000000	78250000	-0.592716
chr7	78250000	78500000	-0.593789
chr7	78500000	78750000	-0.307353
chr7	78750000	79000000	0.572365
chr7	79000000	79250000	1.01334
chr7	79250000	79500000	1.39532
chr7	79500000	79750000	1.61234
chr7	79750000	80000000	1.66963
chr7	80000000	80250000	1.69106
chr7	80250000	80500000	1.88322
chr7	80500000	80750000	1.60119
chr7	80750000	81000000	1.70001
chr7	81000000	81250000	1.4936
chr7	81250000	81500000	1.30365
chr7	81500000	81750000	1.2354
chr7	81750000	82000000	0.741937
chr7	82000000	82250000	0.284143
chr7	82250000	82500000	-0.194658
chr7	82500000	82750000	-0.0395791
chr7	82750000	83000000	0.161764
chr7	83000000	83250000	-0.381104
chr7	83250000	83500000	-0.526564
chr7	83500000	83750000	-0.342035
chr7	83750000	84000000	-0.00320467
chr7	84000000	84250000	0.0944663
chr7	84250000	84500000	-0.33355
chr7	84500000	84750000	-0.146049
chr7	84750000	85000000	-0.351659
chr7	85000000	85250000	-0.541993
chr7	85250000	85500000	-0.508158
chr7	85500000	85750000	-0.556709
chr7	85750000	86000000	-0.535344
chr7	86000000	86250000	-0.580337
chr7	86250000	86500000	-0.63342
chr7	86500000	86750000	-0.563409
chr7	86750000	87000000	-0.529482
chr7	87000000	87250000	-0.543212
chr7	87250000	87500000	-0.55725
chr7	87500000	87750000	-0.48787
chr7	87750000	88000000	-0.517525
chr7	88000000	88250000	-0.433945
chr7	88250000	88500000	-0.177239
chr7	88500000	88750000	-0.36768
chr7	88750000	89000000	-0.445713
chr7	89000000	89250000	-0.335622
chr7	89250000	89500000	-0.176786
chr7	89500000	89750000	-0.21645
chr7	89750000	90000000	0.301336
chr7	90000000	90250000	0.417792
chr7	90250000	90500000	-0.0918096
chr7	90500000	90750000	-0.504993
chr7	90750000	91000000	-0.599317
chr7	91000000	91250000	-0.615409
chr7	91250000	91500000	-0.446978
chr7	91500000	91750000	-0.491269
chr7	91750000	92000000	-0.442064
chr7	92000000	92250000	-0.405774
chr7	92250000	92500000	-0.335022
chr7	92500000	92750000	0.267345
chr7	92750000	93000000	0.15411
chr7	93000000	93250000	-0.406559
chr7	93250000	93500000	-0.63354
chr7	93500000	93750000	-0.674838
chr7	93750000	94000000	-0.62757
chr7	94000000	94250000	-0.645083
chr7	94250000	94500000	-0.645139
chr7	94500000	94750000	-0.650636
chr7	94750000	95000000	-0.557409
chr7	95000000	95250000	-0.58622
chr7	95250000	95500000	-0.608397
chr7	95500000	95750000	-0.723241
chr7	95750000	96000000	-0.723702
chr7	96000000	96250000	-0.606002
chr7	96250000	96500000	-0.543092
chr7	96500000	96750000	-0.191172
chr7	96750000	97000000	0.00901477
chr7	97000000	97250000	0.317525
chr7	97250000	97500000	0.726553
chr7	97500000	97750000	1.10842
chr7	97750000	98000000	0.977741
chr7	98000000	98250000	0.74705
chr7	98250000	98500000	0.620526
chr7	98500000	98750000	0.848619
chr7	98750000	99000000	0.969092
chr7	99000000	99250000	1.05459
chr7	99250000	99500000	1.31822
chr7	99500000	99750000	1.39243
chr7	99750000	100000000	1.15567
chr7	100000000	100250000	1.39661
chr7	100250000	100500000	1.30086
chr7	100500000	100750000	1.32982
chr7	100750000	101000000	1.22295
chr7	101000000	101250000	1.27795
chr7	101250000	101500000	1.53744
chr7	101500000	101750000	1.18149
chr7	101750000	102000000	1.27188
chr7	102000000	102250000	0.974273
chr7	102250000	102500000	0.347152
chr7	102500000	102750000	-0.29332
chr7	102750000	103000000	-0.429832
chr7	103000000	103250000	-0.40998
chr7	103250000	103500000	-0.341975
chr7	103500000	103750000	-0.554456
chr7	103750000	104000000	-0.470408
chr7	104000000	104250000	-0.354247
chr7	104250000	104500000	-0.21234
chr7	104500000	104750000	-0.360805
chr7	104750000	105000000	-0.3828
chr7	105000000	105250000	-0.376713
chr7	105250000	105500000	-0.229088
chr7	105500000	105750000	0.12922
chr7	105750000	106000000	nan
chr7	106000000	106250000	nan
chr7	106250000	106500000	-0.497386
chr7	106500000	106750000	-0.49596
chr7	106750000	107000000	-0.422145
chr7	107000000	107250000	-0.382051
chr7	107250000	107500000	-0.0492391
chr7	107500000	107750000	0.18044
chr7	107750000	108000000	-0.30033
chr7	108000000	108250000	-0.528939
chr7	108250000	108500000	-0.539326
chr7	108500000	108750000	-0.443551
chr7	108750000	109000000	-0.220151
chr7	109000000	109250000	0.132907
chr7	109250000	109500000	0.184828
chr7	109500000	109750000	0.785945
chr7	109750000	110000000	1.07781
chr7	110000000	110250000	1.06059
chr7	110250000	110500000	0.515163
chr7	110500000	110750000	0.398408
chr7	110750000	111000000	0.503802
chr7	111000000	111250000	0.561029
chr7	111250000	111500000	-0.048356
chr7	111500000	111750000	-0.275763
chr7	111750000	112000000	-0.23451
chr7	112000000	112250000	0.082994
chr7	112250000	112500000	-0.0321355
chr7	112500000	112750000	0.222074
chr7	112750000	113000000	0.452113
chr7	113000000	113250000	0.334082
chr7	113250000	113500000	0.338922
chr7	113500000	113750000	-0.064606
chr7	113750000	114000000	0.0632167
chr7	114000000	114250000	0.19577
chr7	114250000	114500000	-0.238572
chr7	114500000	114750000	-0.383012
chr7	114750000	115000000	-0.451448
chr7	115000000	115250000	-0.452905
chr7	115250000	115500000	-0.393411
chr7	115500000	115750000	-0.455766
chr7	115750000	116000000	-0.441399
chr7	116000000	116250000	0.132176
chr7	116250000	116500000	0.557311
chr7	116500000	116750000	0.0118278
chr7	116750000	117000000	-0.363962
chr7	117000000	117250000	-0.449257
chr7	117250000	117500000	-0.446829
chr7	117500000	117750000	-0.408075
chr7	117750000	118000000	-0.120484
chr7	118000000	118250000	0.576935
chr7	118250000	118500000	0.662283
chr7	118500000	118750000	0.758196
chr7	118750000	119000000	0.355313
chr7	119000000	119250000	-0.294541
chr7	119250000	119500000	-0.331092
chr7	119500000	119750000	-0.139342
chr7	119750000	120000000	0.217609
chr7	120000000	120250000	0.171422
chr7	120250000	120500000	-0.1344
chr7	120500000	120750000	0.0995404
chr7	120750000	121000000	0.411813
chr7	121000000	121250000	0.214405
chr7	121250000	121500000	-0.0983712
chr7	121500000	121750000	0.184238
chr7	121750000	122000000	0.421086
chr7	122000000	122250000	0.657353
chr7	122250000	122500000	0.106721
chr7	122500000	122750000	0.151897
chr7	122750000	123000000	0.369855
chr7	123000000	123250000	0.413514
chr7	123250000	123500000	0.143846
chr7	123500000	123750000	-0.452969
chr7	123750000	124000000	-0.551625
chr7	124000000	124250000	-0.560629
chr7	124250000	124500000	-0.537791
chr7	124500000	124750000	-0.42799
chr7	124750000	125000000	-0.441401
chr7	125000000	125250000	-0.340282
chr7	125250000	125500000	0.0919178
chr7	125500000	125750000	0.440337
chr7	125750000	126000000	0.793663
chr7	126000000	126250000	1.12172
chr7	126250000	126500000	1.44144
chr7	126500000	126750000	1.52699
chr7	126750000	127000000	1.6525
chr7	127000000	127250000	1.44399
chr7	127250000	127500000	1.39614
chr7	127500000	127750000	1.38734
chr7	127750000	128000000	1.27616
chr7	128000000	128250000	0.851591
chr7	128250000	128500000	0.762503
chr7	128500000	128750000	0.812469
chr7	128750000	129000000	-0.00215007
chr7	129000000	129250000	-0.059527
chr7	129250000	129500000	0.0126114
chr7	129500000	129750000	0.054731
chr7	129750000	130000000	0.189266
chr7	130000000	130250000	0.366482
chr7	130250000	130500000	0.568161
chr7	130500000	130750000	0.654369
chr7	130750000	131000000	0.546501
chr7	131000000	131250000	0.13003
chr7	131250000	131500000	0.275528
chr7	131500000	131750000	0.0720576
chr7	131750000	132000000	-0.0940544
chr7	132000000	132250000	-0.0538662
chr7	132250000	132500000	0.0650058
chr7	132500000	132750000	0.405973
chr7	132750000	133000000	0.752395
chr7	133000000	133250000	0.367867
chr7	133250000	133500000	0.0749519
chr7	133500000	133750000	0.297307
chr7	133750000	134000000	0.241633
chr7	134000000	134250000	0.0537741
chr7	134250000	134500000	0.169183
chr7	134500000	134750000	-0.00609015
chr7	134750000	135000000	-0.010195
chr7	135000000	135250000	-0.131971
chr7	135250000	135500000	-0.270198
chr7	135500000	135750000	-0.07712
chr7	135750000	136000000	-0.283837
chr7	136000000	136250000	-0.476139
chr7	136250000	136500000	-0.425626
chr7	136500000	136750000	-0.503078
chr7	136750000	137000000	-0.203261
chr7	137000000	137250000	-0.0411788
chr7	137250000	137500000	0.261608
chr7	137500000	137750000	0.0565726
chr7	137750000	138000000	-0.263947
chr7	138000000	138250000	-0.385541
chr7	138250000	138500000	-0.336484
chr7	138500000	138750000	-0.201077
chr7	138750000	139000000	0.368867
chr7	139000000	139250000	0.545801
chr7	139250000	139500000	0.680386
chr7	139500000	139750000	0.436264
chr7	139750000	140000000	0.257003
chr7	140000000	140250000	0.307776
chr7	140250000	140500000	-0.095973
chr7	140500000	140750000	-0.0922105
chr7	140750000	141000000	0.461576
chr7	141000000	141250000	0.928864
chr7	141250000	141500000	1.42711
chr7	141500000	141750000	1.20825
chr7	141750000	142000000	1.05155
chr7	142000000	142250000	0.824937
chr7	142250000	142500000	0.763718
chr7	142500000	142750000	0.489611
chr7	142750000	143000000	0.183683
chr7	143000000	143250000	0.273598
chr7	143250000	143500000	0.514584
chr7	143500000	143750000	0.674509
chr7	143750000	144000000	0.555174
chr7	144000000	144250000	0.545406
chr7	144250000	144500000	1.02908
chr7	144500000	144750000	1.19891
chr7	144750000	145000000	1.24981
chr7	145000000	145250000	1.29751
chr7	145250000	145441459	nan
#bedGraph section chr8:0-129401213
chr8	0	250000	nan
chr8	250000	500000	nan
chr8	500000	750000	nan
chr8	750000	1000000	nan
chr8	1000000	1250000	nan
chr8	1250000	1500000	nan
chr8	1500000	1750000	nan
chr8	1750000	2000000	nan
chr8	2000000	2250000	nan
chr8	2250000	2500000	nan
chr8	2500000	2750000	nan
chr8	2750000	3000000	nan
chr8	3000000	3250000	0.171243
chr8	3250000	3500000	0.692874
chr8	3500000	3750000	1.15628
chr8	3750000	4000000	0.360142
chr8	4000000	4250000	0.645836
chr8	4250000	4500000	0.595272
chr8	4500000	4750000	0.48523
chr8	4750000	5000000	-0.0359217
chr8	5000000	5250000	-0.0741845
chr8	5250000	5500000	0.0633545
chr8	5500000	5750000	-0.130624
chr8	5750000	6000000	-0.204524
chr8	6000000	6250000	-0.337789
chr8	6250000	6500000	-0.205283
chr8	6500000	6750000	-0.205647
chr8	6750000	7000000	-0.223509
chr8	7000000	7250000	-0.292965
chr8	7250000	7500000	-0.349505
chr8	7500000	7750000	-0.324855
chr8	7750000	8000000	-0.445525
chr8	8000000	8250000	-0.185255
chr8	8250000	8500000	0.0209454
chr8	8500000	8750000	0.459116
chr8	8750000	9000000	0.382674
chr8	9000000	9250000	0.133451
chr8	9250000	9500000	-0.0779859
chr8	9500000	9750000	0.0111725
chr8	9750000	10000000	0.125919
chr8	10000000	10250000	0.396233
chr8	10250000	10500000	0.244297
chr8	10500000	10750000	0.272587
chr8	10750000	11000000	0.350953
chr8	11000000	11250000	0.420784
chr8	11250000	11500000	0.762044
chr8	11500000	11750000	1.49703
chr8	11750000	12000000	1.11014
chr8	12000000	12250000	0.763748
chr8	12250000	12500000	0.96265
chr8	12500000	12750000	0.916473
chr8	12750000	13000000	0.979948
chr8	13000000	13250000	1.60166
chr8	13250000	13500000	1.34942
chr8	13500000	13750000	1.13976
chr8	13750000	14000000	1.11197
chr8	14000000	14250000	0.710223
chr8	14250000	14500000	0.424881
chr8	14500000	14750000	0.376564
chr8	14750000	15000000	0.599633
chr8	15000000	15250000	0.306993
chr8	15250000	15500000	-0.073455
chr8	15500000	15750000	-0.236988
chr8	15750000	16000000	-0.236946
chr8	16000000	16250000	-0.2447
chr8	16250000	16500000	-0.360733
chr8	16500000	16750000	-0.386158
chr8	16750000	17000000	-0.336965
chr8	17000000	17250000	-0.24243
chr8	17250000	17500000	-0.237483
chr8	17500000	17750000	-0.226902
chr8	17750000	18000000	-0.2841
chr8	18000000	18250000	-0.240649
chr8	18250000	18500000	-0.0463895
chr8	18500000	18750000	0.521719
chr8	18750000	19000000	0.346325
chr8	19000000	19250000	-0.220803
chr8	19250000	19500000	-0.249506
chr8	19500000	19750000	-0.235034
chr8	19750000	20000000	nan
chr8	20000000	20250000	nan
chr8	20250000	20500000	nan
chr8	20500000	20750000	nan
chr8	20750000	21000000	-0.070778
chr8	21000000	21250000	nan
chr8	21250000	21500000	nan
chr8	21500000	21750000	nan
chr8	21750000	22000000	0.0313428
chr8	22000000	22250000	0.645734
chr8	22250000	22500000	1.00595
chr8	22500000	22750000	0.938749
chr8	22750000	23000000	1.0244
chr8	23000000	23250000	0.968588
chr8	23250000	23500000	0.593957
chr8	23500000	23750000	0.386965
chr8	23750000	24000000	0.17543
chr8	24000000	24250000	0.246575
chr8	24250000	24500000	0.404033
chr8	24500000	24750000	0.295139
chr8	24750000	25000000	0.613819
chr8	25000000	25250000	1.07077
chr8	25250000	25500000	1.44951
chr8	25500000	25750000	1.64642
chr8	25750000	26000000	1.4604
chr8	26000000	26250000	0.99081
chr8	26250000	26500000	0.598352
chr8	26500000	26750000	0.563137
chr8	26750000	27000000	0.877024
chr8	27000000	27250000	0.935811
chr8	27250000	27500000	0.130988
chr8	27500000	27750000	-0.264144
chr8	27750000	28000000	-0.432697
chr8	28000000	28250000	-0.328721
chr8	28250000	28500000	-0.460749
chr8	28500000	28750000	-0.274218
chr8	28750000	29000000	-0.404327
chr8	29000000	29250000	-0.359988
chr8	29250000	29500000	-0.538575
chr8	29500000	29750000	-0.443168
chr8	29750000	30000000	-0.554746
chr8	30000000	30250000	-0.513703
chr8	30250000	30500000	-0.491284
chr8	30500000	30750000	-0.455961
chr8	30750000	31000000	-0.261478
chr8	31000000	31250000	0.325784
chr8	31250000	31500000	0.0370118
chr8	31500000	31750000	-0.121832
chr8	31750000	32000000	-0.0464393
chr8	32000000	32250000	-0.1606
chr8	32250000	32500000	-0.268021
chr8	32500000	32750000	-0.200165
chr8	32750000	33000000	-0.203017
chr8	33000000	33250000	-0.111735
chr8	33250000	33500000	0.2392
chr8	33500000	33750000	0.734497
chr8	33750000	34000000	1.10793
chr8	34000000	34250000	1.03757
chr8	34250000	34500000	0.631719
chr8	34500000	34750000	0.441009
chr8	34750000	35000000	0.695557
chr8	35000000	35250000	0.70415
chr8	35250000	35500000	0.912611
chr8	35500000	35750000	0.455789
chr8	35750000	36000000	0.332432
chr8	36000000	36250000	0.164445
chr8	36250000	36500000	0.160125
chr8	36500000	36750000	0.0138511
chr8	36750000	37000000	-0.415811
chr8	37000000	37250000	-0.56386
chr8	37250000	37500000	-0.599004
chr8	37500000	37750000	-0.754327
chr8	37750000	38000000	-0.709318
chr8	38000000	38250000	-0.687776
chr8	38250000	38500000	-0.704153
chr8	38500000	38750000	-0.704308
chr8	38750000	39000000	-0.637279
chr8	39000000	39250000	-0.35841
chr8	39250000	39500000	-0.437029
chr8	39500000	39750000	-0.591958
chr8	39750000	40000000	-0.664222
chr8	40000000	40250000	-0.550518
chr8	40250000	40500000	-0.00988
chr8	40500000	40750000	0.412734
chr8	40750000	41000000	0.40527
chr8	41000000	41250000	1.04819
chr8	41250000	41500000	0.439575
chr8	41500000	41750000	-0.228836
chr8	41750000	42000000	-0.326526
chr8	42000000	42250000	-0.367052
chr8	42250000	42500000	-0.319916
chr8	42500000	42750000	-0.461337
chr8	42750000	43000000	-0.527746
chr8	43000000	43250000	-0.0491456
chr8	43250000	43500000	-0.0273411
chr8	43500000	43750000	-0.601012
chr8	43750000	44000000	-0.617285
chr8	44000000	44250000	-0.579438
chr8	44250000	44500000	-0.553722
chr8	44500000	44750000	-0.369016
chr8	44750000	45000000	-0.0589122
chr8	45000000	45250000	0.0773385
chr8	45250000	45500000	-0.041524
chr8	45500000	45750000	-0.0450661
chr8	45750000	46000000	0.158887
chr8	46000000	46250000	0.621669
chr8	46250000	46500000	0.666012
chr8	46500000	46750000	0.710169
chr8	46750000	47000000	0.346777
chr8	47000000	47250000	0.345694
chr8	47250000	47500000	0.811492
chr8	47500000	47750000	1.30738
chr8	47750000	48000000	1.27916
chr8	48000000	48250000	0.692595
chr8	48250000	48500000	-0.166146
chr8	48500000	48750000	-0.406339
chr8	48750000	49000000	-0.370259
chr8	49000000	49250000	-0.501393
chr8	49250000	49500000	-0.459529
chr8	49500000	49750000	-0.490373
chr8	49750000	50000000	-0.530254
chr8	50000000	50250000	-0.3826
chr8	50250000	50500000	-0.504269
chr8	50500000	50750000	-0.654018
chr8	50750000	51000000	-0.669651
chr8	51000000	51250000	-0.675222
chr8	51250000	51500000	-0.62543
chr8	51500000	51750000	-0.58512
chr8	51750000	52000000	-0.584746
chr8	52000000	52250000	-0.588091
chr8	52250000	52500000	-0.591744
chr8	52500000	52750000	-0.522327
chr8	52750000	53000000	-0.47242
chr8	53000000	53250000	-0.57392
chr8	53250000	53500000	-0.573237
chr8	53500000	53750000	-0.471471
chr8	53750000	54000000	-0.551014
chr8	54000000	54250000	-0.604592
chr8	54250000	54500000	-0.58555
chr8	54500000	54750000	-0.262293
chr8	54750000	55000000	-0.466868
chr8	55000000	55250000	nan
chr8	55250000	55500000	nan
chr8	55500000	55750000	-0.42979
chr8	55750000	56000000	-0.52083
chr8	56000000	56250000	-0.469557
chr8	56250000	56500000	-0.420695
chr8	56500000	56750000	-0.273372
chr8	56750000	57000000	-0.479732
chr8	57000000	57250000	-0.539201
chr8	57250000	57500000	0.0488103
chr8	57500000	57750000	0.0663781
chr8	57750000	58000000	-0.492066
chr8	58000000	58250000	-0.748362
chr8	58250000	58500000	-0.782932
chr8	58500000	58750000	-0.699294
chr8	58750000	59000000	-0.662995
chr8	59000000	59250000	-0.64096
chr8	59250000	59500000	-0.684101
chr8	59500000	59750000	-0.626121
chr8	59750000	60000000	-0.540647
chr8	60000000	60250000	-0.550011
chr8	60250000	60500000	-0.400153
chr8	60500000	60750000	-0.274373
chr8	60750000	61000000	0.216825
chr8	61000000	61250000	0.366725
chr8	61250000	61500000	0.292962
chr8	61500000	61750000	0.125842
chr8	61750000	62000000	-0.1296
chr8	62000000	62250000	-0.442137
chr8	62250000	62500000	-0.55865
chr8	62500000	62750000	-0.522187
chr8	62750000	63000000	-0.404039
chr8	63000000	63250000	-0.497539
chr8	63250000	63500000	-0.610707
chr8	63500000	63750000	-0.600312
chr8	63750000	64000000	-0.526328
chr8	64000000	64250000	-0.480047
chr8	64250000	64500000	-0.511896
chr8	64500000	64750000	-0.117134
chr8	64750000	65000000	0.536883
chr8	65000000	65250000	-0.0962602
chr8	65250000	65500000	-0.526272
chr8	65500000	65750000	-0.638429
chr8	65750000	66000000	-0.65862
chr8	66000000	66250000	-0.630205
chr8	66250000	66500000	-0.385958
chr8	66500000	66750000	-0.300189
chr8	66750000	67000000	-0.229533
chr8	67000000	67250000	-0.622104
chr8	67250000	67500000	-0.609343
chr8	67500000	67750000	-0.616478
chr8	67750000	68000000	-0.466137
chr8	68000000	68250000	-0.29736
chr8	68250000	68500000	-0.470753
chr8	68500000	68750000	-0.534516
chr8	68750000	69000000	0.0990774
chr8	69000000	69250000	0.674585
chr8	69250000	69500000	0.690736
chr8	69500000	69750000	1.06806
chr8	69750000	70000000	1.36298
chr8	70000000	70250000	1.62709
chr8	70250000	70500000	1.66074
chr8	70500000	70750000	1.54752
chr8	70750000	71000000	1.32988
chr8	71000000	71250000	0.898168
chr8	71250000	71500000	1.42674
chr8	71500000	71750000	1.49126
chr8	71750000	72000000	0.991151
chr8	72000000	72250000	1.20741
chr8	72250000	72500000	1.23395
chr8	72500000	72750000	0.730092
chr8	72750000	73000000	-0.0207574
chr8	73000000	73250000	-0.261405
chr8	73250000	73500000	-0.426224
chr8	73500000	73750000	-0.539373
chr8	73750000	74000000	-0.574549
chr8	74000000	74250000	-0.63522
chr8	74250000	74500000	-0.650357
chr8	74500000	74750000	-0.538639
chr8	74750000	75000000	-0.296859
chr8	75000000	75250000	0.23241
chr8	75250000	75500000	-0.528133
chr8	75500000	75750000	-0.503505
chr8	75750000	76000000	-0.594713
chr8	76000000	76250000	-0.717177
chr8	76250000	76500000	-0.675392
chr8	76500000	76750000	-0.699545
chr8	76750000	77000000	-0.681743
chr8	77000000	77250000	-0.386858
chr8	77250000	77500000	0.570646
chr8	77500000	77750000	0.261604
chr8	77750000	78000000	-0.317602
chr8	78000000	78250000	-0.315373
chr8	78250000	78500000	-0.0564975
chr8	78500000	78750000	0.4667
chr8	78750000	79000000	0.016393
chr8	79000000	79250000	-0.0969021
chr8	79250000	79500000	0.270337
chr8	79500000	79750000	0.56399
chr8	79750000	80000000	-0.201521
chr8	80000000	80250000	-0.349708
chr8	80250000	80500000	-0.237824
chr8	80500000	80750000	-0.0203244
chr8	80750000	81000000	0.22502
chr8	81000000	81250000	-0.329868
chr8	81250000	81500000	-0.68126
chr8	81500000	81750000	-0.733405
chr8	81750000	82000000	-0.723682
chr8	82000000	82250000	-0.723936
chr8	82250000	82500000	-0.743034
chr8	82500000	82750000	-0.61663
chr8	82750000	83000000	-0.482343
chr8	83000000	83250000	0.176605
chr8	83250000	83500000	0.542336
chr8	83500000	83750000	0.977189
chr8	83750000	84000000	1.32998
chr8	84000000	84250000	1.252
chr8	84250000	84500000	1.10651
chr8	84500000	84750000	1.22333
chr8	84750000	85000000	1.32945
chr8	85000000	85250000	1.16037
chr8	85250000	85500000	1.10931
chr8	85500000	85750000	0.536591
chr8	85750000	86000000	0.148465
chr8	86000000	86250000	-0.0274293
chr8	86250000	86500000	-0.147217
chr8	86500000	86750000	0.443036
chr8	86750000	87000000	0.552444
chr8	87000000	87250000	0.25146
chr8	87250000	87500000	0.276467
chr8	87500000	87750000	0.551065
chr8	87750000	88000000	0.831498
chr8	88000000	88250000	1.13396
chr8	88250000	88500000	0.848802
chr8	88500000	88750000	0.435607
chr8	88750000	89000000	0.087168
chr8	89000000	89250000	-0.0134369
chr8	89250000	89500000	-0.349259
chr8	89500000	89750000	-0.469307
chr8	89750000	90000000	-0.448145
chr8	90000000	90250000	-0.481203
chr8	90250000	90500000	-0.405512
chr8	90500000	90750000	-0.349304
chr8	90750000	91000000	0.314143
chr8	91000000	91250000	0.578626
chr8	91250000	91500000	0.444014
chr8	91500000	91750000	0.287853
chr8	91750000	92000000	-0.083889
chr8	92000000	92250000	-0.217316
chr8	92250000	92500000	-0.147609
chr8	92500000	92750000	-0.364011
chr8	92750000	93000000	-0.198961
chr8	93000000	93250000	-0.554383
chr8	93250000	93500000	-0.604955
chr8	93500000	93750000	-0.46017
chr8	93750000	94000000	-0.0163394
chr8	94000000	94250000	0.68571
chr8	94250000	94500000	0.797118
chr8	94500000	94750000	0.900991
chr8	94750000	95000000	0.975823
chr8	95000000	95250000	1.10255
chr8	95250000	95500000	0.862665
chr8	95500000	95750000	0.734785
chr8	95750000	96000000	0.250332
chr8	96000000	96250000	-0.450891
chr8	96250000	96500000	-0.563781
chr8	96500000	96750000	-0.60569
chr8	96750000	97000000	-0.601288
chr8	97000000	97250000	-0.568341
chr8	97250000	97500000	-0.534605
chr8	97500000	97750000	-0.555613
chr8	97750000	98000000	-0.58969
chr8	98000000	98250000	-0.598308
chr8	98250000	98500000	-0.572767
chr8	98500000	98750000	-0.430179
chr8	98750000	99000000	-0.470042
chr8	99000000	99250000	-0.575728
chr8	99250000	99500000	-0.507422
chr8	99500000	99750000	-0.568816
chr8	99750000	100000000	-0.479554
chr8	100000000	100250000	-0.579008
chr8	100250000	100500000	-0.609004
chr8	100500000	100750000	-0.588525
chr8	100750000	101000000	-0.555215
chr8	101000000	101250000	-0.667789
chr8	101250000	101500000	-0.665016
chr8	101500000	101750000	-0.710096
chr8	101750000	102000000	-0.572218
chr8	102000000	102250000	-0.672568
chr8	102250000	102500000	-0.690965
chr8	102500000	102750000	-0.597274
chr8	102750000	103000000	-0.698164
chr8	103000000	103250000	-0.582553
chr8	103250000	103500000	-0.544671
chr8	103500000	103750000	-0.464094
chr8	103750000	104000000	-0.522949
chr8	104000000	104250000	0.0237604
chr8	104250000	104500000	0.505161
chr8	104500000	104750000	0.462592
chr8	104750000	105000000	-0.0120196
chr8	105000000	105250000	0.632193
chr8	105250000	105500000	1.16418
chr8	105500000	105750000	1.20822
chr8	105750000	106000000	1.24404
chr8	106000000	106250000	1.02561
chr8	106250000	106500000	0.924326
chr8	106500000	106750000	0.942339
chr8	106750000	107000000	0.849323
chr8	107000000	107250000	0.836721
chr8	107250000	107500000	0.658732
chr8	107500000	107750000	0.458237
chr8	107750000	108000000	0.347548
chr8	108000000	108250000	0.0884908
chr8	108250000	108500000	0.0361348
chr8	108500000	108750000	0.3467
chr8	108750000	109000000	0.319506
chr8	109000000	109250000	0.269145
chr8	109250000	109500000	0.318818
chr8	109500000	109750000	0.592733
chr8	109750000	110000000	0.643231
chr8	110000000	110250000	0.563957
chr8	110250000	110500000	0.553124
chr8	110500000	110750000	0.658337
chr8	110750000	111000000	0.828354
chr8	111000000	111250000	1.02991
chr8	111250000	111500000	0.953983
chr8	111500000	111750000	0.998565
chr8	111750000	112000000	0.840621
chr8	112000000	112250000	0.223193
chr8	112250000	112500000	-0.351769
chr8	112500000	112750000	-0.35272
chr8	112750000	113000000	-0.276674
chr8	113000000	113250000	-0.376474
chr8	113250000	113500000	-0.194297
chr8	113500000	113750000	0.12151
chr8	113750000	114000000	-0.0523202
chr8	114000000	114250000	-0.0217488
chr8	114250000	114500000	0.0885768
chr8	114500000	114750000	0.314187
chr8	114750000	115000000	0.411935
chr8	115000000	115250000	0.0756008
chr8	115250000	115500000	-0.307226
chr8	115500000	115750000	-0.425064
chr8	115750000	116000000	-0.32973
chr8	116000000	116250000	-0.238791
chr8	116250000	116500000	-0.00289299
chr8	116500000	116750000	0.213277
chr8	116750000	117000000	0.608823
chr8	117000000	117250000	0.894251
chr8	117250000	117500000	0.732523
chr8	117500000	117750000	0.599339
chr8	117750000	118000000	0.37746
chr8	118000000	118250000	0.263554
chr8	118250000	118500000	0.196999
chr8	118500000	118750000	0.111113
chr8	118750000	119000000	0.175553
chr8	119000000	119250000	0.211787
chr8	119250000	119500000	0.83886
chr8	119500000	119750000	0.937235
chr8	119750000	120000000	1.06253
chr8	120000000	120250000	0.946677
chr8	120250000	120500000	0.846769
chr8	120500000	120750000	0.909234
chr8	120750000	121000000	0.534388
chr8	121000000	121250000	0.649818
chr8	121250000	121500000	0.679675
chr8	121500000	121750000	0.90905
chr8	121750000	122000000	1.09379
chr8	122000000	122250000	0.874381
chr8	122250000	122500000	1.07538
chr8	122500000	122750000	1.11402
chr8	122750000	123000000	1.14017
chr8	123000000	123250000	1.22674
chr8	123250000	123500000	1.37355
chr8	123500000	123750000	0.96053
chr8	123750000	124000000	0.868716
chr8	124000000	124250000	0.922323
chr8	124250000	124500000	0.882678
chr8	124500000	124750000	0.875103
chr8	124750000	125000000	0.750728
chr8	125000000	125250000	0.589939
chr8	125250000	125500000	0.462214
chr8	125500000	125750000	0.489747
chr8	125750000	126000000	0.541494
chr8	126000000	126250000	0.45625
chr8	126250000	126500000	0.558905
chr8	126500000	126750000	0.38989
chr8	126750000	127000000	0.617188
chr8	127000000	127250000	0.5113
chr8	127250000	127500000	0.205674
chr8	127500000	127750000	0.0110785
chr8	127750000	128000000	-0.276991
chr8	128000000	128250000	-0.34096
chr8	128250000	128500000	-0.254794
chr8	128500000	128750000	0.0069141
chr8	128750000	129000000	-0.40033
chr8	129000000	129250000	-0.161423
chr8	129250000	129401213	nan
#bedGraph section chr9:0-124595110
chr9	0	250000	nan
chr9	250000	500000	nan
chr9	500000	750000	nan
chr9	750000	1000000	nan
chr9	1000000	1250000	nan
chr9	1250000	1500000	nan
chr9	1500000	1750000	nan
chr9	1750000	2000000	nan
chr9	2000000	2250000	nan
chr9	2250000	2500000	nan
chr9	2500000	2750000	nan
chr9	2750000	3000000	nan
chr9	3000000	3250000	-0.122679
chr9	3250000	3500000	-0.000661122
chr9	3500000	3750000	-0.271556
chr9	3750000	4000000	-0.316762
chr9	4000000	4250000	-0.439215
chr9	4250000	4500000	-0.302575
chr9	4500000	4750000	-0.464472
chr9	4750000	5000000	-0.438126
chr9	5000000	5250000	-0.541489
chr9	5250000	5500000	-0.377131
chr9	5500000	5750000	-0.0767315
chr9	5750000	6000000	-0.278779
chr9	6000000	6250000	-0.45528
chr9	6250000	6500000	-0.427482
chr9	6500000	6750000	-0.398781
chr9	6750000	7000000	0.0467304
chr9	7000000	7250000	0.173883
chr9	7250000	7500000	0.126069
chr9	7500000	7750000	0.215198
chr9	7750000	8000000	0.819174
chr9	8000000	8250000	0.41514
chr9	8250000	8500000	-0.290929
chr9	8500000	8750000	-0.210639
chr9	8750000	9000000	-0.337169
chr9	9000000	9250000	0.0600262
chr9	9250000	9500000	-0.128579
chr9	9500000	9750000	-0.430652
chr9	9750000	10000000	-0.419816
chr9	10000000	10250000	-0.508944
chr9	10250000	10500000	-0.554968
chr9	10500000	10750000	-0.500118
chr9	10750000	11000000	-0.462601
chr9	11000000	11250000	-0.35456
chr9	11250000	11500000	-0.485067
chr9	11500000	11750000	-0.416803
chr9	11750000	12000000	-0.393842
chr9	12000000	12250000	-0.505252
chr9	12250000	12500000	-0.455652
chr9	12500000	12750000	-0.444166
chr9	12750000	13000000	-0.309718
chr9	13000000	13250000	-0.403415
chr9	13250000	13500000	-0.419005
chr9	13500000	13750000	-0.135943
chr9	13750000	14000000	0.180287
chr9	14000000	14250000	0.155544
chr9	14250000	14500000	0.41018
chr9	14500000	14750000	0.550298
chr9	14750000	15000000	0.726483
chr9	15000000	15250000	0.783923
chr9	15250000	15500000	0.44825
chr9	15500000	15750000	-0.125407
chr9	15750000	16000000	-0.304637
chr9	16000000	16250000	-0.390837
chr9	16250000	16500000	-0.449594
chr9	16500000	16750000	-0.438293
chr9	16750000	17000000	-0.451149
chr9	17000000	17250000	-0.378127
chr9	17250000	17500000	-0.458151
chr9	17500000	17750000	-0.347991
chr9	17750000	18000000	-0.343496
chr9	18000000	18250000	-0.244513
chr9	18250000	18500000	0.204566
chr9	18500000	18750000	-0.170628
chr9	18750000	19000000	-0.222182
chr9	19000000	19250000	-0.0962434
chr9	19250000	19500000	-0.265794
chr9	19500000	19750000	-0.237223
chr9	19750000	20000000	-0.404309
chr9	20000000	20250000	-0.203529
chr9	20250000	20500000	-0.0379246
chr9	20500000	20750000	0.346083
chr9	20750000	21000000	0.939141
chr9	21000000	21250000	1.52368
chr9	21250000	21500000	1.72923
chr9	21500000	21750000	1.68198
chr9	21750000	22000000	1.71469
chr9	22000000	22250000	1.71778
chr9	22250000	22500000	1.17973
chr9	22500000	22750000	0.316864
chr9	22750000	23000000	0.081872
chr9	23000000	23250000	-0.131224
chr9	23250000	23500000	-0.273909
chr9	23500000	23750000	-0.317917
chr9	23750000	24000000	-0.402924
chr9	24000000	24250000	-0.294388
chr9	24250000	24500000	-0.296772
chr9	24500000	24750000	-0.089106
chr9	24750000	25000000	0.336831
chr9	25000000	25250000	0.200612
chr9	25250000	25500000	0.0850002
chr9	25500000	25750000	-0.151339
chr9	25750000	26000000	-0.267022
chr9	26000000	26250000	-0.454393
chr9	26250000	26500000	-0.356243
chr9	26500000	26750000	-0.284507
chr9	26750000	27000000	0.253961
chr9	27000000	27250000	0.502849
chr9	27250000	27500000	0.0357638
chr9	27500000	27750000	-0.0825293
chr9	27750000	28000000	-0.149361
chr9	28000000	28250000	-0.273793
chr9	28250000	28500000	-0.334206
chr9	28500000	28750000	-0.280203
chr9	28750000	29000000	-0.318202
chr9	29000000	29250000	-0.381307
chr9	29250000	29500000	-0.337345
chr9	29500000	29750000	-0.376412
chr9	29750000	30000000	-0.406177
chr9	30000000	30250000	-0.33822
chr9	30250000	30500000	-0.296076
chr9	30500000	30750000	-0.297004
chr9	30750000	31000000	0.00837852
chr9	31000000	31250000	0.681355
chr9	31250000	31500000	0.799461
chr9	31500000	31750000	0.211999
chr9	31750000	32000000	0.247189
chr9	32000000	32250000	0.420003
chr9	32250000	32500000	-0.129221
chr9	32500000	32750000	-0.391379
chr9	32750000	33000000	-0.558936
chr9	33000000	33250000	-0.503828
chr9	33250000	33500000	-0.556431
chr9	33500000	33750000	-0.532816
chr9	33750000	34000000	-0.491722
chr9	34000000	34250000	-0.453988
chr9	34250000	34500000	-0.503927
chr9	34500000	34750000	-0.255136
chr9	34750000	35000000	-0.0793353
chr9	35000000	35250000	0.195585
chr9	35250000	35500000	0.11692
chr9	35500000	35750000	-0.109328
chr9	35750000	36000000	-0.415431
chr9	36000000	36250000	-0.502394
chr9	36250000	36500000	-0.43572
chr9	36500000	36750000	-0.245886
chr9	36750000	37000000	0.269772
chr9	37000000	37250000	0.0539159
chr9	37250000	37500000	0.246155
chr9	37500000	37750000	0.0256391
chr9	37750000	38000000	-0.513763
chr9	38000000	38250000	-0.462276
chr9	38250000	38500000	-0.499415
chr9	38500000	38750000	-0.466629
chr9	38750000	39000000	-0.52291
chr9	39000000	39250000	-0.525738
chr9	39250000	39500000	-0.583285
chr9	39500000	39750000	-0.483493
chr9	39750000	40000000	-0.457905
chr9	40000000	40250000	-0.432726
chr9	40250000	40500000	-0.0277112
chr9	40500000	40750000	0.333948
chr9	40750000	41000000	0.735129
chr9	41000000	41250000	0.557562
chr9	41250000	41500000	0.0279755
chr9	41500000	41750000	-0.021205
chr9	41750000	42000000	-0.0398684
chr9	42000000	42250000	0.0872225
chr9	42250000	42500000	-0.000228431
chr9	42500000	42750000	-0.00268437
chr9	42750000	43000000	0.282208
chr9	43000000	43250000	0.707912
chr9	43250000	43500000	0.46259
chr9	43500000	43750000	0.449171
chr9	43750000	44000000	0.793282
chr9	44000000	44250000	1.15778
chr9	44250000	44500000	1.365
chr9	44500000	44750000	1.33697
chr9	44750000	45000000	1.15321
chr9	45000000	45250000	0.766951
chr9	45250000	45500000	0.755169
chr9	45500000	45750000	0.956293
chr9	45750000	46000000	1.14754
chr9	46000000	46250000	1.13291
chr9	46250000	46500000	0.484571
chr9	46500000	46750000	-0.0434903
chr9	46750000	47000000	-0.28151
chr9	47000000	47250000	-0.338848
chr9	47250000	47500000	-0.00465793
chr9	47500000	47750000	0.331023
chr9	47750000	48000000	0.0355357
chr9	48000000	48250000	-0.083502
chr9	48250000	48500000	0.117731
chr9	48500000	48750000	-0.0286024
chr9	48750000	49000000	0.0210899
chr9	49000000	49250000	-0.00720836
chr9	49250000	49500000	-0.215387
chr9	49500000	49750000	-0.530893
chr9	49750000	50000000	-0.543393
chr9	50000000	50250000	-0.382131
chr9	50250000	50500000	-0.218165
chr9	50500000	50750000	0.315543
chr9	50750000	51000000	0.344717
chr9	51000000	51250000	-0.0252986
chr9	51250000	51500000	-0.376201
chr9	51500000	51750000	-0.496917
chr9	51750000	52000000	-0.22357
chr9	52000000	52250000	0.0110951
chr9	52250000	52500000	-0.315347
chr9	52500000	52750000	-0.507663
chr9	52750000	53000000	-0.42742
chr9	53000000	53250000	0.231585
chr9	53250000	53500000	0.776677
chr9	53500000	53750000	0.910277
chr9	53750000	54000000	0.669995
chr9	54000000	54250000	0.417077
chr9	54250000	54500000	0.652478
chr9	54500000	54750000	0.745205
chr9	54750000	55000000	0.973018
chr9	55000000	55250000	0.895257
chr9	55250000	55500000	0.61649
chr9	55500000	55750000	0.244086
chr9	55750000	56000000	0.147644
chr9	56000000	56250000	0.356229
chr9	56250000	56500000	0.65892
chr9	56500000	56750000	0.613353
chr9	56750000	57000000	0.930737
chr9	57000000	57250000	1.07023
chr9	57250000	57500000	1.21368
chr9	57500000	57750000	1.33235
chr9	57750000	58000000	1.12856
chr9	58000000	58250000	0.976524
chr9	58250000	58500000	0.746824
chr9	58500000	58750000	0.678502
chr9	58750000	59000000	0.388192
chr9	59000000	59250000	0.316182
chr9	59250000	59500000	0.689706
chr9	59500000	59750000	1.10954
chr9	59750000	60000000	0.890009
chr9	60000000	60250000	0.604481
chr9	60250000	60500000	0.327043
chr9	60500000	60750000	0.224251
chr9	60750000	61000000	0.299128
chr9	61000000	61250000	0.125674
chr9	61250000	61500000	0.290432
chr9	61500000	61750000	0.150381
chr9	61750000	62000000	0.576565
chr9	62000000	62250000	0.882136
chr9	62250000	62500000	1.02775
chr9	62500000	62750000	0.80476
chr9	62750000	63000000	0.948526
chr9	63000000	63250000	0.666095
chr9	63250000	63500000	0.368009
chr9	63500000	63750000	0.627129
chr9	63750000	64000000	0.85471
chr9	64000000	64250000	1.28454
chr9	64250000	64500000	1.16505
chr9	64500000	64750000	1.06714
chr9	64750000	65000000	1.14551
chr9	65000000	65250000	1.23751
chr9	65250000	65500000	1.24835
chr9	65500000	65750000	1.29301
chr9	65750000	66000000	1.23665
chr9	66000000	66250000	1.10239
chr9	66250000	66500000	1.01033
chr9	66500000	66750000	0.790922
chr9	66750000	67000000	0.916641
chr9	67000000	67250000	0.751118
chr9	67250000	67500000	0.602227
chr9	67500000	67750000	0.513147
chr9	67750000	68000000	0.213099
chr9	68000000	68250000	-0.287527
chr9	68250000	68500000	-0.22
chr9	68500000	68750000	-0.340917
chr9	68750000	69000000	-0.278132
chr9	69000000	69250000	-0.416121
chr9	69250000	69500000	0.0964436
chr9	69500000	69750000	-0.192712
chr9	69750000	70000000	-0.0519599
chr9	70000000	70250000	0.291449
chr9	70250000	70500000	0.584912
chr9	70500000	70750000	0.663961
chr9	70750000	71000000	0.251579
chr9	71000000	71250000	0.337049
chr9	71250000	71500000	0.447841
chr9	71500000	71750000	0.770002
chr9	71750000	72000000	0.680308
chr9	72000000	72250000	0.895183
chr9	72250000	72500000	1.00148
chr9	72500000	72750000	0.953606
chr9	72750000	73000000	0.913445
chr9	73000000	73250000	0.370005
chr9	73250000	73500000	-0.173187
chr9	73500000	73750000	-0.349811
chr9	73750000	74000000	-0.458966
chr9	74000000	74250000	-0.179119
chr9	74250000	74500000	-0.403848
chr9	74500000	74750000	-0.48286
chr9	74750000	75000000	0.0551642
chr9	75000000	75250000	0.325642
chr9	75250000	75500000	0.568328
chr9	75500000	75750000	0.0305312
chr9	75750000	76000000	-0.443823
chr9	76000000	76250000	-0.404384
chr9	76250000	76500000	-0.506463
chr9	76500000	76750000	-0.509273
chr9	76750000	77000000	-0.687313
chr9	77000000	77250000	-0.664096
chr9	77250000	77500000	-0.423148
chr9	77500000	77750000	-0.211857
chr9	77750000	78000000	0.206604
chr9	78000000	78250000	0.676785
chr9	78250000	78500000	0.921772
chr9	78500000	78750000	0.000328596
chr9	78750000	79000000	-0.613964
chr9	79000000	79250000	-0.671773
chr9	79250000	79500000	-0.576253
chr9	79500000	79750000	-0.445454
chr9	79750000	80000000	-0.236147
chr9	80000000	80250000	0.0927023
chr9	80250000	80500000	-0.367655
chr9	80500000	80750000	-0.53834
chr9	80750000	81000000	-0.587587
chr9	81000000	81250000	-0.623823
chr9	81250000	81500000	-0.631787
chr9	81500000	81750000	-0.590478
chr9	81750000	82000000	-0.506215
chr9	82000000	82250000	-0.623508
chr9	82250000	82500000	-0.615041
chr9	82500000	82750000	-0.583308
chr9	82750000	83000000	-0.370733
chr9	83000000	83250000	-0.479447
chr9	83250000	83500000	-0.331749
chr9	83500000	83750000	-0.0963777
chr9	83750000	84000000	0.0155041
chr9	84000000	84250000	-0.214618
chr9	84250000	84500000	-0.592371
chr9	84500000	84750000	-0.663487
chr9	84750000	85000000	-0.571719
chr9	85000000	85250000	-0.548071
chr9	85250000	85500000	-0.44452
chr9	85500000	85750000	-0.289924
chr9	85750000	86000000	-0.269434
chr9	86000000	86250000	-0.45853
chr9	86250000	86500000	-0.180748
chr9	86500000	86750000	0.327853
chr9	86750000	87000000	0.0494122
chr9	87000000	87250000	-0.055384
chr9	87250000	87500000	-0.51267
chr9	87500000	87750000	-0.596925
chr9	87750000	88000000	-0.525678
chr9	88000000	88250000	-0.479878
chr9	88250000	88500000	0.224892
chr9	88500000	88750000	0.545761
chr9	88750000	89000000	nan
chr9	89000000	89250000	0.205249
chr9	89250000	89500000	-0.24848
chr9	89500000	89750000	-0.31396
chr9	89750000	90000000	-0.0535555
chr9	90000000	90250000	0.0640126
chr9	90250000	90500000	-0.453176
chr9	90500000	90750000	-0.61769
chr9	90750000	91000000	-0.580547
chr9	91000000	91250000	-0.541447
chr9	91250000	91500000	-0.535985
chr9	91500000	91750000	-0.570275
chr9	91750000	92000000	-0.631453
chr9	92000000	92250000	-0.518926
chr9	92250000	92500000	-0.525471
chr9	92500000	92750000	-0.539156
chr9	92750000	93000000	-0.622359
chr9	93000000	93250000	-0.526808
chr9	93250000	93500000	-0.615349
chr9	93500000	93750000	-0.576244
chr9	93750000	94000000	-0.664839
chr9	94000000	94250000	-0.638846
chr9	94250000	94500000	-0.478202
chr9	94500000	94750000	-0.52161
chr9	94750000	95000000	-0.584482
chr9	95000000	95250000	-0.445848
chr9	95250000	95500000	-0.214606
chr9	95500000	95750000	0.240275
chr9	95750000	96000000	0.570294
chr9	96000000	96250000	0.939016
chr9	96250000	96500000	1.20875
chr9	96500000	96750000	0.930046
chr9	96750000	97000000	0.713099
chr9	97000000	97250000	0.421123
chr9	97250000	97500000	-0.376184
chr9	97500000	97750000	-0.511377
chr9	97750000	98000000	-0.587025
chr9	98000000	98250000	-0.461898
chr9	98250000	98500000	-0.28406
chr9	98500000	98750000	0.213604
chr9	98750000	99000000	0.577948
chr9	99000000	99250000	0.864649
chr9	99250000	99500000	0.654544
chr9	99500000	99750000	0.226675
chr9	99750000	100000000	-0.306381
chr9	100000000	100250000	-0.372732
chr9	100250000	100500000	-0.000904583
chr9	100500000	100750000	0.355828
chr9	100750000	101000000	0.39669
chr9	101000000	101250000	0.187628
chr9	101250000	101500000	-0.305093
chr9	101500000	101750000	-0.47028
chr9	101750000	102000000	-0.471175
chr9	102000000	102250000	-0.362636
chr9	102250000	102500000	-0.231776
chr9	102500000	102750000	0.370041
chr9	102750000	103000000	0.648603
chr9	103000000	103250000	0.755596
chr9	103250000	103500000	0.796119
chr9	103500000	103750000	0.379723
chr9	103750000	104000000	0.240269
chr9	104000000	104250000	0.67317
chr9	104250000	104500000	0.29599
chr9	104500000	104750000	-0.0853208
chr9	104750000	105000000	-0.20226
chr9	105000000	105250000	-0.0376161
chr9	105250000	105500000	0.259303
chr9	105500000	105750000	0.488267
chr9	105750000	106000000	0.54868
chr9	106000000	106250000	0.825626
chr9	106250000	106500000	1.2141
chr9	106500000	106750000	1.12554
chr9	106750000	107000000	1.0345
chr9	107000000	107250000	0.845065
chr9	107250000	107500000	1.07242
chr9	107500000	107750000	1.24215
chr9	107750000	108000000	1.3669
chr9	108000000	108250000	1.25281
chr9	108250000	108500000	1.26253
chr9	108500000	108750000	1.21259
chr9	108750000	109000000	1.06009
chr9	109000000	109250000	0.807291
chr9	109250000	109500000	0.589945
chr9	109500000	109750000	0.485191
chr9	109750000	110000000	0.818589
chr9	110000000	110250000	1.1836
chr9	110250000	110500000	1.15987
chr9	110500000	110750000	1.09716
chr9	110750000	111000000	0.839849
chr9	111000000	111250000	0.67241
chr9	111250000	111500000	-0.0375874
chr9	111500000	111750000	-0.473381
chr9	111750000	112000000	-0.598531
chr9	112000000	112250000	-0.569412
chr9	112250000	112500000	-0.531928
chr9	112500000	112750000	-0.676826
chr9	112750000	113000000	-0.549651
chr9	113000000	113250000	-0.608348
chr9	113250000	113500000	-0.50482
chr9	113500000	113750000	0.0514686
chr9	113750000	114000000	0.484498
chr9	114000000	114250000	0.112524
chr9	114250000	114500000	0.605795
chr9	114500000	114750000	1.07693
chr9	114750000	115000000	1.00593
chr9	115000000	115250000	0.748568
chr9	115250000	115500000	0.0250221
chr9	115500000	115750000	-0.265064
chr9	115750000	116000000	-0.366079
chr9	116000000	116250000	-0.170619
chr9	116250000	116500000	-0.178381
chr9	116500000	116750000	-0.372784
chr9	116750000	117000000	-0.500304
chr9	117000000	117250000	-0.535323
chr9	117250000	117500000	-0.629987
chr9	117500000	117750000	-0.353337
chr9	117750000	118000000	-0.469069
chr9	118000000	118250000	-0.0141811
chr9	118250000	118500000	0.234592
chr9	118500000	118750000	0.517726
chr9	118750000	119000000	0.864945
chr9	119000000	119250000	1.13557
chr9	119250000	119500000	1.32327
chr9	119500000	119750000	1.27768
chr9	119750000	120000000	1.41349
chr9	120000000	120250000	1.31063
chr9	120250000	120500000	1.27242
chr9	120500000	120750000	1.38414
chr9	120750000	121000000	1.34629
chr9	121000000	121250000	0.870844
chr9	121250000	121500000	1.2225
chr9	121500000	121750000	1.03954
chr9	121750000	122000000	1.0388
chr9	122000000	122250000	0.840387
chr9	122250000	122500000	0.745306
chr9	122500000	122750000	0.698663
chr9	122750000	123000000	1.0329
chr9	123000000	123250000	1.13743
chr9	123250000	123500000	0.574854
chr9	123500000	123750000	0.578033
chr9	123750000	124000000	0.577893
chr9	124000000	124250000	0.420564
chr9	124250000	124500000	0.597537
chr9	124500000	124595110	nan
#bedGraph section chrX:0-171031299
chrX	0	250000	nan
chrX	250000	500000	nan
chrX	500000	750000	nan
chrX	750000	1000000	nan
chrX	1000000	1250000	nan
chrX	1250000	1500000	nan
chrX	1500000	1750000	nan
chrX	1750000	2000000	nan
chrX	2000000	2250000	nan
chrX	2250000	2500000	nan
chrX	2500000	2750000	nan
chrX	2750000	3000000	nan
chrX	3000000	3250000	nan
chrX	3250000	3500000	nan
chrX	3500000	3750000	nan
chrX	3750000	4000000	nan
chrX	4000000	4250000	nan
chrX	4250000	4500000	nan
chrX	4500000	4750000	nan
chrX	4750000	5000000	nan
chrX	5000000	5250000	nan
chrX	5250000	5500000	0.459739
chrX	5500000	5750000	0.0390385
chrX	5750000	6000000	0.469102
chrX	6000000	6250000	0.14564
chrX	6250000	6500000	0.296398
chrX	6500000	6750000	0.239737
chrX	6750000	7000000	0.599199
chrX	7000000	7250000	1.02101
chrX	7250000	7500000	1.54069
chrX	7500000	7750000	1.82275
chrX	7750000	8000000	1.89158
chrX	8000000	8250000	1.86873
chrX	8250000	8500000	0.743816
chrX	8500000	8750000	0.14068
chrX	8750000	9000000	0.0711963
chrX	9000000	9250000	0.336394
chrX	9250000	9500000	0.324566
chrX	9500000	9750000	0.191534
chrX	9750000	10000000	0.027123
chrX	10000000	10250000	0.263382
chrX	10250000	10500000	-0.0251402
chrX	10500000	10750000	0.145776
chrX	10750000	11000000	0.058801
chrX	11000000	11250000	0.0379682
chrX	11250000	11500000	0.16797
chrX	11500000	11750000	0.570998
chrX	11750000	12000000	1.0159
chrX	12000000	12250000	1.04753
chrX	12250000	12500000	1.3025
chrX	12500000	12750000	1.51646
chrX	12750000	13000000	1.44741
chrX	13000000	13250000	1.60192
chrX	13250000	13500000	1.15509
chrX	13500000	13750000	0.598495
chrX	13750000	14000000	0.406862
chrX	14000000	14250000	0.293208
chrX	14250000	14500000	0.0768107
chrX	14500000	14750000	-0.0625615
chrX	14750000	15000000	-0.11404
chrX	15000000	15250000	0.0231351
chrX	15250000	15500000	-0.0336069
chrX	15500000	15750000	-0.256774
chrX	15750000	16000000	-0.351457
chrX	16000000	16250000	-0.0924878
chrX	16250000	16500000	-0.171975
chrX	16500000	16750000	0.0269223
chrX	16750000	17000000	0.0598769
chrX	17000000	17250000	-0.0536712
chrX	17250000	17500000	0.09629
chrX	17500000	17750000	0.196609
chrX	17750000	18000000	0.411626
chrX	18000000	18250000	0.254899
chrX	18250000	18500000	0.275988
chrX	18500000	18750000	-0.0214578
chrX	18750000	19000000	-0.12808
chrX	19000000	19250000	0.0302838
chrX	19250000	19500000	0.209783
chrX	19500000	19750000	0.0609108
chrX	19750000	20000000	0.244317
chrX	20000000	20250000	0.475875
chrX	20250000	20500000	0.832088
chrX	20500000	20750000	1.47871
chrX	20750000	21000000	1.39541
chrX	21000000	21250000	1.04483
chrX	21250000	21500000	0.678867
chrX	21500000	21750000	0.0828964
chrX	21750000	22000000	0.128397
chrX	22000000	22250000	-0.00317444
chrX	22250000	22500000	-0.0995463
chrX	22500000	22750000	0.281502
chrX	22750000	23000000	0.213454
chrX	23000000	23250000	0.0235089
chrX	23250000	23500000	-0.0886351
chrX	23500000	23750000	0.0148725
chrX	23750000	24000000	0.247717
chrX	24000000	24250000	-0.126046
chrX	24250000	24500000	nan
chrX	24500000	24750000	nan
chrX	24750000	25000000	nan
chrX	25000000	25250000	nan
chrX	25250000	25500000	nan
chrX	25500000	25750000	nan
chrX	25750000	26000000	nan
chrX	26000000	26250000	nan
chrX	26250000	26500000	nan
chrX	26500000	26750000	nan
chrX	26750000	27000000	nan
chrX	27000000	27250000	nan
chrX	27250000	27500000	nan
chrX	27500000	27750000	nan
chrX	27750000	28000000	nan
chrX	28000000	28250000	nan
chrX	28250000	28500000	nan
chrX	28500000	28750000	nan
chrX	28750000	29000000	nan
chrX	29000000	29250000	nan
chrX	29250000	29500000	nan
chrX	29500000	29750000	nan
chrX	29750000	30000000	nan
chrX	30000000	30250000	nan
chrX	30250000	30500000	nan
chrX	30500000	30750000	nan
chrX	30750000	31000000	nan
chrX	31000000	31250000	0.537428
chrX	31250000	31500000	nan
chrX	31500000	31750000	nan
chrX	31750000	32000000	nan
chrX	32000000	32250000	nan
chrX	32250000	32500000	nan
chrX	32500000	32750000	nan
chrX	32750000	33000000	nan
chrX	33000000	33250000	nan
chrX	33250000	33500000	nan
chrX	33500000	33750000	nan
chrX	33750000	34000000	nan
chrX	34000000	34250000	nan
chrX	34250000	34500000	nan
chrX	34500000	34750000	nan
chrX	34750000	35000000	nan
chrX	35000000	35250000	nan
chrX	35250000	35500000	nan
chrX	35500000	35750000	0.0467509
chrX	35750000	36000000	0.350622
chrX	36000000	36250000	0.433326
chrX	36250000	36500000	0.728711
chrX	36500000	36750000	0.912797
chrX	36750000	37000000	1.1849
chrX	37000000	37250000	0.965389
chrX	37250000	37500000	nan
chrX	37500000	37750000	nan
chrX	37750000	38000000	0.461791
chrX	38000000	38250000	0.580369
chrX	38250000	38500000	1.08322
chrX	38500000	38750000	0.715357
chrX	38750000	39000000	-0.029797
chrX	39000000	39250000	-0.0768663
chrX	39250000	39500000	-0.210038
chrX	39500000	39750000	-0.0997392
chrX	39750000	40000000	-0.261471
chrX	40000000	40250000	-0.154004
chrX	40250000	40500000	-0.10204
chrX	40500000	40750000	-0.0778572
chrX	40750000	41000000	-0.206658
chrX	41000000	41250000	-0.018978
chrX	41250000	41500000	-0.057658
chrX	41500000	41750000	0.120673
chrX	41750000	42000000	0.797903
chrX	42000000	42250000	1.20977
chrX	42250000	42500000	0.526388
chrX	42500000	42750000	-0.0546054
chrX	42750000	43000000	-0.160624
chrX	43000000	43250000	-0.136699
chrX	43250000	43500000	-0.0247487
chrX	43500000	43750000	-0.147853
chrX	43750000	44000000	-0.306093
chrX	44000000	44250000	-0.148769
chrX	44250000	44500000	-0.208022
chrX	44500000	44750000	-0.117294
chrX	44750000	45000000	-0.0371552
chrX	45000000	45250000	-0.131288
chrX	45250000	45500000	-0.277089
chrX	45500000	45750000	-0.211211
chrX	45750000	46000000	-0.129493
chrX	46000000	46250000	-0.183808
chrX	46250000	46500000	-0.128751
chrX	46500000	46750000	-0.170557
chrX	46750000	47000000	-0.138569
chrX	47000000	47250000	-0.124821
chrX	47250000	47500000	0.0353555
chrX	47500000	47750000	-0.0624558
chrX	47750000	48000000	0.551023
chrX	48000000	48250000	1.01608
chrX	48250000	48500000	1.34335
chrX	48500000	48750000	0.780088
chrX	48750000	49000000	0.215061
chrX	49000000	49250000	0.0756868
chrX	49250000	49500000	-0.120517
chrX	49500000	49750000	-0.133719
chrX	49750000	50000000	-0.194426
chrX	50000000	50250000	-0.119268
chrX	50250000	50500000	0.104371
chrX	50500000	50750000	0.12723
chrX	50750000	51000000	0.206479
chrX	51000000	51250000	0.247949
chrX	51250000	51500000	0.116953
chrX	51500000	51750000	0.277514
chrX	51750000	52000000	0.658736
chrX	52000000	52250000	1.16015
chrX	52250000	52500000	0.954838
chrX	52500000	52750000	0.656359
chrX	52750000	53000000	1.2597
chrX	53000000	53250000	1.18956
chrX	53250000	53500000	0.815312
chrX	53500000	53750000	0.444314
chrX	53750000	54000000	0.0409859
chrX	54000000	54250000	-0.262068
chrX	54250000	54500000	nan
chrX	54500000	54750000	nan
chrX	54750000	55000000	nan
chrX	55000000	55250000	nan
chrX	55250000	55500000	-0.0791962
chrX	55500000	55750000	-0.0785682
chrX	55750000	56000000	-0.339915
chrX	56000000	56250000	-0.211471
chrX	56250000	56500000	0.548787
chrX	56500000	56750000	0.93305
chrX	56750000	57000000	0.587477
chrX	57000000	57250000	0.758812
chrX	57250000	57500000	0.924277
chrX	57500000	57750000	0.427118
chrX	57750000	58000000	0.215054
chrX	58000000	58250000	0.25867
chrX	58250000	58500000	-0.0753055
chrX	58500000	58750000	-0.199452
chrX	58750000	59000000	-0.227483
chrX	59000000	59250000	-0.182298
chrX	59250000	59500000	-0.146264
chrX	59500000	59750000	-0.0806387
chrX	59750000	60000000	-0.176017
chrX	60000000	60250000	0.260217
chrX	60250000	60500000	0.70945
chrX	60500000	60750000	0.416024
chrX	60750000	61000000	0.431023
chrX	61000000	61250000	-0.011322
chrX	61250000	61500000	-0.230484
chrX	61500000	61750000	-0.147891
chrX	61750000	62000000	-0.342299
chrX	62000000	62250000	-0.242702
chrX	62250000	62500000	-0.0883165
chrX	62500000	62750000	-0.153844
chrX	62750000	63000000	-0.356613
chrX	63000000	63250000	-0.137019
chrX	63250000	63500000	-0.177147
chrX	63500000	63750000	-0.247406
chrX	63750000	64000000	-0.29788
chrX	64000000	64250000	-0.328684
chrX	64250000	64500000	-0.303752
chrX	64500000	64750000	-0.362103
chrX	64750000	65000000	-0.174042
chrX	65000000	65250000	-0.204589
chrX	65250000	65500000	-0.187544
chrX	65500000	65750000	-0.243446
chrX	65750000	66000000	-0.144788
chrX	66000000	66250000	-0.0595416
chrX	66250000	66500000	-0.159087
chrX	66500000	66750000	-0.0941104
chrX	66750000	67000000	0.101817
chrX	67000000	67250000	-0.118097
chrX	67250000	67500000	-0.225121
chrX	67500000	67750000	-0.207775
chrX	67750000	68000000	-0.1348
chrX	68000000	68250000	-0.280752
chrX	68250000	68500000	-0.132061
chrX	68500000	68750000	0.294916
chrX	68750000	69000000	0.228683
chrX	69000000	69250000	0.078336
chrX	69250000	69500000	-0.0225289
chrX	69500000	69750000	0.0266001
chrX	69750000	70000000	0.167775
chrX	70000000	70250000	0.162177
chrX	70250000	70500000	0.537421
chrX	70500000	70750000	0.373837
chrX	70750000	71000000	0.548109
chrX	71000000	71250000	0.637298
chrX	71250000	71500000	0.954125
chrX	71500000	71750000	0.950746
chrX	71750000	72000000	0.566276
chrX	72000000	72250000	0.0925168
chrX	72250000	72500000	0.0832557
chrX	72500000	72750000	0.122802
chrX	72750000	73000000	0.487135
chrX	73000000	73250000	0.994216
chrX	73250000	73500000	1.25713
chrX	73500000	73750000	1.54332
chrX	73750000	74000000	1.7163
chrX	74000000	74250000	1.33679
chrX	74250000	74500000	1.32167
chrX	74500000	74750000	0.921728
chrX	74750000	75000000	0.680146
chrX	75000000	75250000	1.03292
chrX	75250000	75500000	0.70948
chrX	75500000	75750000	0.885914
chrX	75750000	76000000	0.465894
chrX	76000000	76250000	0.199574
chrX	76250000	76500000	-0.106969
chrX	76500000	76750000	-0.198133
chrX	76750000	77000000	-0.243415
chrX	77000000	77250000	-0.241782
chrX	77250000	77500000	0.0690366
chrX	77500000	77750000	0.252129
chrX	77750000	78000000	-0.159388
chrX	78000000	78250000	-0.344543
chrX	78250000	78500000	-0.366205
chrX	78500000	78750000	-0.420955
chrX	78750000	79000000	-0.152026
chrX	79000000	79250000	-0.26504
chrX	79250000	79500000	-0.207658
chrX	79500000	79750000	-0.0477148
chrX	79750000	80000000	-0.186478
chrX	80000000	80250000	-0.456835
chrX	80250000	80500000	-0.359119
chrX	80500000	80750000	-0.398849
chrX	80750000	81000000	-0.196147
chrX	81000000	81250000	-0.310455
chrX	81250000	81500000	-0.304583
chrX	81500000	81750000	-0.339792
chrX	81750000	82000000	-0.377568
chrX	82000000	82250000	-0.127967
chrX	82250000	82500000	-0.153199
chrX	82500000	82750000	-0.372529
chrX	82750000	83000000	-0.300824
chrX	83000000	83250000	-0.35262
chrX	83250000	83500000	-0.33615
chrX	83500000	83750000	-0.209433
chrX	83750000	84000000	-0.327062
chrX	84000000	84250000	-0.248949
chrX	84250000	84500000	-0.303247
chrX	84500000	84750000	-0.310714
chrX	84750000	85000000	-0.312531
chrX	85000000	85250000	0.0685974
chrX	85250000	85500000	0.0886822
chrX	85500000	85750000	0.104462
chrX	85750000	86000000	0.0591705
chrX	86000000	86250000	-0.219759
chrX	86250000	86500000	-0.157699
chrX	86500000	86750000	-0.35058
chrX	86750000	87000000	-0.29722
chrX	87000000	87250000	-0.328027
chrX	87250000	87500000	-0.277595
chrX	87500000	87750000	-0.321098
chrX	87750000	88000000	-0.303159
chrX	88000000	88250000	-0.360813
chrX	88250000	88500000	-0.303739
chrX	88500000	88750000	-0.193328
chrX	88750000	89000000	-0.336985
chrX	89000000	89250000	-0.216707
chrX	89250000	89500000	-0.290049
chrX	89500000	89750000	-0.16803
chrX	89750000	90000000	-0.222479
chrX	90000000	90250000	-0.234675
chrX	90250000	90500000	-0.167446
chrX	90500000	90750000	-0.240008
chrX	90750000	91000000	-0.207091
chrX	91000000	91250000	-0.218009
chrX	91250000	91500000	-0.160758
chrX	91500000	91750000	-0.222339
chrX	91750000	92000000	-0.22446
chrX	92000000	92250000	-0.235444
chrX	92250000	92500000	-0.217434
chrX	92500000	92750000	-0.140998
chrX	92750000	93000000	0.0576748
chrX	93000000	93250000	0.667795
chrX	93250000	93500000	0.948605
chrX	93500000	93750000	1.4162
chrX	93750000	94000000	1.12334
chrX	94000000	94250000	1.11226
chrX	94250000	94500000	1.01186
chrX	94500000	94750000	0.680461
chrX	94750000	95000000	0.319958
chrX	95000000	95250000	0.0872548
chrX	95250000	95500000	0.0527514
chrX	95500000	95750000	0.251197
chrX	95750000	96000000	0.309194
chrX	96000000	96250000	0.124907
chrX	96250000	96500000	-0.262594
chrX	96500000	96750000	-0.346154
chrX	96750000	97000000	-0.280522
chrX	97000000	97250000	-0.290859
chrX	97250000	97500000	-0.118274
chrX	97500000	97750000	-0.31399
chrX	97750000	98000000	-0.380004
chrX	98000000	98250000	-0.314891
chrX	98250000	98500000	-0.288323
chrX	98500000	98750000	0.0530314
chrX	98750000	99000000	0.28051
chrX	99000000	99250000	0.68967
chrX	99250000	99500000	0.816162
chrX	99500000	99750000	0.400732
chrX	99750000	100000000	0.0941672
chrX	100000000	100250000	0.293887
chrX	100250000	100500000	0.466622
chrX	100500000	100750000	1.25319
chrX	100750000	101000000	1.39527
chrX	101000000	101250000	1.59195
chrX	101250000	101500000	1.58132
chrX	101500000	101750000	1.50106
chrX	101750000	102000000	0.918357
chrX	102000000	102250000	1.24599
chrX	102250000	102500000	0.956556
chrX	102500000	102750000	0.600697
chrX	102750000	103000000	0.289972
chrX	103000000	103250000	0.530683
chrX	103250000	103500000	0.960667
chrX	103500000	103750000	0.695202
chrX	103750000	104000000	0.574128
chrX	104000000	104250000	0.724458
chrX	104250000	104500000	0.611245
chrX	104500000	104750000	0.175766
chrX	104750000	105000000	0.276988
chrX	105000000	105250000	0.435512
chrX	105250000	105500000	0.231293
chrX	105500000	105750000	0.296907
chrX	105750000	106000000	0.838623
chrX	106000000	106250000	0.707056
chrX	106250000	106500000	-0.0124698
chrX	106500000	106750000	-0.220645
chrX	106750000	107000000	-0.349538
chrX	107000000	107250000	-0.240131
chrX	107250000	107500000	-0.177748
chrX	107500000	107750000	-0.280347
chrX	107750000	108000000	-0.272693
chrX	108000000	108250000	-0.235049
chrX	108250000	108500000	-0.23936
chrX	108500000	108750000	-0.20475
chrX	108750000	109000000	0.38136
chrX	109000000	109250000	-0.201396
chrX	109250000	109500000	-0.205232
chrX	109500000	109750000	-0.292485
chrX	109750000	110000000	-0.311223
chrX	110000000	110250000	-0.292527
chrX	110250000	110500000	-0.330184
chrX	110500000	110750000	-0.24848
chrX	110750000	111000000	-0.351048
chrX	111000000	111250000	-0.201626
chrX	111250000	111500000	-0.101481
chrX	111500000	111750000	-0.03959
chrX	111750000	112000000	-0.123453
chrX	112000000	112250000	-0.103032
chrX	112250000	112500000	-0.169791
chrX	112500000	112750000	-0.293359
chrX	112750000	113000000	-0.35369
chrX	113000000	113250000	0.198148
chrX	113250000	113500000	-0.211276
chrX	113500000	113750000	-0.481369
chrX	113750000	114000000	-0.191985
chrX	114000000	114250000	-0.294788
chrX	114250000	114500000	-0.192827
chrX	114500000	114750000	-0.463775
chrX	114750000	115000000	0.0542998
chrX	115000000	115250000	-0.060101
chrX	115250000	115500000	-0.297498
chrX	115500000	115750000	-0.437615
chrX	115750000	116000000	-0.433669
chrX	116000000	116250000	-0.291436
chrX	116250000	116500000	-0.379022
chrX	116500000	116750000	-0.275314
chrX	116750000	117000000	-0.331598
chrX	117000000	117250000	-0.196048
chrX	117250000	117500000	-0.1785
chrX	117500000	117750000	-0.326724
chrX	117750000	118000000	-0.371353
chrX	118000000	118250000	-0.356854
chrX	118250000	118500000	-0.455063
chrX	118500000	118750000	-0.338648
chrX	118750000	119000000	-0.235462
chrX	119000000	119250000	-0.401537
chrX	119250000	119500000	-0.393615
chrX	119500000	119750000	-0.426969
chrX	119750000	120000000	-0.315296
chrX	120000000	120250000	-0.302349
chrX	120250000	120500000	-0.342412
chrX	120500000	120750000	-0.207714
chrX	120750000	121000000	-0.386424
chrX	121000000	121250000	-0.410739
chrX	121250000	121500000	-0.351477
chrX	121500000	121750000	-0.423262
chrX	121750000	122000000	-0.298725
chrX	122000000	122250000	-0.489927
chrX	122250000	122500000	-0.359583
chrX	122500000	122750000	-0.356159
chrX	122750000	123000000	-0.431147
chrX	123000000	123250000	nan
chrX	123250000	123500000	nan
chrX	123500000	123750000	nan
chrX	123750000	124000000	nan
chrX	124000000	124250000	0.277657
chrX	124250000	124500000	nan
chrX	124500000	124750000	nan
chrX	124750000	125000000	nan
chrX	125000000	125250000	nan
chrX	125250000	125500000	nan
chrX	125500000	125750000	nan
chrX	125750000	126000000	nan
chrX	126000000	126250000	nan
chrX	126250000	126500000	-0.400954
chrX	126500000	126750000	-0.165386
chrX	126750000	127000000	-0.380304
chrX	127000000	127250000	-0.254156
chrX	127250000	127500000	-0.484182
chrX	127500000	127750000	-0.411726
chrX	127750000	128000000	-0.238891
chrX	128000000	128250000	-0.383371
chrX	128250000	128500000	-0.347208
chrX	128500000	128750000	-0.313521
chrX	128750000	129000000	-0.445966
chrX	129000000	129250000	-0.37698
chrX	129250000	129500000	-0.387588
chrX	129500000	129750000	-0.147932
chrX	129750000	130000000	0.044529
chrX	130000000	130250000	-0.231259
chrX	130250000	130500000	-0.0307439
chrX	130500000	130750000	0.0207798
chrX	130750000	131000000	-0.132465
chrX	131000000	131250000	-0.259771
chrX	131250000	131500000	0.00909132
chrX	131500000	131750000	0.000584768
chrX	131750000	132000000	-0.138488
chrX	132000000	132250000	-0.325441
chrX	132250000	132500000	-0.292677
chrX	132500000	132750000	-0.236415
chrX	132750000	133000000	-0.20367
chrX	133000000	133250000	-0.328972
chrX	133250000	133500000	-0.230004
chrX	133500000	133750000	-0.346152
chrX	133750000	134000000	-0.0628253
chrX	134000000	134250000	0.509121
chrX	134250000	134500000	0.703252
chrX	134500000	134750000	0.885873
chrX	134750000	135000000	0.464602
chrX	135000000	135250000	0.100153
chrX	135250000	135500000	0.0783242
chrX	135500000	135750000	0.27672
chrX	135750000	136000000	0.399836
chrX	136000000	136250000	0.335625
chrX	136250000	136500000	-0.128805
chrX	136500000	136750000	0.192998
chrX	136750000	137000000	0.503522
chrX	137000000	137250000	0.128097
chrX	137250000	137500000	-0.370496
chrX	137500000	137750000	-0.32601
chrX	137750000	138000000	-0.316974
chrX	138000000	138250000	-0.577033
chrX	138250000	138500000	-0.435134
chrX	138500000	138750000	-0.376859
chrX	138750000	139000000	-0.339968
chrX	139000000	139250000	-0.197516
chrX	139250000	139500000	0.0516523
chrX	139500000	139750000	0.31857
chrX	139750000	140000000	0.465572
chrX	140000000	140250000	0.300041
chrX	140250000	140500000	0.636717
chrX	140500000	140750000	0.275148
chrX	140750000	141000000	0.0403234
chrX	141000000	141250000	nan
chrX	141250000	141500000	-0.281082
chrX	141500000	141750000	-0.19312
chrX	141750000	142000000	-0.135884
chrX	142000000	142250000	-0.0393499
chrX	142250000	142500000	0.410527
chrX	142500000	142750000	0.55021
chrX	142750000	143000000	0.103472
chrX	143000000	143250000	0.00315959
chrX	143250000	143500000	-0.238107
chrX	143500000	143750000	-0.269359
chrX	143750000	144000000	-0.149516
chrX	144000000	144250000	0.273211
chrX	144250000	144500000	0.426759
chrX	144500000	144750000	0.214931
chrX	144750000	145000000	-0.0466534
chrX	145000000	145250000	-0.0613378
chrX	145250000	145500000	0.145744
chrX	145500000	145750000	-0.141092
chrX	145750000	146000000	-0.303139
chrX	146000000	146250000	-0.241856
chrX	146250000	146500000	-0.356815
chrX	146500000	146750000	-0.547703
chrX	146750000	147000000	-0.481509
chrX	147000000	147250000	-0.400755
chrX	147250000	147500000	0.407344
chrX	147500000	147750000	0.0648706
chrX	147750000	148000000	nan
chrX	148000000	148250000	nan
chrX	148250000	148500000	nan
chrX	148500000	148750000	nan
chrX	148750000	149000000	nan
chrX	149000000	149250000	nan
chrX	149250000	149500000	nan
chrX	149500000	149750000	nan
chrX	149750000	150000000	nan
chrX	150000000	150250000	0.449071
chrX	150250000	150500000	0.66305
chrX	150500000	150750000	0.662204
chrX	150750000	151000000	0.752577
chrX	151000000	151250000	0.975771
chrX	151250000	151500000	0.669469
chrX	151500000	151750000	1.06323
chrX	151750000	152000000	1.501
chrX	152000000	152250000	1.09683
chrX	152250000	152500000	1.00512
chrX	152500000	152750000	0.861075
chrX	152750000	153000000	0.504807
chrX	153000000	153250000	0.389385
chrX	153250000	153500000	0.42245
chrX	153500000	153750000	-0.0110229
chrX	153750000	154000000	-0.212635
chrX	154000000	154250000	-0.269786
chrX	154250000	154500000	-0.174539
chrX	154500000	154750000	-0.106893
chrX	154750000	155000000	-0.0749887
chrX	155000000	155250000	0.248076
chrX	155250000	155500000	0.193743
chrX	155500000	155750000	-0.191565
chrX	155750000	156000000	-0.0929697
chrX	156000000	156250000	-0.330945
chrX	156250000	156500000	-0.155601
chrX	156500000	156750000	-0.226448
chrX	156750000	157000000	-0.430913
chrX	157000000	157250000	-0.072326
chrX	157250000	157500000	0.50883
chrX	157500000	157750000	0.315271
chrX	157750000	158000000	-0.231855
chrX	158000000	158250000	-0.158197
chrX	158250000	158500000	-0.235805
chrX	158500000	158750000	-0.286595
chrX	158750000	159000000	0.00676502
chrX	159000000	159250000	0.0285249
chrX	159250000	159500000	0.698233
chrX	159500000	159750000	0.832537
chrX	159750000	160000000	0.397957
chrX	160000000	160250000	0.564963
chrX	160250000	160500000	0.632018
chrX	160500000	160750000	0.53008
chrX	160750000	161000000	0.477296
chrX	161000000	161250000	0.210191
chrX	161250000	161500000	-0.0597948
chrX	161500000	161750000	-0.0464949
chrX	161750000	162000000	-0.000579696
chrX	162000000	162250000	0.0210409
chrX	162250000	162500000	0.416916
chrX	162500000	162750000	0.656402
chrX	162750000	163000000	0.959381
chrX	163000000	163250000	0.704808
chrX	163250000	163500000	0.319346
chrX	163500000	163750000	0.267537
chrX	163750000	164000000	0.757339
chrX	164000000	164250000	0.519868
chrX	164250000	164500000	-0.02634
chrX	164500000	164750000	-0.135818
chrX	164750000	165000000	-0.0554403
chrX	165000000	165250000	-0.171721
chrX	165250000	165500000	-0.114645
chrX	165500000	165750000	-0.159796
chrX	165750000	166000000	-0.267517
chrX	166000000	166250000	-0.104789
chrX	166250000	166500000	0.232039
chrX	166500000	166750000	0.00160056
chrX	166750000	167000000	-0.0557318
chrX	167000000	167250000	-0.12553
chrX	167250000	167500000	0.018341
chrX	167500000	167750000	-0.0862174
chrX	167750000	168000000	-0.0491772
chrX	168000000	168250000	-0.231429
chrX	168250000	168500000	-0.167736
chrX	168500000	168750000	0.152417
chrX	168750000	169000000	0.0180025
chrX	169000000	169250000	-0.241088
chrX	169250000	169500000	-0.0192481
chrX	169500000	169750000	0.0562013
chrX	169750000	170000000	1.23411
chrX	170000000	170250000	1.34648
chrX	170250000	170500000	nan
chrX	170500000	170750000	nan
chrX	170750000	171000000	nan
chrX	171000000	171031299	nan
#bedGraph section chrY:0-91744698
chrY	0	250000	0.514559
chrY	250000	500000	0.208408
chrY	500000	750000	-0.177126
chrY	750000	1000000	-0.0659936
chrY	1000000	1250000	0.0119973
chrY	1250000	1500000	-0.319545
chrY	1500000	1750000	-0.387959
chrY	1750000	2000000	0.192865
chrY	2000000	2250000	-0.00179943
chrY	2250000	2500000	0.194249
chrY	2500000	2750000	0.923325
chrY	2750000	3000000	-0.12045
chrY	3000000	3250000	nan
chrY	3250000	3500000	0.0313158
chrY	3500000	3750000	nan
chrY	3750000	4000000	0.361884
chrY	4000000	4250000	-0.277079
chrY	4250000	4500000	-0.0341638
chrY	4500000	4750000	0.159183
chrY	4750000	5000000	-0.0441127
chrY	5000000	5250000	0.132071
chrY	5250000	5500000	0.0374084
chrY	5500000	5750000	3.54745
chrY	5750000	6000000	-0.221326
chrY	6000000	6250000	-0.538664
chrY	6250000	6500000	0.0214632
chrY	6500000	6750000	0.01188
chrY	6750000	7000000	-0.265573
chrY	7000000	7250000	-0.0489186
chrY	7250000	7500000	nan
chrY	7500000	7750000	0.468943
chrY	7750000	8000000	0.239345
chrY	8000000	8250000	-0.271098
chrY	8250000	8500000	-1.51052
chrY	8500000	8750000	-0.0103186
chrY	8750000	9000000	-0.0394441
chrY	9000000	9250000	0.0650535
chrY	9250000	9500000	0.0335521
chrY	9500000	9750000	-0.14268
chrY	9750000	10000000	-0.193099
chrY	10000000	10250000	0.102568
chrY	10250000	10500000	-0.335294
chrY	10500000	10750000	0.195642
chrY	10750000	11000000	-0.0273058
chrY	11000000	11250000	0.800079
chrY	11250000	11500000	0.164172
chrY	11500000	11750000	0.122401
chrY	11750000	12000000	0.527066
chrY	12000000	12250000	0.781397
chrY	12250000	12500000	0.02603
chrY	12500000	12750000	0.0276932
chrY	12750000	13000000	0.91764
chrY	13000000	13250000	nan
chrY	13250000	13500000	0.301455
chrY	13500000	13750000	0.195092
chrY	13750000	14000000	nan
chrY	14000000	14250000	3.06445
chrY	14250000	14500000	nan
chrY	14500000	14750000	nan
chrY	14750000	15000000	0.0333799
chrY	15000000	15250000	nan
chrY	15250000	15500000	nan
chrY	15500000	15750000	nan
chrY	15750000	16000000	1.07351
chrY	16000000	16250000	0.185293
chrY	16250000	16500000	-0.145358
chrY	16500000	16750000	-3.20832
chrY	16750000	17000000	nan
chrY	17000000	17250000	0.10838
chrY	17250000	17500000	0.0127701
chrY	17500000	17750000	-0.20076
chrY	17750000	18000000	nan
chrY	18000000	18250000	nan
chrY	18250000	18500000	nan
chrY	18500000	18750000	nan
chrY	18750000	19000000	nan
chrY	19000000	19250000	0.25543
chrY	19250000	19500000	nan
chrY	19500000	19750000	nan
chrY	19750000	20000000	-0.044133
chrY	20000000	20250000	-0.276978
chrY	20250000	20500000	-0.0724023
chrY	20500000	20750000	0.0134201
chrY	20750000	21000000	-0.630432
chrY	21000000	21250000	0.0250644
chrY	21250000	21500000	2.22692
chrY	21500000	21750000	0.0853512
chrY	21750000	22000000	-0.393633
chrY	22000000	22250000	-0.239618
chrY	22250000	22500000	nan
chrY	22500000	22750000	0.0498207
chrY	22750000	23000000	nan
chrY	23000000	23250000	nan
chrY	23250000	23500000	-0.490769
chrY	23500000	23750000	0.053198
chrY	23750000	24000000	0.118568
chrY	24000000	24250000	0.0329129
chrY	24250000	24500000	nan
chrY	24500000	24750000	nan
chrY	24750000	25000000	nan
chrY	25000000	25250000	nan
chrY	25250000	25500000	nan
chrY	25500000	25750000	nan
chrY	25750000	26000000	nan
chrY	26000000	26250000	nan
chrY	26250000	26500000	nan
chrY	26500000	26750000	nan
chrY	26750000	27000000	nan
chrY	27000000	27250000	nan
chrY	27250000	27500000	nan
chrY	27500000	27750000	nan
chrY	27750000	28000000	nan
chrY	28000000	28250000	0.183114
chrY	28250000	28500000	0.118018
chrY	28500000	28750000	0.0503972
chrY	28750000	29000000	-1.22806
chrY	29000000	29250000	-7.64488
chrY	29250000	29500000	-0.263905
chrY	29500000	29750000	0.321053
chrY	29750000	30000000	-0.294428
chrY	30000000	30250000	nan
chrY	30250000	30500000	nan
chrY	30500000	30750000	nan
chrY	30750000	31000000	nan
chrY	31000000	31250000	-0.00514643
chrY	31250000	31500000	0.0334002
chrY	31500000	31750000	nan
chrY	31750000	32000000	nan
chrY	32000000	32250000	0.0333165
chrY	32250000	32500000	0.0160888
chrY	32500000	32750000	0.118843
chrY	32750000	33000000	nan
chrY	33000000	33250000	nan
chrY	33250000	33500000	0.0332483
chrY	33500000	33750000	0.0334131
chrY	33750000	34000000	-0.0416679
chrY	34000000	34250000	0.0328418
chrY	34250000	34500000	0.178288
chrY	34500000	34750000	-0.364364
chrY	34750000	35000000	nan
chrY	35000000	35250000	0.00843698
chrY	35250000	35500000	0.106907
chrY	35500000	35750000	-0.398706
chrY	35750000	36000000	-0.324473
chrY	36000000	36250000	-0.303761
chrY	36250000	36500000	0.233778
chrY	36500000	36750000	nan
chrY	36750000	37000000	nan
chrY	37000000	37250000	nan
chrY	37250000	37500000	-0.115191
chrY	37500000	37750000	-1.78912
chrY	37750000	38000000	-0.156605
chrY	38000000	38250000	0.0352598
chrY	38250000	38500000	0.321747
chrY	38500000	38750000	0.00626996
chrY	38750000	39000000	1.20592
chrY	39000000	39250000	-0.0644365
chrY	39250000	39500000	0.939074
chrY	39500000	39750000	0.0282251
chrY	39750000	40000000	0.369629
chrY	40000000	40250000	0.229585
chrY	40250000	40500000	-0.149044
chrY	40500000	40750000	-1.36339
chrY	40750000	41000000	0.0350381
chrY	41000000	41250000	-0.17586
chrY	41250000	41500000	-0.0528699
chrY	41500000	41750000	0.490017
chrY	41750000	42000000	1.08069
chrY	42000000	42250000	-0.154728
chrY	42250000	42500000	-0.388488
chrY	42500000	42750000	1.36559
chrY	42750000	43000000	nan
chrY	43000000	43250000	0.130595
chrY	43250000	43500000	5.50644
chrY	43500000	43750000	6.5436
chrY	43750000	44000000	0.0488473
chrY	44000000	44250000	-0.498165
chrY	44250000	44500000	0.31784
chrY	44500000	44750000	-0.0115285
chrY	44750000	45000000	0.725006
chrY	45000000	45250000	0.28847
chrY	45250000	45500000	0.00405425
chrY	45500000	45750000	0.0906717
chrY	45750000	46000000	0.220985
chrY	46000000	46250000	nan
chrY	46250000	46500000	nan
chrY	46500000	46750000	0.159034
chrY	46750000	47000000	-0.255768
chrY	47000000	47250000	nan
chrY	47250000	47500000	nan
chrY	47500000	47750000	nan
chrY	47750000	48000000	nan
chrY	48000000	48250000	nan
chrY	48250000	48500000	nan
chrY	48500000	48750000	nan
chrY	48750000	49000000	nan
chrY	49000000	49250000	nan
chrY	49250000	49500000	nan
chrY	49500000	49750000	nan
chrY	49750000	50000000	nan
chrY	50000000	50250000	nan
chrY	50250000	50500000	nan
chrY	50500000	50750000	nan
chrY	50750000	51000000	nan
chrY	51000000	51250000	nan
chrY	51250000	51500000	nan
chrY	51500000	51750000	nan
chrY	51750000	52000000	nan
chrY	52000000	52250000	nan
chrY	52250000	52500000	nan
chrY	52500000	52750000	nan
chrY	52750000	53000000	nan
chrY	53000000	53250000	nan
chrY	53250000	53500000	nan
chrY	53500000	53750000	-0.930304
chrY	53750000	54000000	nan
chrY	54000000	54250000	nan
chrY	54250000	54500000	nan
chrY	54500000	54750000	nan
chrY	54750000	55000000	nan
chrY	55000000	55250000	1.22399
chrY	55250000	55500000	1.07691
chrY	55500000	55750000	nan
chrY	55750000	56000000	nan
chrY	56000000	56250000	nan
chrY	56250000	56500000	-0.00654177
chrY	56500000	56750000	-0.24349
chrY	56750000	57000000	nan
chrY	57000000	57250000	nan
chrY	57250000	57500000	nan
chrY	57500000	57750000	1.00299
chrY	57750000	58000000	1.44337
chrY	58000000	58250000	nan
chrY	58250000	58500000	0.196606
chrY	58500000	58750000	0.371946
chrY	58750000	59000000	0.171014
chrY	59000000	59250000	0.386179
chrY	59250000	59500000	0.32775
chrY	59500000	59750000	-3.29304
chrY	59750000	60000000	nan
chrY	60000000	60250000	-0.0529063
chrY	60250000	60500000	0.0354129
chrY	60500000	60750000	nan
chrY	60750000	61000000	nan
chrY	61000000	61250000	nan
chrY	61250000	61500000	nan
chrY	61500000	61750000	nan
chrY	61750000	62000000	nan
chrY	62000000	62250000	nan
chrY	62250000	62500000	nan
chrY	62500000	62750000	nan
chrY	62750000	63000000	nan
chrY	63000000	63250000	nan
chrY	63250000	63500000	nan
chrY	63500000	63750000	nan
chrY	63750000	64000000	nan
chrY	64000000	64250000	nan
chrY	64250000	64500000	nan
chrY	64500000	64750000	nan
chrY	64750000	65000000	nan
chrY	65000000	65250000	nan
chrY	65250000	65500000	nan
chrY	65500000	65750000	nan
chrY	65750000	66000000	nan
chrY	66000000	66250000	nan
chrY	66250000	66500000	nan
chrY	66500000	66750000	nan
chrY	66750000	67000000	nan
chrY	67000000	67250000	nan
chrY	67250000	67500000	nan
chrY	67500000	67750000	nan
chrY	67750000	68000000	0.274109
chrY	68000000	68250000	0.355407
chrY	68250000	68500000	nan
chrY	68500000	68750000	nan
chrY	68750000	69000000	0.0796828
chrY	69000000	69250000	0.0209703
chrY	69250000	69500000	-0.0617345
chrY	69500000	69750000	nan
chrY	69750000	70000000	nan
chrY	70000000	70250000	nan
chrY	70250000	70500000	-0.0364427
chrY	70500000	70750000	nan
chrY	70750000	71000000	0.838629
chrY	71000000	71250000	-0.240567
chrY	71250000	71500000	-0.0817287
chrY	71500000	71750000	0.0671487
chrY	71750000	72000000	nan
chrY	72000000	72250000	0.0773728
chrY	72250000	72500000	nan
chrY	72500000	72750000	0.0294844
chrY	72750000	73000000	nan
chrY	73000000	73250000	nan
chrY	73250000	73500000	-0.571971
chrY	73500000	73750000	0.269201
chrY	73750000	74000000	nan
chrY	74000000	74250000	0.0594484
chrY	74250000	74500000	-0.849036
chrY	74500000	74750000	0.817579
chrY	74750000	75000000	0.032453
chrY	75000000	75250000	0.227311
chrY	75250000	75500000	0.111028
chrY	75500000	75750000	0.208927
chrY	75750000	76000000	-1.69518
chrY	76000000	76250000	0.0363166
chrY	76250000	76500000	1.22062
chrY	76500000	76750000	-0.0766278
chrY	76750000	77000000	nan
chrY	77000000	77250000	0.0736105
chrY	77250000	77500000	nan
chrY	77500000	77750000	0.483631
chrY	77750000	78000000	nan
chrY	78000000	78250000	-0.279762
chrY	78250000	78500000	nan
chrY	78500000	78750000	nan
chrY	78750000	79000000	0.0326321
chrY	79000000	79250000	0.189839
chrY	79250000	79500000	nan
chrY	79500000	79750000	nan
chrY	79750000	80000000	nan
chrY	80000000	80250000	0.281168
chrY	80250000	80500000	0.0382364
chrY	80500000	80750000	-0.00807772
chrY	80750000	81000000	0.0717125
chrY	81000000	81250000	0.0346143
chrY	81250000	81500000	0.0306929
chrY	81500000	81750000	-0.0541841
chrY	81750000	82000000	0.385827
chrY	82000000	82250000	0.50751
chrY	82250000	82500000	1.44715
chrY	82500000	82750000	0.0159025
chrY	82750000	83000000	0.640623
chrY	83000000	83250000	-0.46132
chrY	83250000	83500000	-0.237761
chrY	83500000	83750000	-0.511006
chrY	83750000	84000000	-0.00640524
chrY	84000000	84250000	0.195506
chrY	84250000	84500000	0.20698
chrY	84500000	84750000	0.0614585
chrY	84750000	85000000	0.673451
chrY	85000000	85250000	0.211005
chrY	85250000	85500000	nan
chrY	85500000	85750000	nan
chrY	85750000	86000000	0.157611
chrY	86000000	86250000	0.570863
chrY	86250000	86500000	-3.44531
chrY	86500000	86750000	-1.29292
chrY	86750000	87000000	-0.245826
chrY	87000000	87250000	-0.131287
chrY	87250000	87500000	-0.28198
chrY	87500000	87750000	-0.249684
chrY	87750000	88000000	0.00841599
chrY	88000000	88250000	-0.955077
chrY	88250000	88500000	-0.0651977
chrY	88500000	88750000	0.0443528
chrY	88750000	89000000	0.304017
chrY	89000000	89250000	0.474387
chrY	89250000	89500000	-2.17902
chrY	89500000	89750000	-1.22499
chrY	89750000	90000000	-0.63084
chrY	90000000	90250000	-2.76833
chrY	90250000	90500000	0.0443761
chrY	90500000	90750000	-0.023368
chrY	90750000	91000000	nan
chrY	91000000	91250000	nan
chrY	91250000	91500000	nan
chrY	91500000	91744698	nan
