#bedGraph section chr1:0-195471971
chr1	0	250000	nan
chr1	250000	500000	nan
chr1	500000	750000	nan
chr1	750000	1000000	nan
chr1	1000000	1250000	nan
chr1	1250000	1500000	nan
chr1	1500000	1750000	nan
chr1	1750000	2000000	nan
chr1	2000000	2250000	nan
chr1	2250000	2500000	nan
chr1	2500000	2750000	nan
chr1	2750000	3000000	nan
chr1	3000000	3250000	-0.789771
chr1	3250000	3500000	-0.864921
chr1	3500000	3750000	-0.814061
chr1	3750000	4000000	-0.827988
chr1	4000000	4250000	-0.819858
chr1	4250000	4500000	-0.537646
chr1	4500000	4750000	-0.287889
chr1	4750000	5000000	0.0870978
chr1	5000000	5250000	-0.299214
chr1	5250000	5500000	-0.785821
chr1	5500000	5750000	-0.871893
chr1	5750000	6000000	-0.777675
chr1	6000000	6250000	-0.31718
chr1	6250000	6500000	-0.169911
chr1	6500000	6750000	-0.432744
chr1	6750000	7000000	-0.186317
chr1	7000000	7250000	0.302537
chr1	7250000	7500000	-0.296016
chr1	7500000	7750000	-0.591174
chr1	7750000	8000000	-0.623428
chr1	8000000	8250000	-0.608578
chr1	8250000	8500000	-0.630782
chr1	8500000	8750000	-0.668905
chr1	8750000	9000000	-0.65447
chr1	9000000	9250000	-0.669898
chr1	9250000	9500000	-0.557759
chr1	9500000	9750000	0.519592
chr1	9750000	10000000	1.04732
chr1	10000000	10250000	0.622564
chr1	10250000	10500000	-0.443235
chr1	10500000	10750000	-0.744706
chr1	10750000	11000000	-0.682374
chr1	11000000	11250000	-0.802322
chr1	11250000	11500000	-0.899391
chr1	11500000	11750000	-0.730703
chr1	11750000	12000000	-0.904619
chr1	12000000	12250000	-0.8906
chr1	12250000	12500000	-0.919836
chr1	12500000	12750000	-0.753871
chr1	12750000	13000000	-0.104535
chr1	13000000	13250000	0.417351
chr1	13250000	13500000	0.923654
chr1	13500000	13750000	0.911463
chr1	13750000	14000000	0.639037
chr1	14000000	14250000	0.784831
chr1	14250000	14500000	0.515845
chr1	14500000	14750000	0.302395
chr1	14750000	15000000	-0.0600621
chr1	15000000	15250000	-0.597047
chr1	15250000	15500000	-0.805692
chr1	15500000	15750000	-0.518821
chr1	15750000	16000000	-0.121481
chr1	16000000	16250000	-0.127427
chr1	16250000	16500000	0.0213141
chr1	16500000	16750000	0.61805
chr1	16750000	17000000	-0.362716
chr1	17000000	17250000	-0.513268
chr1	17250000	17500000	-0.878819
chr1	17500000	17750000	-0.781401
chr1	17750000	18000000	-0.930649
chr1	18000000	18250000	-0.871777
chr1	18250000	18500000	-0.931132
chr1	18500000	18750000	-1.01934
chr1	18750000	19000000	-0.989051
chr1	19000000	19250000	-0.880128
chr1	19250000	19500000	-0.976167
chr1	19500000	19750000	-1.02057
chr1	19750000	20000000	-0.988124
chr1	20000000	20250000	-1.01991
chr1	20250000	20500000	-0.975217
chr1	20500000	20750000	-0.704379
chr1	20750000	21000000	0.226029
chr1	21000000	21250000	0.422582
chr1	21250000	21500000	0.0753705
chr1	21500000	21750000	0.229487
chr1	21750000	22000000	0.306775
chr1	22000000	22250000	-0.639433
chr1	22250000	22500000	-0.731857
chr1	22500000	22750000	-0.906685
chr1	22750000	23000000	-0.987616
chr1	23000000	23250000	-0.762535
chr1	23250000	23500000	-0.306058
chr1	23500000	23750000	-0.437961
chr1	23750000	24000000	0.266199
chr1	24000000	24250000	-0.24766
chr1	24250000	24500000	-0.503155
chr1	24500000	24750000	-0.120331
chr1	24750000	25000000	-0.650158
chr1	25000000	25250000	-0.828145
chr1	25250000	25500000	-0.775858
chr1	25500000	25750000	-0.782892
chr1	25750000	26000000	-0.83098
chr1	26000000	26250000	-0.847693
chr1	26250000	26500000	-0.873342
chr1	26500000	26750000	-0.883919
chr1	26750000	27000000	-0.872688
chr1	27000000	27250000	-0.833891
chr1	27250000	27500000	-0.872279
chr1	27500000	27750000	-0.8684
chr1	27750000	28000000	-0.859416
chr1	28000000	28250000	-0.850943
chr1	28250000	28500000	-0.886399
chr1	28500000	28750000	-0.910769
chr1	28750000	29000000	-0.960475
chr1	29000000	29250000	-0.912303
chr1	29250000	29500000	-0.916854
chr1	29500000	29750000	-1.00391
chr1	29750000	30000000	-0.967732
chr1	30000000	30250000	-1.03163
chr1	30250000	30500000	-1.02127
chr1	30500000	30750000	-0.879381
chr1	30750000	31000000	-0.0640998
chr1	31000000	31250000	-0.698612
chr1	31250000	31500000	-0.851077
chr1	31500000	31750000	-0.921516
chr1	31750000	32000000	-0.902827
chr1	32000000	32250000	-0.878526
chr1	32250000	32500000	-0.965909
chr1	32500000	32750000	-0.887341
chr1	32750000	33000000	-0.797349
chr1	33000000	33250000	-0.480649
chr1	33250000	33500000	-0.0882683
chr1	33500000	33750000	0.563521
chr1	33750000	34000000	0.697735
chr1	34000000	34250000	0.481975
chr1	34250000	34500000	0.594281
chr1	34500000	34750000	0.377906
chr1	34750000	35000000	0.287755
chr1	35000000	35250000	-0.480186
chr1	35250000	35500000	-0.112881
chr1	35500000	35750000	0.464101
chr1	35750000	36000000	0.863336
chr1	36000000	36250000	1.11104
chr1	36250000	36500000	1.27422
chr1	36500000	36750000	1.17377
chr1	36750000	37000000	1.1638
chr1	37000000	37250000	1.11661
chr1	37250000	37500000	1.13345
chr1	37500000	37750000	1.15335
chr1	37750000	38000000	1.17989
chr1	38000000	38250000	1.15407
chr1	38250000	38500000	0.956222
chr1	38500000	38750000	1.18489
chr1	38750000	39000000	1.06276
chr1	39000000	39250000	0.912922
chr1	39250000	39500000	1.02218
chr1	39500000	39750000	1.22013
chr1	39750000	40000000	1.28666
chr1	40000000	40250000	1.08951
chr1	40250000	40500000	0.82488
chr1	40500000	40750000	0.258577
chr1	40750000	41000000	-0.507292
chr1	41000000	41250000	-1.05514
chr1	41250000	41500000	-1.07063
chr1	41500000	41750000	-1.04501
chr1	41750000	42000000	-1.01005
chr1	42000000	42250000	-0.947585
chr1	42250000	42500000	-0.987446
chr1	42500000	42750000	-0.66015
chr1	42750000	43000000	-0.0908219
chr1	43000000	43250000	0.391225
chr1	43250000	43500000	0.955892
chr1	43500000	43750000	0.854104
chr1	43750000	44000000	0.854685
chr1	44000000	44250000	0.339948
chr1	44250000	44500000	-0.817396
chr1	44500000	44750000	-0.889188
chr1	44750000	45000000	-0.91271
chr1	45000000	45250000	-0.388642
chr1	45250000	45500000	-0.842713
chr1	45500000	45750000	-0.867082
chr1	45750000	46000000	-0.460395
chr1	46000000	46250000	-0.86529
chr1	46250000	46500000	-0.802814
chr1	46500000	46750000	-0.683669
chr1	46750000	47000000	0.0515112
chr1	47000000	47250000	-0.648858
chr1	47250000	47500000	-0.737326
chr1	47500000	47750000	-0.759182
chr1	47750000	48000000	-0.719258
chr1	48000000	48250000	-0.776305
chr1	48250000	48500000	-0.792984
chr1	48500000	48750000	-0.820579
chr1	48750000	49000000	-0.760313
chr1	49000000	49250000	-0.764922
chr1	49250000	49500000	-0.81374
chr1	49500000	49750000	-0.78926
chr1	49750000	50000000	-0.794494
chr1	50000000	50250000	-0.808784
chr1	50250000	50500000	-0.806504
chr1	50500000	50750000	-0.816616
chr1	50750000	51000000	-0.591723
chr1	51000000	51250000	-0.511245
chr1	51250000	51500000	-0.0500494
chr1	51500000	51750000	0.458357
chr1	51750000	52000000	0.423713
chr1	52000000	52250000	0.963558
chr1	52250000	52500000	1.14392
chr1	52500000	52750000	1.10805
chr1	52750000	53000000	0.937199
chr1	53000000	53250000	0.733535
chr1	53250000	53500000	0.747407
chr1	53500000	53750000	0.703184
chr1	53750000	54000000	0.953615
chr1	54000000	54250000	0.847662
chr1	54250000	54500000	0.807175
chr1	54500000	54750000	1.04644
chr1	54750000	55000000	1.12081
chr1	55000000	55250000	1.05619
chr1	55250000	55500000	0.594014
chr1	55500000	55750000	0.498865
chr1	55750000	56000000	0.11517
chr1	56000000	56250000	-0.636961
chr1	56250000	56500000	-0.734763
chr1	56500000	56750000	-0.489503
chr1	56750000	57000000	-0.121187
chr1	57000000	57250000	-0.442222
chr1	57250000	57500000	0.0665237
chr1	57500000	57750000	-0.202411
chr1	57750000	58000000	0.0766747
chr1	58000000	58250000	0.441038
chr1	58250000	58500000	0.879688
chr1	58500000	58750000	1.07133
chr1	58750000	59000000	1.08266
chr1	59000000	59250000	0.973753
chr1	59250000	59500000	0.898796
chr1	59500000	59750000	0.967051
chr1	59750000	60000000	1.02477
chr1	60000000	60250000	1.01036
chr1	60250000	60500000	0.897889
chr1	60500000	60750000	0.838055
chr1	60750000	61000000	0.869636
chr1	61000000	61250000	0.311866
chr1	61250000	61500000	-0.0446864
chr1	61500000	61750000	0.0349878
chr1	61750000	62000000	0.20541
chr1	62000000	62250000	-0.00328508
chr1	62250000	62500000	-0.0505466
chr1	62500000	62750000	0.134662
chr1	62750000	63000000	0.296405
chr1	63000000	63250000	0.50365
chr1	63250000	63500000	-0.463016
chr1	63500000	63750000	-0.212985
chr1	63750000	64000000	0.0957039
chr1	64000000	64250000	0.530993
chr1	64250000	64500000	0.38645
chr1	64500000	64750000	0.692097
chr1	64750000	65000000	0.515563
chr1	65000000	65250000	0.293911
chr1	65250000	65500000	-0.398144
chr1	65500000	65750000	-0.80846
chr1	65750000	66000000	-0.769546
chr1	66000000	66250000	-0.261548
chr1	66250000	66500000	-0.321734
chr1	66500000	66750000	-0.205748
chr1	66750000	67000000	0.0984426
chr1	67000000	67250000	-0.461164
chr1	67250000	67500000	-0.804052
chr1	67500000	67750000	-0.807622
chr1	67750000	68000000	-0.823221
chr1	68000000	68250000	-0.803768
chr1	68250000	68500000	-0.801141
chr1	68500000	68750000	-0.79799
chr1	68750000	69000000	-0.829723
chr1	69000000	69250000	-0.699778
chr1	69250000	69500000	-0.798964
chr1	69500000	69750000	-0.652516
chr1	69750000	70000000	-0.705881
chr1	70000000	70250000	-0.787393
chr1	70250000	70500000	-0.600602
chr1	70500000	70750000	-0.732466
chr1	70750000	71000000	-0.440045
chr1	71000000	71250000	-0.0161988
chr1	71250000	71500000	-0.495649
chr1	71500000	71750000	-0.0597764
chr1	71750000	72000000	-0.067205
chr1	72000000	72250000	0.242599
chr1	72250000	72500000	0.227245
chr1	72500000	72750000	0.0175368
chr1	72750000	73000000	-0.351457
chr1	73000000	73250000	-0.896714
chr1	73250000	73500000	-0.890772
chr1	73500000	73750000	-0.61423
chr1	73750000	74000000	0.188577
chr1	74000000	74250000	0.86143
chr1	74250000	74500000	1.22997
chr1	74500000	74750000	1.2058
chr1	74750000	75000000	1.1013
chr1	75000000	75250000	1.14011
chr1	75250000	75500000	0.771641
chr1	75500000	75750000	-0.117922
chr1	75750000	76000000	-1.01374
chr1	76000000	76250000	-1.04599
chr1	76250000	76500000	-1.04004
chr1	76500000	76750000	-1.02781
chr1	76750000	77000000	-1.01839
chr1	77000000	77250000	-1.01858
chr1	77250000	77500000	-0.989909
chr1	77500000	77750000	-0.98195
chr1	77750000	78000000	-0.844946
chr1	78000000	78250000	-0.546033
chr1	78250000	78500000	-0.213625
chr1	78500000	78750000	0.0154926
chr1	78750000	79000000	-0.709491
chr1	79000000	79250000	-0.804173
chr1	79250000	79500000	-0.637786
chr1	79500000	79750000	0.0876016
chr1	79750000	80000000	-0.00445322
chr1	80000000	80250000	0.142209
chr1	80250000	80500000	0.862569
chr1	80500000	80750000	0.53111
chr1	80750000	81000000	0.00501726
chr1	81000000	81250000	-0.43338
chr1	81250000	81500000	-0.469146
chr1	81500000	81750000	-0.750178
chr1	81750000	82000000	-0.598826
chr1	82000000	82250000	-0.432974
chr1	82250000	82500000	-0.141251
chr1	82500000	82750000	-0.427157
chr1	82750000	83000000	0.151228
chr1	83000000	83250000	-0.752199
chr1	83250000	83500000	-1.18162
chr1	83500000	83750000	-1.04173
chr1	83750000	84000000	-1.07131
chr1	84000000	84250000	-0.946849
chr1	84250000	84500000	-0.912524
chr1	84500000	84750000	-0.737622
chr1	84750000	85000000	-0.143571
chr1	85000000	85250000	-1.00587
chr1	85250000	85500000	nan
chr1	85500000	85750000	0.66962
chr1	85750000	86000000	1.08759
chr1	86000000	86250000	1.07448
chr1	86250000	86500000	1.05398
chr1	86500000	86750000	0.951068
chr1	86750000	87000000	0.957646
chr1	87000000	87250000	0.921026
chr1	87250000	87500000	1.0606
chr1	87500000	87750000	1.07572
chr1	87750000	88000000	1.10063
chr1	88000000	88250000	0.304187
chr1	88250000	88500000	0.166169
chr1	88500000	88750000	0.673371
chr1	88750000	89000000	-0.207878
chr1	89000000	89250000	-0.00879721
chr1	89250000	89500000	-0.120147
chr1	89500000	89750000	0.131705
chr1	89750000	90000000	0.0490214
chr1	90000000	90250000	0.207432
chr1	90250000	90500000	-0.0292263
chr1	90500000	90750000	0.0679438
chr1	90750000	91000000	0.190853
chr1	91000000	91250000	0.950934
chr1	91250000	91500000	1.02335
chr1	91500000	91750000	0.523897
chr1	91750000	92000000	0.44251
chr1	92000000	92250000	0.750054
chr1	92250000	92500000	0.485222
chr1	92500000	92750000	0.525584
chr1	92750000	93000000	0.679116
chr1	93000000	93250000	0.69049
chr1	93250000	93500000	0.988546
chr1	93500000	93750000	0.934221
chr1	93750000	94000000	0.731508
chr1	94000000	94250000	0.228785
chr1	94250000	94500000	-0.0131955
chr1	94500000	94750000	-0.0624478
chr1	94750000	95000000	0.0242019
chr1	95000000	95250000	0.142056
chr1	95250000	95500000	0.461829
chr1	95500000	95750000	0.455666
chr1	95750000	96000000	-0.150818
chr1	96000000	96250000	-0.416705
chr1	96250000	96500000	-0.468203
chr1	96500000	96750000	-0.518871
chr1	96750000	97000000	-0.437331
chr1	97000000	97250000	-0.59739
chr1	97250000	97500000	-0.443843
chr1	97500000	97750000	0.171224
chr1	97750000	98000000	-0.330006
chr1	98000000	98250000	-0.534926
chr1	98250000	98500000	-0.747076
chr1	98500000	98750000	-0.804067
chr1	98750000	99000000	-0.883833
chr1	99000000	99250000	-0.854808
chr1	99250000	99500000	-0.846888
chr1	99500000	99750000	-0.807999
chr1	99750000	100000000	-0.67497
chr1	100000000	100250000	-0.468438
chr1	100250000	100500000	-0.815226
chr1	100500000	100750000	-0.838232
chr1	100750000	101000000	-0.889773
chr1	101000000	101250000	-0.885575
chr1	101250000	101500000	-0.892954
chr1	101500000	101750000	-0.882111
chr1	101750000	102000000	-0.850238
chr1	102000000	102250000	-0.878322
chr1	102250000	102500000	-0.928114
chr1	102500000	102750000	-0.873008
chr1	102750000	103000000	-0.940057
chr1	103000000	103250000	-0.960617
chr1	103250000	103500000	-0.976714
chr1	103500000	103750000	-0.94585
chr1	103750000	104000000	-0.928455
chr1	104000000	104250000	-0.997306
chr1	104250000	104500000	-0.998774
chr1	104500000	104750000	-1.0141
chr1	104750000	105000000	-0.856929
chr1	105000000	105250000	-0.549099
chr1	105250000	105500000	-0.351023
chr1	105500000	105750000	0.368555
chr1	105750000	106000000	0.941391
chr1	106000000	106250000	1.06658
chr1	106250000	106500000	0.844864
chr1	106500000	106750000	0.832768
chr1	106750000	107000000	0.0314664
chr1	107000000	107250000	-0.677792
chr1	107250000	107500000	-0.170383
chr1	107500000	107750000	-0.615356
chr1	107750000	108000000	-0.847868
chr1	108000000	108250000	-0.871839
chr1	108250000	108500000	-0.838537
chr1	108500000	108750000	-0.846843
chr1	108750000	109000000	-0.8376
chr1	109000000	109250000	-0.842555
chr1	109250000	109500000	-0.867857
chr1	109500000	109750000	-0.885106
chr1	109750000	110000000	-0.879061
chr1	110000000	110250000	-0.888702
chr1	110250000	110500000	-0.89972
chr1	110500000	110750000	-0.933108
chr1	110750000	111000000	-0.942313
chr1	111000000	111250000	-0.956286
chr1	111250000	111500000	-0.978344
chr1	111500000	111750000	-0.930529
chr1	111750000	112000000	-0.880565
chr1	112000000	112250000	-1.01437
chr1	112250000	112500000	-0.941262
chr1	112500000	112750000	-1.0172
chr1	112750000	113000000	-1.01841
chr1	113000000	113250000	-1.00815
chr1	113250000	113500000	-1.0153
chr1	113500000	113750000	-1.01616
chr1	113750000	114000000	-0.981616
chr1	114000000	114250000	-0.966919
chr1	114250000	114500000	-0.959406
chr1	114500000	114750000	-0.937023
chr1	114750000	115000000	-0.932564
chr1	115000000	115250000	-0.926079
chr1	115250000	115500000	-0.932659
chr1	115500000	115750000	-0.91398
chr1	115750000	116000000	-0.920472
chr1	116000000	116250000	-0.921827
chr1	116250000	116500000	-0.909667
chr1	116500000	116750000	-0.913509
chr1	116750000	117000000	-0.938564
chr1	117000000	117250000	-0.935856
chr1	117250000	117500000	-0.901152
chr1	117500000	117750000	-0.935215
chr1	117750000	118000000	-0.908932
chr1	118000000	118250000	-0.886268
chr1	118250000	118500000	0.396532
chr1	118500000	118750000	-0.0952577
chr1	118750000	119000000	-0.764408
chr1	119000000	119250000	-0.720698
chr1	119250000	119500000	-0.512814
chr1	119500000	119750000	0.443996
chr1	119750000	120000000	0.560325
chr1	120000000	120250000	0.744489
chr1	120250000	120500000	0.237539
chr1	120500000	120750000	-0.325242
chr1	120750000	121000000	-0.892406
chr1	121000000	121250000	-0.711097
chr1	121250000	121500000	-0.0736939
chr1	121500000	121750000	-0.507299
chr1	121750000	122000000	-0.962115
chr1	122000000	122250000	-0.91897
chr1	122250000	122500000	-0.88985
chr1	122500000	122750000	-0.912586
chr1	122750000	123000000	-0.866555
chr1	123000000	123250000	-0.874834
chr1	123250000	123500000	-0.856778
chr1	123500000	123750000	-0.863904
chr1	123750000	124000000	-0.895993
chr1	124000000	124250000	-0.911305
chr1	124250000	124500000	-0.954551
chr1	124500000	124750000	-0.924284
chr1	124750000	125000000	-0.962138
chr1	125000000	125250000	-0.855619
chr1	125250000	125500000	0.189671
chr1	125500000	125750000	-0.126019
chr1	125750000	126000000	-0.80003
chr1	126000000	126250000	-0.965641
chr1	126250000	126500000	-0.83326
chr1	126500000	126750000	-0.714169
chr1	126750000	127000000	-0.295983
chr1	127000000	127250000	0.207355
chr1	127250000	127500000	0.707498
chr1	127500000	127750000	0.914354
chr1	127750000	128000000	0.976526
chr1	128000000	128250000	1.00009
chr1	128250000	128500000	1.01094
chr1	128500000	128750000	1.05701
chr1	128750000	129000000	0.32887
chr1	129000000	129250000	-0.346804
chr1	129250000	129500000	-0.569009
chr1	129500000	129750000	-0.732328
chr1	129750000	130000000	-0.673615
chr1	130000000	130250000	-0.551906
chr1	130250000	130500000	0.267513
chr1	130500000	130750000	0.909094
chr1	130750000	131000000	1.04262
chr1	131000000	131250000	0.984119
chr1	131250000	131500000	0.938038
chr1	131500000	131750000	0.896902
chr1	131750000	132000000	0.859041
chr1	132000000	132250000	0.835001
chr1	132250000	132500000	0.791106
chr1	132500000	132750000	0.702729
chr1	132750000	133000000	0.669437
chr1	133000000	133250000	0.696513
chr1	133250000	133500000	0.663512
chr1	133500000	133750000	0.661584
chr1	133750000	134000000	0.642161
chr1	134000000	134250000	0.648929
chr1	134250000	134500000	0.674745
chr1	134500000	134750000	0.706402
chr1	134750000	135000000	0.720568
chr1	135000000	135250000	0.712258
chr1	135250000	135500000	0.738984
chr1	135500000	135750000	0.771667
chr1	135750000	136000000	0.823064
chr1	136000000	136250000	0.885441
chr1	136250000	136500000	0.92994
chr1	136500000	136750000	0.917718
chr1	136750000	137000000	0.604074
chr1	137000000	137250000	0.48798
chr1	137250000	137500000	0.600009
chr1	137500000	137750000	0.66483
chr1	137750000	138000000	0.823015
chr1	138000000	138250000	0.92018
chr1	138250000	138500000	0.98361
chr1	138500000	138750000	0.941948
chr1	138750000	139000000	0.941637
chr1	139000000	139250000	0.793718
chr1	139250000	139500000	0.322252
chr1	139500000	139750000	-0.801208
chr1	139750000	140000000	-1.0238
chr1	140000000	140250000	-1.02134
chr1	140250000	140500000	-0.978542
chr1	140500000	140750000	-0.896988
chr1	140750000	141000000	-0.933779
chr1	141000000	141250000	-0.920152
chr1	141250000	141500000	-0.790136
chr1	141500000	141750000	-0.712313
chr1	141750000	142000000	-0.645739
chr1	142000000	142250000	-0.647686
chr1	142250000	142500000	-0.581523
chr1	142500000	142750000	-0.336697
chr1	142750000	143000000	-0.264258
chr1	143000000	143250000	-0.40744
chr1	143250000	143500000	-0.423521
chr1	143500000	143750000	0.200893
chr1	143750000	144000000	0.747108
chr1	144000000	144250000	0.650983
chr1	144250000	144500000	0.314026
chr1	144500000	144750000	-0.020211
chr1	144750000	145000000	0.057582
chr1	145000000	145250000	-0.15497
chr1	145250000	145500000	-0.310452
chr1	145500000	145750000	-0.318311
chr1	145750000	146000000	-0.317589
chr1	146000000	146250000	-0.150098
chr1	146250000	146500000	-0.171265
chr1	146500000	146750000	-0.314611
chr1	146750000	147000000	-0.328608
chr1	147000000	147250000	-0.413638
chr1	147250000	147500000	-0.425213
chr1	147500000	147750000	-0.51038
chr1	147750000	148000000	-0.533753
chr1	148000000	148250000	-0.523184
chr1	148250000	148500000	-0.554321
chr1	148500000	148750000	-0.495205
chr1	148750000	149000000	-0.302088
chr1	149000000	149250000	-0.507219
chr1	149250000	149500000	-0.619668
chr1	149500000	149750000	-0.629193
chr1	149750000	150000000	-0.140487
chr1	150000000	150250000	-0.326424
chr1	150250000	150500000	0.181597
chr1	150500000	150750000	-0.17499
chr1	150750000	151000000	0.0046586
chr1	151000000	151250000	0.790554
chr1	151250000	151500000	1.00213
chr1	151500000	151750000	0.967116
chr1	151750000	152000000	0.830715
chr1	152000000	152250000	0.778643
chr1	152250000	152500000	0.800799
chr1	152500000	152750000	0.948968
chr1	152750000	153000000	0.908435
chr1	153000000	153250000	0.860081
chr1	153250000	153500000	0.91525
chr1	153500000	153750000	0.90555
chr1	153750000	154000000	0.769673
chr1	154000000	154250000	0.654408
chr1	154250000	154500000	0.522768
chr1	154500000	154750000	0.670116
chr1	154750000	155000000	0.827435
chr1	155000000	155250000	0.956419
chr1	155250000	155500000	0.921457
chr1	155500000	155750000	0.913477
chr1	155750000	156000000	1.01416
chr1	156000000	156250000	0.93955
chr1	156250000	156500000	0.967444
chr1	156500000	156750000	1.0217
chr1	156750000	157000000	0.98883
chr1	157000000	157250000	0.735445
chr1	157250000	157500000	0.519039
chr1	157500000	157750000	-0.500076
chr1	157750000	158000000	-1.21819
chr1	158000000	158250000	-1.15143
chr1	158250000	158500000	-1.17517
chr1	158500000	158750000	-0.927479
chr1	158750000	159000000	-0.947332
chr1	159000000	159250000	-0.439828
chr1	159250000	159500000	-0.0181947
chr1	159500000	159750000	-0.464487
chr1	159750000	160000000	0.21425
chr1	160000000	160250000	0.631181
chr1	160250000	160500000	0.762796
chr1	160500000	160750000	0.788642
chr1	160750000	161000000	1.03393
chr1	161000000	161250000	0.991761
chr1	161250000	161500000	0.987997
chr1	161500000	161750000	0.972965
chr1	161750000	162000000	0.926644
chr1	162000000	162250000	0.694291
chr1	162250000	162500000	0.519983
chr1	162500000	162750000	0.609892
chr1	162750000	163000000	-0.374186
chr1	163000000	163250000	-0.644016
chr1	163250000	163500000	-0.34409
chr1	163500000	163750000	-0.557717
chr1	163750000	164000000	0.270073
chr1	164000000	164250000	0.952826
chr1	164250000	164500000	0.906348
chr1	164500000	164750000	0.943603
chr1	164750000	165000000	0.930009
chr1	165000000	165250000	0.961554
chr1	165250000	165500000	1.03143
chr1	165500000	165750000	1.06694
chr1	165750000	166000000	1.05221
chr1	166000000	166250000	0.643275
chr1	166250000	166500000	0.23608
chr1	166500000	166750000	-0.656577
chr1	166750000	167000000	-0.168064
chr1	167000000	167250000	-0.313406
chr1	167250000	167500000	0.185822
chr1	167500000	167750000	-0.75449
chr1	167750000	168000000	-1.05454
chr1	168000000	168250000	-1.11031
chr1	168250000	168500000	-0.895279
chr1	168500000	168750000	-1.12289
chr1	168750000	169000000	-1.18201
chr1	169000000	169250000	-1.16324
chr1	169250000	169500000	-0.904245
chr1	169500000	169750000	-0.799741
chr1	169750000	170000000	-0.58905
chr1	170000000	170250000	0.126388
chr1	170250000	170500000	0.14994
chr1	170500000	170750000	0.599304
chr1	170750000	171000000	1.14297
chr1	171000000	171250000	1.12753
chr1	171250000	171500000	1.04898
chr1	171500000	171750000	1.0475
chr1	171750000	172000000	1.0114
chr1	172000000	172250000	0.992995
chr1	172250000	172500000	0.91287
chr1	172500000	172750000	0.356432
chr1	172750000	173000000	-0.465419
chr1	173000000	173250000	-0.532758
chr1	173250000	173500000	0.259757
chr1	173500000	173750000	0.744482
chr1	173750000	174000000	0.677205
chr1	174000000	174250000	0.37188
chr1	174250000	174500000	-0.106139
chr1	174500000	174750000	-0.264944
chr1	174750000	175000000	-0.872473
chr1	175000000	175250000	-0.890079
chr1	175250000	175500000	-0.56309
chr1	175500000	175750000	-0.0180604
chr1	175750000	176000000	-0.364262
chr1	176000000	176250000	-0.95288
chr1	176250000	176500000	-1.03741
chr1	176500000	176750000	-0.434576
chr1	176750000	177000000	0.570933
chr1	177000000	177250000	0.783617
chr1	177250000	177500000	0.995604
chr1	177500000	177750000	0.945985
chr1	177750000	178000000	0.61062
chr1	178000000	178250000	0.544386
chr1	178250000	178500000	0.819792
chr1	178500000	178750000	0.184546
chr1	178750000	179000000	0.121529
chr1	179000000	179250000	0.309176
chr1	179250000	179500000	0.562509
chr1	179500000	179750000	0.974265
chr1	179750000	180000000	0.985453
chr1	180000000	180250000	0.990965
chr1	180250000	180500000	1.00557
chr1	180500000	180750000	0.959628
chr1	180750000	181000000	0.949606
chr1	181000000	181250000	0.953146
chr1	181250000	181500000	0.876163
chr1	181500000	181750000	0.815653
chr1	181750000	182000000	0.94145
chr1	182000000	182250000	0.930392
chr1	182250000	182500000	0.997602
chr1	182500000	182750000	0.751123
chr1	182750000	183000000	0.734009
chr1	183000000	183250000	0.95665
chr1	183250000	183500000	0.890509
chr1	183500000	183750000	1.02327
chr1	183750000	184000000	1.18221
chr1	184000000	184250000	1.12461
chr1	184250000	184500000	1.04309
chr1	184500000	184750000	1.22829
chr1	184750000	185000000	0.772169
chr1	185000000	185250000	0.297352
chr1	185250000	185500000	0.450853
chr1	185500000	185750000	-1.08
chr1	185750000	186000000	-1.42033
chr1	186000000	186250000	-1.27274
chr1	186250000	186500000	-1.28588
chr1	186500000	186750000	-0.844631
chr1	186750000	187000000	-0.943602
chr1	187000000	187250000	-0.513179
chr1	187250000	187500000	-0.0541706
chr1	187500000	187750000	-0.615302
chr1	187750000	188000000	-0.961998
chr1	188000000	188250000	-1.04792
chr1	188250000	188500000	-1.17603
chr1	188500000	188750000	-1.20675
chr1	188750000	189000000	-0.849956
chr1	189000000	189250000	-0.583234
chr1	189250000	189500000	-1.15391
chr1	189500000	189750000	-0.10773
chr1	189750000	190000000	0.174489
chr1	190000000	190250000	-1.12194
chr1	190250000	190500000	-1.4838
chr1	190500000	190750000	-1.21452
chr1	190750000	191000000	0.354908
chr1	191000000	191250000	1.31883
chr1	191250000	191500000	1.39776
chr1	191500000	191750000	1.38356
chr1	191750000	192000000	1.28071
chr1	192000000	192250000	0.748529
chr1	192250000	192500000	-0.00940352
chr1	192500000	192750000	0.287222
chr1	192750000	193000000	0.753254
chr1	193000000	193250000	0.914604
chr1	193250000	193500000	0.385098
chr1	193500000	193750000	-0.584153
chr1	193750000	194000000	-1.34893
chr1	194000000	194250000	-1.44331
chr1	194250000	194500000	-1.45645
chr1	194500000	194750000	-0.982992
chr1	194750000	195000000	-0.0896144
chr1	195000000	195250000	0.7596
chr1	195250000	195471971	0.297626
#bedGraph section chr10:0-130694993
chr10	0	250000	nan
chr10	250000	500000	nan
chr10	500000	750000	nan
chr10	750000	1000000	nan
chr10	1000000	1250000	nan
chr10	1250000	1500000	nan
chr10	1500000	1750000	nan
chr10	1750000	2000000	nan
chr10	2000000	2250000	nan
chr10	2250000	2500000	nan
chr10	2500000	2750000	nan
chr10	2750000	3000000	nan
chr10	3000000	3250000	-0.923211
chr10	3250000	3500000	-0.836801
chr10	3500000	3750000	-0.357254
chr10	3750000	4000000	-0.248667
chr10	4000000	4250000	0.413553
chr10	4250000	4500000	0.703223
chr10	4500000	4750000	0.601682
chr10	4750000	5000000	0.487598
chr10	5000000	5250000	0.387416
chr10	5250000	5500000	-0.137779
chr10	5500000	5750000	-0.343473
chr10	5750000	6000000	-0.397091
chr10	6000000	6250000	-1.15184
chr10	6250000	6500000	-1.21639
chr10	6500000	6750000	-1.04346
chr10	6750000	7000000	-0.202474
chr10	7000000	7250000	0.284755
chr10	7250000	7500000	0.147538
chr10	7500000	7750000	0.923733
chr10	7750000	8000000	1.06287
chr10	8000000	8250000	0.864398
chr10	8250000	8500000	0.183804
chr10	8500000	8750000	0.0366938
chr10	8750000	9000000	0.509593
chr10	9000000	9250000	-0.525599
chr10	9250000	9500000	-0.832249
chr10	9500000	9750000	-0.581719
chr10	9750000	10000000	-0.0752873
chr10	10000000	10250000	-0.291875
chr10	10250000	10500000	-0.377355
chr10	10500000	10750000	-0.762213
chr10	10750000	11000000	-1.07676
chr10	11000000	11250000	-0.425593
chr10	11250000	11500000	-0.304514
chr10	11500000	11750000	-1.04766
chr10	11750000	12000000	-1.00668
chr10	12000000	12250000	-0.883883
chr10	12250000	12500000	-0.453865
chr10	12500000	12750000	0.141733
chr10	12750000	13000000	0.762046
chr10	13000000	13250000	0.551914
chr10	13250000	13500000	0.552461
chr10	13500000	13750000	0.519091
chr10	13750000	14000000	0.756786
chr10	14000000	14250000	0.713396
chr10	14250000	14500000	0.0931644
chr10	14500000	14750000	-0.2142
chr10	14750000	15000000	-0.559859
chr10	15000000	15250000	-0.433272
chr10	15250000	15500000	-0.0563577
chr10	15500000	15750000	-0.193811
chr10	15750000	16000000	-0.162033
chr10	16000000	16250000	-0.0567406
chr10	16250000	16500000	0.0767694
chr10	16500000	16750000	0.259523
chr10	16750000	17000000	0.376032
chr10	17000000	17250000	0.436746
chr10	17250000	17500000	0.4621
chr10	17500000	17750000	0.549759
chr10	17750000	18000000	0.594827
chr10	18000000	18250000	0.627918
chr10	18250000	18500000	0.475427
chr10	18500000	18750000	0.418087
chr10	18750000	19000000	0.698304
chr10	19000000	19250000	0.858964
chr10	19250000	19500000	0.709279
chr10	19500000	19750000	0.78153
chr10	19750000	20000000	0.827392
chr10	20000000	20250000	0.852518
chr10	20250000	20500000	0.80935
chr10	20500000	20750000	0.789406
chr10	20750000	21000000	0.815816
chr10	21000000	21250000	1.00681
chr10	21250000	21500000	0.786824
chr10	21500000	21750000	0.78395
chr10	21750000	22000000	0.762294
chr10	22000000	22250000	0.496836
chr10	22250000	22500000	0.525056
chr10	22500000	22750000	-0.271554
chr10	22750000	23000000	-0.809696
chr10	23000000	23250000	-0.869754
chr10	23250000	23500000	-1.16083
chr10	23500000	23750000	-1.00265
chr10	23750000	24000000	-0.401702
chr10	24000000	24250000	-0.189943
chr10	24250000	24500000	-0.694405
chr10	24500000	24750000	-0.199625
chr10	24750000	25000000	0.299933
chr10	25000000	25250000	0.13539
chr10	25250000	25500000	0.632972
chr10	25500000	25750000	-0.626076
chr10	25750000	26000000	-1.16415
chr10	26000000	26250000	-0.863918
chr10	26250000	26500000	-0.114636
chr10	26500000	26750000	-0.238358
chr10	26750000	27000000	0.000104535
chr10	27000000	27250000	-0.948476
chr10	27250000	27500000	-1.10922
chr10	27500000	27750000	-1.05628
chr10	27750000	28000000	-0.995158
chr10	28000000	28250000	-0.956512
chr10	28250000	28500000	-0.780673
chr10	28500000	28750000	-0.502198
chr10	28750000	29000000	-0.829175
chr10	29000000	29250000	-0.876716
chr10	29250000	29500000	-0.441157
chr10	29500000	29750000	-0.792496
chr10	29750000	30000000	-0.837806
chr10	30000000	30250000	-0.60394
chr10	30250000	30500000	-0.655711
chr10	30500000	30750000	0.0861709
chr10	30750000	31000000	-0.312961
chr10	31000000	31250000	-0.916412
chr10	31250000	31500000	-0.681622
chr10	31500000	31750000	-0.957694
chr10	31750000	32000000	-1.03612
chr10	32000000	32250000	-1.04221
chr10	32250000	32500000	-1.03022
chr10	32500000	32750000	-1.05334
chr10	32750000	33000000	-0.981891
chr10	33000000	33250000	-1.07744
chr10	33250000	33500000	-1.11513
chr10	33500000	33750000	-1.0915
chr10	33750000	34000000	-0.560759
chr10	34000000	34250000	0.564912
chr10	34250000	34500000	-0.120972
chr10	34500000	34750000	-0.981004
chr10	34750000	35000000	-1.09558
chr10	35000000	35250000	-1.06973
chr10	35250000	35500000	-1.03044
chr10	35500000	35750000	-1.03685
chr10	35750000	36000000	-1.01424
chr10	36000000	36250000	-1.05901
chr10	36250000	36500000	-1.00249
chr10	36500000	36750000	-0.883967
chr10	36750000	37000000	-0.518282
chr10	37000000	37250000	0.360614
chr10	37250000	37500000	0.540094
chr10	37500000	37750000	0.379467
chr10	37750000	38000000	0.253713
chr10	38000000	38250000	0.00115623
chr10	38250000	38500000	-0.374205
chr10	38500000	38750000	-0.447468
chr10	38750000	39000000	-0.237181
chr10	39000000	39250000	0.373701
chr10	39250000	39500000	0.821651
chr10	39500000	39750000	0.761891
chr10	39750000	40000000	0.78855
chr10	40000000	40250000	0.846653
chr10	40250000	40500000	0.900835
chr10	40500000	40750000	0.48426
chr10	40750000	41000000	0.41397
chr10	41000000	41250000	0.335486
chr10	41250000	41500000	0.715418
chr10	41500000	41750000	0.80975
chr10	41750000	42000000	0.78721
chr10	42000000	42250000	0.739429
chr10	42250000	42500000	0.743395
chr10	42500000	42750000	0.755082
chr10	42750000	43000000	0.835675
chr10	43000000	43250000	0.687752
chr10	43250000	43500000	0.792607
chr10	43500000	43750000	0.928702
chr10	43750000	44000000	0.977962
chr10	44000000	44250000	0.827928
chr10	44250000	44500000	0.876772
chr10	44500000	44750000	0.933781
chr10	44750000	45000000	0.645989
chr10	45000000	45250000	0.356172
chr10	45250000	45500000	-0.0127359
chr10	45500000	45750000	-0.0596314
chr10	45750000	46000000	-0.18871
chr10	46000000	46250000	-0.929102
chr10	46250000	46500000	-1.14049
chr10	46500000	46750000	-1.09807
chr10	46750000	47000000	-1.0642
chr10	47000000	47250000	-1.02607
chr10	47250000	47500000	-1.04075
chr10	47500000	47750000	-1.02319
chr10	47750000	48000000	-1.02791
chr10	48000000	48250000	-1.01093
chr10	48250000	48500000	-1.00405
chr10	48500000	48750000	-1.0278
chr10	48750000	49000000	-1.02592
chr10	49000000	49250000	-1.00192
chr10	49250000	49500000	-0.995375
chr10	49500000	49750000	-1.04943
chr10	49750000	50000000	-1.07128
chr10	50000000	50250000	-1.07666
chr10	50250000	50500000	-0.995616
chr10	50500000	50750000	-0.232688
chr10	50750000	51000000	-0.145482
chr10	51000000	51250000	-0.767147
chr10	51250000	51500000	-0.520537
chr10	51500000	51750000	-0.803795
chr10	51750000	52000000	-1.1277
chr10	52000000	52250000	-0.773562
chr10	52250000	52500000	-0.257702
chr10	52500000	52750000	-1.07313
chr10	52750000	53000000	-1.13218
chr10	53000000	53250000	-0.794472
chr10	53250000	53500000	0.0726277
chr10	53500000	53750000	0.122516
chr10	53750000	54000000	0.129422
chr10	54000000	54250000	0.412673
chr10	54250000	54500000	-0.152969
chr10	54500000	54750000	-0.437373
chr10	54750000	55000000	-0.556947
chr10	55000000	55250000	-0.564781
chr10	55250000	55500000	-0.638737
chr10	55500000	55750000	-0.67832
chr10	55750000	56000000	-0.554059
chr10	56000000	56250000	-0.124233
chr10	56250000	56500000	-0.452204
chr10	56500000	56750000	-0.752956
chr10	56750000	57000000	-0.691152
chr10	57000000	57250000	-0.620401
chr10	57250000	57500000	-0.57481
chr10	57500000	57750000	0.349876
chr10	57750000	58000000	0.159449
chr10	58000000	58250000	-0.904291
chr10	58250000	58500000	0.547671
chr10	58500000	58750000	-0.14559
chr10	58750000	59000000	-0.575344
chr10	59000000	59250000	0.0775103
chr10	59250000	59500000	0.66698
chr10	59500000	59750000	0.832946
chr10	59750000	60000000	0.896622
chr10	60000000	60250000	1.00246
chr10	60250000	60500000	0.849343
chr10	60500000	60750000	0.76578
chr10	60750000	61000000	0.648122
chr10	61000000	61250000	0.716146
chr10	61250000	61500000	0.741687
chr10	61500000	61750000	0.705645
chr10	61750000	62000000	0.418259
chr10	62000000	62250000	0.552319
chr10	62250000	62500000	0.842724
chr10	62500000	62750000	1.08796
chr10	62750000	63000000	1.11542
chr10	63000000	63250000	1.05088
chr10	63250000	63500000	0.413439
chr10	63500000	63750000	-1.01982
chr10	63750000	64000000	-1.39066
chr10	64000000	64250000	-1.15552
chr10	64250000	64500000	-1.27048
chr10	64500000	64750000	-1.18605
chr10	64750000	65000000	-1.09836
chr10	65000000	65250000	-1.11196
chr10	65250000	65500000	-1.09991
chr10	65500000	65750000	-1.08994
chr10	65750000	66000000	-1.06112
chr10	66000000	66250000	-1.04285
chr10	66250000	66500000	-1.10645
chr10	66500000	66750000	-1.03287
chr10	66750000	67000000	0.207596
chr10	67000000	67250000	0.76254
chr10	67250000	67500000	0.878347
chr10	67500000	67750000	1.10669
chr10	67750000	68000000	0.886786
chr10	68000000	68250000	0.893751
chr10	68250000	68500000	0.936182
chr10	68500000	68750000	0.774497
chr10	68750000	69000000	0.568868
chr10	69000000	69250000	0.302349
chr10	69250000	69500000	-0.0833138
chr10	69500000	69750000	-0.941509
chr10	69750000	70000000	-0.898342
chr10	70000000	70250000	-0.115465
chr10	70250000	70500000	-0.942966
chr10	70500000	70750000	-1.16031
chr10	70750000	71000000	-1.15665
chr10	71000000	71250000	-0.697859
chr10	71250000	71500000	-0.0970901
chr10	71500000	71750000	-1.08462
chr10	71750000	72000000	-1.11903
chr10	72000000	72250000	-1.0391
chr10	72250000	72500000	-0.794718
chr10	72500000	72750000	-0.761918
chr10	72750000	73000000	-1.03651
chr10	73000000	73250000	-1.0198
chr10	73250000	73500000	-1.14321
chr10	73500000	73750000	-1.18285
chr10	73750000	74000000	-1.195
chr10	74000000	74250000	-1.16519
chr10	74250000	74500000	-1.15696
chr10	74500000	74750000	-1.04149
chr10	74750000	75000000	-0.301712
chr10	75000000	75250000	0.81509
chr10	75250000	75500000	1.13614
chr10	75500000	75750000	1.06352
chr10	75750000	76000000	1.01885
chr10	76000000	76250000	0.822923
chr10	76250000	76500000	0.780165
chr10	76500000	76750000	0.487439
chr10	76750000	77000000	0.499601
chr10	77000000	77250000	0.525746
chr10	77250000	77500000	0.642608
chr10	77500000	77750000	0.75538
chr10	77750000	78000000	0.655768
chr10	78000000	78250000	0.856905
chr10	78250000	78500000	0.761814
chr10	78500000	78750000	0.132536
chr10	78750000	79000000	-0.442768
chr10	79000000	79250000	-0.324589
chr10	79250000	79500000	-0.231764
chr10	79500000	79750000	0.591931
chr10	79750000	80000000	0.748555
chr10	80000000	80250000	0.683897
chr10	80250000	80500000	0.627986
chr10	80500000	80750000	0.590696
chr10	80750000	81000000	0.600565
chr10	81000000	81250000	0.63433
chr10	81250000	81500000	0.711514
chr10	81500000	81750000	0.632949
chr10	81750000	82000000	nan
chr10	82000000	82250000	0.146556
chr10	82250000	82500000	-0.0393734
chr10	82500000	82750000	0.355219
chr10	82750000	83000000	0.745007
chr10	83000000	83250000	0.711795
chr10	83250000	83500000	0.642122
chr10	83500000	83750000	0.699042
chr10	83750000	84000000	0.692982
chr10	84000000	84250000	0.753357
chr10	84250000	84500000	0.749165
chr10	84500000	84750000	0.92553
chr10	84750000	85000000	0.904395
chr10	85000000	85250000	0.546393
chr10	85250000	85500000	-0.255906
chr10	85500000	85750000	-0.0840962
chr10	85750000	86000000	0.489929
chr10	86000000	86250000	-0.0716742
chr10	86250000	86500000	-0.185165
chr10	86500000	86750000	0.294539
chr10	86750000	87000000	0.126392
chr10	87000000	87250000	-0.307625
chr10	87250000	87500000	-0.874995
chr10	87500000	87750000	-0.651025
chr10	87750000	88000000	-0.655241
chr10	88000000	88250000	-0.0186883
chr10	88250000	88500000	0.262402
chr10	88500000	88750000	0.357771
chr10	88750000	89000000	-0.377898
chr10	89000000	89250000	-1.06962
chr10	89250000	89500000	-0.219022
chr10	89500000	89750000	0.00827351
chr10	89750000	90000000	-0.434143
chr10	90000000	90250000	-1.06001
chr10	90250000	90500000	-1.26197
chr10	90500000	90750000	-0.908311
chr10	90750000	91000000	-0.333286
chr10	91000000	91250000	0.355431
chr10	91250000	91500000	-0.769076
chr10	91500000	91750000	-1.10819
chr10	91750000	92000000	-1.13377
chr10	92000000	92250000	-1.12391
chr10	92250000	92500000	-1.09541
chr10	92500000	92750000	-0.758016
chr10	92750000	93000000	-0.809896
chr10	93000000	93250000	0.57388
chr10	93250000	93500000	0.942494
chr10	93500000	93750000	0.813489
chr10	93750000	94000000	0.942475
chr10	94000000	94250000	0.92812
chr10	94250000	94500000	0.817592
chr10	94500000	94750000	0.850879
chr10	94750000	95000000	0.901597
chr10	95000000	95250000	0.876829
chr10	95250000	95500000	0.893068
chr10	95500000	95750000	0.793054
chr10	95750000	96000000	0.758229
chr10	96000000	96250000	0.611018
chr10	96250000	96500000	0.706901
chr10	96500000	96750000	0.580507
chr10	96750000	97000000	0.36752
chr10	97000000	97250000	0.138731
chr10	97250000	97500000	-0.0797561
chr10	97500000	97750000	-0.439398
chr10	97750000	98000000	-0.615674
chr10	98000000	98250000	-0.630715
chr10	98250000	98500000	-0.463475
chr10	98500000	98750000	-0.0139235
chr10	98750000	99000000	0.376998
chr10	99000000	99250000	0.426415
chr10	99250000	99500000	0.687907
chr10	99500000	99750000	0.10257
chr10	99750000	100000000	-0.48472
chr10	100000000	100250000	-0.57419
chr10	100250000	100500000	-0.45639
chr10	100500000	100750000	-0.10743
chr10	100750000	101000000	-0.42559
chr10	101000000	101250000	-0.653632
chr10	101250000	101500000	-0.713844
chr10	101500000	101750000	-0.748492
chr10	101750000	102000000	-0.80694
chr10	102000000	102250000	-0.856886
chr10	102250000	102500000	-0.742382
chr10	102500000	102750000	-1.08723
chr10	102750000	103000000	-1.08258
chr10	103000000	103250000	-1.16266
chr10	103250000	103500000	-1.16313
chr10	103500000	103750000	-1.15599
chr10	103750000	104000000	-1.08553
chr10	104000000	104250000	-1.04272
chr10	104250000	104500000	-0.944781
chr10	104500000	104750000	-0.968717
chr10	104750000	105000000	-0.904472
chr10	105000000	105250000	-0.872369
chr10	105250000	105500000	-0.88654
chr10	105500000	105750000	-0.650532
chr10	105750000	106000000	-0.73867
chr10	106000000	106250000	-1.23135
chr10	106250000	106500000	-1.26794
chr10	106500000	106750000	-1.17145
chr10	106750000	107000000	-1.2234
chr10	107000000	107250000	-1.22201
chr10	107250000	107500000	-1.1281
chr10	107500000	107750000	-1.08749
chr10	107750000	108000000	-0.547558
chr10	108000000	108250000	0.112514
chr10	108250000	108500000	-0.616253
chr10	108500000	108750000	-1.0423
chr10	108750000	109000000	-1.01359
chr10	109000000	109250000	-1.06407
chr10	109250000	109500000	-1.09696
chr10	109500000	109750000	-1.11379
chr10	109750000	110000000	-1.0755
chr10	110000000	110250000	-1.19253
chr10	110250000	110500000	-1.1661
chr10	110500000	110750000	-0.848871
chr10	110750000	111000000	0.443149
chr10	111000000	111250000	0.987847
chr10	111250000	111500000	0.772176
chr10	111500000	111750000	0.402135
chr10	111750000	112000000	0.0581064
chr10	112000000	112250000	-0.355285
chr10	112250000	112500000	-1.07797
chr10	112500000	112750000	-1.10916
chr10	112750000	113000000	-0.706521
chr10	113000000	113250000	-0.903195
chr10	113250000	113500000	-1.00773
chr10	113500000	113750000	-0.979592
chr10	113750000	114000000	-1.04676
chr10	114000000	114250000	-1.03917
chr10	114250000	114500000	-1.10243
chr10	114500000	114750000	-1.17542
chr10	114750000	115000000	-1.21727
chr10	115000000	115250000	-0.726856
chr10	115250000	115500000	0.376717
chr10	115500000	115750000	-0.420643
chr10	115750000	116000000	-0.962013
chr10	116000000	116250000	-0.663948
chr10	116250000	116500000	0.0756881
chr10	116500000	116750000	0.734827
chr10	116750000	117000000	0.696961
chr10	117000000	117250000	1.01999
chr10	117250000	117500000	1.09143
chr10	117500000	117750000	1.05244
chr10	117750000	118000000	1.02465
chr10	118000000	118250000	0.93878
chr10	118250000	118500000	0.828846
chr10	118500000	118750000	0.783362
chr10	118750000	119000000	0.815992
chr10	119000000	119250000	0.508719
chr10	119250000	119500000	-0.0303116
chr10	119500000	119750000	-0.570035
chr10	119750000	120000000	-0.755315
chr10	120000000	120250000	0.241396
chr10	120250000	120500000	0.234671
chr10	120500000	120750000	0.345893
chr10	120750000	121000000	0.616175
chr10	121000000	121250000	0.224377
chr10	121250000	121500000	0.968997
chr10	121500000	121750000	0.759163
chr10	121750000	122000000	0.0567339
chr10	122000000	122250000	-0.32848
chr10	122250000	122500000	-0.85203
chr10	122500000	122750000	-0.230888
chr10	122750000	123000000	0.207949
chr10	123000000	123250000	0.287068
chr10	123250000	123500000	-0.569681
chr10	123500000	123750000	-0.745578
chr10	123750000	124000000	-0.744237
chr10	124000000	124250000	-0.693119
chr10	124250000	124500000	-0.627655
chr10	124500000	124750000	-0.638692
chr10	124750000	125000000	-0.622984
chr10	125000000	125250000	-0.541673
chr10	125250000	125500000	-0.188711
chr10	125500000	125750000	-0.468497
chr10	125750000	126000000	-0.49165
chr10	126000000	126250000	-0.551162
chr10	126250000	126500000	-0.0356214
chr10	126500000	126750000	-0.343258
chr10	126750000	127000000	0.29107
chr10	127000000	127250000	1.09421
chr10	127250000	127500000	1.04102
chr10	127500000	127750000	0.960126
chr10	127750000	128000000	0.815763
chr10	128000000	128250000	0.982555
chr10	128250000	128500000	1.06054
chr10	128500000	128750000	1.15631
chr10	128750000	129000000	0.696662
chr10	129000000	129250000	-0.761065
chr10	129250000	129500000	-1.05541
chr10	129500000	129750000	-1.09116
chr10	129750000	130000000	-1.03446
chr10	130000000	130250000	-0.792888
chr10	130250000	130500000	-0.1298
chr10	130500000	130694993	nan
#bedGraph section chr11:0-122082543
chr11	0	250000	nan
chr11	250000	500000	nan
chr11	500000	750000	nan
chr11	750000	1000000	nan
chr11	1000000	1250000	nan
chr11	1250000	1500000	nan
chr11	1500000	1750000	nan
chr11	1750000	2000000	nan
chr11	2000000	2250000	nan
chr11	2250000	2500000	nan
chr11	2500000	2750000	nan
chr11	2750000	3000000	nan
chr11	3000000	3250000	0.00904902
chr11	3250000	3500000	0.380064
chr11	3500000	3750000	0.331329
chr11	3750000	4000000	0.445878
chr11	4000000	4250000	0.76399
chr11	4250000	4500000	0.790917
chr11	4500000	4750000	0.929284
chr11	4750000	5000000	1.03331
chr11	5000000	5250000	1.12721
chr11	5250000	5500000	1.08272
chr11	5500000	5750000	1.10528
chr11	5750000	6000000	1.21635
chr11	6000000	6250000	1.14973
chr11	6250000	6500000	1.0554
chr11	6500000	6750000	-0.0251706
chr11	6750000	7000000	-1.43872
chr11	7000000	7250000	-1.4491
chr11	7250000	7500000	-1.59049
chr11	7500000	7750000	-1.61469
chr11	7750000	8000000	-1.58095
chr11	8000000	8250000	-1.52469
chr11	8250000	8500000	-1.05998
chr11	8500000	8750000	-0.297882
chr11	8750000	9000000	-0.790768
chr11	9000000	9250000	-1.05331
chr11	9250000	9500000	-1.0394
chr11	9500000	9750000	-1.1253
chr11	9750000	10000000	-1.04725
chr11	10000000	10250000	-0.975863
chr11	10250000	10500000	-0.914568
chr11	10500000	10750000	-1.00903
chr11	10750000	11000000	-1.111
chr11	11000000	11250000	-1.02761
chr11	11250000	11500000	-0.713588
chr11	11500000	11750000	0.118999
chr11	11750000	12000000	-0.373287
chr11	12000000	12250000	-1.1726
chr11	12250000	12500000	-1.25144
chr11	12500000	12750000	-1.23689
chr11	12750000	13000000	-1.17828
chr11	13000000	13250000	-1.1498
chr11	13250000	13500000	-1.09708
chr11	13500000	13750000	-1.02869
chr11	13750000	14000000	-0.958796
chr11	14000000	14250000	-0.860943
chr11	14250000	14500000	-0.927602
chr11	14500000	14750000	-0.986534
chr11	14750000	15000000	-0.972516
chr11	15000000	15250000	-1.0109
chr11	15250000	15500000	-0.968156
chr11	15500000	15750000	-1.01881
chr11	15750000	16000000	-1.05192
chr11	16000000	16250000	-1.08911
chr11	16250000	16500000	-0.926028
chr11	16500000	16750000	-0.228067
chr11	16750000	17000000	-0.155118
chr11	17000000	17250000	-0.161304
chr11	17250000	17500000	-0.85656
chr11	17500000	17750000	-1.07754
chr11	17750000	18000000	-0.868358
chr11	18000000	18250000	-0.978535
chr11	18250000	18500000	-1.05321
chr11	18500000	18750000	-1.03437
chr11	18750000	19000000	-0.693603
chr11	19000000	19250000	-0.944489
chr11	19250000	19500000	-1.11687
chr11	19500000	19750000	-1.03155
chr11	19750000	20000000	-0.202014
chr11	20000000	20250000	0.233641
chr11	20250000	20500000	0.373828
chr11	20500000	20750000	0.523567
chr11	20750000	21000000	0.361646
chr11	21000000	21250000	0.517778
chr11	21250000	21500000	0.382839
chr11	21500000	21750000	0.0834302
chr11	21750000	22000000	-0.135958
chr11	22000000	22250000	-0.0215028
chr11	22250000	22500000	-0.025142
chr11	22500000	22750000	0.374337
chr11	22750000	23000000	0.64285
chr11	23000000	23250000	0.567881
chr11	23250000	23500000	0.733115
chr11	23500000	23750000	0.548963
chr11	23750000	24000000	0.455385
chr11	24000000	24250000	0.136238
chr11	24250000	24500000	0.0655361
chr11	24500000	24750000	-0.216149
chr11	24750000	25000000	-0.321014
chr11	25000000	25250000	-0.336778
chr11	25250000	25500000	-0.525798
chr11	25500000	25750000	-0.761183
chr11	25750000	26000000	-0.592334
chr11	26000000	26250000	-0.430802
chr11	26250000	26500000	-0.290244
chr11	26500000	26750000	-0.222984
chr11	26750000	27000000	-0.688564
chr11	27000000	27250000	-1.13435
chr11	27250000	27500000	-1.25075
chr11	27500000	27750000	-1.22644
chr11	27750000	28000000	-1.21756
chr11	28000000	28250000	-1.27313
chr11	28250000	28500000	-1.2325
chr11	28500000	28750000	-1.18527
chr11	28750000	29000000	-1.19561
chr11	29000000	29250000	-0.619529
chr11	29250000	29500000	-0.45678
chr11	29500000	29750000	-0.0626785
chr11	29750000	30000000	-0.328062
chr11	30000000	30250000	-0.178023
chr11	30250000	30500000	-0.84143
chr11	30500000	30750000	-0.584062
chr11	30750000	31000000	-0.241184
chr11	31000000	31250000	-0.707769
chr11	31250000	31500000	-1.07752
chr11	31500000	31750000	-0.627398
chr11	31750000	32000000	0.104172
chr11	32000000	32250000	0.261582
chr11	32250000	32500000	0.315701
chr11	32500000	32750000	0.333772
chr11	32750000	33000000	-0.622685
chr11	33000000	33250000	-0.500002
chr11	33250000	33500000	-0.98132
chr11	33500000	33750000	-0.866953
chr11	33750000	34000000	-0.571022
chr11	34000000	34250000	-0.0162601
chr11	34250000	34500000	-0.38165
chr11	34500000	34750000	0.135687
chr11	34750000	35000000	-0.355026
chr11	35000000	35250000	-0.752938
chr11	35250000	35500000	-1.03712
chr11	35500000	35750000	-1.01934
chr11	35750000	36000000	-0.837912
chr11	36000000	36250000	-1.34037
chr11	36250000	36500000	-1.38553
chr11	36500000	36750000	-1.26441
chr11	36750000	37000000	-1.23342
chr11	37000000	37250000	-1.12294
chr11	37250000	37500000	-1.12742
chr11	37500000	37750000	-1.09084
chr11	37750000	38000000	-1.08317
chr11	38000000	38250000	-1.06411
chr11	38250000	38500000	-1.09602
chr11	38500000	38750000	-1.04881
chr11	38750000	39000000	-1.08816
chr11	39000000	39250000	-1.11528
chr11	39250000	39500000	-1.11678
chr11	39500000	39750000	-1.1394
chr11	39750000	40000000	-1.17267
chr11	40000000	40250000	-1.20616
chr11	40250000	40500000	-1.28466
chr11	40500000	40750000	-0.968754
chr11	40750000	41000000	-0.889347
chr11	41000000	41250000	-1.10252
chr11	41250000	41500000	-1.01244
chr11	41500000	41750000	-0.997806
chr11	41750000	42000000	-0.919931
chr11	42000000	42250000	-0.949241
chr11	42250000	42500000	-0.913024
chr11	42500000	42750000	-0.970061
chr11	42750000	43000000	-0.926351
chr11	43000000	43250000	-0.761407
chr11	43250000	43500000	-0.378258
chr11	43500000	43750000	-0.206067
chr11	43750000	44000000	-0.396871
chr11	44000000	44250000	-0.417952
chr11	44250000	44500000	0.0679597
chr11	44500000	44750000	0.270143
chr11	44750000	45000000	0.000979992
chr11	45000000	45250000	0.244039
chr11	45250000	45500000	0.237894
chr11	45500000	45750000	0.223188
chr11	45750000	46000000	0.397873
chr11	46000000	46250000	0.464311
chr11	46250000	46500000	0.422208
chr11	46500000	46750000	-0.0220947
chr11	46750000	47000000	-0.7317
chr11	47000000	47250000	-0.946813
chr11	47250000	47500000	-0.983699
chr11	47500000	47750000	-1.06555
chr11	47750000	48000000	-1.15783
chr11	48000000	48250000	-1.18883
chr11	48250000	48500000	-1.30502
chr11	48500000	48750000	-1.08107
chr11	48750000	49000000	0.158122
chr11	49000000	49250000	0.173652
chr11	49250000	49500000	-0.464654
chr11	49500000	49750000	-0.0701751
chr11	49750000	50000000	0.510722
chr11	50000000	50250000	0.772859
chr11	50250000	50500000	0.656029
chr11	50500000	50750000	0.0455838
chr11	50750000	51000000	0.192127
chr11	51000000	51250000	-0.105679
chr11	51250000	51500000	0.12285
chr11	51500000	51750000	0.653677
chr11	51750000	52000000	0.892132
chr11	52000000	52250000	0.807464
chr11	52250000	52500000	0.45618
chr11	52500000	52750000	-0.258484
chr11	52750000	53000000	-0.271494
chr11	53000000	53250000	0.124266
chr11	53250000	53500000	0.785156
chr11	53500000	53750000	0.896391
chr11	53750000	54000000	0.87233
chr11	54000000	54250000	0.725013
chr11	54250000	54500000	0.782193
chr11	54500000	54750000	0.726824
chr11	54750000	55000000	0.749415
chr11	55000000	55250000	0.50047
chr11	55250000	55500000	-0.132875
chr11	55500000	55750000	-1.21913
chr11	55750000	56000000	-1.49765
chr11	56000000	56250000	-1.26706
chr11	56250000	56500000	-1.45085
chr11	56500000	56750000	-1.46913
chr11	56750000	57000000	-1.50739
chr11	57000000	57250000	-1.42669
chr11	57250000	57500000	-1.11049
chr11	57500000	57750000	-0.0745858
chr11	57750000	58000000	0.338764
chr11	58000000	58250000	0.631104
chr11	58250000	58500000	0.332668
chr11	58500000	58750000	0.0982357
chr11	58750000	59000000	0.563448
chr11	59000000	59250000	0.700188
chr11	59250000	59500000	0.685108
chr11	59500000	59750000	0.734404
chr11	59750000	60000000	0.819299
chr11	60000000	60250000	0.810172
chr11	60250000	60500000	0.810979
chr11	60500000	60750000	0.796259
chr11	60750000	61000000	0.817992
chr11	61000000	61250000	0.785931
chr11	61250000	61500000	0.757247
chr11	61500000	61750000	0.833626
chr11	61750000	62000000	0.811805
chr11	62000000	62250000	0.703553
chr11	62250000	62500000	0.771686
chr11	62500000	62750000	0.523501
chr11	62750000	63000000	-0.286869
chr11	63000000	63250000	-0.91799
chr11	63250000	63500000	-1.27703
chr11	63500000	63750000	-1.30002
chr11	63750000	64000000	-0.764828
chr11	64000000	64250000	-0.680592
chr11	64250000	64500000	-1.10731
chr11	64500000	64750000	-1.1319
chr11	64750000	65000000	-0.996579
chr11	65000000	65250000	-1.25724
chr11	65250000	65500000	-1.45013
chr11	65500000	65750000	-1.03152
chr11	65750000	66000000	-0.915072
chr11	66000000	66250000	-1.38044
chr11	66250000	66500000	-1.45484
chr11	66500000	66750000	-1.53874
chr11	66750000	67000000	-1.17916
chr11	67000000	67250000	-0.735555
chr11	67250000	67500000	-0.589831
chr11	67500000	67750000	0.096071
chr11	67750000	68000000	0.0409735
chr11	68000000	68250000	0.32652
chr11	68250000	68500000	0.459479
chr11	68500000	68750000	0.694811
chr11	68750000	69000000	0.886984
chr11	69000000	69250000	0.958346
chr11	69250000	69500000	0.897214
chr11	69500000	69750000	0.825575
chr11	69750000	70000000	0.845461
chr11	70000000	70250000	0.832287
chr11	70250000	70500000	0.844194
chr11	70500000	70750000	0.851853
chr11	70750000	71000000	0.823036
chr11	71000000	71250000	0.371017
chr11	71250000	71500000	-0.0145891
chr11	71500000	71750000	-0.165571
chr11	71750000	72000000	0.0283087
chr11	72000000	72250000	0.426523
chr11	72250000	72500000	0.710293
chr11	72500000	72750000	0.741027
chr11	72750000	73000000	0.669867
chr11	73000000	73250000	0.169582
chr11	73250000	73500000	-0.79371
chr11	73500000	73750000	-1.11825
chr11	73750000	74000000	-1.08255
chr11	74000000	74250000	-1.00239
chr11	74250000	74500000	-0.396122
chr11	74500000	74750000	0.35495
chr11	74750000	75000000	0.760262
chr11	75000000	75250000	0.806417
chr11	75250000	75500000	0.86602
chr11	75500000	75750000	0.83692
chr11	75750000	76000000	0.730101
chr11	76000000	76250000	0.70651
chr11	76250000	76500000	0.65394
chr11	76500000	76750000	0.640903
chr11	76750000	77000000	0.628574
chr11	77000000	77250000	0.531733
chr11	77250000	77500000	0.487994
chr11	77500000	77750000	0.623095
chr11	77750000	78000000	0.675956
chr11	78000000	78250000	0.726613
chr11	78250000	78500000	0.723034
chr11	78500000	78750000	0.688964
chr11	78750000	79000000	0.631413
chr11	79000000	79250000	0.650147
chr11	79250000	79500000	0.672751
chr11	79500000	79750000	0.713701
chr11	79750000	80000000	0.729438
chr11	80000000	80250000	0.833688
chr11	80250000	80500000	0.777014
chr11	80500000	80750000	0.48759
chr11	80750000	81000000	-0.160128
chr11	81000000	81250000	-0.832198
chr11	81250000	81500000	-0.917056
chr11	81500000	81750000	-0.424344
chr11	81750000	82000000	-0.0742722
chr11	82000000	82250000	-0.0366365
chr11	82250000	82500000	0.12223
chr11	82500000	82750000	0.309424
chr11	82750000	83000000	0.678938
chr11	83000000	83250000	0.77921
chr11	83250000	83500000	0.791367
chr11	83500000	83750000	0.780231
chr11	83750000	84000000	0.771863
chr11	84000000	84250000	0.715512
chr11	84250000	84500000	0.600987
chr11	84500000	84750000	0.516528
chr11	84750000	85000000	0.639271
chr11	85000000	85250000	0.696357
chr11	85250000	85500000	0.590772
chr11	85500000	85750000	0.455325
chr11	85750000	86000000	0.497073
chr11	86000000	86250000	0.565928
chr11	86250000	86500000	0.712116
chr11	86500000	86750000	0.731458
chr11	86750000	87000000	0.745073
chr11	87000000	87250000	0.769138
chr11	87250000	87500000	0.817746
chr11	87500000	87750000	0.880617
chr11	87750000	88000000	0.812112
chr11	88000000	88250000	0.786346
chr11	88250000	88500000	0.541838
chr11	88500000	88750000	0.658935
chr11	88750000	89000000	0.562852
chr11	89000000	89250000	-0.218995
chr11	89250000	89500000	-1.21166
chr11	89500000	89750000	-1.60786
chr11	89750000	90000000	-1.38668
chr11	90000000	90250000	-0.858495
chr11	90250000	90500000	-0.918978
chr11	90500000	90750000	-1.09125
chr11	90750000	91000000	-1.61331
chr11	91000000	91250000	-1.65128
chr11	91250000	91500000	-1.54009
chr11	91500000	91750000	-1.49508
chr11	91750000	92000000	-1.47336
chr11	92000000	92250000	-1.48816
chr11	92250000	92500000	-1.519
chr11	92500000	92750000	-1.51985
chr11	92750000	93000000	-1.5897
chr11	93000000	93250000	-1.66427
chr11	93250000	93500000	-1.74703
chr11	93500000	93750000	-1.72549
chr11	93750000	94000000	-0.544455
chr11	94000000	94250000	0.639828
chr11	94250000	94500000	0.856281
chr11	94500000	94750000	0.93373
chr11	94750000	95000000	0.729467
chr11	95000000	95250000	0.821122
chr11	95250000	95500000	0.878587
chr11	95500000	95750000	0.77824
chr11	95750000	96000000	0.775034
chr11	96000000	96250000	0.707152
chr11	96250000	96500000	0.682479
chr11	96500000	96750000	0.688577
chr11	96750000	97000000	0.76036
chr11	97000000	97250000	0.76031
chr11	97250000	97500000	0.745655
chr11	97500000	97750000	0.690516
chr11	97750000	98000000	0.695103
chr11	98000000	98250000	0.713232
chr11	98250000	98500000	0.705966
chr11	98500000	98750000	0.717077
chr11	98750000	99000000	0.756946
chr11	99000000	99250000	0.676203
chr11	99250000	99500000	0.172169
chr11	99500000	99750000	-0.480352
chr11	99750000	100000000	-0.66274
chr11	100000000	100250000	-0.306073
chr11	100250000	100500000	0.55207
chr11	100500000	100750000	0.787882
chr11	100750000	101000000	0.770667
chr11	101000000	101250000	0.813195
chr11	101250000	101500000	0.839105
chr11	101500000	101750000	0.813487
chr11	101750000	102000000	0.797206
chr11	102000000	102250000	0.793158
chr11	102250000	102500000	0.781246
chr11	102500000	102750000	0.718832
chr11	102750000	103000000	0.747448
chr11	103000000	103250000	0.771593
chr11	103250000	103500000	0.717185
chr11	103500000	103750000	0.586447
chr11	103750000	104000000	0.587668
chr11	104000000	104250000	0.55395
chr11	104250000	104500000	0.596648
chr11	104500000	104750000	0.548986
chr11	104750000	105000000	0.208004
chr11	105000000	105250000	0.388784
chr11	105250000	105500000	0.341536
chr11	105500000	105750000	0.303957
chr11	105750000	106000000	0.384026
chr11	106000000	106250000	0.740791
chr11	106250000	106500000	0.816718
chr11	106500000	106750000	0.819986
chr11	106750000	107000000	0.87345
chr11	107000000	107250000	0.876131
chr11	107250000	107500000	0.667689
chr11	107500000	107750000	0.533513
chr11	107750000	108000000	0.0407468
chr11	108000000	108250000	0.156763
chr11	108250000	108500000	0.137132
chr11	108500000	108750000	-0.426535
chr11	108750000	109000000	-0.462876
chr11	109000000	109250000	-0.255884
chr11	109250000	109500000	0.435859
chr11	109500000	109750000	0.0683583
chr11	109750000	110000000	-0.600165
chr11	110000000	110250000	-1.02242
chr11	110250000	110500000	-0.133541
chr11	110500000	110750000	-1.04176
chr11	110750000	111000000	-0.907625
chr11	111000000	111250000	-1.10342
chr11	111250000	111500000	-1.4331
chr11	111500000	111750000	-1.13002
chr11	111750000	112000000	-1.03759
chr11	112000000	112250000	-1.32625
chr11	112250000	112500000	-1.72103
chr11	112500000	112750000	-1.77532
chr11	112750000	113000000	-1.43046
chr11	113000000	113250000	-0.720216
chr11	113250000	113500000	-0.547265
chr11	113500000	113750000	0.109489
chr11	113750000	114000000	0.126337
chr11	114000000	114250000	0.323491
chr11	114250000	114500000	0.325043
chr11	114500000	114750000	0.563523
chr11	114750000	115000000	0.881184
chr11	115000000	115250000	0.975664
chr11	115250000	115500000	1.02422
chr11	115500000	115750000	0.911506
chr11	115750000	116000000	0.865642
chr11	116000000	116250000	0.805126
chr11	116250000	116500000	0.756312
chr11	116500000	116750000	0.720229
chr11	116750000	117000000	0.700331
chr11	117000000	117250000	0.679058
chr11	117250000	117500000	0.675966
chr11	117500000	117750000	0.657584
chr11	117750000	118000000	0.690277
chr11	118000000	118250000	0.651693
chr11	118250000	118500000	0.650654
chr11	118500000	118750000	0.397726
chr11	118750000	119000000	0.40691
chr11	119000000	119250000	0.713145
chr11	119250000	119500000	0.702089
chr11	119500000	119750000	0.642938
chr11	119750000	120000000	0.640997
chr11	120000000	120250000	0.724779
chr11	120250000	120500000	0.746329
chr11	120500000	120750000	0.700748
chr11	120750000	121000000	0.714035
chr11	121000000	121250000	0.678883
chr11	121250000	121500000	0.615177
chr11	121500000	121750000	0.525634
chr11	121750000	122000000	0.299574
chr11	122000000	122082543	nan
#bedGraph section chr12:0-120129022
chr12	0	250000	nan
chr12	250000	500000	nan
chr12	500000	750000	nan
chr12	750000	1000000	nan
chr12	1000000	1250000	nan
chr12	1250000	1500000	nan
chr12	1500000	1750000	nan
chr12	1750000	2000000	nan
chr12	2000000	2250000	nan
chr12	2250000	2500000	nan
chr12	2500000	2750000	nan
chr12	2750000	3000000	nan
chr12	3000000	3250000	-0.346341
chr12	3250000	3500000	0.411274
chr12	3500000	3750000	0.827288
chr12	3750000	4000000	1.03824
chr12	4000000	4250000	1.01702
chr12	4250000	4500000	1.09313
chr12	4500000	4750000	1.0465
chr12	4750000	5000000	0.922825
chr12	5000000	5250000	-0.667225
chr12	5250000	5500000	-1.21924
chr12	5500000	5750000	-1.33894
chr12	5750000	6000000	-1.34226
chr12	6000000	6250000	-1.29204
chr12	6250000	6500000	-1.24222
chr12	6500000	6750000	-1.25596
chr12	6750000	7000000	-1.21569
chr12	7000000	7250000	-1.25908
chr12	7250000	7500000	-1.31255
chr12	7500000	7750000	-1.29793
chr12	7750000	8000000	-1.15022
chr12	8000000	8250000	-0.578755
chr12	8250000	8500000	0.306691
chr12	8500000	8750000	0.870049
chr12	8750000	9000000	0.972707
chr12	9000000	9250000	-0.175376
chr12	9250000	9500000	-0.770827
chr12	9500000	9750000	-0.655416
chr12	9750000	10000000	-0.795568
chr12	10000000	10250000	-0.745215
chr12	10250000	10500000	-0.461942
chr12	10500000	10750000	-0.692679
chr12	10750000	11000000	-0.938039
chr12	11000000	11250000	-0.288203
chr12	11250000	11500000	-0.0937747
chr12	11500000	11750000	-0.794162
chr12	11750000	12000000	-0.717051
chr12	12000000	12250000	-0.101684
chr12	12250000	12500000	0.314224
chr12	12500000	12750000	0.213326
chr12	12750000	13000000	-0.112471
chr12	13000000	13250000	-0.259227
chr12	13250000	13500000	0.23608
chr12	13500000	13750000	-0.443648
chr12	13750000	14000000	-0.783552
chr12	14000000	14250000	-0.817569
chr12	14250000	14500000	-0.833782
chr12	14500000	14750000	-0.80197
chr12	14750000	15000000	-0.78347
chr12	15000000	15250000	-0.746326
chr12	15250000	15500000	-0.542951
chr12	15500000	15750000	0.244419
chr12	15750000	16000000	0.637022
chr12	16000000	16250000	0.737761
chr12	16250000	16500000	0.703564
chr12	16500000	16750000	0.632886
chr12	16750000	17000000	0.933019
chr12	17000000	17250000	0.326586
chr12	17250000	17500000	0.552264
chr12	17500000	17750000	0.027447
chr12	17750000	18000000	-0.543668
chr12	18000000	18250000	-1.16335
chr12	18250000	18500000	-1.24943
chr12	18500000	18750000	-0.91534
chr12	18750000	19000000	nan
chr12	19000000	19250000	-1.22898
chr12	19250000	19500000	nan
chr12	19500000	19750000	-1.2419
chr12	19750000	20000000	-1.31385
chr12	20000000	20250000	-0.909683
chr12	20250000	20500000	-1.26777
chr12	20500000	20750000	-1.20337
chr12	20750000	21000000	-0.772495
chr12	21000000	21250000	0.132473
chr12	21250000	21500000	0.41846
chr12	21500000	21750000	-0.762075
chr12	21750000	22000000	nan
chr12	22000000	22250000	nan
chr12	22250000	22500000	nan
chr12	22500000	22750000	nan
chr12	22750000	23000000	nan
chr12	23000000	23250000	nan
chr12	23250000	23500000	nan
chr12	23500000	23750000	nan
chr12	23750000	24000000	nan
chr12	24000000	24250000	nan
chr12	24250000	24500000	-0.828121
chr12	24500000	24750000	0.493983
chr12	24750000	25000000	0.491171
chr12	25000000	25250000	0.940674
chr12	25250000	25500000	0.954243
chr12	25500000	25750000	0.512023
chr12	25750000	26000000	0.442884
chr12	26000000	26250000	0.380415
chr12	26250000	26500000	0.361202
chr12	26500000	26750000	-0.672225
chr12	26750000	27000000	-1.06989
chr12	27000000	27250000	-1.03279
chr12	27250000	27500000	-1.01893
chr12	27500000	27750000	-1.09839
chr12	27750000	28000000	-1.13627
chr12	28000000	28250000	-1.15872
chr12	28250000	28500000	-0.978548
chr12	28500000	28750000	-0.0695471
chr12	28750000	29000000	-0.367736
chr12	29000000	29250000	-1.02166
chr12	29250000	29500000	-1.03528
chr12	29500000	29750000	-1.17031
chr12	29750000	30000000	-1.04153
chr12	30000000	30250000	-1.06493
chr12	30250000	30500000	-1.07617
chr12	30500000	30750000	-0.821973
chr12	30750000	31000000	-0.763783
chr12	31000000	31250000	-0.875399
chr12	31250000	31500000	0.0393434
chr12	31500000	31750000	0.843942
chr12	31750000	32000000	0.900966
chr12	32000000	32250000	1.05532
chr12	32250000	32500000	0.816094
chr12	32500000	32750000	0.723548
chr12	32750000	33000000	0.869748
chr12	33000000	33250000	0.855182
chr12	33250000	33500000	0.631345
chr12	33500000	33750000	0.022697
chr12	33750000	34000000	0.0134566
chr12	34000000	34250000	0.205422
chr12	34250000	34500000	0.465286
chr12	34500000	34750000	0.683097
chr12	34750000	35000000	0.731997
chr12	35000000	35250000	0.665625
chr12	35250000	35500000	0.4789
chr12	35500000	35750000	0.748365
chr12	35750000	36000000	0.681146
chr12	36000000	36250000	0.626708
chr12	36250000	36500000	0.391979
chr12	36500000	36750000	0.11795
chr12	36750000	37000000	0.103557
chr12	37000000	37250000	-0.130874
chr12	37250000	37500000	-0.268485
chr12	37500000	37750000	-0.503706
chr12	37750000	38000000	-0.590025
chr12	38000000	38250000	-0.313129
chr12	38250000	38500000	-0.30475
chr12	38500000	38750000	-0.185389
chr12	38750000	39000000	0.195402
chr12	39000000	39250000	-0.213804
chr12	39250000	39500000	-0.25057
chr12	39500000	39750000	-0.0217667
chr12	39750000	40000000	0.00374867
chr12	40000000	40250000	0.416922
chr12	40250000	40500000	0.482425
chr12	40500000	40750000	0.31578
chr12	40750000	41000000	0.265484
chr12	41000000	41250000	0.448032
chr12	41250000	41500000	0.214135
chr12	41500000	41750000	0.152925
chr12	41750000	42000000	0.127877
chr12	42000000	42250000	-0.168548
chr12	42250000	42500000	-0.276992
chr12	42500000	42750000	-0.395581
chr12	42750000	43000000	-0.475157
chr12	43000000	43250000	-0.472447
chr12	43250000	43500000	-0.486709
chr12	43500000	43750000	-0.518467
chr12	43750000	44000000	-0.510752
chr12	44000000	44250000	-0.0131301
chr12	44250000	44500000	-0.0850007
chr12	44500000	44750000	-0.632446
chr12	44750000	45000000	-0.927691
chr12	45000000	45250000	-0.912482
chr12	45250000	45500000	-1.01065
chr12	45500000	45750000	-1.11225
chr12	45750000	46000000	-1.09386
chr12	46000000	46250000	-1.07259
chr12	46250000	46500000	-1.02818
chr12	46500000	46750000	-1.00127
chr12	46750000	47000000	-0.993736
chr12	47000000	47250000	-1.00376
chr12	47250000	47500000	-1.01783
chr12	47500000	47750000	-1.04914
chr12	47750000	48000000	-1.04487
chr12	48000000	48250000	-1.06783
chr12	48250000	48500000	-1.10685
chr12	48500000	48750000	-1.08325
chr12	48750000	49000000	-1.12907
chr12	49000000	49250000	-1.1418
chr12	49250000	49500000	-1.00059
chr12	49500000	49750000	-1.11076
chr12	49750000	50000000	-1.11841
chr12	50000000	50250000	-1.09401
chr12	50250000	50500000	-1.13042
chr12	50500000	50750000	-1.18148
chr12	50750000	51000000	-1.13812
chr12	51000000	51250000	-1.15539
chr12	51250000	51500000	-0.298711
chr12	51500000	51750000	0.395839
chr12	51750000	52000000	0.97431
chr12	52000000	52250000	0.239138
chr12	52250000	52500000	0.153159
chr12	52500000	52750000	0.511683
chr12	52750000	53000000	0.184927
chr12	53000000	53250000	-0.368564
chr12	53250000	53500000	-0.516852
chr12	53500000	53750000	-0.669308
chr12	53750000	54000000	-0.518707
chr12	54000000	54250000	0.322705
chr12	54250000	54500000	0.727861
chr12	54500000	54750000	0.678305
chr12	54750000	55000000	1.11632
chr12	55000000	55250000	1.11313
chr12	55250000	55500000	1.08596
chr12	55500000	55750000	0.980232
chr12	55750000	56000000	0.269936
chr12	56000000	56250000	-0.656455
chr12	56250000	56500000	-0.188805
chr12	56500000	56750000	-0.414468
chr12	56750000	57000000	-0.984457
chr12	57000000	57250000	-0.417121
chr12	57250000	57500000	-0.32257
chr12	57500000	57750000	-0.528426
chr12	57750000	58000000	-0.655993
chr12	58000000	58250000	-0.60093
chr12	58250000	58500000	-0.753515
chr12	58500000	58750000	-0.746345
chr12	58750000	59000000	-0.277866
chr12	59000000	59250000	0.489066
chr12	59250000	59500000	-0.785393
chr12	59500000	59750000	-0.977205
chr12	59750000	60000000	-0.949861
chr12	60000000	60250000	-0.956111
chr12	60250000	60500000	-0.906762
chr12	60500000	60750000	-0.840761
chr12	60750000	61000000	-0.899415
chr12	61000000	61250000	-0.908127
chr12	61250000	61500000	-0.905557
chr12	61500000	61750000	-0.893419
chr12	61750000	62000000	-0.879875
chr12	62000000	62250000	-0.870061
chr12	62250000	62500000	-0.88075
chr12	62500000	62750000	-0.914815
chr12	62750000	63000000	-0.913324
chr12	63000000	63250000	-0.947104
chr12	63250000	63500000	-0.916358
chr12	63500000	63750000	-0.947377
chr12	63750000	64000000	-0.965202
chr12	64000000	64250000	-0.981795
chr12	64250000	64500000	-1.03919
chr12	64500000	64750000	-1.04736
chr12	64750000	65000000	-0.375795
chr12	65000000	65250000	0.111095
chr12	65250000	65500000	-0.984103
chr12	65500000	65750000	-1.00118
chr12	65750000	66000000	-1.04471
chr12	66000000	66250000	-1.05039
chr12	66250000	66500000	-1.06909
chr12	66500000	66750000	-1.00407
chr12	66750000	67000000	-1.07353
chr12	67000000	67250000	-1.00747
chr12	67250000	67500000	-1.04668
chr12	67500000	67750000	-1.08104
chr12	67750000	68000000	-1.09211
chr12	68000000	68250000	-1.10292
chr12	68250000	68500000	-1.12789
chr12	68500000	68750000	-1.17861
chr12	68750000	69000000	-0.957756
chr12	69000000	69250000	0.122455
chr12	69250000	69500000	1.07613
chr12	69500000	69750000	1.09516
chr12	69750000	70000000	1.0734
chr12	70000000	70250000	0.989686
chr12	70250000	70500000	0.787095
chr12	70500000	70750000	0.7692
chr12	70750000	71000000	0.9257
chr12	71000000	71250000	0.722654
chr12	71250000	71500000	-0.357843
chr12	71500000	71750000	-0.551078
chr12	71750000	72000000	-0.054593
chr12	72000000	72250000	-0.222708
chr12	72250000	72500000	-0.169686
chr12	72500000	72750000	-0.0327719
chr12	72750000	73000000	0.349651
chr12	73000000	73250000	0.590837
chr12	73250000	73500000	0.359835
chr12	73500000	73750000	0.515735
chr12	73750000	74000000	0.726375
chr12	74000000	74250000	-0.525805
chr12	74250000	74500000	-0.615576
chr12	74500000	74750000	-0.984993
chr12	74750000	75000000	-0.861495
chr12	75000000	75250000	-0.714234
chr12	75250000	75500000	-0.0220168
chr12	75500000	75750000	0.817313
chr12	75750000	76000000	0.8703
chr12	76000000	76250000	0.886529
chr12	76250000	76500000	0.979373
chr12	76500000	76750000	0.874903
chr12	76750000	77000000	0.808918
chr12	77000000	77250000	0.734437
chr12	77250000	77500000	0.729105
chr12	77500000	77750000	0.62909
chr12	77750000	78000000	0.551772
chr12	78000000	78250000	0.550637
chr12	78250000	78500000	0.564911
chr12	78500000	78750000	0.553908
chr12	78750000	79000000	0.670556
chr12	79000000	79250000	0.709738
chr12	79250000	79500000	0.629794
chr12	79500000	79750000	0.632705
chr12	79750000	80000000	0.628083
chr12	80000000	80250000	0.633072
chr12	80250000	80500000	0.695448
chr12	80500000	80750000	0.668474
chr12	80750000	81000000	0.687093
chr12	81000000	81250000	0.425728
chr12	81250000	81500000	0.403613
chr12	81500000	81750000	0.64409
chr12	81750000	82000000	0.658971
chr12	82000000	82250000	0.657111
chr12	82250000	82500000	0.595731
chr12	82500000	82750000	0.188871
chr12	82750000	83000000	0.0770559
chr12	83000000	83250000	0.23676
chr12	83250000	83500000	0.28115
chr12	83500000	83750000	0.746075
chr12	83750000	84000000	0.749207
chr12	84000000	84250000	0.725703
chr12	84250000	84500000	0.722653
chr12	84500000	84750000	0.696455
chr12	84750000	85000000	0.696922
chr12	85000000	85250000	0.719796
chr12	85250000	85500000	0.75129
chr12	85500000	85750000	0.785534
chr12	85750000	86000000	0.838879
chr12	86000000	86250000	0.785489
chr12	86250000	86500000	0.724335
chr12	86500000	86750000	0.784629
chr12	86750000	87000000	1.05823
chr12	87000000	87250000	0.982115
chr12	87250000	87500000	0.653811
chr12	87500000	87750000	-0.886243
chr12	87750000	88000000	-1.21725
chr12	88000000	88250000	-1.14932
chr12	88250000	88500000	-0.535635
chr12	88500000	88750000	-1.12224
chr12	88750000	89000000	-1.22902
chr12	89000000	89250000	-1.25213
chr12	89250000	89500000	-1.03221
chr12	89500000	89750000	-1.14697
chr12	89750000	90000000	-1.22326
chr12	90000000	90250000	-1.18448
chr12	90250000	90500000	-1.10399
chr12	90500000	90750000	-0.700007
chr12	90750000	91000000	-0.749521
chr12	91000000	91250000	-0.130769
chr12	91250000	91500000	-0.0778817
chr12	91500000	91750000	0.41596
chr12	91750000	92000000	-0.115393
chr12	92000000	92250000	-0.79563
chr12	92250000	92500000	-0.373052
chr12	92500000	92750000	-0.136402
chr12	92750000	93000000	0.151779
chr12	93000000	93250000	-0.159791
chr12	93250000	93500000	-0.407343
chr12	93500000	93750000	-0.555862
chr12	93750000	94000000	-0.724616
chr12	94000000	94250000	-0.721512
chr12	94250000	94500000	-0.768662
chr12	94500000	94750000	-0.780612
chr12	94750000	95000000	-0.833668
chr12	95000000	95250000	-0.810485
chr12	95250000	95500000	-0.865165
chr12	95500000	95750000	-0.719035
chr12	95750000	96000000	-0.820439
chr12	96000000	96250000	-0.886848
chr12	96250000	96500000	-0.934655
chr12	96500000	96750000	-0.977554
chr12	96750000	97000000	-1.03395
chr12	97000000	97250000	-0.984336
chr12	97250000	97500000	-1.08729
chr12	97500000	97750000	-1.19174
chr12	97750000	98000000	-1.11917
chr12	98000000	98250000	-0.627186
chr12	98250000	98500000	0.324851
chr12	98500000	98750000	0.759905
chr12	98750000	99000000	0.98271
chr12	99000000	99250000	0.850131
chr12	99250000	99500000	0.880553
chr12	99500000	99750000	0.862276
chr12	99750000	100000000	0.882978
chr12	100000000	100250000	0.92615
chr12	100250000	100500000	0.93814
chr12	100500000	100750000	0.932628
chr12	100750000	101000000	0.908204
chr12	101000000	101250000	0.253464
chr12	101250000	101500000	-0.625562
chr12	101500000	101750000	-0.493216
chr12	101750000	102000000	0.470642
chr12	102000000	102250000	0.860607
chr12	102250000	102500000	0.983596
chr12	102500000	102750000	0.955476
chr12	102750000	103000000	0.589036
chr12	103000000	103250000	0.28806
chr12	103250000	103500000	0.66499
chr12	103500000	103750000	-0.660035
chr12	103750000	104000000	-1.17656
chr12	104000000	104250000	-0.153814
chr12	104250000	104500000	-0.204478
chr12	104500000	104750000	-0.197593
chr12	104750000	105000000	0.430871
chr12	105000000	105250000	-0.000831617
chr12	105250000	105500000	-0.408816
chr12	105500000	105750000	0.571152
chr12	105750000	106000000	0.398816
chr12	106000000	106250000	-0.456812
chr12	106250000	106500000	-1.34116
chr12	106500000	106750000	-1.5333
chr12	106750000	107000000	-1.43962
chr12	107000000	107250000	-1.49032
chr12	107250000	107500000	-1.507
chr12	107500000	107750000	-1.51147
chr12	107750000	108000000	-1.20101
chr12	108000000	108250000	0.218012
chr12	108250000	108500000	0.723877
chr12	108500000	108750000	0.910107
chr12	108750000	109000000	0.70737
chr12	109000000	109250000	0.425458
chr12	109250000	109500000	0.298054
chr12	109500000	109750000	-0.0436224
chr12	109750000	110000000	-0.354744
chr12	110000000	110250000	-0.246112
chr12	110250000	110500000	0.371436
chr12	110500000	110750000	0.902676
chr12	110750000	111000000	0.959154
chr12	111000000	111250000	0.94087
chr12	111250000	111500000	0.818794
chr12	111500000	111750000	0.786836
chr12	111750000	112000000	0.751374
chr12	112000000	112250000	0.627937
chr12	112250000	112500000	0.573632
chr12	112500000	112750000	0.664351
chr12	112750000	113000000	0.706177
chr12	113000000	113250000	0.693841
chr12	113250000	113500000	0.629398
chr12	113500000	113750000	0.59432
chr12	113750000	114000000	0.58154
chr12	114000000	114250000	0.570209
chr12	114250000	114500000	0.599111
chr12	114500000	114750000	0.588648
chr12	114750000	115000000	0.587373
chr12	115000000	115250000	0.661319
chr12	115250000	115500000	0.601456
chr12	115500000	115750000	0.52665
chr12	115750000	116000000	0.568234
chr12	116000000	116250000	0.714644
chr12	116250000	116500000	0.798714
chr12	116500000	116750000	0.137996
chr12	116750000	117000000	-0.29163
chr12	117000000	117250000	0.0439969
chr12	117250000	117500000	0.508018
chr12	117500000	117750000	0.783566
chr12	117750000	118000000	0.49076
chr12	118000000	118250000	0.347484
chr12	118250000	118500000	0.524492
chr12	118500000	118750000	-0.10837
chr12	118750000	119000000	-0.0908027
chr12	119000000	119250000	0.162347
chr12	119250000	119500000	-0.323001
chr12	119500000	119750000	-0.853488
chr12	119750000	120000000	-0.640424
chr12	120000000	120129022	nan
#bedGraph section chr13:0-120421639
chr13	0	250000	nan
chr13	250000	500000	nan
chr13	500000	750000	nan
chr13	750000	1000000	nan
chr13	1000000	1250000	nan
chr13	1250000	1500000	nan
chr13	1500000	1750000	nan
chr13	1750000	2000000	nan
chr13	2000000	2250000	nan
chr13	2250000	2500000	nan
chr13	2500000	2750000	nan
chr13	2750000	3000000	nan
chr13	3000000	3250000	-1.31214
chr13	3250000	3500000	-0.588775
chr13	3500000	3750000	0.177157
chr13	3750000	4000000	0.0651859
chr13	4000000	4250000	-0.824125
chr13	4250000	4500000	-0.990082
chr13	4500000	4750000	-0.610003
chr13	4750000	5000000	-0.555
chr13	5000000	5250000	-0.495412
chr13	5250000	5500000	-0.263994
chr13	5500000	5750000	0.0163143
chr13	5750000	6000000	0.281995
chr13	6000000	6250000	-0.179209
chr13	6250000	6500000	-0.335406
chr13	6500000	6750000	0.109282
chr13	6750000	7000000	-0.480017
chr13	7000000	7250000	-0.753346
chr13	7250000	7500000	-0.858347
chr13	7500000	7750000	-0.915485
chr13	7750000	8000000	-0.937056
chr13	8000000	8250000	-0.955182
chr13	8250000	8500000	-0.94767
chr13	8500000	8750000	-0.911977
chr13	8750000	9000000	0.251707
chr13	9000000	9250000	0.550458
chr13	9250000	9500000	0.518371
chr13	9500000	9750000	0.345372
chr13	9750000	10000000	0.083044
chr13	10000000	10250000	0.0467403
chr13	10250000	10500000	-0.454854
chr13	10500000	10750000	-1.08133
chr13	10750000	11000000	-1.1819
chr13	11000000	11250000	-1.24724
chr13	11250000	11500000	-1.24407
chr13	11500000	11750000	-1.12329
chr13	11750000	12000000	-0.64822
chr13	12000000	12250000	-0.136145
chr13	12250000	12500000	0.391675
chr13	12500000	12750000	0.520461
chr13	12750000	13000000	-1.16737
chr13	13000000	13250000	-1.21935
chr13	13250000	13500000	-0.15796
chr13	13500000	13750000	0.653511
chr13	13750000	14000000	0.21778
chr13	14000000	14250000	0.370907
chr13	14250000	14500000	-1.05169
chr13	14500000	14750000	-0.726475
chr13	14750000	15000000	-1.30896
chr13	15000000	15250000	-1.35968
chr13	15250000	15500000	-1.30833
chr13	15500000	15750000	-1.1843
chr13	15750000	16000000	-0.814314
chr13	16000000	16250000	-0.229327
chr13	16250000	16500000	-0.0502705
chr13	16500000	16750000	-0.261181
chr13	16750000	17000000	-0.370558
chr13	17000000	17250000	-0.247305
chr13	17250000	17500000	-0.281531
chr13	17500000	17750000	0.169694
chr13	17750000	18000000	0.601313
chr13	18000000	18250000	-0.647691
chr13	18250000	18500000	-1.03199
chr13	18500000	18750000	-0.614294
chr13	18750000	19000000	-0.260779
chr13	19000000	19250000	-0.251072
chr13	19250000	19500000	0.311369
chr13	19500000	19750000	0.120479
chr13	19750000	20000000	0.499953
chr13	20000000	20250000	0.882333
chr13	20250000	20500000	0.539781
chr13	20500000	20750000	-0.0483705
chr13	20750000	21000000	-0.326647
chr13	21000000	21250000	0.198063
chr13	21250000	21500000	0.51883
chr13	21500000	21750000	0.330535
chr13	21750000	22000000	0.615355
chr13	22000000	22250000	-0.258181
chr13	22250000	22500000	-0.956891
chr13	22500000	22750000	-1.00726
chr13	22750000	23000000	-1.0171
chr13	23000000	23250000	-0.913143
chr13	23250000	23500000	0.123307
chr13	23500000	23750000	0.765575
chr13	23750000	24000000	0.978135
chr13	24000000	24250000	1.0083
chr13	24250000	24500000	1.02564
chr13	24500000	24750000	1.01677
chr13	24750000	25000000	0.837873
chr13	25000000	25250000	-0.508678
chr13	25250000	25500000	-1.39805
chr13	25500000	25750000	-1.19222
chr13	25750000	26000000	-1.24783
chr13	26000000	26250000	-1.18862
chr13	26250000	26500000	-1.17669
chr13	26500000	26750000	-1.0771
chr13	26750000	27000000	-1.02022
chr13	27000000	27250000	-1.03345
chr13	27250000	27500000	-1.01162
chr13	27500000	27750000	-0.96495
chr13	27750000	28000000	-0.718373
chr13	28000000	28250000	-0.372168
chr13	28250000	28500000	0.00947154
chr13	28500000	28750000	0.424152
chr13	28750000	29000000	0.509471
chr13	29000000	29250000	0.218971
chr13	29250000	29500000	0.332145
chr13	29500000	29750000	0.530212
chr13	29750000	30000000	0.622014
chr13	30000000	30250000	0.486485
chr13	30250000	30500000	0.226347
chr13	30500000	30750000	0.810065
chr13	30750000	31000000	0.793
chr13	31000000	31250000	0.377447
chr13	31250000	31500000	0.166153
chr13	31500000	31750000	0.344675
chr13	31750000	32000000	0.410845
chr13	32000000	32250000	0.511037
chr13	32250000	32500000	0.598878
chr13	32500000	32750000	0.546481
chr13	32750000	33000000	0.52648
chr13	33000000	33250000	-0.171005
chr13	33250000	33500000	-1.00114
chr13	33500000	33750000	-1.12753
chr13	33750000	34000000	-0.350733
chr13	34000000	34250000	0.652082
chr13	34250000	34500000	0.417579
chr13	34500000	34750000	0.614379
chr13	34750000	35000000	0.664168
chr13	35000000	35250000	0.653927
chr13	35250000	35500000	0.579161
chr13	35500000	35750000	0.609581
chr13	35750000	36000000	0.673563
chr13	36000000	36250000	0.733851
chr13	36250000	36500000	0.625304
chr13	36500000	36750000	0.542116
chr13	36750000	37000000	0.551885
chr13	37000000	37250000	0.562149
chr13	37250000	37500000	0.721279
chr13	37500000	37750000	0.850932
chr13	37750000	38000000	0.874048
chr13	38000000	38250000	0.681975
chr13	38250000	38500000	0.372873
chr13	38500000	38750000	0.117756
chr13	38750000	39000000	-0.825823
chr13	39000000	39250000	-1.47116
chr13	39250000	39500000	-1.50129
chr13	39500000	39750000	-1.43701
chr13	39750000	40000000	-1.45681
chr13	40000000	40250000	-1.49059
chr13	40250000	40500000	-1.45674
chr13	40500000	40750000	-1.01863
chr13	40750000	41000000	-0.184312
chr13	41000000	41250000	0.428826
chr13	41250000	41500000	0.706212
chr13	41500000	41750000	0.761595
chr13	41750000	42000000	0.808116
chr13	42000000	42250000	0.719714
chr13	42250000	42500000	0.485292
chr13	42500000	42750000	0.366301
chr13	42750000	43000000	0.435837
chr13	43000000	43250000	0.66565
chr13	43250000	43500000	0.794664
chr13	43500000	43750000	0.695326
chr13	43750000	44000000	0.632887
chr13	44000000	44250000	0.609052
chr13	44250000	44500000	0.592675
chr13	44500000	44750000	0.6155
chr13	44750000	45000000	0.652367
chr13	45000000	45250000	0.688558
chr13	45250000	45500000	0.709301
chr13	45500000	45750000	0.678269
chr13	45750000	46000000	0.754225
chr13	46000000	46250000	0.685706
chr13	46250000	46500000	0.650431
chr13	46500000	46750000	0.742829
chr13	46750000	47000000	0.63885
chr13	47000000	47250000	0.180097
chr13	47250000	47500000	-0.835539
chr13	47500000	47750000	-1.34855
chr13	47750000	48000000	-1.41462
chr13	48000000	48250000	-1.29566
chr13	48250000	48500000	-0.757588
chr13	48500000	48750000	0.568298
chr13	48750000	49000000	0.858197
chr13	49000000	49250000	0.85261
chr13	49250000	49500000	0.736436
chr13	49500000	49750000	0.388868
chr13	49750000	50000000	-0.481448
chr13	50000000	50250000	-0.788636
chr13	50250000	50500000	-0.652675
chr13	50500000	50750000	-0.88977
chr13	50750000	51000000	-0.135274
chr13	51000000	51250000	0.550619
chr13	51250000	51500000	0.584623
chr13	51500000	51750000	0.555311
chr13	51750000	52000000	0.678547
chr13	52000000	52250000	0.628837
chr13	52250000	52500000	0.668621
chr13	52500000	52750000	0.651944
chr13	52750000	53000000	0.685011
chr13	53000000	53250000	0.511002
chr13	53250000	53500000	0.413246
chr13	53500000	53750000	-0.0258373
chr13	53750000	54000000	0.114253
chr13	54000000	54250000	0.607469
chr13	54250000	54500000	0.717335
chr13	54500000	54750000	0.681879
chr13	54750000	55000000	0.635738
chr13	55000000	55250000	0.662175
chr13	55250000	55500000	0.621909
chr13	55500000	55750000	0.772223
chr13	55750000	56000000	0.609746
chr13	56000000	56250000	0.744949
chr13	56250000	56500000	0.32986
chr13	56500000	56750000	0.336878
chr13	56750000	57000000	-0.838608
chr13	57000000	57250000	-1.28333
chr13	57250000	57500000	-1.23803
chr13	57500000	57750000	-1.38814
chr13	57750000	58000000	-1.00815
chr13	58000000	58250000	0.44361
chr13	58250000	58500000	0.753305
chr13	58500000	58750000	-0.0920518
chr13	58750000	59000000	-0.945056
chr13	59000000	59250000	-0.948481
chr13	59250000	59500000	-0.386288
chr13	59500000	59750000	0.695804
chr13	59750000	60000000	-0.152635
chr13	60000000	60250000	-1.16903
chr13	60250000	60500000	-1.10947
chr13	60500000	60750000	-0.793463
chr13	60750000	61000000	-1.03044
chr13	61000000	61250000	-1.33138
chr13	61250000	61500000	-1.31978
chr13	61500000	61750000	-1.23839
chr13	61750000	62000000	-0.902936
chr13	62000000	62250000	-0.780002
chr13	62250000	62500000	-0.769137
chr13	62500000	62750000	-0.0997096
chr13	62750000	63000000	0.347421
chr13	63000000	63250000	0.616794
chr13	63250000	63500000	0.756129
chr13	63500000	63750000	0.898013
chr13	63750000	64000000	0.853543
chr13	64000000	64250000	0.674397
chr13	64250000	64500000	-0.119904
chr13	64500000	64750000	-1.23006
chr13	64750000	65000000	-1.13943
chr13	65000000	65250000	-0.60924
chr13	65250000	65500000	-0.673822
chr13	65500000	65750000	nan
chr13	65750000	66000000	nan
chr13	66000000	66250000	nan
chr13	66250000	66500000	nan
chr13	66500000	66750000	nan
chr13	66750000	67000000	-0.466478
chr13	67000000	67250000	0.0145795
chr13	67250000	67500000	0.364025
chr13	67500000	67750000	0.251982
chr13	67750000	68000000	-0.272135
chr13	68000000	68250000	-1.18504
chr13	68250000	68500000	-1.20094
chr13	68500000	68750000	-0.836965
chr13	68750000	69000000	-1.0051
chr13	69000000	69250000	-1.13396
chr13	69250000	69500000	-0.869273
chr13	69500000	69750000	-0.220378
chr13	69750000	70000000	-0.856834
chr13	70000000	70250000	-1.21216
chr13	70250000	70500000	-1.20758
chr13	70500000	70750000	-0.747964
chr13	70750000	71000000	-1.0638
chr13	71000000	71250000	-1.14322
chr13	71250000	71500000	-1.21062
chr13	71500000	71750000	-1.19144
chr13	71750000	72000000	-1.15161
chr13	72000000	72250000	-1.21337
chr13	72250000	72500000	-1.26147
chr13	72500000	72750000	-1.1784
chr13	72750000	73000000	-1.28588
chr13	73000000	73250000	-1.08775
chr13	73250000	73500000	0.222111
chr13	73500000	73750000	0.733725
chr13	73750000	74000000	0.897642
chr13	74000000	74250000	0.899427
chr13	74250000	74500000	0.712814
chr13	74500000	74750000	0.420212
chr13	74750000	75000000	-0.266185
chr13	75000000	75250000	-0.638834
chr13	75250000	75500000	-0.470396
chr13	75500000	75750000	0.00312735
chr13	75750000	76000000	0.205063
chr13	76000000	76250000	0.295959
chr13	76250000	76500000	-0.36134
chr13	76500000	76750000	-0.54535
chr13	76750000	77000000	-0.583071
chr13	77000000	77250000	-0.126852
chr13	77250000	77500000	-0.837691
chr13	77500000	77750000	-0.438963
chr13	77750000	78000000	-0.00663322
chr13	78000000	78250000	-0.255454
chr13	78250000	78500000	-0.910221
chr13	78500000	78750000	-1.00279
chr13	78750000	79000000	-1.02546
chr13	79000000	79250000	-0.960798
chr13	79250000	79500000	-0.982212
chr13	79500000	79750000	-1.03147
chr13	79750000	80000000	-1.10465
chr13	80000000	80250000	-1.13196
chr13	80250000	80500000	-1.17915
chr13	80500000	80750000	-1.13768
chr13	80750000	81000000	-0.380605
chr13	81000000	81250000	-0.68472
chr13	81250000	81500000	-0.758745
chr13	81500000	81750000	-0.421041
chr13	81750000	82000000	-0.205365
chr13	82000000	82250000	-0.137314
chr13	82250000	82500000	0.139536
chr13	82500000	82750000	0.36365
chr13	82750000	83000000	0.527835
chr13	83000000	83250000	0.542629
chr13	83250000	83500000	0.44426
chr13	83500000	83750000	0.275645
chr13	83750000	84000000	-0.507195
chr13	84000000	84250000	-0.346
chr13	84250000	84500000	-0.296757
chr13	84500000	84750000	-0.645682
chr13	84750000	85000000	-0.668371
chr13	85000000	85250000	-0.344873
chr13	85250000	85500000	0.066037
chr13	85500000	85750000	-0.305766
chr13	85750000	86000000	-0.595545
chr13	86000000	86250000	-0.548789
chr13	86250000	86500000	-0.694125
chr13	86500000	86750000	-0.708265
chr13	86750000	87000000	-0.756795
chr13	87000000	87250000	-0.767802
chr13	87250000	87500000	-0.784702
chr13	87500000	87750000	-0.77147
chr13	87750000	88000000	-0.717817
chr13	88000000	88250000	-0.704086
chr13	88250000	88500000	-0.717974
chr13	88500000	88750000	-0.625106
chr13	88750000	89000000	-0.459971
chr13	89000000	89250000	-0.448948
chr13	89250000	89500000	-0.28368
chr13	89500000	89750000	-0.279336
chr13	89750000	90000000	-0.294395
chr13	90000000	90250000	-0.374929
chr13	90250000	90500000	-1.00217
chr13	90500000	90750000	-1.01611
chr13	90750000	91000000	-0.182046
chr13	91000000	91250000	0.588356
chr13	91250000	91500000	0.618791
chr13	91500000	91750000	0.65207
chr13	91750000	92000000	0.445213
chr13	92000000	92250000	0.29599
chr13	92250000	92500000	0.687805
chr13	92500000	92750000	0.787429
chr13	92750000	93000000	0.732255
chr13	93000000	93250000	0.801204
chr13	93250000	93500000	0.76237
chr13	93500000	93750000	0.594309
chr13	93750000	94000000	0.608817
chr13	94000000	94250000	0.583519
chr13	94250000	94500000	0.706231
chr13	94500000	94750000	0.494818
chr13	94750000	95000000	0.582782
chr13	95000000	95250000	0.409997
chr13	95250000	95500000	0.657467
chr13	95500000	95750000	0.736709
chr13	95750000	96000000	0.603172
chr13	96000000	96250000	0.22667
chr13	96250000	96500000	0.412375
chr13	96500000	96750000	0.660577
chr13	96750000	97000000	0.425639
chr13	97000000	97250000	0.540605
chr13	97250000	97500000	0.295303
chr13	97500000	97750000	0.136139
chr13	97750000	98000000	0.178239
chr13	98000000	98250000	0.252284
chr13	98250000	98500000	0.38351
chr13	98500000	98750000	0.357178
chr13	98750000	99000000	0.735244
chr13	99000000	99250000	0.595328
chr13	99250000	99500000	0.414085
chr13	99500000	99750000	0.106726
chr13	99750000	100000000	0.400961
chr13	100000000	100250000	0.52082
chr13	100250000	100500000	0.439752
chr13	100500000	100750000	0.677658
chr13	100750000	101000000	0.636288
chr13	101000000	101250000	0.421995
chr13	101250000	101500000	0.468216
chr13	101500000	101750000	0.636038
chr13	101750000	102000000	0.611434
chr13	102000000	102250000	0.545514
chr13	102250000	102500000	0.549
chr13	102500000	102750000	0.62212
chr13	102750000	103000000	0.629251
chr13	103000000	103250000	0.370681
chr13	103250000	103500000	0.192456
chr13	103500000	103750000	0.328578
chr13	103750000	104000000	0.828833
chr13	104000000	104250000	0.827081
chr13	104250000	104500000	0.597422
chr13	104500000	104750000	0.485846
chr13	104750000	105000000	0.278778
chr13	105000000	105250000	-0.0174996
chr13	105250000	105500000	-0.452661
chr13	105500000	105750000	-1.02697
chr13	105750000	106000000	-1.10033
chr13	106000000	106250000	-1.1423
chr13	106250000	106500000	-1.06345
chr13	106500000	106750000	-0.617555
chr13	106750000	107000000	0.272839
chr13	107000000	107250000	0.341081
chr13	107250000	107500000	-0.0826389
chr13	107500000	107750000	0.251559
chr13	107750000	108000000	0.539454
chr13	108000000	108250000	0.545776
chr13	108250000	108500000	0.513796
chr13	108500000	108750000	0.379597
chr13	108750000	109000000	0.170972
chr13	109000000	109250000	0.213844
chr13	109250000	109500000	0.546534
chr13	109500000	109750000	0.47581
chr13	109750000	110000000	0.62369
chr13	110000000	110250000	0.381665
chr13	110250000	110500000	0.451378
chr13	110500000	110750000	0.429516
chr13	110750000	111000000	0.321758
chr13	111000000	111250000	0.251694
chr13	111250000	111500000	0.577223
chr13	111500000	111750000	0.803544
chr13	111750000	112000000	0.800701
chr13	112000000	112250000	0.796132
chr13	112250000	112500000	0.822598
chr13	112500000	112750000	0.833156
chr13	112750000	113000000	0.888256
chr13	113000000	113250000	0.622503
chr13	113250000	113500000	0.55407
chr13	113500000	113750000	0.469918
chr13	113750000	114000000	0.196244
chr13	114000000	114250000	-0.351209
chr13	114250000	114500000	-0.214634
chr13	114500000	114750000	-0.887231
chr13	114750000	115000000	0.0181605
chr13	115000000	115250000	-0.114745
chr13	115250000	115500000	-0.770104
chr13	115500000	115750000	-0.988584
chr13	115750000	116000000	-0.945744
chr13	116000000	116250000	-0.997489
chr13	116250000	116500000	-0.855427
chr13	116500000	116750000	-0.668482
chr13	116750000	117000000	-0.0630254
chr13	117000000	117250000	0.496737
chr13	117250000	117500000	-0.424519
chr13	117500000	117750000	-0.677299
chr13	117750000	118000000	-0.551887
chr13	118000000	118250000	-0.764806
chr13	118250000	118500000	-0.668492
chr13	118500000	118750000	-1.15001
chr13	118750000	119000000	-1.22036
chr13	119000000	119250000	-1.23167
chr13	119250000	119500000	-0.283745
chr13	119500000	119750000	-0.0877701
chr13	119750000	120000000	0.586767
chr13	120000000	120250000	nan
chr13	120250000	120421639	nan
#bedGraph section chr14:0-124902244
chr14	0	250000	nan
chr14	250000	500000	nan
chr14	500000	750000	nan
chr14	750000	1000000	nan
chr14	1000000	1250000	nan
chr14	1250000	1500000	nan
chr14	1500000	1750000	nan
chr14	1750000	2000000	nan
chr14	2000000	2250000	nan
chr14	2250000	2500000	nan
chr14	2500000	2750000	nan
chr14	2750000	3000000	nan
chr14	3000000	3250000	nan
chr14	3250000	3500000	nan
chr14	3500000	3750000	nan
chr14	3750000	4000000	nan
chr14	4000000	4250000	nan
chr14	4250000	4500000	nan
chr14	4500000	4750000	nan
chr14	4750000	5000000	nan
chr14	5000000	5250000	nan
chr14	5250000	5500000	nan
chr14	5500000	5750000	nan
chr14	5750000	6000000	nan
chr14	6000000	6250000	nan
chr14	6250000	6500000	nan
chr14	6500000	6750000	nan
chr14	6750000	7000000	nan
chr14	7000000	7250000	nan
chr14	7250000	7500000	nan
chr14	7500000	7750000	nan
chr14	7750000	8000000	0.699046
chr14	8000000	8250000	0.979859
chr14	8250000	8500000	-0.0679843
chr14	8500000	8750000	-0.656422
chr14	8750000	9000000	-0.937315
chr14	9000000	9250000	-0.896091
chr14	9250000	9500000	-0.590341
chr14	9500000	9750000	-0.645039
chr14	9750000	10000000	-0.468808
chr14	10000000	10250000	-0.0653126
chr14	10250000	10500000	0.33244
chr14	10500000	10750000	-0.0133267
chr14	10750000	11000000	-0.422385
chr14	11000000	11250000	-0.457592
chr14	11250000	11500000	-0.684241
chr14	11500000	11750000	-0.923927
chr14	11750000	12000000	-1.06562
chr14	12000000	12250000	-0.712772
chr14	12250000	12500000	-0.491626
chr14	12500000	12750000	-0.880449
chr14	12750000	13000000	-1.08934
chr14	13000000	13250000	-1.08261
chr14	13250000	13500000	-0.773785
chr14	13500000	13750000	-1.11486
chr14	13750000	14000000	-0.35314
chr14	14000000	14250000	0.191282
chr14	14250000	14500000	0.0912403
chr14	14500000	14750000	0.801246
chr14	14750000	15000000	0.305985
chr14	15000000	15250000	-0.258916
chr14	15250000	15500000	-0.266263
chr14	15500000	15750000	-0.128597
chr14	15750000	16000000	0.286672
chr14	16000000	16250000	0.455478
chr14	16250000	16500000	0.439034
chr14	16500000	16750000	-0.448016
chr14	16750000	17000000	-0.60445
chr14	17000000	17250000	-0.596267
chr14	17250000	17500000	-0.227607
chr14	17500000	17750000	-0.117205
chr14	17750000	18000000	0.00470988
chr14	18000000	18250000	0.15746
chr14	18250000	18500000	0.0700705
chr14	18500000	18750000	-0.513175
chr14	18750000	19000000	-0.537427
chr14	19000000	19250000	-0.69662
chr14	19250000	19500000	-0.195562
chr14	19500000	19750000	0.0559985
chr14	19750000	20000000	0.849796
chr14	20000000	20250000	1.05892
chr14	20250000	20500000	1.21846
chr14	20500000	20750000	1.20188
chr14	20750000	21000000	1.21195
chr14	21000000	21250000	0.991587
chr14	21250000	21500000	0.745059
chr14	21500000	21750000	0.985052
chr14	21750000	22000000	0.528358
chr14	22000000	22250000	-0.18994
chr14	22250000	22500000	-0.447257
chr14	22500000	22750000	-0.750413
chr14	22750000	23000000	-0.908626
chr14	23000000	23250000	-1.10164
chr14	23250000	23500000	-0.747363
chr14	23500000	23750000	-0.869158
chr14	23750000	24000000	-1.17029
chr14	24000000	24250000	-0.627009
chr14	24250000	24500000	0.18556
chr14	24500000	24750000	0.486833
chr14	24750000	25000000	0.640393
chr14	25000000	25250000	0.68891
chr14	25250000	25500000	0.933192
chr14	25500000	25750000	1.02831
chr14	25750000	26000000	1.04787
chr14	26000000	26250000	nan
chr14	26250000	26500000	0.894394
chr14	26500000	26750000	1.07214
chr14	26750000	27000000	0.971307
chr14	27000000	27250000	0.918382
chr14	27250000	27500000	0.91976
chr14	27500000	27750000	-0.109216
chr14	27750000	28000000	-0.689703
chr14	28000000	28250000	-1.07984
chr14	28250000	28500000	-1.11998
chr14	28500000	28750000	-1.07548
chr14	28750000	29000000	-1.15082
chr14	29000000	29250000	-1.03942
chr14	29250000	29500000	-0.971295
chr14	29500000	29750000	-0.697827
chr14	29750000	30000000	-0.0201959
chr14	30000000	30250000	1.00348
chr14	30250000	30500000	1.09285
chr14	30500000	30750000	1.05664
chr14	30750000	31000000	1.02316
chr14	31000000	31250000	0.961329
chr14	31250000	31500000	0.941203
chr14	31500000	31750000	0.971499
chr14	31750000	32000000	0.957601
chr14	32000000	32250000	1.02943
chr14	32250000	32500000	0.846244
chr14	32500000	32750000	0.829159
chr14	32750000	33000000	0.779747
chr14	33000000	33250000	1.1458
chr14	33250000	33500000	0.934992
chr14	33500000	33750000	-0.137853
chr14	33750000	34000000	-0.615709
chr14	34000000	34250000	-0.2516
chr14	34250000	34500000	0.378489
chr14	34500000	34750000	0.33981
chr14	34750000	35000000	-0.522569
chr14	35000000	35250000	-1.05626
chr14	35250000	35500000	-1.11024
chr14	35500000	35750000	-1.02928
chr14	35750000	36000000	-1.05245
chr14	36000000	36250000	-0.912401
chr14	36250000	36500000	-0.817562
chr14	36500000	36750000	-0.887446
chr14	36750000	37000000	-0.141472
chr14	37000000	37250000	-0.338476
chr14	37250000	37500000	-0.904002
chr14	37500000	37750000	-1.02328
chr14	37750000	38000000	-1.0134
chr14	38000000	38250000	-0.977889
chr14	38250000	38500000	-0.971325
chr14	38500000	38750000	-0.993378
chr14	38750000	39000000	-0.953753
chr14	39000000	39250000	-0.923617
chr14	39250000	39500000	-0.854408
chr14	39500000	39750000	-0.813848
chr14	39750000	40000000	-0.88456
chr14	40000000	40250000	-0.878282
chr14	40250000	40500000	-0.852353
chr14	40500000	40750000	-0.831193
chr14	40750000	41000000	-0.00993668
chr14	41000000	41250000	-0.448119
chr14	41250000	41500000	nan
chr14	41500000	41750000	nan
chr14	41750000	42000000	nan
chr14	42000000	42250000	nan
chr14	42250000	42500000	nan
chr14	42500000	42750000	nan
chr14	42750000	43000000	nan
chr14	43000000	43250000	nan
chr14	43250000	43500000	-1.62369
chr14	43500000	43750000	nan
chr14	43750000	44000000	-0.869645
chr14	44000000	44250000	-1.0792
chr14	44250000	44500000	-1.283
chr14	44500000	44750000	-1.06218
chr14	44750000	45000000	-0.193654
chr14	45000000	45250000	0.86666
chr14	45250000	45500000	0.564499
chr14	45500000	45750000	0.112209
chr14	45750000	46000000	-0.901796
chr14	46000000	46250000	-1.18694
chr14	46250000	46500000	-0.919825
chr14	46500000	46750000	-0.472456
chr14	46750000	47000000	0.854185
chr14	47000000	47250000	1.02592
chr14	47250000	47500000	1.10034
chr14	47500000	47750000	0.908474
chr14	47750000	48000000	-0.152696
chr14	48000000	48250000	-0.165258
chr14	48250000	48500000	0.122762
chr14	48500000	48750000	-0.43511
chr14	48750000	49000000	-0.626269
chr14	49000000	49250000	0.234742
chr14	49250000	49500000	-0.843173
chr14	49500000	49750000	-1.14825
chr14	49750000	50000000	-0.931081
chr14	50000000	50250000	-0.949802
chr14	50250000	50500000	-1.00973
chr14	50500000	50750000	-0.780072
chr14	50750000	51000000	0.671874
chr14	51000000	51250000	0.63015
chr14	51250000	51500000	-0.356765
chr14	51500000	51750000	-0.602476
chr14	51750000	52000000	0.368667
chr14	52000000	52250000	1.0461
chr14	52250000	52500000	0.636501
chr14	52500000	52750000	0.0516048
chr14	52750000	53000000	nan
chr14	53000000	53250000	0.275427
chr14	53250000	53500000	0.272306
chr14	53500000	53750000	0.366121
chr14	53750000	54000000	0.598314
chr14	54000000	54250000	0.844594
chr14	54250000	54500000	0.877576
chr14	54500000	54750000	0.82458
chr14	54750000	55000000	0.804377
chr14	55000000	55250000	0.763798
chr14	55250000	55500000	0.715377
chr14	55500000	55750000	0.812545
chr14	55750000	56000000	0.783891
chr14	56000000	56250000	0.534197
chr14	56250000	56500000	0.574799
chr14	56500000	56750000	0.907712
chr14	56750000	57000000	0.952622
chr14	57000000	57250000	0.589284
chr14	57250000	57500000	0.812126
chr14	57500000	57750000	1.03516
chr14	57750000	58000000	0.904989
chr14	58000000	58250000	-0.185556
chr14	58250000	58500000	-0.698658
chr14	58500000	58750000	-0.617682
chr14	58750000	59000000	-0.73785
chr14	59000000	59250000	0.101695
chr14	59250000	59500000	0.853544
chr14	59500000	59750000	0.714773
chr14	59750000	60000000	0.552755
chr14	60000000	60250000	0.66147
chr14	60250000	60500000	0.849594
chr14	60500000	60750000	0.855828
chr14	60750000	61000000	0.819818
chr14	61000000	61250000	0.844623
chr14	61250000	61500000	0.799043
chr14	61500000	61750000	0.731055
chr14	61750000	62000000	0.694835
chr14	62000000	62250000	0.621015
chr14	62250000	62500000	0.663176
chr14	62500000	62750000	0.664295
chr14	62750000	63000000	0.746344
chr14	63000000	63250000	0.708383
chr14	63250000	63500000	0.733223
chr14	63500000	63750000	0.562791
chr14	63750000	64000000	0.637257
chr14	64000000	64250000	0.717111
chr14	64250000	64500000	0.777108
chr14	64500000	64750000	0.771329
chr14	64750000	65000000	0.889278
chr14	65000000	65250000	0.860239
chr14	65250000	65500000	0.87368
chr14	65500000	65750000	0.810295
chr14	65750000	66000000	0.805051
chr14	66000000	66250000	0.7737
chr14	66250000	66500000	0.433046
chr14	66500000	66750000	-0.151833
chr14	66750000	67000000	0.508699
chr14	67000000	67250000	0.366615
chr14	67250000	67500000	-0.561399
chr14	67500000	67750000	-0.10234
chr14	67750000	68000000	-0.0978247
chr14	68000000	68250000	-0.604307
chr14	68250000	68500000	-0.996123
chr14	68500000	68750000	-0.415569
chr14	68750000	69000000	0.556944
chr14	69000000	69250000	0.547601
chr14	69250000	69500000	nan
chr14	69500000	69750000	1.04365
chr14	69750000	70000000	1.00703
chr14	70000000	70250000	0.959477
chr14	70250000	70500000	1.03222
chr14	70500000	70750000	0.972247
chr14	70750000	71000000	0.453673
chr14	71000000	71250000	-0.0521033
chr14	71250000	71500000	-0.342555
chr14	71500000	71750000	-0.418308
chr14	71750000	72000000	-0.657025
chr14	72000000	72250000	-0.565789
chr14	72250000	72500000	0.0258071
chr14	72500000	72750000	0.730913
chr14	72750000	73000000	0.87221
chr14	73000000	73250000	0.843698
chr14	73250000	73500000	1.02387
chr14	73500000	73750000	0.315921
chr14	73750000	74000000	-0.339927
chr14	74000000	74250000	-0.413281
chr14	74250000	74500000	-0.368335
chr14	74500000	74750000	0.184474
chr14	74750000	75000000	0.925215
chr14	75000000	75250000	1.0284
chr14	75250000	75500000	0.803315
chr14	75500000	75750000	0.708688
chr14	75750000	76000000	1.00054
chr14	76000000	76250000	0.843718
chr14	76250000	76500000	0.648873
chr14	76500000	76750000	0.933233
chr14	76750000	77000000	0.824458
chr14	77000000	77250000	0.480774
chr14	77250000	77500000	0.181861
chr14	77500000	77750000	0.230457
chr14	77750000	78000000	0.595058
chr14	78000000	78250000	0.340656
chr14	78250000	78500000	0.843435
chr14	78500000	78750000	0.973973
chr14	78750000	79000000	1.0479
chr14	79000000	79250000	0.997533
chr14	79250000	79500000	1.18217
chr14	79500000	79750000	0.371405
chr14	79750000	80000000	-0.974702
chr14	80000000	80250000	-1.21084
chr14	80250000	80500000	-1.13734
chr14	80500000	80750000	-1.19192
chr14	80750000	81000000	-1.0977
chr14	81000000	81250000	-1.08393
chr14	81250000	81500000	-1.05155
chr14	81500000	81750000	-1.04571
chr14	81750000	82000000	-1.05333
chr14	82000000	82250000	-1.01877
chr14	82250000	82500000	-1.00748
chr14	82500000	82750000	-0.989173
chr14	82750000	83000000	-0.860334
chr14	83000000	83250000	-0.975063
chr14	83250000	83500000	-0.957035
chr14	83500000	83750000	-0.993914
chr14	83750000	84000000	-1.04749
chr14	84000000	84250000	-0.98492
chr14	84250000	84500000	-0.856513
chr14	84500000	84750000	-0.902967
chr14	84750000	85000000	-0.89563
chr14	85000000	85250000	-0.858498
chr14	85250000	85500000	-0.844254
chr14	85500000	85750000	-0.844342
chr14	85750000	86000000	-0.815651
chr14	86000000	86250000	-0.804242
chr14	86250000	86500000	-0.792876
chr14	86500000	86750000	-0.547055
chr14	86750000	87000000	0.0455006
chr14	87000000	87250000	0.0515463
chr14	87250000	87500000	-0.378752
chr14	87500000	87750000	-0.746154
chr14	87750000	88000000	-0.974516
chr14	88000000	88250000	-0.948196
chr14	88250000	88500000	-0.968405
chr14	88500000	88750000	-0.991909
chr14	88750000	89000000	-0.971911
chr14	89000000	89250000	-0.996008
chr14	89250000	89500000	-1.02645
chr14	89500000	89750000	-1.02838
chr14	89750000	90000000	-0.995978
chr14	90000000	90250000	-0.996993
chr14	90250000	90500000	-0.900547
chr14	90500000	90750000	-0.873032
chr14	90750000	91000000	-0.868097
chr14	91000000	91250000	-0.870734
chr14	91250000	91500000	-0.839967
chr14	91500000	91750000	-0.81468
chr14	91750000	92000000	-0.811663
chr14	92000000	92250000	-0.782288
chr14	92250000	92500000	-0.724799
chr14	92500000	92750000	-0.720096
chr14	92750000	93000000	-0.712283
chr14	93000000	93250000	-0.678478
chr14	93250000	93500000	-0.623336
chr14	93500000	93750000	-0.63994
chr14	93750000	94000000	-0.479609
chr14	94000000	94250000	-0.248376
chr14	94250000	94500000	-0.0884227
chr14	94500000	94750000	-0.0131472
chr14	94750000	95000000	-0.17639
chr14	95000000	95250000	-0.370192
chr14	95250000	95500000	-0.454535
chr14	95500000	95750000	-0.559498
chr14	95750000	96000000	-0.630968
chr14	96000000	96250000	-0.82632
chr14	96250000	96500000	-0.898108
chr14	96500000	96750000	-0.927357
chr14	96750000	97000000	-0.798009
chr14	97000000	97250000	-0.849665
chr14	97250000	97500000	-0.818933
chr14	97500000	97750000	-0.745313
chr14	97750000	98000000	-0.793615
chr14	98000000	98250000	-0.691826
chr14	98250000	98500000	-0.809049
chr14	98500000	98750000	-0.746549
chr14	98750000	99000000	-0.474043
chr14	99000000	99250000	0.171288
chr14	99250000	99500000	-0.573136
chr14	99500000	99750000	-0.901052
chr14	99750000	100000000	-0.515901
chr14	100000000	100250000	-0.181919
chr14	100250000	100500000	-0.203776
chr14	100500000	100750000	-0.590805
chr14	100750000	101000000	-0.594904
chr14	101000000	101250000	-0.727434
chr14	101250000	101500000	-0.328076
chr14	101500000	101750000	0.378273
chr14	101750000	102000000	-0.0916523
chr14	102000000	102250000	-0.512936
chr14	102250000	102500000	-0.384437
chr14	102500000	102750000	0.0629707
chr14	102750000	103000000	0.876868
chr14	103000000	103250000	0.916681
chr14	103250000	103500000	0.980591
chr14	103500000	103750000	0.539351
chr14	103750000	104000000	-0.0740631
chr14	104000000	104250000	-0.495511
chr14	104250000	104500000	-0.369019
chr14	104500000	104750000	-0.448688
chr14	104750000	105000000	-0.625588
chr14	105000000	105250000	0.155646
chr14	105250000	105500000	0.142098
chr14	105500000	105750000	0.116992
chr14	105750000	106000000	0.0414416
chr14	106000000	106250000	-0.45359
chr14	106250000	106500000	-0.576412
chr14	106500000	106750000	-0.759576
chr14	106750000	107000000	-0.794768
chr14	107000000	107250000	-0.835295
chr14	107250000	107500000	-0.762626
chr14	107500000	107750000	-0.76781
chr14	107750000	108000000	-0.760988
chr14	108000000	108250000	-0.818705
chr14	108250000	108500000	-0.824254
chr14	108500000	108750000	-0.805662
chr14	108750000	109000000	-0.848997
chr14	109000000	109250000	-0.850271
chr14	109250000	109500000	-0.923397
chr14	109500000	109750000	-0.929447
chr14	109750000	110000000	-0.916441
chr14	110000000	110250000	-0.999691
chr14	110250000	110500000	-0.989808
chr14	110500000	110750000	-0.939127
chr14	110750000	111000000	-0.877149
chr14	111000000	111250000	-0.906631
chr14	111250000	111500000	-0.894056
chr14	111500000	111750000	-0.840327
chr14	111750000	112000000	-0.855119
chr14	112000000	112250000	-0.857258
chr14	112250000	112500000	-0.871947
chr14	112500000	112750000	-0.830739
chr14	112750000	113000000	-0.827292
chr14	113000000	113250000	-0.831921
chr14	113250000	113500000	-0.84008
chr14	113500000	113750000	-0.809415
chr14	113750000	114000000	-0.798622
chr14	114000000	114250000	-0.802765
chr14	114250000	114500000	-0.818111
chr14	114500000	114750000	-0.81177
chr14	114750000	115000000	-0.289157
chr14	115000000	115250000	-0.000623917
chr14	115250000	115500000	-0.388927
chr14	115500000	115750000	-0.663628
chr14	115750000	116000000	-0.601223
chr14	116000000	116250000	-0.59514
chr14	116250000	116500000	-0.572339
chr14	116500000	116750000	-0.539513
chr14	116750000	117000000	-0.515052
chr14	117000000	117250000	-0.488026
chr14	117250000	117500000	-0.437449
chr14	117500000	117750000	-0.201037
chr14	117750000	118000000	-0.367621
chr14	118000000	118250000	0.117588
chr14	118250000	118500000	-0.00890924
chr14	118500000	118750000	0.552395
chr14	118750000	119000000	0.710291
chr14	119000000	119250000	-0.232262
chr14	119250000	119500000	-0.727346
chr14	119500000	119750000	-0.82549
chr14	119750000	120000000	-0.717993
chr14	120000000	120250000	-0.274976
chr14	120250000	120500000	0.416845
chr14	120500000	120750000	-0.185938
chr14	120750000	121000000	0.385684
chr14	121000000	121250000	0.468658
chr14	121250000	121500000	0.906364
chr14	121500000	121750000	0.862252
chr14	121750000	122000000	1.00962
chr14	122000000	122250000	0.793057
chr14	122250000	122500000	0.321612
chr14	122500000	122750000	0.473041
chr14	122750000	123000000	0.289818
chr14	123000000	123250000	-0.357159
chr14	123250000	123500000	-0.44811
chr14	123500000	123750000	-0.639279
chr14	123750000	124000000	-0.617234
chr14	124000000	124250000	-0.575055
chr14	124250000	124500000	-0.62932
chr14	124500000	124750000	-0.572237
chr14	124750000	124902244	nan
#bedGraph section chr15:0-104043685
chr15	0	250000	nan
chr15	250000	500000	nan
chr15	500000	750000	nan
chr15	750000	1000000	nan
chr15	1000000	1250000	nan
chr15	1250000	1500000	nan
chr15	1500000	1750000	nan
chr15	1750000	2000000	nan
chr15	2000000	2250000	nan
chr15	2250000	2500000	nan
chr15	2500000	2750000	nan
chr15	2750000	3000000	nan
chr15	3000000	3250000	-0.610009
chr15	3250000	3500000	-0.508449
chr15	3500000	3750000	-0.731192
chr15	3750000	4000000	-0.404958
chr15	4000000	4250000	-0.174124
chr15	4250000	4500000	-0.68683
chr15	4500000	4750000	-0.728653
chr15	4750000	5000000	-0.497309
chr15	5000000	5250000	0.205648
chr15	5250000	5500000	0.640489
chr15	5500000	5750000	0.478232
chr15	5750000	6000000	0.202069
chr15	6000000	6250000	0.0494126
chr15	6250000	6500000	0.0363019
chr15	6500000	6750000	0.348465
chr15	6750000	7000000	0.247659
chr15	7000000	7250000	0.471413
chr15	7250000	7500000	-0.38101
chr15	7500000	7750000	-0.816273
chr15	7750000	8000000	-0.162228
chr15	8000000	8250000	0.596894
chr15	8250000	8500000	0.64271
chr15	8500000	8750000	0.177499
chr15	8750000	9000000	-0.41245
chr15	9000000	9250000	0.308959
chr15	9250000	9500000	0.389996
chr15	9500000	9750000	0.658146
chr15	9750000	10000000	0.599381
chr15	10000000	10250000	0.653571
chr15	10250000	10500000	0.602234
chr15	10500000	10750000	0.308925
chr15	10750000	11000000	0.139017
chr15	11000000	11250000	-0.335522
chr15	11250000	11500000	-0.0632384
chr15	11500000	11750000	-0.214464
chr15	11750000	12000000	-0.104601
chr15	12000000	12250000	0.659828
chr15	12250000	12500000	0.287576
chr15	12500000	12750000	-0.18008
chr15	12750000	13000000	-0.398576
chr15	13000000	13250000	-1.24734
chr15	13250000	13500000	-1.26079
chr15	13500000	13750000	-1.16653
chr15	13750000	14000000	-1.14907
chr15	14000000	14250000	-1.13107
chr15	14250000	14500000	-1.09543
chr15	14500000	14750000	-1.08055
chr15	14750000	15000000	-1.09431
chr15	15000000	15250000	-1.10605
chr15	15250000	15500000	-1.00601
chr15	15500000	15750000	-0.929389
chr15	15750000	16000000	-0.936128
chr15	16000000	16250000	-0.95543
chr15	16250000	16500000	-0.890606
chr15	16500000	16750000	-0.968784
chr15	16750000	17000000	-0.998517
chr15	17000000	17250000	-1.0003
chr15	17250000	17500000	-1.01352
chr15	17500000	17750000	-0.963376
chr15	17750000	18000000	-1.0092
chr15	18000000	18250000	-0.983063
chr15	18250000	18500000	-1.07321
chr15	18500000	18750000	-1.06727
chr15	18750000	19000000	-0.939455
chr15	19000000	19250000	-0.993172
chr15	19250000	19500000	-0.922664
chr15	19500000	19750000	-0.83438
chr15	19750000	20000000	-0.829483
chr15	20000000	20250000	-0.847588
chr15	20250000	20500000	-0.814722
chr15	20500000	20750000	-0.970469
chr15	20750000	21000000	-0.989437
chr15	21000000	21250000	-1.00012
chr15	21250000	21500000	-1.02923
chr15	21500000	21750000	-1.06376
chr15	21750000	22000000	-1.12746
chr15	22000000	22250000	-1.09126
chr15	22250000	22500000	-1.07854
chr15	22500000	22750000	-1.05247
chr15	22750000	23000000	-1.03559
chr15	23000000	23250000	-1.03298
chr15	23250000	23500000	-1.0005
chr15	23500000	23750000	-1.03138
chr15	23750000	24000000	-1.02746
chr15	24000000	24250000	-1.062
chr15	24250000	24500000	-1.00093
chr15	24500000	24750000	-0.80843
chr15	24750000	25000000	-0.94282
chr15	25000000	25250000	-0.694122
chr15	25250000	25500000	-0.283282
chr15	25500000	25750000	-0.149701
chr15	25750000	26000000	0.323755
chr15	26000000	26250000	-0.616702
chr15	26250000	26500000	-0.751196
chr15	26500000	26750000	-1.01271
chr15	26750000	27000000	-1.03561
chr15	27000000	27250000	-0.978256
chr15	27250000	27500000	-0.398996
chr15	27500000	27750000	0.217581
chr15	27750000	28000000	0.355481
chr15	28000000	28250000	-0.0410354
chr15	28250000	28500000	-0.698179
chr15	28500000	28750000	-0.839103
chr15	28750000	29000000	-0.863092
chr15	29000000	29250000	-0.801835
chr15	29250000	29500000	-0.810902
chr15	29500000	29750000	-0.881398
chr15	29750000	30000000	-0.939847
chr15	30000000	30250000	-0.847994
chr15	30250000	30500000	-0.625788
chr15	30500000	30750000	-0.25984
chr15	30750000	31000000	-0.663594
chr15	31000000	31250000	-0.410369
chr15	31250000	31500000	0.415886
chr15	31500000	31750000	-0.0472188
chr15	31750000	32000000	-0.807505
chr15	32000000	32250000	-0.619377
chr15	32250000	32500000	-0.750684
chr15	32500000	32750000	-0.87041
chr15	32750000	33000000	-1.00705
chr15	33000000	33250000	-1.02018
chr15	33250000	33500000	-1.06976
chr15	33500000	33750000	-1.02841
chr15	33750000	34000000	-0.844679
chr15	34000000	34250000	0.150625
chr15	34250000	34500000	0.18354
chr15	34500000	34750000	0.126492
chr15	34750000	35000000	0.223283
chr15	35000000	35250000	0.310981
chr15	35250000	35500000	0.514956
chr15	35500000	35750000	0.552286
chr15	35750000	36000000	0.398724
chr15	36000000	36250000	0.454667
chr15	36250000	36500000	0.659814
chr15	36500000	36750000	0.8582
chr15	36750000	37000000	0.933989
chr15	37000000	37250000	0.486544
chr15	37250000	37500000	0.256577
chr15	37500000	37750000	0.0989996
chr15	37750000	38000000	0.430119
chr15	38000000	38250000	0.754005
chr15	38250000	38500000	0.773837
chr15	38500000	38750000	0.659088
chr15	38750000	39000000	0.0018707
chr15	39000000	39250000	0.13685
chr15	39250000	39500000	-0.297731
chr15	39500000	39750000	-0.887488
chr15	39750000	40000000	-0.477475
chr15	40000000	40250000	-0.702518
chr15	40250000	40500000	-1.14323
chr15	40500000	40750000	-1.18573
chr15	40750000	41000000	-1.1721
chr15	41000000	41250000	-0.86831
chr15	41250000	41500000	-0.6619
chr15	41500000	41750000	-0.454808
chr15	41750000	42000000	-0.0772315
chr15	42000000	42250000	-0.318733
chr15	42250000	42500000	-0.322165
chr15	42500000	42750000	-0.248379
chr15	42750000	43000000	-0.494326
chr15	43000000	43250000	-0.703828
chr15	43250000	43500000	-0.507315
chr15	43500000	43750000	-0.804678
chr15	43750000	44000000	-1.05425
chr15	44000000	44250000	-1.14912
chr15	44250000	44500000	-0.671628
chr15	44500000	44750000	-0.704898
chr15	44750000	45000000	-1.03999
chr15	45000000	45250000	-1.21002
chr15	45250000	45500000	-1.18813
chr15	45500000	45750000	-1.1726
chr15	45750000	46000000	-1.10818
chr15	46000000	46250000	-1.14182
chr15	46250000	46500000	-1.13664
chr15	46500000	46750000	-1.11298
chr15	46750000	47000000	-1.11665
chr15	47000000	47250000	-1.07565
chr15	47250000	47500000	-1.11325
chr15	47500000	47750000	-1.07985
chr15	47750000	48000000	-1.03824
chr15	48000000	48250000	-0.990314
chr15	48250000	48500000	-1.00818
chr15	48500000	48750000	-0.868428
chr15	48750000	49000000	-0.844879
chr15	49000000	49250000	-0.91734
chr15	49250000	49500000	-0.786428
chr15	49500000	49750000	-0.662551
chr15	49750000	50000000	-0.570804
chr15	50000000	50250000	-0.369884
chr15	50250000	50500000	-0.0145694
chr15	50500000	50750000	0.114081
chr15	50750000	51000000	0.167625
chr15	51000000	51250000	-0.235283
chr15	51250000	51500000	-0.470358
chr15	51500000	51750000	-0.420886
chr15	51750000	52000000	0.0237705
chr15	52000000	52250000	-0.706012
chr15	52250000	52500000	-0.80019
chr15	52500000	52750000	-0.0856843
chr15	52750000	53000000	-0.119669
chr15	53000000	53250000	0.0836834
chr15	53250000	53500000	0.373879
chr15	53500000	53750000	0.0808216
chr15	53750000	54000000	-0.869343
chr15	54000000	54250000	-1.40574
chr15	54250000	54500000	-1.53025
chr15	54500000	54750000	-1.56736
chr15	54750000	55000000	-1.28998
chr15	55000000	55250000	-0.3651
chr15	55250000	55500000	-0.620607
chr15	55500000	55750000	-0.170172
chr15	55750000	56000000	-0.0370979
chr15	56000000	56250000	-0.795625
chr15	56250000	56500000	-1.311
chr15	56500000	56750000	-1.2576
chr15	56750000	57000000	-1.34526
chr15	57000000	57250000	-1.31374
chr15	57250000	57500000	-1.10891
chr15	57500000	57750000	-0.0917659
chr15	57750000	58000000	0.447892
chr15	58000000	58250000	0.757561
chr15	58250000	58500000	0.704745
chr15	58500000	58750000	0.718427
chr15	58750000	59000000	0.789074
chr15	59000000	59250000	0.857351
chr15	59250000	59500000	0.759774
chr15	59500000	59750000	0.759903
chr15	59750000	60000000	0.562999
chr15	60000000	60250000	0.282766
chr15	60250000	60500000	-0.0101013
chr15	60500000	60750000	0.0431905
chr15	60750000	61000000	0.25056
chr15	61000000	61250000	0.378882
chr15	61250000	61500000	0.546141
chr15	61500000	61750000	0.601782
chr15	61750000	62000000	0.579897
chr15	62000000	62250000	0.640731
chr15	62250000	62500000	0.662016
chr15	62500000	62750000	0.645358
chr15	62750000	63000000	0.597297
chr15	63000000	63250000	0.519763
chr15	63250000	63500000	0.532704
chr15	63500000	63750000	0.590238
chr15	63750000	64000000	0.6624
chr15	64000000	64250000	0.681454
chr15	64250000	64500000	0.467884
chr15	64500000	64750000	-0.0960081
chr15	64750000	65000000	-0.746134
chr15	65000000	65250000	-1.01749
chr15	65250000	65500000	-1.14312
chr15	65500000	65750000	-0.727921
chr15	65750000	66000000	-0.372861
chr15	66000000	66250000	-0.7975
chr15	66250000	66500000	-0.379729
chr15	66500000	66750000	0.568681
chr15	66750000	67000000	0.825663
chr15	67000000	67250000	0.693424
chr15	67250000	67500000	0.423973
chr15	67500000	67750000	-0.0651273
chr15	67750000	68000000	-0.233642
chr15	68000000	68250000	-0.00174452
chr15	68250000	68500000	-0.181243
chr15	68500000	68750000	-1.13707
chr15	68750000	69000000	-0.855787
chr15	69000000	69250000	-0.623505
chr15	69250000	69500000	-0.595384
chr15	69500000	69750000	-0.27035
chr15	69750000	70000000	-0.532856
chr15	70000000	70250000	-0.963742
chr15	70250000	70500000	-1.07234
chr15	70500000	70750000	-1.16268
chr15	70750000	71000000	-1.13021
chr15	71000000	71250000	-1.32538
chr15	71250000	71500000	-1.36781
chr15	71500000	71750000	-1.45446
chr15	71750000	72000000	-1.35078
chr15	72000000	72250000	-1.07692
chr15	72250000	72500000	-0.959944
chr15	72500000	72750000	-0.316197
chr15	72750000	73000000	0.214723
chr15	73000000	73250000	0.531105
chr15	73250000	73500000	0.711141
chr15	73500000	73750000	0.904733
chr15	73750000	74000000	0.445289
chr15	74000000	74250000	0.00266946
chr15	74250000	74500000	0.0918336
chr15	74500000	74750000	0.641733
chr15	74750000	75000000	0.888256
chr15	75000000	75250000	0.589501
chr15	75250000	75500000	0.527472
chr15	75500000	75750000	0.743151
chr15	75750000	76000000	0.854453
chr15	76000000	76250000	0.786958
chr15	76250000	76500000	0.757907
chr15	76500000	76750000	0.752618
chr15	76750000	77000000	0.738184
chr15	77000000	77250000	0.571738
chr15	77250000	77500000	0.549898
chr15	77500000	77750000	0.579782
chr15	77750000	78000000	0.702103
chr15	78000000	78250000	0.651634
chr15	78250000	78500000	0.648637
chr15	78500000	78750000	0.639341
chr15	78750000	79000000	0.627847
chr15	79000000	79250000	0.601472
chr15	79250000	79500000	0.577739
chr15	79500000	79750000	0.576198
chr15	79750000	80000000	0.572821
chr15	80000000	80250000	0.565352
chr15	80250000	80500000	0.554302
chr15	80500000	80750000	0.559641
chr15	80750000	81000000	0.570327
chr15	81000000	81250000	0.574406
chr15	81250000	81500000	0.600636
chr15	81500000	81750000	0.624164
chr15	81750000	82000000	0.669867
chr15	82000000	82250000	0.718981
chr15	82250000	82500000	0.676151
chr15	82500000	82750000	0.571623
chr15	82750000	83000000	0.697848
chr15	83000000	83250000	0.746768
chr15	83250000	83500000	0.763001
chr15	83500000	83750000	0.701981
chr15	83750000	84000000	0.568011
chr15	84000000	84250000	0.678851
chr15	84250000	84500000	0.782112
chr15	84500000	84750000	0.816025
chr15	84750000	85000000	0.828304
chr15	85000000	85250000	0.752272
chr15	85250000	85500000	0.781076
chr15	85500000	85750000	0.849915
chr15	85750000	86000000	0.911584
chr15	86000000	86250000	0.833346
chr15	86250000	86500000	0.0254205
chr15	86500000	86750000	-0.984774
chr15	86750000	87000000	-1.29721
chr15	87000000	87250000	-1.29703
chr15	87250000	87500000	-1.28945
chr15	87500000	87750000	-1.18678
chr15	87750000	88000000	-1.35448
chr15	88000000	88250000	-1.31587
chr15	88250000	88500000	-1.02995
chr15	88500000	88750000	-0.378681
chr15	88750000	89000000	0.649522
chr15	89000000	89250000	0.826059
chr15	89250000	89500000	0.594146
chr15	89500000	89750000	-0.72513
chr15	89750000	90000000	-1.45385
chr15	90000000	90250000	-1.18177
chr15	90250000	90500000	-1.32516
chr15	90500000	90750000	-1.56173
chr15	90750000	91000000	-1.50215
chr15	91000000	91250000	-1.2305
chr15	91250000	91500000	-1.07453
chr15	91500000	91750000	-0.076037
chr15	91750000	92000000	-0.966551
chr15	92000000	92250000	-1.44276
chr15	92250000	92500000	-1.0766
chr15	92500000	92750000	-1.41776
chr15	92750000	93000000	-1.39195
chr15	93000000	93250000	-0.95396
chr15	93250000	93500000	0.190691
chr15	93500000	93750000	-0.874199
chr15	93750000	94000000	-1.45855
chr15	94000000	94250000	-1.42366
chr15	94250000	94500000	-0.949088
chr15	94500000	94750000	-0.616246
chr15	94750000	95000000	-1.64889
chr15	95000000	95250000	-1.77238
chr15	95250000	95500000	-1.69151
chr15	95500000	95750000	-0.922476
chr15	95750000	96000000	0.36228
chr15	96000000	96250000	0.0937408
chr15	96250000	96500000	0.721067
chr15	96500000	96750000	0.918612
chr15	96750000	97000000	0.770055
chr15	97000000	97250000	0.686284
chr15	97250000	97500000	0.845815
chr15	97500000	97750000	0.811434
chr15	97750000	98000000	0.824473
chr15	98000000	98250000	0.778099
chr15	98250000	98500000	0.748332
chr15	98500000	98750000	0.78059
chr15	98750000	99000000	0.746168
chr15	99000000	99250000	0.715355
chr15	99250000	99500000	0.7155
chr15	99500000	99750000	0.695423
chr15	99750000	100000000	0.713566
chr15	100000000	100250000	0.713314
chr15	100250000	100500000	0.698231
chr15	100500000	100750000	0.721246
chr15	100750000	101000000	0.712711
chr15	101000000	101250000	0.759241
chr15	101250000	101500000	0.686276
chr15	101500000	101750000	0.574029
chr15	101750000	102000000	0.634089
chr15	102000000	102250000	0.79495
chr15	102250000	102500000	0.842704
chr15	102500000	102750000	0.845707
chr15	102750000	103000000	0.765764
chr15	103000000	103250000	0.85905
chr15	103250000	103500000	0.825718
chr15	103500000	103750000	-0.117271
chr15	103750000	104000000	-0.616631
chr15	104000000	104043685	nan
#bedGraph section chr16:0-98207768
chr16	0	250000	nan
chr16	250000	500000	nan
chr16	500000	750000	nan
chr16	750000	1000000	nan
chr16	1000000	1250000	nan
chr16	1250000	1500000	nan
chr16	1500000	1750000	nan
chr16	1750000	2000000	nan
chr16	2000000	2250000	nan
chr16	2250000	2500000	nan
chr16	2500000	2750000	nan
chr16	2750000	3000000	nan
chr16	3000000	3250000	nan
chr16	3250000	3500000	-0.303768
chr16	3500000	3750000	-0.000984798
chr16	3750000	4000000	0.5836
chr16	4000000	4250000	0.827589
chr16	4250000	4500000	0.934003
chr16	4500000	4750000	1.04403
chr16	4750000	5000000	1.07397
chr16	5000000	5250000	0.901436
chr16	5250000	5500000	-0.217009
chr16	5500000	5750000	-1.06559
chr16	5750000	6000000	-1.23774
chr16	6000000	6250000	-1.37659
chr16	6250000	6500000	-1.2544
chr16	6500000	6750000	-1.25694
chr16	6750000	7000000	-1.30477
chr16	7000000	7250000	-1.24067
chr16	7250000	7500000	-1.2294
chr16	7500000	7750000	-1.21748
chr16	7750000	8000000	-1.23444
chr16	8000000	8250000	-1.28348
chr16	8250000	8500000	-0.543427
chr16	8500000	8750000	0.0779398
chr16	8750000	9000000	-0.104899
chr16	9000000	9250000	-1.21301
chr16	9250000	9500000	-1.37426
chr16	9500000	9750000	-1.41575
chr16	9750000	10000000	-1.19714
chr16	10000000	10250000	-0.665934
chr16	10250000	10500000	0.602146
chr16	10500000	10750000	0.849289
chr16	10750000	11000000	0.929888
chr16	11000000	11250000	0.958887
chr16	11250000	11500000	0.877962
chr16	11500000	11750000	0.611237
chr16	11750000	12000000	0.165149
chr16	12000000	12250000	-0.40208
chr16	12250000	12500000	-0.930734
chr16	12500000	12750000	-0.997338
chr16	12750000	13000000	-0.697377
chr16	13000000	13250000	0.0707233
chr16	13250000	13500000	0.471497
chr16	13500000	13750000	0.656061
chr16	13750000	14000000	0.639814
chr16	14000000	14250000	0.314223
chr16	14250000	14500000	0.119511
chr16	14500000	14750000	-0.782256
chr16	14750000	15000000	-1.17107
chr16	15000000	15250000	-1.21712
chr16	15250000	15500000	-1.12476
chr16	15500000	15750000	0.0362877
chr16	15750000	16000000	0.350616
chr16	16000000	16250000	0.234456
chr16	16250000	16500000	0.0392206
chr16	16500000	16750000	-0.230871
chr16	16750000	17000000	0.455015
chr16	17000000	17250000	0.837698
chr16	17250000	17500000	0.85434
chr16	17500000	17750000	0.797343
chr16	17750000	18000000	0.768587
chr16	18000000	18250000	0.721606
chr16	18250000	18500000	0.712973
chr16	18500000	18750000	0.665092
chr16	18750000	19000000	0.642899
chr16	19000000	19250000	0.607018
chr16	19250000	19500000	0.427308
chr16	19500000	19750000	0.44336
chr16	19750000	20000000	0.642599
chr16	20000000	20250000	0.67618
chr16	20250000	20500000	0.662533
chr16	20500000	20750000	0.680392
chr16	20750000	21000000	0.402766
chr16	21000000	21250000	0.338445
chr16	21250000	21500000	0.606636
chr16	21500000	21750000	0.781423
chr16	21750000	22000000	0.768335
chr16	22000000	22250000	0.781081
chr16	22250000	22500000	0.806611
chr16	22500000	22750000	0.784977
chr16	22750000	23000000	0.710065
chr16	23000000	23250000	0.800002
chr16	23250000	23500000	0.726719
chr16	23500000	23750000	0.321065
chr16	23750000	24000000	0.399873
chr16	24000000	24250000	0.780248
chr16	24250000	24500000	0.771714
chr16	24500000	24750000	0.763426
chr16	24750000	25000000	0.675821
chr16	25000000	25250000	0.575065
chr16	25250000	25500000	0.172792
chr16	25500000	25750000	-0.37725
chr16	25750000	26000000	-0.515725
chr16	26000000	26250000	-0.667369
chr16	26250000	26500000	-0.7547
chr16	26500000	26750000	-0.378822
chr16	26750000	27000000	-0.744987
chr16	27000000	27250000	-0.348805
chr16	27250000	27500000	0.233235
chr16	27500000	27750000	-1.03005
chr16	27750000	28000000	-1.33593
chr16	28000000	28250000	-1.31492
chr16	28250000	28500000	-1.14251
chr16	28500000	28750000	-0.935858
chr16	28750000	29000000	-0.739088
chr16	29000000	29250000	-1.12287
chr16	29250000	29500000	-0.72264
chr16	29500000	29750000	0.482724
chr16	29750000	30000000	0.896273
chr16	30000000	30250000	0.916003
chr16	30250000	30500000	0.888102
chr16	30500000	30750000	0.862059
chr16	30750000	31000000	0.81336
chr16	31000000	31250000	0.794194
chr16	31250000	31500000	0.793119
chr16	31500000	31750000	0.776173
chr16	31750000	32000000	0.794301
chr16	32000000	32250000	0.778539
chr16	32250000	32500000	0.770458
chr16	32500000	32750000	0.750886
chr16	32750000	33000000	0.796211
chr16	33000000	33250000	0.815415
chr16	33250000	33500000	0.856156
chr16	33500000	33750000	0.862925
chr16	33750000	34000000	0.880738
chr16	34000000	34250000	0.684758
chr16	34250000	34500000	0.364716
chr16	34500000	34750000	0.426098
chr16	34750000	35000000	0.504134
chr16	35000000	35250000	0.633618
chr16	35250000	35500000	0.509287
chr16	35500000	35750000	0.521712
chr16	35750000	36000000	0.866414
chr16	36000000	36250000	0.169116
chr16	36250000	36500000	-0.168734
chr16	36500000	36750000	0.627337
chr16	36750000	37000000	0.736975
chr16	37000000	37250000	0.0611439
chr16	37250000	37500000	-0.468216
chr16	37500000	37750000	0.081578
chr16	37750000	38000000	0.211246
chr16	38000000	38250000	0.577013
chr16	38250000	38500000	0.781215
chr16	38500000	38750000	0.527311
chr16	38750000	39000000	-0.608179
chr16	39000000	39250000	-1.28697
chr16	39250000	39500000	-1.41963
chr16	39500000	39750000	-1.37594
chr16	39750000	40000000	-1.24713
chr16	40000000	40250000	-1.30412
chr16	40250000	40500000	-1.32942
chr16	40500000	40750000	-1.30707
chr16	40750000	41000000	-1.32959
chr16	41000000	41250000	-1.35194
chr16	41250000	41500000	-1.43326
chr16	41500000	41750000	-1.45397
chr16	41750000	42000000	-1.49649
chr16	42000000	42250000	-0.991602
chr16	42250000	42500000	-0.875824
chr16	42500000	42750000	-0.988695
chr16	42750000	43000000	0.0550743
chr16	43000000	43250000	0.120938
chr16	43250000	43500000	0.458499
chr16	43500000	43750000	0.655961
chr16	43750000	44000000	0.645981
chr16	44000000	44250000	0.803889
chr16	44250000	44500000	0.480971
chr16	44500000	44750000	0.113188
chr16	44750000	45000000	0.511859
chr16	45000000	45250000	0.718256
chr16	45250000	45500000	0.771278
chr16	45500000	45750000	0.314053
chr16	45750000	46000000	-0.430562
chr16	46000000	46250000	-0.562635
chr16	46250000	46500000	-0.984954
chr16	46500000	46750000	-1.02276
chr16	46750000	47000000	-1.14634
chr16	47000000	47250000	-1.1478
chr16	47250000	47500000	-1.16608
chr16	47500000	47750000	-1.17589
chr16	47750000	48000000	-1.15603
chr16	48000000	48250000	-1.13226
chr16	48250000	48500000	-1.02641
chr16	48500000	48750000	-0.708918
chr16	48750000	49000000	-0.347167
chr16	49000000	49250000	-0.472597
chr16	49250000	49500000	-0.295914
chr16	49500000	49750000	0.406593
chr16	49750000	50000000	0.907511
chr16	50000000	50250000	0.489952
chr16	50250000	50500000	0.471125
chr16	50500000	50750000	0.250919
chr16	50750000	51000000	-0.428773
chr16	51000000	51250000	-0.748791
chr16	51250000	51500000	-0.149408
chr16	51500000	51750000	-0.0168553
chr16	51750000	52000000	0.224684
chr16	52000000	52250000	0.415421
chr16	52250000	52500000	0.151257
chr16	52500000	52750000	-0.187516
chr16	52750000	53000000	-0.355465
chr16	53000000	53250000	-0.369771
chr16	53250000	53500000	-0.386072
chr16	53500000	53750000	-0.531882
chr16	53750000	54000000	-0.568139
chr16	54000000	54250000	-0.588906
chr16	54250000	54500000	-0.614108
chr16	54500000	54750000	-0.637686
chr16	54750000	55000000	-0.584331
chr16	55000000	55250000	-0.602466
chr16	55250000	55500000	-0.318428
chr16	55500000	55750000	0.631808
chr16	55750000	56000000	0.776007
chr16	56000000	56250000	0.368477
chr16	56250000	56500000	-0.79666
chr16	56500000	56750000	-0.464979
chr16	56750000	57000000	-0.732928
chr16	57000000	57250000	0.0644538
chr16	57250000	57500000	0.54973
chr16	57500000	57750000	0.0617504
chr16	57750000	58000000	-0.811836
chr16	58000000	58250000	-0.910207
chr16	58250000	58500000	-0.0812797
chr16	58500000	58750000	0.496229
chr16	58750000	59000000	-0.256096
chr16	59000000	59250000	-0.561896
chr16	59250000	59500000	-0.0629153
chr16	59500000	59750000	-0.021699
chr16	59750000	60000000	-0.745974
chr16	60000000	60250000	-0.788774
chr16	60250000	60500000	-0.733666
chr16	60500000	60750000	-0.772982
chr16	60750000	61000000	-0.79979
chr16	61000000	61250000	-0.806156
chr16	61250000	61500000	-0.892494
chr16	61500000	61750000	-0.882387
chr16	61750000	62000000	-0.921765
chr16	62000000	62250000	-0.964877
chr16	62250000	62500000	-1.00795
chr16	62500000	62750000	-0.899999
chr16	62750000	63000000	-0.508395
chr16	63000000	63250000	-1.07405
chr16	63250000	63500000	-1.15061
chr16	63500000	63750000	-1.0766
chr16	63750000	64000000	-0.984904
chr16	64000000	64250000	-1.07641
chr16	64250000	64500000	-1.03785
chr16	64500000	64750000	-0.758866
chr16	64750000	65000000	0.144068
chr16	65000000	65250000	-0.262425
chr16	65250000	65500000	-0.186651
chr16	65500000	65750000	-0.553829
chr16	65750000	66000000	-1.11487
chr16	66000000	66250000	-1.03093
chr16	66250000	66500000	-1.03047
chr16	66500000	66750000	-1.05302
chr16	66750000	67000000	-1.00854
chr16	67000000	67250000	-0.93973
chr16	67250000	67500000	-0.868372
chr16	67500000	67750000	-0.869122
chr16	67750000	68000000	-0.842177
chr16	68000000	68250000	-0.794693
chr16	68250000	68500000	-0.731062
chr16	68500000	68750000	-0.672485
chr16	68750000	69000000	-0.624798
chr16	69000000	69250000	-0.592767
chr16	69250000	69500000	-0.599134
chr16	69500000	69750000	-0.530422
chr16	69750000	70000000	-0.400953
chr16	70000000	70250000	-0.442189
chr16	70250000	70500000	-0.147926
chr16	70500000	70750000	-0.533555
chr16	70750000	71000000	-0.843651
chr16	71000000	71250000	-0.933934
chr16	71250000	71500000	-0.956217
chr16	71500000	71750000	-1.01376
chr16	71750000	72000000	-1.07958
chr16	72000000	72250000	-1.03216
chr16	72250000	72500000	-1.0943
chr16	72500000	72750000	-1.11704
chr16	72750000	73000000	-1.09918
chr16	73000000	73250000	-1.08779
chr16	73250000	73500000	-1.0993
chr16	73500000	73750000	-1.03034
chr16	73750000	74000000	-1.02092
chr16	74000000	74250000	-1.00796
chr16	74250000	74500000	-0.946912
chr16	74500000	74750000	-1.01338
chr16	74750000	75000000	-1.01607
chr16	75000000	75250000	-1.02627
chr16	75250000	75500000	-0.899105
chr16	75500000	75750000	-0.380406
chr16	75750000	76000000	0.462578
chr16	76000000	76250000	0.354518
chr16	76250000	76500000	0.239596
chr16	76500000	76750000	0.15735
chr16	76750000	77000000	-0.226126
chr16	77000000	77250000	-0.171864
chr16	77250000	77500000	-0.453556
chr16	77500000	77750000	-0.733341
chr16	77750000	78000000	-1.05901
chr16	78000000	78250000	-0.78144
chr16	78250000	78500000	-0.315777
chr16	78500000	78750000	-0.280186
chr16	78750000	79000000	-0.90901
chr16	79000000	79250000	-0.92456
chr16	79250000	79500000	-0.954267
chr16	79500000	79750000	-0.916326
chr16	79750000	80000000	-0.928814
chr16	80000000	80250000	-0.879618
chr16	80250000	80500000	-0.830353
chr16	80500000	80750000	-0.849047
chr16	80750000	81000000	-0.806622
chr16	81000000	81250000	-0.749803
chr16	81250000	81500000	-0.676165
chr16	81500000	81750000	-0.754361
chr16	81750000	82000000	-0.732692
chr16	82000000	82250000	-0.663998
chr16	82250000	82500000	-0.659418
chr16	82500000	82750000	-0.635906
chr16	82750000	83000000	-0.624368
chr16	83000000	83250000	-0.632029
chr16	83250000	83500000	-0.627677
chr16	83500000	83750000	-0.606792
chr16	83750000	84000000	-0.636171
chr16	84000000	84250000	-0.614181
chr16	84250000	84500000	-0.554225
chr16	84500000	84750000	0.25269
chr16	84750000	85000000	-0.118089
chr16	85000000	85250000	-0.291936
chr16	85250000	85500000	-0.765095
chr16	85500000	85750000	-0.608015
chr16	85750000	86000000	-0.741266
chr16	86000000	86250000	-0.906408
chr16	86250000	86500000	-0.868209
chr16	86500000	86750000	-0.87712
chr16	86750000	87000000	-0.919601
chr16	87000000	87250000	-0.779541
chr16	87250000	87500000	0.0870747
chr16	87500000	87750000	0.193851
chr16	87750000	88000000	-0.620779
chr16	88000000	88250000	-0.930655
chr16	88250000	88500000	-0.824502
chr16	88500000	88750000	-0.708564
chr16	88750000	89000000	-0.783032
chr16	89000000	89250000	-1.00877
chr16	89250000	89500000	-1.06303
chr16	89500000	89750000	-0.868127
chr16	89750000	90000000	0.0862873
chr16	90000000	90250000	0.405491
chr16	90250000	90500000	0.33792
chr16	90500000	90750000	-0.016094
chr16	90750000	91000000	0.69621
chr16	91000000	91250000	0.803326
chr16	91250000	91500000	0.927145
chr16	91500000	91750000	0.950512
chr16	91750000	92000000	0.924632
chr16	92000000	92250000	0.761653
chr16	92250000	92500000	0.798326
chr16	92500000	92750000	0.684352
chr16	92750000	93000000	0.759329
chr16	93000000	93250000	0.730641
chr16	93250000	93500000	0.665688
chr16	93500000	93750000	0.774885
chr16	93750000	94000000	0.887315
chr16	94000000	94250000	0.851015
chr16	94250000	94500000	0.888199
chr16	94500000	94750000	0.852777
chr16	94750000	95000000	0.457946
chr16	95000000	95250000	0.427007
chr16	95250000	95500000	0.716302
chr16	95500000	95750000	0.805991
chr16	95750000	96000000	0.897374
chr16	96000000	96250000	0.883299
chr16	96250000	96500000	0.564719
chr16	96500000	96750000	0.590929
chr16	96750000	97000000	0.092016
chr16	97000000	97250000	-0.033173
chr16	97250000	97500000	0.244533
chr16	97500000	97750000	0.213553
chr16	97750000	98000000	0.512545
chr16	98000000	98207768	0.355432
#bedGraph section chr17:0-94987271
chr17	0	250000	nan
chr17	250000	500000	nan
chr17	500000	750000	nan
chr17	750000	1000000	nan
chr17	1000000	1250000	nan
chr17	1250000	1500000	nan
chr17	1500000	1750000	nan
chr17	1750000	2000000	nan
chr17	2000000	2250000	nan
chr17	2250000	2500000	nan
chr17	2500000	2750000	nan
chr17	2750000	3000000	nan
chr17	3000000	3250000	-0.041658
chr17	3250000	3500000	-0.0573637
chr17	3500000	3750000	-0.286748
chr17	3750000	4000000	-0.443056
chr17	4000000	4250000	-0.181373
chr17	4250000	4500000	0.127922
chr17	4500000	4750000	0.194081
chr17	4750000	5000000	0.429578
chr17	5000000	5250000	0.607405
chr17	5250000	5500000	0.567958
chr17	5500000	5750000	0.681461
chr17	5750000	6000000	0.811777
chr17	6000000	6250000	0.769871
chr17	6250000	6500000	nan
chr17	6500000	6750000	0.804196
chr17	6750000	7000000	0.864651
chr17	7000000	7250000	0.614768
chr17	7250000	7500000	0.520618
chr17	7500000	7750000	0.216237
chr17	7750000	8000000	0.571873
chr17	8000000	8250000	0.82717
chr17	8250000	8500000	0.49655
chr17	8500000	8750000	-0.215253
chr17	8750000	9000000	-0.109454
chr17	9000000	9250000	-0.761611
chr17	9250000	9500000	-1.20454
chr17	9500000	9750000	-0.969907
chr17	9750000	10000000	-0.571465
chr17	10000000	10250000	-0.205731
chr17	10250000	10500000	-0.0214439
chr17	10500000	10750000	-0.628047
chr17	10750000	11000000	-0.706947
chr17	11000000	11250000	-0.980719
chr17	11250000	11500000	-1.00387
chr17	11500000	11750000	-0.94717
chr17	11750000	12000000	-0.8052
chr17	12000000	12250000	0.186224
chr17	12250000	12500000	0.0861792
chr17	12500000	12750000	-0.127896
chr17	12750000	13000000	0.275282
chr17	13000000	13250000	-1.20973
chr17	13250000	13500000	-1.4907
chr17	13500000	13750000	-0.618916
chr17	13750000	14000000	-1.06619
chr17	14000000	14250000	-1.262
chr17	14250000	14500000	-1.36829
chr17	14500000	14750000	-1.23882
chr17	14750000	15000000	-0.665594
chr17	15000000	15250000	-0.21982
chr17	15250000	15500000	0.0412281
chr17	15500000	15750000	0.0769457
chr17	15750000	16000000	-0.602475
chr17	16000000	16250000	-1.10431
chr17	16250000	16500000	-1.05006
chr17	16500000	16750000	-1.06127
chr17	16750000	17000000	-0.706946
chr17	17000000	17250000	-0.492066
chr17	17250000	17500000	-0.292505
chr17	17500000	17750000	-0.099457
chr17	17750000	18000000	-0.661547
chr17	18000000	18250000	-0.991298
chr17	18250000	18500000	-0.961248
chr17	18500000	18750000	-0.82895
chr17	18750000	19000000	-0.777041
chr17	19000000	19250000	-0.860794
chr17	19250000	19500000	-0.901123
chr17	19500000	19750000	-0.967533
chr17	19750000	20000000	-1.00759
chr17	20000000	20250000	-0.990847
chr17	20250000	20500000	-1.04713
chr17	20500000	20750000	-1.10003
chr17	20750000	21000000	-0.796774
chr17	21000000	21250000	-0.643915
chr17	21250000	21500000	-0.203703
chr17	21500000	21750000	-0.0584319
chr17	21750000	22000000	-0.557449
chr17	22000000	22250000	-0.661892
chr17	22250000	22500000	-0.530278
chr17	22500000	22750000	-0.894654
chr17	22750000	23000000	-0.626966
chr17	23000000	23250000	-0.743347
chr17	23250000	23500000	-0.675383
chr17	23500000	23750000	0.394784
chr17	23750000	24000000	0.904623
chr17	24000000	24250000	1.00416
chr17	24250000	24500000	0.992943
chr17	24500000	24750000	0.92902
chr17	24750000	25000000	0.861429
chr17	25000000	25250000	0.794761
chr17	25250000	25500000	0.722445
chr17	25500000	25750000	0.708386
chr17	25750000	26000000	0.741874
chr17	26000000	26250000	0.719468
chr17	26250000	26500000	0.651274
chr17	26500000	26750000	0.653085
chr17	26750000	27000000	0.654004
chr17	27000000	27250000	0.633135
chr17	27250000	27500000	0.62605
chr17	27500000	27750000	0.62781
chr17	27750000	28000000	0.631211
chr17	28000000	28250000	0.621493
chr17	28250000	28500000	0.623897
chr17	28500000	28750000	0.607711
chr17	28750000	29000000	0.609957
chr17	29000000	29250000	0.606352
chr17	29250000	29500000	0.608149
chr17	29500000	29750000	0.608539
chr17	29750000	30000000	0.574195
chr17	30000000	30250000	0.555383
chr17	30250000	30500000	0.527444
chr17	30500000	30750000	0.548374
chr17	30750000	31000000	0.533787
chr17	31000000	31250000	0.598918
chr17	31250000	31500000	0.605643
chr17	31500000	31750000	0.616902
chr17	31750000	32000000	0.622136
chr17	32000000	32250000	0.623112
chr17	32250000	32500000	0.645203
chr17	32500000	32750000	0.574465
chr17	32750000	33000000	0.590633
chr17	33000000	33250000	0.542986
chr17	33250000	33500000	0.588283
chr17	33500000	33750000	0.646229
chr17	33750000	34000000	0.68519
chr17	34000000	34250000	0.644995
chr17	34250000	34500000	0.65824
chr17	34500000	34750000	0.709494
chr17	34750000	35000000	0.752856
chr17	35000000	35250000	0.791283
chr17	35250000	35500000	0.912564
chr17	35500000	35750000	0.962532
chr17	35750000	36000000	1.00762
chr17	36000000	36250000	0.869894
chr17	36250000	36500000	0.054942
chr17	36500000	36750000	-0.52138
chr17	36750000	37000000	0.0598343
chr17	37000000	37250000	-0.626369
chr17	37250000	37500000	-1.0856
chr17	37500000	37750000	-1.27014
chr17	37750000	38000000	-1.23679
chr17	38000000	38250000	-1.27207
chr17	38250000	38500000	-1.20649
chr17	38500000	38750000	-1.1914
chr17	38750000	39000000	-1.23429
chr17	39000000	39250000	-1.28077
chr17	39250000	39500000	-1.29313
chr17	39500000	39750000	-1.23546
chr17	39750000	40000000	-0.0691063
chr17	40000000	40250000	-1.05785
chr17	40250000	40500000	-1.07028
chr17	40500000	40750000	-1.2726
chr17	40750000	41000000	-0.893136
chr17	41000000	41250000	-1.24292
chr17	41250000	41500000	-1.27085
chr17	41500000	41750000	-1.25879
chr17	41750000	42000000	-1.30727
chr17	42000000	42250000	-1.34755
chr17	42250000	42500000	-1.4044
chr17	42500000	42750000	-1.17652
chr17	42750000	43000000	-0.0286842
chr17	43000000	43250000	0.126637
chr17	43250000	43500000	0.123085
chr17	43500000	43750000	0.338141
chr17	43750000	44000000	0.199437
chr17	44000000	44250000	0.495804
chr17	44250000	44500000	0.57729
chr17	44500000	44750000	0.610593
chr17	44750000	45000000	0.605285
chr17	45000000	45250000	0.564173
chr17	45250000	45500000	0.792968
chr17	45500000	45750000	0.910151
chr17	45750000	46000000	0.827187
chr17	46000000	46250000	0.882026
chr17	46250000	46500000	0.904477
chr17	46500000	46750000	0.906094
chr17	46750000	47000000	0.879608
chr17	47000000	47250000	0.76018
chr17	47250000	47500000	0.793407
chr17	47500000	47750000	0.887298
chr17	47750000	48000000	0.852488
chr17	48000000	48250000	0.719854
chr17	48250000	48500000	0.494088
chr17	48500000	48750000	-0.296796
chr17	48750000	49000000	-0.681654
chr17	49000000	49250000	-0.574969
chr17	49250000	49500000	-0.448222
chr17	49500000	49750000	-0.699416
chr17	49750000	50000000	-0.198631
chr17	50000000	50250000	0.452234
chr17	50250000	50500000	0.516449
chr17	50500000	50750000	0.531814
chr17	50750000	51000000	0.345411
chr17	51000000	51250000	0.450425
chr17	51250000	51500000	0.272998
chr17	51500000	51750000	0.090242
chr17	51750000	52000000	0.422779
chr17	52000000	52250000	0.333583
chr17	52250000	52500000	-0.12945
chr17	52500000	52750000	-0.693219
chr17	52750000	53000000	-1.14485
chr17	53000000	53250000	-1.21237
chr17	53250000	53500000	-0.71832
chr17	53500000	53750000	-0.355637
chr17	53750000	54000000	-1.24904
chr17	54000000	54250000	-1.31146
chr17	54250000	54500000	-1.29757
chr17	54500000	54750000	-1.37602
chr17	54750000	55000000	-1.32834
chr17	55000000	55250000	-1.339
chr17	55250000	55500000	-1.33992
chr17	55500000	55750000	-0.966329
chr17	55750000	56000000	-0.12368
chr17	56000000	56250000	0.828551
chr17	56250000	56500000	0.987347
chr17	56500000	56750000	0.944166
chr17	56750000	57000000	0.780576
chr17	57000000	57250000	0.471426
chr17	57250000	57500000	-0.15311
chr17	57500000	57750000	-0.767073
chr17	57750000	58000000	-0.817201
chr17	58000000	58250000	-0.899688
chr17	58250000	58500000	-0.982173
chr17	58500000	58750000	-1.03149
chr17	58750000	59000000	-0.908843
chr17	59000000	59250000	-1.08305
chr17	59250000	59500000	-1.20812
chr17	59500000	59750000	-1.1672
chr17	59750000	60000000	-1.12968
chr17	60000000	60250000	-1.11458
chr17	60250000	60500000	-1.10119
chr17	60500000	60750000	-1.12814
chr17	60750000	61000000	-1.10163
chr17	61000000	61250000	-1.11141
chr17	61250000	61500000	-1.07813
chr17	61500000	61750000	-1.04079
chr17	61750000	62000000	-1.0137
chr17	62000000	62250000	-0.938957
chr17	62250000	62500000	-0.804107
chr17	62500000	62750000	-0.823338
chr17	62750000	63000000	-0.394419
chr17	63000000	63250000	-0.269915
chr17	63250000	63500000	-0.0491917
chr17	63500000	63750000	-0.964003
chr17	63750000	64000000	-0.498219
chr17	64000000	64250000	-0.74824
chr17	64250000	64500000	-0.499097
chr17	64500000	64750000	-0.0592645
chr17	64750000	65000000	-0.599324
chr17	65000000	65250000	-1.18936
chr17	65250000	65500000	-1.16613
chr17	65500000	65750000	-0.0167018
chr17	65750000	66000000	0.52043
chr17	66000000	66250000	0.0605867
chr17	66250000	66500000	-0.865886
chr17	66500000	66750000	-1.06411
chr17	66750000	67000000	-1.31796
chr17	67000000	67250000	-1.1446
chr17	67250000	67500000	-1.07613
chr17	67500000	67750000	-1.16177
chr17	67750000	68000000	-1.24716
chr17	68000000	68250000	-1.22985
chr17	68250000	68500000	-1.27545
chr17	68500000	68750000	-1.31758
chr17	68750000	69000000	-1.20529
chr17	69000000	69250000	-0.977954
chr17	69250000	69500000	-0.67247
chr17	69500000	69750000	-1.11805
chr17	69750000	70000000	-1.25694
chr17	70000000	70250000	-1.30425
chr17	70250000	70500000	-1.25699
chr17	70500000	70750000	-0.822406
chr17	70750000	71000000	0.399048
chr17	71000000	71250000	0.778993
chr17	71250000	71500000	0.831454
chr17	71500000	71750000	0.458826
chr17	71750000	72000000	-0.198346
chr17	72000000	72250000	-0.395765
chr17	72250000	72500000	-0.614242
chr17	72500000	72750000	-0.361012
chr17	72750000	73000000	0.521342
chr17	73000000	73250000	0.785536
chr17	73250000	73500000	0.66302
chr17	73500000	73750000	0.580033
chr17	73750000	74000000	0.609454
chr17	74000000	74250000	0.628186
chr17	74250000	74500000	0.8643
chr17	74500000	74750000	0.684226
chr17	74750000	75000000	-0.294809
chr17	75000000	75250000	-0.481865
chr17	75250000	75500000	-0.217761
chr17	75500000	75750000	-0.664147
chr17	75750000	76000000	-1.13356
chr17	76000000	76250000	-1.16359
chr17	76250000	76500000	-1.09477
chr17	76500000	76750000	-1.05509
chr17	76750000	77000000	-1.04408
chr17	77000000	77250000	-1.10761
chr17	77250000	77500000	-1.07507
chr17	77500000	77750000	-1.1091
chr17	77750000	78000000	-1.08164
chr17	78000000	78250000	-0.657436
chr17	78250000	78500000	-0.416287
chr17	78500000	78750000	-0.235681
chr17	78750000	79000000	0.564404
chr17	79000000	79250000	0.414424
chr17	79250000	79500000	0.34554
chr17	79500000	79750000	0.439577
chr17	79750000	80000000	0.672215
chr17	80000000	80250000	0.843893
chr17	80250000	80500000	0.773201
chr17	80500000	80750000	0.347349
chr17	80750000	81000000	-0.117558
chr17	81000000	81250000	-0.43141
chr17	81250000	81500000	-0.743771
chr17	81500000	81750000	-0.64159
chr17	81750000	82000000	-0.527364
chr17	82000000	82250000	-0.884057
chr17	82250000	82500000	-1.05522
chr17	82500000	82750000	-1.11823
chr17	82750000	83000000	-0.759775
chr17	83000000	83250000	-0.185543
chr17	83250000	83500000	0.464659
chr17	83500000	83750000	0.689229
chr17	83750000	84000000	0.826391
chr17	84000000	84250000	0.869693
chr17	84250000	84500000	0.743554
chr17	84500000	84750000	0.614429
chr17	84750000	85000000	0.485816
chr17	85000000	85250000	0.255695
chr17	85250000	85500000	-0.0706738
chr17	85500000	85750000	0.0418264
chr17	85750000	86000000	0.00892507
chr17	86000000	86250000	0.49399
chr17	86250000	86500000	0.606107
chr17	86500000	86750000	0.633026
chr17	86750000	87000000	0.754047
chr17	87000000	87250000	0.852237
chr17	87250000	87500000	0.872143
chr17	87500000	87750000	0.751841
chr17	87750000	88000000	0.472402
chr17	88000000	88250000	0.649579
chr17	88250000	88500000	0.301094
chr17	88500000	88750000	-0.102218
chr17	88750000	89000000	-0.841595
chr17	89000000	89250000	-0.870765
chr17	89250000	89500000	-1.00771
chr17	89500000	89750000	-0.896257
chr17	89750000	90000000	-0.858752
chr17	90000000	90250000	-0.648669
chr17	90250000	90500000	-0.501687
chr17	90500000	90750000	-0.854696
chr17	90750000	91000000	-1.01141
chr17	91000000	91250000	-1.07402
chr17	91250000	91500000	-1.02244
chr17	91500000	91750000	-0.943745
chr17	91750000	92000000	-1.02029
chr17	92000000	92250000	-1.02258
chr17	92250000	92500000	-1.07941
chr17	92500000	92750000	-1.06113
chr17	92750000	93000000	-1.12781
chr17	93000000	93250000	-1.0428
chr17	93250000	93500000	-1.06527
chr17	93500000	93750000	-1.08954
chr17	93750000	94000000	-1.06097
chr17	94000000	94250000	-1.07727
chr17	94250000	94500000	-1.0826
chr17	94500000	94750000	-0.909637
chr17	94750000	94987271	-0.462631
#bedGraph section chr18:0-90702639
chr18	0	250000	nan
chr18	250000	500000	nan
chr18	500000	750000	nan
chr18	750000	1000000	nan
chr18	1000000	1250000	nan
chr18	1250000	1500000	nan
chr18	1500000	1750000	nan
chr18	1750000	2000000	nan
chr18	2000000	2250000	nan
chr18	2250000	2500000	nan
chr18	2500000	2750000	nan
chr18	2750000	3000000	nan
chr18	3000000	3250000	-0.214304
chr18	3250000	3500000	0.187476
chr18	3500000	3750000	-0.309307
chr18	3750000	4000000	-0.358143
chr18	4000000	4250000	0.0172983
chr18	4250000	4500000	0.637872
chr18	4500000	4750000	0.455867
chr18	4750000	5000000	0.66769
chr18	5000000	5250000	0.665128
chr18	5250000	5500000	0.705751
chr18	5500000	5750000	0.755079
chr18	5750000	6000000	0.831696
chr18	6000000	6250000	0.906009
chr18	6250000	6500000	0.798467
chr18	6500000	6750000	0.006786
chr18	6750000	7000000	-0.352093
chr18	7000000	7250000	-0.729123
chr18	7250000	7500000	-0.340493
chr18	7500000	7750000	0.00805777
chr18	7750000	8000000	-0.13954
chr18	8000000	8250000	-0.88352
chr18	8250000	8500000	-0.957796
chr18	8500000	8750000	-0.826741
chr18	8750000	9000000	-0.914975
chr18	9000000	9250000	-0.713076
chr18	9250000	9500000	0.0304687
chr18	9500000	9750000	-0.697682
chr18	9750000	10000000	-0.293335
chr18	10000000	10250000	0.560098
chr18	10250000	10500000	-0.203866
chr18	10500000	10750000	0.596821
chr18	10750000	11000000	0.438308
chr18	11000000	11250000	0.0980154
chr18	11250000	11500000	-0.160955
chr18	11500000	11750000	0.527915
chr18	11750000	12000000	0.707415
chr18	12000000	12250000	0.833096
chr18	12250000	12500000	0.455332
chr18	12500000	12750000	0.443839
chr18	12750000	13000000	0.5421
chr18	13000000	13250000	-0.420455
chr18	13250000	13500000	-0.680001
chr18	13500000	13750000	-0.554584
chr18	13750000	14000000	-0.0728076
chr18	14000000	14250000	-0.586485
chr18	14250000	14500000	-0.628303
chr18	14500000	14750000	0.24306
chr18	14750000	15000000	0.512111
chr18	15000000	15250000	0.710824
chr18	15250000	15500000	0.0111381
chr18	15500000	15750000	-0.537415
chr18	15750000	16000000	-0.819072
chr18	16000000	16250000	-0.774395
chr18	16250000	16500000	-0.912527
chr18	16500000	16750000	-0.918837
chr18	16750000	17000000	-0.819803
chr18	17000000	17250000	-0.872831
chr18	17250000	17500000	-0.87884
chr18	17500000	17750000	-0.898454
chr18	17750000	18000000	-0.86215
chr18	18000000	18250000	-0.892434
chr18	18250000	18500000	-0.894326
chr18	18500000	18750000	-0.870164
chr18	18750000	19000000	-0.903998
chr18	19000000	19250000	-0.950342
chr18	19250000	19500000	-1.01464
chr18	19500000	19750000	-1.04456
chr18	19750000	20000000	-0.997783
chr18	20000000	20250000	-1.13437
chr18	20250000	20500000	-1.1528
chr18	20500000	20750000	-0.457103
chr18	20750000	21000000	0.382082
chr18	21000000	21250000	-0.402686
chr18	21250000	21500000	-0.660088
chr18	21500000	21750000	0.308822
chr18	21750000	22000000	-0.523457
chr18	22000000	22250000	-0.844683
chr18	22250000	22500000	-0.94375
chr18	22500000	22750000	-0.945711
chr18	22750000	23000000	-0.835784
chr18	23000000	23250000	-0.451954
chr18	23250000	23500000	-0.516077
chr18	23500000	23750000	-0.0235078
chr18	23750000	24000000	0.889987
chr18	24000000	24250000	1.07719
chr18	24250000	24500000	0.781031
chr18	24500000	24750000	0.5987
chr18	24750000	25000000	-0.215795
chr18	25000000	25250000	0.171877
chr18	25250000	25500000	0.455584
chr18	25500000	25750000	0.0909713
chr18	25750000	26000000	-0.893984
chr18	26000000	26250000	-1.01191
chr18	26250000	26500000	-0.969778
chr18	26500000	26750000	-0.985784
chr18	26750000	27000000	-0.89738
chr18	27000000	27250000	-0.888445
chr18	27250000	27500000	-0.925134
chr18	27500000	27750000	-0.914955
chr18	27750000	28000000	-0.920094
chr18	28000000	28250000	-0.903417
chr18	28250000	28500000	-0.825231
chr18	28500000	28750000	-0.933131
chr18	28750000	29000000	-0.967288
chr18	29000000	29250000	-0.978354
chr18	29250000	29500000	-0.985084
chr18	29500000	29750000	-1.06589
chr18	29750000	30000000	-1.07947
chr18	30000000	30250000	-0.9216
chr18	30250000	30500000	-0.32472
chr18	30500000	30750000	-0.883913
chr18	30750000	31000000	-1.01081
chr18	31000000	31250000	-1.04815
chr18	31250000	31500000	-0.838863
chr18	31500000	31750000	0.358733
chr18	31750000	32000000	1.03166
chr18	32000000	32250000	1.03061
chr18	32250000	32500000	0.955362
chr18	32500000	32750000	0.579119
chr18	32750000	33000000	0.283055
chr18	33000000	33250000	0.0193634
chr18	33250000	33500000	-0.297689
chr18	33500000	33750000	-0.354278
chr18	33750000	34000000	0.276258
chr18	34000000	34250000	0.756161
chr18	34250000	34500000	0.874082
chr18	34500000	34750000	0.819095
chr18	34750000	35000000	0.716279
chr18	35000000	35250000	0.66144
chr18	35250000	35500000	0.663313
chr18	35500000	35750000	0.665939
chr18	35750000	36000000	0.760626
chr18	36000000	36250000	0.720653
chr18	36250000	36500000	0.849289
chr18	36500000	36750000	0.960854
chr18	36750000	37000000	-0.144412
chr18	37000000	37250000	-0.969685
chr18	37250000	37500000	-0.834565
chr18	37500000	37750000	-0.249383
chr18	37750000	38000000	0.649075
chr18	38000000	38250000	0.858963
chr18	38250000	38500000	0.93576
chr18	38500000	38750000	0.845959
chr18	38750000	39000000	0.821854
chr18	39000000	39250000	0.847177
chr18	39250000	39500000	0.746884
chr18	39500000	39750000	0.731577
chr18	39750000	40000000	0.623107
chr18	40000000	40250000	0.270418
chr18	40250000	40500000	-0.509681
chr18	40500000	40750000	-0.904125
chr18	40750000	41000000	-0.961523
chr18	41000000	41250000	-0.912119
chr18	41250000	41500000	-0.936843
chr18	41500000	41750000	-0.897767
chr18	41750000	42000000	-0.467898
chr18	42000000	42250000	-0.328828
chr18	42250000	42500000	0.459788
chr18	42500000	42750000	-0.225846
chr18	42750000	43000000	-1.15238
chr18	43000000	43250000	-1.21055
chr18	43250000	43500000	-0.993171
chr18	43500000	43750000	-1.07793
chr18	43750000	44000000	-0.947476
chr18	44000000	44250000	-0.864965
chr18	44250000	44500000	-0.327392
chr18	44500000	44750000	-0.581339
chr18	44750000	45000000	-0.160335
chr18	45000000	45250000	-0.977129
chr18	45250000	45500000	-0.975682
chr18	45500000	45750000	-0.874557
chr18	45750000	46000000	-0.794786
chr18	46000000	46250000	0.0603172
chr18	46250000	46500000	0.394819
chr18	46500000	46750000	0.426072
chr18	46750000	47000000	-0.079283
chr18	47000000	47250000	-0.031113
chr18	47250000	47500000	-0.659887
chr18	47500000	47750000	-0.903333
chr18	47750000	48000000	-0.909672
chr18	48000000	48250000	-0.973657
chr18	48250000	48500000	-0.932423
chr18	48500000	48750000	-0.990448
chr18	48750000	49000000	-1.02374
chr18	49000000	49250000	-1.04204
chr18	49250000	49500000	-0.960056
chr18	49500000	49750000	-0.440392
chr18	49750000	50000000	0.954968
chr18	50000000	50250000	0.55462
chr18	50250000	50500000	-0.693361
chr18	50500000	50750000	-0.985189
chr18	50750000	51000000	-1.00499
chr18	51000000	51250000	-0.871006
chr18	51250000	51500000	-0.927348
chr18	51500000	51750000	-0.895958
chr18	51750000	52000000	-0.845792
chr18	52000000	52250000	-0.756418
chr18	52250000	52500000	-0.399112
chr18	52500000	52750000	-0.214124
chr18	52750000	53000000	0.109825
chr18	53000000	53250000	0.883714
chr18	53250000	53500000	0.479584
chr18	53500000	53750000	0.496935
chr18	53750000	54000000	0.896969
chr18	54000000	54250000	0.511974
chr18	54250000	54500000	0.523549
chr18	54500000	54750000	0.613633
chr18	54750000	55000000	0.717904
chr18	55000000	55250000	0.713318
chr18	55250000	55500000	0.629154
chr18	55500000	55750000	0.598188
chr18	55750000	56000000	0.541044
chr18	56000000	56250000	0.566687
chr18	56250000	56500000	0.781623
chr18	56500000	56750000	0.920891
chr18	56750000	57000000	0.908673
chr18	57000000	57250000	0.864161
chr18	57250000	57500000	0.540109
chr18	57500000	57750000	0.173633
chr18	57750000	58000000	0.399879
chr18	58000000	58250000	-0.626367
chr18	58250000	58500000	-0.726103
chr18	58500000	58750000	-0.266643
chr18	58750000	59000000	-0.858851
chr18	59000000	59250000	-0.643703
chr18	59250000	59500000	-0.987774
chr18	59500000	59750000	-0.991992
chr18	59750000	60000000	-0.982899
chr18	60000000	60250000	-0.657498
chr18	60250000	60500000	-0.169506
chr18	60500000	60750000	0.793753
chr18	60750000	61000000	1.03082
chr18	61000000	61250000	1.00369
chr18	61250000	61500000	0.903275
chr18	61500000	61750000	0.938399
chr18	61750000	62000000	0.583028
chr18	62000000	62250000	0.787465
chr18	62250000	62500000	-0.193554
chr18	62500000	62750000	0.111072
chr18	62750000	63000000	-0.0656345
chr18	63000000	63250000	-0.797212
chr18	63250000	63500000	-1.11608
chr18	63500000	63750000	-0.269352
chr18	63750000	64000000	-0.0728352
chr18	64000000	64250000	-0.979988
chr18	64250000	64500000	-0.346542
chr18	64500000	64750000	0.152192
chr18	64750000	65000000	0.692687
chr18	65000000	65250000	0.813848
chr18	65250000	65500000	0.964715
chr18	65500000	65750000	0.80268
chr18	65750000	66000000	0.769119
chr18	66000000	66250000	0.176027
chr18	66250000	66500000	0.274116
chr18	66500000	66750000	-0.472097
chr18	66750000	67000000	-0.644546
chr18	67000000	67250000	0.269731
chr18	67250000	67500000	0.939395
chr18	67500000	67750000	0.980361
chr18	67750000	68000000	0.970476
chr18	68000000	68250000	0.971675
chr18	68250000	68500000	0.701861
chr18	68500000	68750000	0.439068
chr18	68750000	69000000	0.671001
chr18	69000000	69250000	0.670102
chr18	69250000	69500000	0.761991
chr18	69500000	69750000	0.694849
chr18	69750000	70000000	-0.000935919
chr18	70000000	70250000	-0.518994
chr18	70250000	70500000	-0.252943
chr18	70500000	70750000	0.281431
chr18	70750000	71000000	-0.72295
chr18	71000000	71250000	-0.774734
chr18	71250000	71500000	-0.894554
chr18	71500000	71750000	-0.94069
chr18	71750000	72000000	-0.859039
chr18	72000000	72250000	-0.875736
chr18	72250000	72500000	-0.880108
chr18	72500000	72750000	-0.904394
chr18	72750000	73000000	-0.90854
chr18	73000000	73250000	-0.816333
chr18	73250000	73500000	-0.741035
chr18	73500000	73750000	0.208961
chr18	73750000	74000000	0.46384
chr18	74000000	74250000	0.0918705
chr18	74250000	74500000	-0.0442598
chr18	74500000	74750000	-0.343693
chr18	74750000	75000000	0.666825
chr18	75000000	75250000	0.992377
chr18	75250000	75500000	1.07131
chr18	75500000	75750000	0.803432
chr18	75750000	76000000	0.445677
chr18	76000000	76250000	0.482242
chr18	76250000	76500000	0.143672
chr18	76500000	76750000	-0.65077
chr18	76750000	77000000	-0.117933
chr18	77000000	77250000	0.42153
chr18	77250000	77500000	-0.0898849
chr18	77500000	77750000	0.45874
chr18	77750000	78000000	0.988286
chr18	78000000	78250000	0.707598
chr18	78250000	78500000	0.395487
chr18	78500000	78750000	0.359444
chr18	78750000	79000000	0.490741
chr18	79000000	79250000	0.589258
chr18	79250000	79500000	0.453763
chr18	79500000	79750000	0.213864
chr18	79750000	80000000	0.204677
chr18	80000000	80250000	0.81365
chr18	80250000	80500000	0.926305
chr18	80500000	80750000	0.977366
chr18	80750000	81000000	0.757661
chr18	81000000	81250000	0.171165
chr18	81250000	81500000	0.306865
chr18	81500000	81750000	0.147309
chr18	81750000	82000000	-0.0325833
chr18	82000000	82250000	-0.366861
chr18	82250000	82500000	0.0451759
chr18	82500000	82750000	0.886716
chr18	82750000	83000000	0.992056
chr18	83000000	83250000	-0.196374
chr18	83250000	83500000	-0.478187
chr18	83500000	83750000	-0.32477
chr18	83750000	84000000	0.172641
chr18	84000000	84250000	0.54867
chr18	84250000	84500000	0.743472
chr18	84500000	84750000	0.171862
chr18	84750000	85000000	-0.172093
chr18	85000000	85250000	-0.955928
chr18	85250000	85500000	-1.02023
chr18	85500000	85750000	-0.971925
chr18	85750000	86000000	-0.948701
chr18	86000000	86250000	-1.00377
chr18	86250000	86500000	-0.808262
chr18	86500000	86750000	-0.423888
chr18	86750000	87000000	-0.800519
chr18	87000000	87250000	-0.855427
chr18	87250000	87500000	-0.866979
chr18	87500000	87750000	-0.849467
chr18	87750000	88000000	-0.908641
chr18	88000000	88250000	-0.990568
chr18	88250000	88500000	-1.00283
chr18	88500000	88750000	-0.917349
chr18	88750000	89000000	-0.147497
chr18	89000000	89250000	-0.307561
chr18	89250000	89500000	-0.906892
chr18	89500000	89750000	-0.972292
chr18	89750000	90000000	-0.974639
chr18	90000000	90250000	-1.07406
chr18	90250000	90500000	-0.812758
chr18	90500000	90702639	0.163272
#bedGraph section chr19:0-61431566
chr19	0	250000	nan
chr19	250000	500000	nan
chr19	500000	750000	nan
chr19	750000	1000000	nan
chr19	1000000	1250000	nan
chr19	1250000	1500000	nan
chr19	1500000	1750000	nan
chr19	1750000	2000000	nan
chr19	2000000	2250000	nan
chr19	2250000	2500000	nan
chr19	2500000	2750000	nan
chr19	2750000	3000000	nan
chr19	3000000	3250000	-0.853852
chr19	3250000	3500000	0.576519
chr19	3500000	3750000	1.135
chr19	3750000	4000000	1.06667
chr19	4000000	4250000	0.792779
chr19	4250000	4500000	0.704636
chr19	4500000	4750000	0.642307
chr19	4750000	5000000	0.589748
chr19	5000000	5250000	0.555654
chr19	5250000	5500000	0.465886
chr19	5500000	5750000	0.419297
chr19	5750000	6000000	0.414903
chr19	6000000	6250000	0.459936
chr19	6250000	6500000	0.499241
chr19	6500000	6750000	0.534595
chr19	6750000	7000000	0.645876
chr19	7000000	7250000	0.779292
chr19	7250000	7500000	0.777837
chr19	7500000	7750000	0.0305413
chr19	7750000	8000000	-0.535648
chr19	8000000	8250000	-0.378572
chr19	8250000	8500000	-0.492137
chr19	8500000	8750000	0.367449
chr19	8750000	9000000	0.752401
chr19	9000000	9250000	0.276198
chr19	9250000	9500000	-0.534512
chr19	9500000	9750000	-0.428556
chr19	9750000	10000000	0.400028
chr19	10000000	10250000	0.797805
chr19	10250000	10500000	0.848656
chr19	10500000	10750000	0.937244
chr19	10750000	11000000	0.879355
chr19	11000000	11250000	0.828388
chr19	11250000	11500000	0.832868
chr19	11500000	11750000	0.786725
chr19	11750000	12000000	0.720481
chr19	12000000	12250000	-0.405177
chr19	12250000	12500000	-0.269384
chr19	12500000	12750000	0.0241709
chr19	12750000	13000000	-0.346686
chr19	13000000	13250000	-0.933785
chr19	13250000	13500000	-0.994228
chr19	13500000	13750000	-0.991767
chr19	13750000	14000000	-0.75837
chr19	14000000	14250000	0.131195
chr19	14250000	14500000	0.487201
chr19	14500000	14750000	0.199003
chr19	14750000	15000000	-0.627682
chr19	15000000	15250000	-0.722616
chr19	15250000	15500000	-0.900578
chr19	15500000	15750000	-0.481078
chr19	15750000	16000000	0.298594
chr19	16000000	16250000	0.754708
chr19	16250000	16500000	0.647162
chr19	16500000	16750000	0.567019
chr19	16750000	17000000	0.0435978
chr19	17000000	17250000	0.222039
chr19	17250000	17500000	0.132953
chr19	17500000	17750000	-0.982839
chr19	17750000	18000000	-1.05916
chr19	18000000	18250000	-1.13253
chr19	18250000	18500000	-1.01619
chr19	18500000	18750000	-0.113863
chr19	18750000	19000000	-0.982536
chr19	19000000	19250000	-1.12614
chr19	19250000	19500000	-1.11425
chr19	19500000	19750000	-1.10302
chr19	19750000	20000000	-1.10614
chr19	20000000	20250000	-1.16094
chr19	20250000	20500000	-0.673103
chr19	20500000	20750000	-1.01305
chr19	20750000	21000000	-0.679256
chr19	21000000	21250000	-0.15575
chr19	21250000	21500000	-0.269818
chr19	21500000	21750000	0.362089
chr19	21750000	22000000	0.342274
chr19	22000000	22250000	-0.5043
chr19	22250000	22500000	-0.836129
chr19	22500000	22750000	-1.1899
chr19	22750000	23000000	-0.979776
chr19	23000000	23250000	-0.241237
chr19	23250000	23500000	-0.410756
chr19	23500000	23750000	-0.639618
chr19	23750000	24000000	-0.544236
chr19	24000000	24250000	-0.0339524
chr19	24250000	24500000	0.794265
chr19	24500000	24750000	0.858454
chr19	24750000	25000000	0.702517
chr19	25000000	25250000	0.736893
chr19	25250000	25500000	0.0455871
chr19	25500000	25750000	-0.317656
chr19	25750000	26000000	-1.27529
chr19	26000000	26250000	-1.19774
chr19	26250000	26500000	-0.958312
chr19	26500000	26750000	-0.0420284
chr19	26750000	27000000	0.221188
chr19	27000000	27250000	-0.141991
chr19	27250000	27500000	-0.111995
chr19	27500000	27750000	-0.803875
chr19	27750000	28000000	0.0922118
chr19	28000000	28250000	-0.404017
chr19	28250000	28500000	-0.583946
chr19	28500000	28750000	-0.295723
chr19	28750000	29000000	0.189187
chr19	29000000	29250000	0.92146
chr19	29250000	29500000	1.05909
chr19	29500000	29750000	0.89373
chr19	29750000	30000000	0.605687
chr19	30000000	30250000	0.250657
chr19	30250000	30500000	-0.402682
chr19	30500000	30750000	-0.479532
chr19	30750000	31000000	-0.425176
chr19	31000000	31250000	0.0175361
chr19	31250000	31500000	-0.10936
chr19	31500000	31750000	-0.291692
chr19	31750000	32000000	0.122997
chr19	32000000	32250000	0.572601
chr19	32250000	32500000	0.695612
chr19	32500000	32750000	0.580183
chr19	32750000	33000000	0.809993
chr19	33000000	33250000	0.723331
chr19	33250000	33500000	0.0925941
chr19	33500000	33750000	-0.353515
chr19	33750000	34000000	-0.432736
chr19	34000000	34250000	0.286717
chr19	34250000	34500000	0.457578
chr19	34500000	34750000	0.748326
chr19	34750000	35000000	0.530875
chr19	35000000	35250000	-0.597673
chr19	35250000	35500000	-0.940798
chr19	35500000	35750000	-0.981504
chr19	35750000	36000000	-0.618021
chr19	36000000	36250000	0.149488
chr19	36250000	36500000	0.554
chr19	36500000	36750000	0.172536
chr19	36750000	37000000	0.793273
chr19	37000000	37250000	0.901686
chr19	37250000	37500000	0.965353
chr19	37500000	37750000	0.86797
chr19	37750000	38000000	0.758528
chr19	38000000	38250000	0.562524
chr19	38250000	38500000	-0.242115
chr19	38500000	38750000	-0.734436
chr19	38750000	39000000	0.0381358
chr19	39000000	39250000	-1.2073
chr19	39250000	39500000	-1.35988
chr19	39500000	39750000	-1.36827
chr19	39750000	40000000	-1.36611
chr19	40000000	40250000	-0.980706
chr19	40250000	40500000	0.0629371
chr19	40500000	40750000	0.732639
chr19	40750000	41000000	0.893323
chr19	41000000	41250000	0.808549
chr19	41250000	41500000	0.873871
chr19	41500000	41750000	0.844889
chr19	41750000	42000000	0.952771
chr19	42000000	42250000	0.757573
chr19	42250000	42500000	0.0481667
chr19	42500000	42750000	0.179418
chr19	42750000	43000000	-0.356572
chr19	43000000	43250000	-0.739675
chr19	43250000	43500000	-0.22739
chr19	43500000	43750000	0.806912
chr19	43750000	44000000	0.84801
chr19	44000000	44250000	0.812285
chr19	44250000	44500000	0.729724
chr19	44500000	44750000	0.584484
chr19	44750000	45000000	0.564101
chr19	45000000	45250000	0.605626
chr19	45250000	45500000	0.604297
chr19	45500000	45750000	0.587929
chr19	45750000	46000000	0.666244
chr19	46000000	46250000	0.710336
chr19	46250000	46500000	0.792049
chr19	46500000	46750000	0.877313
chr19	46750000	47000000	0.924743
chr19	47000000	47250000	1.0396
chr19	47250000	47500000	1.01111
chr19	47500000	47750000	0.835215
chr19	47750000	48000000	0.104217
chr19	48000000	48250000	-1.18492
chr19	48250000	48500000	-1.26697
chr19	48500000	48750000	-1.20285
chr19	48750000	49000000	-1.05805
chr19	49000000	49250000	-1.02339
chr19	49250000	49500000	-1.07838
chr19	49500000	49750000	-1.02344
chr19	49750000	50000000	-1.09306
chr19	50000000	50250000	-1.06628
chr19	50250000	50500000	-1.06998
chr19	50500000	50750000	-1.03428
chr19	50750000	51000000	-1.0047
chr19	51000000	51250000	-0.988041
chr19	51250000	51500000	-1.00565
chr19	51500000	51750000	-0.96833
chr19	51750000	52000000	-1.0731
chr19	52000000	52250000	-1.08011
chr19	52250000	52500000	-1.14042
chr19	52500000	52750000	-1.21844
chr19	52750000	53000000	-1.11306
chr19	53000000	53250000	0.362384
chr19	53250000	53500000	0.980468
chr19	53500000	53750000	0.849638
chr19	53750000	54000000	0.624733
chr19	54000000	54250000	-0.418992
chr19	54250000	54500000	-1.00199
chr19	54500000	54750000	-1.02598
chr19	54750000	55000000	-1.05276
chr19	55000000	55250000	0.00851419
chr19	55250000	55500000	0.537756
chr19	55500000	55750000	0.688885
chr19	55750000	56000000	0.602521
chr19	56000000	56250000	0.155897
chr19	56250000	56500000	0.442852
chr19	56500000	56750000	0.670542
chr19	56750000	57000000	0.697865
chr19	57000000	57250000	0.977414
chr19	57250000	57500000	0.889299
chr19	57500000	57750000	0.575971
chr19	57750000	58000000	0.0725277
chr19	58000000	58250000	0.180063
chr19	58250000	58500000	0.496967
chr19	58500000	58750000	-0.0097571
chr19	58750000	59000000	0.360636
chr19	59000000	59250000	0.0230706
chr19	59250000	59500000	0.249156
chr19	59500000	59750000	-0.576246
chr19	59750000	60000000	-0.274063
chr19	60000000	60250000	0.0688436
chr19	60250000	60500000	0.123347
chr19	60500000	60750000	0.597083
chr19	60750000	61000000	0.738691
chr19	61000000	61250000	0.552454
chr19	61250000	61431566	0.374803
#bedGraph section chr2:0-182113224
chr2	0	250000	nan
chr2	250000	500000	nan
chr2	500000	750000	nan
chr2	750000	1000000	nan
chr2	1000000	1250000	nan
chr2	1250000	1500000	nan
chr2	1500000	1750000	nan
chr2	1750000	2000000	nan
chr2	2000000	2250000	nan
chr2	2250000	2500000	nan
chr2	2500000	2750000	nan
chr2	2750000	3000000	nan
chr2	3000000	3250000	-0.68789
chr2	3250000	3500000	0.101491
chr2	3500000	3750000	0.616601
chr2	3750000	4000000	0.106874
chr2	4000000	4250000	-0.259082
chr2	4250000	4500000	-0.0772164
chr2	4500000	4750000	0.225659
chr2	4750000	5000000	0.414169
chr2	5000000	5250000	0.747066
chr2	5250000	5500000	0.737224
chr2	5500000	5750000	0.802683
chr2	5750000	6000000	0.990609
chr2	6000000	6250000	0.88808
chr2	6250000	6500000	0.763335
chr2	6500000	6750000	0.235788
chr2	6750000	7000000	-0.163527
chr2	7000000	7250000	-0.483433
chr2	7250000	7500000	-0.689752
chr2	7500000	7750000	-0.799486
chr2	7750000	8000000	-0.86835
chr2	8000000	8250000	-0.930698
chr2	8250000	8500000	-0.930959
chr2	8500000	8750000	-0.692702
chr2	8750000	9000000	-0.869036
chr2	9000000	9250000	-0.936256
chr2	9250000	9500000	-0.874962
chr2	9500000	9750000	-0.71209
chr2	9750000	10000000	-0.192722
chr2	10000000	10250000	0.138999
chr2	10250000	10500000	-0.0504856
chr2	10500000	10750000	-0.589621
chr2	10750000	11000000	-0.509997
chr2	11000000	11250000	0.145523
chr2	11250000	11500000	0.694258
chr2	11500000	11750000	0.834721
chr2	11750000	12000000	0.225369
chr2	12000000	12250000	-0.179073
chr2	12250000	12500000	0.00200007
chr2	12500000	12750000	-0.597889
chr2	12750000	13000000	-0.49633
chr2	13000000	13250000	0.029809
chr2	13250000	13500000	0.414266
chr2	13500000	13750000	0.376883
chr2	13750000	14000000	0.207886
chr2	14000000	14250000	0.360092
chr2	14250000	14500000	-0.127997
chr2	14500000	14750000	-0.0167906
chr2	14750000	15000000	-0.345593
chr2	15000000	15250000	-0.465982
chr2	15250000	15500000	-0.881984
chr2	15500000	15750000	-0.860341
chr2	15750000	16000000	-0.856295
chr2	16000000	16250000	-0.822131
chr2	16250000	16500000	-0.642961
chr2	16500000	16750000	-0.7174
chr2	16750000	17000000	-0.727761
chr2	17000000	17250000	-0.654061
chr2	17250000	17500000	-0.310224
chr2	17500000	17750000	-0.488878
chr2	17750000	18000000	0.0277585
chr2	18000000	18250000	0.485608
chr2	18250000	18500000	0.384145
chr2	18500000	18750000	0.651104
chr2	18750000	19000000	0.728187
chr2	19000000	19250000	0.568557
chr2	19250000	19500000	0.202249
chr2	19500000	19750000	0.152914
chr2	19750000	20000000	-0.737508
chr2	20000000	20250000	-1.13253
chr2	20250000	20500000	-1.1638
chr2	20500000	20750000	-1.01093
chr2	20750000	21000000	-0.479873
chr2	21000000	21250000	-0.696831
chr2	21250000	21500000	-1.05361
chr2	21500000	21750000	-1.2198
chr2	21750000	22000000	-0.95948
chr2	22000000	22250000	-1.19163
chr2	22250000	22500000	-1.15373
chr2	22500000	22750000	-0.516815
chr2	22750000	23000000	0.327866
chr2	23000000	23250000	0.264452
chr2	23250000	23500000	-0.889848
chr2	23500000	23750000	-0.774282
chr2	23750000	24000000	-1.16922
chr2	24000000	24250000	-0.898552
chr2	24250000	24500000	0.216843
chr2	24500000	24750000	0.585731
chr2	24750000	25000000	1.2249
chr2	25000000	25250000	1.49688
chr2	25250000	25500000	1.46112
chr2	25500000	25750000	1.36189
chr2	25750000	26000000	1.24589
chr2	26000000	26250000	1.20834
chr2	26250000	26500000	1.09629
chr2	26500000	26750000	1.04428
chr2	26750000	27000000	0.973648
chr2	27000000	27250000	0.929711
chr2	27250000	27500000	0.916223
chr2	27500000	27750000	0.858541
chr2	27750000	28000000	0.731938
chr2	28000000	28250000	0.680863
chr2	28250000	28500000	0.79829
chr2	28500000	28750000	0.983365
chr2	28750000	29000000	0.950974
chr2	29000000	29250000	0.915435
chr2	29250000	29500000	0.89494
chr2	29500000	29750000	0.888735
chr2	29750000	30000000	0.905784
chr2	30000000	30250000	0.875934
chr2	30250000	30500000	0.836321
chr2	30500000	30750000	0.879137
chr2	30750000	31000000	0.827309
chr2	31000000	31250000	0.888156
chr2	31250000	31500000	0.90181
chr2	31500000	31750000	0.912465
chr2	31750000	32000000	0.926412
chr2	32000000	32250000	0.921605
chr2	32250000	32500000	0.949335
chr2	32500000	32750000	0.982844
chr2	32750000	33000000	1.0712
chr2	33000000	33250000	1.11389
chr2	33250000	33500000	1.0967
chr2	33500000	33750000	1.0035
chr2	33750000	34000000	1.00873
chr2	34000000	34250000	0.938387
chr2	34250000	34500000	1.099
chr2	34500000	34750000	1.1412
chr2	34750000	35000000	1.3328
chr2	35000000	35250000	1.31238
chr2	35250000	35500000	1.1618
chr2	35500000	35750000	0.980357
chr2	35750000	36000000	0.731825
chr2	36000000	36250000	0.158919
chr2	36250000	36500000	-0.812167
chr2	36500000	36750000	-1.16845
chr2	36750000	37000000	-1.17889
chr2	37000000	37250000	-1.10003
chr2	37250000	37500000	0.026709
chr2	37500000	37750000	0.847443
chr2	37750000	38000000	0.72356
chr2	38000000	38250000	0.849001
chr2	38250000	38500000	0.905718
chr2	38500000	38750000	0.918305
chr2	38750000	39000000	0.812032
chr2	39000000	39250000	0.367922
chr2	39250000	39500000	-0.626853
chr2	39500000	39750000	-0.980715
chr2	39750000	40000000	-0.911322
chr2	40000000	40250000	-0.888238
chr2	40250000	40500000	-0.862192
chr2	40500000	40750000	-0.814482
chr2	40750000	41000000	-0.77676
chr2	41000000	41250000	-0.744593
chr2	41250000	41500000	-0.679963
chr2	41500000	41750000	-0.684151
chr2	41750000	42000000	-0.638504
chr2	42000000	42250000	-0.597591
chr2	42250000	42500000	-0.621233
chr2	42500000	42750000	-0.588714
chr2	42750000	43000000	-0.578145
chr2	43000000	43250000	-0.491584
chr2	43250000	43500000	-0.35524
chr2	43500000	43750000	-0.0611011
chr2	43750000	44000000	0.116714
chr2	44000000	44250000	0.0559033
chr2	44250000	44500000	0.166945
chr2	44500000	44750000	0.256101
chr2	44750000	45000000	0.402395
chr2	45000000	45250000	0.366735
chr2	45250000	45500000	0.270277
chr2	45500000	45750000	0.180669
chr2	45750000	46000000	0.159978
chr2	46000000	46250000	0.197474
chr2	46250000	46500000	0.216786
chr2	46500000	46750000	-0.103836
chr2	46750000	47000000	-0.335756
chr2	47000000	47250000	-0.426398
chr2	47250000	47500000	-0.384325
chr2	47500000	47750000	-0.567367
chr2	47750000	48000000	-0.476519
chr2	48000000	48250000	-0.354527
chr2	48250000	48500000	-0.228567
chr2	48500000	48750000	-0.340507
chr2	48750000	49000000	0.0427687
chr2	49000000	49250000	0.17111
chr2	49250000	49500000	0.19729
chr2	49500000	49750000	0.132335
chr2	49750000	50000000	-0.401522
chr2	50000000	50250000	-0.582073
chr2	50250000	50500000	-0.183168
chr2	50500000	50750000	-0.0230606
chr2	50750000	51000000	0.0770315
chr2	51000000	51250000	-0.0800719
chr2	51250000	51500000	-0.11242
chr2	51500000	51750000	0.115111
chr2	51750000	52000000	0.273489
chr2	52000000	52250000	0.446375
chr2	52250000	52500000	0.477987
chr2	52500000	52750000	0.408848
chr2	52750000	53000000	0.344926
chr2	53000000	53250000	0.167796
chr2	53250000	53500000	-0.65116
chr2	53500000	53750000	-0.500487
chr2	53750000	54000000	-0.33506
chr2	54000000	54250000	-0.600047
chr2	54250000	54500000	-0.819493
chr2	54500000	54750000	-0.838704
chr2	54750000	55000000	-0.832186
chr2	55000000	55250000	-0.821053
chr2	55250000	55500000	-0.848847
chr2	55500000	55750000	-0.860356
chr2	55750000	56000000	-0.79595
chr2	56000000	56250000	-0.686877
chr2	56250000	56500000	-0.769978
chr2	56500000	56750000	-0.768118
chr2	56750000	57000000	-0.722289
chr2	57000000	57250000	-0.229885
chr2	57250000	57500000	-0.254574
chr2	57500000	57750000	-0.544998
chr2	57750000	58000000	-0.544072
chr2	58000000	58250000	0.317986
chr2	58250000	58500000	0.0284289
chr2	58500000	58750000	-0.156482
chr2	58750000	59000000	-0.524474
chr2	59000000	59250000	-0.233082
chr2	59250000	59500000	-0.17745
chr2	59500000	59750000	0.213955
chr2	59750000	60000000	0.414464
chr2	60000000	60250000	0.758324
chr2	60250000	60500000	0.348122
chr2	60500000	60750000	-0.117826
chr2	60750000	61000000	0.160241
chr2	61000000	61250000	-0.322999
chr2	61250000	61500000	-0.110713
chr2	61500000	61750000	0.316137
chr2	61750000	62000000	-0.131007
chr2	62000000	62250000	-0.331787
chr2	62250000	62500000	0.251596
chr2	62500000	62750000	-0.0343225
chr2	62750000	63000000	-0.723833
chr2	63000000	63250000	-0.841591
chr2	63250000	63500000	-0.80845
chr2	63500000	63750000	-0.831959
chr2	63750000	64000000	-0.90577
chr2	64000000	64250000	-0.852179
chr2	64250000	64500000	-0.876809
chr2	64500000	64750000	-0.882344
chr2	64750000	65000000	-0.690608
chr2	65000000	65250000	0.0115401
chr2	65250000	65500000	0.0308851
chr2	65500000	65750000	-0.440057
chr2	65750000	66000000	-0.643646
chr2	66000000	66250000	-0.485484
chr2	66250000	66500000	-0.751749
chr2	66500000	66750000	-0.95036
chr2	66750000	67000000	-0.897343
chr2	67000000	67250000	-0.972383
chr2	67250000	67500000	-0.964119
chr2	67500000	67750000	-0.974609
chr2	67750000	68000000	-1.00724
chr2	68000000	68250000	-1.03649
chr2	68250000	68500000	-0.774987
chr2	68500000	68750000	-0.811014
chr2	68750000	69000000	0.00655021
chr2	69000000	69250000	-0.130987
chr2	69250000	69500000	-0.380026
chr2	69500000	69750000	0.269395
chr2	69750000	70000000	0.939022
chr2	70000000	70250000	0.863177
chr2	70250000	70500000	0.800079
chr2	70500000	70750000	0.882902
chr2	70750000	71000000	1.07662
chr2	71000000	71250000	1.01555
chr2	71250000	71500000	1.02927
chr2	71500000	71750000	0.978859
chr2	71750000	72000000	0.952231
chr2	72000000	72250000	0.915392
chr2	72250000	72500000	0.817928
chr2	72500000	72750000	0.757763
chr2	72750000	73000000	0.916935
chr2	73000000	73250000	0.942319
chr2	73250000	73500000	0.921649
chr2	73500000	73750000	0.459329
chr2	73750000	74000000	0.349099
chr2	74000000	74250000	-0.367548
chr2	74250000	74500000	-0.494332
chr2	74500000	74750000	0.0977724
chr2	74750000	75000000	0.123068
chr2	75000000	75250000	-0.0585403
chr2	75250000	75500000	0.0963527
chr2	75500000	75750000	0.619204
chr2	75750000	76000000	0.609408
chr2	76000000	76250000	-0.238933
chr2	76250000	76500000	-0.483986
chr2	76500000	76750000	-0.510845
chr2	76750000	77000000	-0.880518
chr2	77000000	77250000	-0.844795
chr2	77250000	77500000	-0.831082
chr2	77500000	77750000	-1.02254
chr2	77750000	78000000	-0.614274
chr2	78000000	78250000	-0.590238
chr2	78250000	78500000	-0.720949
chr2	78500000	78750000	-0.543662
chr2	78750000	79000000	-0.0227962
chr2	79000000	79250000	0.578118
chr2	79250000	79500000	0.0634121
chr2	79500000	79750000	0.100214
chr2	79750000	80000000	-0.464969
chr2	80000000	80250000	-0.859535
chr2	80250000	80500000	-0.492088
chr2	80500000	80750000	-0.439766
chr2	80750000	81000000	-0.85267
chr2	81000000	81250000	-0.879816
chr2	81250000	81500000	-0.834718
chr2	81500000	81750000	-0.837258
chr2	81750000	82000000	-0.805133
chr2	82000000	82250000	-0.739963
chr2	82250000	82500000	-0.763645
chr2	82500000	82750000	-0.771978
chr2	82750000	83000000	-0.745405
chr2	83000000	83250000	-0.795657
chr2	83250000	83500000	-0.704633
chr2	83500000	83750000	-0.0763924
chr2	83750000	84000000	0.0520546
chr2	84000000	84250000	0.051135
chr2	84250000	84500000	0.193759
chr2	84500000	84750000	0.610016
chr2	84750000	85000000	0.656825
chr2	85000000	85250000	-0.182951
chr2	85250000	85500000	-0.906937
chr2	85500000	85750000	-0.927704
chr2	85750000	86000000	-0.987851
chr2	86000000	86250000	-0.989101
chr2	86250000	86500000	-0.91908
chr2	86500000	86750000	-0.949741
chr2	86750000	87000000	-0.987187
chr2	87000000	87250000	-0.989289
chr2	87250000	87500000	-0.995882
chr2	87500000	87750000	-1.00662
chr2	87750000	88000000	-0.996635
chr2	88000000	88250000	-0.995343
chr2	88250000	88500000	-0.883834
chr2	88500000	88750000	-0.994703
chr2	88750000	89000000	-0.993466
chr2	89000000	89250000	-0.954599
chr2	89250000	89500000	-0.980055
chr2	89500000	89750000	-0.990955
chr2	89750000	90000000	-1.00111
chr2	90000000	90250000	-0.956712
chr2	90250000	90500000	-0.25989
chr2	90500000	90750000	0.596346
chr2	90750000	91000000	1.06387
chr2	91000000	91250000	1.21245
chr2	91250000	91500000	1.2231
chr2	91500000	91750000	1.2878
chr2	91750000	92000000	1.27196
chr2	92000000	92250000	1.17303
chr2	92250000	92500000	1.1221
chr2	92500000	92750000	0.791361
chr2	92750000	93000000	0.804486
chr2	93000000	93250000	1.01644
chr2	93250000	93500000	0.844282
chr2	93500000	93750000	0.657179
chr2	93750000	94000000	0.589983
chr2	94000000	94250000	0.400956
chr2	94250000	94500000	-0.195497
chr2	94500000	94750000	-1.12668
chr2	94750000	95000000	-1.189
chr2	95000000	95250000	-1.13505
chr2	95250000	95500000	-1.08975
chr2	95500000	95750000	-1.06869
chr2	95750000	96000000	-1.07741
chr2	96000000	96250000	-1.05809
chr2	96250000	96500000	-1.00685
chr2	96500000	96750000	-1.03605
chr2	96750000	97000000	-1.06989
chr2	97000000	97250000	-1.03998
chr2	97250000	97500000	-0.961036
chr2	97500000	97750000	-1.00656
chr2	97750000	98000000	-1.02978
chr2	98000000	98250000	-1.03482
chr2	98250000	98500000	-0.971908
chr2	98500000	98750000	0.0354242
chr2	98750000	99000000	-1.02044
chr2	99000000	99250000	-1.02528
chr2	99250000	99500000	-1.00047
chr2	99500000	99750000	-1.01825
chr2	99750000	100000000	-1.05501
chr2	100000000	100250000	-1.00186
chr2	100250000	100500000	-0.996192
chr2	100500000	100750000	nan
chr2	100750000	101000000	-1.03274
chr2	101000000	101250000	-1.09723
chr2	101250000	101500000	-0.959901
chr2	101500000	101750000	0.0855104
chr2	101750000	102000000	0.612948
chr2	102000000	102250000	0.702578
chr2	102250000	102500000	0.671088
chr2	102500000	102750000	0.630609
chr2	102750000	103000000	0.734133
chr2	103000000	103250000	0.686185
chr2	103250000	103500000	0.802004
chr2	103500000	103750000	1.00788
chr2	103750000	104000000	1.08955
chr2	104000000	104250000	0.691069
chr2	104250000	104500000	0.591586
chr2	104500000	104750000	0.721968
chr2	104750000	105000000	0.333331
chr2	105000000	105250000	-0.189237
chr2	105250000	105500000	-0.568729
chr2	105500000	105750000	-0.652905
chr2	105750000	106000000	-0.337208
chr2	106000000	106250000	-0.858741
chr2	106250000	106500000	-1.05033
chr2	106500000	106750000	-1.02828
chr2	106750000	107000000	-0.847141
chr2	107000000	107250000	-0.947999
chr2	107250000	107500000	-0.993546
chr2	107500000	107750000	-1.01969
chr2	107750000	108000000	-0.899932
chr2	108000000	108250000	-0.88821
chr2	108250000	108500000	-0.796632
chr2	108500000	108750000	-0.713787
chr2	108750000	109000000	-0.596911
chr2	109000000	109250000	-0.407924
chr2	109250000	109500000	-0.343252
chr2	109500000	109750000	-0.612696
chr2	109750000	110000000	-0.496972
chr2	110000000	110250000	-0.573061
chr2	110250000	110500000	-0.85818
chr2	110500000	110750000	-0.900339
chr2	110750000	111000000	-0.917536
chr2	111000000	111250000	-0.83046
chr2	111250000	111500000	-0.912848
chr2	111500000	111750000	-0.969652
chr2	111750000	112000000	-0.967932
chr2	112000000	112250000	-0.653174
chr2	112250000	112500000	0.158412
chr2	112500000	112750000	-0.613306
chr2	112750000	113000000	-1.03183
chr2	113000000	113250000	-1.15176
chr2	113250000	113500000	-0.842839
chr2	113500000	113750000	-1.0219
chr2	113750000	114000000	-0.505765
chr2	114000000	114250000	-0.386905
chr2	114250000	114500000	-0.635969
chr2	114500000	114750000	-0.303183
chr2	114750000	115000000	-0.604344
chr2	115000000	115250000	-0.735822
chr2	115250000	115500000	-0.690158
chr2	115500000	115750000	-0.38961
chr2	115750000	116000000	-0.639238
chr2	116000000	116250000	-0.650021
chr2	116250000	116500000	-0.988813
chr2	116500000	116750000	-0.989577
chr2	116750000	117000000	-0.263144
chr2	117000000	117250000	0.175835
chr2	117250000	117500000	0.527356
chr2	117500000	117750000	0.0763663
chr2	117750000	118000000	0.27669
chr2	118000000	118250000	0.37897
chr2	118250000	118500000	0.845722
chr2	118500000	118750000	0.975659
chr2	118750000	119000000	1.03056
chr2	119000000	119250000	1.03789
chr2	119250000	119500000	1.0559
chr2	119500000	119750000	1.08269
chr2	119750000	120000000	1.07258
chr2	120000000	120250000	1.06776
chr2	120250000	120500000	1.0111
chr2	120500000	120750000	1.04907
chr2	120750000	121000000	1.03582
chr2	121000000	121250000	1.05605
chr2	121250000	121500000	1.07391
chr2	121500000	121750000	0.913716
chr2	121750000	122000000	0.929182
chr2	122000000	122250000	0.857002
chr2	122250000	122500000	0.678446
chr2	122500000	122750000	0.411258
chr2	122750000	123000000	-0.492861
chr2	123000000	123250000	-0.883842
chr2	123250000	123500000	-0.807233
chr2	123500000	123750000	-0.828171
chr2	123750000	124000000	-0.77245
chr2	124000000	124250000	-0.56826
chr2	124250000	124500000	-0.417528
chr2	124500000	124750000	0.0255866
chr2	124750000	125000000	-0.0360761
chr2	125000000	125250000	-0.0861659
chr2	125250000	125500000	0.239337
chr2	125500000	125750000	0.597641
chr2	125750000	126000000	0.703904
chr2	126000000	126250000	0.653526
chr2	126250000	126500000	0.688376
chr2	126500000	126750000	0.901185
chr2	126750000	127000000	1.04219
chr2	127000000	127250000	1.0497
chr2	127250000	127500000	1.04934
chr2	127500000	127750000	0.991283
chr2	127750000	128000000	0.870948
chr2	128000000	128250000	0.87134
chr2	128250000	128500000	0.860168
chr2	128500000	128750000	0.864799
chr2	128750000	129000000	0.921231
chr2	129000000	129250000	0.923893
chr2	129250000	129500000	0.881266
chr2	129500000	129750000	0.861159
chr2	129750000	130000000	0.873981
chr2	130000000	130250000	0.889882
chr2	130250000	130500000	1.01749
chr2	130500000	130750000	1.13376
chr2	130750000	131000000	1.08517
chr2	131000000	131250000	1.10442
chr2	131250000	131500000	1.03225
chr2	131500000	131750000	0.799226
chr2	131750000	132000000	0.895345
chr2	132000000	132250000	1.04987
chr2	132250000	132500000	0.796809
chr2	132500000	132750000	0.833248
chr2	132750000	133000000	0.179137
chr2	133000000	133250000	-0.627288
chr2	133250000	133500000	-0.88058
chr2	133500000	133750000	-0.824537
chr2	133750000	134000000	-1.01008
chr2	134000000	134250000	-1.02694
chr2	134250000	134500000	-0.968227
chr2	134500000	134750000	-0.588992
chr2	134750000	135000000	-1.1073
chr2	135000000	135250000	-1.05396
chr2	135250000	135500000	-0.772996
chr2	135500000	135750000	-0.724677
chr2	135750000	136000000	-0.460722
chr2	136000000	136250000	-0.903326
chr2	136250000	136500000	-0.987486
chr2	136500000	136750000	-0.940958
chr2	136750000	137000000	-0.48177
chr2	137000000	137250000	-0.645921
chr2	137250000	137500000	-0.922948
chr2	137500000	137750000	-0.974699
chr2	137750000	138000000	-0.893023
chr2	138000000	138250000	-0.898729
chr2	138250000	138500000	-0.993548
chr2	138500000	138750000	-1.05181
chr2	138750000	139000000	-1.0673
chr2	139000000	139250000	-1.07638
chr2	139250000	139500000	-1.03048
chr2	139500000	139750000	-0.841774
chr2	139750000	140000000	-0.524964
chr2	140000000	140250000	-0.366148
chr2	140250000	140500000	-0.873541
chr2	140500000	140750000	-0.899728
chr2	140750000	141000000	-0.865559
chr2	141000000	141250000	-0.89427
chr2	141250000	141500000	-0.902008
chr2	141500000	141750000	-0.893744
chr2	141750000	142000000	-0.87507
chr2	142000000	142250000	-0.897537
chr2	142250000	142500000	-0.881658
chr2	142500000	142750000	-0.627782
chr2	142750000	143000000	-0.418645
chr2	143000000	143250000	-0.665768
chr2	143250000	143500000	-1.02281
chr2	143500000	143750000	-0.847405
chr2	143750000	144000000	0.109717
chr2	144000000	144250000	0.798092
chr2	144250000	144500000	0.468046
chr2	144500000	144750000	-0.0616446
chr2	144750000	145000000	-0.842743
chr2	145000000	145250000	-0.690786
chr2	145250000	145500000	-0.893809
chr2	145500000	145750000	-0.542372
chr2	145750000	146000000	0.0491597
chr2	146000000	146250000	0.38853
chr2	146250000	146500000	0.309954
chr2	146500000	146750000	-0.395463
chr2	146750000	147000000	-0.269538
chr2	147000000	147250000	-0.0297426
chr2	147250000	147500000	-0.873863
chr2	147500000	147750000	-1.23278
chr2	147750000	148000000	-0.925304
chr2	148000000	148250000	-0.602554
chr2	148250000	148500000	-0.0299175
chr2	148500000	148750000	0.147328
chr2	148750000	149000000	-0.439637
chr2	149000000	149250000	-0.906589
chr2	149250000	149500000	-0.689921
chr2	149500000	149750000	-0.807105
chr2	149750000	150000000	-0.779586
chr2	150000000	150250000	-0.477082
chr2	150250000	150500000	-0.335319
chr2	150500000	150750000	-0.0529599
chr2	150750000	151000000	0.123837
chr2	151000000	151250000	-0.551888
chr2	151250000	151500000	-0.597165
chr2	151500000	151750000	0.0701371
chr2	151750000	152000000	0.382849
chr2	152000000	152250000	0.734637
chr2	152250000	152500000	0.925686
chr2	152500000	152750000	0.897358
chr2	152750000	153000000	0.962345
chr2	153000000	153250000	1.05492
chr2	153250000	153500000	1.08161
chr2	153500000	153750000	1.03458
chr2	153750000	154000000	0.930881
chr2	154000000	154250000	0.749866
chr2	154250000	154500000	0.958981
chr2	154500000	154750000	1.0695
chr2	154750000	155000000	1.04034
chr2	155000000	155250000	1.04741
chr2	155250000	155500000	1.05622
chr2	155500000	155750000	1.0807
chr2	155750000	156000000	1.05357
chr2	156000000	156250000	1.06604
chr2	156250000	156500000	1.11858
chr2	156500000	156750000	1.09708
chr2	156750000	157000000	1.15394
chr2	157000000	157250000	1.15809
chr2	157250000	157500000	1.16421
chr2	157500000	157750000	1.08239
chr2	157750000	158000000	1.12191
chr2	158000000	158250000	1.13323
chr2	158250000	158500000	1.02888
chr2	158500000	158750000	0.695217
chr2	158750000	159000000	-0.239827
chr2	159000000	159250000	-1.16094
chr2	159250000	159500000	-1.34085
chr2	159500000	159750000	-1.3879
chr2	159750000	160000000	-1.35714
chr2	160000000	160250000	-1.28006
chr2	160250000	160500000	-0.868947
chr2	160500000	160750000	-0.0972824
chr2	160750000	161000000	-0.0746345
chr2	161000000	161250000	-0.488074
chr2	161250000	161500000	-1.14852
chr2	161500000	161750000	-1.17005
chr2	161750000	162000000	-1.2466
chr2	162000000	162250000	-1.30637
chr2	162250000	162500000	-1.36123
chr2	162500000	162750000	-1.17761
chr2	162750000	163000000	-0.467625
chr2	163000000	163250000	0.463271
chr2	163250000	163500000	0.64497
chr2	163500000	163750000	1.0831
chr2	163750000	164000000	1.09986
chr2	164000000	164250000	1.23448
chr2	164250000	164500000	1.18084
chr2	164500000	164750000	1.17617
chr2	164750000	165000000	1.11097
chr2	165000000	165250000	1.10364
chr2	165250000	165500000	1.05579
chr2	165500000	165750000	1.04987
chr2	165750000	166000000	0.966247
chr2	166000000	166250000	0.927397
chr2	166250000	166500000	0.970604
chr2	166500000	166750000	0.94905
chr2	166750000	167000000	0.976666
chr2	167000000	167250000	1.01075
chr2	167250000	167500000	1.07908
chr2	167500000	167750000	1.10163
chr2	167750000	168000000	1.15022
chr2	168000000	168250000	1.20174
chr2	168250000	168500000	0.985731
chr2	168500000	168750000	0.883624
chr2	168750000	169000000	0.381654
chr2	169000000	169250000	-0.569175
chr2	169250000	169500000	-0.782624
chr2	169500000	169750000	-0.346982
chr2	169750000	170000000	-0.347265
chr2	170000000	170250000	0.514035
chr2	170250000	170500000	0.128052
chr2	170500000	170750000	-1.11534
chr2	170750000	171000000	-1.341
chr2	171000000	171250000	-1.52991
chr2	171250000	171500000	-1.52329
chr2	171500000	171750000	-1.54852
chr2	171750000	172000000	-1.56107
chr2	172000000	172250000	-1.24313
chr2	172250000	172500000	-0.0595504
chr2	172500000	172750000	-0.358698
chr2	172750000	173000000	0.131174
chr2	173000000	173250000	0.676306
chr2	173250000	173500000	0.964139
chr2	173500000	173750000	0.43874
chr2	173750000	174000000	-0.249514
chr2	174000000	174250000	-0.137116
chr2	174250000	174500000	0.451407
chr2	174500000	174750000	0.388192
chr2	174750000	175000000	-0.137443
chr2	175000000	175250000	nan
chr2	175250000	175500000	nan
chr2	175500000	175750000	nan
chr2	175750000	176000000	nan
chr2	176000000	176250000	nan
chr2	176250000	176500000	nan
chr2	176500000	176750000	nan
chr2	176750000	177000000	nan
chr2	177000000	177250000	nan
chr2	177250000	177500000	nan
chr2	177500000	177750000	nan
chr2	177750000	178000000	-0.939511
chr2	178000000	178250000	-0.85781
chr2	178250000	178500000	-0.700577
chr2	178500000	178750000	-0.184787
chr2	178750000	179000000	-0.962414
chr2	179000000	179250000	-1.22875
chr2	179250000	179500000	-1.5361
chr2	179500000	179750000	-0.975913
chr2	179750000	180000000	0.19312
chr2	180000000	180250000	1.10016
chr2	180250000	180500000	1.32836
chr2	180500000	180750000	1.41486
chr2	180750000	181000000	1.3736
chr2	181000000	181250000	1.41632
chr2	181250000	181500000	1.39592
chr2	181500000	181750000	1.24165
chr2	181750000	182000000	0.635878
chr2	182000000	182113224	nan
#bedGraph section chr3:0-160039680
chr3	0	250000	nan
chr3	250000	500000	nan
chr3	500000	750000	nan
chr3	750000	1000000	nan
chr3	1000000	1250000	nan
chr3	1250000	1500000	nan
chr3	1500000	1750000	nan
chr3	1750000	2000000	nan
chr3	2000000	2250000	nan
chr3	2250000	2500000	nan
chr3	2500000	2750000	nan
chr3	2750000	3000000	nan
chr3	3000000	3250000	-0.396659
chr3	3250000	3500000	-0.607225
chr3	3500000	3750000	-0.604484
chr3	3750000	4000000	-0.647298
chr3	4000000	4250000	-0.647469
chr3	4250000	4500000	-0.599844
chr3	4500000	4750000	-0.593568
chr3	4750000	5000000	-0.538341
chr3	5000000	5250000	-0.449914
chr3	5250000	5500000	-0.372181
chr3	5500000	5750000	-0.242028
chr3	5750000	6000000	-0.414216
chr3	6000000	6250000	-0.473639
chr3	6250000	6500000	-0.542198
chr3	6500000	6750000	-0.653823
chr3	6750000	7000000	-0.728389
chr3	7000000	7250000	-0.777391
chr3	7250000	7500000	-0.686859
chr3	7500000	7750000	-0.598966
chr3	7750000	8000000	-0.853845
chr3	8000000	8250000	-0.608065
chr3	8250000	8500000	-0.797559
chr3	8500000	8750000	-0.00184668
chr3	8750000	9000000	0.59879
chr3	9000000	9250000	1.06527
chr3	9250000	9500000	1.01538
chr3	9500000	9750000	1.05047
chr3	9750000	10000000	1.17225
chr3	10000000	10250000	0.831105
chr3	10250000	10500000	0.368183
chr3	10500000	10750000	-0.62483
chr3	10750000	11000000	-0.70612
chr3	11000000	11250000	-0.663758
chr3	11250000	11500000	-0.659455
chr3	11500000	11750000	-0.65901
chr3	11750000	12000000	-0.597849
chr3	12000000	12250000	-0.584095
chr3	12250000	12500000	-0.604877
chr3	12500000	12750000	-0.568318
chr3	12750000	13000000	-0.519709
chr3	13000000	13250000	-0.47864
chr3	13250000	13500000	-0.401396
chr3	13500000	13750000	-0.508918
chr3	13750000	14000000	-0.467619
chr3	14000000	14250000	-0.634892
chr3	14250000	14500000	-0.311804
chr3	14500000	14750000	0.479322
chr3	14750000	15000000	0.713929
chr3	15000000	15250000	0.791317
chr3	15250000	15500000	-0.0799246
chr3	15500000	15750000	-0.508148
chr3	15750000	16000000	-0.373687
chr3	16000000	16250000	-0.0579901
chr3	16250000	16500000	-0.532551
chr3	16500000	16750000	-0.76197
chr3	16750000	17000000	-0.726815
chr3	17000000	17250000	-0.708091
chr3	17250000	17500000	-0.727889
chr3	17500000	17750000	-0.71762
chr3	17750000	18000000	-0.592338
chr3	18000000	18250000	-0.587681
chr3	18250000	18500000	-0.645055
chr3	18500000	18750000	-0.667013
chr3	18750000	19000000	-0.648958
chr3	19000000	19250000	0.174285
chr3	19250000	19500000	0.972174
chr3	19500000	19750000	0.18942
chr3	19750000	20000000	-0.0221002
chr3	20000000	20250000	0.370815
chr3	20250000	20500000	-0.39187
chr3	20500000	20750000	-0.103663
chr3	20750000	21000000	0.0505931
chr3	21000000	21250000	0.0325501
chr3	21250000	21500000	0.129418
chr3	21500000	21750000	0.377975
chr3	21750000	22000000	0.828658
chr3	22000000	22250000	0.678193
chr3	22250000	22500000	-0.160249
chr3	22500000	22750000	-0.348489
chr3	22750000	23000000	-0.367937
chr3	23000000	23250000	-0.387762
chr3	23250000	23500000	-0.358737
chr3	23500000	23750000	-0.384099
chr3	23750000	24000000	-0.409581
chr3	24000000	24250000	-0.387289
chr3	24250000	24500000	-0.40554
chr3	24500000	24750000	-0.425916
chr3	24750000	25000000	-0.457811
chr3	25000000	25250000	-0.480242
chr3	25250000	25500000	-0.527315
chr3	25500000	25750000	-0.499482
chr3	25750000	26000000	-0.609422
chr3	26000000	26250000	-0.616992
chr3	26250000	26500000	-0.667502
chr3	26500000	26750000	-0.672175
chr3	26750000	27000000	-0.659333
chr3	27000000	27250000	0.372872
chr3	27250000	27500000	0.563013
chr3	27500000	27750000	0.400988
chr3	27750000	28000000	-0.184214
chr3	28000000	28250000	-0.240982
chr3	28250000	28500000	-0.256494
chr3	28500000	28750000	-0.312476
chr3	28750000	29000000	-0.253401
chr3	29000000	29250000	-0.756145
chr3	29250000	29500000	-1.03387
chr3	29500000	29750000	-1.00035
chr3	29750000	30000000	-0.860686
chr3	30000000	30250000	-0.778416
chr3	30250000	30500000	-0.620487
chr3	30500000	30750000	0.202715
chr3	30750000	31000000	0.751248
chr3	31000000	31250000	0.407112
chr3	31250000	31500000	-0.748866
chr3	31500000	31750000	-0.761852
chr3	31750000	32000000	-0.828844
chr3	32000000	32250000	-0.803254
chr3	32250000	32500000	0.520718
chr3	32500000	32750000	0.580571
chr3	32750000	33000000	-0.592236
chr3	33000000	33250000	-0.803611
chr3	33250000	33500000	-0.792465
chr3	33500000	33750000	-0.735021
chr3	33750000	34000000	-0.18433
chr3	34000000	34250000	-0.121483
chr3	34250000	34500000	-0.772922
chr3	34500000	34750000	-0.598635
chr3	34750000	35000000	-0.80797
chr3	35000000	35250000	-0.775353
chr3	35250000	35500000	-0.712593
chr3	35500000	35750000	-0.12062
chr3	35750000	36000000	0.805471
chr3	36000000	36250000	0.481335
chr3	36250000	36500000	0.132739
chr3	36500000	36750000	0.664917
chr3	36750000	37000000	0.915666
chr3	37000000	37250000	1.1237
chr3	37250000	37500000	1.1811
chr3	37500000	37750000	0.96825
chr3	37750000	38000000	0.976589
chr3	38000000	38250000	0.862702
chr3	38250000	38500000	0.33634
chr3	38500000	38750000	-0.148409
chr3	38750000	39000000	-0.460037
chr3	39000000	39250000	-0.914546
chr3	39250000	39500000	-0.957636
chr3	39500000	39750000	-0.927733
chr3	39750000	40000000	-0.895405
chr3	40000000	40250000	-0.985598
chr3	40250000	40500000	-0.578268
chr3	40500000	40750000	0.327873
chr3	40750000	41000000	0.795198
chr3	41000000	41250000	0.216682
chr3	41250000	41500000	0.269717
chr3	41500000	41750000	0.376946
chr3	41750000	42000000	-0.743374
chr3	42000000	42250000	-0.854383
chr3	42250000	42500000	-0.94453
chr3	42500000	42750000	-0.940058
chr3	42750000	43000000	-0.88086
chr3	43000000	43250000	-0.90758
chr3	43250000	43500000	-0.861344
chr3	43500000	43750000	-0.880299
chr3	43750000	44000000	-0.871279
chr3	44000000	44250000	-0.871247
chr3	44250000	44500000	-0.866233
chr3	44500000	44750000	-0.884808
chr3	44750000	45000000	-0.882523
chr3	45000000	45250000	-0.851868
chr3	45250000	45500000	-0.778744
chr3	45500000	45750000	-0.812119
chr3	45750000	46000000	-0.849896
chr3	46000000	46250000	-0.845189
chr3	46250000	46500000	-0.860296
chr3	46500000	46750000	-0.815566
chr3	46750000	47000000	-0.845481
chr3	47000000	47250000	-0.833839
chr3	47250000	47500000	-0.772678
chr3	47500000	47750000	-0.825826
chr3	47750000	48000000	-0.817491
chr3	48000000	48250000	-0.767602
chr3	48250000	48500000	-0.821422
chr3	48500000	48750000	-0.850856
chr3	48750000	49000000	-0.793951
chr3	49000000	49250000	-0.825038
chr3	49250000	49500000	-0.86872
chr3	49500000	49750000	-0.902276
chr3	49750000	50000000	-0.891849
chr3	50000000	50250000	-0.80033
chr3	50250000	50500000	-0.512111
chr3	50500000	50750000	-0.536033
chr3	50750000	51000000	-0.530544
chr3	51000000	51250000	-0.0292927
chr3	51250000	51500000	1.29111
chr3	51500000	51750000	1.17627
chr3	51750000	52000000	1.15714
chr3	52000000	52250000	1.07862
chr3	52250000	52500000	1.09769
chr3	52500000	52750000	1.15023
chr3	52750000	53000000	1.06381
chr3	53000000	53250000	0.741418
chr3	53250000	53500000	0.793124
chr3	53500000	53750000	0.0712202
chr3	53750000	54000000	0.355612
chr3	54000000	54250000	-0.0431827
chr3	54250000	54500000	-0.276885
chr3	54500000	54750000	0.486651
chr3	54750000	55000000	-0.398852
chr3	55000000	55250000	-0.551561
chr3	55250000	55500000	-0.900627
chr3	55500000	55750000	-0.482385
chr3	55750000	56000000	-0.655442
chr3	56000000	56250000	-0.890864
chr3	56250000	56500000	-1.03322
chr3	56500000	56750000	-1.05721
chr3	56750000	57000000	-1.10468
chr3	57000000	57250000	-1.06769
chr3	57250000	57500000	-0.946465
chr3	57500000	57750000	0.164078
chr3	57750000	58000000	0.441904
chr3	58000000	58250000	-0.128456
chr3	58250000	58500000	0.29052
chr3	58500000	58750000	1.02516
chr3	58750000	59000000	0.50928
chr3	59000000	59250000	0.879836
chr3	59250000	59500000	0.67485
chr3	59500000	59750000	0.397379
chr3	59750000	60000000	0.265522
chr3	60000000	60250000	0.519018
chr3	60250000	60500000	0.914595
chr3	60500000	60750000	0.489432
chr3	60750000	61000000	-0.126169
chr3	61000000	61250000	-0.226652
chr3	61250000	61500000	0.255991
chr3	61500000	61750000	-0.0499774
chr3	61750000	62000000	-0.512914
chr3	62000000	62250000	-0.889959
chr3	62250000	62500000	-0.515918
chr3	62500000	62750000	-0.774069
chr3	62750000	63000000	-1.13013
chr3	63000000	63250000	-1.09589
chr3	63250000	63500000	-1.04226
chr3	63500000	63750000	-0.738694
chr3	63750000	64000000	-0.23013
chr3	64000000	64250000	-0.526093
chr3	64250000	64500000	-0.907901
chr3	64500000	64750000	-0.870656
chr3	64750000	65000000	-0.702138
chr3	65000000	65250000	-0.708013
chr3	65250000	65500000	0.37823
chr3	65500000	65750000	0.936708
chr3	65750000	66000000	0.618204
chr3	66000000	66250000	0.161151
chr3	66250000	66500000	-0.351302
chr3	66500000	66750000	-0.794922
chr3	66750000	67000000	-0.410614
chr3	67000000	67250000	0.23675
chr3	67250000	67500000	0.270482
chr3	67500000	67750000	-0.00946948
chr3	67750000	68000000	-0.864275
chr3	68000000	68250000	-0.660407
chr3	68250000	68500000	-0.453968
chr3	68500000	68750000	0.804818
chr3	68750000	69000000	1.21195
chr3	69000000	69250000	1.25204
chr3	69250000	69500000	0.993335
chr3	69500000	69750000	0.77197
chr3	69750000	70000000	-0.259022
chr3	70000000	70250000	-0.775636
chr3	70250000	70500000	-0.979649
chr3	70500000	70750000	-0.931052
chr3	70750000	71000000	-0.909333
chr3	71000000	71250000	-0.899136
chr3	71250000	71500000	-0.882024
chr3	71500000	71750000	-0.838845
chr3	71750000	72000000	-0.807683
chr3	72000000	72250000	-0.833161
chr3	72250000	72500000	-0.74555
chr3	72500000	72750000	-0.687301
chr3	72750000	73000000	-0.817441
chr3	73000000	73250000	-0.750191
chr3	73250000	73500000	-0.887676
chr3	73500000	73750000	-0.866108
chr3	73750000	74000000	-0.835025
chr3	74000000	74250000	-0.840729
chr3	74250000	74500000	-0.828694
chr3	74500000	74750000	-0.818913
chr3	74750000	75000000	-0.810757
chr3	75000000	75250000	-0.41786
chr3	75250000	75500000	0.0874165
chr3	75500000	75750000	0.835717
chr3	75750000	76000000	0.445348
chr3	76000000	76250000	-0.329707
chr3	76250000	76500000	-0.648846
chr3	76500000	76750000	-0.673915
chr3	76750000	77000000	-0.690112
chr3	77000000	77250000	-0.623025
chr3	77250000	77500000	-0.653403
chr3	77500000	77750000	-0.663223
chr3	77750000	78000000	-0.667884
chr3	78000000	78250000	-0.686646
chr3	78250000	78500000	-0.632011
chr3	78500000	78750000	-0.522714
chr3	78750000	79000000	-0.0422266
chr3	79000000	79250000	0.731007
chr3	79250000	79500000	0.70316
chr3	79500000	79750000	0.76212
chr3	79750000	80000000	0.321415
chr3	80000000	80250000	-0.302767
chr3	80250000	80500000	-0.585823
chr3	80500000	80750000	-0.321351
chr3	80750000	81000000	0.126087
chr3	81000000	81250000	0.367469
chr3	81250000	81500000	0.144667
chr3	81500000	81750000	0.343554
chr3	81750000	82000000	0.358103
chr3	82000000	82250000	-0.25217
chr3	82250000	82500000	-0.426527
chr3	82500000	82750000	-0.992743
chr3	82750000	83000000	-0.64491
chr3	83000000	83250000	-0.189779
chr3	83250000	83500000	-0.57882
chr3	83500000	83750000	-0.239153
chr3	83750000	84000000	0.981379
chr3	84000000	84250000	1.15064
chr3	84250000	84500000	1.0405
chr3	84500000	84750000	1.03433
chr3	84750000	85000000	0.868491
chr3	85000000	85250000	0.608386
chr3	85250000	85500000	0.433979
chr3	85500000	85750000	0.587518
chr3	85750000	86000000	0.586158
chr3	86000000	86250000	0.761919
chr3	86250000	86500000	0.764501
chr3	86500000	86750000	0.757501
chr3	86750000	87000000	0.76945
chr3	87000000	87250000	0.69788
chr3	87250000	87500000	0.682893
chr3	87500000	87750000	0.649111
chr3	87750000	88000000	0.624383
chr3	88000000	88250000	0.579782
chr3	88250000	88500000	0.564595
chr3	88500000	88750000	0.56054
chr3	88750000	89000000	0.602408
chr3	89000000	89250000	0.593846
chr3	89250000	89500000	0.627723
chr3	89500000	89750000	0.645857
chr3	89750000	90000000	0.704606
chr3	90000000	90250000	0.884469
chr3	90250000	90500000	1.12124
chr3	90500000	90750000	0.714632
chr3	90750000	91000000	-0.883569
chr3	91000000	91250000	-1.15625
chr3	91250000	91500000	-1.19852
chr3	91500000	91750000	-1.06351
chr3	91750000	92000000	-1.12835
chr3	92000000	92250000	-0.82236
chr3	92250000	92500000	-1.16512
chr3	92500000	92750000	-1.10046
chr3	92750000	93000000	-0.997602
chr3	93000000	93250000	-0.889652
chr3	93250000	93500000	-0.443445
chr3	93500000	93750000	0.224679
chr3	93750000	94000000	-1.07033
chr3	94000000	94250000	-0.97742
chr3	94250000	94500000	0.451652
chr3	94500000	94750000	0.961207
chr3	94750000	95000000	1.06177
chr3	95000000	95250000	0.950603
chr3	95250000	95500000	0.807826
chr3	95500000	95750000	0.739464
chr3	95750000	96000000	0.694901
chr3	96000000	96250000	0.692021
chr3	96250000	96500000	0.71643
chr3	96500000	96750000	0.792624
chr3	96750000	97000000	0.773567
chr3	97000000	97250000	0.820361
chr3	97250000	97500000	0.716827
chr3	97500000	97750000	0.84792
chr3	97750000	98000000	1.01352
chr3	98000000	98250000	0.857869
chr3	98250000	98500000	0.723637
chr3	98500000	98750000	-0.814399
chr3	98750000	99000000	-0.896551
chr3	99000000	99250000	-0.387102
chr3	99250000	99500000	-0.841787
chr3	99500000	99750000	-1.19025
chr3	99750000	100000000	-1.02698
chr3	100000000	100250000	-0.295425
chr3	100250000	100500000	0.310726
chr3	100500000	100750000	0.790253
chr3	100750000	101000000	0.743802
chr3	101000000	101250000	0.752108
chr3	101250000	101500000	0.62078
chr3	101500000	101750000	0.544109
chr3	101750000	102000000	0.317229
chr3	102000000	102250000	-0.250652
chr3	102250000	102500000	-0.552904
chr3	102500000	102750000	0.0102881
chr3	102750000	103000000	0.660621
chr3	103000000	103250000	0.96267
chr3	103250000	103500000	0.872698
chr3	103500000	103750000	0.710918
chr3	103750000	104000000	0.922495
chr3	104000000	104250000	0.81631
chr3	104250000	104500000	0.739655
chr3	104500000	104750000	0.828166
chr3	104750000	105000000	0.743214
chr3	105000000	105250000	0.294706
chr3	105250000	105500000	0.0812608
chr3	105500000	105750000	0.464638
chr3	105750000	106000000	0.799232
chr3	106000000	106250000	0.313857
chr3	106250000	106500000	0.35561
chr3	106500000	106750000	0.648142
chr3	106750000	107000000	0.801053
chr3	107000000	107250000	0.778333
chr3	107250000	107500000	0.782141
chr3	107500000	107750000	0.814535
chr3	107750000	108000000	0.902834
chr3	108000000	108250000	0.936513
chr3	108250000	108500000	0.984069
chr3	108500000	108750000	1.08731
chr3	108750000	109000000	1.09461
chr3	109000000	109250000	0.875415
chr3	109250000	109500000	0.843619
chr3	109500000	109750000	0.0630036
chr3	109750000	110000000	-0.387383
chr3	110000000	110250000	-0.466884
chr3	110250000	110500000	-0.613821
chr3	110500000	110750000	-0.800962
chr3	110750000	111000000	-0.800691
chr3	111000000	111250000	-0.862374
chr3	111250000	111500000	-0.906328
chr3	111500000	111750000	-0.95659
chr3	111750000	112000000	-0.996614
chr3	112000000	112250000	-1.00996
chr3	112250000	112500000	-1.0034
chr3	112500000	112750000	-1.03979
chr3	112750000	113000000	-1.04141
chr3	113000000	113250000	-0.937639
chr3	113250000	113500000	nan
chr3	113500000	113750000	-0.418953
chr3	113750000	114000000	-0.971032
chr3	114000000	114250000	-0.864913
chr3	114250000	114500000	-0.931211
chr3	114500000	114750000	-0.934258
chr3	114750000	115000000	-0.861297
chr3	115000000	115250000	-0.792541
chr3	115250000	115500000	-0.581699
chr3	115500000	115750000	0.647294
chr3	115750000	116000000	1.03009
chr3	116000000	116250000	0.298839
chr3	116250000	116500000	0.942768
chr3	116500000	116750000	1.07648
chr3	116750000	117000000	0.0767905
chr3	117000000	117250000	-1.01393
chr3	117250000	117500000	-1.0996
chr3	117500000	117750000	-1.15723
chr3	117750000	118000000	-1.09419
chr3	118000000	118250000	-1.09252
chr3	118250000	118500000	-0.884707
chr3	118500000	118750000	-0.915935
chr3	118750000	119000000	-0.912192
chr3	119000000	119250000	-0.837899
chr3	119250000	119500000	-0.762406
chr3	119500000	119750000	-0.457851
chr3	119750000	120000000	-0.335007
chr3	120000000	120250000	-0.812324
chr3	120250000	120500000	-0.8739
chr3	120500000	120750000	-0.914805
chr3	120750000	121000000	-0.889122
chr3	121000000	121250000	0.00926919
chr3	121250000	121500000	1.08838
chr3	121500000	121750000	0.972915
chr3	121750000	122000000	0.876993
chr3	122000000	122250000	0.764384
chr3	122250000	122500000	1.15385
chr3	122500000	122750000	0.894948
chr3	122750000	123000000	0.764272
chr3	123000000	123250000	0.573533
chr3	123250000	123500000	0.573094
chr3	123500000	123750000	-0.542316
chr3	123750000	124000000	-0.912331
chr3	124000000	124250000	-0.94507
chr3	124250000	124500000	-0.790583
chr3	124500000	124750000	-0.809003
chr3	124750000	125000000	-0.780588
chr3	125000000	125250000	-0.51554
chr3	125250000	125500000	-0.48554
chr3	125500000	125750000	-0.780633
chr3	125750000	126000000	-0.651786
chr3	126000000	126250000	-0.858433
chr3	126250000	126500000	-0.502662
chr3	126500000	126750000	0.636533
chr3	126750000	127000000	0.427404
chr3	127000000	127250000	-0.476779
chr3	127250000	127500000	-0.55958
chr3	127500000	127750000	0.441718
chr3	127750000	128000000	0.588948
chr3	128000000	128250000	-0.734007
chr3	128250000	128500000	-1.02434
chr3	128500000	128750000	-1.17444
chr3	128750000	129000000	-1.18725
chr3	129000000	129250000	-0.589728
chr3	129250000	129500000	0.563988
chr3	129500000	129750000	0.820005
chr3	129750000	130000000	0.808977
chr3	130000000	130250000	0.327622
chr3	130250000	130500000	-0.358459
chr3	130500000	130750000	0.377127
chr3	130750000	131000000	1.11456
chr3	131000000	131250000	1.15265
chr3	131250000	131500000	0.615926
chr3	131500000	131750000	-0.0917948
chr3	131750000	132000000	-0.993511
chr3	132000000	132250000	-1.10039
chr3	132250000	132500000	-1.06714
chr3	132500000	132750000	-0.373221
chr3	132750000	133000000	-0.123372
chr3	133000000	133250000	-0.0816732
chr3	133250000	133500000	0.269122
chr3	133500000	133750000	0.572974
chr3	133750000	134000000	0.0517225
chr3	134000000	134250000	-0.319245
chr3	134250000	134500000	-0.413449
chr3	134500000	134750000	-0.274543
chr3	134750000	135000000	-0.401084
chr3	135000000	135250000	0.0855086
chr3	135250000	135500000	0.803617
chr3	135500000	135750000	0.944652
chr3	135750000	136000000	0.725342
chr3	136000000	136250000	0.756667
chr3	136250000	136500000	0.925572
chr3	136500000	136750000	0.881568
chr3	136750000	137000000	0.787456
chr3	137000000	137250000	0.459514
chr3	137250000	137500000	0.548315
chr3	137500000	137750000	0.492873
chr3	137750000	138000000	0.899224
chr3	138000000	138250000	0.83115
chr3	138250000	138500000	0.498395
chr3	138500000	138750000	0.643691
chr3	138750000	139000000	0.605904
chr3	139000000	139250000	0.478571
chr3	139250000	139500000	-0.136206
chr3	139500000	139750000	-0.502691
chr3	139750000	140000000	-0.545086
chr3	140000000	140250000	-0.565021
chr3	140250000	140500000	-0.601441
chr3	140500000	140750000	-0.614528
chr3	140750000	141000000	-0.611664
chr3	141000000	141250000	-0.648164
chr3	141250000	141500000	-0.661633
chr3	141500000	141750000	-0.709869
chr3	141750000	142000000	-0.431522
chr3	142000000	142250000	-0.41657
chr3	142250000	142500000	0.574078
chr3	142500000	142750000	0.981015
chr3	142750000	143000000	0.662679
chr3	143000000	143250000	-0.164581
chr3	143250000	143500000	-0.226092
chr3	143500000	143750000	0.515183
chr3	143750000	144000000	0.558486
chr3	144000000	144250000	0.817499
chr3	144250000	144500000	0.461628
chr3	144500000	144750000	0.527272
chr3	144750000	145000000	-0.919963
chr3	145000000	145250000	-0.67305
chr3	145250000	145500000	-0.806781
chr3	145500000	145750000	-0.336001
chr3	145750000	146000000	0.189652
chr3	146000000	146250000	1.00341
chr3	146250000	146500000	0.779041
chr3	146500000	146750000	0.42801
chr3	146750000	147000000	0.208747
chr3	147000000	147250000	-0.514697
chr3	147250000	147500000	-0.77261
chr3	147500000	147750000	-0.731997
chr3	147750000	148000000	-0.61903
chr3	148000000	148250000	-0.293419
chr3	148250000	148500000	0.0728625
chr3	148500000	148750000	0.39641
chr3	148750000	149000000	0.669482
chr3	149000000	149250000	0.334019
chr3	149250000	149500000	0.603694
chr3	149500000	149750000	-0.0830484
chr3	149750000	150000000	-0.413949
chr3	150000000	150250000	-0.657182
chr3	150250000	150500000	-0.641568
chr3	150500000	150750000	-0.601617
chr3	150750000	151000000	-0.778904
chr3	151000000	151250000	-0.621793
chr3	151250000	151500000	-0.399809
chr3	151500000	151750000	-0.548219
chr3	151750000	152000000	-1.05495
chr3	152000000	152250000	0.260678
chr3	152250000	152500000	0.998071
chr3	152500000	152750000	0.0167352
chr3	152750000	153000000	0.613812
chr3	153000000	153250000	0.170527
chr3	153250000	153500000	0.135017
chr3	153500000	153750000	0.605257
chr3	153750000	154000000	0.684428
chr3	154000000	154250000	-0.804938
chr3	154250000	154500000	-0.811003
chr3	154500000	154750000	-0.59041
chr3	154750000	155000000	-1.12961
chr3	155000000	155250000	-0.825194
chr3	155250000	155500000	-1.16875
chr3	155500000	155750000	-1.19467
chr3	155750000	156000000	-1.12185
chr3	156000000	156250000	-1.05071
chr3	156250000	156500000	-0.995606
chr3	156500000	156750000	-1.05444
chr3	156750000	157000000	-1.18022
chr3	157000000	157250000	-1.17888
chr3	157250000	157500000	-0.958065
chr3	157500000	157750000	-0.181898
chr3	157750000	158000000	-0.065388
chr3	158000000	158250000	-0.0783126
chr3	158250000	158500000	-0.901305
chr3	158500000	158750000	-0.964617
chr3	158750000	159000000	-0.985334
chr3	159000000	159250000	-0.9425
chr3	159250000	159500000	-0.735309
chr3	159500000	159750000	-0.601169
chr3	159750000	160000000	-0.224815
chr3	160000000	160039680	nan
#bedGraph section chr4:0-156508116
chr4	0	250000	nan
chr4	250000	500000	nan
chr4	500000	750000	nan
chr4	750000	1000000	nan
chr4	1000000	1250000	nan
chr4	1250000	1500000	nan
chr4	1500000	1750000	nan
chr4	1750000	2000000	nan
chr4	2000000	2250000	nan
chr4	2250000	2500000	nan
chr4	2500000	2750000	nan
chr4	2750000	3000000	nan
chr4	3000000	3250000	-0.159879
chr4	3250000	3500000	-0.311096
chr4	3500000	3750000	0.570159
chr4	3750000	4000000	0.311401
chr4	4000000	4250000	-0.608903
chr4	4250000	4500000	-0.767103
chr4	4500000	4750000	-0.734952
chr4	4750000	5000000	-0.52939
chr4	5000000	5250000	-0.753245
chr4	5250000	5500000	-0.793365
chr4	5500000	5750000	-0.803265
chr4	5750000	6000000	-0.79704
chr4	6000000	6250000	-0.481188
chr4	6250000	6500000	0.215637
chr4	6500000	6750000	0.1365
chr4	6750000	7000000	0.449182
chr4	7000000	7250000	0.379518
chr4	7250000	7500000	0.349427
chr4	7500000	7750000	0.185839
chr4	7750000	8000000	0.149629
chr4	8000000	8250000	-0.223587
chr4	8250000	8500000	-0.0774045
chr4	8500000	8750000	0.696705
chr4	8750000	9000000	1.07709
chr4	9000000	9250000	0.414122
chr4	9250000	9500000	0.0969696
chr4	9500000	9750000	0.498493
chr4	9750000	10000000	-0.253352
chr4	10000000	10250000	-0.583873
chr4	10250000	10500000	-0.45663
chr4	10500000	10750000	-0.321815
chr4	10750000	11000000	0.595138
chr4	11000000	11250000	1.29776
chr4	11250000	11500000	1.20235
chr4	11500000	11750000	0.914726
chr4	11750000	12000000	0.800046
chr4	12000000	12250000	0.109493
chr4	12250000	12500000	-0.755342
chr4	12500000	12750000	-0.747091
chr4	12750000	13000000	-0.755599
chr4	13000000	13250000	-0.591474
chr4	13250000	13500000	-0.741991
chr4	13500000	13750000	-0.700833
chr4	13750000	14000000	-0.781917
chr4	14000000	14250000	-0.897115
chr4	14250000	14500000	-0.810413
chr4	14500000	14750000	-0.736391
chr4	14750000	15000000	-0.13952
chr4	15000000	15250000	-0.307299
chr4	15250000	15500000	-0.309273
chr4	15500000	15750000	-0.68459
chr4	15750000	16000000	-0.209045
chr4	16000000	16250000	0.294854
chr4	16250000	16500000	-0.414077
chr4	16500000	16750000	-0.546611
chr4	16750000	17000000	-0.56225
chr4	17000000	17250000	-0.553474
chr4	17250000	17500000	-0.589195
chr4	17500000	17750000	-0.60944
chr4	17750000	18000000	-0.602048
chr4	18000000	18250000	-0.633731
chr4	18250000	18500000	-0.672012
chr4	18500000	18750000	-0.702678
chr4	18750000	19000000	-0.754498
chr4	19000000	19250000	-0.791756
chr4	19250000	19500000	-0.629763
chr4	19500000	19750000	-0.0119311
chr4	19750000	20000000	-0.336004
chr4	20000000	20250000	-0.364946
chr4	20250000	20500000	-0.645624
chr4	20500000	20750000	-0.482199
chr4	20750000	21000000	-0.643994
chr4	21000000	21250000	-0.791261
chr4	21250000	21500000	-0.717212
chr4	21500000	21750000	-0.386932
chr4	21750000	22000000	0.168168
chr4	22000000	22250000	-0.603419
chr4	22250000	22500000	-0.202511
chr4	22500000	22750000	-0.595788
chr4	22750000	23000000	-0.733124
chr4	23000000	23250000	-0.703313
chr4	23250000	23500000	-0.724544
chr4	23500000	23750000	-0.695956
chr4	23750000	24000000	-0.706966
chr4	24000000	24250000	-0.647869
chr4	24250000	24500000	-0.562806
chr4	24500000	24750000	-0.102741
chr4	24750000	25000000	-0.499589
chr4	25000000	25250000	-0.648138
chr4	25250000	25500000	-0.572334
chr4	25500000	25750000	-0.848334
chr4	25750000	26000000	-0.859865
chr4	26000000	26250000	-0.764236
chr4	26250000	26500000	-0.435038
chr4	26500000	26750000	-0.761166
chr4	26750000	27000000	-0.952352
chr4	27000000	27250000	-0.976507
chr4	27250000	27500000	-0.965777
chr4	27500000	27750000	-0.968788
chr4	27750000	28000000	-0.984629
chr4	28000000	28250000	-0.896534
chr4	28250000	28500000	-0.897314
chr4	28500000	28750000	-0.878805
chr4	28750000	29000000	-0.819642
chr4	29000000	29250000	-0.821268
chr4	29250000	29500000	-0.875392
chr4	29500000	29750000	-0.849106
chr4	29750000	30000000	-0.855594
chr4	30000000	30250000	-0.87231
chr4	30250000	30500000	-0.869077
chr4	30500000	30750000	-0.892697
chr4	30750000	31000000	-0.880566
chr4	31000000	31250000	-0.929898
chr4	31250000	31500000	-0.877857
chr4	31500000	31750000	-0.820901
chr4	31750000	32000000	-0.264891
chr4	32000000	32250000	0.825741
chr4	32250000	32500000	0.991364
chr4	32500000	32750000	0.855804
chr4	32750000	33000000	1.07015
chr4	33000000	33250000	0.978223
chr4	33250000	33500000	0.566481
chr4	33500000	33750000	-0.15265
chr4	33750000	34000000	-0.310868
chr4	34000000	34250000	-0.375174
chr4	34250000	34500000	-0.320789
chr4	34500000	34750000	0.470472
chr4	34750000	35000000	0.42506
chr4	35000000	35250000	0.349896
chr4	35250000	35500000	-0.463665
chr4	35500000	35750000	-0.695207
chr4	35750000	36000000	-0.615929
chr4	36000000	36250000	-0.408806
chr4	36250000	36500000	-0.481724
chr4	36500000	36750000	-0.549726
chr4	36750000	37000000	-0.591521
chr4	37000000	37250000	-0.593577
chr4	37250000	37500000	-0.642806
chr4	37500000	37750000	-0.698166
chr4	37750000	38000000	-0.726113
chr4	38000000	38250000	-0.785255
chr4	38250000	38500000	-0.761757
chr4	38500000	38750000	-0.791391
chr4	38750000	39000000	-0.857217
chr4	39000000	39250000	-0.887374
chr4	39250000	39500000	-0.926944
chr4	39500000	39750000	-0.93511
chr4	39750000	40000000	-0.978256
chr4	40000000	40250000	-0.235466
chr4	40250000	40500000	-0.351537
chr4	40500000	40750000	-0.0585292
chr4	40750000	41000000	1.21449
chr4	41000000	41250000	1.36187
chr4	41250000	41500000	1.24084
chr4	41500000	41750000	0.986359
chr4	41750000	42000000	nan
chr4	42000000	42250000	nan
chr4	42250000	42500000	nan
chr4	42500000	42750000	nan
chr4	42750000	43000000	0.841404
chr4	43000000	43250000	1.05921
chr4	43250000	43500000	1.1036
chr4	43500000	43750000	1.26455
chr4	43750000	44000000	1.1762
chr4	44000000	44250000	1.19253
chr4	44250000	44500000	0.902324
chr4	44500000	44750000	0.789891
chr4	44750000	45000000	0.900895
chr4	45000000	45250000	0.940636
chr4	45250000	45500000	0.996739
chr4	45500000	45750000	0.977012
chr4	45750000	46000000	1.00894
chr4	46000000	46250000	1.08717
chr4	46250000	46500000	1.14346
chr4	46500000	46750000	1.08611
chr4	46750000	47000000	0.928933
chr4	47000000	47250000	0.891901
chr4	47250000	47500000	0.976868
chr4	47500000	47750000	0.692913
chr4	47750000	48000000	0.803125
chr4	48000000	48250000	0.953209
chr4	48250000	48500000	0.818653
chr4	48500000	48750000	0.09567
chr4	48750000	49000000	-0.487017
chr4	49000000	49250000	-0.171095
chr4	49250000	49500000	-0.333461
chr4	49500000	49750000	-0.170757
chr4	49750000	50000000	-0.762076
chr4	50000000	50250000	-0.815195
chr4	50250000	50500000	-0.699571
chr4	50500000	50750000	-0.816009
chr4	50750000	51000000	-0.794794
chr4	51000000	51250000	-0.82713
chr4	51250000	51500000	-0.85185
chr4	51500000	51750000	-0.779468
chr4	51750000	52000000	-0.758822
chr4	52000000	52250000	-0.766704
chr4	52250000	52500000	-0.476552
chr4	52500000	52750000	-0.698051
chr4	52750000	53000000	-0.37241
chr4	53000000	53250000	0.618581
chr4	53250000	53500000	0.885085
chr4	53500000	53750000	0.712188
chr4	53750000	54000000	0.410283
chr4	54000000	54250000	-0.171727
chr4	54250000	54500000	0.0624128
chr4	54500000	54750000	0.0161779
chr4	54750000	55000000	-0.185909
chr4	55000000	55250000	-0.102023
chr4	55250000	55500000	0.503093
chr4	55500000	55750000	0.547733
chr4	55750000	56000000	0.489802
chr4	56000000	56250000	0.439525
chr4	56250000	56500000	0.167354
chr4	56500000	56750000	0.263498
chr4	56750000	57000000	0.947923
chr4	57000000	57250000	0.917032
chr4	57250000	57500000	0.643795
chr4	57500000	57750000	0.751512
chr4	57750000	58000000	0.881057
chr4	58000000	58250000	0.617233
chr4	58250000	58500000	0.606072
chr4	58500000	58750000	0.707507
chr4	58750000	59000000	0.967031
chr4	59000000	59250000	1.03866
chr4	59250000	59500000	1.01482
chr4	59500000	59750000	0.842329
chr4	59750000	60000000	0.336097
chr4	60000000	60250000	nan
chr4	60250000	60500000	nan
chr4	60500000	60750000	nan
chr4	60750000	61000000	nan
chr4	61000000	61250000	nan
chr4	61250000	61500000	nan
chr4	61500000	61750000	nan
chr4	61750000	62000000	-1.11073
chr4	62000000	62250000	-0.608923
chr4	62250000	62500000	0.643777
chr4	62500000	62750000	0.968049
chr4	62750000	63000000	0.313972
chr4	63000000	63250000	0.294685
chr4	63250000	63500000	0.692549
chr4	63500000	63750000	0.548627
chr4	63750000	64000000	0.362763
chr4	64000000	64250000	-0.686863
chr4	64250000	64500000	-0.888157
chr4	64500000	64750000	-0.923109
chr4	64750000	65000000	-0.920709
chr4	65000000	65250000	-0.916987
chr4	65250000	65500000	-0.923714
chr4	65500000	65750000	-0.693424
chr4	65750000	66000000	-0.936915
chr4	66000000	66250000	-0.904812
chr4	66250000	66500000	-0.850279
chr4	66500000	66750000	-0.71781
chr4	66750000	67000000	-0.269366
chr4	67000000	67250000	-0.601745
chr4	67250000	67500000	-0.66061
chr4	67500000	67750000	-0.703217
chr4	67750000	68000000	-0.77818
chr4	68000000	68250000	-0.791651
chr4	68250000	68500000	-0.822442
chr4	68500000	68750000	-0.843304
chr4	68750000	69000000	-0.869529
chr4	69000000	69250000	-0.890195
chr4	69250000	69500000	-0.914849
chr4	69500000	69750000	-0.93793
chr4	69750000	70000000	-0.970181
chr4	70000000	70250000	-0.794309
chr4	70250000	70500000	-0.0774025
chr4	70500000	70750000	-0.346155
chr4	70750000	71000000	-0.653152
chr4	71000000	71250000	-0.51669
chr4	71250000	71500000	-0.271838
chr4	71500000	71750000	-0.419556
chr4	71750000	72000000	-0.503034
chr4	72000000	72250000	-0.255691
chr4	72250000	72500000	-0.535392
chr4	72500000	72750000	-0.65243
chr4	72750000	73000000	-0.697184
chr4	73000000	73250000	-0.759794
chr4	73250000	73500000	-0.809807
chr4	73500000	73750000	-0.842295
chr4	73750000	74000000	-0.865824
chr4	74000000	74250000	-0.71494
chr4	74250000	74500000	-0.194962
chr4	74500000	74750000	-0.721367
chr4	74750000	75000000	-0.65246
chr4	75000000	75250000	-0.429879
chr4	75250000	75500000	-0.364047
chr4	75500000	75750000	-0.568709
chr4	75750000	76000000	-0.624223
chr4	76000000	76250000	-0.685508
chr4	76250000	76500000	-0.693292
chr4	76500000	76750000	-0.76815
chr4	76750000	77000000	-0.795803
chr4	77000000	77250000	-0.811546
chr4	77250000	77500000	-0.871281
chr4	77500000	77750000	-0.873986
chr4	77750000	78000000	-0.973247
chr4	78000000	78250000	-0.97174
chr4	78250000	78500000	-0.966297
chr4	78500000	78750000	-0.977576
chr4	78750000	79000000	-0.942625
chr4	79000000	79250000	-0.928633
chr4	79250000	79500000	-1.00696
chr4	79500000	79750000	-0.989623
chr4	79750000	80000000	-1.00801
chr4	80000000	80250000	-0.967835
chr4	80250000	80500000	-1.0168
chr4	80500000	80750000	-1.04673
chr4	80750000	81000000	-1.08366
chr4	81000000	81250000	-0.297994
chr4	81250000	81500000	-0.404193
chr4	81500000	81750000	-0.96127
chr4	81750000	82000000	-1.00874
chr4	82000000	82250000	-0.794079
chr4	82250000	82500000	-0.786493
chr4	82500000	82750000	-0.632119
chr4	82750000	83000000	-0.468042
chr4	83000000	83250000	-0.703894
chr4	83250000	83500000	0.394729
chr4	83500000	83750000	0.0167875
chr4	83750000	84000000	-0.672303
chr4	84000000	84250000	-0.88037
chr4	84250000	84500000	-1.02813
chr4	84500000	84750000	-0.871953
chr4	84750000	85000000	-0.393938
chr4	85000000	85250000	-0.567762
chr4	85250000	85500000	-1.03164
chr4	85500000	85750000	-1.08993
chr4	85750000	86000000	-0.896816
chr4	86000000	86250000	-1.13572
chr4	86250000	86500000	-1.09623
chr4	86500000	86750000	0.126762
chr4	86750000	87000000	0.119818
chr4	87000000	87250000	-0.700303
chr4	87250000	87500000	-0.0818364
chr4	87500000	87750000	0.288213
chr4	87750000	88000000	0.462352
chr4	88000000	88250000	0.740451
chr4	88250000	88500000	0.304366
chr4	88500000	88750000	0.379095
chr4	88750000	89000000	0.135902
chr4	89000000	89250000	0.0356027
chr4	89250000	89500000	0.0599809
chr4	89500000	89750000	-0.639047
chr4	89750000	90000000	-0.866339
chr4	90000000	90250000	-0.93321
chr4	90250000	90500000	-0.8734
chr4	90500000	90750000	-0.906721
chr4	90750000	91000000	-0.91272
chr4	91000000	91250000	-0.908815
chr4	91250000	91500000	-0.80686
chr4	91500000	91750000	-0.851743
chr4	91750000	92000000	-0.819462
chr4	92000000	92250000	-0.804565
chr4	92250000	92500000	-0.734989
chr4	92500000	92750000	-0.709111
chr4	92750000	93000000	-0.663282
chr4	93000000	93250000	-0.641425
chr4	93250000	93500000	-0.494634
chr4	93500000	93750000	-0.635019
chr4	93750000	94000000	-0.750019
chr4	94000000	94250000	-0.79115
chr4	94250000	94500000	-0.630327
chr4	94500000	94750000	-0.0269119
chr4	94750000	95000000	-0.115543
chr4	95000000	95250000	0.750119
chr4	95250000	95500000	0.696768
chr4	95500000	95750000	0.476633
chr4	95750000	96000000	0.281582
chr4	96000000	96250000	-0.69299
chr4	96250000	96500000	-1.02068
chr4	96500000	96750000	-0.589111
chr4	96750000	97000000	-0.792417
chr4	97000000	97250000	-0.832744
chr4	97250000	97500000	-0.566506
chr4	97500000	97750000	0.0511344
chr4	97750000	98000000	0.471309
chr4	98000000	98250000	0.394317
chr4	98250000	98500000	0.385886
chr4	98500000	98750000	-0.0316005
chr4	98750000	99000000	-0.11422
chr4	99000000	99250000	0.168725
chr4	99250000	99500000	-0.517606
chr4	99500000	99750000	-0.456474
chr4	99750000	100000000	0.0317532
chr4	100000000	100250000	-0.652272
chr4	100250000	100500000	-0.814369
chr4	100500000	100750000	-0.784233
chr4	100750000	101000000	-0.704907
chr4	101000000	101250000	0.165301
chr4	101250000	101500000	0.441734
chr4	101500000	101750000	-0.284299
chr4	101750000	102000000	-1.01165
chr4	102000000	102250000	-0.649242
chr4	102250000	102500000	-0.296731
chr4	102500000	102750000	0.549803
chr4	102750000	103000000	-0.0259209
chr4	103000000	103250000	0.30662
chr4	103250000	103500000	-0.529842
chr4	103500000	103750000	-1.12239
chr4	103750000	104000000	-1.2125
chr4	104000000	104250000	-1.26241
chr4	104250000	104500000	-1.20055
chr4	104500000	104750000	-1.20158
chr4	104750000	105000000	-0.852742
chr4	105000000	105250000	0.11589
chr4	105250000	105500000	-0.00921053
chr4	105500000	105750000	-0.516955
chr4	105750000	106000000	-0.348164
chr4	106000000	106250000	0.0428659
chr4	106250000	106500000	0.939043
chr4	106500000	106750000	1.10605
chr4	106750000	107000000	1.11692
chr4	107000000	107250000	1.05538
chr4	107250000	107500000	1.03603
chr4	107500000	107750000	0.932792
chr4	107750000	108000000	1.01731
chr4	108000000	108250000	0.990313
chr4	108250000	108500000	1.02804
chr4	108500000	108750000	1.01652
chr4	108750000	109000000	1.02508
chr4	109000000	109250000	1.06827
chr4	109250000	109500000	0.841049
chr4	109500000	109750000	0.493765
chr4	109750000	110000000	0.136681
chr4	110000000	110250000	-0.673925
chr4	110250000	110500000	-0.929282
chr4	110500000	110750000	-0.897937
chr4	110750000	111000000	-0.85718
chr4	111000000	111250000	-0.784112
chr4	111250000	111500000	0.0751229
chr4	111500000	111750000	-0.256128
chr4	111750000	112000000	-0.514256
chr4	112000000	112250000	-1.05085
chr4	112250000	112500000	-1.06287
chr4	112500000	112750000	-1.05204
chr4	112750000	113000000	-1.04646
chr4	113000000	113250000	-1.07876
chr4	113250000	113500000	-1.05965
chr4	113500000	113750000	-1.10968
chr4	113750000	114000000	-1.16905
chr4	114000000	114250000	-1.13061
chr4	114250000	114500000	-0.807434
chr4	114500000	114750000	-0.521701
chr4	114750000	115000000	-0.0687894
chr4	115000000	115250000	-0.108417
chr4	115250000	115500000	-0.816012
chr4	115500000	115750000	-0.395544
chr4	115750000	116000000	0.745511
chr4	116000000	116250000	1.10774
chr4	116250000	116500000	1.05219
chr4	116500000	116750000	1.0607
chr4	116750000	117000000	1.02167
chr4	117000000	117250000	0.975767
chr4	117250000	117500000	0.931809
chr4	117500000	117750000	0.868562
chr4	117750000	118000000	0.849787
chr4	118000000	118250000	0.852863
chr4	118250000	118500000	0.745484
chr4	118500000	118750000	0.430306
chr4	118750000	119000000	0.34897
chr4	119000000	119250000	0.792912
chr4	119250000	119500000	0.90051
chr4	119500000	119750000	0.912605
chr4	119750000	120000000	0.861761
chr4	120000000	120250000	0.855856
chr4	120250000	120500000	0.901951
chr4	120500000	120750000	0.921053
chr4	120750000	121000000	0.904144
chr4	121000000	121250000	0.263132
chr4	121250000	121500000	-1.13728
chr4	121500000	121750000	-1.27683
chr4	121750000	122000000	nan
chr4	122000000	122250000	-1.16025
chr4	122250000	122500000	nan
chr4	122500000	122750000	-0.983231
chr4	122750000	123000000	0.408005
chr4	123000000	123250000	0.841453
chr4	123250000	123500000	1.00868
chr4	123500000	123750000	0.947832
chr4	123750000	124000000	0.527551
chr4	124000000	124250000	0.182793
chr4	124250000	124500000	0.0733815
chr4	124500000	124750000	0.508112
chr4	124750000	125000000	0.948325
chr4	125000000	125250000	0.816213
chr4	125250000	125500000	0.412525
chr4	125500000	125750000	0.387371
chr4	125750000	126000000	0.521041
chr4	126000000	126250000	1.01118
chr4	126250000	126500000	1.09998
chr4	126500000	126750000	1.05298
chr4	126750000	127000000	1.01928
chr4	127000000	127250000	0.796841
chr4	127250000	127500000	-0.16576
chr4	127500000	127750000	-1.08936
chr4	127750000	128000000	-1.32421
chr4	128000000	128250000	-1.26931
chr4	128250000	128500000	-0.848446
chr4	128500000	128750000	0.516595
chr4	128750000	129000000	0.978006
chr4	129000000	129250000	1.01929
chr4	129250000	129500000	0.971935
chr4	129500000	129750000	0.904291
chr4	129750000	130000000	0.860395
chr4	130000000	130250000	0.804964
chr4	130250000	130500000	0.835087
chr4	130500000	130750000	0.847779
chr4	130750000	131000000	0.692165
chr4	131000000	131250000	0.391059
chr4	131250000	131500000	0.399429
chr4	131500000	131750000	0.390142
chr4	131750000	132000000	0.677377
chr4	132000000	132250000	0.772094
chr4	132250000	132500000	0.70723
chr4	132500000	132750000	0.617526
chr4	132750000	133000000	0.576653
chr4	133000000	133250000	0.545091
chr4	133250000	133500000	0.518726
chr4	133500000	133750000	0.486755
chr4	133750000	134000000	0.470577
chr4	134000000	134250000	0.465933
chr4	134250000	134500000	0.482185
chr4	134500000	134750000	0.483107
chr4	134750000	135000000	0.477303
chr4	135000000	135250000	0.490606
chr4	135250000	135500000	0.494708
chr4	135500000	135750000	0.522595
chr4	135750000	136000000	0.52791
chr4	136000000	136250000	0.55966
chr4	136250000	136500000	0.634363
chr4	136500000	136750000	0.639706
chr4	136750000	137000000	0.592928
chr4	137000000	137250000	0.602647
chr4	137250000	137500000	0.657315
chr4	137500000	137750000	0.648272
chr4	137750000	138000000	0.683705
chr4	138000000	138250000	0.740717
chr4	138250000	138500000	0.736817
chr4	138500000	138750000	0.636969
chr4	138750000	139000000	0.730128
chr4	139000000	139250000	0.849774
chr4	139250000	139500000	0.887301
chr4	139500000	139750000	0.848627
chr4	139750000	140000000	0.632804
chr4	140000000	140250000	0.387484
chr4	140250000	140500000	0.326005
chr4	140500000	140750000	0.834496
chr4	140750000	141000000	1.0706
chr4	141000000	141250000	1.21715
chr4	141250000	141500000	1.19075
chr4	141500000	141750000	1.27113
chr4	141750000	142000000	0.974733
chr4	142000000	142250000	-0.00213107
chr4	142250000	142500000	-1.14917
chr4	142500000	142750000	-1.49661
chr4	142750000	143000000	-1.4035
chr4	143000000	143250000	-0.0726796
chr4	143250000	143500000	-0.805809
chr4	143500000	143750000	-1.50606
chr4	143750000	144000000	-1.52265
chr4	144000000	144250000	-1.38466
chr4	144250000	144500000	-1.18326
chr4	144500000	144750000	-1.17601
chr4	144750000	145000000	-0.0791472
chr4	145000000	145250000	0.351831
chr4	145250000	145500000	-0.091161
chr4	145500000	145750000	-0.874919
chr4	145750000	146000000	nan
chr4	146000000	146250000	nan
chr4	146250000	146500000	-1.37349
chr4	146500000	146750000	nan
chr4	146750000	147000000	nan
chr4	147000000	147250000	-1.34029
chr4	147250000	147500000	-1.45477
chr4	147500000	147750000	-1.49664
chr4	147750000	148000000	0.00252421
chr4	148000000	148250000	0.736497
chr4	148250000	148500000	0.633816
chr4	148500000	148750000	1.1614
chr4	148750000	149000000	1.16646
chr4	149000000	149250000	1.15267
chr4	149250000	149500000	1.14581
chr4	149500000	149750000	1.0323
chr4	149750000	150000000	1.08216
chr4	150000000	150250000	1.10799
chr4	150250000	150500000	1.18532
chr4	150500000	150750000	1.20108
chr4	150750000	151000000	1.13484
chr4	151000000	151250000	0.373926
chr4	151250000	151500000	-0.659322
chr4	151500000	151750000	-0.460377
chr4	151750000	152000000	0.705461
chr4	152000000	152250000	1.25895
chr4	152250000	152500000	0.822591
chr4	152500000	152750000	-0.993297
chr4	152750000	153000000	-1.89086
chr4	153000000	153250000	-1.88387
chr4	153250000	153500000	-1.72169
chr4	153500000	153750000	-1.54484
chr4	153750000	154000000	-0.780954
chr4	154000000	154250000	0.769087
chr4	154250000	154500000	0.415667
chr4	154500000	154750000	0.56323
chr4	154750000	155000000	1.16744
chr4	155000000	155250000	1.33912
chr4	155250000	155500000	1.27312
chr4	155500000	155750000	1.27852
chr4	155750000	156000000	1.07787
chr4	156000000	156250000	0.915626
chr4	156250000	156500000	nan
chr4	156500000	156508116	nan
#bedGraph section chr5:0-151834684
chr5	0	250000	nan
chr5	250000	500000	nan
chr5	500000	750000	nan
chr5	750000	1000000	nan
chr5	1000000	1250000	nan
chr5	1250000	1500000	nan
chr5	1500000	1750000	nan
chr5	1750000	2000000	nan
chr5	2000000	2250000	nan
chr5	2250000	2500000	nan
chr5	2500000	2750000	nan
chr5	2750000	3000000	nan
chr5	3000000	3250000	-0.222588
chr5	3250000	3500000	0.30118
chr5	3500000	3750000	0.386127
chr5	3750000	4000000	0.415408
chr5	4000000	4250000	0.137114
chr5	4250000	4500000	-0.722496
chr5	4500000	4750000	-0.837739
chr5	4750000	5000000	-0.485393
chr5	5000000	5250000	-0.346432
chr5	5250000	5500000	-0.251291
chr5	5500000	5750000	-0.352153
chr5	5750000	6000000	-0.676059
chr5	6000000	6250000	-0.812058
chr5	6250000	6500000	-0.798832
chr5	6500000	6750000	-0.764627
chr5	6750000	7000000	-0.77101
chr5	7000000	7250000	-0.751955
chr5	7250000	7500000	-0.727444
chr5	7500000	7750000	-0.723977
chr5	7750000	8000000	-0.463045
chr5	8000000	8250000	-0.401775
chr5	8250000	8500000	-0.08817
chr5	8500000	8750000	0.397396
chr5	8750000	9000000	0.620389
chr5	9000000	9250000	0.37944
chr5	9250000	9500000	-0.351206
chr5	9500000	9750000	-0.827688
chr5	9750000	10000000	-0.90402
chr5	10000000	10250000	-0.965816
chr5	10250000	10500000	-0.884913
chr5	10500000	10750000	-0.529078
chr5	10750000	11000000	-0.175997
chr5	11000000	11250000	nan
chr5	11250000	11500000	nan
chr5	11500000	11750000	nan
chr5	11750000	12000000	-0.285992
chr5	12000000	12250000	-0.554942
chr5	12250000	12500000	-0.567092
chr5	12500000	12750000	-0.579377
chr5	12750000	13000000	-0.782926
chr5	13000000	13250000	-0.805216
chr5	13250000	13500000	-0.8699
chr5	13500000	13750000	-0.804726
chr5	13750000	14000000	-1.15519
chr5	14000000	14250000	-1.18781
chr5	14250000	14500000	-1.31696
chr5	14500000	14750000	-1.40343
chr5	14750000	15000000	-1.43491
chr5	15000000	15250000	nan
chr5	15250000	15500000	nan
chr5	15500000	15750000	-1.04497
chr5	15750000	16000000	-1.0381
chr5	16000000	16250000	-1.06844
chr5	16250000	16500000	-0.662769
chr5	16500000	16750000	-0.775675
chr5	16750000	17000000	-0.515746
chr5	17000000	17250000	-0.605043
chr5	17250000	17500000	-0.707386
chr5	17500000	17750000	-0.569107
chr5	17750000	18000000	0.180248
chr5	18000000	18250000	-0.330715
chr5	18250000	18500000	-0.62979
chr5	18500000	18750000	-0.830608
chr5	18750000	19000000	-0.876579
chr5	19000000	19250000	-0.832758
chr5	19250000	19500000	-0.622706
chr5	19500000	19750000	-0.488825
chr5	19750000	20000000	-0.261273
chr5	20000000	20250000	-0.23549
chr5	20250000	20500000	-0.149999
chr5	20500000	20750000	0.0578867
chr5	20750000	21000000	0.619436
chr5	21000000	21250000	0.75925
chr5	21250000	21500000	0.848693
chr5	21500000	21750000	0.759984
chr5	21750000	22000000	0.0249332
chr5	22000000	22250000	-0.484851
chr5	22250000	22500000	-0.410747
chr5	22500000	22750000	-0.444495
chr5	22750000	23000000	-0.858042
chr5	23000000	23250000	-0.489253
chr5	23250000	23500000	0.571641
chr5	23500000	23750000	0.913829
chr5	23750000	24000000	1.01039
chr5	24000000	24250000	1.02497
chr5	24250000	24500000	1.17062
chr5	24500000	24750000	1.23384
chr5	24750000	25000000	1.08811
chr5	25000000	25250000	0.715038
chr5	25250000	25500000	0.643253
chr5	25500000	25750000	0.0510265
chr5	25750000	26000000	-0.635422
chr5	26000000	26250000	-1.34806
chr5	26250000	26500000	-1.31779
chr5	26500000	26750000	-1.42788
chr5	26750000	27000000	-1.3758
chr5	27000000	27250000	-1.32815
chr5	27250000	27500000	-1.31507
chr5	27500000	27750000	-1.02346
chr5	27750000	28000000	-0.526575
chr5	28000000	28250000	-0.106462
chr5	28250000	28500000	0.0278635
chr5	28500000	28750000	-1.19313
chr5	28750000	29000000	-1.30601
chr5	29000000	29250000	-1.08965
chr5	29250000	29500000	0.140752
chr5	29500000	29750000	0.822966
chr5	29750000	30000000	1.20043
chr5	30000000	30250000	1.20157
chr5	30250000	30500000	1.07553
chr5	30500000	30750000	1.14008
chr5	30750000	31000000	1.18394
chr5	31000000	31250000	1.10126
chr5	31250000	31500000	0.985931
chr5	31500000	31750000	0.837415
chr5	31750000	32000000	0.84519
chr5	32000000	32250000	0.744955
chr5	32250000	32500000	0.869509
chr5	32500000	32750000	0.826903
chr5	32750000	33000000	0.912216
chr5	33000000	33250000	0.860927
chr5	33250000	33500000	0.908886
chr5	33500000	33750000	0.927628
chr5	33750000	34000000	0.940681
chr5	34000000	34250000	0.901685
chr5	34250000	34500000	0.971974
chr5	34500000	34750000	1.01741
chr5	34750000	35000000	0.982562
chr5	35000000	35250000	0.896331
chr5	35250000	35500000	0.814019
chr5	35500000	35750000	0.965481
chr5	35750000	36000000	0.98135
chr5	36000000	36250000	1.02302
chr5	36250000	36500000	1.09426
chr5	36500000	36750000	1.22063
chr5	36750000	37000000	0.968983
chr5	37000000	37250000	0.579896
chr5	37250000	37500000	-0.734909
chr5	37500000	37750000	-1.21968
chr5	37750000	38000000	-0.766748
chr5	38000000	38250000	-0.0374762
chr5	38250000	38500000	0.242542
chr5	38500000	38750000	0.164429
chr5	38750000	39000000	0.0849821
chr5	39000000	39250000	0.0611728
chr5	39250000	39500000	0.0354781
chr5	39500000	39750000	-0.0127511
chr5	39750000	40000000	-0.512106
chr5	40000000	40250000	-0.815569
chr5	40250000	40500000	-0.876129
chr5	40500000	40750000	-0.884498
chr5	40750000	41000000	-0.737761
chr5	41000000	41250000	-0.719423
chr5	41250000	41500000	-0.885905
chr5	41500000	41750000	-0.362382
chr5	41750000	42000000	-0.386486
chr5	42000000	42250000	-0.947344
chr5	42250000	42500000	-0.94121
chr5	42500000	42750000	-0.898707
chr5	42750000	43000000	-0.812756
chr5	43000000	43250000	-0.515159
chr5	43250000	43500000	-0.392927
chr5	43500000	43750000	-0.388878
chr5	43750000	44000000	0.66616
chr5	44000000	44250000	0.109225
chr5	44250000	44500000	-0.520459
chr5	44500000	44750000	-0.847392
chr5	44750000	45000000	-0.864876
chr5	45000000	45250000	-0.858711
chr5	45250000	45500000	-0.35053
chr5	45500000	45750000	-0.0873614
chr5	45750000	46000000	-0.0047848
chr5	46000000	46250000	-0.568903
chr5	46250000	46500000	-0.600088
chr5	46500000	46750000	-0.77942
chr5	46750000	47000000	-0.829237
chr5	47000000	47250000	-0.814268
chr5	47250000	47500000	-0.787412
chr5	47500000	47750000	-0.785816
chr5	47750000	48000000	-0.745136
chr5	48000000	48250000	-0.719207
chr5	48250000	48500000	-0.573268
chr5	48500000	48750000	-0.918757
chr5	48750000	49000000	-1.04492
chr5	49000000	49250000	-1.01017
chr5	49250000	49500000	-1.06723
chr5	49500000	49750000	-1.16283
chr5	49750000	50000000	-1.01896
chr5	50000000	50250000	-0.970288
chr5	50250000	50500000	-1.0473
chr5	50500000	50750000	-1.01806
chr5	50750000	51000000	-0.984217
chr5	51000000	51250000	-0.976121
chr5	51250000	51500000	-0.869202
chr5	51500000	51750000	-0.705316
chr5	51750000	52000000	-0.766946
chr5	52000000	52250000	-0.0785404
chr5	52250000	52500000	-0.321354
chr5	52500000	52750000	0.0104316
chr5	52750000	53000000	0.0415177
chr5	53000000	53250000	-0.112295
chr5	53250000	53500000	0.507887
chr5	53500000	53750000	0.294496
chr5	53750000	54000000	-0.162435
chr5	54000000	54250000	-0.172187
chr5	54250000	54500000	-0.959868
chr5	54500000	54750000	-0.933277
chr5	54750000	55000000	-0.938277
chr5	55000000	55250000	-0.924421
chr5	55250000	55500000	-0.885917
chr5	55500000	55750000	-0.900949
chr5	55750000	56000000	-0.916613
chr5	56000000	56250000	-0.91151
chr5	56250000	56500000	-0.962808
chr5	56500000	56750000	-0.93579
chr5	56750000	57000000	-0.929566
chr5	57000000	57250000	-0.904471
chr5	57250000	57500000	-0.878525
chr5	57500000	57750000	-0.754261
chr5	57750000	58000000	-0.823521
chr5	58000000	58250000	-0.864496
chr5	58250000	58500000	-0.916065
chr5	58500000	58750000	-0.919199
chr5	58750000	59000000	-0.924985
chr5	59000000	59250000	-0.926788
chr5	59250000	59500000	-0.874734
chr5	59500000	59750000	-0.872649
chr5	59750000	60000000	-0.822215
chr5	60000000	60250000	-0.826009
chr5	60250000	60500000	-0.807896
chr5	60500000	60750000	-0.779736
chr5	60750000	61000000	-0.745376
chr5	61000000	61250000	-0.723391
chr5	61250000	61500000	-0.670936
chr5	61500000	61750000	-0.627415
chr5	61750000	62000000	-0.629616
chr5	62000000	62250000	-0.613953
chr5	62250000	62500000	-0.556895
chr5	62500000	62750000	-0.0959086
chr5	62750000	63000000	0.206679
chr5	63000000	63250000	-0.414836
chr5	63250000	63500000	-0.49843
chr5	63500000	63750000	-0.412078
chr5	63750000	64000000	0.253254
chr5	64000000	64250000	0.581227
chr5	64250000	64500000	0.713055
chr5	64500000	64750000	0.799166
chr5	64750000	65000000	0.814903
chr5	65000000	65250000	0.844668
chr5	65250000	65500000	0.95318
chr5	65500000	65750000	0.949013
chr5	65750000	66000000	0.9509
chr5	66000000	66250000	0.871265
chr5	66250000	66500000	0.680542
chr5	66500000	66750000	0.547701
chr5	66750000	67000000	0.176535
chr5	67000000	67250000	0.241001
chr5	67250000	67500000	0.503461
chr5	67500000	67750000	0.228585
chr5	67750000	68000000	0.128564
chr5	68000000	68250000	-0.276694
chr5	68250000	68500000	-0.554087
chr5	68500000	68750000	-0.27628
chr5	68750000	69000000	-0.411797
chr5	69000000	69250000	-0.604856
chr5	69250000	69500000	-0.622844
chr5	69500000	69750000	-0.403799
chr5	69750000	70000000	-0.775022
chr5	70000000	70250000	-0.8054
chr5	70250000	70500000	-0.796917
chr5	70500000	70750000	-0.816194
chr5	70750000	71000000	-0.783773
chr5	71000000	71250000	-0.841175
chr5	71250000	71500000	-0.804491
chr5	71500000	71750000	-0.766146
chr5	71750000	72000000	-0.795444
chr5	72000000	72250000	-0.0998839
chr5	72250000	72500000	-0.168355
chr5	72500000	72750000	0.247788
chr5	72750000	73000000	0.735364
chr5	73000000	73250000	0.845039
chr5	73250000	73500000	0.680558
chr5	73500000	73750000	0.158486
chr5	73750000	74000000	-0.19062
chr5	74000000	74250000	0.276207
chr5	74250000	74500000	0.239922
chr5	74500000	74750000	0.159943
chr5	74750000	75000000	-0.137001
chr5	75000000	75250000	0.290715
chr5	75250000	75500000	-0.274504
chr5	75500000	75750000	-0.0959019
chr5	75750000	76000000	0.104493
chr5	76000000	76250000	0.421102
chr5	76250000	76500000	0.158617
chr5	76500000	76750000	0.25365
chr5	76750000	77000000	0.579478
chr5	77000000	77250000	0.762486
chr5	77250000	77500000	0.0331934
chr5	77500000	77750000	-1.09699
chr5	77750000	78000000	-1.11519
chr5	78000000	78250000	-1.10801
chr5	78250000	78500000	-1.05696
chr5	78500000	78750000	-1.01437
chr5	78750000	79000000	-1.00067
chr5	79000000	79250000	-1.00519
chr5	79250000	79500000	-0.950389
chr5	79500000	79750000	-1.02042
chr5	79750000	80000000	-1.01623
chr5	80000000	80250000	-0.996391
chr5	80250000	80500000	-1.03746
chr5	80500000	80750000	-1.03369
chr5	80750000	81000000	-1.06962
chr5	81000000	81250000	-1.01768
chr5	81250000	81500000	-1.05892
chr5	81500000	81750000	-1.06188
chr5	81750000	82000000	-1.06285
chr5	82000000	82250000	-1.08634
chr5	82250000	82500000	-1.08186
chr5	82500000	82750000	-1.07442
chr5	82750000	83000000	-1.12638
chr5	83000000	83250000	-1.1332
chr5	83250000	83500000	-1.07818
chr5	83500000	83750000	-1.02247
chr5	83750000	84000000	-1.02679
chr5	84000000	84250000	-0.958643
chr5	84250000	84500000	-0.923568
chr5	84500000	84750000	-0.870207
chr5	84750000	85000000	-0.869588
chr5	85000000	85250000	-0.860679
chr5	85250000	85500000	-0.898866
chr5	85500000	85750000	-0.929761
chr5	85750000	86000000	-0.76688
chr5	86000000	86250000	0.00635741
chr5	86250000	86500000	-0.774468
chr5	86500000	86750000	-0.726121
chr5	86750000	87000000	-0.398671
chr5	87000000	87250000	-0.788286
chr5	87250000	87500000	-0.733562
chr5	87500000	87750000	-0.758304
chr5	87750000	88000000	-0.733649
chr5	88000000	88250000	-0.767049
chr5	88250000	88500000	-0.401039
chr5	88500000	88750000	0.406747
chr5	88750000	89000000	-0.258718
chr5	89000000	89250000	-0.511935
chr5	89250000	89500000	-0.620076
chr5	89500000	89750000	-0.826073
chr5	89750000	90000000	-0.817096
chr5	90000000	90250000	-0.561475
chr5	90250000	90500000	0.235059
chr5	90500000	90750000	-0.0833268
chr5	90750000	91000000	-0.261427
chr5	91000000	91250000	-0.786903
chr5	91250000	91500000	-0.619578
chr5	91500000	91750000	-0.499507
chr5	91750000	92000000	-0.087252
chr5	92000000	92250000	0.63584
chr5	92250000	92500000	0.779309
chr5	92500000	92750000	0.0523246
chr5	92750000	93000000	-0.237621
chr5	93000000	93250000	0.26825
chr5	93250000	93500000	-0.589014
chr5	93500000	93750000	nan
chr5	93750000	94000000	nan
chr5	94000000	94250000	nan
chr5	94250000	94500000	nan
chr5	94500000	94750000	nan
chr5	94750000	95000000	nan
chr5	95000000	95250000	nan
chr5	95250000	95500000	nan
chr5	95500000	95750000	nan
chr5	95750000	96000000	-0.994816
chr5	96000000	96250000	0.180073
chr5	96250000	96500000	-0.688169
chr5	96500000	96750000	-0.853205
chr5	96750000	97000000	0.26348
chr5	97000000	97250000	0.0596041
chr5	97250000	97500000	-0.162563
chr5	97500000	97750000	-0.0110986
chr5	97750000	98000000	0.342733
chr5	98000000	98250000	0.136003
chr5	98250000	98500000	-0.596543
chr5	98500000	98750000	-1.08175
chr5	98750000	99000000	-0.888776
chr5	99000000	99250000	-0.311407
chr5	99250000	99500000	0.651138
chr5	99500000	99750000	0.0897541
chr5	99750000	100000000	0.0832071
chr5	100000000	100250000	0.475277
chr5	100250000	100500000	0.780682
chr5	100500000	100750000	1.00772
chr5	100750000	101000000	0.421267
chr5	101000000	101250000	-0.348733
chr5	101250000	101500000	-0.757668
chr5	101500000	101750000	-0.427652
chr5	101750000	102000000	0.0823494
chr5	102000000	102250000	-0.457023
chr5	102250000	102500000	-0.370238
chr5	102500000	102750000	-0.111994
chr5	102750000	103000000	-0.550368
chr5	103000000	103250000	-1.10688
chr5	103250000	103500000	-0.592039
chr5	103500000	103750000	0.0865592
chr5	103750000	104000000	0.4367
chr5	104000000	104250000	-0.188006
chr5	104250000	104500000	-0.302225
chr5	104500000	104750000	-0.327297
chr5	104750000	105000000	-0.220142
chr5	105000000	105250000	0.188954
chr5	105250000	105500000	0.341215
chr5	105500000	105750000	0.659751
chr5	105750000	106000000	0.250166
chr5	106000000	106250000	-0.519015
chr5	106250000	106500000	-0.216175
chr5	106500000	106750000	0.324916
chr5	106750000	107000000	0.645176
chr5	107000000	107250000	0.719696
chr5	107250000	107500000	0.750916
chr5	107500000	107750000	0.893105
chr5	107750000	108000000	0.932767
chr5	108000000	108250000	0.926103
chr5	108250000	108500000	0.779922
chr5	108500000	108750000	0.388933
chr5	108750000	109000000	-0.896598
chr5	109000000	109250000	-1.21918
chr5	109250000	109500000	-1.06943
chr5	109500000	109750000	-0.218478
chr5	109750000	110000000	-0.0602991
chr5	110000000	110250000	0.523745
chr5	110250000	110500000	0.880738
chr5	110500000	110750000	0.927988
chr5	110750000	111000000	0.931456
chr5	111000000	111250000	0.870057
chr5	111250000	111500000	0.714009
chr5	111500000	111750000	0.556422
chr5	111750000	112000000	0.42169
chr5	112000000	112250000	0.527458
chr5	112250000	112500000	0.696187
chr5	112500000	112750000	0.204176
chr5	112750000	113000000	0.313569
chr5	113000000	113250000	0.647668
chr5	113250000	113500000	0.608837
chr5	113500000	113750000	0.674292
chr5	113750000	114000000	0.90741
chr5	114000000	114250000	0.946303
chr5	114250000	114500000	0.97568
chr5	114500000	114750000	0.956906
chr5	114750000	115000000	0.983616
chr5	115000000	115250000	0.997777
chr5	115250000	115500000	1.07909
chr5	115500000	115750000	1.06411
chr5	115750000	116000000	0.728473
chr5	116000000	116250000	-0.29491
chr5	116250000	116500000	-0.813288
chr5	116500000	116750000	-1.1683
chr5	116750000	117000000	-1.21814
chr5	117000000	117250000	0.159586
chr5	117250000	117500000	0.534716
chr5	117500000	117750000	-0.285843
chr5	117750000	118000000	-0.00489328
chr5	118000000	118250000	0.669166
chr5	118250000	118500000	0.98331
chr5	118500000	118750000	0.824398
chr5	118750000	119000000	-0.107603
chr5	119000000	119250000	-0.549613
chr5	119250000	119500000	-0.535506
chr5	119500000	119750000	-0.23278
chr5	119750000	120000000	-0.143399
chr5	120000000	120250000	0.40202
chr5	120250000	120500000	0.75039
chr5	120500000	120750000	1.11489
chr5	120750000	121000000	1.05291
chr5	121000000	121250000	1.04379
chr5	121250000	121500000	1.00556
chr5	121500000	121750000	0.905701
chr5	121750000	122000000	0.856192
chr5	122000000	122250000	0.788025
chr5	122250000	122500000	0.756861
chr5	122500000	122750000	0.763629
chr5	122750000	123000000	0.719196
chr5	123000000	123250000	0.748828
chr5	123250000	123500000	0.786795
chr5	123500000	123750000	0.829798
chr5	123750000	124000000	0.862302
chr5	124000000	124250000	0.933598
chr5	124250000	124500000	1.06286
chr5	124500000	124750000	1.12301
chr5	124750000	125000000	1.10853
chr5	125000000	125250000	1.13228
chr5	125250000	125500000	0.966826
chr5	125500000	125750000	-0.687488
chr5	125750000	126000000	-1.20577
chr5	126000000	126250000	-1.27585
chr5	126250000	126500000	-1.30487
chr5	126500000	126750000	-1.27678
chr5	126750000	127000000	-1.27439
chr5	127000000	127250000	-1.25682
chr5	127250000	127500000	-1.0232
chr5	127500000	127750000	-0.516226
chr5	127750000	128000000	-1.23149
chr5	128000000	128250000	-1.31171
chr5	128250000	128500000	-1.23019
chr5	128500000	128750000	-1.14601
chr5	128750000	129000000	-1.01432
chr5	129000000	129250000	-0.0509554
chr5	129250000	129500000	-0.293185
chr5	129500000	129750000	0.439147
chr5	129750000	130000000	1.05266
chr5	130000000	130250000	0.977206
chr5	130250000	130500000	-0.547785
chr5	130500000	130750000	-1.35774
chr5	130750000	131000000	-1.09614
chr5	131000000	131250000	-1.39286
chr5	131250000	131500000	-1.14888
chr5	131500000	131750000	-0.747368
chr5	131750000	132000000	-0.694202
chr5	132000000	132250000	-0.799882
chr5	132250000	132500000	-0.900469
chr5	132500000	132750000	-1.10137
chr5	132750000	133000000	-1.25828
chr5	133000000	133250000	-1.36235
chr5	133250000	133500000	-1.41408
chr5	133500000	133750000	-1.4251
chr5	133750000	134000000	-1.19741
chr5	134000000	134250000	0.214503
chr5	134250000	134500000	1.04393
chr5	134500000	134750000	1.12257
chr5	134750000	135000000	1.00795
chr5	135000000	135250000	1.15928
chr5	135250000	135500000	1.04112
chr5	135500000	135750000	1.02744
chr5	135750000	136000000	0.974458
chr5	136000000	136250000	0.861094
chr5	136250000	136500000	0.747416
chr5	136500000	136750000	0.772163
chr5	136750000	137000000	0.797971
chr5	137000000	137250000	0.809217
chr5	137250000	137500000	0.807953
chr5	137500000	137750000	0.798369
chr5	137750000	138000000	0.721396
chr5	138000000	138250000	0.726414
chr5	138250000	138500000	0.603198
chr5	138500000	138750000	0.591877
chr5	138750000	139000000	0.609812
chr5	139000000	139250000	0.731418
chr5	139250000	139500000	0.822501
chr5	139500000	139750000	0.751251
chr5	139750000	140000000	0.759365
chr5	140000000	140250000	0.734984
chr5	140250000	140500000	0.823017
chr5	140500000	140750000	0.875361
chr5	140750000	141000000	0.723116
chr5	141000000	141250000	0.505967
chr5	141250000	141500000	0.206819
chr5	141500000	141750000	0.0296044
chr5	141750000	142000000	0.0458081
chr5	142000000	142250000	0.0605178
chr5	142250000	142500000	0.585358
chr5	142500000	142750000	0.835871
chr5	142750000	143000000	0.965666
chr5	143000000	143250000	1.01681
chr5	143250000	143500000	1.08192
chr5	143500000	143750000	1.10005
chr5	143750000	144000000	1.10877
chr5	144000000	144250000	0.900298
chr5	144250000	144500000	0.173224
chr5	144500000	144750000	-0.390576
chr5	144750000	145000000	0.6775
chr5	145000000	145250000	0.56498
chr5	145250000	145500000	-1.22728
chr5	145500000	145750000	-1.88478
chr5	145750000	146000000	-1.95395
chr5	146000000	146250000	-1.11353
chr5	146250000	146500000	-0.557491
chr5	146500000	146750000	0.553934
chr5	146750000	147000000	0.925416
chr5	147000000	147250000	0.839218
chr5	147250000	147500000	0.822692
chr5	147500000	147750000	0.224492
chr5	147750000	148000000	0.000209025
chr5	148000000	148250000	-0.635454
chr5	148250000	148500000	0.484569
chr5	148500000	148750000	0.876718
chr5	148750000	149000000	0.949136
chr5	149000000	149250000	1.0113
chr5	149250000	149500000	0.789386
chr5	149500000	149750000	0.431977
chr5	149750000	150000000	-0.142462
chr5	150000000	150250000	0.395288
chr5	150250000	150500000	0.59241
chr5	150500000	150750000	0.714085
chr5	150750000	151000000	-0.15042
chr5	151000000	151250000	-0.339502
chr5	151250000	151500000	-0.272454
chr5	151500000	151750000	-0.257369
chr5	151750000	151834684	nan
#bedGraph section chr6:0-149736546
chr6	0	250000	nan
chr6	250000	500000	nan
chr6	500000	750000	nan
chr6	750000	1000000	nan
chr6	1000000	1250000	nan
chr6	1250000	1500000	nan
chr6	1500000	1750000	nan
chr6	1750000	2000000	nan
chr6	2000000	2250000	nan
chr6	2250000	2500000	nan
chr6	2500000	2750000	nan
chr6	2750000	3000000	nan
chr6	3000000	3250000	0.0180178
chr6	3250000	3500000	0.186272
chr6	3500000	3750000	-0.100248
chr6	3750000	4000000	-0.489371
chr6	4000000	4250000	-0.340443
chr6	4250000	4500000	-0.368804
chr6	4500000	4750000	0.0634737
chr6	4750000	5000000	-0.0355795
chr6	5000000	5250000	0.17461
chr6	5250000	5500000	0.144376
chr6	5500000	5750000	-0.51999
chr6	5750000	6000000	-0.679017
chr6	6000000	6250000	-0.259879
chr6	6250000	6500000	-0.682726
chr6	6500000	6750000	-0.462383
chr6	6750000	7000000	-0.35161
chr6	7000000	7250000	-0.715255
chr6	7250000	7500000	-0.895054
chr6	7500000	7750000	-0.504341
chr6	7750000	8000000	-0.0670831
chr6	8000000	8250000	-0.00589073
chr6	8250000	8500000	0.816325
chr6	8500000	8750000	0.819449
chr6	8750000	9000000	-0.107931
chr6	9000000	9250000	-0.80939
chr6	9250000	9500000	-0.842109
chr6	9500000	9750000	-0.76712
chr6	9750000	10000000	-0.812203
chr6	10000000	10250000	-0.757859
chr6	10250000	10500000	-0.698234
chr6	10500000	10750000	-0.614512
chr6	10750000	11000000	-0.633884
chr6	11000000	11250000	-0.529503
chr6	11250000	11500000	-0.356882
chr6	11500000	11750000	-0.462615
chr6	11750000	12000000	0.178574
chr6	12000000	12250000	0.0992755
chr6	12250000	12500000	-0.487823
chr6	12500000	12750000	-0.638528
chr6	12750000	13000000	-0.516877
chr6	13000000	13250000	-0.205352
chr6	13250000	13500000	-0.363097
chr6	13500000	13750000	0.285883
chr6	13750000	14000000	-0.0535093
chr6	14000000	14250000	-0.322504
chr6	14250000	14500000	-0.539676
chr6	14500000	14750000	-0.41997
chr6	14750000	15000000	-0.233371
chr6	15000000	15250000	-0.195434
chr6	15250000	15500000	-0.118336
chr6	15500000	15750000	0.34698
chr6	15750000	16000000	0.273143
chr6	16000000	16250000	-0.153959
chr6	16250000	16500000	-0.280177
chr6	16500000	16750000	-0.424052
chr6	16750000	17000000	-0.224307
chr6	17000000	17250000	0.0384748
chr6	17250000	17500000	-0.119002
chr6	17500000	17750000	0.40532
chr6	17750000	18000000	0.242313
chr6	18000000	18250000	-0.69287
chr6	18250000	18500000	-0.93069
chr6	18500000	18750000	-0.863834
chr6	18750000	19000000	-0.637358
chr6	19000000	19250000	-0.922318
chr6	19250000	19500000	-0.973594
chr6	19500000	19750000	-0.96302
chr6	19750000	20000000	-0.985453
chr6	20000000	20250000	-0.991161
chr6	20250000	20500000	-1.02753
chr6	20500000	20750000	-1.02019
chr6	20750000	21000000	-1.01177
chr6	21000000	21250000	-1.05222
chr6	21250000	21500000	-1.03444
chr6	21500000	21750000	-1.01791
chr6	21750000	22000000	-0.430945
chr6	22000000	22250000	-0.303337
chr6	22250000	22500000	0.549242
chr6	22500000	22750000	-0.754593
chr6	22750000	23000000	-1.02656
chr6	23000000	23250000	-1.04569
chr6	23250000	23500000	-1.06524
chr6	23500000	23750000	-1.13421
chr6	23750000	24000000	-0.980222
chr6	24000000	24250000	-0.794357
chr6	24250000	24500000	-0.614745
chr6	24500000	24750000	-0.158742
chr6	24750000	25000000	-0.82648
chr6	25000000	25250000	-0.89844
chr6	25250000	25500000	-0.906801
chr6	25500000	25750000	-0.631785
chr6	25750000	26000000	-0.237319
chr6	26000000	26250000	-0.597754
chr6	26250000	26500000	-0.500618
chr6	26500000	26750000	-0.12421
chr6	26750000	27000000	-0.0990323
chr6	27000000	27250000	-0.503298
chr6	27250000	27500000	-0.637906
chr6	27500000	27750000	-0.622939
chr6	27750000	28000000	-0.793984
chr6	28000000	28250000	-0.176101
chr6	28250000	28500000	0.481568
chr6	28500000	28750000	0.642622
chr6	28750000	29000000	0.44299
chr6	29000000	29250000	0.852179
chr6	29250000	29500000	1.11212
chr6	29500000	29750000	1.07314
chr6	29750000	30000000	1.08103
chr6	30000000	30250000	1.09115
chr6	30250000	30500000	1.07371
chr6	30500000	30750000	1.0518
chr6	30750000	31000000	1.07017
chr6	31000000	31250000	1.13961
chr6	31250000	31500000	1.06692
chr6	31500000	31750000	0.102625
chr6	31750000	32000000	-0.639205
chr6	32000000	32250000	-0.939651
chr6	32250000	32500000	-0.736836
chr6	32500000	32750000	-0.59667
chr6	32750000	33000000	0.0356586
chr6	33000000	33250000	0.212128
chr6	33250000	33500000	0.654144
chr6	33500000	33750000	0.162296
chr6	33750000	34000000	0.0975663
chr6	34000000	34250000	0.531325
chr6	34250000	34500000	0.7637
chr6	34500000	34750000	0.494952
chr6	34750000	35000000	0.982439
chr6	35000000	35250000	0.898149
chr6	35250000	35500000	0.0633365
chr6	35500000	35750000	-0.440446
chr6	35750000	36000000	-1.0027
chr6	36000000	36250000	-1.09061
chr6	36250000	36500000	-1.13075
chr6	36500000	36750000	-1.20452
chr6	36750000	37000000	-1.00017
chr6	37000000	37250000	-0.475077
chr6	37250000	37500000	0.050043
chr6	37500000	37750000	0.461289
chr6	37750000	38000000	0.730468
chr6	38000000	38250000	0.688905
chr6	38250000	38500000	1.09822
chr6	38500000	38750000	1.10391
chr6	38750000	39000000	1.08254
chr6	39000000	39250000	1.0985
chr6	39250000	39500000	1.11184
chr6	39500000	39750000	0.911485
chr6	39750000	40000000	-0.08131
chr6	40000000	40250000	-0.702362
chr6	40250000	40500000	0.18366
chr6	40500000	40750000	-0.304288
chr6	40750000	41000000	-0.175556
chr6	41000000	41250000	0.0561603
chr6	41250000	41500000	-0.414977
chr6	41500000	41750000	-0.275912
chr6	41750000	42000000	-0.985796
chr6	42000000	42250000	-0.732565
chr6	42250000	42500000	0.0811435
chr6	42500000	42750000	-0.795683
chr6	42750000	43000000	-1.0272
chr6	43000000	43250000	-0.82906
chr6	43250000	43500000	-0.254656
chr6	43500000	43750000	-0.0451946
chr6	43750000	44000000	-0.714473
chr6	44000000	44250000	-0.833775
chr6	44250000	44500000	-0.896366
chr6	44500000	44750000	-0.885757
chr6	44750000	45000000	-0.888792
chr6	45000000	45250000	-0.836749
chr6	45250000	45500000	-0.843345
chr6	45500000	45750000	-0.969432
chr6	45750000	46000000	-1.01048
chr6	46000000	46250000	-1.03413
chr6	46250000	46500000	-1.03892
chr6	46500000	46750000	-1.06363
chr6	46750000	47000000	-0.824391
chr6	47000000	47250000	-0.19028
chr6	47250000	47500000	0.833402
chr6	47500000	47750000	1.09693
chr6	47750000	48000000	1.15029
chr6	48000000	48250000	0.894059
chr6	48250000	48500000	0.8121
chr6	48500000	48750000	0.879371
chr6	48750000	49000000	0.812965
chr6	49000000	49250000	0.857173
chr6	49250000	49500000	0.747025
chr6	49500000	49750000	0.505337
chr6	49750000	50000000	0.492896
chr6	50000000	50250000	0.670489
chr6	50250000	50500000	0.704757
chr6	50500000	50750000	0.684713
chr6	50750000	51000000	0.718145
chr6	51000000	51250000	0.758954
chr6	51250000	51500000	0.773827
chr6	51500000	51750000	0.709543
chr6	51750000	52000000	0.721727
chr6	52000000	52250000	0.761423
chr6	52250000	52500000	0.732104
chr6	52500000	52750000	0.925234
chr6	52750000	53000000	0.865692
chr6	53000000	53250000	0.772878
chr6	53250000	53500000	0.92712
chr6	53500000	53750000	0.83465
chr6	53750000	54000000	0.748161
chr6	54000000	54250000	0.913756
chr6	54250000	54500000	0.687279
chr6	54500000	54750000	0.904517
chr6	54750000	55000000	1.12443
chr6	55000000	55250000	0.652084
chr6	55250000	55500000	-0.14121
chr6	55500000	55750000	-0.995255
chr6	55750000	56000000	-1.2266
chr6	56000000	56250000	-1.09136
chr6	56250000	56500000	-1.01873
chr6	56500000	56750000	-0.21975
chr6	56750000	57000000	0.000270859
chr6	57000000	57250000	-0.792211
chr6	57250000	57500000	-0.519316
chr6	57500000	57750000	0.229343
chr6	57750000	58000000	-0.354756
chr6	58000000	58250000	-0.853922
chr6	58250000	58500000	-0.798075
chr6	58500000	58750000	-0.313942
chr6	58750000	59000000	0.055144
chr6	59000000	59250000	-0.247557
chr6	59250000	59500000	-0.365166
chr6	59500000	59750000	-0.906876
chr6	59750000	60000000	-1.06909
chr6	60000000	60250000	-0.982908
chr6	60250000	60500000	-1.06234
chr6	60500000	60750000	-0.893321
chr6	60750000	61000000	-0.625798
chr6	61000000	61250000	0.0430324
chr6	61250000	61500000	-0.473872
chr6	61500000	61750000	-0.865995
chr6	61750000	62000000	-0.90109
chr6	62000000	62250000	-0.875515
chr6	62250000	62500000	-0.950399
chr6	62500000	62750000	-0.969163
chr6	62750000	63000000	-0.948577
chr6	63000000	63250000	-0.960066
chr6	63250000	63500000	-0.971607
chr6	63500000	63750000	-0.997408
chr6	63750000	64000000	-1.01847
chr6	64000000	64250000	-1.05688
chr6	64250000	64500000	-1.02568
chr6	64500000	64750000	-0.835755
chr6	64750000	65000000	-0.802412
chr6	65000000	65250000	0.0488881
chr6	65250000	65500000	-0.139434
chr6	65500000	65750000	0.39776
chr6	65750000	66000000	-0.195512
chr6	66000000	66250000	-0.484234
chr6	66250000	66500000	-0.226236
chr6	66500000	66750000	0.212881
chr6	66750000	67000000	0.553478
chr6	67000000	67250000	0.790309
chr6	67250000	67500000	0.766652
chr6	67500000	67750000	0.685153
chr6	67750000	68000000	0.704885
chr6	68000000	68250000	0.651846
chr6	68250000	68500000	0.620025
chr6	68500000	68750000	0.584727
chr6	68750000	69000000	0.567622
chr6	69000000	69250000	0.543285
chr6	69250000	69500000	0.518735
chr6	69500000	69750000	0.540158
chr6	69750000	70000000	0.486147
chr6	70000000	70250000	0.50892
chr6	70250000	70500000	0.454989
chr6	70500000	70750000	0.500337
chr6	70750000	71000000	0.785631
chr6	71000000	71250000	0.766534
chr6	71250000	71500000	0.820701
chr6	71500000	71750000	0.840171
chr6	71750000	72000000	0.876984
chr6	72000000	72250000	0.973281
chr6	72250000	72500000	1.06905
chr6	72500000	72750000	1.13349
chr6	72750000	73000000	1.09115
chr6	73000000	73250000	0.514802
chr6	73250000	73500000	-0.621343
chr6	73500000	73750000	-1.12842
chr6	73750000	74000000	-1.1376
chr6	74000000	74250000	-1.10113
chr6	74250000	74500000	-1.05929
chr6	74500000	74750000	-1.03507
chr6	74750000	75000000	-1.02571
chr6	75000000	75250000	-1.06027
chr6	75250000	75500000	-1.02162
chr6	75500000	75750000	-0.999451
chr6	75750000	76000000	-1.02915
chr6	76000000	76250000	-1.02425
chr6	76250000	76500000	-1.03215
chr6	76500000	76750000	-1.02831
chr6	76750000	77000000	-1.04734
chr6	77000000	77250000	-1.03069
chr6	77250000	77500000	-1.06134
chr6	77500000	77750000	-1.04406
chr6	77750000	78000000	-1.09409
chr6	78000000	78250000	-1.11083
chr6	78250000	78500000	-1.08313
chr6	78500000	78750000	-1.0418
chr6	78750000	79000000	-1.04766
chr6	79000000	79250000	-1.04992
chr6	79250000	79500000	-1.01497
chr6	79500000	79750000	-1.0009
chr6	79750000	80000000	-0.97698
chr6	80000000	80250000	-0.950369
chr6	80250000	80500000	-0.887448
chr6	80500000	80750000	-0.998729
chr6	80750000	81000000	-1.01461
chr6	81000000	81250000	-1.03618
chr6	81250000	81500000	-0.992809
chr6	81500000	81750000	-0.947247
chr6	81750000	82000000	-0.592666
chr6	82000000	82250000	-0.903562
chr6	82250000	82500000	-0.925369
chr6	82500000	82750000	-0.135499
chr6	82750000	83000000	0.722777
chr6	83000000	83250000	1.09588
chr6	83250000	83500000	1.0919
chr6	83500000	83750000	1.0483
chr6	83750000	84000000	1.02947
chr6	84000000	84250000	0.420137
chr6	84250000	84500000	0.191801
chr6	84500000	84750000	0.225658
chr6	84750000	85000000	0.279687
chr6	85000000	85250000	0.599078
chr6	85250000	85500000	0.803072
chr6	85500000	85750000	0.61736
chr6	85750000	86000000	0.634964
chr6	86000000	86250000	0.615274
chr6	86250000	86500000	0.753156
chr6	86500000	86750000	0.805326
chr6	86750000	87000000	0.782511
chr6	87000000	87250000	0.75493
chr6	87250000	87500000	0.718953
chr6	87500000	87750000	0.760868
chr6	87750000	88000000	0.789306
chr6	88000000	88250000	0.812776
chr6	88250000	88500000	0.824001
chr6	88500000	88750000	0.886015
chr6	88750000	89000000	0.909106
chr6	89000000	89250000	0.780141
chr6	89250000	89500000	0.773429
chr6	89500000	89750000	0.342706
chr6	89750000	90000000	-0.891092
chr6	90000000	90250000	-0.946981
chr6	90250000	90500000	-0.0972173
chr6	90500000	90750000	0.525209
chr6	90750000	91000000	0.820983
chr6	91000000	91250000	0.936541
chr6	91250000	91500000	0.781028
chr6	91500000	91750000	0.885448
chr6	91750000	92000000	0.526645
chr6	92000000	92250000	0.490552
chr6	92250000	92500000	-0.784146
chr6	92500000	92750000	-1.14495
chr6	92750000	93000000	-1.05089
chr6	93000000	93250000	-1.26364
chr6	93250000	93500000	-1.28192
chr6	93500000	93750000	-1.11751
chr6	93750000	94000000	-1.09763
chr6	94000000	94250000	-0.656817
chr6	94250000	94500000	-0.627758
chr6	94500000	94750000	0.290385
chr6	94750000	95000000	0.122513
chr6	95000000	95250000	-0.315827
chr6	95250000	95500000	-0.720471
chr6	95500000	95750000	0.0277124
chr6	95750000	96000000	-0.884762
chr6	96000000	96250000	-1.01364
chr6	96250000	96500000	-1.08397
chr6	96500000	96750000	-1.13
chr6	96750000	97000000	-0.876063
chr6	97000000	97250000	0.270674
chr6	97250000	97500000	0.669102
chr6	97500000	97750000	-0.0238731
chr6	97750000	98000000	-0.120512
chr6	98000000	98250000	-0.116576
chr6	98250000	98500000	-0.145557
chr6	98500000	98750000	0.393664
chr6	98750000	99000000	0.453528
chr6	99000000	99250000	0.798716
chr6	99250000	99500000	1.02122
chr6	99500000	99750000	0.829056
chr6	99750000	100000000	0.680515
chr6	100000000	100250000	0.878613
chr6	100250000	100500000	1.00833
chr6	100500000	100750000	0.543272
chr6	100750000	101000000	0.0964472
chr6	101000000	101250000	-0.931827
chr6	101250000	101500000	-0.970533
chr6	101500000	101750000	-1.21282
chr6	101750000	102000000	-1.32734
chr6	102000000	102250000	-1.22958
chr6	102250000	102500000	-1.27124
chr6	102500000	102750000	-1.22399
chr6	102750000	103000000	-1.17311
chr6	103000000	103250000	-1.01892
chr6	103250000	103500000	-0.302883
chr6	103500000	103750000	-0.26522
chr6	103750000	104000000	-0.930122
chr6	104000000	104250000	-0.962235
chr6	104250000	104500000	-0.901641
chr6	104500000	104750000	-0.862156
chr6	104750000	105000000	-0.845708
chr6	105000000	105250000	-0.763141
chr6	105250000	105500000	-0.727063
chr6	105500000	105750000	-0.698916
chr6	105750000	106000000	-0.648145
chr6	106000000	106250000	-0.599099
chr6	106250000	106500000	-0.509312
chr6	106500000	106750000	-0.156974
chr6	106750000	107000000	-0.202638
chr6	107000000	107250000	-0.576343
chr6	107250000	107500000	-0.621781
chr6	107500000	107750000	-0.647288
chr6	107750000	108000000	-0.586615
chr6	108000000	108250000	0.351981
chr6	108250000	108500000	0.629255
chr6	108500000	108750000	0.725049
chr6	108750000	109000000	0.135321
chr6	109000000	109250000	-0.505733
chr6	109250000	109500000	-0.610727
chr6	109500000	109750000	-0.615167
chr6	109750000	110000000	-0.637241
chr6	110000000	110250000	-0.678684
chr6	110250000	110500000	-0.729071
chr6	110500000	110750000	-0.754721
chr6	110750000	111000000	-0.808702
chr6	111000000	111250000	-0.864094
chr6	111250000	111500000	-0.964949
chr6	111500000	111750000	-1.04328
chr6	111750000	112000000	-1.07132
chr6	112000000	112250000	-0.844064
chr6	112250000	112500000	-0.363942
chr6	112500000	112750000	0.401782
chr6	112750000	113000000	0.836348
chr6	113000000	113250000	1.08663
chr6	113250000	113500000	1.09382
chr6	113500000	113750000	1.06399
chr6	113750000	114000000	0.747321
chr6	114000000	114250000	0.557878
chr6	114250000	114500000	0.546188
chr6	114500000	114750000	0.780621
chr6	114750000	115000000	0.902327
chr6	115000000	115250000	0.675889
chr6	115250000	115500000	0.685143
chr6	115500000	115750000	0.902168
chr6	115750000	116000000	0.973954
chr6	116000000	116250000	0.894515
chr6	116250000	116500000	0.535453
chr6	116500000	116750000	0.510252
chr6	116750000	117000000	-0.048356
chr6	117000000	117250000	-0.0629038
chr6	117250000	117500000	-0.0417667
chr6	117500000	117750000	-0.15506
chr6	117750000	118000000	0.608496
chr6	118000000	118250000	0.495256
chr6	118250000	118500000	0.459015
chr6	118500000	118750000	0.230299
chr6	118750000	119000000	-0.0304466
chr6	119000000	119250000	0.472377
chr6	119250000	119500000	0.845075
chr6	119500000	119750000	0.877285
chr6	119750000	120000000	0.969416
chr6	120000000	120250000	1.02628
chr6	120250000	120500000	1.05404
chr6	120500000	120750000	1.07182
chr6	120750000	121000000	1.06465
chr6	121000000	121250000	0.868937
chr6	121250000	121500000	0.0257281
chr6	121500000	121750000	-0.858018
chr6	121750000	122000000	-1.21049
chr6	122000000	122250000	-1.01205
chr6	122250000	122500000	0.0281873
chr6	122500000	122750000	0.522381
chr6	122750000	123000000	0.247646
chr6	123000000	123250000	-0.720906
chr6	123250000	123500000	-0.617655
chr6	123500000	123750000	nan
chr6	123750000	124000000	-0.304152
chr6	124000000	124250000	0.13248
chr6	124250000	124500000	0.395337
chr6	124500000	124750000	0.876886
chr6	124750000	125000000	1.00995
chr6	125000000	125250000	0.994573
chr6	125250000	125500000	0.938175
chr6	125500000	125750000	0.452822
chr6	125750000	126000000	-0.610984
chr6	126000000	126250000	-0.839295
chr6	126250000	126500000	-0.624015
chr6	126500000	126750000	-0.131329
chr6	126750000	127000000	0.664254
chr6	127000000	127250000	1.01264
chr6	127250000	127500000	1.0266
chr6	127500000	127750000	0.717798
chr6	127750000	128000000	0.519199
chr6	128000000	128250000	0.668232
chr6	128250000	128500000	0.90883
chr6	128500000	128750000	0.830562
chr6	128750000	129000000	0.671973
chr6	129000000	129250000	0.845625
chr6	129250000	129500000	0.724794
chr6	129500000	129750000	0.170341
chr6	129750000	130000000	-0.161918
chr6	130000000	130250000	0.0324237
chr6	130250000	130500000	0.0130595
chr6	130500000	130750000	-0.292961
chr6	130750000	131000000	-0.570714
chr6	131000000	131250000	-0.513266
chr6	131250000	131500000	-0.0360433
chr6	131500000	131750000	-0.799905
chr6	131750000	132000000	-1.05153
chr6	132000000	132250000	-1.0157
chr6	132250000	132500000	-1.00163
chr6	132500000	132750000	-0.927692
chr6	132750000	133000000	-0.917207
chr6	133000000	133250000	-0.693518
chr6	133250000	133500000	-1.06441
chr6	133500000	133750000	-0.994249
chr6	133750000	134000000	-0.211357
chr6	134000000	134250000	0.521721
chr6	134250000	134500000	0.557716
chr6	134500000	134750000	0.905604
chr6	134750000	135000000	1.1374
chr6	135000000	135250000	0.832783
chr6	135250000	135500000	0.441361
chr6	135500000	135750000	-0.481484
chr6	135750000	136000000	-0.586753
chr6	136000000	136250000	-0.643277
chr6	136250000	136500000	0.274796
chr6	136500000	136750000	1.04745
chr6	136750000	137000000	1.07849
chr6	137000000	137250000	0.413816
chr6	137250000	137500000	0.162251
chr6	137500000	137750000	0.633251
chr6	137750000	138000000	-0.648887
chr6	138000000	138250000	-0.895179
chr6	138250000	138500000	-1.04181
chr6	138500000	138750000	-1.22191
chr6	138750000	139000000	-1.27916
chr6	139000000	139250000	-1.23723
chr6	139250000	139500000	-1.21431
chr6	139500000	139750000	-1.16984
chr6	139750000	140000000	-1.19117
chr6	140000000	140250000	-1.10264
chr6	140250000	140500000	-0.609326
chr6	140500000	140750000	0.243376
chr6	140750000	141000000	-0.558168
chr6	141000000	141250000	-0.906149
chr6	141250000	141500000	-0.870401
chr6	141500000	141750000	-1.15153
chr6	141750000	142000000	-1.19477
chr6	142000000	142250000	-1.16336
chr6	142250000	142500000	-0.376496
chr6	142500000	142750000	-0.483595
chr6	142750000	143000000	0.511902
chr6	143000000	143250000	0.901072
chr6	143250000	143500000	0.197362
chr6	143500000	143750000	0.00404968
chr6	143750000	144000000	-0.0615673
chr6	144000000	144250000	0.033541
chr6	144250000	144500000	0.341807
chr6	144500000	144750000	0.795357
chr6	144750000	145000000	0.816989
chr6	145000000	145250000	0.988632
chr6	145250000	145500000	0.98531
chr6	145500000	145750000	0.979761
chr6	145750000	146000000	0.945859
chr6	146000000	146250000	0.987482
chr6	146250000	146500000	0.983221
chr6	146500000	146750000	1.06819
chr6	146750000	147000000	0.667695
chr6	147000000	147250000	0.25463
chr6	147250000	147500000	-0.425919
chr6	147500000	147750000	-0.433797
chr6	147750000	148000000	-0.771098
chr6	148000000	148250000	-0.0953475
chr6	148250000	148500000	0.336471
chr6	148500000	148750000	0.176352
chr6	148750000	149000000	0.733374
chr6	149000000	149250000	0.813943
chr6	149250000	149500000	0.609615
chr6	149500000	149736546	nan
#bedGraph section chr7:0-145441459
chr7	0	250000	nan
chr7	250000	500000	nan
chr7	500000	750000	nan
chr7	750000	1000000	nan
chr7	1000000	1250000	nan
chr7	1250000	1500000	nan
chr7	1500000	1750000	nan
chr7	1750000	2000000	nan
chr7	2000000	2250000	nan
chr7	2250000	2500000	nan
chr7	2500000	2750000	nan
chr7	2750000	3000000	nan
chr7	3000000	3250000	-0.435065
chr7	3250000	3500000	0.0618162
chr7	3500000	3750000	0.446629
chr7	3750000	4000000	0.279679
chr7	4000000	4250000	0.365476
chr7	4250000	4500000	0.175529
chr7	4500000	4750000	0.770664
chr7	4750000	5000000	0.718235
chr7	5000000	5250000	0.107944
chr7	5250000	5500000	-0.657938
chr7	5500000	5750000	-0.767424
chr7	5750000	6000000	-0.859084
chr7	6000000	6250000	-0.297033
chr7	6250000	6500000	-0.229481
chr7	6500000	6750000	-1.05144
chr7	6750000	7000000	-0.888205
chr7	7000000	7250000	-0.465514
chr7	7250000	7500000	-0.552958
chr7	7500000	7750000	nan
chr7	7750000	8000000	nan
chr7	8000000	8250000	nan
chr7	8250000	8500000	nan
chr7	8500000	8750000	nan
chr7	8750000	9000000	nan
chr7	9000000	9250000	nan
chr7	9250000	9500000	nan
chr7	9500000	9750000	nan
chr7	9750000	10000000	nan
chr7	10000000	10250000	-1.01628
chr7	10250000	10500000	-0.988798
chr7	10500000	10750000	-0.978396
chr7	10750000	11000000	nan
chr7	11000000	11250000	-0.938166
chr7	11250000	11500000	nan
chr7	11500000	11750000	-0.866991
chr7	11750000	12000000	-0.920271
chr7	12000000	12250000	-0.777298
chr7	12250000	12500000	-0.538862
chr7	12500000	12750000	-0.659275
chr7	12750000	13000000	0.188698
chr7	13000000	13250000	-0.225245
chr7	13250000	13500000	-0.402085
chr7	13500000	13750000	-0.792616
chr7	13750000	14000000	-0.904082
chr7	14000000	14250000	-0.890373
chr7	14250000	14500000	-0.878519
chr7	14500000	14750000	-0.984657
chr7	14750000	15000000	-0.970938
chr7	15000000	15250000	nan
chr7	15250000	15500000	-1.01125
chr7	15500000	15750000	-1.04134
chr7	15750000	16000000	-0.224441
chr7	16000000	16250000	0.967496
chr7	16250000	16500000	1.11109
chr7	16500000	16750000	0.912252
chr7	16750000	17000000	0.958319
chr7	17000000	17250000	-0.261574
chr7	17250000	17500000	-0.960676
chr7	17500000	17750000	-1.02982
chr7	17750000	18000000	-1.00685
chr7	18000000	18250000	-0.973181
chr7	18250000	18500000	-1.02374
chr7	18500000	18750000	-0.908637
chr7	18750000	19000000	0.028665
chr7	19000000	19250000	1.17302
chr7	19250000	19500000	1.34513
chr7	19500000	19750000	1.2639
chr7	19750000	20000000	0.492778
chr7	20000000	20250000	nan
chr7	20250000	20500000	nan
chr7	20500000	20750000	nan
chr7	20750000	21000000	nan
chr7	21000000	21250000	nan
chr7	21250000	21500000	nan
chr7	21500000	21750000	nan
chr7	21750000	22000000	nan
chr7	22000000	22250000	nan
chr7	22250000	22500000	nan
chr7	22500000	22750000	nan
chr7	22750000	23000000	nan
chr7	23000000	23250000	nan
chr7	23250000	23500000	-1.37534
chr7	23500000	23750000	-1.33082
chr7	23750000	24000000	-1.10132
chr7	24000000	24250000	-0.280239
chr7	24250000	24500000	0.691073
chr7	24500000	24750000	1.16392
chr7	24750000	25000000	1.17907
chr7	25000000	25250000	1.15328
chr7	25250000	25500000	1.13762
chr7	25500000	25750000	1.02043
chr7	25750000	26000000	0.00230837
chr7	26000000	26250000	-0.915049
chr7	26250000	26500000	-1.006
chr7	26500000	26750000	-0.916711
chr7	26750000	27000000	-0.828266
chr7	27000000	27250000	0.0260768
chr7	27250000	27500000	0.890807
chr7	27500000	27750000	0.99703
chr7	27750000	28000000	0.928209
chr7	28000000	28250000	0.883672
chr7	28250000	28500000	0.938779
chr7	28500000	28750000	0.898297
chr7	28750000	29000000	0.912353
chr7	29000000	29250000	0.891184
chr7	29250000	29500000	0.761426
chr7	29500000	29750000	0.545505
chr7	29750000	30000000	0.788127
chr7	30000000	30250000	0.977708
chr7	30250000	30500000	1.11633
chr7	30500000	30750000	1.17516
chr7	30750000	31000000	1.14621
chr7	31000000	31250000	0.473917
chr7	31250000	31500000	-1.03439
chr7	31500000	31750000	-1.23457
chr7	31750000	32000000	nan
chr7	32000000	32250000	nan
chr7	32250000	32500000	nan
chr7	32500000	32750000	nan
chr7	32750000	33000000	nan
chr7	33000000	33250000	nan
chr7	33250000	33500000	-1.12612
chr7	33500000	33750000	-1.10204
chr7	33750000	34000000	-0.678761
chr7	34000000	34250000	-0.127928
chr7	34250000	34500000	0.185852
chr7	34500000	34750000	-0.615685
chr7	34750000	35000000	-0.250791
chr7	35000000	35250000	0.306204
chr7	35250000	35500000	0.515778
chr7	35500000	35750000	0.390646
chr7	35750000	36000000	-0.335827
chr7	36000000	36250000	-1.02996
chr7	36250000	36500000	-1.07916
chr7	36500000	36750000	-0.953753
chr7	36750000	37000000	-1.06689
chr7	37000000	37250000	-1.06248
chr7	37250000	37500000	-0.598604
chr7	37500000	37750000	-0.583964
chr7	37750000	38000000	-0.38221
chr7	38000000	38250000	0.548297
chr7	38250000	38500000	-0.701678
chr7	38500000	38750000	nan
chr7	38750000	39000000	nan
chr7	39000000	39250000	nan
chr7	39250000	39500000	-0.454568
chr7	39500000	39750000	0.00894643
chr7	39750000	40000000	-0.466221
chr7	40000000	40250000	-0.71509
chr7	40250000	40500000	-0.709702
chr7	40500000	40750000	-0.742313
chr7	40750000	41000000	-0.688134
chr7	41000000	41250000	-0.702182
chr7	41250000	41500000	-0.435745
chr7	41500000	41750000	-0.356884
chr7	41750000	42000000	-0.67578
chr7	42000000	42250000	-0.726716
chr7	42250000	42500000	-0.618508
chr7	42500000	42750000	-0.505767
chr7	42750000	43000000	-0.75944
chr7	43000000	43250000	-0.787098
chr7	43250000	43500000	0.372476
chr7	43500000	43750000	0.405502
chr7	43750000	44000000	0.115607
chr7	44000000	44250000	0.105102
chr7	44250000	44500000	1.07489
chr7	44500000	44750000	1.2226
chr7	44750000	45000000	1.13346
chr7	45000000	45250000	1.04446
chr7	45250000	45500000	1.01103
chr7	45500000	45750000	1.12043
chr7	45750000	46000000	1.15031
chr7	46000000	46250000	0.964112
chr7	46250000	46500000	0.906933
chr7	46500000	46750000	1.04425
chr7	46750000	47000000	0.951897
chr7	47000000	47250000	0.340137
chr7	47250000	47500000	-0.796684
chr7	47500000	47750000	-0.953054
chr7	47750000	48000000	-0.911985
chr7	48000000	48250000	-0.751403
chr7	48250000	48500000	-1.07045
chr7	48500000	48750000	-0.901634
chr7	48750000	49000000	0.313582
chr7	49000000	49250000	0.00518112
chr7	49250000	49500000	0.326173
chr7	49500000	49750000	0.388483
chr7	49750000	50000000	-0.0413205
chr7	50000000	50250000	-1.06485
chr7	50250000	50500000	-1.08576
chr7	50500000	50750000	-1.06058
chr7	50750000	51000000	-1.05099
chr7	51000000	51250000	-1.0699
chr7	51250000	51500000	-0.999725
chr7	51500000	51750000	-0.917761
chr7	51750000	52000000	-0.555797
chr7	52000000	52250000	-0.845699
chr7	52250000	52500000	-0.902018
chr7	52500000	52750000	-0.923893
chr7	52750000	53000000	-0.887074
chr7	53000000	53250000	-0.853476
chr7	53250000	53500000	-0.844521
chr7	53500000	53750000	-0.853553
chr7	53750000	54000000	-0.851019
chr7	54000000	54250000	-0.84832
chr7	54250000	54500000	-0.868211
chr7	54500000	54750000	-0.874588
chr7	54750000	55000000	-0.892274
chr7	55000000	55250000	-0.904088
chr7	55250000	55500000	-0.94278
chr7	55500000	55750000	-0.812885
chr7	55750000	56000000	0.181154
chr7	56000000	56250000	0.0101899
chr7	56250000	56500000	-0.979995
chr7	56500000	56750000	-1.03232
chr7	56750000	57000000	-0.994958
chr7	57000000	57250000	-1.02905
chr7	57250000	57500000	-0.949545
chr7	57500000	57750000	-0.902879
chr7	57750000	58000000	-0.94287
chr7	58000000	58250000	-0.851062
chr7	58250000	58500000	-0.667076
chr7	58500000	58750000	-0.179073
chr7	58750000	59000000	-0.32617
chr7	59000000	59250000	-0.554256
chr7	59250000	59500000	-0.355638
chr7	59500000	59750000	nan
chr7	59750000	60000000	nan
chr7	60000000	60250000	-0.981269
chr7	60250000	60500000	-0.968624
chr7	60500000	60750000	-0.92494
chr7	60750000	61000000	-0.961214
chr7	61000000	61250000	-0.942483
chr7	61250000	61500000	-0.956695
chr7	61500000	61750000	-1.05071
chr7	61750000	62000000	-1.04053
chr7	62000000	62250000	-1.0451
chr7	62250000	62500000	-0.956514
chr7	62500000	62750000	-1.21395
chr7	62750000	63000000	-1.17087
chr7	63000000	63250000	-1.163
chr7	63250000	63500000	-1.00588
chr7	63500000	63750000	-0.773049
chr7	63750000	64000000	0.462161
chr7	64000000	64250000	0.449983
chr7	64250000	64500000	-0.019941
chr7	64500000	64750000	-0.903659
chr7	64750000	65000000	-0.624911
chr7	65000000	65250000	-0.795175
chr7	65250000	65500000	-0.525519
chr7	65500000	65750000	-0.323196
chr7	65750000	66000000	-0.451975
chr7	66000000	66250000	0.761898
chr7	66250000	66500000	0.57418
chr7	66500000	66750000	0.107179
chr7	66750000	67000000	-0.0558435
chr7	67000000	67250000	-0.0107573
chr7	67250000	67500000	0.941729
chr7	67500000	67750000	0.458706
chr7	67750000	68000000	0.0906003
chr7	68000000	68250000	0.490762
chr7	68250000	68500000	-0.0993266
chr7	68500000	68750000	-0.901375
chr7	68750000	69000000	-0.976638
chr7	69000000	69250000	-1.06137
chr7	69250000	69500000	-0.983608
chr7	69500000	69750000	-0.964202
chr7	69750000	70000000	-0.948472
chr7	70000000	70250000	-0.918899
chr7	70250000	70500000	-0.800776
chr7	70500000	70750000	-0.923036
chr7	70750000	71000000	-0.910433
chr7	71000000	71250000	-0.917207
chr7	71250000	71500000	-0.854057
chr7	71500000	71750000	-0.905662
chr7	71750000	72000000	-0.807318
chr7	72000000	72250000	-0.234501
chr7	72250000	72500000	0.00537297
chr7	72500000	72750000	-0.867439
chr7	72750000	73000000	-0.977641
chr7	73000000	73250000	-0.908028
chr7	73250000	73500000	-0.179519
chr7	73500000	73750000	0.529103
chr7	73750000	74000000	-0.420339
chr7	74000000	74250000	-0.712325
chr7	74250000	74500000	-0.258794
chr7	74500000	74750000	-0.168652
chr7	74750000	75000000	-0.584269
chr7	75000000	75250000	-0.0489371
chr7	75250000	75500000	0.576994
chr7	75500000	75750000	0.82123
chr7	75750000	76000000	0.36778
chr7	76000000	76250000	-0.534352
chr7	76250000	76500000	-0.0808195
chr7	76500000	76750000	-0.0717068
chr7	76750000	77000000	-0.291658
chr7	77000000	77250000	-0.388368
chr7	77250000	77500000	-0.573255
chr7	77500000	77750000	-0.678947
chr7	77750000	78000000	-0.721297
chr7	78000000	78250000	-0.752592
chr7	78250000	78500000	-0.761135
chr7	78500000	78750000	-0.154241
chr7	78750000	79000000	0.41226
chr7	79000000	79250000	0.415616
chr7	79250000	79500000	0.896393
chr7	79500000	79750000	0.963556
chr7	79750000	80000000	1.00598
chr7	80000000	80250000	1.11407
chr7	80250000	80500000	1.06351
chr7	80500000	80750000	0.955781
chr7	80750000	81000000	0.983768
chr7	81000000	81250000	0.897538
chr7	81250000	81500000	0.815072
chr7	81500000	81750000	0.774598
chr7	81750000	82000000	0.833285
chr7	82000000	82250000	0.670613
chr7	82250000	82500000	0.47251
chr7	82500000	82750000	0.651703
chr7	82750000	83000000	0.663222
chr7	83000000	83250000	0.557401
chr7	83250000	83500000	0.610211
chr7	83500000	83750000	0.742009
chr7	83750000	84000000	0.464111
chr7	84000000	84250000	0.218531
chr7	84250000	84500000	-0.266607
chr7	84500000	84750000	-0.0306716
chr7	84750000	85000000	-0.618416
chr7	85000000	85250000	-0.825527
chr7	85250000	85500000	-0.790999
chr7	85500000	85750000	-0.785359
chr7	85750000	86000000	-0.766218
chr7	86000000	86250000	-0.813159
chr7	86250000	86500000	-0.78931
chr7	86500000	86750000	-0.783023
chr7	86750000	87000000	-0.784156
chr7	87000000	87250000	-0.61913
chr7	87250000	87500000	-0.561515
chr7	87500000	87750000	-0.458878
chr7	87750000	88000000	-0.300853
chr7	88000000	88250000	0.124219
chr7	88250000	88500000	0.0557311
chr7	88500000	88750000	-0.4201
chr7	88750000	89000000	-0.601241
chr7	89000000	89250000	-0.0814022
chr7	89250000	89500000	0.162084
chr7	89500000	89750000	-0.0607164
chr7	89750000	90000000	0.25076
chr7	90000000	90250000	0.80483
chr7	90250000	90500000	0.290116
chr7	90500000	90750000	-0.573011
chr7	90750000	91000000	-0.847821
chr7	91000000	91250000	-0.860599
chr7	91250000	91500000	-0.729856
chr7	91500000	91750000	-0.767908
chr7	91750000	92000000	-0.883738
chr7	92000000	92250000	-0.535491
chr7	92250000	92500000	-0.436146
chr7	92500000	92750000	0.233057
chr7	92750000	93000000	0.190073
chr7	93000000	93250000	-0.902807
chr7	93250000	93500000	-1.05624
chr7	93500000	93750000	-1.03088
chr7	93750000	94000000	-1.01797
chr7	94000000	94250000	-0.960024
chr7	94250000	94500000	-0.970725
chr7	94500000	94750000	-0.98482
chr7	94750000	95000000	-0.987827
chr7	95000000	95250000	-0.985121
chr7	95250000	95500000	-0.99209
chr7	95500000	95750000	-0.992357
chr7	95750000	96000000	-1.01621
chr7	96000000	96250000	-0.816326
chr7	96250000	96500000	-0.456207
chr7	96500000	96750000	-0.199566
chr7	96750000	97000000	0.167862
chr7	97000000	97250000	0.631844
chr7	97250000	97500000	0.901798
chr7	97500000	97750000	0.912048
chr7	97750000	98000000	0.753081
chr7	98000000	98250000	0.787534
chr7	98250000	98500000	0.820345
chr7	98500000	98750000	0.815339
chr7	98750000	99000000	0.69382
chr7	99000000	99250000	0.738433
chr7	99250000	99500000	0.712256
chr7	99500000	99750000	0.664555
chr7	99750000	100000000	0.6663
chr7	100000000	100250000	0.707243
chr7	100250000	100500000	0.733045
chr7	100500000	100750000	0.771929
chr7	100750000	101000000	0.732841
chr7	101000000	101250000	0.756551
chr7	101250000	101500000	0.835447
chr7	101500000	101750000	0.779116
chr7	101750000	102000000	0.893299
chr7	102000000	102250000	0.951882
chr7	102250000	102500000	0.720803
chr7	102500000	102750000	0.0867569
chr7	102750000	103000000	-0.491983
chr7	103000000	103250000	-0.714799
chr7	103250000	103500000	-0.726213
chr7	103500000	103750000	-0.402693
chr7	103750000	104000000	0.0255456
chr7	104000000	104250000	-0.0374569
chr7	104250000	104500000	0.378641
chr7	104500000	104750000	-0.330753
chr7	104750000	105000000	-0.782104
chr7	105000000	105250000	-0.710853
chr7	105250000	105500000	-0.249461
chr7	105500000	105750000	0.277343
chr7	105750000	106000000	0.394412
chr7	106000000	106250000	nan
chr7	106250000	106500000	0.111109
chr7	106500000	106750000	0.230938
chr7	106750000	107000000	-0.255615
chr7	107000000	107250000	-0.641516
chr7	107250000	107500000	-0.752784
chr7	107500000	107750000	0.0918129
chr7	107750000	108000000	-0.739883
chr7	108000000	108250000	-1.07279
chr7	108250000	108500000	-1.14292
chr7	108500000	108750000	-1.10155
chr7	108750000	109000000	-0.511658
chr7	109000000	109250000	-0.167357
chr7	109250000	109500000	0.101773
chr7	109500000	109750000	0.75662
chr7	109750000	110000000	0.943483
chr7	110000000	110250000	0.979904
chr7	110250000	110500000	0.90407
chr7	110500000	110750000	0.899807
chr7	110750000	111000000	0.894003
chr7	111000000	111250000	0.724023
chr7	111250000	111500000	0.162225
chr7	111500000	111750000	-0.0107115
chr7	111750000	112000000	0.0981836
chr7	112000000	112250000	0.483607
chr7	112250000	112500000	0.248151
chr7	112500000	112750000	0.202154
chr7	112750000	113000000	0.348232
chr7	113000000	113250000	0.515287
chr7	113250000	113500000	0.737787
chr7	113500000	113750000	0.624733
chr7	113750000	114000000	0.459308
chr7	114000000	114250000	0.740925
chr7	114250000	114500000	0.747981
chr7	114500000	114750000	0.524082
chr7	114750000	115000000	0.286161
chr7	115000000	115250000	0.228156
chr7	115250000	115500000	0.0624913
chr7	115500000	115750000	0.102142
chr7	115750000	116000000	0.0671495
chr7	116000000	116250000	0.479923
chr7	116250000	116500000	0.818086
chr7	116500000	116750000	0.48639
chr7	116750000	117000000	0.273072
chr7	117000000	117250000	0.212836
chr7	117250000	117500000	0.505112
chr7	117500000	117750000	0.387022
chr7	117750000	118000000	0.0438034
chr7	118000000	118250000	0.646637
chr7	118250000	118500000	0.737476
chr7	118500000	118750000	0.594919
chr7	118750000	119000000	-0.0621213
chr7	119000000	119250000	-1.13406
chr7	119250000	119500000	-1.35572
chr7	119500000	119750000	-0.824898
chr7	119750000	120000000	-0.284955
chr7	120000000	120250000	-0.908544
chr7	120250000	120500000	-1.1615
chr7	120500000	120750000	-0.179838
chr7	120750000	121000000	0.518819
chr7	121000000	121250000	0.29469
chr7	121250000	121500000	0.28764
chr7	121500000	121750000	0.431457
chr7	121750000	122000000	0.530589
chr7	122000000	122250000	1.00615
chr7	122250000	122500000	0.807757
chr7	122500000	122750000	0.692936
chr7	122750000	123000000	0.855558
chr7	123000000	123250000	0.607882
chr7	123250000	123500000	0.381351
chr7	123500000	123750000	-0.868164
chr7	123750000	124000000	-1.08638
chr7	124000000	124250000	-1.02861
chr7	124250000	124500000	-1.15863
chr7	124500000	124750000	-1.06465
chr7	124750000	125000000	-0.995684
chr7	125000000	125250000	-0.711898
chr7	125250000	125500000	0.110153
chr7	125500000	125750000	0.922525
chr7	125750000	126000000	0.801875
chr7	126000000	126250000	1.05496
chr7	126250000	126500000	1.09959
chr7	126500000	126750000	0.994209
chr7	126750000	127000000	0.891608
chr7	127000000	127250000	0.885941
chr7	127250000	127500000	0.897319
chr7	127500000	127750000	0.942768
chr7	127750000	128000000	1.04284
chr7	128000000	128250000	1.13108
chr7	128250000	128500000	1.15166
chr7	128500000	128750000	1.0681
chr7	128750000	129000000	-0.488544
chr7	129000000	129250000	-1.2694
chr7	129250000	129500000	-1.24529
chr7	129500000	129750000	-0.224691
chr7	129750000	130000000	0.138272
chr7	130000000	130250000	-0.517062
chr7	130250000	130500000	-0.065852
chr7	130500000	130750000	0.670492
chr7	130750000	131000000	0.659619
chr7	131000000	131250000	-0.177375
chr7	131250000	131500000	0.0936697
chr7	131500000	131750000	0.0666139
chr7	131750000	132000000	-0.104666
chr7	132000000	132250000	0.126448
chr7	132250000	132500000	1.01959
chr7	132500000	132750000	0.970352
chr7	132750000	133000000	1.02137
chr7	133000000	133250000	0.250896
chr7	133250000	133500000	-0.197438
chr7	133500000	133750000	0.206628
chr7	133750000	134000000	-0.670156
chr7	134000000	134250000	-1.35981
chr7	134250000	134500000	-1.22292
chr7	134500000	134750000	-1.01903
chr7	134750000	135000000	-1.0945
chr7	135000000	135250000	-0.969781
chr7	135250000	135500000	-0.563018
chr7	135500000	135750000	0.459463
chr7	135750000	136000000	-0.52695
chr7	136000000	136250000	-0.827285
chr7	136250000	136500000	-1.14831
chr7	136500000	136750000	-1.21492
chr7	136750000	137000000	-0.79521
chr7	137000000	137250000	-0.880011
chr7	137250000	137500000	0.0785617
chr7	137500000	137750000	-0.0339463
chr7	137750000	138000000	-0.773461
chr7	138000000	138250000	-1.13528
chr7	138250000	138500000	-1.05983
chr7	138500000	138750000	-1.17741
chr7	138750000	139000000	0.0606479
chr7	139000000	139250000	0.43527
chr7	139250000	139500000	0.829163
chr7	139500000	139750000	0.274604
chr7	139750000	140000000	0.313123
chr7	140000000	140250000	0.297107
chr7	140250000	140500000	-0.763554
chr7	140500000	140750000	-0.64742
chr7	140750000	141000000	0.740257
chr7	141000000	141250000	1.32447
chr7	141250000	141500000	1.35682
chr7	141500000	141750000	1.04947
chr7	141750000	142000000	0.774731
chr7	142000000	142250000	0.652203
chr7	142250000	142500000	0.901992
chr7	142500000	142750000	0.691049
chr7	142750000	143000000	0.559976
chr7	143000000	143250000	0.622062
chr7	143250000	143500000	0.437128
chr7	143500000	143750000	0.961034
chr7	143750000	144000000	0.528815
chr7	144000000	144250000	0.225323
chr7	144250000	144500000	0.341846
chr7	144500000	144750000	0.513209
chr7	144750000	145000000	0.524205
chr7	145000000	145250000	0.518022
chr7	145250000	145441459	0.518729
#bedGraph section chr8:0-129401213
chr8	0	250000	nan
chr8	250000	500000	nan
chr8	500000	750000	nan
chr8	750000	1000000	nan
chr8	1000000	1250000	nan
chr8	1250000	1500000	nan
chr8	1500000	1750000	nan
chr8	1750000	2000000	nan
chr8	2000000	2250000	nan
chr8	2250000	2500000	nan
chr8	2500000	2750000	nan
chr8	2750000	3000000	nan
chr8	3000000	3250000	0.0634643
chr8	3250000	3500000	0.59328
chr8	3500000	3750000	0.7522
chr8	3750000	4000000	-0.0195521
chr8	4000000	4250000	0.393541
chr8	4250000	4500000	0.661417
chr8	4500000	4750000	0.321235
chr8	4750000	5000000	-0.423009
chr8	5000000	5250000	-0.725806
chr8	5250000	5500000	-0.69215
chr8	5500000	5750000	-0.610648
chr8	5750000	6000000	-0.510579
chr8	6000000	6250000	-0.283516
chr8	6250000	6500000	-0.141607
chr8	6500000	6750000	-0.146169
chr8	6750000	7000000	-0.379898
chr8	7000000	7250000	-0.515251
chr8	7250000	7500000	-0.519424
chr8	7500000	7750000	-0.563133
chr8	7750000	8000000	-0.589924
chr8	8000000	8250000	-0.512175
chr8	8250000	8500000	-0.486011
chr8	8500000	8750000	-0.097592
chr8	8750000	9000000	-0.184105
chr8	9000000	9250000	-0.345653
chr8	9250000	9500000	-0.545573
chr8	9500000	9750000	-0.756988
chr8	9750000	10000000	-0.260964
chr8	10000000	10250000	-0.382438
chr8	10250000	10500000	-0.0364632
chr8	10500000	10750000	0.514004
chr8	10750000	11000000	0.977926
chr8	11000000	11250000	0.782928
chr8	11250000	11500000	0.809954
chr8	11500000	11750000	1.14018
chr8	11750000	12000000	0.556839
chr8	12000000	12250000	0.19063
chr8	12250000	12500000	0.258238
chr8	12500000	12750000	0.489029
chr8	12750000	13000000	0.599842
chr8	13000000	13250000	1.13048
chr8	13250000	13500000	1.19751
chr8	13500000	13750000	1.22218
chr8	13750000	14000000	0.603895
chr8	14000000	14250000	-0.187969
chr8	14250000	14500000	-0.86478
chr8	14500000	14750000	-0.7294
chr8	14750000	15000000	0.333116
chr8	15000000	15250000	-0.239244
chr8	15250000	15500000	-0.996383
chr8	15500000	15750000	-1.09671
chr8	15750000	16000000	-1.07211
chr8	16000000	16250000	-1.03525
chr8	16250000	16500000	-1.02615
chr8	16500000	16750000	-1.00235
chr8	16750000	17000000	-0.913188
chr8	17000000	17250000	-0.976991
chr8	17250000	17500000	-0.896445
chr8	17500000	17750000	-0.935854
chr8	17750000	18000000	-0.967013
chr8	18000000	18250000	-0.976914
chr8	18250000	18500000	-0.848863
chr8	18500000	18750000	-0.0493836
chr8	18750000	19000000	0.17228
chr8	19000000	19250000	-0.84001
chr8	19250000	19500000	-1.06209
chr8	19500000	19750000	-0.903124
chr8	19750000	20000000	-0.547407
chr8	20000000	20250000	nan
chr8	20250000	20500000	-0.368727
chr8	20500000	20750000	-0.532966
chr8	20750000	21000000	-0.99022
chr8	21000000	21250000	-1.07522
chr8	21250000	21500000	nan
chr8	21500000	21750000	nan
chr8	21750000	22000000	-0.882106
chr8	22000000	22250000	0.320959
chr8	22250000	22500000	0.925811
chr8	22500000	22750000	1.18029
chr8	22750000	23000000	1.02258
chr8	23000000	23250000	0.466297
chr8	23250000	23500000	-0.489037
chr8	23500000	23750000	-0.500479
chr8	23750000	24000000	-0.602074
chr8	24000000	24250000	-0.760752
chr8	24250000	24500000	-0.543081
chr8	24500000	24750000	0.277731
chr8	24750000	25000000	0.378568
chr8	25000000	25250000	1.01088
chr8	25250000	25500000	0.537052
chr8	25500000	25750000	0.946609
chr8	25750000	26000000	0.862795
chr8	26000000	26250000	0.675703
chr8	26250000	26500000	0.0233743
chr8	26500000	26750000	0.237217
chr8	26750000	27000000	0.72366
chr8	27000000	27250000	0.585288
chr8	27250000	27500000	-0.510649
chr8	27500000	27750000	-0.868262
chr8	27750000	28000000	-1.0054
chr8	28000000	28250000	-0.975365
chr8	28250000	28500000	-0.923038
chr8	28500000	28750000	-0.934173
chr8	28750000	29000000	-0.927063
chr8	29000000	29250000	-0.906752
chr8	29250000	29500000	-0.898219
chr8	29500000	29750000	-0.900075
chr8	29750000	30000000	-0.909146
chr8	30000000	30250000	-0.906941
chr8	30250000	30500000	-0.99163
chr8	30500000	30750000	-0.958032
chr8	30750000	31000000	-0.866772
chr8	31000000	31250000	-0.00611586
chr8	31250000	31500000	-0.791517
chr8	31500000	31750000	-0.934863
chr8	31750000	32000000	-0.881579
chr8	32000000	32250000	-0.859448
chr8	32250000	32500000	-0.897392
chr8	32500000	32750000	-0.940586
chr8	32750000	33000000	-0.868111
chr8	33000000	33250000	-0.560719
chr8	33250000	33500000	0.407515
chr8	33500000	33750000	0.777217
chr8	33750000	34000000	1.04005
chr8	34000000	34250000	0.922011
chr8	34250000	34500000	0.831263
chr8	34500000	34750000	0.97583
chr8	34750000	35000000	0.851604
chr8	35000000	35250000	0.739655
chr8	35250000	35500000	0.751007
chr8	35500000	35750000	0.679712
chr8	35750000	36000000	0.459025
chr8	36000000	36250000	0.633006
chr8	36250000	36500000	-0.0664966
chr8	36500000	36750000	-0.519456
chr8	36750000	37000000	-0.518588
chr8	37000000	37250000	-0.493337
chr8	37250000	37500000	-0.698444
chr8	37500000	37750000	-0.621987
chr8	37750000	38000000	-0.579468
chr8	38000000	38250000	-0.522694
chr8	38250000	38500000	-0.509003
chr8	38500000	38750000	-0.443436
chr8	38750000	39000000	-0.330555
chr8	39000000	39250000	0.00816771
chr8	39250000	39500000	-0.230094
chr8	39500000	39750000	-0.372744
chr8	39750000	40000000	-0.553484
chr8	40000000	40250000	-0.488032
chr8	40250000	40500000	0.00153402
chr8	40500000	40750000	-0.411791
chr8	40750000	41000000	-0.762205
chr8	41000000	41250000	-0.398585
chr8	41250000	41500000	0.335059
chr8	41500000	41750000	-0.836959
chr8	41750000	42000000	-0.766033
chr8	42000000	42250000	-0.617028
chr8	42250000	42500000	-0.738253
chr8	42500000	42750000	-0.810916
chr8	42750000	43000000	-0.799631
chr8	43000000	43250000	-0.789603
chr8	43250000	43500000	-0.847297
chr8	43500000	43750000	-0.91056
chr8	43750000	44000000	-0.889731
chr8	44000000	44250000	-0.940791
chr8	44250000	44500000	-0.945428
chr8	44500000	44750000	-1.02209
chr8	44750000	45000000	-0.930643
chr8	45000000	45250000	-0.895957
chr8	45250000	45500000	-0.226896
chr8	45500000	45750000	-0.584955
chr8	45750000	46000000	0.200212
chr8	46000000	46250000	0.84004
chr8	46250000	46500000	1.05321
chr8	46500000	46750000	1.08284
chr8	46750000	47000000	1.03552
chr8	47000000	47250000	0.599063
chr8	47250000	47500000	0.447504
chr8	47500000	47750000	0.357767
chr8	47750000	48000000	0.123412
chr8	48000000	48250000	-0.450268
chr8	48250000	48500000	-0.880969
chr8	48500000	48750000	-0.97987
chr8	48750000	49000000	-1.03693
chr8	49000000	49250000	-1.09234
chr8	49250000	49500000	-1.05052
chr8	49500000	49750000	-1.06755
chr8	49750000	50000000	-1.03988
chr8	50000000	50250000	-1.04484
chr8	50250000	50500000	-0.936566
chr8	50500000	50750000	-0.972351
chr8	50750000	51000000	-0.895217
chr8	51000000	51250000	-0.92816
chr8	51250000	51500000	-0.863424
chr8	51500000	51750000	-0.82222
chr8	51750000	52000000	-0.762778
chr8	52000000	52250000	-0.739068
chr8	52250000	52500000	-0.708039
chr8	52500000	52750000	-0.625119
chr8	52750000	53000000	-0.638548
chr8	53000000	53250000	-0.602559
chr8	53250000	53500000	-0.387061
chr8	53500000	53750000	-0.0262241
chr8	53750000	54000000	-0.1624
chr8	54000000	54250000	-0.0375508
chr8	54250000	54500000	-0.25337
chr8	54500000	54750000	0.0409844
chr8	54750000	55000000	-0.365382
chr8	55000000	55250000	-0.593914
chr8	55250000	55500000	nan
chr8	55500000	55750000	-0.762148
chr8	55750000	56000000	-0.872522
chr8	56000000	56250000	-0.880914
chr8	56250000	56500000	-0.733855
chr8	56500000	56750000	-0.335844
chr8	56750000	57000000	-0.967029
chr8	57000000	57250000	-0.969358
chr8	57250000	57500000	-0.222695
chr8	57500000	57750000	0.403129
chr8	57750000	58000000	-0.493644
chr8	58000000	58250000	-0.962134
chr8	58250000	58500000	-0.981615
chr8	58500000	58750000	-0.879491
chr8	58750000	59000000	-0.915964
chr8	59000000	59250000	-0.917546
chr8	59250000	59500000	-0.918012
chr8	59500000	59750000	-0.938789
chr8	59750000	60000000	-0.951133
chr8	60000000	60250000	-0.937245
chr8	60250000	60500000	-0.891761
chr8	60500000	60750000	-0.585945
chr8	60750000	61000000	0.213746
chr8	61000000	61250000	0.188101
chr8	61250000	61500000	0.442585
chr8	61500000	61750000	-0.59981
chr8	61750000	62000000	-0.584241
chr8	62000000	62250000	-0.760122
chr8	62250000	62500000	-0.936478
chr8	62500000	62750000	-0.891144
chr8	62750000	63000000	-0.560084
chr8	63000000	63250000	-0.848052
chr8	63250000	63500000	-0.83414
chr8	63500000	63750000	-0.872503
chr8	63750000	64000000	-0.791405
chr8	64000000	64250000	-0.774656
chr8	64250000	64500000	-0.838979
chr8	64500000	64750000	-0.32028
chr8	64750000	65000000	0.132157
chr8	65000000	65250000	-0.395105
chr8	65250000	65500000	-0.639347
chr8	65500000	65750000	-0.594098
chr8	65750000	66000000	-0.543329
chr8	66000000	66250000	-0.423273
chr8	66250000	66500000	0.309755
chr8	66500000	66750000	-0.46255
chr8	66750000	67000000	-0.343081
chr8	67000000	67250000	-0.761653
chr8	67250000	67500000	-0.401648
chr8	67500000	67750000	-0.152438
chr8	67750000	68000000	0.333078
chr8	68000000	68250000	0.789332
chr8	68250000	68500000	0.682732
chr8	68500000	68750000	0.750085
chr8	68750000	69000000	0.621544
chr8	69000000	69250000	0.811368
chr8	69250000	69500000	0.683503
chr8	69500000	69750000	0.755606
chr8	69750000	70000000	0.956852
chr8	70000000	70250000	0.893807
chr8	70250000	70500000	0.84316
chr8	70500000	70750000	0.830979
chr8	70750000	71000000	0.791887
chr8	71000000	71250000	0.76425
chr8	71250000	71500000	0.830631
chr8	71500000	71750000	0.860627
chr8	71750000	72000000	0.835055
chr8	72000000	72250000	0.988238
chr8	72250000	72500000	1.185
chr8	72500000	72750000	0.828144
chr8	72750000	73000000	-0.330515
chr8	73000000	73250000	-0.749525
chr8	73250000	73500000	-0.718301
chr8	73500000	73750000	-0.982129
chr8	73750000	74000000	-0.949115
chr8	74000000	74250000	-0.996545
chr8	74250000	74500000	-0.928453
chr8	74500000	74750000	-1.04368
chr8	74750000	75000000	-0.583757
chr8	75000000	75250000	0.346972
chr8	75250000	75500000	-0.843791
chr8	75500000	75750000	-1.06567
chr8	75750000	76000000	-1.06435
chr8	76000000	76250000	-0.962722
chr8	76250000	76500000	-0.989319
chr8	76500000	76750000	-0.95073
chr8	76750000	77000000	-0.739905
chr8	77000000	77250000	-0.668386
chr8	77250000	77500000	0.19913
chr8	77500000	77750000	0.0355465
chr8	77750000	78000000	-0.767225
chr8	78000000	78250000	-0.264431
chr8	78250000	78500000	-0.148539
chr8	78500000	78750000	0.422442
chr8	78750000	79000000	0.350953
chr8	79000000	79250000	0.644562
chr8	79250000	79500000	0.789924
chr8	79500000	79750000	0.785968
chr8	79750000	80000000	0.269686
chr8	80000000	80250000	0.252292
chr8	80250000	80500000	0.368306
chr8	80500000	80750000	0.481621
chr8	80750000	81000000	0.686759
chr8	81000000	81250000	0.502478
chr8	81250000	81500000	0.547505
chr8	81500000	81750000	0.568453
chr8	81750000	82000000	0.495959
chr8	82000000	82250000	0.368089
chr8	82250000	82500000	0.460865
chr8	82500000	82750000	0.381858
chr8	82750000	83000000	0.577737
chr8	83000000	83250000	0.669801
chr8	83250000	83500000	0.710742
chr8	83500000	83750000	0.786813
chr8	83750000	84000000	0.81178
chr8	84000000	84250000	0.820787
chr8	84250000	84500000	0.775384
chr8	84500000	84750000	0.824261
chr8	84750000	85000000	0.926689
chr8	85000000	85250000	0.900392
chr8	85250000	85500000	0.912551
chr8	85500000	85750000	0.625211
chr8	85750000	86000000	0.453725
chr8	86000000	86250000	-0.0979888
chr8	86250000	86500000	-0.324221
chr8	86500000	86750000	0.415291
chr8	86750000	87000000	0.491796
chr8	87000000	87250000	-0.573615
chr8	87250000	87500000	-0.586199
chr8	87500000	87750000	0.25956
chr8	87750000	88000000	0.322476
chr8	88000000	88250000	0.869825
chr8	88250000	88500000	1.04581
chr8	88500000	88750000	0.93897
chr8	88750000	89000000	-0.447417
chr8	89000000	89250000	-0.858242
chr8	89250000	89500000	-1.14991
chr8	89500000	89750000	-1.05344
chr8	89750000	90000000	-0.877486
chr8	90000000	90250000	-1.02105
chr8	90250000	90500000	-0.871386
chr8	90500000	90750000	-0.782397
chr8	90750000	91000000	0.587562
chr8	91000000	91250000	0.610128
chr8	91250000	91500000	0.443346
chr8	91500000	91750000	-0.169033
chr8	91750000	92000000	-0.625038
chr8	92000000	92250000	-0.872796
chr8	92250000	92500000	-0.434387
chr8	92500000	92750000	-0.709952
chr8	92750000	93000000	-0.326546
chr8	93000000	93250000	-0.947606
chr8	93250000	93500000	-1.28904
chr8	93500000	93750000	-1.0399
chr8	93750000	94000000	-0.242487
chr8	94000000	94250000	0.83449
chr8	94250000	94500000	1.11497
chr8	94500000	94750000	1.15726
chr8	94750000	95000000	1.15684
chr8	95000000	95250000	1.13943
chr8	95250000	95500000	1.0882
chr8	95500000	95750000	0.845659
chr8	95750000	96000000	0.255365
chr8	96000000	96250000	-1.10931
chr8	96250000	96500000	-1.17383
chr8	96500000	96750000	-1.12588
chr8	96750000	97000000	-1.12853
chr8	97000000	97250000	-1.09843
chr8	97250000	97500000	-1.06229
chr8	97500000	97750000	-1.04055
chr8	97750000	98000000	-1.05836
chr8	98000000	98250000	-1.02143
chr8	98250000	98500000	-1.02303
chr8	98500000	98750000	-1.01034
chr8	98750000	99000000	-1.03383
chr8	99000000	99250000	-1.05141
chr8	99250000	99500000	-1.05294
chr8	99500000	99750000	-1.01561
chr8	99750000	100000000	-1.03679
chr8	100000000	100250000	-1.02569
chr8	100250000	100500000	-1.06666
chr8	100500000	100750000	-1.01361
chr8	100750000	101000000	-1.03056
chr8	101000000	101250000	-1.01576
chr8	101250000	101500000	-1.05114
chr8	101500000	101750000	-1.02416
chr8	101750000	102000000	-1.01978
chr8	102000000	102250000	-1.03042
chr8	102250000	102500000	-1.05111
chr8	102500000	102750000	-1.05939
chr8	102750000	103000000	-1.04452
chr8	103000000	103250000	-1.08242
chr8	103250000	103500000	-1.15512
chr8	103500000	103750000	-1.14406
chr8	103750000	104000000	-0.948093
chr8	104000000	104250000	0.408902
chr8	104250000	104500000	0.879956
chr8	104500000	104750000	0.765024
chr8	104750000	105000000	0.266293
chr8	105000000	105250000	0.73824
chr8	105250000	105500000	1.05732
chr8	105500000	105750000	1.00945
chr8	105750000	106000000	0.970707
chr8	106000000	106250000	0.961464
chr8	106250000	106500000	0.929092
chr8	106500000	106750000	0.88341
chr8	106750000	107000000	0.968846
chr8	107000000	107250000	1.02675
chr8	107250000	107500000	1.01325
chr8	107500000	107750000	0.189386
chr8	107750000	108000000	-0.56775
chr8	108000000	108250000	-0.605604
chr8	108250000	108500000	-0.459878
chr8	108500000	108750000	0.137411
chr8	108750000	109000000	-0.0249754
chr8	109000000	109250000	-0.711905
chr8	109250000	109500000	-0.558207
chr8	109500000	109750000	0.707577
chr8	109750000	110000000	0.852946
chr8	110000000	110250000	0.0267439
chr8	110250000	110500000	-0.438857
chr8	110500000	110750000	0.414533
chr8	110750000	111000000	1.13685
chr8	111000000	111250000	1.21062
chr8	111250000	111500000	1.15402
chr8	111500000	111750000	1.09649
chr8	111750000	112000000	0.788867
chr8	112000000	112250000	-0.552527
chr8	112250000	112500000	-1.12439
chr8	112500000	112750000	-1.08654
chr8	112750000	113000000	-1.03229
chr8	113000000	113250000	-1.05641
chr8	113250000	113500000	-0.974693
chr8	113500000	113750000	-0.563855
chr8	113750000	114000000	-0.979662
chr8	114000000	114250000	-0.716186
chr8	114250000	114500000	-0.459137
chr8	114500000	114750000	0.220391
chr8	114750000	115000000	0.672141
chr8	115000000	115250000	0.491023
chr8	115250000	115500000	0.48466
chr8	115500000	115750000	0.205919
chr8	115750000	116000000	-0.503168
chr8	116000000	116250000	-0.503378
chr8	116250000	116500000	0.0496994
chr8	116500000	116750000	0.674579
chr8	116750000	117000000	0.765446
chr8	117000000	117250000	1.01904
chr8	117250000	117500000	0.942944
chr8	117500000	117750000	0.468201
chr8	117750000	118000000	-0.569177
chr8	118000000	118250000	-1.50904
chr8	118250000	118500000	-1.56986
chr8	118500000	118750000	-1.62036
chr8	118750000	119000000	-1.50155
chr8	119000000	119250000	-0.997566
chr8	119250000	119500000	0.515859
chr8	119500000	119750000	1.15251
chr8	119750000	120000000	1.18348
chr8	120000000	120250000	1.06885
chr8	120250000	120500000	0.965057
chr8	120500000	120750000	0.920904
chr8	120750000	121000000	0.750288
chr8	121000000	121250000	0.698015
chr8	121250000	121500000	0.635179
chr8	121500000	121750000	0.669874
chr8	121750000	122000000	0.749144
chr8	122000000	122250000	0.668322
chr8	122250000	122500000	0.729051
chr8	122500000	122750000	0.696285
chr8	122750000	123000000	0.69506
chr8	123000000	123250000	0.682963
chr8	123250000	123500000	0.741825
chr8	123500000	123750000	0.694751
chr8	123750000	124000000	0.725689
chr8	124000000	124250000	0.710455
chr8	124250000	124500000	0.696364
chr8	124500000	124750000	0.75452
chr8	124750000	125000000	0.844529
chr8	125000000	125250000	0.754434
chr8	125250000	125500000	0.74364
chr8	125500000	125750000	0.788077
chr8	125750000	126000000	0.621543
chr8	126000000	126250000	0.46939
chr8	126250000	126500000	0.698046
chr8	126500000	126750000	0.958714
chr8	126750000	127000000	0.924717
chr8	127000000	127250000	0.468771
chr8	127250000	127500000	0.309257
chr8	127500000	127750000	0.324246
chr8	127750000	128000000	0.505656
chr8	128000000	128250000	0.599841
chr8	128250000	128500000	0.484925
chr8	128500000	128750000	0.440303
chr8	128750000	129000000	-0.388048
chr8	129000000	129250000	-0.320168
chr8	129250000	129401213	nan
#bedGraph section chr9:0-124595110
chr9	0	250000	nan
chr9	250000	500000	nan
chr9	500000	750000	nan
chr9	750000	1000000	nan
chr9	1000000	1250000	nan
chr9	1250000	1500000	nan
chr9	1500000	1750000	nan
chr9	1750000	2000000	nan
chr9	2000000	2250000	nan
chr9	2250000	2500000	nan
chr9	2500000	2750000	nan
chr9	2750000	3000000	nan
chr9	3000000	3250000	-0.140008
chr9	3250000	3500000	-0.378137
chr9	3500000	3750000	-0.826342
chr9	3750000	4000000	-0.899687
chr9	4000000	4250000	-0.839187
chr9	4250000	4500000	-0.413874
chr9	4500000	4750000	-0.708883
chr9	4750000	5000000	-0.802939
chr9	5000000	5250000	-0.667486
chr9	5250000	5500000	-0.490547
chr9	5500000	5750000	-0.654772
chr9	5750000	6000000	-0.786846
chr9	6000000	6250000	-0.852335
chr9	6250000	6500000	-0.933806
chr9	6500000	6750000	-0.925842
chr9	6750000	7000000	-0.888367
chr9	7000000	7250000	-0.172373
chr9	7250000	7500000	0.0651777
chr9	7500000	7750000	0.146674
chr9	7750000	8000000	0.20833
chr9	8000000	8250000	-0.485297
chr9	8250000	8500000	-1.00041
chr9	8500000	8750000	-0.971817
chr9	8750000	9000000	-0.967611
chr9	9000000	9250000	-1.06889
chr9	9250000	9500000	-1.0057
chr9	9500000	9750000	-1.08911
chr9	9750000	10000000	-1.03879
chr9	10000000	10250000	-1.03886
chr9	10250000	10500000	-0.872728
chr9	10500000	10750000	-0.901794
chr9	10750000	11000000	-0.659896
chr9	11000000	11250000	-0.520463
chr9	11250000	11500000	-0.349876
chr9	11500000	11750000	-0.333519
chr9	11750000	12000000	-0.491308
chr9	12000000	12250000	-0.630946
chr9	12250000	12500000	-0.729137
chr9	12500000	12750000	-0.849382
chr9	12750000	13000000	-0.917701
chr9	13000000	13250000	-0.678802
chr9	13250000	13500000	0.363114
chr9	13500000	13750000	0.194759
chr9	13750000	14000000	0.582332
chr9	14000000	14250000	0.893268
chr9	14250000	14500000	0.809722
chr9	14500000	14750000	0.59602
chr9	14750000	15000000	0.859341
chr9	15000000	15250000	0.410549
chr9	15250000	15500000	-0.0403416
chr9	15500000	15750000	-0.368051
chr9	15750000	16000000	-1.00617
chr9	16000000	16250000	-1.08598
chr9	16250000	16500000	-0.964954
chr9	16500000	16750000	-1.03252
chr9	16750000	17000000	-1.04318
chr9	17000000	17250000	-1.06734
chr9	17250000	17500000	-1.05972
chr9	17500000	17750000	-1.03059
chr9	17750000	18000000	-1.09121
chr9	18000000	18250000	-1.02845
chr9	18250000	18500000	-0.806881
chr9	18500000	18750000	-1.09566
chr9	18750000	19000000	-1.12316
chr9	19000000	19250000	-1.07047
chr9	19250000	19500000	-1.01983
chr9	19500000	19750000	-0.777158
chr9	19750000	20000000	-0.990485
chr9	20000000	20250000	-0.964333
chr9	20250000	20500000	-0.399997
chr9	20500000	20750000	0.543289
chr9	20750000	21000000	0.89027
chr9	21000000	21250000	1.05326
chr9	21250000	21500000	1.04942
chr9	21500000	21750000	1.07416
chr9	21750000	22000000	1.08416
chr9	22000000	22250000	1.11631
chr9	22250000	22500000	1.01513
chr9	22500000	22750000	0.516006
chr9	22750000	23000000	-0.0171475
chr9	23000000	23250000	0.0450597
chr9	23250000	23500000	-0.585958
chr9	23500000	23750000	-0.891989
chr9	23750000	24000000	-1.04902
chr9	24000000	24250000	-0.8541
chr9	24250000	24500000	-0.556852
chr9	24500000	24750000	-0.666111
chr9	24750000	25000000	-0.876135
chr9	25000000	25250000	-0.116727
chr9	25250000	25500000	-0.276631
chr9	25500000	25750000	-0.704848
chr9	25750000	26000000	-1.09214
chr9	26000000	26250000	-1.14429
chr9	26250000	26500000	-1.13631
chr9	26500000	26750000	-1.10765
chr9	26750000	27000000	-0.844124
chr9	27000000	27250000	-0.650749
chr9	27250000	27500000	-1.19671
chr9	27500000	27750000	-1.22568
chr9	27750000	28000000	-1.23107
chr9	28000000	28250000	-1.20873
chr9	28250000	28500000	-1.11499
chr9	28500000	28750000	-1.17074
chr9	28750000	29000000	-1.1911
chr9	29000000	29250000	-1.16023
chr9	29250000	29500000	-1.13957
chr9	29500000	29750000	-1.04691
chr9	29750000	30000000	-1.25809
chr9	30000000	30250000	-1.19651
chr9	30250000	30500000	-0.879635
chr9	30500000	30750000	-1.17248
chr9	30750000	31000000	-0.924501
chr9	31000000	31250000	0.186578
chr9	31250000	31500000	0.215497
chr9	31500000	31750000	-0.623346
chr9	31750000	32000000	-0.467396
chr9	32000000	32250000	0.0299969
chr9	32250000	32500000	0.200021
chr9	32500000	32750000	0.629304
chr9	32750000	33000000	0.527282
chr9	33000000	33250000	-0.0570651
chr9	33250000	33500000	-0.276389
chr9	33500000	33750000	-0.52283
chr9	33750000	34000000	-0.741033
chr9	34000000	34250000	-0.852069
chr9	34250000	34500000	-0.878671
chr9	34500000	34750000	-0.899093
chr9	34750000	35000000	-0.66238
chr9	35000000	35250000	0.180159
chr9	35250000	35500000	0.192048
chr9	35500000	35750000	-0.538678
chr9	35750000	36000000	-1.20617
chr9	36000000	36250000	-1.29011
chr9	36250000	36500000	-1.30829
chr9	36500000	36750000	-0.831898
chr9	36750000	37000000	-0.258331
chr9	37000000	37250000	-0.14767
chr9	37250000	37500000	0.357616
chr9	37500000	37750000	0.0122864
chr9	37750000	38000000	-1.0705
chr9	38000000	38250000	-1.28842
chr9	38250000	38500000	-1.16938
chr9	38500000	38750000	-1.10154
chr9	38750000	39000000	-1.10545
chr9	39000000	39250000	-1.2044
chr9	39250000	39500000	-1.2933
chr9	39500000	39750000	-1.26848
chr9	39750000	40000000	-1.2681
chr9	40000000	40250000	-0.814206
chr9	40250000	40500000	0.0428073
chr9	40500000	40750000	0.555053
chr9	40750000	41000000	0.651915
chr9	41000000	41250000	0.739101
chr9	41250000	41500000	0.0640664
chr9	41500000	41750000	-0.188623
chr9	41750000	42000000	0.075043
chr9	42000000	42250000	0.877694
chr9	42250000	42500000	0.588134
chr9	42500000	42750000	0.280202
chr9	42750000	43000000	0.365739
chr9	43000000	43250000	0.487531
chr9	43250000	43500000	0.285515
chr9	43500000	43750000	0.230374
chr9	43750000	44000000	0.607851
chr9	44000000	44250000	0.903116
chr9	44250000	44500000	0.92289
chr9	44500000	44750000	0.896411
chr9	44750000	45000000	0.931861
chr9	45000000	45250000	0.961781
chr9	45250000	45500000	0.924657
chr9	45500000	45750000	0.811286
chr9	45750000	46000000	0.951976
chr9	46000000	46250000	0.790333
chr9	46250000	46500000	-0.282324
chr9	46500000	46750000	-1.16724
chr9	46750000	47000000	-1.36037
chr9	47000000	47250000	-1.45239
chr9	47250000	47500000	-1.32312
chr9	47500000	47750000	-0.992644
chr9	47750000	48000000	-1.09054
chr9	48000000	48250000	-1.03115
chr9	48250000	48500000	0.113019
chr9	48500000	48750000	-0.174044
chr9	48750000	49000000	-0.446972
chr9	49000000	49250000	-0.646245
chr9	49250000	49500000	-1.21838
chr9	49500000	49750000	-1.29222
chr9	49750000	50000000	-1.41762
chr9	50000000	50250000	-1.3268
chr9	50250000	50500000	-0.543407
chr9	50500000	50750000	0.597102
chr9	50750000	51000000	0.774264
chr9	51000000	51250000	0.663953
chr9	51250000	51500000	-0.14835
chr9	51500000	51750000	-0.679312
chr9	51750000	52000000	-0.24147
chr9	52000000	52250000	0.45249
chr9	52250000	52500000	-0.226452
chr9	52500000	52750000	-0.976539
chr9	52750000	53000000	-1.02295
chr9	53000000	53250000	-0.178899
chr9	53250000	53500000	0.457418
chr9	53500000	53750000	0.737038
chr9	53750000	54000000	0.043109
chr9	54000000	54250000	-0.42351
chr9	54250000	54500000	-0.146184
chr9	54500000	54750000	0.579511
chr9	54750000	55000000	0.769476
chr9	55000000	55250000	0.813534
chr9	55250000	55500000	0.788456
chr9	55500000	55750000	0.69033
chr9	55750000	56000000	0.66182
chr9	56000000	56250000	0.753505
chr9	56250000	56500000	0.753403
chr9	56500000	56750000	0.630341
chr9	56750000	57000000	0.712452
chr9	57000000	57250000	0.774272
chr9	57250000	57500000	0.720569
chr9	57500000	57750000	0.715782
chr9	57750000	58000000	0.708207
chr9	58000000	58250000	0.659614
chr9	58250000	58500000	0.626798
chr9	58500000	58750000	0.634956
chr9	58750000	59000000	0.496346
chr9	59000000	59250000	0.420782
chr9	59250000	59500000	0.652114
chr9	59500000	59750000	0.704428
chr9	59750000	60000000	0.571592
chr9	60000000	60250000	0.376418
chr9	60250000	60500000	0.399125
chr9	60500000	60750000	0.509419
chr9	60750000	61000000	0.615508
chr9	61000000	61250000	0.624313
chr9	61250000	61500000	0.6194
chr9	61500000	61750000	0.600221
chr9	61750000	62000000	0.598006
chr9	62000000	62250000	0.614715
chr9	62250000	62500000	0.604878
chr9	62500000	62750000	0.548896
chr9	62750000	63000000	0.631158
chr9	63000000	63250000	0.588334
chr9	63250000	63500000	0.608296
chr9	63500000	63750000	0.636106
chr9	63750000	64000000	0.606924
chr9	64000000	64250000	0.664045
chr9	64250000	64500000	0.630278
chr9	64500000	64750000	0.631234
chr9	64750000	65000000	0.687469
chr9	65000000	65250000	0.704271
chr9	65250000	65500000	0.73597
chr9	65500000	65750000	0.769256
chr9	65750000	66000000	0.77468
chr9	66000000	66250000	0.804663
chr9	66250000	66500000	0.860539
chr9	66500000	66750000	0.864978
chr9	66750000	67000000	0.905411
chr9	67000000	67250000	0.409129
chr9	67250000	67500000	-0.266278
chr9	67500000	67750000	-0.377617
chr9	67750000	68000000	0.0773931
chr9	68000000	68250000	-1.03014
chr9	68250000	68500000	-1.28606
chr9	68500000	68750000	-0.957941
chr9	68750000	69000000	-0.124689
chr9	69000000	69250000	-0.289755
chr9	69250000	69500000	0.329595
chr9	69500000	69750000	0.174715
chr9	69750000	70000000	0.38181
chr9	70000000	70250000	0.876731
chr9	70250000	70500000	0.839528
chr9	70500000	70750000	0.921064
chr9	70750000	71000000	0.919227
chr9	71000000	71250000	0.834956
chr9	71250000	71500000	0.740561
chr9	71500000	71750000	0.76497
chr9	71750000	72000000	0.744646
chr9	72000000	72250000	0.877309
chr9	72250000	72500000	1.00279
chr9	72500000	72750000	1.00528
chr9	72750000	73000000	0.820213
chr9	73000000	73250000	0.0351804
chr9	73250000	73500000	-1.10339
chr9	73500000	73750000	-1.35651
chr9	73750000	74000000	-1.37126
chr9	74000000	74250000	-1.1086
chr9	74250000	74500000	-1.37194
chr9	74500000	74750000	-1.18641
chr9	74750000	75000000	-0.0784166
chr9	75000000	75250000	0.603535
chr9	75250000	75500000	0.744687
chr9	75500000	75750000	0.118046
chr9	75750000	76000000	-0.391364
chr9	76000000	76250000	-0.239259
chr9	76250000	76500000	-0.399928
chr9	76500000	76750000	-0.779774
chr9	76750000	77000000	-0.889376
chr9	77000000	77250000	-0.753171
chr9	77250000	77500000	-0.156772
chr9	77500000	77750000	0.521754
chr9	77750000	78000000	0.849596
chr9	78000000	78250000	0.75027
chr9	78250000	78500000	0.711914
chr9	78500000	78750000	0.0644574
chr9	78750000	79000000	-0.994103
chr9	79000000	79250000	-1.25716
chr9	79250000	79500000	-1.24786
chr9	79500000	79750000	-0.767108
chr9	79750000	80000000	0.106687
chr9	80000000	80250000	0.271648
chr9	80250000	80500000	-0.335154
chr9	80500000	80750000	-0.773046
chr9	80750000	81000000	-0.720164
chr9	81000000	81250000	-0.674916
chr9	81250000	81500000	-0.534201
chr9	81500000	81750000	-0.395273
chr9	81750000	82000000	-0.177588
chr9	82000000	82250000	-0.511043
chr9	82250000	82500000	-0.701772
chr9	82500000	82750000	-0.564468
chr9	82750000	83000000	0.322918
chr9	83000000	83250000	0.708425
chr9	83250000	83500000	0.632026
chr9	83500000	83750000	0.549628
chr9	83750000	84000000	0.150044
chr9	84000000	84250000	-0.358053
chr9	84250000	84500000	-0.571258
chr9	84500000	84750000	-0.70646
chr9	84750000	85000000	-0.674442
chr9	85000000	85250000	-0.611889
chr9	85250000	85500000	-0.254319
chr9	85500000	85750000	-0.253517
chr9	85750000	86000000	-0.539714
chr9	86000000	86250000	-0.913771
chr9	86250000	86500000	-0.373386
chr9	86500000	86750000	-0.290469
chr9	86750000	87000000	-0.862522
chr9	87000000	87250000	-0.418844
chr9	87250000	87500000	-0.929914
chr9	87500000	87750000	-0.984017
chr9	87750000	88000000	-1.08377
chr9	88000000	88250000	-0.86169
chr9	88250000	88500000	-0.106718
chr9	88500000	88750000	0.19843
chr9	88750000	89000000	-0.361637
chr9	89000000	89250000	-0.250368
chr9	89250000	89500000	-0.558883
chr9	89500000	89750000	-0.266677
chr9	89750000	90000000	0.383559
chr9	90000000	90250000	0.29767
chr9	90250000	90500000	-0.476882
chr9	90500000	90750000	-0.841557
chr9	90750000	91000000	-0.898496
chr9	91000000	91250000	-0.885745
chr9	91250000	91500000	-0.710404
chr9	91500000	91750000	-0.798193
chr9	91750000	92000000	-0.770883
chr9	92000000	92250000	-0.439471
chr9	92250000	92500000	-0.260629
chr9	92500000	92750000	-0.499694
chr9	92750000	93000000	-0.728051
chr9	93000000	93250000	-0.771151
chr9	93250000	93500000	-0.778159
chr9	93500000	93750000	-0.77803
chr9	93750000	94000000	-0.763913
chr9	94000000	94250000	-0.713845
chr9	94250000	94500000	-0.46367
chr9	94500000	94750000	-0.209827
chr9	94750000	95000000	-0.395901
chr9	95000000	95250000	-0.414675
chr9	95250000	95500000	-0.0583401
chr9	95500000	95750000	0.218332
chr9	95750000	96000000	0.589202
chr9	96000000	96250000	0.823663
chr9	96250000	96500000	0.966806
chr9	96500000	96750000	0.940885
chr9	96750000	97000000	0.507999
chr9	97000000	97250000	-0.288323
chr9	97250000	97500000	-1.26139
chr9	97500000	97750000	-1.44669
chr9	97750000	98000000	-1.36322
chr9	98000000	98250000	-1.17085
chr9	98250000	98500000	-0.556909
chr9	98500000	98750000	-0.454053
chr9	98750000	99000000	-0.593633
chr9	99000000	99250000	-0.0520197
chr9	99250000	99500000	-0.0921711
chr9	99500000	99750000	-0.458864
chr9	99750000	100000000	-1.18323
chr9	100000000	100250000	-1.4459
chr9	100250000	100500000	-0.655994
chr9	100500000	100750000	0.503061
chr9	100750000	101000000	0.452531
chr9	101000000	101250000	0.124663
chr9	101250000	101500000	-0.986489
chr9	101500000	101750000	-1.2804
chr9	101750000	102000000	-1.29857
chr9	102000000	102250000	-1.31258
chr9	102250000	102500000	-0.871615
chr9	102500000	102750000	0.0192215
chr9	102750000	103000000	0.144026
chr9	103000000	103250000	0.562285
chr9	103250000	103500000	0.905862
chr9	103500000	103750000	0.829136
chr9	103750000	104000000	0.552156
chr9	104000000	104250000	0.66052
chr9	104250000	104500000	0.103479
chr9	104500000	104750000	-0.527976
chr9	104750000	105000000	-0.675321
chr9	105000000	105250000	-0.249682
chr9	105250000	105500000	0.0629212
chr9	105500000	105750000	0.273307
chr9	105750000	106000000	0.23026
chr9	106000000	106250000	0.544419
chr9	106250000	106500000	0.908396
chr9	106500000	106750000	0.76557
chr9	106750000	107000000	0.801363
chr9	107000000	107250000	0.629846
chr9	107250000	107500000	0.773997
chr9	107500000	107750000	0.823976
chr9	107750000	108000000	0.818778
chr9	108000000	108250000	0.773063
chr9	108250000	108500000	0.819672
chr9	108500000	108750000	0.840578
chr9	108750000	109000000	0.807344
chr9	109000000	109250000	0.468329
chr9	109250000	109500000	-0.248404
chr9	109500000	109750000	-0.251598
chr9	109750000	110000000	0.511415
chr9	110000000	110250000	0.883
chr9	110250000	110500000	0.960877
chr9	110500000	110750000	1.00744
chr9	110750000	111000000	0.916447
chr9	111000000	111250000	0.824368
chr9	111250000	111500000	-0.00460968
chr9	111500000	111750000	-0.671056
chr9	111750000	112000000	-0.752877
chr9	112000000	112250000	-0.239769
chr9	112250000	112500000	-0.522873
chr9	112500000	112750000	-0.801827
chr9	112750000	113000000	-1.1108
chr9	113000000	113250000	-1.37733
chr9	113250000	113500000	-1.27336
chr9	113500000	113750000	-0.299863
chr9	113750000	114000000	0.572481
chr9	114000000	114250000	0.0765159
chr9	114250000	114500000	0.639655
chr9	114500000	114750000	0.941145
chr9	114750000	115000000	0.926287
chr9	115000000	115250000	0.724686
chr9	115250000	115500000	0.798394
chr9	115500000	115750000	0.679294
chr9	115750000	116000000	0.380645
chr9	116000000	116250000	0.618024
chr9	116250000	116500000	0.433716
chr9	116500000	116750000	-0.464483
chr9	116750000	117000000	-0.842473
chr9	117000000	117250000	-0.66687
chr9	117250000	117500000	-0.837038
chr9	117500000	117750000	-1.06134
chr9	117750000	118000000	-0.517008
chr9	118000000	118250000	0.0830084
chr9	118250000	118500000	-0.0449492
chr9	118500000	118750000	0.737815
chr9	118750000	119000000	0.723974
chr9	119000000	119250000	0.674802
chr9	119250000	119500000	0.802427
chr9	119500000	119750000	0.52358
chr9	119750000	120000000	0.782063
chr9	120000000	120250000	0.750881
chr9	120250000	120500000	0.487955
chr9	120500000	120750000	0.474459
chr9	120750000	121000000	0.497302
chr9	121000000	121250000	0.367687
chr9	121250000	121500000	0.682502
chr9	121500000	121750000	0.6489
chr9	121750000	122000000	0.78326
chr9	122000000	122250000	0.715572
chr9	122250000	122500000	0.578649
chr9	122500000	122750000	0.45423
chr9	122750000	123000000	0.693429
chr9	123000000	123250000	0.660117
chr9	123250000	123500000	0.602795
chr9	123500000	123750000	0.719568
chr9	123750000	124000000	0.721184
chr9	124000000	124250000	0.647761
chr9	124250000	124500000	0.262236
chr9	124500000	124595110	nan
#bedGraph section chrX:0-171031299
chrX	0	250000	nan
chrX	250000	500000	nan
chrX	500000	750000	nan
chrX	750000	1000000	nan
chrX	1000000	1250000	nan
chrX	1250000	1500000	nan
chrX	1500000	1750000	nan
chrX	1750000	2000000	nan
chrX	2000000	2250000	nan
chrX	2250000	2500000	nan
chrX	2500000	2750000	nan
chrX	2750000	3000000	nan
chrX	3000000	3250000	nan
chrX	3250000	3500000	nan
chrX	3500000	3750000	nan
chrX	3750000	4000000	nan
chrX	4000000	4250000	nan
chrX	4250000	4500000	nan
chrX	4500000	4750000	nan
chrX	4750000	5000000	nan
chrX	5000000	5250000	nan
chrX	5250000	5500000	-1.35277
chrX	5500000	5750000	-1.31365
chrX	5750000	6000000	-1.19054
chrX	6000000	6250000	-0.818007
chrX	6250000	6500000	-0.738394
chrX	6500000	6750000	-0.73929
chrX	6750000	7000000	-0.0441324
chrX	7000000	7250000	0.992513
chrX	7250000	7500000	1.43804
chrX	7500000	7750000	1.77704
chrX	7750000	8000000	1.86459
chrX	8000000	8250000	1.91038
chrX	8250000	8500000	0.244882
chrX	8500000	8750000	-1.013
chrX	8750000	9000000	-0.291189
chrX	9000000	9250000	0.751812
chrX	9250000	9500000	1.18328
chrX	9500000	9750000	0.590095
chrX	9750000	10000000	-0.265978
chrX	10000000	10250000	-0.0651016
chrX	10250000	10500000	-0.225368
chrX	10500000	10750000	0.586461
chrX	10750000	11000000	0.732559
chrX	11000000	11250000	0.609503
chrX	11250000	11500000	0.75309
chrX	11500000	11750000	0.943092
chrX	11750000	12000000	1.07184
chrX	12000000	12250000	1.09062
chrX	12250000	12500000	0.952458
chrX	12500000	12750000	1.08199
chrX	12750000	13000000	1.25165
chrX	13000000	13250000	1.29682
chrX	13250000	13500000	1.12547
chrX	13500000	13750000	0.930219
chrX	13750000	14000000	0.145736
chrX	14000000	14250000	-0.349357
chrX	14250000	14500000	-0.414071
chrX	14500000	14750000	-0.25306
chrX	14750000	15000000	-0.442701
chrX	15000000	15250000	-0.50365
chrX	15250000	15500000	-0.509014
chrX	15500000	15750000	-0.587586
chrX	15750000	16000000	-0.547949
chrX	16000000	16250000	-0.639301
chrX	16250000	16500000	-0.406573
chrX	16500000	16750000	-0.0255187
chrX	16750000	17000000	-0.35358
chrX	17000000	17250000	-0.265548
chrX	17250000	17500000	0.109811
chrX	17500000	17750000	0.208124
chrX	17750000	18000000	-0.268164
chrX	18000000	18250000	0.328786
chrX	18250000	18500000	-0.105295
chrX	18500000	18750000	-0.444181
chrX	18750000	19000000	-0.109174
chrX	19000000	19250000	0.444874
chrX	19250000	19500000	-0.242933
chrX	19500000	19750000	-0.497879
chrX	19750000	20000000	-0.255422
chrX	20000000	20250000	0.860769
chrX	20250000	20500000	1.37783
chrX	20500000	20750000	1.39729
chrX	20750000	21000000	1.44065
chrX	21000000	21250000	0.252971
chrX	21250000	21500000	-0.2464
chrX	21500000	21750000	-0.668989
chrX	21750000	22000000	-0.647945
chrX	22000000	22250000	-0.621256
chrX	22250000	22500000	-0.682575
chrX	22500000	22750000	-0.589958
chrX	22750000	23000000	-0.5596
chrX	23000000	23250000	-0.569383
chrX	23250000	23500000	-0.416389
chrX	23500000	23750000	0.446988
chrX	23750000	24000000	-0.0254736
chrX	24000000	24250000	-0.49484
chrX	24250000	24500000	-0.660944
chrX	24500000	24750000	-0.677982
chrX	24750000	25000000	nan
chrX	25000000	25250000	nan
chrX	25250000	25500000	-0.834255
chrX	25500000	25750000	nan
chrX	25750000	26000000	nan
chrX	26000000	26250000	nan
chrX	26250000	26500000	nan
chrX	26500000	26750000	nan
chrX	26750000	27000000	nan
chrX	27000000	27250000	nan
chrX	27250000	27500000	nan
chrX	27500000	27750000	nan
chrX	27750000	28000000	nan
chrX	28000000	28250000	nan
chrX	28250000	28500000	nan
chrX	28500000	28750000	nan
chrX	28750000	29000000	nan
chrX	29000000	29250000	nan
chrX	29250000	29500000	nan
chrX	29500000	29750000	nan
chrX	29750000	30000000	nan
chrX	30000000	30250000	nan
chrX	30250000	30500000	nan
chrX	30500000	30750000	nan
chrX	30750000	31000000	nan
chrX	31000000	31250000	-0.814827
chrX	31250000	31500000	nan
chrX	31500000	31750000	-0.775633
chrX	31750000	32000000	nan
chrX	32000000	32250000	nan
chrX	32250000	32500000	nan
chrX	32500000	32750000	nan
chrX	32750000	33000000	nan
chrX	33000000	33250000	nan
chrX	33250000	33500000	nan
chrX	33500000	33750000	nan
chrX	33750000	34000000	nan
chrX	34000000	34250000	nan
chrX	34250000	34500000	nan
chrX	34500000	34750000	nan
chrX	34750000	35000000	nan
chrX	35000000	35250000	nan
chrX	35250000	35500000	nan
chrX	35500000	35750000	-0.626584
chrX	35750000	36000000	0.944458
chrX	36000000	36250000	1.14103
chrX	36250000	36500000	0.878766
chrX	36500000	36750000	1.52368
chrX	36750000	37000000	1.58202
chrX	37000000	37250000	1.2745
chrX	37250000	37500000	nan
chrX	37500000	37750000	-0.590643
chrX	37750000	38000000	-0.542465
chrX	38000000	38250000	0.324898
chrX	38250000	38500000	0.731161
chrX	38500000	38750000	0.688843
chrX	38750000	39000000	-0.348344
chrX	39000000	39250000	-0.568825
chrX	39250000	39500000	-0.526144
chrX	39500000	39750000	-0.506228
chrX	39750000	40000000	-0.448797
chrX	40000000	40250000	-0.329907
chrX	40250000	40500000	-0.218849
chrX	40500000	40750000	-0.0662094
chrX	40750000	41000000	0.0461459
chrX	41000000	41250000	0.216856
chrX	41250000	41500000	0.490083
chrX	41500000	41750000	0.501173
chrX	41750000	42000000	0.864201
chrX	42000000	42250000	1.20369
chrX	42250000	42500000	0.502686
chrX	42500000	42750000	-0.135993
chrX	42750000	43000000	-0.451989
chrX	43000000	43250000	-0.465407
chrX	43250000	43500000	-0.432273
chrX	43500000	43750000	-0.440929
chrX	43750000	44000000	-0.488414
chrX	44000000	44250000	-0.482395
chrX	44250000	44500000	-0.478683
chrX	44500000	44750000	-0.504785
chrX	44750000	45000000	-0.47387
chrX	45000000	45250000	-0.542998
chrX	45250000	45500000	-0.50281
chrX	45500000	45750000	-0.519321
chrX	45750000	46000000	-0.534126
chrX	46000000	46250000	-0.552982
chrX	46250000	46500000	-0.53178
chrX	46500000	46750000	-0.605334
chrX	46750000	47000000	-0.608756
chrX	47000000	47250000	-0.582404
chrX	47250000	47500000	-0.55993
chrX	47500000	47750000	-0.487625
chrX	47750000	48000000	0.355163
chrX	48000000	48250000	1.42812
chrX	48250000	48500000	1.49461
chrX	48500000	48750000	1.14305
chrX	48750000	49000000	0.715494
chrX	49000000	49250000	0.996651
chrX	49250000	49500000	0.183883
chrX	49500000	49750000	-0.43327
chrX	49750000	50000000	-0.541493
chrX	50000000	50250000	-0.56188
chrX	50250000	50500000	-0.4581
chrX	50500000	50750000	0.515152
chrX	50750000	51000000	0.957697
chrX	51000000	51250000	0.723976
chrX	51250000	51500000	-0.0243683
chrX	51500000	51750000	-0.450106
chrX	51750000	52000000	-0.607258
chrX	52000000	52250000	-0.581285
chrX	52250000	52500000	-0.291371
chrX	52500000	52750000	0.380141
chrX	52750000	53000000	1.26233
chrX	53000000	53250000	1.05694
chrX	53250000	53500000	0.636479
chrX	53500000	53750000	0.00149546
chrX	53750000	54000000	-0.634996
chrX	54000000	54250000	-0.743916
chrX	54250000	54500000	nan
chrX	54500000	54750000	nan
chrX	54750000	55000000	nan
chrX	55000000	55250000	nan
chrX	55250000	55500000	-0.745539
chrX	55500000	55750000	-0.802705
chrX	55750000	56000000	-0.716407
chrX	56000000	56250000	-0.437803
chrX	56250000	56500000	0.66775
chrX	56500000	56750000	0.811125
chrX	56750000	57000000	0.276792
chrX	57000000	57250000	0.798808
chrX	57250000	57500000	0.732991
chrX	57500000	57750000	-0.287428
chrX	57750000	58000000	-0.362666
chrX	58000000	58250000	-0.457987
chrX	58250000	58500000	-0.554087
chrX	58500000	58750000	-0.457803
chrX	58750000	59000000	-0.396995
chrX	59000000	59250000	0.078428
chrX	59250000	59500000	0.258878
chrX	59500000	59750000	0.635133
chrX	59750000	60000000	0.556607
chrX	60000000	60250000	0.332432
chrX	60250000	60500000	0.663456
chrX	60500000	60750000	-0.362002
chrX	60750000	61000000	-0.482059
chrX	61000000	61250000	-0.457409
chrX	61250000	61500000	-0.603963
chrX	61500000	61750000	-0.384679
chrX	61750000	62000000	-0.449244
chrX	62000000	62250000	-0.511982
chrX	62250000	62500000	-0.537782
chrX	62500000	62750000	-0.554809
chrX	62750000	63000000	-0.537606
chrX	63000000	63250000	-0.57211
chrX	63250000	63500000	-0.585006
chrX	63500000	63750000	-0.580353
chrX	63750000	64000000	-0.58916
chrX	64000000	64250000	-0.636975
chrX	64250000	64500000	-0.615984
chrX	64500000	64750000	-0.617164
chrX	64750000	65000000	-0.635239
chrX	65000000	65250000	-0.650129
chrX	65250000	65500000	-0.631055
chrX	65500000	65750000	-0.678502
chrX	65750000	66000000	-0.695973
chrX	66000000	66250000	-0.635215
chrX	66250000	66500000	-0.621622
chrX	66500000	66750000	-0.65382
chrX	66750000	67000000	-0.612032
chrX	67000000	67250000	-0.658128
chrX	67250000	67500000	-0.578271
chrX	67500000	67750000	-0.627954
chrX	67750000	68000000	-0.581497
chrX	68000000	68250000	-0.582335
chrX	68250000	68500000	-0.476572
chrX	68500000	68750000	0.0377979
chrX	68750000	69000000	-0.341315
chrX	69000000	69250000	-0.580636
chrX	69250000	69500000	-0.579493
chrX	69500000	69750000	-0.624884
chrX	69750000	70000000	-0.663049
chrX	70000000	70250000	-0.613305
chrX	70250000	70500000	0.166549
chrX	70500000	70750000	-0.207049
chrX	70750000	71000000	-0.364512
chrX	71000000	71250000	0.454828
chrX	71250000	71500000	1.03626
chrX	71500000	71750000	0.752374
chrX	71750000	72000000	-0.0226414
chrX	72000000	72250000	-0.561292
chrX	72250000	72500000	-0.650243
chrX	72500000	72750000	-0.595081
chrX	72750000	73000000	0.333323
chrX	73000000	73250000	1.11945
chrX	73250000	73500000	1.2781
chrX	73500000	73750000	1.41124
chrX	73750000	74000000	1.44034
chrX	74000000	74250000	1.59586
chrX	74250000	74500000	1.38448
chrX	74500000	74750000	-0.034334
chrX	74750000	75000000	0.407342
chrX	75000000	75250000	1.22559
chrX	75250000	75500000	1.1447
chrX	75500000	75750000	0.504918
chrX	75750000	76000000	-0.206165
chrX	76000000	76250000	-0.557543
chrX	76250000	76500000	-0.575154
chrX	76500000	76750000	-0.525122
chrX	76750000	77000000	-0.530242
chrX	77000000	77250000	-0.411613
chrX	77250000	77500000	0.257133
chrX	77500000	77750000	0.853823
chrX	77750000	78000000	-0.00595261
chrX	78000000	78250000	-0.60487
chrX	78250000	78500000	-0.438089
chrX	78500000	78750000	-0.106754
chrX	78750000	79000000	-0.53866
chrX	79000000	79250000	-0.571705
chrX	79250000	79500000	-0.601164
chrX	79500000	79750000	-0.581113
chrX	79750000	80000000	-0.597572
chrX	80000000	80250000	-0.588696
chrX	80250000	80500000	-0.620486
chrX	80500000	80750000	-0.590642
chrX	80750000	81000000	-0.628049
chrX	81000000	81250000	-0.550785
chrX	81250000	81500000	-0.581842
chrX	81500000	81750000	-0.611871
chrX	81750000	82000000	-0.616992
chrX	82000000	82250000	-0.575678
chrX	82250000	82500000	-0.398456
chrX	82500000	82750000	-0.559928
chrX	82750000	83000000	-0.605483
chrX	83000000	83250000	-0.628509
chrX	83250000	83500000	-0.582213
chrX	83500000	83750000	-0.597487
chrX	83750000	84000000	-0.518903
chrX	84000000	84250000	-0.510248
chrX	84250000	84500000	-0.41398
chrX	84500000	84750000	-0.457737
chrX	84750000	85000000	-0.426238
chrX	85000000	85250000	-0.136064
chrX	85250000	85500000	-0.249562
chrX	85500000	85750000	0.477115
chrX	85750000	86000000	0.836686
chrX	86000000	86250000	-0.419044
chrX	86250000	86500000	-0.469499
chrX	86500000	86750000	-0.559442
chrX	86750000	87000000	-0.526438
chrX	87000000	87250000	-0.539735
chrX	87250000	87500000	-0.562794
chrX	87500000	87750000	-0.6088
chrX	87750000	88000000	-0.602995
chrX	88000000	88250000	-0.596516
chrX	88250000	88500000	-0.628366
chrX	88500000	88750000	-0.627218
chrX	88750000	89000000	-0.599795
chrX	89000000	89250000	-0.625234
chrX	89250000	89500000	-0.653117
chrX	89500000	89750000	-0.652579
chrX	89750000	90000000	-0.688293
chrX	90000000	90250000	-0.680375
chrX	90250000	90500000	-0.627154
chrX	90500000	90750000	-0.732251
chrX	90750000	91000000	-0.661246
chrX	91000000	91250000	-0.629875
chrX	91250000	91500000	-0.719553
chrX	91500000	91750000	-0.694487
chrX	91750000	92000000	-0.681441
chrX	92000000	92250000	-0.669193
chrX	92250000	92500000	-0.591345
chrX	92500000	92750000	-0.602024
chrX	92750000	93000000	-0.439479
chrX	93000000	93250000	0.0368124
chrX	93250000	93500000	0.704418
chrX	93500000	93750000	1.53662
chrX	93750000	94000000	1.37725
chrX	94000000	94250000	1.50277
chrX	94250000	94500000	1.11452
chrX	94500000	94750000	0.890242
chrX	94750000	95000000	0.964318
chrX	95000000	95250000	0.396377
chrX	95250000	95500000	0.0180784
chrX	95500000	95750000	0.136914
chrX	95750000	96000000	0.3739
chrX	96000000	96250000	1.05848
chrX	96250000	96500000	0.0821078
chrX	96500000	96750000	-0.437608
chrX	96750000	97000000	-0.358469
chrX	97000000	97250000	-0.473811
chrX	97250000	97500000	-0.402973
chrX	97500000	97750000	-0.530761
chrX	97750000	98000000	-0.562133
chrX	98000000	98250000	-0.249484
chrX	98250000	98500000	-0.308897
chrX	98500000	98750000	-0.187243
chrX	98750000	99000000	0.389333
chrX	99000000	99250000	0.66179
chrX	99250000	99500000	0.617507
chrX	99500000	99750000	0.308178
chrX	99750000	100000000	0.129681
chrX	100000000	100250000	-0.0787912
chrX	100250000	100500000	0.249691
chrX	100500000	100750000	1.16118
chrX	100750000	101000000	1.18457
chrX	101000000	101250000	1.39688
chrX	101250000	101500000	1.3435
chrX	101500000	101750000	1.34534
chrX	101750000	102000000	1.31167
chrX	102000000	102250000	1.39765
chrX	102250000	102500000	1.00624
chrX	102500000	102750000	0.915595
chrX	102750000	103000000	-0.00657176
chrX	103000000	103250000	0.00950394
chrX	103250000	103500000	0.598522
chrX	103500000	103750000	1.16205
chrX	103750000	104000000	0.75341
chrX	104000000	104250000	0.461299
chrX	104250000	104500000	0.939339
chrX	104500000	104750000	0.597241
chrX	104750000	105000000	0.418601
chrX	105000000	105250000	0.397081
chrX	105250000	105500000	-0.151762
chrX	105500000	105750000	0.13232
chrX	105750000	106000000	0.89977
chrX	106000000	106250000	1.01365
chrX	106250000	106500000	0.216072
chrX	106500000	106750000	0.619609
chrX	106750000	107000000	0.661616
chrX	107000000	107250000	1.06016
chrX	107250000	107500000	0.773782
chrX	107500000	107750000	-0.0769163
chrX	107750000	108000000	-0.0546921
chrX	108000000	108250000	-0.369633
chrX	108250000	108500000	-0.383836
chrX	108500000	108750000	0.0242295
chrX	108750000	109000000	0.632563
chrX	109000000	109250000	0.766648
chrX	109250000	109500000	-0.168255
chrX	109500000	109750000	-0.339438
chrX	109750000	110000000	-0.452922
chrX	110000000	110250000	-0.482057
chrX	110250000	110500000	-0.502766
chrX	110500000	110750000	-0.496378
chrX	110750000	111000000	-0.458093
chrX	111000000	111250000	-0.374949
chrX	111250000	111500000	-0.249778
chrX	111500000	111750000	-0.356264
chrX	111750000	112000000	-0.351605
chrX	112000000	112250000	-0.335571
chrX	112250000	112500000	0.101752
chrX	112500000	112750000	-0.333528
chrX	112750000	113000000	-0.0397716
chrX	113000000	113250000	0.848316
chrX	113250000	113500000	0.389473
chrX	113500000	113750000	0.456131
chrX	113750000	114000000	0.878332
chrX	114000000	114250000	0.0509243
chrX	114250000	114500000	-0.174878
chrX	114500000	114750000	-0.343675
chrX	114750000	115000000	-0.512374
chrX	115000000	115250000	-0.499721
chrX	115250000	115500000	-0.507722
chrX	115500000	115750000	-0.514502
chrX	115750000	116000000	-0.542427
chrX	116000000	116250000	-0.513995
chrX	116250000	116500000	-0.550499
chrX	116500000	116750000	-0.5626
chrX	116750000	117000000	-0.534845
chrX	117000000	117250000	-0.550666
chrX	117250000	117500000	-0.553613
chrX	117500000	117750000	-0.560767
chrX	117750000	118000000	-0.59713
chrX	118000000	118250000	-0.607983
chrX	118250000	118500000	-0.571606
chrX	118500000	118750000	-0.617144
chrX	118750000	119000000	-0.587394
chrX	119000000	119250000	-0.572933
chrX	119250000	119500000	-0.593171
chrX	119500000	119750000	-0.599092
chrX	119750000	120000000	-0.427554
chrX	120000000	120250000	-0.345605
chrX	120250000	120500000	-0.538124
chrX	120500000	120750000	-0.638034
chrX	120750000	121000000	-0.599358
chrX	121000000	121250000	-0.619701
chrX	121250000	121500000	-0.585153
chrX	121500000	121750000	-0.591133
chrX	121750000	122000000	-0.621518
chrX	122000000	122250000	-0.602051
chrX	122250000	122500000	-0.502381
chrX	122500000	122750000	-0.65005
chrX	122750000	123000000	-0.59956
chrX	123000000	123250000	-0.173166
chrX	123250000	123500000	nan
chrX	123500000	123750000	nan
chrX	123750000	124000000	nan
chrX	124000000	124250000	-0.560754
chrX	124250000	124500000	nan
chrX	124500000	124750000	nan
chrX	124750000	125000000	nan
chrX	125000000	125250000	nan
chrX	125250000	125500000	nan
chrX	125500000	125750000	nan
chrX	125750000	126000000	nan
chrX	126000000	126250000	-0.54315
chrX	126250000	126500000	-0.662997
chrX	126500000	126750000	-0.648673
chrX	126750000	127000000	-0.603437
chrX	127000000	127250000	-0.547317
chrX	127250000	127500000	-0.586191
chrX	127500000	127750000	-0.596408
chrX	127750000	128000000	-0.541635
chrX	128000000	128250000	-0.548461
chrX	128250000	128500000	-0.510054
chrX	128500000	128750000	-0.479357
chrX	128750000	129000000	-0.509411
chrX	129000000	129250000	-0.437967
chrX	129250000	129500000	-0.159422
chrX	129500000	129750000	0.245914
chrX	129750000	130000000	0.641419
chrX	130000000	130250000	0.569633
chrX	130250000	130500000	0.531642
chrX	130500000	130750000	0.495927
chrX	130750000	131000000	0.107065
chrX	131000000	131250000	-0.164726
chrX	131250000	131500000	-0.349153
chrX	131500000	131750000	-0.4047
chrX	131750000	132000000	-0.409432
chrX	132000000	132250000	-0.445261
chrX	132250000	132500000	-0.445534
chrX	132500000	132750000	-0.447928
chrX	132750000	133000000	-0.43908
chrX	133000000	133250000	-0.414833
chrX	133250000	133500000	-0.469277
chrX	133500000	133750000	-0.137476
chrX	133750000	134000000	0.481827
chrX	134000000	134250000	1.38103
chrX	134250000	134500000	1.52658
chrX	134500000	134750000	1.57447
chrX	134750000	135000000	1.32098
chrX	135000000	135250000	0.319402
chrX	135250000	135500000	-0.173472
chrX	135500000	135750000	0.39977
chrX	135750000	136000000	1.16912
chrX	136000000	136250000	0.539991
chrX	136250000	136500000	0.154708
chrX	136500000	136750000	0.294239
chrX	136750000	137000000	1.02376
chrX	137000000	137250000	0.630922
chrX	137250000	137500000	-0.469097
chrX	137500000	137750000	-0.0754956
chrX	137750000	138000000	-0.358884
chrX	138000000	138250000	-0.473171
chrX	138250000	138500000	-0.596905
chrX	138500000	138750000	-0.693722
chrX	138750000	139000000	-0.670582
chrX	139000000	139250000	-0.498951
chrX	139250000	139500000	-0.186737
chrX	139500000	139750000	0.360796
chrX	139750000	140000000	0.684385
chrX	140000000	140250000	0.194638
chrX	140250000	140500000	0.577448
chrX	140500000	140750000	1.17763
chrX	140750000	141000000	0.582144
chrX	141000000	141250000	0.255279
chrX	141250000	141500000	-0.421582
chrX	141500000	141750000	-0.431539
chrX	141750000	142000000	-0.657282
chrX	142000000	142250000	0.0254584
chrX	142250000	142500000	1.17895
chrX	142500000	142750000	1.31154
chrX	142750000	143000000	1.39415
chrX	143000000	143250000	0.32691
chrX	143250000	143500000	-0.193591
chrX	143500000	143750000	-0.395717
chrX	143750000	144000000	-0.753745
chrX	144000000	144250000	-0.506426
chrX	144250000	144500000	0.470461
chrX	144500000	144750000	0.283028
chrX	144750000	145000000	-0.261363
chrX	145000000	145250000	0.146123
chrX	145250000	145500000	0.688189
chrX	145500000	145750000	0.0249798
chrX	145750000	146000000	-0.27792
chrX	146000000	146250000	0.158274
chrX	146250000	146500000	-0.47579
chrX	146500000	146750000	-0.607452
chrX	146750000	147000000	-0.595976
chrX	147000000	147250000	-0.633175
chrX	147250000	147500000	-0.901958
chrX	147500000	147750000	-0.628655
chrX	147750000	148000000	nan
chrX	148000000	148250000	nan
chrX	148250000	148500000	nan
chrX	148500000	148750000	nan
chrX	148750000	149000000	nan
chrX	149000000	149250000	nan
chrX	149250000	149500000	nan
chrX	149500000	149750000	nan
chrX	149750000	150000000	nan
chrX	150000000	150250000	-0.646569
chrX	150250000	150500000	0.0774039
chrX	150500000	150750000	0.928914
chrX	150750000	151000000	0.691429
chrX	151000000	151250000	1.15992
chrX	151250000	151500000	1.30146
chrX	151500000	151750000	1.51203
chrX	151750000	152000000	1.68981
chrX	152000000	152250000	1.62438
chrX	152250000	152500000	1.61094
chrX	152500000	152750000	0.799745
chrX	152750000	153000000	0.603446
chrX	153000000	153250000	0.950027
chrX	153250000	153500000	0.587724
chrX	153500000	153750000	0.272411
chrX	153750000	154000000	0.261256
chrX	154000000	154250000	-0.826509
chrX	154250000	154500000	-0.829366
chrX	154500000	154750000	-0.822434
chrX	154750000	155000000	-0.679264
chrX	155000000	155250000	0.460344
chrX	155250000	155500000	0.33979
chrX	155500000	155750000	-0.47778
chrX	155750000	156000000	-0.78044
chrX	156000000	156250000	-0.758162
chrX	156250000	156500000	-0.728798
chrX	156500000	156750000	-0.789312
chrX	156750000	157000000	-0.747777
chrX	157000000	157250000	-0.545699
chrX	157250000	157500000	0.539655
chrX	157500000	157750000	0.668275
chrX	157750000	158000000	-0.353493
chrX	158000000	158250000	-0.499896
chrX	158250000	158500000	-0.750645
chrX	158500000	158750000	-0.745648
chrX	158750000	159000000	-0.0780876
chrX	159000000	159250000	1.31739
chrX	159250000	159500000	1.56013
chrX	159500000	159750000	1.75841
chrX	159750000	160000000	1.30809
chrX	160000000	160250000	0.888425
chrX	160250000	160500000	0.160361
chrX	160500000	160750000	0.831024
chrX	160750000	161000000	1.01076
chrX	161000000	161250000	0.0883972
chrX	161250000	161500000	-0.331788
chrX	161500000	161750000	-0.122076
chrX	161750000	162000000	0.103913
chrX	162000000	162250000	-0.473609
chrX	162250000	162500000	-0.445206
chrX	162500000	162750000	0.727379
chrX	162750000	163000000	1.41561
chrX	163000000	163250000	-0.0233583
chrX	163250000	163500000	-0.57055
chrX	163500000	163750000	0.0636246
chrX	163750000	164000000	0.976948
chrX	164000000	164250000	0.916604
chrX	164250000	164500000	0.636431
chrX	164500000	164750000	-0.36705
chrX	164750000	165000000	0.200137
chrX	165000000	165250000	-0.328376
chrX	165250000	165500000	-0.547448
chrX	165500000	165750000	-0.59001
chrX	165750000	166000000	-0.553794
chrX	166000000	166250000	0.132788
chrX	166250000	166500000	0.830978
chrX	166500000	166750000	1.05164
chrX	166750000	167000000	1.18362
chrX	167000000	167250000	1.19238
chrX	167250000	167500000	0.737397
chrX	167500000	167750000	0.0957051
chrX	167750000	168000000	-0.24171
chrX	168000000	168250000	-0.625106
chrX	168250000	168500000	-0.373314
chrX	168500000	168750000	0.15872
chrX	168750000	169000000	0.214348
chrX	169000000	169250000	0.913515
chrX	169250000	169500000	0.392411
chrX	169500000	169750000	0.0524758
chrX	169750000	170000000	0.820894
chrX	170000000	170250000	0.277777
chrX	170250000	170500000	nan
chrX	170500000	170750000	nan
chrX	170750000	171000000	nan
chrX	171000000	171031299	nan
#bedGraph section chrY:0-91744698
chrY	0	250000	-0.243828
chrY	250000	500000	-0.937124
chrY	500000	750000	-0.197117
chrY	750000	1000000	-0.167258
chrY	1000000	1250000	-0.0855063
chrY	1250000	1500000	-0.0754371
chrY	1500000	1750000	0.16269
chrY	1750000	2000000	-0.0831519
chrY	2000000	2250000	0.0619408
chrY	2250000	2500000	0.0156866
chrY	2500000	2750000	0.00133031
chrY	2750000	3000000	-0.0407598
chrY	3000000	3250000	nan
chrY	3250000	3500000	-0.152067
chrY	3500000	3750000	nan
chrY	3750000	4000000	-0.0530068
chrY	4000000	4250000	-0.00175669
chrY	4250000	4500000	-0.102372
chrY	4500000	4750000	-0.0359473
chrY	4750000	5000000	-0.132815
chrY	5000000	5250000	-0.115746
chrY	5250000	5500000	-0.118155
chrY	5500000	5750000	-0.171849
chrY	5750000	6000000	1.08616
chrY	6000000	6250000	-0.117118
chrY	6250000	6500000	-0.255853
chrY	6500000	6750000	0.412623
chrY	6750000	7000000	-0.0426622
chrY	7000000	7250000	-0.0791737
chrY	7250000	7500000	nan
chrY	7500000	7750000	-0.0166241
chrY	7750000	8000000	-0.0376919
chrY	8000000	8250000	0.0173382
chrY	8250000	8500000	0.0919115
chrY	8500000	8750000	0.534365
chrY	8750000	9000000	-0.117405
chrY	9000000	9250000	0.415099
chrY	9250000	9500000	-0.058411
chrY	9500000	9750000	0.184384
chrY	9750000	10000000	0.242986
chrY	10000000	10250000	0.716709
chrY	10250000	10500000	-0.114443
chrY	10500000	10750000	-0.0884011
chrY	10750000	11000000	-0.033456
chrY	11000000	11250000	-0.0542374
chrY	11250000	11500000	-0.176601
chrY	11500000	11750000	2.25479
chrY	11750000	12000000	0.0346795
chrY	12000000	12250000	-0.0462519
chrY	12250000	12500000	-0.0450186
chrY	12500000	12750000	-0.0463894
chrY	12750000	13000000	0.132512
chrY	13000000	13250000	nan
chrY	13250000	13500000	-0.258759
chrY	13500000	13750000	-0.0975696
chrY	13750000	14000000	nan
chrY	14000000	14250000	-0.609633
chrY	14250000	14500000	nan
chrY	14500000	14750000	nan
chrY	14750000	15000000	-0.050275
chrY	15000000	15250000	-0.715869
chrY	15250000	15500000	-0.123436
chrY	15500000	15750000	-0.0066388
chrY	15750000	16000000	-0.0601193
chrY	16000000	16250000	-0.0386545
chrY	16250000	16500000	-0.630538
chrY	16500000	16750000	-0.183658
chrY	16750000	17000000	-0.0887568
chrY	17000000	17250000	0.267263
chrY	17250000	17500000	0.0121173
chrY	17500000	17750000	-0.0150212
chrY	17750000	18000000	nan
chrY	18000000	18250000	nan
chrY	18250000	18500000	-0.0139959
chrY	18500000	18750000	nan
chrY	18750000	19000000	nan
chrY	19000000	19250000	0.295997
chrY	19250000	19500000	nan
chrY	19500000	19750000	-0.0134826
chrY	19750000	20000000	0.373557
chrY	20000000	20250000	-0.331557
chrY	20250000	20500000	0.896376
chrY	20500000	20750000	0.0614094
chrY	20750000	21000000	-0.698098
chrY	21000000	21250000	-0.00305871
chrY	21250000	21500000	-0.0237791
chrY	21500000	21750000	-1.45141
chrY	21750000	22000000	-0.181297
chrY	22000000	22250000	0.790469
chrY	22250000	22500000	-5.98749
chrY	22500000	22750000	0.623794
chrY	22750000	23000000	0.344015
chrY	23000000	23250000	0.346755
chrY	23250000	23500000	0.111527
chrY	23500000	23750000	0.00764529
chrY	23750000	24000000	-0.0959029
chrY	24000000	24250000	-0.0169598
chrY	24250000	24500000	nan
chrY	24500000	24750000	0.0079357
chrY	24750000	25000000	nan
chrY	25000000	25250000	nan
chrY	25250000	25500000	-0.0483646
chrY	25500000	25750000	nan
chrY	25750000	26000000	-0.0163717
chrY	26000000	26250000	nan
chrY	26250000	26500000	nan
chrY	26500000	26750000	nan
chrY	26750000	27000000	nan
chrY	27000000	27250000	nan
chrY	27250000	27500000	nan
chrY	27500000	27750000	nan
chrY	27750000	28000000	-0.0275936
chrY	28000000	28250000	-0.0530697
chrY	28250000	28500000	-0.163708
chrY	28500000	28750000	-0.180853
chrY	28750000	29000000	-0.458358
chrY	29000000	29250000	0.610652
chrY	29250000	29500000	-0.07364
chrY	29500000	29750000	-0.0210601
chrY	29750000	30000000	-0.381468
chrY	30000000	30250000	-0.0388992
chrY	30250000	30500000	0.46604
chrY	30500000	30750000	0.558579
chrY	30750000	31000000	-0.0981903
chrY	31000000	31250000	-0.0585347
chrY	31250000	31500000	-0.00934204
chrY	31500000	31750000	-3.32076
chrY	31750000	32000000	-0.486293
chrY	32000000	32250000	-0.139835
chrY	32250000	32500000	-0.249461
chrY	32500000	32750000	-0.0546978
chrY	32750000	33000000	-0.0222438
chrY	33000000	33250000	-0.0769839
chrY	33250000	33500000	0.0456988
chrY	33500000	33750000	-0.119349
chrY	33750000	34000000	0.0646792
chrY	34000000	34250000	0.000383471
chrY	34250000	34500000	-1.24167
chrY	34500000	34750000	-0.0724869
chrY	34750000	35000000	-0.212534
chrY	35000000	35250000	-0.149347
chrY	35250000	35500000	-0.157406
chrY	35500000	35750000	-0.174407
chrY	35750000	36000000	-0.00406111
chrY	36000000	36250000	-0.0521981
chrY	36250000	36500000	-0.019913
chrY	36500000	36750000	nan
chrY	36750000	37000000	nan
chrY	37000000	37250000	nan
chrY	37250000	37500000	0.326898
chrY	37500000	37750000	0.208559
chrY	37750000	38000000	-0.212903
chrY	38000000	38250000	0.0257491
chrY	38250000	38500000	0.0530451
chrY	38500000	38750000	0.089425
chrY	38750000	39000000	0.00782066
chrY	39000000	39250000	-0.348875
chrY	39250000	39500000	-0.0742464
chrY	39500000	39750000	-0.0229266
chrY	39750000	40000000	-1.19374
chrY	40000000	40250000	-0.0916415
chrY	40250000	40500000	-0.0426157
chrY	40500000	40750000	0.0951747
chrY	40750000	41000000	-0.0827635
chrY	41000000	41250000	-0.0145142
chrY	41250000	41500000	-0.0305438
chrY	41500000	41750000	1.39471
chrY	41750000	42000000	0.0711891
chrY	42000000	42250000	0.0963547
chrY	42250000	42500000	0.0438761
chrY	42500000	42750000	-0.183234
chrY	42750000	43000000	-0.366485
chrY	43000000	43250000	-0.269248
chrY	43250000	43500000	0.531351
chrY	43500000	43750000	-0.00462907
chrY	43750000	44000000	0.0203645
chrY	44000000	44250000	-0.0708967
chrY	44250000	44500000	0.00750557
chrY	44500000	44750000	0.0139714
chrY	44750000	45000000	-1.78307
chrY	45000000	45250000	-0.0422912
chrY	45250000	45500000	0.118205
chrY	45500000	45750000	-0.190048
chrY	45750000	46000000	-0.022922
chrY	46000000	46250000	nan
chrY	46250000	46500000	-0.0617606
chrY	46500000	46750000	-0.0406195
chrY	46750000	47000000	0.0111661
chrY	47000000	47250000	-0.0704989
chrY	47250000	47500000	-0.00823594
chrY	47500000	47750000	-0.0373032
chrY	47750000	48000000	nan
chrY	48000000	48250000	nan
chrY	48250000	48500000	nan
chrY	48500000	48750000	nan
chrY	48750000	49000000	nan
chrY	49000000	49250000	nan
chrY	49250000	49500000	nan
chrY	49500000	49750000	nan
chrY	49750000	50000000	nan
chrY	50000000	50250000	nan
chrY	50250000	50500000	nan
chrY	50500000	50750000	nan
chrY	50750000	51000000	-0.238304
chrY	51000000	51250000	nan
chrY	51250000	51500000	nan
chrY	51500000	51750000	nan
chrY	51750000	52000000	nan
chrY	52000000	52250000	nan
chrY	52250000	52500000	nan
chrY	52500000	52750000	nan
chrY	52750000	53000000	nan
chrY	53000000	53250000	nan
chrY	53250000	53500000	nan
chrY	53500000	53750000	0.000939228
chrY	53750000	54000000	0.334169
chrY	54000000	54250000	nan
chrY	54250000	54500000	nan
chrY	54500000	54750000	-0.0707364
chrY	54750000	55000000	-0.0226695
chrY	55000000	55250000	-0.407899
chrY	55250000	55500000	-0.089114
chrY	55500000	55750000	-0.0128069
chrY	55750000	56000000	-4.29133
chrY	56000000	56250000	0.189295
chrY	56250000	56500000	-5.81379
chrY	56500000	56750000	nan
chrY	56750000	57000000	nan
chrY	57000000	57250000	-0.0239442
chrY	57250000	57500000	-0.0332569
chrY	57500000	57750000	-0.049061
chrY	57750000	58000000	-0.171595
chrY	58000000	58250000	0.00425828
chrY	58250000	58500000	0.067337
chrY	58500000	58750000	0.548191
chrY	58750000	59000000	0.139792
chrY	59000000	59250000	0.0428471
chrY	59250000	59500000	0.0460181
chrY	59500000	59750000	0.0900191
chrY	59750000	60000000	-0.0207406
chrY	60000000	60250000	-0.0345218
chrY	60250000	60500000	-0.354359
chrY	60500000	60750000	nan
chrY	60750000	61000000	nan
chrY	61000000	61250000	nan
chrY	61250000	61500000	nan
chrY	61500000	61750000	nan
chrY	61750000	62000000	nan
chrY	62000000	62250000	nan
chrY	62250000	62500000	nan
chrY	62500000	62750000	nan
chrY	62750000	63000000	nan
chrY	63000000	63250000	nan
chrY	63250000	63500000	nan
chrY	63500000	63750000	nan
chrY	63750000	64000000	nan
chrY	64000000	64250000	nan
chrY	64250000	64500000	nan
chrY	64500000	64750000	nan
chrY	64750000	65000000	nan
chrY	65000000	65250000	nan
chrY	65250000	65500000	nan
chrY	65500000	65750000	nan
chrY	65750000	66000000	nan
chrY	66000000	66250000	nan
chrY	66250000	66500000	nan
chrY	66500000	66750000	nan
chrY	66750000	67000000	nan
chrY	67000000	67250000	nan
chrY	67250000	67500000	nan
chrY	67500000	67750000	0.0749504
chrY	67750000	68000000	-0.0553199
chrY	68000000	68250000	-0.435506
chrY	68250000	68500000	-0.10531
chrY	68500000	68750000	nan
chrY	68750000	69000000	0.486284
chrY	69000000	69250000	0.0737502
chrY	69250000	69500000	-0.0415367
chrY	69500000	69750000	nan
chrY	69750000	70000000	0.0445156
chrY	70000000	70250000	nan
chrY	70250000	70500000	-0.00671463
chrY	70500000	70750000	4.80516
chrY	70750000	71000000	-0.273899
chrY	71000000	71250000	2.27412
chrY	71250000	71500000	-0.0541766
chrY	71500000	71750000	0.0620883
chrY	71750000	72000000	-0.301471
chrY	72000000	72250000	-0.227461
chrY	72250000	72500000	-0.0591075
chrY	72500000	72750000	-0.00345963
chrY	72750000	73000000	-0.0348642
chrY	73000000	73250000	-0.0071702
chrY	73250000	73500000	0.0527438
chrY	73500000	73750000	-0.0625349
chrY	73750000	74000000	-2.03078
chrY	74000000	74250000	-0.0233358
chrY	74250000	74500000	0.0723564
chrY	74500000	74750000	-0.117362
chrY	74750000	75000000	0.073735
chrY	75000000	75250000	-0.0757871
chrY	75250000	75500000	0.0543573
chrY	75500000	75750000	-0.0623789
chrY	75750000	76000000	-0.149858
chrY	76000000	76250000	-0.0208793
chrY	76250000	76500000	0.0115696
chrY	76500000	76750000	nan
chrY	76750000	77000000	1.62245
chrY	77000000	77250000	-0.0586409
chrY	77250000	77500000	-0.145258
chrY	77500000	77750000	nan
chrY	77750000	78000000	0.0516138
chrY	78000000	78250000	0.0899499
chrY	78250000	78500000	-0.202849
chrY	78500000	78750000	-0.0617951
chrY	78750000	79000000	0.116076
chrY	79000000	79250000	-0.204295
chrY	79250000	79500000	-0.37035
chrY	79500000	79750000	0.143741
chrY	79750000	80000000	0.384802
chrY	80000000	80250000	0.195265
chrY	80250000	80500000	-2.51544
chrY	80500000	80750000	-0.694812
chrY	80750000	81000000	0.0501348
chrY	81000000	81250000	0.0157809
chrY	81250000	81500000	8.15524
chrY	81500000	81750000	0.189266
chrY	81750000	82000000	-0.0919927
chrY	82000000	82250000	0.0215171
chrY	82250000	82500000	0.392003
chrY	82500000	82750000	-0.00583164
chrY	82750000	83000000	0.0270437
chrY	83000000	83250000	-0.748289
chrY	83250000	83500000	0.561279
chrY	83500000	83750000	0.277648
chrY	83750000	84000000	-0.233278
chrY	84000000	84250000	-0.063677
chrY	84250000	84500000	0.364614
chrY	84500000	84750000	0.125487
chrY	84750000	85000000	0.0583115
chrY	85000000	85250000	0.265773
chrY	85250000	85500000	0.105688
chrY	85500000	85750000	-0.0317628
chrY	85750000	86000000	-0.23485
chrY	86000000	86250000	2.90478
chrY	86250000	86500000	-0.0663235
chrY	86500000	86750000	-0.0601691
chrY	86750000	87000000	-0.0580768
chrY	87000000	87250000	0.170247
chrY	87250000	87500000	0.00372534
chrY	87500000	87750000	-0.118253
chrY	87750000	88000000	-0.217825
chrY	88000000	88250000	0.187119
chrY	88250000	88500000	-0.041567
chrY	88500000	88750000	-0.493688
chrY	88750000	89000000	-0.408648
chrY	89000000	89250000	-0.0308611
chrY	89250000	89500000	-0.0197291
chrY	89500000	89750000	0.0170287
chrY	89750000	90000000	-0.122864
chrY	90000000	90250000	0.0976841
chrY	90250000	90500000	-0.0705401
chrY	90500000	90750000	-0.0588915
chrY	90750000	91000000	nan
chrY	91000000	91250000	nan
chrY	91250000	91500000	nan
chrY	91500000	91744698	nan
