#bedGraph section chr1:0-248956422
chr1	0	250000	nan
chr1	250000	500000	nan
chr1	500000	750000	nan
chr1	750000	1000000	nan
chr1	1000000	1250000	nan
chr1	1250000	1500000	nan
chr1	1500000	1750000	nan
chr1	1750000	2000000	1.18455
chr1	2000000	2250000	1.08731
chr1	2250000	2500000	0.830656
chr1	2500000	2750000	nan
chr1	2750000	3000000	nan
chr1	3000000	3250000	0.628758
chr1	3250000	3500000	0.730961
chr1	3500000	3750000	0.768074
chr1	3750000	4000000	0.615078
chr1	4000000	4250000	0.440548
chr1	4250000	4500000	0.362564
chr1	4500000	4750000	0.328523
chr1	4750000	5000000	0.309914
chr1	5000000	5250000	0.38402
chr1	5250000	5500000	0.291866
chr1	5500000	5750000	0.366999
chr1	5750000	6000000	0.462274
chr1	6000000	6250000	0.813033
chr1	6250000	6500000	1.02804
chr1	6500000	6750000	0.945157
chr1	6750000	7000000	0.815633
chr1	7000000	7250000	0.638727
chr1	7250000	7500000	0.634587
chr1	7500000	7750000	0.646322
chr1	7750000	8000000	0.655712
chr1	8000000	8250000	0.735823
chr1	8250000	8500000	0.699324
chr1	8500000	8750000	0.835059
chr1	8750000	9000000	0.785204
chr1	9000000	9250000	0.787144
chr1	9250000	9500000	0.822975
chr1	9500000	9750000	0.822536
chr1	9750000	10000000	0.863649
chr1	10000000	10250000	0.916873
chr1	10250000	10500000	0.900356
chr1	10500000	10750000	0.975283
chr1	10750000	11000000	0.935752
chr1	11000000	11250000	0.96947
chr1	11250000	11500000	0.984247
chr1	11500000	11750000	1.04486
chr1	11750000	12000000	1.05648
chr1	12000000	12250000	0.916847
chr1	12250000	12500000	0.717518
chr1	12500000	12750000	0.573776
chr1	12750000	13000000	nan
chr1	13000000	13250000	nan
chr1	13250000	13500000	nan
chr1	13500000	13750000	0.40103
chr1	13750000	14000000	0.355564
chr1	14000000	14250000	0.277122
chr1	14250000	14500000	0.253248
chr1	14500000	14750000	0.337537
chr1	14750000	15000000	0.373482
chr1	15000000	15250000	0.535819
chr1	15250000	15500000	0.741801
chr1	15500000	15750000	1.0672
chr1	15750000	16000000	1.11952
chr1	16000000	16250000	1.15508
chr1	16250000	16500000	1.08282
chr1	16500000	16750000	1.08218
chr1	16750000	17000000	1.0706
chr1	17000000	17250000	0.876082
chr1	17250000	17500000	0.903533
chr1	17500000	17750000	0.826893
chr1	17750000	18000000	0.667539
chr1	18000000	18250000	0.697928
chr1	18250000	18500000	0.756674
chr1	18500000	18750000	0.684068
chr1	18750000	19000000	0.781659
chr1	19000000	19250000	0.948993
chr1	19250000	19500000	0.881916
chr1	19500000	19750000	0.784819
chr1	19750000	20000000	0.698548
chr1	20000000	20250000	0.715763
chr1	20250000	20500000	0.719158
chr1	20500000	20750000	0.70866
chr1	20750000	21000000	0.758902
chr1	21000000	21250000	0.716274
chr1	21250000	21500000	0.702931
chr1	21500000	21750000	0.750516
chr1	21750000	22000000	0.756694
chr1	22000000	22250000	0.677845
chr1	22250000	22500000	0.692432
chr1	22500000	22750000	0.65376
chr1	22750000	23000000	0.664922
chr1	23000000	23250000	0.77076
chr1	23250000	23500000	0.841433
chr1	23500000	23750000	0.90605
chr1	23750000	24000000	0.924399
chr1	24000000	24250000	0.832465
chr1	24250000	24500000	0.835962
chr1	24500000	24750000	0.788505
chr1	24750000	25000000	0.821342
chr1	25000000	25250000	0.762088
chr1	25250000	25500000	0.773755
chr1	25500000	25750000	0.835536
chr1	25750000	26000000	0.880342
chr1	26000000	26250000	0.938277
chr1	26250000	26500000	1.00548
chr1	26500000	26750000	0.96309
chr1	26750000	27000000	0.949075
chr1	27000000	27250000	0.890388
chr1	27250000	27500000	0.918485
chr1	27500000	27750000	0.866196
chr1	27750000	28000000	0.864362
chr1	28000000	28250000	0.855472
chr1	28250000	28500000	0.863003
chr1	28500000	28750000	0.828038
chr1	28750000	29000000	0.768682
chr1	29000000	29250000	0.664285
chr1	29250000	29500000	0.524959
chr1	29500000	29750000	0.435152
chr1	29750000	30000000	0.488133
chr1	30000000	30250000	0.433141
chr1	30250000	30500000	0.45386
chr1	30500000	30750000	0.494303
chr1	30750000	31000000	0.716843
chr1	31000000	31250000	0.811842
chr1	31250000	31500000	0.868722
chr1	31500000	31750000	0.955231
chr1	31750000	32000000	0.950101
chr1	32000000	32250000	0.996207
chr1	32250000	32500000	0.938776
chr1	32500000	32750000	0.894642
chr1	32750000	33000000	0.835814
chr1	33000000	33250000	0.701797
chr1	33250000	33500000	0.581918
chr1	33500000	33750000	0.333396
chr1	33750000	34000000	0.326696
chr1	34000000	34250000	0.358751
chr1	34250000	34500000	0.324345
chr1	34500000	34750000	0.327067
chr1	34750000	35000000	0.538811
chr1	35000000	35250000	0.684014
chr1	35250000	35500000	0.73658
chr1	35500000	35750000	0.830642
chr1	35750000	36000000	0.889312
chr1	36000000	36250000	0.886244
chr1	36250000	36500000	0.840782
chr1	36500000	36750000	0.629838
chr1	36750000	37000000	0.697149
chr1	37000000	37250000	0.641038
chr1	37250000	37500000	0.673989
chr1	37500000	37750000	0.842835
chr1	37750000	38000000	0.790089
chr1	38000000	38250000	0.647231
chr1	38250000	38500000	0.722977
chr1	38500000	38750000	0.591443
chr1	38750000	39000000	0.616136
chr1	39000000	39250000	0.781706
chr1	39250000	39500000	0.833852
chr1	39500000	39750000	0.843075
chr1	39750000	40000000	0.91162
chr1	40000000	40250000	0.859701
chr1	40250000	40500000	0.846042
chr1	40500000	40750000	0.868144
chr1	40750000	41000000	0.860697
chr1	41000000	41250000	0.689057
chr1	41250000	41500000	0.733944
chr1	41500000	41750000	0.57192
chr1	41750000	42000000	0.602046
chr1	42000000	42250000	0.542755
chr1	42250000	42500000	0.723429
chr1	42500000	42750000	0.72855
chr1	42750000	43000000	0.933843
chr1	43000000	43250000	0.995333
chr1	43250000	43500000	1.07585
chr1	43500000	43750000	1.14501
chr1	43750000	44000000	1.13204
chr1	44000000	44250000	1.01262
chr1	44250000	44500000	1.18653
chr1	44500000	44750000	1.08449
chr1	44750000	45000000	1.05439
chr1	45000000	45250000	0.980827
chr1	45250000	45500000	0.969733
chr1	45500000	45750000	1.05715
chr1	45750000	46000000	1.06119
chr1	46000000	46250000	1.05764
chr1	46250000	46500000	1.08835
chr1	46500000	46750000	0.823039
chr1	46750000	47000000	0.467843
chr1	47000000	47250000	0.454125
chr1	47250000	47500000	0.384465
chr1	47500000	47750000	0.14426
chr1	47750000	48000000	-0.0878378
chr1	48000000	48250000	-0.319803
chr1	48250000	48500000	-0.542553
chr1	48500000	48750000	-0.512218
chr1	48750000	49000000	-0.564292
chr1	49000000	49250000	-0.675052
chr1	49250000	49500000	-0.677491
chr1	49500000	49750000	-0.670394
chr1	49750000	50000000	-0.711588
chr1	50000000	50250000	-0.587198
chr1	50250000	50500000	-0.414778
chr1	50500000	50750000	-0.25041
chr1	50750000	51000000	-0.118164
chr1	51000000	51250000	-0.134673
chr1	51250000	51500000	0.264023
chr1	51500000	51750000	0.488984
chr1	51750000	52000000	0.772946
chr1	52000000	52250000	0.86722
chr1	52250000	52500000	0.948919
chr1	52500000	52750000	0.997494
chr1	52750000	53000000	0.971644
chr1	53000000	53250000	1.00227
chr1	53250000	53500000	1.17688
chr1	53500000	53750000	1.09765
chr1	53750000	54000000	0.953393
chr1	54000000	54250000	0.780698
chr1	54250000	54500000	0.8777
chr1	54500000	54750000	0.680509
chr1	54750000	55000000	0.52969
chr1	55000000	55250000	0.0277182
chr1	55250000	55500000	-0.366286
chr1	55500000	55750000	-0.469539
chr1	55750000	56000000	-0.452742
chr1	56000000	56250000	-0.463352
chr1	56250000	56500000	-0.356042
chr1	56500000	56750000	-0.343103
chr1	56750000	57000000	-0.408899
chr1	57000000	57250000	-0.35828
chr1	57250000	57500000	-0.280773
chr1	57500000	57750000	-0.27202
chr1	57750000	58000000	-0.244268
chr1	58000000	58250000	-0.175096
chr1	58250000	58500000	-0.155023
chr1	58500000	58750000	-0.00644044
chr1	58750000	59000000	-0.168363
chr1	59000000	59250000	-0.195067
chr1	59250000	59500000	-0.306218
chr1	59500000	59750000	-0.322341
chr1	59750000	60000000	-0.450139
chr1	60000000	60250000	-0.59037
chr1	60250000	60500000	-0.659386
chr1	60500000	60750000	-0.640739
chr1	60750000	61000000	-0.449797
chr1	61000000	61250000	-0.330158
chr1	61250000	61500000	-0.31789
chr1	61500000	61750000	-0.195531
chr1	61750000	62000000	0.0829133
chr1	62000000	62250000	0.354729
chr1	62250000	62500000	0.458475
chr1	62500000	62750000	0.418113
chr1	62750000	63000000	0.342786
chr1	63000000	63250000	0.422004
chr1	63250000	63500000	0.43687
chr1	63500000	63750000	0.212738
chr1	63750000	64000000	0.315795
chr1	64000000	64250000	0.116202
chr1	64250000	64500000	0.178142
chr1	64500000	64750000	0.240076
chr1	64750000	65000000	0.00247686
chr1	65000000	65250000	-0.211954
chr1	65250000	65500000	-0.502485
chr1	65500000	65750000	-0.62245
chr1	65750000	66000000	-0.681746
chr1	66000000	66250000	-0.70445
chr1	66250000	66500000	-0.5693
chr1	66500000	66750000	-0.651802
chr1	66750000	67000000	-0.558881
chr1	67000000	67250000	-0.431631
chr1	67250000	67500000	-0.166761
chr1	67500000	67750000	-0.343078
chr1	67750000	68000000	-0.50048
chr1	68000000	68250000	-0.53671
chr1	68250000	68500000	-0.528411
chr1	68500000	68750000	-0.611349
chr1	68750000	69000000	-0.603305
chr1	69000000	69250000	-0.610158
chr1	69250000	69500000	-0.633302
chr1	69500000	69750000	-0.598173
chr1	69750000	70000000	-0.645293
chr1	70000000	70250000	-0.471602
chr1	70250000	70500000	-0.239506
chr1	70500000	70750000	-0.548212
chr1	70750000	71000000	-0.662878
chr1	71000000	71250000	-0.549286
chr1	71250000	71500000	-0.620605
chr1	71500000	71750000	-0.580726
chr1	71750000	72000000	-0.591061
chr1	72000000	72250000	-0.550916
chr1	72250000	72500000	-0.574767
chr1	72500000	72750000	-0.521079
chr1	72750000	73000000	-0.514728
chr1	73000000	73250000	-0.509679
chr1	73250000	73500000	-0.565266
chr1	73500000	73750000	-0.555779
chr1	73750000	74000000	-0.551113
chr1	74000000	74250000	-0.584066
chr1	74250000	74500000	-0.602061
chr1	74500000	74750000	-0.512662
chr1	74750000	75000000	-0.577079
chr1	75000000	75250000	-0.567696
chr1	75250000	75500000	-0.627842
chr1	75500000	75750000	-0.554811
chr1	75750000	76000000	-0.446127
chr1	76000000	76250000	-0.467716
chr1	76250000	76500000	-0.507207
chr1	76500000	76750000	-0.5463
chr1	76750000	77000000	-0.485674
chr1	77000000	77250000	-0.409127
chr1	77250000	77500000	-0.402802
chr1	77500000	77750000	-0.0768367
chr1	77750000	78000000	-0.0581429
chr1	78000000	78250000	-0.45002
chr1	78250000	78500000	-0.657314
chr1	78500000	78750000	-0.569586
chr1	78750000	79000000	-0.582725
chr1	79000000	79250000	-0.585186
chr1	79250000	79500000	-0.511654
chr1	79500000	79750000	-0.525349
chr1	79750000	80000000	-0.558713
chr1	80000000	80250000	-0.498645
chr1	80250000	80500000	-0.531297
chr1	80500000	80750000	-0.518308
chr1	80750000	81000000	-0.474562
chr1	81000000	81250000	-0.380241
chr1	81250000	81500000	-0.281421
chr1	81500000	81750000	-0.276421
chr1	81750000	82000000	-0.219397
chr1	82000000	82250000	-0.439907
chr1	82250000	82500000	-0.514931
chr1	82500000	82750000	-0.520479
chr1	82750000	83000000	-0.509857
chr1	83000000	83250000	-0.519068
chr1	83250000	83500000	nan
chr1	83500000	83750000	-0.4755
chr1	83750000	84000000	-0.457182
chr1	84000000	84250000	-0.400292
chr1	84250000	84500000	-0.370739
chr1	84500000	84750000	-0.221414
chr1	84750000	85000000	-0.240853
chr1	85000000	85250000	-0.115163
chr1	85250000	85500000	-0.192796
chr1	85500000	85750000	-0.254272
chr1	85750000	86000000	-0.508433
chr1	86000000	86250000	-0.554281
chr1	86250000	86500000	-0.495336
chr1	86500000	86750000	-0.484802
chr1	86750000	87000000	-0.165714
chr1	87000000	87250000	-0.304473
chr1	87250000	87500000	-0.360319
chr1	87500000	87750000	-0.450525
chr1	87750000	88000000	-0.471706
chr1	88000000	88250000	-0.455984
chr1	88250000	88500000	-0.533567
chr1	88500000	88750000	-0.364848
chr1	88750000	89000000	-0.202669
chr1	89000000	89250000	-0.462717
chr1	89250000	89500000	-0.444665
chr1	89500000	89750000	-0.272886
chr1	89750000	90000000	-0.0696402
chr1	90000000	90250000	-0.231527
chr1	90250000	90500000	-0.296804
chr1	90500000	90750000	-0.219415
chr1	90750000	91000000	0.0739241
chr1	91000000	91250000	0.0194399
chr1	91250000	91500000	-0.0587562
chr1	91500000	91750000	0.0577314
chr1	91750000	92000000	0.0442551
chr1	92000000	92250000	0.0677747
chr1	92250000	92500000	0.202489
chr1	92500000	92750000	0.22228
chr1	92750000	93000000	0.471896
chr1	93000000	93250000	0.760869
chr1	93250000	93500000	0.705058
chr1	93500000	93750000	0.626627
chr1	93750000	94000000	0.434138
chr1	94000000	94250000	0.283015
chr1	94250000	94500000	0.206323
chr1	94500000	94750000	0.158281
chr1	94750000	95000000	0.05598
chr1	95000000	95250000	-0.2051
chr1	95250000	95500000	-0.391535
chr1	95500000	95750000	-0.464535
chr1	95750000	96000000	-0.420005
chr1	96000000	96250000	-0.415926
chr1	96250000	96500000	-0.395138
chr1	96500000	96750000	-0.283755
chr1	96750000	97000000	-0.316304
chr1	97000000	97250000	-0.462973
chr1	97250000	97500000	-0.527399
chr1	97500000	97750000	-0.504288
chr1	97750000	98000000	-0.482437
chr1	98000000	98250000	-0.444879
chr1	98250000	98500000	-0.451034
chr1	98500000	98750000	-0.464119
chr1	98750000	99000000	-0.491355
chr1	99000000	99250000	-0.486236
chr1	99250000	99500000	-0.492065
chr1	99500000	99750000	-0.42691
chr1	99750000	100000000	-0.168175
chr1	100000000	100250000	0.0115203
chr1	100250000	100500000	-0.0693549
chr1	100500000	100750000	-0.368141
chr1	100750000	101000000	-0.252414
chr1	101000000	101250000	-0.323257
chr1	101250000	101500000	-0.396227
chr1	101500000	101750000	-0.438112
chr1	101750000	102000000	-0.453201
chr1	102000000	102250000	-0.483108
chr1	102250000	102500000	-0.493057
chr1	102500000	102750000	-0.50096
chr1	102750000	103000000	-0.48525
chr1	103000000	103250000	-0.514088
chr1	103250000	103500000	-0.502198
chr1	103500000	103750000	nan
chr1	103750000	104000000	-0.502227
chr1	104000000	104250000	-0.484177
chr1	104250000	104500000	-0.507764
chr1	104500000	104750000	-0.475571
chr1	104750000	105000000	-0.464285
chr1	105000000	105250000	-0.476217
chr1	105250000	105500000	-0.50167
chr1	105500000	105750000	-0.505555
chr1	105750000	106000000	-0.470183
chr1	106000000	106250000	-0.502407
chr1	106250000	106500000	-0.499544
chr1	106500000	106750000	-0.511214
chr1	106750000	107000000	-0.481135
chr1	107000000	107250000	-0.397644
chr1	107250000	107500000	-0.409287
chr1	107500000	107750000	-0.426826
chr1	107750000	108000000	-0.209598
chr1	108000000	108250000	-0.216026
chr1	108250000	108500000	nan
chr1	108500000	108750000	0.19708
chr1	108750000	109000000	0.731894
chr1	109000000	109250000	1.0773
chr1	109250000	109500000	1.32119
chr1	109500000	109750000	1.30777
chr1	109750000	110000000	1.25496
chr1	110000000	110250000	1.25247
chr1	110250000	110500000	1.08954
chr1	110500000	110750000	0.792403
chr1	110750000	111000000	0.66275
chr1	111000000	111250000	0.726781
chr1	111250000	111500000	0.815622
chr1	111500000	111750000	0.876597
chr1	111750000	112000000	0.771064
chr1	112000000	112250000	0.736435
chr1	112250000	112500000	0.779995
chr1	112500000	112750000	0.957737
chr1	112750000	113000000	1.08836
chr1	113000000	113250000	0.783017
chr1	113250000	113500000	0.659799
chr1	113500000	113750000	0.598891
chr1	113750000	114000000	0.687699
chr1	114000000	114250000	0.815424
chr1	114250000	114500000	0.675415
chr1	114500000	114750000	0.612773
chr1	114750000	115000000	0.357452
chr1	115000000	115250000	0.273326
chr1	115250000	115500000	0.277241
chr1	115500000	115750000	0.269407
chr1	115750000	116000000	0.336654
chr1	116000000	116250000	0.282097
chr1	116250000	116500000	0.389301
chr1	116500000	116750000	0.40037
chr1	116750000	117000000	0.493933
chr1	117000000	117250000	0.305369
chr1	117250000	117500000	0.160039
chr1	117500000	117750000	0.134863
chr1	117750000	118000000	0.0795719
chr1	118000000	118250000	-0.032922
chr1	118250000	118500000	-0.083953
chr1	118500000	118750000	-0.0989747
chr1	118750000	119000000	-0.0368215
chr1	119000000	119250000	0.0764822
chr1	119250000	119500000	0.221456
chr1	119500000	119750000	0.608671
chr1	119750000	120000000	0.756899
chr1	120000000	120250000	nan
chr1	120250000	120500000	nan
chr1	120500000	120750000	nan
chr1	120750000	121000000	nan
chr1	121000000	121250000	nan
chr1	121250000	121500000	nan
chr1	121500000	121750000	nan
chr1	121750000	122000000	nan
chr1	122000000	122250000	nan
chr1	122250000	122500000	nan
chr1	122500000	122750000	nan
chr1	122750000	123000000	nan
chr1	123000000	123250000	nan
chr1	123250000	123500000	nan
chr1	123500000	123750000	nan
chr1	123750000	124000000	nan
chr1	124000000	124250000	nan
chr1	124250000	124500000	nan
chr1	124500000	124750000	nan
chr1	124750000	125000000	nan
chr1	125000000	125250000	nan
chr1	125250000	125500000	nan
chr1	125500000	125750000	nan
chr1	125750000	126000000	nan
chr1	126000000	126250000	nan
chr1	126250000	126500000	nan
chr1	126500000	126750000	nan
chr1	126750000	127000000	nan
chr1	127000000	127250000	nan
chr1	127250000	127500000	nan
chr1	127500000	127750000	nan
chr1	127750000	128000000	nan
chr1	128000000	128250000	nan
chr1	128250000	128500000	nan
chr1	128500000	128750000	nan
chr1	128750000	129000000	nan
chr1	129000000	129250000	nan
chr1	129250000	129500000	nan
chr1	129500000	129750000	nan
chr1	129750000	130000000	nan
chr1	130000000	130250000	nan
chr1	130250000	130500000	nan
chr1	130500000	130750000	nan
chr1	130750000	131000000	nan
chr1	131000000	131250000	nan
chr1	131250000	131500000	nan
chr1	131500000	131750000	nan
chr1	131750000	132000000	nan
chr1	132000000	132250000	nan
chr1	132250000	132500000	nan
chr1	132500000	132750000	nan
chr1	132750000	133000000	nan
chr1	133000000	133250000	nan
chr1	133250000	133500000	nan
chr1	133500000	133750000	nan
chr1	133750000	134000000	nan
chr1	134000000	134250000	nan
chr1	134250000	134500000	nan
chr1	134500000	134750000	nan
chr1	134750000	135000000	nan
chr1	135000000	135250000	nan
chr1	135250000	135500000	nan
chr1	135500000	135750000	nan
chr1	135750000	136000000	nan
chr1	136000000	136250000	nan
chr1	136250000	136500000	nan
chr1	136500000	136750000	nan
chr1	136750000	137000000	nan
chr1	137000000	137250000	nan
chr1	137250000	137500000	nan
chr1	137500000	137750000	nan
chr1	137750000	138000000	nan
chr1	138000000	138250000	nan
chr1	138250000	138500000	nan
chr1	138500000	138750000	nan
chr1	138750000	139000000	nan
chr1	139000000	139250000	nan
chr1	139250000	139500000	nan
chr1	139500000	139750000	nan
chr1	139750000	140000000	nan
chr1	140000000	140250000	nan
chr1	140250000	140500000	nan
chr1	140500000	140750000	nan
chr1	140750000	141000000	nan
chr1	141000000	141250000	nan
chr1	141250000	141500000	nan
chr1	141500000	141750000	nan
chr1	141750000	142000000	nan
chr1	142000000	142250000	nan
chr1	142250000	142500000	nan
chr1	142500000	142750000	nan
chr1	142750000	143000000	nan
chr1	143000000	143250000	nan
chr1	143250000	143500000	nan
chr1	143500000	143750000	nan
chr1	143750000	144000000	nan
chr1	144000000	144250000	nan
chr1	144250000	144500000	nan
chr1	144500000	144750000	nan
chr1	144750000	145000000	nan
chr1	145000000	145250000	nan
chr1	145250000	145500000	nan
chr1	145500000	145750000	nan
chr1	145750000	146000000	1.64315
chr1	146000000	146250000	nan
chr1	146250000	146500000	nan
chr1	146500000	146750000	nan
chr1	146750000	147000000	nan
chr1	147000000	147250000	1.3324
chr1	147250000	147500000	1.27719
chr1	147500000	147750000	1.40097
chr1	147750000	148000000	1.16197
chr1	148000000	148250000	nan
chr1	148250000	148500000	nan
chr1	148500000	148750000	nan
chr1	148750000	149000000	nan
chr1	149000000	149250000	nan
chr1	149250000	149500000	nan
chr1	149500000	149750000	nan
chr1	149750000	150000000	nan
chr1	150000000	150250000	1.66082
chr1	150250000	150500000	1.63295
chr1	150500000	150750000	1.64228
chr1	150750000	151000000	1.52656
chr1	151000000	151250000	1.52171
chr1	151250000	151500000	1.42831
chr1	151500000	151750000	1.26836
chr1	151750000	152000000	1.04445
chr1	152000000	152250000	0.617724
chr1	152250000	152500000	nan
chr1	152500000	152750000	nan
chr1	152750000	153000000	0.453975
chr1	153000000	153250000	0.652321
chr1	153250000	153500000	0.813637
chr1	153500000	153750000	1.15032
chr1	153750000	154000000	1.35096
chr1	154000000	154250000	1.34806
chr1	154250000	154500000	1.38792
chr1	154500000	154750000	1.55594
chr1	154750000	155000000	1.59385
chr1	155000000	155250000	1.58072
chr1	155250000	155500000	1.6026
chr1	155500000	155750000	1.60136
chr1	155750000	156000000	1.58238
chr1	156000000	156250000	1.70009
chr1	156250000	156500000	1.70638
chr1	156500000	156750000	1.62036
chr1	156750000	157000000	1.28971
chr1	157000000	157250000	0.6121
chr1	157250000	157500000	0.137929
chr1	157500000	157750000	-0.0670329
chr1	157750000	158000000	-0.119109
chr1	158000000	158250000	-0.0276155
chr1	158250000	158500000	-0.363964
chr1	158500000	158750000	-0.379139
chr1	158750000	159000000	-0.367962
chr1	159000000	159250000	-0.231546
chr1	159250000	159500000	-0.369216
chr1	159500000	159750000	-0.388555
chr1	159750000	160000000	0.0463408
chr1	160000000	160250000	0.671576
chr1	160250000	160500000	0.949953
chr1	160500000	160750000	0.871731
chr1	160750000	161000000	1.01646
chr1	161000000	161250000	1.33595
chr1	161250000	161500000	1.24878
chr1	161500000	161750000	0.703234
chr1	161750000	162000000	0.250416
chr1	162000000	162250000	0.251881
chr1	162250000	162500000	0.0966239
chr1	162500000	162750000	-0.0632662
chr1	162750000	163000000	-0.283899
chr1	163000000	163250000	-0.358832
chr1	163250000	163500000	-0.314224
chr1	163500000	163750000	-0.342479
chr1	163750000	164000000	-0.398044
chr1	164000000	164250000	-0.390246
chr1	164250000	164500000	-0.325136
chr1	164500000	164750000	-0.070472
chr1	164750000	165000000	-0.223388
chr1	165000000	165250000	-0.196438
chr1	165250000	165500000	-0.0894062
chr1	165500000	165750000	0.00148681
chr1	165750000	166000000	0.0234869
chr1	166000000	166250000	-0.226448
chr1	166250000	166500000	-0.268488
chr1	166500000	166750000	-0.326038
chr1	166750000	167000000	-0.0911591
chr1	167000000	167250000	0.192133
chr1	167250000	167500000	0.427086
chr1	167500000	167750000	0.359103
chr1	167750000	168000000	0.358338
chr1	168000000	168250000	0.0571356
chr1	168250000	168500000	-0.316104
chr1	168500000	168750000	-0.464339
chr1	168750000	169000000	-0.51542
chr1	169000000	169250000	-0.461735
chr1	169250000	169500000	-0.401817
chr1	169500000	169750000	-0.398681
chr1	169750000	170000000	-0.379174
chr1	170000000	170250000	-0.517301
chr1	170250000	170500000	-0.542589
chr1	170500000	170750000	-0.467749
chr1	170750000	171000000	-0.535693
chr1	171000000	171250000	-0.51118
chr1	171250000	171500000	-0.293615
chr1	171500000	171750000	0.0206369
chr1	171750000	172000000	-0.14937
chr1	172000000	172250000	-0.354473
chr1	172250000	172500000	-0.34331
chr1	172500000	172750000	-0.31124
chr1	172750000	173000000	-0.458365
chr1	173000000	173250000	-0.463076
chr1	173250000	173500000	-0.320503
chr1	173500000	173750000	-0.262925
chr1	173750000	174000000	0.045312
chr1	174000000	174250000	-0.112465
chr1	174250000	174500000	-0.303738
chr1	174500000	174750000	-0.328909
chr1	174750000	175000000	0.0406519
chr1	175000000	175250000	-0.193507
chr1	175250000	175500000	-0.266415
chr1	175500000	175750000	-0.258792
chr1	175750000	176000000	-0.221026
chr1	176000000	176250000	-0.283691
chr1	176250000	176500000	-0.446812
chr1	176500000	176750000	-0.462073
chr1	176750000	177000000	-0.401454
chr1	177000000	177250000	-0.438396
chr1	177250000	177500000	-0.470876
chr1	177500000	177750000	-0.519402
chr1	177750000	178000000	-0.428727
chr1	178000000	178250000	-0.0893684
chr1	178250000	178500000	0.0560376
chr1	178500000	178750000	0.0757874
chr1	178750000	179000000	0.0851811
chr1	179000000	179250000	0.227063
chr1	179250000	179500000	0.130996
chr1	179500000	179750000	0.143059
chr1	179750000	180000000	0.355191
chr1	180000000	180250000	0.487037
chr1	180250000	180500000	0.384511
chr1	180500000	180750000	0.299518
chr1	180750000	181000000	0.316216
chr1	181000000	181250000	0.241585
chr1	181250000	181500000	0.0369529
chr1	181500000	181750000	0.0474014
chr1	181750000	182000000	0.0375575
chr1	182000000	182250000	0.114666
chr1	182250000	182500000	0.160765
chr1	182500000	182750000	0.253312
chr1	182750000	183000000	0.420902
chr1	183000000	183250000	0.472844
chr1	183250000	183500000	0.384051
chr1	183500000	183750000	0.122317
chr1	183750000	184000000	-0.157352
chr1	184000000	184250000	-0.263343
chr1	184250000	184500000	-0.270635
chr1	184500000	184750000	-0.283073
chr1	184750000	185000000	-0.379072
chr1	185000000	185250000	-0.345618
chr1	185250000	185500000	-0.564066
chr1	185500000	185750000	-0.578688
chr1	185750000	186000000	-0.679909
chr1	186000000	186250000	-0.678988
chr1	186250000	186500000	-0.493923
chr1	186500000	186750000	-0.645983
chr1	186750000	187000000	-0.657496
chr1	187000000	187250000	-0.583335
chr1	187250000	187500000	-0.538748
chr1	187500000	187750000	-0.568943
chr1	187750000	188000000	-0.561381
chr1	188000000	188250000	-0.559869
chr1	188250000	188500000	-0.572363
chr1	188500000	188750000	-0.545432
chr1	188750000	189000000	-0.554983
chr1	189000000	189250000	-0.577756
chr1	189250000	189500000	-0.565832
chr1	189500000	189750000	-0.579657
chr1	189750000	190000000	-0.585009
chr1	190000000	190250000	-0.603427
chr1	190250000	190500000	-0.545236
chr1	190500000	190750000	-0.552598
chr1	190750000	191000000	-0.607515
chr1	191000000	191250000	-0.565407
chr1	191250000	191500000	-0.594462
chr1	191500000	191750000	-0.589007
chr1	191750000	192000000	-0.552536
chr1	192000000	192250000	-0.61253
chr1	192250000	192500000	-0.556026
chr1	192500000	192750000	-0.542819
chr1	192750000	193000000	-0.464158
chr1	193000000	193250000	-0.286344
chr1	193250000	193500000	-0.518889
chr1	193500000	193750000	-0.612624
chr1	193750000	194000000	-0.606054
chr1	194000000	194250000	-0.608455
chr1	194250000	194500000	-0.562922
chr1	194500000	194750000	-0.604207
chr1	194750000	195000000	-0.605011
chr1	195000000	195250000	-0.61803
chr1	195250000	195500000	-0.603869
chr1	195500000	195750000	-0.592839
chr1	195750000	196000000	-0.537354
chr1	196000000	196250000	-0.588219
chr1	196250000	196500000	-0.51977
chr1	196500000	196750000	-0.534842
chr1	196750000	197000000	nan
chr1	197000000	197250000	-0.626757
chr1	197250000	197500000	-0.641072
chr1	197500000	197750000	-0.590798
chr1	197750000	198000000	-0.558446
chr1	198000000	198250000	-0.610918
chr1	198250000	198500000	-0.628054
chr1	198500000	198750000	-0.623501
chr1	198750000	199000000	-0.712502
chr1	199000000	199250000	-0.778978
chr1	199250000	199500000	-0.724857
chr1	199500000	199750000	-0.599922
chr1	199750000	200000000	-0.505265
chr1	200000000	200250000	-0.302791
chr1	200250000	200500000	-0.11532
chr1	200500000	200750000	0.198144
chr1	200750000	201000000	0.574999
chr1	201000000	201250000	0.813427
chr1	201250000	201500000	0.984182
chr1	201500000	201750000	1.07288
chr1	201750000	202000000	1.19487
chr1	202000000	202250000	1.15134
chr1	202250000	202500000	1.1933
chr1	202500000	202750000	1.18546
chr1	202750000	203000000	1.36226
chr1	203000000	203250000	1.25507
chr1	203250000	203500000	1.18192
chr1	203500000	203750000	1.16688
chr1	203750000	204000000	1.13964
chr1	204000000	204250000	1.26166
chr1	204250000	204500000	1.23033
chr1	204500000	204750000	1.28207
chr1	204750000	205000000	1.26223
chr1	205000000	205250000	1.29406
chr1	205250000	205500000	1.29956
chr1	205500000	205750000	1.28665
chr1	205750000	206000000	1.0176
chr1	206000000	206250000	0.797282
chr1	206250000	206500000	nan
chr1	206500000	206750000	0.591961
chr1	206750000	207000000	0.328237
chr1	207000000	207250000	0.0208547
chr1	207250000	207500000	0.00021893
chr1	207500000	207750000	0.0627379
chr1	207750000	208000000	-0.0450138
chr1	208000000	208250000	-0.171392
chr1	208250000	208500000	-0.360364
chr1	208500000	208750000	-0.399149
chr1	208750000	209000000	-0.400841
chr1	209000000	209250000	-0.330395
chr1	209250000	209500000	-0.272053
chr1	209500000	209750000	-0.195147
chr1	209750000	210000000	-0.119851
chr1	210000000	210250000	-0.153028
chr1	210250000	210500000	-0.211736
chr1	210500000	210750000	-0.356606
chr1	210750000	211000000	-0.417546
chr1	211000000	211250000	-0.309652
chr1	211250000	211500000	0.0717628
chr1	211500000	211750000	0.143581
chr1	211750000	212000000	0.199064
chr1	212000000	212250000	0.327905
chr1	212250000	212500000	0.450227
chr1	212500000	212750000	0.535661
chr1	212750000	213000000	0.808334
chr1	213000000	213250000	-0.00325424
chr1	213250000	213500000	-0.288661
chr1	213500000	213750000	-0.357131
chr1	213750000	214000000	-0.351619
chr1	214000000	214250000	-0.306061
chr1	214250000	214500000	-0.169766
chr1	214500000	214750000	-0.3888
chr1	214750000	215000000	-0.755968
chr1	215000000	215250000	-0.770432
chr1	215250000	215500000	-0.799834
chr1	215500000	215750000	-0.593978
chr1	215750000	216000000	-0.68041
chr1	216000000	216250000	-0.66771
chr1	216250000	216500000	-0.672224
chr1	216500000	216750000	-0.596163
chr1	216750000	217000000	-0.564866
chr1	217000000	217250000	-0.598838
chr1	217250000	217500000	-0.592118
chr1	217500000	217750000	-0.608903
chr1	217750000	218000000	-0.669024
chr1	218000000	218250000	-0.621936
chr1	218250000	218500000	-0.541702
chr1	218500000	218750000	-0.666799
chr1	218750000	219000000	-0.706451
chr1	219000000	219250000	-0.676517
chr1	219250000	219500000	-0.71542
chr1	219500000	219750000	-0.70892
chr1	219750000	220000000	-0.529849
chr1	220000000	220250000	-0.185505
chr1	220250000	220500000	-0.265733
chr1	220500000	220750000	-0.309085
chr1	220750000	221000000	-0.548831
chr1	221000000	221250000	-0.731828
chr1	221250000	221500000	-0.640082
chr1	221500000	221750000	-0.646274
chr1	221750000	222000000	-0.629037
chr1	222000000	222250000	-0.633545
chr1	222250000	222500000	-0.664113
chr1	222500000	222750000	-0.284413
chr1	222750000	223000000	-0.0416876
chr1	223000000	223250000	0.0479531
chr1	223250000	223500000	0.0716278
chr1	223500000	223750000	0.186709
chr1	223750000	224000000	0.476508
chr1	224000000	224250000	0.685346
chr1	224250000	224500000	0.778884
chr1	224500000	224750000	0.551457
chr1	224750000	225000000	0.503062
chr1	225000000	225250000	0.386761
chr1	225250000	225500000	0.604398
chr1	225500000	225750000	1.19053
chr1	225750000	226000000	1.27891
chr1	226000000	226250000	1.40534
chr1	226250000	226500000	1.43494
chr1	226500000	226750000	1.23389
chr1	226750000	227000000	1.06942
chr1	227000000	227250000	1.03102
chr1	227250000	227500000	0.982957
chr1	227500000	227750000	1.19019
chr1	227750000	228000000	1.25743
chr1	228000000	228250000	1.63628
chr1	228250000	228500000	1.64243
chr1	228500000	228750000	nan
chr1	228750000	229000000	1.08199
chr1	229000000	229250000	1.28058
chr1	229250000	229500000	1.20405
chr1	229500000	229750000	0.963264
chr1	229750000	230000000	0.76485
chr1	230000000	230250000	0.889766
chr1	230250000	230500000	0.743663
chr1	230500000	230750000	0.727139
chr1	230750000	231000000	0.70479
chr1	231000000	231250000	0.63199
chr1	231250000	231500000	0.576849
chr1	231500000	231750000	0.479027
chr1	231750000	232000000	0.37572
chr1	232000000	232250000	0.481782
chr1	232250000	232500000	0.327755
chr1	232500000	232750000	0.309
chr1	232750000	233000000	0.243545
chr1	233000000	233250000	0.246958
chr1	233250000	233500000	0.0223227
chr1	233500000	233750000	-0.0385415
chr1	233750000	234000000	-0.100468
chr1	234000000	234250000	0.0127091
chr1	234250000	234500000	0.163344
chr1	234500000	234750000	0.424874
chr1	234750000	235000000	0.750848
chr1	235000000	235250000	0.568992
chr1	235250000	235500000	0.684122
chr1	235500000	235750000	0.327225
chr1	235750000	236000000	0.187625
chr1	236000000	236250000	0.0788328
chr1	236250000	236500000	0.0422758
chr1	236500000	236750000	-0.120634
chr1	236750000	237000000	-0.324678
chr1	237000000	237250000	-0.436174
chr1	237250000	237500000	-0.524367
chr1	237500000	237750000	-0.63804
chr1	237750000	238000000	-0.633933
chr1	238000000	238250000	-0.71117
chr1	238250000	238500000	-0.669654
chr1	238500000	238750000	-0.708979
chr1	238750000	239000000	-0.68943
chr1	239000000	239250000	-0.694681
chr1	239250000	239500000	-0.673552
chr1	239500000	239750000	-0.755952
chr1	239750000	240000000	-0.624318
chr1	240000000	240250000	-0.595604
chr1	240250000	240500000	-0.740288
chr1	240500000	240750000	-0.626658
chr1	240750000	241000000	-0.619232
chr1	241000000	241250000	-0.612637
chr1	241250000	241500000	-0.643206
chr1	241500000	241750000	-0.681814
chr1	241750000	242000000	-0.534779
chr1	242000000	242250000	-0.538965
chr1	242250000	242500000	-0.557987
chr1	242500000	242750000	-0.566837
chr1	242750000	243000000	-0.50288
chr1	243000000	243250000	-0.149235
chr1	243250000	243500000	-0.132956
chr1	243500000	243750000	-0.0587754
chr1	243750000	244000000	0.0500703
chr1	244000000	244250000	0.101905
chr1	244250000	244500000	0.283845
chr1	244500000	244750000	0.532168
chr1	244750000	245000000	0.681854
chr1	245000000	245250000	0.317978
chr1	245250000	245500000	0.195962
chr1	245500000	245750000	0.138333
chr1	245750000	246000000	0.0809935
chr1	246000000	246250000	0.0948072
chr1	246250000	246500000	0.153198
chr1	246500000	246750000	0.42517
chr1	246750000	247000000	0.553756
chr1	247000000	247250000	0.289134
chr1	247250000	247500000	-0.0746904
chr1	247500000	247750000	-0.63522
chr1	247750000	248000000	-0.667691
chr1	248000000	248250000	nan
chr1	248250000	248500000	nan
chr1	248500000	248750000	nan
chr1	248750000	248956422	-0.339741
#bedGraph section chr10:0-133797422
chr10	0	250000	1.08027
chr10	250000	500000	1.32573
chr10	500000	750000	1.43469
chr10	750000	1000000	1.44509
chr10	1000000	1250000	1.0471
chr10	1250000	1500000	0.538425
chr10	1500000	1750000	0.309191
chr10	1750000	2000000	-0.0353138
chr10	2000000	2250000	-0.0702387
chr10	2250000	2500000	-0.105745
chr10	2500000	2750000	-0.0619101
chr10	2750000	3000000	0.036706
chr10	3000000	3250000	0.300985
chr10	3250000	3500000	-0.0761594
chr10	3500000	3750000	-0.109165
chr10	3750000	4000000	-0.138318
chr10	4000000	4250000	-0.247134
chr10	4250000	4500000	-0.351245
chr10	4500000	4750000	-0.373907
chr10	4750000	5000000	-0.319225
chr10	5000000	5250000	-0.350874
chr10	5250000	5500000	-0.059944
chr10	5500000	5750000	0.487307
chr10	5750000	6000000	0.938991
chr10	6000000	6250000	0.846684
chr10	6250000	6500000	0.461087
chr10	6500000	6750000	0.26125
chr10	6750000	7000000	0.123813
chr10	7000000	7250000	0.0323211
chr10	7250000	7500000	0.0556796
chr10	7500000	7750000	0.0599442
chr10	7750000	8000000	-0.0303874
chr10	8000000	8250000	-0.202312
chr10	8250000	8500000	-0.307956
chr10	8500000	8750000	-0.489181
chr10	8750000	9000000	-0.528334
chr10	9000000	9250000	-0.512746
chr10	9250000	9500000	-0.467481
chr10	9500000	9750000	-0.491704
chr10	9750000	10000000	-0.494671
chr10	10000000	10250000	-0.493385
chr10	10250000	10500000	-0.466728
chr10	10500000	10750000	-0.427086
chr10	10750000	11000000	-0.358936
chr10	11000000	11250000	-0.139647
chr10	11250000	11500000	0.118603
chr10	11500000	11750000	0.521809
chr10	11750000	12000000	0.821824
chr10	12000000	12250000	1.03046
chr10	12250000	12500000	0.891008
chr10	12500000	12750000	0.909059
chr10	12750000	13000000	0.924843
chr10	13000000	13250000	0.949426
chr10	13250000	13500000	1.08077
chr10	13500000	13750000	0.926401
chr10	13750000	14000000	0.87522
chr10	14000000	14250000	0.786852
chr10	14250000	14500000	0.724173
chr10	14500000	14750000	0.787297
chr10	14750000	15000000	0.782899
chr10	15000000	15250000	0.609283
chr10	15250000	15500000	0.268854
chr10	15500000	15750000	-0.0173942
chr10	15750000	16000000	-0.158674
chr10	16000000	16250000	-0.167471
chr10	16250000	16500000	-0.118756
chr10	16500000	16750000	-0.10404
chr10	16750000	17000000	-0.0284958
chr10	17000000	17250000	0.00520988
chr10	17250000	17500000	-0.0594991
chr10	17500000	17750000	0.0322763
chr10	17750000	18000000	-0.15055
chr10	18000000	18250000	-0.170835
chr10	18250000	18500000	-0.171057
chr10	18500000	18750000	-0.252842
chr10	18750000	19000000	-0.590345
chr10	19000000	19250000	-0.586055
chr10	19250000	19500000	-0.53032
chr10	19500000	19750000	-0.527034
chr10	19750000	20000000	-0.33666
chr10	20000000	20250000	-0.361327
chr10	20250000	20500000	-0.394179
chr10	20500000	20750000	-0.426508
chr10	20750000	21000000	-0.32118
chr10	21000000	21250000	-0.0865897
chr10	21250000	21500000	0.169954
chr10	21500000	21750000	0.524612
chr10	21750000	22000000	0.120999
chr10	22000000	22250000	-0.00753496
chr10	22250000	22500000	0.0316586
chr10	22500000	22750000	0.105107
chr10	22750000	23000000	-0.0171048
chr10	23000000	23250000	-0.122276
chr10	23250000	23500000	-0.196285
chr10	23500000	23750000	-0.315195
chr10	23750000	24000000	-0.349806
chr10	24000000	24250000	-0.263246
chr10	24250000	24500000	-0.122034
chr10	24500000	24750000	-0.0972548
chr10	24750000	25000000	-0.114692
chr10	25000000	25250000	-0.214094
chr10	25250000	25500000	-0.317752
chr10	25500000	25750000	-0.29013
chr10	25750000	26000000	-0.172797
chr10	26000000	26250000	-0.153335
chr10	26250000	26500000	-0.0756854
chr10	26500000	26750000	0.134076
chr10	26750000	27000000	0.368632
chr10	27000000	27250000	0.524528
chr10	27250000	27500000	0.233639
chr10	27500000	27750000	0.188639
chr10	27750000	28000000	0.138229
chr10	28000000	28250000	0.139561
chr10	28250000	28500000	0.274704
chr10	28500000	28750000	0.56894
chr10	28750000	29000000	0.554171
chr10	29000000	29250000	0.544785
chr10	29250000	29500000	0.526873
chr10	29500000	29750000	0.637621
chr10	29750000	30000000	0.554948
chr10	30000000	30250000	0.503259
chr10	30250000	30500000	0.53284
chr10	30500000	30750000	0.328075
chr10	30750000	31000000	0.151195
chr10	31000000	31250000	0.149775
chr10	31250000	31500000	0.0810725
chr10	31500000	31750000	0.193211
chr10	31750000	32000000	0.444775
chr10	32000000	32250000	0.430663
chr10	32250000	32500000	0.275205
chr10	32500000	32750000	0.0346423
chr10	32750000	33000000	0.215027
chr10	33000000	33250000	0.150938
chr10	33250000	33500000	0.0971208
chr10	33500000	33750000	0.188664
chr10	33750000	34000000	0.13777
chr10	34000000	34250000	0.18909
chr10	34250000	34500000	0.364426
chr10	34500000	34750000	0.588269
chr10	34750000	35000000	0.642417
chr10	35000000	35250000	0.48978
chr10	35250000	35500000	0.481717
chr10	35500000	35750000	0.149833
chr10	35750000	36000000	-0.0118725
chr10	36000000	36250000	-0.148595
chr10	36250000	36500000	-0.147415
chr10	36500000	36750000	-0.143139
chr10	36750000	37000000	-0.165786
chr10	37000000	37250000	nan
chr10	37250000	37500000	-0.162751
chr10	37500000	37750000	-0.073744
chr10	37750000	38000000	0.0180048
chr10	38000000	38250000	0.0392362
chr10	38250000	38500000	nan
chr10	38500000	38750000	nan
chr10	38750000	39000000	nan
chr10	39000000	39250000	nan
chr10	39250000	39500000	nan
chr10	39500000	39750000	nan
chr10	39750000	40000000	nan
chr10	40000000	40250000	nan
chr10	40250000	40500000	nan
chr10	40500000	40750000	nan
chr10	40750000	41000000	nan
chr10	41000000	41250000	nan
chr10	41250000	41500000	nan
chr10	41500000	41750000	nan
chr10	41750000	42000000	nan
chr10	42000000	42250000	nan
chr10	42250000	42500000	nan
chr10	42500000	42750000	0.294906
chr10	42750000	43000000	0.792946
chr10	43000000	43250000	0.86251
chr10	43250000	43500000	0.759268
chr10	43500000	43750000	0.307082
chr10	43750000	44000000	0.127041
chr10	44000000	44250000	0.123142
chr10	44250000	44500000	0.158849
chr10	44500000	44750000	0.0715556
chr10	44750000	45000000	0.22009
chr10	45000000	45250000	0.294666
chr10	45250000	45500000	0.48023
chr10	45500000	45750000	0.479202
chr10	45750000	46000000	nan
chr10	46000000	46250000	0.6384
chr10	46250000	46500000	nan
chr10	46500000	46750000	nan
chr10	46750000	47000000	nan
chr10	47000000	47250000	0.64892
chr10	47250000	47500000	0.78417
chr10	47500000	47750000	nan
chr10	47750000	48000000	nan
chr10	48000000	48250000	nan
chr10	48250000	48500000	0.631565
chr10	48500000	48750000	0.586963
chr10	48750000	49000000	0.499747
chr10	49000000	49250000	0.539228
chr10	49250000	49500000	0.55131
chr10	49500000	49750000	0.740205
chr10	49750000	50000000	0.907487
chr10	50000000	50250000	0.558547
chr10	50250000	50500000	0.315798
chr10	50500000	50750000	0.233573
chr10	50750000	51000000	-0.296066
chr10	51000000	51250000	-0.385771
chr10	51250000	51500000	-0.409031
chr10	51500000	51750000	-0.391083
chr10	51750000	52000000	-0.312081
chr10	52000000	52250000	-0.217645
chr10	52250000	52500000	-0.586312
chr10	52500000	52750000	-0.643336
chr10	52750000	53000000	-0.444476
chr10	53000000	53250000	-0.421289
chr10	53250000	53500000	-0.109379
chr10	53500000	53750000	-0.289748
chr10	53750000	54000000	-0.527023
chr10	54000000	54250000	-0.59707
chr10	54250000	54500000	-0.567046
chr10	54500000	54750000	-0.618506
chr10	54750000	55000000	-0.619113
chr10	55000000	55250000	-0.576402
chr10	55250000	55500000	-0.59118
chr10	55500000	55750000	-0.578537
chr10	55750000	56000000	-0.583806
chr10	56000000	56250000	-0.632034
chr10	56250000	56500000	-0.598186
chr10	56500000	56750000	-0.659266
chr10	56750000	57000000	-0.634408
chr10	57000000	57250000	-0.553812
chr10	57250000	57500000	-0.604561
chr10	57500000	57750000	-0.529434
chr10	57750000	58000000	-0.48967
chr10	58000000	58250000	-0.395215
chr10	58250000	58500000	-0.29206
chr10	58500000	58750000	-0.525427
chr10	58750000	59000000	-0.545543
chr10	59000000	59250000	-0.580734
chr10	59250000	59500000	-0.57389
chr10	59500000	59750000	-0.326598
chr10	59750000	60000000	0.0198671
chr10	60000000	60250000	-0.14697
chr10	60250000	60500000	-0.270339
chr10	60500000	60750000	-0.276064
chr10	60750000	61000000	-0.427276
chr10	61000000	61250000	-0.619122
chr10	61250000	61500000	-0.609862
chr10	61500000	61750000	-0.613347
chr10	61750000	62000000	-0.52478
chr10	62000000	62250000	-0.548099
chr10	62250000	62500000	-0.527637
chr10	62500000	62750000	-0.376915
chr10	62750000	63000000	-0.345704
chr10	63000000	63250000	-0.052193
chr10	63250000	63500000	0.446081
chr10	63500000	63750000	0.175658
chr10	63750000	64000000	-0.368742
chr10	64000000	64250000	-0.642653
chr10	64250000	64500000	-0.683525
chr10	64500000	64750000	-0.675575
chr10	64750000	65000000	-0.656465
chr10	65000000	65250000	-0.651221
chr10	65250000	65500000	-0.623717
chr10	65500000	65750000	-0.607526
chr10	65750000	66000000	-0.663487
chr10	66000000	66250000	-0.642675
chr10	66250000	66500000	-0.66522
chr10	66500000	66750000	-0.662449
chr10	66750000	67000000	-0.615553
chr10	67000000	67250000	-0.694462
chr10	67250000	67500000	-0.696312
chr10	67500000	67750000	-0.540472
chr10	67750000	68000000	0.080945
chr10	68000000	68250000	0.288357
chr10	68250000	68500000	0.560109
chr10	68500000	68750000	0.875033
chr10	68750000	69000000	0.860432
chr10	69000000	69250000	0.927151
chr10	69250000	69500000	1.00207
chr10	69500000	69750000	1.00569
chr10	69750000	70000000	1.01861
chr10	70000000	70250000	0.942017
chr10	70250000	70500000	0.955853
chr10	70500000	70750000	0.939895
chr10	70750000	71000000	0.869966
chr10	71000000	71250000	0.903926
chr10	71250000	71500000	0.874252
chr10	71500000	71750000	0.941592
chr10	71750000	72000000	0.892188
chr10	72000000	72250000	0.819674
chr10	72250000	72500000	0.635344
chr10	72500000	72750000	0.67018
chr10	72750000	73000000	0.629288
chr10	73000000	73250000	0.670394
chr10	73250000	73500000	0.825637
chr10	73500000	73750000	0.885822
chr10	73750000	74000000	0.922724
chr10	74000000	74250000	0.746725
chr10	74250000	74500000	0.405849
chr10	74500000	74750000	0.416768
chr10	74750000	75000000	0.512213
chr10	75000000	75250000	0.466165
chr10	75250000	75500000	0.18213
chr10	75500000	75750000	0.022538
chr10	75750000	76000000	-0.036361
chr10	76000000	76250000	-0.0326384
chr10	76250000	76500000	-0.156813
chr10	76500000	76750000	-0.184238
chr10	76750000	77000000	-0.157161
chr10	77000000	77250000	0.064857
chr10	77250000	77500000	0.356867
chr10	77500000	77750000	0.419939
chr10	77750000	78000000	0.896706
chr10	78000000	78250000	0.789545
chr10	78250000	78500000	0.731216
chr10	78500000	78750000	0.691833
chr10	78750000	79000000	0.797439
chr10	79000000	79250000	0.889272
chr10	79250000	79500000	0.854493
chr10	79500000	79750000	0.513295
chr10	79750000	80000000	nan
chr10	80000000	80250000	0.406345
chr10	80250000	80500000	0.152877
chr10	80500000	80750000	-0.279315
chr10	80750000	81000000	-0.605309
chr10	81000000	81250000	-0.686151
chr10	81250000	81500000	-0.706245
chr10	81500000	81750000	-0.714801
chr10	81750000	82000000	-0.533918
chr10	82000000	82250000	-0.561701
chr10	82250000	82500000	-0.577416
chr10	82500000	82750000	-0.596726
chr10	82750000	83000000	-0.548206
chr10	83000000	83250000	-0.584093
chr10	83250000	83500000	-0.634524
chr10	83500000	83750000	-0.64725
chr10	83750000	84000000	-0.542842
chr10	84000000	84250000	-0.313486
chr10	84250000	84500000	-0.20752
chr10	84500000	84750000	-0.423071
chr10	84750000	85000000	-0.550877
chr10	85000000	85250000	-0.588169
chr10	85250000	85500000	-0.595071
chr10	85500000	85750000	-0.566835
chr10	85750000	86000000	-0.515722
chr10	86000000	86250000	-0.285808
chr10	86250000	86500000	0.119948
chr10	86500000	86750000	0.460847
chr10	86750000	87000000	0.786377
chr10	87000000	87250000	0.543984
chr10	87250000	87500000	nan
chr10	87500000	87750000	0.169033
chr10	87750000	88000000	-0.0987508
chr10	88000000	88250000	-0.412879
chr10	88250000	88500000	-0.516282
chr10	88500000	88750000	-0.593489
chr10	88750000	89000000	-0.544753
chr10	89000000	89250000	-0.546915
chr10	89250000	89500000	-0.293098
chr10	89500000	89750000	-0.164661
chr10	89750000	90000000	-0.461075
chr10	90000000	90250000	-0.525205
chr10	90250000	90500000	-0.54908
chr10	90500000	90750000	-0.549592
chr10	90750000	91000000	-0.371711
chr10	91000000	91250000	-0.395344
chr10	91250000	91500000	-0.323152
chr10	91500000	91750000	-0.227624
chr10	91750000	92000000	0.194858
chr10	92000000	92250000	0.384637
chr10	92250000	92500000	0.466071
chr10	92500000	92750000	0.580914
chr10	92750000	93000000	0.482385
chr10	93000000	93250000	0.585142
chr10	93250000	93500000	0.545814
chr10	93500000	93750000	0.376613
chr10	93750000	94000000	0.293166
chr10	94000000	94250000	0.256826
chr10	94250000	94500000	0.25532
chr10	94500000	94750000	0.165409
chr10	94750000	95000000	-0.0353272
chr10	95000000	95250000	0.086434
chr10	95250000	95500000	0.298372
chr10	95500000	95750000	0.338034
chr10	95750000	96000000	0.300063
chr10	96000000	96250000	0.476726
chr10	96250000	96500000	0.567308
chr10	96500000	96750000	0.65617
chr10	96750000	97000000	0.700696
chr10	97000000	97250000	0.866081
chr10	97250000	97500000	0.89781
chr10	97500000	97750000	0.886067
chr10	97750000	98000000	0.677461
chr10	98000000	98250000	0.48543
chr10	98250000	98500000	0.173536
chr10	98500000	98750000	-0.112321
chr10	98750000	99000000	-0.151971
chr10	99000000	99250000	-0.156955
chr10	99250000	99500000	0.140257
chr10	99500000	99750000	0.456133
chr10	99750000	100000000	0.677992
chr10	100000000	100250000	0.697622
chr10	100250000	100500000	0.718015
chr10	100500000	100750000	0.712669
chr10	100750000	101000000	0.763569
chr10	101000000	101250000	0.670595
chr10	101250000	101500000	0.747339
chr10	101500000	101750000	0.775087
chr10	101750000	102000000	0.823038
chr10	102000000	102250000	0.773681
chr10	102250000	102500000	0.78658
chr10	102500000	102750000	0.881019
chr10	102750000	103000000	0.848665
chr10	103000000	103250000	0.943496
chr10	103250000	103500000	1.00945
chr10	103500000	103750000	0.996835
chr10	103750000	104000000	0.665479
chr10	104000000	104250000	0.316169
chr10	104250000	104500000	-0.0983442
chr10	104500000	104750000	-0.409029
chr10	104750000	105000000	-0.560838
chr10	105000000	105250000	-0.629983
chr10	105250000	105500000	-0.683726
chr10	105500000	105750000	-0.606364
chr10	105750000	106000000	-0.647532
chr10	106000000	106250000	-0.675195
chr10	106250000	106500000	-0.661392
chr10	106500000	106750000	-0.546079
chr10	106750000	107000000	-0.489966
chr10	107000000	107250000	-0.514876
chr10	107250000	107500000	-0.58117
chr10	107500000	107750000	-0.593628
chr10	107750000	108000000	-0.513753
chr10	108000000	108250000	-0.550302
chr10	108250000	108500000	-0.609188
chr10	108500000	108750000	-0.587665
chr10	108750000	109000000	-0.607473
chr10	109000000	109250000	-0.646247
chr10	109250000	109500000	-0.655217
chr10	109500000	109750000	-0.739728
chr10	109750000	110000000	-0.325824
chr10	110000000	110250000	0.0631176
chr10	110250000	110500000	0.348768
chr10	110500000	110750000	0.233053
chr10	110750000	111000000	-0.0653438
chr10	111000000	111250000	-0.376564
chr10	111250000	111500000	-0.460236
chr10	111500000	111750000	-0.48489
chr10	111750000	112000000	-0.461501
chr10	112000000	112250000	-0.321366
chr10	112250000	112500000	-0.0872029
chr10	112500000	112750000	0.268314
chr10	112750000	113000000	0.521894
chr10	113000000	113250000	0.501812
chr10	113250000	113500000	0.274113
chr10	113500000	113750000	0.242375
chr10	113750000	114000000	0.233313
chr10	114000000	114250000	0.195985
chr10	114250000	114500000	0.172257
chr10	114500000	114750000	0.0249141
chr10	114750000	115000000	-0.117773
chr10	115000000	115250000	-0.39003
chr10	115250000	115500000	-0.616643
chr10	115500000	115750000	-0.652027
chr10	115750000	116000000	-0.499006
chr10	116000000	116250000	-0.419934
chr10	116250000	116500000	-0.404358
chr10	116500000	116750000	-0.0870871
chr10	116750000	117000000	0.149127
chr10	117000000	117250000	0.15336
chr10	117250000	117500000	0.323206
chr10	117500000	117750000	0.23772
chr10	117750000	118000000	0.183321
chr10	118000000	118250000	0.146844
chr10	118250000	118500000	0.275557
chr10	118500000	118750000	0.568862
chr10	118750000	119000000	0.786021
chr10	119000000	119250000	1.01845
chr10	119250000	119500000	1.11179
chr10	119500000	119750000	0.899311
chr10	119750000	120000000	0.679955
chr10	120000000	120250000	0.429888
chr10	120250000	120500000	0.362502
chr10	120500000	120750000	0.375544
chr10	120750000	121000000	0.39437
chr10	121000000	121250000	0.429636
chr10	121250000	121500000	0.526941
chr10	121500000	121750000	0.573794
chr10	121750000	122000000	0.689324
chr10	122000000	122250000	0.795935
chr10	122250000	122500000	0.753042
chr10	122500000	122750000	0.642141
chr10	122750000	123000000	0.58803
chr10	123000000	123250000	0.683216
chr10	123250000	123500000	0.681794
chr10	123500000	123750000	0.614462
chr10	123750000	124000000	0.683549
chr10	124000000	124250000	0.823541
chr10	124250000	124500000	0.831737
chr10	124500000	124750000	0.984875
chr10	124750000	125000000	0.883274
chr10	125000000	125250000	0.753219
chr10	125250000	125500000	0.603591
chr10	125500000	125750000	0.577624
chr10	125750000	126000000	0.450317
chr10	126000000	126250000	0.324883
chr10	126250000	126500000	0.25837
chr10	126500000	126750000	0.244995
chr10	126750000	127000000	0.364137
chr10	127000000	127250000	0.388744
chr10	127250000	127500000	0.291772
chr10	127500000	127750000	0.235039
chr10	127750000	128000000	0.306494
chr10	128000000	128250000	0.386685
chr10	128250000	128500000	0.256373
chr10	128500000	128750000	0.27474
chr10	128750000	129000000	0.178134
chr10	129000000	129250000	0.189607
chr10	129250000	129500000	0.251902
chr10	129500000	129750000	0.285206
chr10	129750000	130000000	0.384851
chr10	130000000	130250000	0.482938
chr10	130250000	130500000	0.419968
chr10	130500000	130750000	0.410315
chr10	130750000	131000000	0.463521
chr10	131000000	131250000	0.514686
chr10	131250000	131500000	0.518186
chr10	131500000	131750000	0.630934
chr10	131750000	132000000	0.825644
chr10	132000000	132250000	0.910373
chr10	132250000	132500000	0.974967
chr10	132500000	132750000	0.962452
chr10	132750000	133000000	0.939634
chr10	133000000	133250000	0.999404
chr10	133250000	133500000	1.08481
chr10	133500000	133750000	nan
chr10	133750000	133797422	nan
#bedGraph section chr11:0-135086622
chr11	0	250000	nan
chr11	250000	500000	1.60239
chr11	500000	750000	1.65866
chr11	750000	1000000	1.65266
chr11	1000000	1250000	nan
chr11	1250000	1500000	nan
chr11	1500000	1750000	1.67194
chr11	1750000	2000000	nan
chr11	2000000	2250000	nan
chr11	2250000	2500000	1.37422
chr11	2500000	2750000	1.35511
chr11	2750000	3000000	1.45386
chr11	3000000	3250000	1.39374
chr11	3250000	3500000	nan
chr11	3500000	3750000	0.906598
chr11	3750000	4000000	0.281903
chr11	4000000	4250000	-0.182625
chr11	4250000	4500000	nan
chr11	4500000	4750000	-0.597151
chr11	4750000	5000000	-0.788485
chr11	5000000	5250000	-0.643487
chr11	5250000	5500000	-0.612001
chr11	5500000	5750000	-0.579971
chr11	5750000	6000000	-0.598359
chr11	6000000	6250000	-0.418782
chr11	6250000	6500000	-0.0188554
chr11	6500000	6750000	0.060154
chr11	6750000	7000000	-0.449563
chr11	7000000	7250000	-0.486357
chr11	7250000	7500000	-0.482185
chr11	7500000	7750000	-0.309989
chr11	7750000	8000000	-0.246565
chr11	8000000	8250000	0.247708
chr11	8250000	8500000	0.435707
chr11	8500000	8750000	0.627822
chr11	8750000	9000000	0.739731
chr11	9000000	9250000	0.86857
chr11	9250000	9500000	0.941938
chr11	9500000	9750000	0.814667
chr11	9750000	10000000	0.647619
chr11	10000000	10250000	0.663748
chr11	10250000	10500000	0.710385
chr11	10500000	10750000	0.682499
chr11	10750000	11000000	0.744651
chr11	11000000	11250000	0.519583
chr11	11250000	11500000	0.526505
chr11	11500000	11750000	0.483253
chr11	11750000	12000000	0.448506
chr11	12000000	12250000	0.452858
chr11	12250000	12500000	0.310651
chr11	12500000	12750000	0.381233
chr11	12750000	13000000	0.367325
chr11	13000000	13250000	0.198324
chr11	13250000	13500000	0.181188
chr11	13500000	13750000	0.0530952
chr11	13750000	14000000	0.0639881
chr11	14000000	14250000	0.0828621
chr11	14250000	14500000	0.338989
chr11	14500000	14750000	-0.296316
chr11	14750000	15000000	-0.406462
chr11	15000000	15250000	-0.417965
chr11	15250000	15500000	-0.490365
chr11	15500000	15750000	-0.473277
chr11	15750000	16000000	-0.41757
chr11	16000000	16250000	-0.569002
chr11	16250000	16500000	-0.619513
chr11	16500000	16750000	-0.413717
chr11	16750000	17000000	0.16353
chr11	17000000	17250000	0.490797
chr11	17250000	17500000	0.525813
chr11	17500000	17750000	0.575092
chr11	17750000	18000000	0.591388
chr11	18000000	18250000	0.59924
chr11	18250000	18500000	0.703933
chr11	18500000	18750000	0.579469
chr11	18750000	19000000	0.283438
chr11	19000000	19250000	0.213849
chr11	19250000	19500000	0.189921
chr11	19500000	19750000	0.210152
chr11	19750000	20000000	0.249576
chr11	20000000	20250000	0.099643
chr11	20250000	20500000	-0.113906
chr11	20500000	20750000	-0.380875
chr11	20750000	21000000	-0.591171
chr11	21000000	21250000	-0.624465
chr11	21250000	21500000	-0.656066
chr11	21500000	21750000	-0.65545
chr11	21750000	22000000	-0.665044
chr11	22000000	22250000	-0.569744
chr11	22250000	22500000	-0.52593
chr11	22500000	22750000	-0.533752
chr11	22750000	23000000	-0.474058
chr11	23000000	23250000	-0.502766
chr11	23250000	23500000	-0.537166
chr11	23500000	23750000	-0.470802
chr11	23750000	24000000	-0.469706
chr11	24000000	24250000	-0.509465
chr11	24250000	24500000	-0.447214
chr11	24500000	24750000	-0.445551
chr11	24750000	25000000	-0.474076
chr11	25000000	25250000	-0.500521
chr11	25250000	25500000	-0.518649
chr11	25500000	25750000	-0.489036
chr11	25750000	26000000	-0.491091
chr11	26000000	26250000	-0.532248
chr11	26250000	26500000	-0.551844
chr11	26500000	26750000	-0.557758
chr11	26750000	27000000	-0.616388
chr11	27000000	27250000	-0.469694
chr11	27250000	27500000	-0.120177
chr11	27500000	27750000	-0.16087
chr11	27750000	28000000	-0.410474
chr11	28000000	28250000	-0.373049
chr11	28250000	28500000	-0.480017
chr11	28500000	28750000	-0.461544
chr11	28750000	29000000	-0.505497
chr11	29000000	29250000	-0.534286
chr11	29250000	29500000	-0.455346
chr11	29500000	29750000	-0.606605
chr11	29750000	30000000	-0.610393
chr11	30000000	30250000	-0.535642
chr11	30250000	30500000	-0.334663
chr11	30500000	30750000	-0.337109
chr11	30750000	31000000	-0.436998
chr11	31000000	31250000	-0.457392
chr11	31250000	31500000	-0.281284
chr11	31500000	31750000	-0.276916
chr11	31750000	32000000	-0.107117
chr11	32000000	32250000	-0.0446008
chr11	32250000	32500000	0.204475
chr11	32500000	32750000	0.315025
chr11	32750000	33000000	0.569759
chr11	33000000	33250000	0.710719
chr11	33250000	33500000	0.651462
chr11	33500000	33750000	0.663952
chr11	33750000	34000000	0.660269
chr11	34000000	34250000	0.79708
chr11	34250000	34500000	0.447936
chr11	34500000	34750000	0.0860878
chr11	34750000	35000000	0.0767163
chr11	35000000	35250000	0.0585204
chr11	35250000	35500000	0.0234523
chr11	35500000	35750000	0.0542693
chr11	35750000	36000000	0.103484
chr11	36000000	36250000	0.10405
chr11	36250000	36500000	-0.0504769
chr11	36500000	36750000	-0.399122
chr11	36750000	37000000	-0.548208
chr11	37000000	37250000	-0.582699
chr11	37250000	37500000	-0.52864
chr11	37500000	37750000	-0.451303
chr11	37750000	38000000	-0.420197
chr11	38000000	38250000	-0.392134
chr11	38250000	38500000	-0.403864
chr11	38500000	38750000	-0.420914
chr11	38750000	39000000	-0.388429
chr11	39000000	39250000	-0.446313
chr11	39250000	39500000	-0.405733
chr11	39500000	39750000	-0.446675
chr11	39750000	40000000	-0.426011
chr11	40000000	40250000	-0.321622
chr11	40250000	40500000	-0.388851
chr11	40500000	40750000	-0.411319
chr11	40750000	41000000	-0.377737
chr11	41000000	41250000	-0.321818
chr11	41250000	41500000	-0.329654
chr11	41500000	41750000	-0.411995
chr11	41750000	42000000	-0.48371
chr11	42000000	42250000	-0.52306
chr11	42250000	42500000	-0.486966
chr11	42500000	42750000	-0.46184
chr11	42750000	43000000	-0.563053
chr11	43000000	43250000	-0.560714
chr11	43250000	43500000	-0.0310172
chr11	43500000	43750000	0.318562
chr11	43750000	44000000	0.523191
chr11	44000000	44250000	0.674525
chr11	44250000	44500000	0.805202
chr11	44500000	44750000	0.875632
chr11	44750000	45000000	0.972031
chr11	45000000	45250000	0.985418
chr11	45250000	45500000	1.00777
chr11	45500000	45750000	1.06288
chr11	45750000	46000000	1.15341
chr11	46000000	46250000	1.12856
chr11	46250000	46500000	1.18745
chr11	46500000	46750000	1.02915
chr11	46750000	47000000	1.01028
chr11	47000000	47250000	0.996622
chr11	47250000	47500000	1.02199
chr11	47500000	47750000	0.838225
chr11	47750000	48000000	0.498879
chr11	48000000	48250000	0.128919
chr11	48250000	48500000	nan
chr11	48500000	48750000	nan
chr11	48750000	49000000	nan
chr11	49000000	49250000	-0.29435
chr11	49250000	49500000	-0.232171
chr11	49500000	49750000	nan
chr11	49750000	50000000	nan
chr11	50000000	50250000	nan
chr11	50250000	50500000	nan
chr11	50500000	50750000	nan
chr11	50750000	51000000	nan
chr11	51000000	51250000	nan
chr11	51250000	51500000	nan
chr11	51500000	51750000	nan
chr11	51750000	52000000	nan
chr11	52000000	52250000	nan
chr11	52250000	52500000	nan
chr11	52500000	52750000	nan
chr11	52750000	53000000	nan
chr11	53000000	53250000	nan
chr11	53250000	53500000	nan
chr11	53500000	53750000	nan
chr11	53750000	54000000	nan
chr11	54000000	54250000	nan
chr11	54250000	54500000	nan
chr11	54500000	54750000	nan
chr11	54750000	55000000	nan
chr11	55000000	55250000	nan
chr11	55250000	55500000	nan
chr11	55500000	55750000	nan
chr11	55750000	56000000	-0.210274
chr11	56000000	56250000	-0.261625
chr11	56250000	56500000	-0.286308
chr11	56500000	56750000	-0.229103
chr11	56750000	57000000	-0.218502
chr11	57000000	57250000	-0.090864
chr11	57250000	57500000	0.427857
chr11	57500000	57750000	0.52555
chr11	57750000	58000000	0.0377484
chr11	58000000	58250000	-0.174919
chr11	58250000	58500000	-0.234387
chr11	58500000	58750000	-0.0942281
chr11	58750000	59000000	-0.183909
chr11	59000000	59250000	-0.0995744
chr11	59250000	59500000	-0.209676
chr11	59500000	59750000	0.100347
chr11	59750000	60000000	-0.10438
chr11	60000000	60250000	-0.217554
chr11	60250000	60500000	-0.181693
chr11	60500000	60750000	-0.107925
chr11	60750000	61000000	0.568226
chr11	61000000	61250000	0.838342
chr11	61250000	61500000	1.044
chr11	61500000	61750000	1.1233
chr11	61750000	62000000	1.02957
chr11	62000000	62250000	0.928372
chr11	62250000	62500000	0.918334
chr11	62500000	62750000	0.919197
chr11	62750000	63000000	0.753652
chr11	63000000	63250000	0.610734
chr11	63250000	63500000	0.61699
chr11	63500000	63750000	0.647578
chr11	63750000	64000000	0.796115
chr11	64000000	64250000	0.869208
chr11	64250000	64500000	0.834464
chr11	64500000	64750000	0.88315
chr11	64750000	65000000	0.763028
chr11	65000000	65250000	0.755965
chr11	65250000	65500000	0.765604
chr11	65500000	65750000	0.706279
chr11	65750000	66000000	0.735014
chr11	66000000	66250000	0.769377
chr11	66250000	66500000	0.735911
chr11	66500000	66750000	0.740828
chr11	66750000	67000000	0.753744
chr11	67000000	67250000	0.788851
chr11	67250000	67500000	0.808463
chr11	67500000	67750000	0.862229
chr11	67750000	68000000	0.860562
chr11	68000000	68250000	0.85849
chr11	68250000	68500000	0.806249
chr11	68500000	68750000	0.818654
chr11	68750000	69000000	0.769221
chr11	69000000	69250000	0.759968
chr11	69250000	69500000	0.846189
chr11	69500000	69750000	0.787546
chr11	69750000	70000000	0.851226
chr11	70000000	70250000	0.880589
chr11	70250000	70500000	0.848778
chr11	70500000	70750000	0.802819
chr11	70750000	71000000	0.702796
chr11	71000000	71250000	0.796333
chr11	71250000	71500000	0.765858
chr11	71500000	71750000	0.883067
chr11	71750000	72000000	0.938526
chr11	72000000	72250000	1.04966
chr11	72250000	72500000	0.997306
chr11	72500000	72750000	1.05433
chr11	72750000	73000000	0.844899
chr11	73000000	73250000	0.823211
chr11	73250000	73500000	0.894197
chr11	73500000	73750000	0.841739
chr11	73750000	74000000	0.815321
chr11	74000000	74250000	0.775502
chr11	74250000	74500000	0.735148
chr11	74500000	74750000	0.75009
chr11	74750000	75000000	0.765912
chr11	75000000	75250000	0.84024
chr11	75250000	75500000	0.993538
chr11	75500000	75750000	0.910896
chr11	75750000	76000000	0.667089
chr11	76000000	76250000	0.674845
chr11	76250000	76500000	0.755487
chr11	76500000	76750000	0.746515
chr11	76750000	77000000	0.734721
chr11	77000000	77250000	0.727505
chr11	77250000	77500000	0.776741
chr11	77500000	77750000	0.68765
chr11	77750000	78000000	0.670469
chr11	78000000	78250000	0.534397
chr11	78250000	78500000	0.286833
chr11	78500000	78750000	0.01775
chr11	78750000	79000000	-0.137799
chr11	79000000	79250000	-0.229426
chr11	79250000	79500000	-0.30077
chr11	79500000	79750000	-0.500131
chr11	79750000	80000000	-0.647156
chr11	80000000	80250000	-0.597477
chr11	80250000	80500000	-0.597049
chr11	80500000	80750000	-0.614075
chr11	80750000	81000000	-0.6357
chr11	81000000	81250000	-0.618847
chr11	81250000	81500000	-0.656063
chr11	81500000	81750000	-0.621444
chr11	81750000	82000000	-0.72267
chr11	82000000	82250000	-0.653938
chr11	82250000	82500000	-0.66926
chr11	82500000	82750000	-0.575157
chr11	82750000	83000000	-0.29993
chr11	83000000	83250000	-0.0972534
chr11	83250000	83500000	-0.460183
chr11	83500000	83750000	-0.486978
chr11	83750000	84000000	-0.535474
chr11	84000000	84250000	-0.640539
chr11	84250000	84500000	-0.535709
chr11	84500000	84750000	-0.451296
chr11	84750000	85000000	-0.519306
chr11	85000000	85250000	-0.538834
chr11	85250000	85500000	-0.48302
chr11	85500000	85750000	-0.186637
chr11	85750000	86000000	-0.0261214
chr11	86000000	86250000	0.115939
chr11	86250000	86500000	-0.108799
chr11	86500000	86750000	-0.317795
chr11	86750000	87000000	-0.34175
chr11	87000000	87250000	-0.364258
chr11	87250000	87500000	-0.446873
chr11	87500000	87750000	-0.622732
chr11	87750000	88000000	-0.581236
chr11	88000000	88250000	-0.531595
chr11	88250000	88500000	-0.452892
chr11	88500000	88750000	-0.58463
chr11	88750000	89000000	-0.642981
chr11	89000000	89250000	-0.606659
chr11	89250000	89500000	-0.54889
chr11	89500000	89750000	-0.527411
chr11	89750000	90000000	nan
chr11	90000000	90250000	-0.531389
chr11	90250000	90500000	-0.632585
chr11	90500000	90750000	-0.710905
chr11	90750000	91000000	-0.687789
chr11	91000000	91250000	-0.696604
chr11	91250000	91500000	-0.671032
chr11	91500000	91750000	-0.67674
chr11	91750000	92000000	-0.64586
chr11	92000000	92250000	-0.356712
chr11	92250000	92500000	-0.176815
chr11	92500000	92750000	-0.339835
chr11	92750000	93000000	-0.263426
chr11	93000000	93250000	-0.0740885
chr11	93250000	93500000	0.0236837
chr11	93500000	93750000	0.229465
chr11	93750000	94000000	0.27365
chr11	94000000	94250000	0.078018
chr11	94250000	94500000	0.124786
chr11	94500000	94750000	0.111441
chr11	94750000	95000000	0.115431
chr11	95000000	95250000	-0.112276
chr11	95250000	95500000	-0.176458
chr11	95500000	95750000	-0.26415
chr11	95750000	96000000	-0.0528936
chr11	96000000	96250000	0.0761345
chr11	96250000	96500000	-0.130243
chr11	96500000	96750000	-0.589625
chr11	96750000	97000000	-0.682258
chr11	97000000	97250000	-0.606134
chr11	97250000	97500000	-0.59185
chr11	97500000	97750000	-0.54172
chr11	97750000	98000000	-0.542423
chr11	98000000	98250000	-0.551237
chr11	98250000	98500000	-0.511453
chr11	98500000	98750000	-0.559057
chr11	98750000	99000000	-0.553602
chr11	99000000	99250000	-0.502604
chr11	99250000	99500000	-0.565108
chr11	99500000	99750000	-0.544879
chr11	99750000	100000000	-0.571105
chr11	100000000	100250000	-0.623097
chr11	100250000	100500000	-0.61765
chr11	100500000	100750000	-0.373075
chr11	100750000	101000000	-0.340429
chr11	101000000	101250000	-0.629935
chr11	101250000	101500000	-0.612867
chr11	101500000	101750000	-0.630748
chr11	101750000	102000000	-0.555221
chr11	102000000	102250000	-0.149505
chr11	102250000	102500000	-0.242896
chr11	102500000	102750000	-0.473862
chr11	102750000	103000000	-0.556257
chr11	103000000	103250000	-0.503017
chr11	103250000	103500000	-0.651862
chr11	103500000	103750000	-0.600902
chr11	103750000	104000000	-0.633733
chr11	104000000	104250000	-0.585861
chr11	104250000	104500000	-0.513266
chr11	104500000	104750000	-0.35042
chr11	104750000	105000000	-0.384428
chr11	105000000	105250000	-0.517337
chr11	105250000	105500000	-0.551044
chr11	105500000	105750000	-0.563741
chr11	105750000	106000000	-0.505694
chr11	106000000	106250000	-0.515487
chr11	106250000	106500000	-0.684962
chr11	106500000	106750000	-0.677723
chr11	106750000	107000000	-0.587434
chr11	107000000	107250000	-0.6693
chr11	107250000	107500000	-0.520264
chr11	107500000	107750000	-0.235934
chr11	107750000	108000000	0.116747
chr11	108000000	108250000	0.419705
chr11	108250000	108500000	0.138305
chr11	108500000	108750000	-0.0842656
chr11	108750000	109000000	-0.400659
chr11	109000000	109250000	-0.650276
chr11	109250000	109500000	-0.695714
chr11	109500000	109750000	-0.694828
chr11	109750000	110000000	-0.635316
chr11	110000000	110250000	-0.512235
chr11	110250000	110500000	-0.432012
chr11	110500000	110750000	-0.659278
chr11	110750000	111000000	-0.700284
chr11	111000000	111250000	-0.709098
chr11	111250000	111500000	-0.499543
chr11	111500000	111750000	-0.0722775
chr11	111750000	112000000	0.190781
chr11	112000000	112250000	0.297059
chr11	112250000	112500000	0.130909
chr11	112500000	112750000	0.0955758
chr11	112750000	113000000	0.105073
chr11	113000000	113250000	0.0766302
chr11	113250000	113500000	0.22118
chr11	113500000	113750000	0.284268
chr11	113750000	114000000	0.549332
chr11	114000000	114250000	0.451405
chr11	114250000	114500000	0.294286
chr11	114500000	114750000	0.148713
chr11	114750000	115000000	0.143038
chr11	115000000	115250000	0.171656
chr11	115250000	115500000	0.166552
chr11	115500000	115750000	0.251603
chr11	115750000	116000000	0.219704
chr11	116000000	116250000	0.356429
chr11	116250000	116500000	0.616237
chr11	116500000	116750000	0.689299
chr11	116750000	117000000	1.06276
chr11	117000000	117250000	1.16971
chr11	117250000	117500000	1.14911
chr11	117500000	117750000	1.20305
chr11	117750000	118000000	1.16017
chr11	118000000	118250000	1.12884
chr11	118250000	118500000	1.24038
chr11	118500000	118750000	1.33043
chr11	118750000	119000000	1.4439
chr11	119000000	119250000	1.55849
chr11	119250000	119500000	1.3614
chr11	119500000	119750000	1.15109
chr11	119750000	120000000	1.14755
chr11	120000000	120250000	1.01387
chr11	120250000	120500000	0.905326
chr11	120500000	120750000	0.828558
chr11	120750000	121000000	0.747404
chr11	121000000	121250000	0.62308
chr11	121250000	121500000	0.571512
chr11	121500000	121750000	0.369178
chr11	121750000	122000000	0.264511
chr11	122000000	122250000	0.247026
chr11	122250000	122500000	0.271169
chr11	122500000	122750000	0.388844
chr11	122750000	123000000	0.524085
chr11	123000000	123250000	0.561267
chr11	123250000	123500000	0.357812
chr11	123500000	123750000	0.0848773
chr11	123750000	124000000	-0.367321
chr11	124000000	124250000	-0.394751
chr11	124250000	124500000	-0.440019
chr11	124500000	124750000	-0.211875
chr11	124750000	125000000	0.0997644
chr11	125000000	125250000	0.323477
chr11	125250000	125500000	0.419179
chr11	125500000	125750000	0.5678
chr11	125750000	126000000	0.473527
chr11	126000000	126250000	0.599
chr11	126250000	126500000	0.264876
chr11	126500000	126750000	-0.111796
chr11	126750000	127000000	-0.293259
chr11	127000000	127250000	-0.515725
chr11	127250000	127500000	-0.610165
chr11	127500000	127750000	-0.679038
chr11	127750000	128000000	-0.662517
chr11	128000000	128250000	-0.58929
chr11	128250000	128500000	-0.567263
chr11	128500000	128750000	-0.263535
chr11	128750000	129000000	-0.187393
chr11	129000000	129250000	-0.173043
chr11	129250000	129500000	-0.178618
chr11	129500000	129750000	-0.221953
chr11	129750000	130000000	0.21623
chr11	130000000	130250000	0.377629
chr11	130250000	130500000	0.314498
chr11	130500000	130750000	0.128826
chr11	130750000	131000000	0.0645527
chr11	131000000	131250000	0.0259338
chr11	131250000	131500000	0.0789029
chr11	131500000	131750000	0.000463039
chr11	131750000	132000000	-0.0147707
chr11	132000000	132250000	-0.0686976
chr11	132250000	132500000	-0.109715
chr11	132500000	132750000	-0.112242
chr11	132750000	133000000	-0.034799
chr11	133000000	133250000	0.135898
chr11	133250000	133500000	0.296331
chr11	133500000	133750000	0.350041
chr11	133750000	134000000	0.619481
chr11	134000000	134250000	1.10259
chr11	134250000	134500000	1.22482
chr11	134500000	134750000	1.08345
chr11	134750000	135000000	0.878149
chr11	135000000	135086622	nan
#bedGraph section chr12:0-133275309
chr12	0	250000	0.734699
chr12	250000	500000	0.940811
chr12	500000	750000	0.838661
chr12	750000	1000000	0.774731
chr12	1000000	1250000	0.656922
chr12	1250000	1500000	0.633437
chr12	1500000	1750000	0.632477
chr12	1750000	2000000	0.684291
chr12	2000000	2250000	0.665438
chr12	2250000	2500000	0.705818
chr12	2500000	2750000	0.764009
chr12	2750000	3000000	1.04202
chr12	3000000	3250000	0.910747
chr12	3250000	3500000	0.717877
chr12	3500000	3750000	0.678647
chr12	3750000	4000000	0.608266
chr12	4000000	4250000	0.714332
chr12	4250000	4500000	0.608061
chr12	4500000	4750000	0.65383
chr12	4750000	5000000	0.561665
chr12	5000000	5250000	0.501969
chr12	5250000	5500000	0.548417
chr12	5500000	5750000	0.566736
chr12	5750000	6000000	0.713474
chr12	6000000	6250000	0.987335
chr12	6250000	6500000	1.31159
chr12	6500000	6750000	1.38236
chr12	6750000	7000000	1.37556
chr12	7000000	7250000	1.13686
chr12	7250000	7500000	0.864104
chr12	7500000	7750000	0.823947
chr12	7750000	8000000	0.914619
chr12	8000000	8250000	0.832422
chr12	8250000	8500000	0.732743
chr12	8500000	8750000	0.698191
chr12	8750000	9000000	0.751864
chr12	9000000	9250000	0.442406
chr12	9250000	9500000	0.557538
chr12	9500000	9750000	0.301634
chr12	9750000	10000000	0.10879
chr12	10000000	10250000	0.0621425
chr12	10250000	10500000	-0.035937
chr12	10500000	10750000	0.0318591
chr12	10750000	11000000	-0.0974345
chr12	11000000	11250000	-0.0439963
chr12	11250000	11500000	-0.0510772
chr12	11500000	11750000	0.229908
chr12	11750000	12000000	0.255351
chr12	12000000	12250000	0.43829
chr12	12250000	12500000	0.50135
chr12	12500000	12750000	0.544357
chr12	12750000	13000000	0.270011
chr12	13000000	13250000	0.133713
chr12	13250000	13500000	-0.0933648
chr12	13500000	13750000	-0.0922704
chr12	13750000	14000000	-0.0899993
chr12	14000000	14250000	-0.0722596
chr12	14250000	14500000	0.240407
chr12	14500000	14750000	0.0772553
chr12	14750000	15000000	-0.307682
chr12	15000000	15250000	-0.473323
chr12	15250000	15500000	-0.515613
chr12	15500000	15750000	-0.437405
chr12	15750000	16000000	-0.365415
chr12	16000000	16250000	-0.439406
chr12	16250000	16500000	-0.45169
chr12	16500000	16750000	-0.471876
chr12	16750000	17000000	-0.459393
chr12	17000000	17250000	-0.484445
chr12	17250000	17500000	-0.508418
chr12	17500000	17750000	-0.498592
chr12	17750000	18000000	-0.514178
chr12	18000000	18250000	-0.441564
chr12	18250000	18500000	-0.344263
chr12	18500000	18750000	-0.316737
chr12	18750000	19000000	-0.206913
chr12	19000000	19250000	-0.0990587
chr12	19250000	19500000	0.0436529
chr12	19500000	19750000	-0.190527
chr12	19750000	20000000	-0.399082
chr12	20000000	20250000	-0.404871
chr12	20250000	20500000	-0.356495
chr12	20500000	20750000	-0.373784
chr12	20750000	21000000	-0.463603
chr12	21000000	21250000	-0.455457
chr12	21250000	21500000	-0.384175
chr12	21500000	21750000	-0.292282
chr12	21750000	22000000	-0.427674
chr12	22000000	22250000	-0.334394
chr12	22250000	22500000	-0.302395
chr12	22500000	22750000	-0.200198
chr12	22750000	23000000	-0.314398
chr12	23000000	23250000	-0.340394
chr12	23250000	23500000	-0.368982
chr12	23500000	23750000	-0.341828
chr12	23750000	24000000	-0.341982
chr12	24000000	24250000	-0.296811
chr12	24250000	24500000	-0.293206
chr12	24500000	24750000	-0.294192
chr12	24750000	25000000	-0.0560768
chr12	25000000	25250000	-0.0795381
chr12	25250000	25500000	-0.0607521
chr12	25500000	25750000	-0.0984912
chr12	25750000	26000000	-0.0408643
chr12	26000000	26250000	0.0317636
chr12	26250000	26500000	0.0686808
chr12	26500000	26750000	0.189168
chr12	26750000	27000000	0.320744
chr12	27000000	27250000	0.297372
chr12	27250000	27500000	0.238097
chr12	27500000	27750000	0.136948
chr12	27750000	28000000	0.0248237
chr12	28000000	28250000	-0.0704826
chr12	28250000	28500000	-0.0172556
chr12	28500000	28750000	-0.0926924
chr12	28750000	29000000	-0.105111
chr12	29000000	29250000	-0.0708927
chr12	29250000	29500000	-0.0476845
chr12	29500000	29750000	-0.0126784
chr12	29750000	30000000	-0.0462557
chr12	30000000	30250000	-0.0666776
chr12	30250000	30500000	-0.0430658
chr12	30500000	30750000	0.0932219
chr12	30750000	31000000	0.294475
chr12	31000000	31250000	0.578367
chr12	31250000	31500000	0.651653
chr12	31500000	31750000	0.529964
chr12	31750000	32000000	0.563147
chr12	32000000	32250000	0.671983
chr12	32250000	32500000	0.641103
chr12	32500000	32750000	0.637895
chr12	32750000	33000000	0.0881441
chr12	33000000	33250000	-0.101766
chr12	33250000	33500000	-0.121819
chr12	33500000	33750000	-0.10941
chr12	33750000	34000000	-0.122334
chr12	34000000	34250000	-0.0408731
chr12	34250000	34500000	nan
chr12	34500000	34750000	nan
chr12	34750000	35000000	nan
chr12	35000000	35250000	nan
chr12	35250000	35500000	nan
chr12	35500000	35750000	nan
chr12	35750000	36000000	nan
chr12	36000000	36250000	nan
chr12	36250000	36500000	nan
chr12	36500000	36750000	nan
chr12	36750000	37000000	nan
chr12	37000000	37250000	nan
chr12	37250000	37500000	nan
chr12	37500000	37750000	nan
chr12	37750000	38000000	nan
chr12	38000000	38250000	nan
chr12	38250000	38500000	-0.161316
chr12	38500000	38750000	-0.210979
chr12	38750000	39000000	-0.148951
chr12	39000000	39250000	-0.175122
chr12	39250000	39500000	-0.105426
chr12	39500000	39750000	-0.196541
chr12	39750000	40000000	-0.267947
chr12	40000000	40250000	-0.295259
chr12	40250000	40500000	-0.411704
chr12	40500000	40750000	-0.394357
chr12	40750000	41000000	-0.383932
chr12	41000000	41250000	-0.41602
chr12	41250000	41500000	-0.36198
chr12	41500000	41750000	-0.347169
chr12	41750000	42000000	-0.343354
chr12	42000000	42250000	-0.232596
chr12	42250000	42500000	-0.101005
chr12	42500000	42750000	-0.233842
chr12	42750000	43000000	-0.334463
chr12	43000000	43250000	-0.389784
chr12	43250000	43500000	-0.352242
chr12	43500000	43750000	-0.382847
chr12	43750000	44000000	-0.284215
chr12	44000000	44250000	-0.448156
chr12	44250000	44500000	-0.3914
chr12	44500000	44750000	-0.372264
chr12	44750000	45000000	-0.324421
chr12	45000000	45250000	-0.180212
chr12	45250000	45500000	-0.11517
chr12	45500000	45750000	-0.047883
chr12	45750000	46000000	0.208768
chr12	46000000	46250000	0.222908
chr12	46250000	46500000	0.312739
chr12	46500000	46750000	0.153456
chr12	46750000	47000000	0.0786246
chr12	47000000	47250000	0.243797
chr12	47250000	47500000	0.259378
chr12	47500000	47750000	0.518186
chr12	47750000	48000000	1.02498
chr12	48000000	48250000	0.989228
chr12	48250000	48500000	0.864039
chr12	48500000	48750000	1.10352
chr12	48750000	49000000	1.38804
chr12	49000000	49250000	1.41231
chr12	49250000	49500000	1.32835
chr12	49500000	49750000	1.34894
chr12	49750000	50000000	1.36879
chr12	50000000	50250000	1.21916
chr12	50250000	50500000	1.06565
chr12	50500000	50750000	0.972889
chr12	50750000	51000000	0.958404
chr12	51000000	51250000	1.08116
chr12	51250000	51500000	0.930658
chr12	51500000	51750000	0.973669
chr12	51750000	52000000	1.0333
chr12	52000000	52250000	1.05537
chr12	52250000	52500000	1.01066
chr12	52500000	52750000	1.0583
chr12	52750000	53000000	1.00442
chr12	53000000	53250000	1.28536
chr12	53250000	53500000	1.37509
chr12	53500000	53750000	1.21842
chr12	53750000	54000000	1.01782
chr12	54000000	54250000	1.07264
chr12	54250000	54500000	0.850944
chr12	54500000	54750000	0.59385
chr12	54750000	55000000	0.394051
chr12	55000000	55250000	0.375334
chr12	55250000	55500000	0.365945
chr12	55500000	55750000	0.565251
chr12	55750000	56000000	1.18751
chr12	56000000	56250000	1.3085
chr12	56250000	56500000	1.37651
chr12	56500000	56750000	1.3416
chr12	56750000	57000000	1.29445
chr12	57000000	57250000	1.34783
chr12	57250000	57500000	1.45476
chr12	57500000	57750000	1.30666
chr12	57750000	58000000	0.270091
chr12	58000000	58250000	-0.558356
chr12	58250000	58500000	-0.580611
chr12	58500000	58750000	-0.652607
chr12	58750000	59000000	-0.655015
chr12	59000000	59250000	-0.570495
chr12	59250000	59500000	-0.534145
chr12	59500000	59750000	-0.713253
chr12	59750000	60000000	-0.632096
chr12	60000000	60250000	-0.663067
chr12	60250000	60500000	-0.647507
chr12	60500000	60750000	-0.645344
chr12	60750000	61000000	-0.677499
chr12	61000000	61250000	-0.674987
chr12	61250000	61500000	-0.645962
chr12	61500000	61750000	-0.641617
chr12	61750000	62000000	-0.687635
chr12	62000000	62250000	-0.610706
chr12	62250000	62500000	-0.471332
chr12	62500000	62750000	-0.187479
chr12	62750000	63000000	-0.343653
chr12	63000000	63250000	-0.560946
chr12	63250000	63500000	-0.656718
chr12	63500000	63750000	-0.600961
chr12	63750000	64000000	-0.387402
chr12	64000000	64250000	-0.391422
chr12	64250000	64500000	-0.0137716
chr12	64500000	64750000	0.315914
chr12	64750000	65000000	0.0627047
chr12	65000000	65250000	0.0654329
chr12	65250000	65500000	-0.10596
chr12	65500000	65750000	-0.0268431
chr12	65750000	66000000	0.0427021
chr12	66000000	66250000	-0.0330457
chr12	66250000	66500000	-0.0103537
chr12	66500000	66750000	-0.0698435
chr12	66750000	67000000	-0.107806
chr12	67000000	67250000	-0.114843
chr12	67250000	67500000	-0.0278193
chr12	67500000	67750000	-0.0245074
chr12	67750000	68000000	-0.105915
chr12	68000000	68250000	-0.0873408
chr12	68250000	68500000	0.101676
chr12	68500000	68750000	0.325183
chr12	68750000	69000000	0.478624
chr12	69000000	69250000	0.443217
chr12	69250000	69500000	0.461593
chr12	69500000	69750000	0.167192
chr12	69750000	70000000	-0.232891
chr12	70000000	70250000	-0.282332
chr12	70250000	70500000	-0.175086
chr12	70500000	70750000	-0.318338
chr12	70750000	71000000	-0.500744
chr12	71000000	71250000	-0.538116
chr12	71250000	71500000	-0.544674
chr12	71500000	71750000	-0.346787
chr12	71750000	72000000	-0.37619
chr12	72000000	72250000	-0.587411
chr12	72250000	72500000	-0.618848
chr12	72500000	72750000	-0.641309
chr12	72750000	73000000	-0.645097
chr12	73000000	73250000	-0.627308
chr12	73250000	73500000	-0.620685
chr12	73500000	73750000	-0.639376
chr12	73750000	74000000	-0.65684
chr12	74000000	74250000	-0.700425
chr12	74250000	74500000	-0.707931
chr12	74500000	74750000	-0.718806
chr12	74750000	75000000	-0.805711
chr12	75000000	75250000	-0.815829
chr12	75250000	75500000	-0.613724
chr12	75500000	75750000	-0.262188
chr12	75750000	76000000	-0.16326
chr12	76000000	76250000	-0.102767
chr12	76250000	76500000	-0.127729
chr12	76500000	76750000	-0.107347
chr12	76750000	77000000	-0.149259
chr12	77000000	77250000	-0.485269
chr12	77250000	77500000	-0.62294
chr12	77500000	77750000	-0.61668
chr12	77750000	78000000	-0.663962
chr12	78000000	78250000	-0.652693
chr12	78250000	78500000	-0.654276
chr12	78500000	78750000	-0.533919
chr12	78750000	79000000	-0.429378
chr12	79000000	79250000	-0.481021
chr12	79250000	79500000	-0.331626
chr12	79500000	79750000	0.161101
chr12	79750000	80000000	-0.0984384
chr12	80000000	80250000	-0.377791
chr12	80250000	80500000	-0.589266
chr12	80500000	80750000	-0.663458
chr12	80750000	81000000	-0.657663
chr12	81000000	81250000	-0.700345
chr12	81250000	81500000	-0.711926
chr12	81500000	81750000	-0.715635
chr12	81750000	82000000	-0.726551
chr12	82000000	82250000	-0.75615
chr12	82250000	82500000	-0.673156
chr12	82500000	82750000	-0.600676
chr12	82750000	83000000	-0.545595
chr12	83000000	83250000	-0.595806
chr12	83250000	83500000	-0.586647
chr12	83500000	83750000	-0.636536
chr12	83750000	84000000	-0.595384
chr12	84000000	84250000	-0.662204
chr12	84250000	84500000	-0.626814
chr12	84500000	84750000	-0.520508
chr12	84750000	85000000	-0.527227
chr12	85000000	85250000	-0.582857
chr12	85250000	85500000	-0.541305
chr12	85500000	85750000	-0.523597
chr12	85750000	86000000	-0.466318
chr12	86000000	86250000	-0.510212
chr12	86250000	86500000	-0.519953
chr12	86500000	86750000	-0.574285
chr12	86750000	87000000	-0.53811
chr12	87000000	87250000	-0.559777
chr12	87250000	87500000	-0.642816
chr12	87500000	87750000	-0.700949
chr12	87750000	88000000	-0.636644
chr12	88000000	88250000	-0.600331
chr12	88250000	88500000	-0.671618
chr12	88500000	88750000	-0.601521
chr12	88750000	89000000	-0.550152
chr12	89000000	89250000	-0.477588
chr12	89250000	89500000	-0.425353
chr12	89500000	89750000	-0.513888
chr12	89750000	90000000	-0.626138
chr12	90000000	90250000	-0.601537
chr12	90250000	90500000	-0.673308
chr12	90500000	90750000	-0.731913
chr12	90750000	91000000	-0.668391
chr12	91000000	91250000	-0.747606
chr12	91250000	91500000	-0.636052
chr12	91500000	91750000	-0.698065
chr12	91750000	92000000	-0.65392
chr12	92000000	92250000	-0.578538
chr12	92250000	92500000	-0.636651
chr12	92500000	92750000	-0.558834
chr12	92750000	93000000	-0.352171
chr12	93000000	93250000	-0.293046
chr12	93250000	93500000	-0.101777
chr12	93500000	93750000	0.204384
chr12	93750000	94000000	0.132886
chr12	94000000	94250000	0.230775
chr12	94250000	94500000	0.41795
chr12	94500000	94750000	0.370193
chr12	94750000	95000000	0.450856
chr12	95000000	95250000	0.765078
chr12	95250000	95500000	0.661198
chr12	95500000	95750000	0.58754
chr12	95750000	96000000	0.338131
chr12	96000000	96250000	0.0847064
chr12	96250000	96500000	-0.0123532
chr12	96500000	96750000	-0.433332
chr12	96750000	97000000	-0.489705
chr12	97000000	97250000	-0.432782
chr12	97250000	97500000	-0.373077
chr12	97500000	97750000	-0.426836
chr12	97750000	98000000	-0.532344
chr12	98000000	98250000	-0.508584
chr12	98250000	98500000	-0.359572
chr12	98500000	98750000	-0.13909
chr12	98750000	99000000	-0.502651
chr12	99000000	99250000	-0.66142
chr12	99250000	99500000	-0.722912
chr12	99500000	99750000	-0.717983
chr12	99750000	100000000	-0.679214
chr12	100000000	100250000	-0.359811
chr12	100250000	100500000	-0.367472
chr12	100500000	100750000	-0.423826
chr12	100750000	101000000	-0.445284
chr12	101000000	101250000	-0.421671
chr12	101250000	101500000	-0.202577
chr12	101500000	101750000	-0.299444
chr12	101750000	102000000	-0.335246
chr12	102000000	102250000	-0.521838
chr12	102250000	102500000	-0.610114
chr12	102500000	102750000	-0.584007
chr12	102750000	103000000	-0.481865
chr12	103000000	103250000	-0.631755
chr12	103250000	103500000	-0.608899
chr12	103500000	103750000	-0.460634
chr12	103750000	104000000	-0.0358054
chr12	104000000	104250000	0.226273
chr12	104250000	104500000	0.316505
chr12	104500000	104750000	0.255545
chr12	104750000	105000000	0.147211
chr12	105000000	105250000	0.389055
chr12	105250000	105500000	0.198853
chr12	105500000	105750000	0.125165
chr12	105750000	106000000	0.110904
chr12	106000000	106250000	0.125887
chr12	106250000	106500000	0.234059
chr12	106500000	106750000	0.299637
chr12	106750000	107000000	0.282919
chr12	107000000	107250000	0.315175
chr12	107250000	107500000	0.413022
chr12	107500000	107750000	0.502086
chr12	107750000	108000000	0.569723
chr12	108000000	108250000	0.682954
chr12	108250000	108500000	0.701159
chr12	108500000	108750000	0.865667
chr12	108750000	109000000	0.8658
chr12	109000000	109250000	0.900339
chr12	109250000	109500000	0.931357
chr12	109500000	109750000	1.06163
chr12	109750000	110000000	0.997249
chr12	110000000	110250000	0.964951
chr12	110250000	110500000	1.05074
chr12	110500000	110750000	0.893475
chr12	110750000	111000000	0.827295
chr12	111000000	111250000	0.884156
chr12	111250000	111500000	0.856117
chr12	111500000	111750000	0.898544
chr12	111750000	112000000	0.944531
chr12	112000000	112250000	0.991742
chr12	112250000	112500000	0.894827
chr12	112500000	112750000	0.85529
chr12	112750000	113000000	0.848311
chr12	113000000	113250000	0.926025
chr12	113250000	113500000	0.80083
chr12	113500000	113750000	0.724614
chr12	113750000	114000000	0.60076
chr12	114000000	114250000	0.408209
chr12	114250000	114500000	0.443909
chr12	114500000	114750000	0.247948
chr12	114750000	115000000	0.23017
chr12	115000000	115250000	0.197591
chr12	115250000	115500000	0.198144
chr12	115500000	115750000	0.218838
chr12	115750000	116000000	0.221424
chr12	116000000	116250000	0.142163
chr12	116250000	116500000	0.461654
chr12	116500000	116750000	0.491681
chr12	116750000	117000000	0.667565
chr12	117000000	117250000	0.598553
chr12	117250000	117500000	0.540861
chr12	117500000	117750000	0.527711
chr12	117750000	118000000	0.562364
chr12	118000000	118250000	0.693181
chr12	118250000	118500000	0.547577
chr12	118500000	118750000	0.536815
chr12	118750000	119000000	0.498757
chr12	119000000	119250000	0.634866
chr12	119250000	119500000	0.650198
chr12	119500000	119750000	0.82081
chr12	119750000	120000000	1.1418
chr12	120000000	120250000	1.24475
chr12	120250000	120500000	1.17298
chr12	120500000	120750000	1.02923
chr12	120750000	121000000	0.969126
chr12	121000000	121250000	0.927371
chr12	121250000	121500000	1.05665
chr12	121500000	121750000	1.07064
chr12	121750000	122000000	1.08945
chr12	122000000	122250000	1.08839
chr12	122250000	122500000	0.987254
chr12	122500000	122750000	0.987387
chr12	122750000	123000000	1.01368
chr12	123000000	123250000	0.99111
chr12	123250000	123500000	1.00048
chr12	123500000	123750000	1.00398
chr12	123750000	124000000	0.833212
chr12	124000000	124250000	0.775146
chr12	124250000	124500000	0.755321
chr12	124500000	124750000	0.78861
chr12	124750000	125000000	0.672423
chr12	125000000	125250000	0.335742
chr12	125250000	125500000	-0.0202463
chr12	125500000	125750000	-0.261991
chr12	125750000	126000000	-0.328409
chr12	126000000	126250000	-0.36146
chr12	126250000	126500000	-0.380996
chr12	126500000	126750000	-0.379605
chr12	126750000	127000000	-0.378493
chr12	127000000	127250000	-0.38097
chr12	127250000	127500000	-0.3428
chr12	127500000	127750000	-0.306746
chr12	127750000	128000000	-0.3566
chr12	128000000	128250000	-0.286902
chr12	128250000	128500000	-0.0956173
chr12	128500000	128750000	-0.0212092
chr12	128750000	129000000	0.124788
chr12	129000000	129250000	0.0711637
chr12	129250000	129500000	0.0384188
chr12	129500000	129750000	0.112389
chr12	129750000	130000000	0.162183
chr12	130000000	130250000	0.514032
chr12	130250000	130500000	0.627365
chr12	130500000	130750000	0.740262
chr12	130750000	131000000	0.938991
chr12	131000000	131250000	0.874418
chr12	131250000	131500000	0.972513
chr12	131500000	131750000	1.10253
chr12	131750000	132000000	1.28015
chr12	132000000	132250000	nan
chr12	132250000	132500000	nan
chr12	132500000	132750000	nan
chr12	132750000	133000000	1.43877
chr12	133000000	133250000	1.28259
chr12	133250000	133275309	nan
#bedGraph section chr13:0-114364328
chr13	0	250000	nan
chr13	250000	500000	nan
chr13	500000	750000	nan
chr13	750000	1000000	nan
chr13	1000000	1250000	nan
chr13	1250000	1500000	nan
chr13	1500000	1750000	nan
chr13	1750000	2000000	nan
chr13	2000000	2250000	nan
chr13	2250000	2500000	nan
chr13	2500000	2750000	nan
chr13	2750000	3000000	nan
chr13	3000000	3250000	nan
chr13	3250000	3500000	nan
chr13	3500000	3750000	nan
chr13	3750000	4000000	nan
chr13	4000000	4250000	nan
chr13	4250000	4500000	nan
chr13	4500000	4750000	nan
chr13	4750000	5000000	nan
chr13	5000000	5250000	nan
chr13	5250000	5500000	nan
chr13	5500000	5750000	nan
chr13	5750000	6000000	nan
chr13	6000000	6250000	nan
chr13	6250000	6500000	nan
chr13	6500000	6750000	nan
chr13	6750000	7000000	nan
chr13	7000000	7250000	nan
chr13	7250000	7500000	nan
chr13	7500000	7750000	nan
chr13	7750000	8000000	nan
chr13	8000000	8250000	nan
chr13	8250000	8500000	nan
chr13	8500000	8750000	nan
chr13	8750000	9000000	nan
chr13	9000000	9250000	nan
chr13	9250000	9500000	nan
chr13	9500000	9750000	nan
chr13	9750000	10000000	nan
chr13	10000000	10250000	nan
chr13	10250000	10500000	nan
chr13	10500000	10750000	nan
chr13	10750000	11000000	nan
chr13	11000000	11250000	nan
chr13	11250000	11500000	nan
chr13	11500000	11750000	nan
chr13	11750000	12000000	nan
chr13	12000000	12250000	nan
chr13	12250000	12500000	nan
chr13	12500000	12750000	nan
chr13	12750000	13000000	nan
chr13	13000000	13250000	nan
chr13	13250000	13500000	nan
chr13	13500000	13750000	nan
chr13	13750000	14000000	nan
chr13	14000000	14250000	nan
chr13	14250000	14500000	nan
chr13	14500000	14750000	nan
chr13	14750000	15000000	nan
chr13	15000000	15250000	nan
chr13	15250000	15500000	nan
chr13	15500000	15750000	nan
chr13	15750000	16000000	nan
chr13	16000000	16250000	nan
chr13	16250000	16500000	nan
chr13	16500000	16750000	nan
chr13	16750000	17000000	nan
chr13	17000000	17250000	nan
chr13	17250000	17500000	nan
chr13	17500000	17750000	nan
chr13	17750000	18000000	nan
chr13	18000000	18250000	nan
chr13	18250000	18500000	nan
chr13	18500000	18750000	nan
chr13	18750000	19000000	nan
chr13	19000000	19250000	nan
chr13	19250000	19500000	nan
chr13	19500000	19750000	0.698265
chr13	19750000	20000000	0.762015
chr13	20000000	20250000	0.824224
chr13	20250000	20500000	0.822565
chr13	20500000	20750000	0.775134
chr13	20750000	21000000	0.787793
chr13	21000000	21250000	0.80454
chr13	21250000	21500000	0.725977
chr13	21500000	21750000	0.568459
chr13	21750000	22000000	0.414174
chr13	22000000	22250000	0.395221
chr13	22250000	22500000	0.354484
chr13	22500000	22750000	0.321262
chr13	22750000	23000000	0.493388
chr13	23000000	23250000	0.422234
chr13	23250000	23500000	0.52093
chr13	23500000	23750000	0.583571
chr13	23750000	24000000	0.616337
chr13	24000000	24250000	0.693795
chr13	24250000	24500000	0.748128
chr13	24500000	24750000	0.745967
chr13	24750000	25000000	0.716981
chr13	25000000	25250000	0.744391
chr13	25250000	25500000	0.749463
chr13	25500000	25750000	0.624152
chr13	25750000	26000000	0.681146
chr13	26000000	26250000	0.648128
chr13	26250000	26500000	0.675873
chr13	26500000	26750000	0.716516
chr13	26750000	27000000	0.77477
chr13	27000000	27250000	0.812859
chr13	27250000	27500000	0.778439
chr13	27500000	27750000	0.763995
chr13	27750000	28000000	0.741917
chr13	28000000	28250000	0.690909
chr13	28250000	28500000	0.593914
chr13	28500000	28750000	0.538846
chr13	28750000	29000000	0.314475
chr13	29000000	29250000	0.273476
chr13	29250000	29500000	0.427719
chr13	29500000	29750000	0.556578
chr13	29750000	30000000	0.570712
chr13	30000000	30250000	0.641367
chr13	30250000	30500000	0.680636
chr13	30500000	30750000	0.711167
chr13	30750000	31000000	0.660391
chr13	31000000	31250000	0.553675
chr13	31250000	31500000	0.193424
chr13	31500000	31750000	0.147463
chr13	31750000	32000000	0.180612
chr13	32000000	32250000	0.0966367
chr13	32250000	32500000	0.250821
chr13	32500000	32750000	0.272982
chr13	32750000	33000000	0.159202
chr13	33000000	33250000	0.0376563
chr13	33250000	33500000	-0.0426246
chr13	33500000	33750000	-0.0798313
chr13	33750000	34000000	-0.20195
chr13	34000000	34250000	-0.397639
chr13	34250000	34500000	-0.381824
chr13	34500000	34750000	-0.327256
chr13	34750000	35000000	-0.259239
chr13	35000000	35250000	-0.264925
chr13	35250000	35500000	-0.49149
chr13	35500000	35750000	-0.366508
chr13	35750000	36000000	-0.110323
chr13	36000000	36250000	-0.0605729
chr13	36250000	36500000	0.0283569
chr13	36500000	36750000	-0.134584
chr13	36750000	37000000	0.0177328
chr13	37000000	37250000	-0.432417
chr13	37250000	37500000	-0.732687
chr13	37500000	37750000	-0.609085
chr13	37750000	38000000	-0.657859
chr13	38000000	38250000	-0.65849
chr13	38250000	38500000	-0.670213
chr13	38500000	38750000	-0.551359
chr13	38750000	39000000	-0.452588
chr13	39000000	39250000	-0.249773
chr13	39250000	39500000	-0.329811
chr13	39500000	39750000	-0.178577
chr13	39750000	40000000	-0.0797892
chr13	40000000	40250000	0.0731721
chr13	40250000	40500000	0.133255
chr13	40500000	40750000	0.240827
chr13	40750000	41000000	0.198708
chr13	41000000	41250000	0.409314
chr13	41250000	41500000	0.463699
chr13	41500000	41750000	0.356241
chr13	41750000	42000000	0.324403
chr13	42000000	42250000	0.346191
chr13	42250000	42500000	0.327222
chr13	42500000	42750000	0.331482
chr13	42750000	43000000	0.347274
chr13	43000000	43250000	0.313845
chr13	43250000	43500000	0.218219
chr13	43500000	43750000	0.16127
chr13	43750000	44000000	0.373095
chr13	44000000	44250000	0.491251
chr13	44250000	44500000	0.555138
chr13	44500000	44750000	0.569703
chr13	44750000	45000000	0.612865
chr13	45000000	45250000	0.705746
chr13	45250000	45500000	0.751946
chr13	45500000	45750000	0.651345
chr13	45750000	46000000	0.531618
chr13	46000000	46250000	0.299104
chr13	46250000	46500000	0.177877
chr13	46500000	46750000	0.0906498
chr13	46750000	47000000	-0.189806
chr13	47000000	47250000	-0.415235
chr13	47250000	47500000	-0.411934
chr13	47500000	47750000	-0.320721
chr13	47750000	48000000	-0.0631645
chr13	48000000	48250000	0.115143
chr13	48250000	48500000	0.00483879
chr13	48500000	48750000	0.021934
chr13	48750000	49000000	0.102576
chr13	49000000	49250000	0.252759
chr13	49250000	49500000	0.37873
chr13	49500000	49750000	0.569026
chr13	49750000	50000000	0.525412
chr13	50000000	50250000	0.478582
chr13	50250000	50500000	0.343495
chr13	50500000	50750000	0.362579
chr13	50750000	51000000	0.462414
chr13	51000000	51250000	0.617133
chr13	51250000	51500000	0.654775
chr13	51500000	51750000	0.585699
chr13	51750000	52000000	0.674792
chr13	52000000	52250000	0.62491
chr13	52250000	52500000	0.543269
chr13	52500000	52750000	0.369234
chr13	52750000	53000000	0.156238
chr13	53000000	53250000	-0.152775
chr13	53250000	53500000	-0.569709
chr13	53500000	53750000	-0.708679
chr13	53750000	54000000	-0.586908
chr13	54000000	54250000	-0.372231
chr13	54250000	54500000	-0.180462
chr13	54500000	54750000	-0.253075
chr13	54750000	55000000	-0.236065
chr13	55000000	55250000	-0.186909
chr13	55250000	55500000	-0.360853
chr13	55500000	55750000	-0.294978
chr13	55750000	56000000	-0.514548
chr13	56000000	56250000	-0.516629
chr13	56250000	56500000	-0.562332
chr13	56500000	56750000	-0.53854
chr13	56750000	57000000	-0.617315
chr13	57000000	57250000	-0.572738
chr13	57250000	57500000	-0.648413
chr13	57500000	57750000	-0.438072
chr13	57750000	58000000	-0.525215
chr13	58000000	58250000	-0.555693
chr13	58250000	58500000	-0.517517
chr13	58500000	58750000	-0.495088
chr13	58750000	59000000	-0.449393
chr13	59000000	59250000	-0.394351
chr13	59250000	59500000	-0.115667
chr13	59500000	59750000	-0.0339938
chr13	59750000	60000000	-0.00733306
chr13	60000000	60250000	0.00692678
chr13	60250000	60500000	-0.0540024
chr13	60500000	60750000	-0.31415
chr13	60750000	61000000	-0.529053
chr13	61000000	61250000	-0.510722
chr13	61250000	61500000	-0.551984
chr13	61500000	61750000	-0.663274
chr13	61750000	62000000	-0.618119
chr13	62000000	62250000	-0.515672
chr13	62250000	62500000	-0.429901
chr13	62500000	62750000	-0.473281
chr13	62750000	63000000	-0.497802
chr13	63000000	63250000	-0.328475
chr13	63250000	63500000	-0.445646
chr13	63500000	63750000	-0.389582
chr13	63750000	64000000	-0.36838
chr13	64000000	64250000	-0.421304
chr13	64250000	64500000	-0.313598
chr13	64500000	64750000	-0.273883
chr13	64750000	65000000	-0.328932
chr13	65000000	65250000	-0.367315
chr13	65250000	65500000	-0.42865
chr13	65500000	65750000	-0.373951
chr13	65750000	66000000	-0.442046
chr13	66000000	66250000	-0.463467
chr13	66250000	66500000	-0.412831
chr13	66500000	66750000	-0.315387
chr13	66750000	67000000	-0.370551
chr13	67000000	67250000	-0.301607
chr13	67250000	67500000	-0.385826
chr13	67500000	67750000	-0.459719
chr13	67750000	68000000	-0.428301
chr13	68000000	68250000	-0.497269
chr13	68250000	68500000	-0.449909
chr13	68500000	68750000	-0.504945
chr13	68750000	69000000	-0.327269
chr13	69000000	69250000	-0.208877
chr13	69250000	69500000	-0.29307
chr13	69500000	69750000	-0.449627
chr13	69750000	70000000	-0.545955
chr13	70000000	70250000	-0.609302
chr13	70250000	70500000	-0.548066
chr13	70500000	70750000	-0.48924
chr13	70750000	71000000	-0.60147
chr13	71000000	71250000	-0.535796
chr13	71250000	71500000	-0.4901
chr13	71500000	71750000	-0.49306
chr13	71750000	72000000	-0.410955
chr13	72000000	72250000	-0.471766
chr13	72250000	72500000	-0.508562
chr13	72500000	72750000	-0.369232
chr13	72750000	73000000	-0.0506552
chr13	73000000	73250000	-0.034695
chr13	73250000	73500000	-0.204849
chr13	73500000	73750000	-0.165606
chr13	73750000	74000000	-0.179136
chr13	74000000	74250000	-0.233606
chr13	74250000	74500000	-0.413245
chr13	74500000	74750000	-0.459066
chr13	74750000	75000000	-0.554745
chr13	75000000	75250000	-0.527927
chr13	75250000	75500000	-0.229654
chr13	75500000	75750000	-0.158165
chr13	75750000	76000000	-0.400804
chr13	76000000	76250000	-0.575139
chr13	76250000	76500000	-0.54079
chr13	76500000	76750000	-0.522856
chr13	76750000	77000000	-0.364309
chr13	77000000	77250000	-0.245617
chr13	77250000	77500000	-0.343866
chr13	77500000	77750000	-0.306132
chr13	77750000	78000000	-0.123476
chr13	78000000	78250000	-0.256187
chr13	78250000	78500000	-0.462528
chr13	78500000	78750000	-0.245223
chr13	78750000	79000000	-0.413454
chr13	79000000	79250000	-0.358252
chr13	79250000	79500000	-0.132484
chr13	79500000	79750000	-0.381103
chr13	79750000	80000000	-0.354276
chr13	80000000	80250000	-0.242612
chr13	80250000	80500000	-0.220814
chr13	80500000	80750000	-0.548114
chr13	80750000	81000000	-0.506512
chr13	81000000	81250000	-0.416145
chr13	81250000	81500000	-0.516227
chr13	81500000	81750000	-0.425193
chr13	81750000	82000000	-0.304887
chr13	82000000	82250000	-0.480081
chr13	82250000	82500000	-0.424228
chr13	82500000	82750000	-0.452544
chr13	82750000	83000000	-0.506789
chr13	83000000	83250000	-0.497978
chr13	83250000	83500000	-0.494731
chr13	83500000	83750000	-0.478601
chr13	83750000	84000000	-0.338315
chr13	84000000	84250000	-0.459163
chr13	84250000	84500000	-0.524072
chr13	84500000	84750000	-0.479
chr13	84750000	85000000	-0.440354
chr13	85000000	85250000	-0.638221
chr13	85250000	85500000	-0.603211
chr13	85500000	85750000	-0.587929
chr13	85750000	86000000	-0.531607
chr13	86000000	86250000	-0.708813
chr13	86250000	86500000	-0.688872
chr13	86500000	86750000	-0.658825
chr13	86750000	87000000	-0.62449
chr13	87000000	87250000	-0.65859
chr13	87250000	87500000	-0.629461
chr13	87500000	87750000	-0.562117
chr13	87750000	88000000	-0.49435
chr13	88000000	88250000	-0.443908
chr13	88250000	88500000	-0.432934
chr13	88500000	88750000	-0.460211
chr13	88750000	89000000	-0.438609
chr13	89000000	89250000	-0.421202
chr13	89250000	89500000	-0.44183
chr13	89500000	89750000	-0.442236
chr13	89750000	90000000	-0.432782
chr13	90000000	90250000	-0.542366
chr13	90250000	90500000	-0.544536
chr13	90500000	90750000	-0.608908
chr13	90750000	91000000	-0.496507
chr13	91000000	91250000	-0.546744
chr13	91250000	91500000	-0.593065
chr13	91500000	91750000	-0.83584
chr13	91750000	92000000	-0.86212
chr13	92000000	92250000	-0.921491
chr13	92250000	92500000	-0.986911
chr13	92500000	92750000	-0.850467
chr13	92750000	93000000	-0.657239
chr13	93000000	93250000	-0.333328
chr13	93250000	93500000	-0.0285171
chr13	93500000	93750000	-0.189225
chr13	93750000	94000000	-0.311677
chr13	94000000	94250000	-0.323445
chr13	94250000	94500000	-0.10597
chr13	94500000	94750000	0.291625
chr13	94750000	95000000	0.235271
chr13	95000000	95250000	0.31862
chr13	95250000	95500000	0.332515
chr13	95500000	95750000	0.350694
chr13	95750000	96000000	0.15198
chr13	96000000	96250000	-0.126655
chr13	96250000	96500000	-0.302245
chr13	96500000	96750000	-0.418811
chr13	96750000	97000000	-0.23043
chr13	97000000	97250000	-0.149021
chr13	97250000	97500000	-0.142765
chr13	97500000	97750000	-0.0890103
chr13	97750000	98000000	0.205831
chr13	98000000	98250000	0.675417
chr13	98250000	98500000	0.777173
chr13	98500000	98750000	0.883075
chr13	98750000	99000000	0.803488
chr13	99000000	99250000	0.774297
chr13	99250000	99500000	0.697165
chr13	99500000	99750000	0.60122
chr13	99750000	100000000	0.582205
chr13	100000000	100250000	0.563714
chr13	100250000	100500000	0.458491
chr13	100500000	100750000	0.127341
chr13	100750000	101000000	-0.324674
chr13	101000000	101250000	-0.4201
chr13	101250000	101500000	-0.644321
chr13	101500000	101750000	-0.753796
chr13	101750000	102000000	-0.582829
chr13	102000000	102250000	-0.630704
chr13	102250000	102500000	-0.602501
chr13	102500000	102750000	-0.228268
chr13	102750000	103000000	-0.346573
chr13	103000000	103250000	-0.496066
chr13	103250000	103500000	-0.583658
chr13	103500000	103750000	-0.613376
chr13	103750000	104000000	-0.430255
chr13	104000000	104250000	-0.459059
chr13	104250000	104500000	-0.493615
chr13	104500000	104750000	-0.39257
chr13	104750000	105000000	-0.462939
chr13	105000000	105250000	-0.449288
chr13	105250000	105500000	-0.39393
chr13	105500000	105750000	-0.468157
chr13	105750000	106000000	-0.394208
chr13	106000000	106250000	-0.22766
chr13	106250000	106500000	-0.156344
chr13	106500000	106750000	-0.125224
chr13	106750000	107000000	-0.192247
chr13	107000000	107250000	-0.344779
chr13	107250000	107500000	-0.551452
chr13	107500000	107750000	-0.529327
chr13	107750000	108000000	-0.541997
chr13	108000000	108250000	-0.627704
chr13	108250000	108500000	-0.739399
chr13	108500000	108750000	-0.772644
chr13	108750000	109000000	-0.598163
chr13	109000000	109250000	-0.526644
chr13	109250000	109500000	-0.57174
chr13	109500000	109750000	-0.451763
chr13	109750000	110000000	-0.334794
chr13	110000000	110250000	0.0227747
chr13	110250000	110500000	0.459518
chr13	110500000	110750000	0.74101
chr13	110750000	111000000	0.832635
chr13	111000000	111250000	0.951565
chr13	111250000	111500000	1.00292
chr13	111500000	111750000	nan
chr13	111750000	112000000	nan
chr13	112000000	112250000	0.970286
chr13	112250000	112500000	0.995262
chr13	112500000	112750000	1.02948
chr13	112750000	113000000	0.972468
chr13	113000000	113250000	0.997726
chr13	113250000	113500000	0.924312
chr13	113500000	113750000	nan
chr13	113750000	114000000	0.806846
chr13	114000000	114250000	0.846771
chr13	114250000	114364328	nan
#bedGraph section chr14:0-107043718
chr14	0	250000	nan
chr14	250000	500000	nan
chr14	500000	750000	nan
chr14	750000	1000000	nan
chr14	1000000	1250000	nan
chr14	1250000	1500000	nan
chr14	1500000	1750000	nan
chr14	1750000	2000000	nan
chr14	2000000	2250000	nan
chr14	2250000	2500000	nan
chr14	2500000	2750000	nan
chr14	2750000	3000000	nan
chr14	3000000	3250000	nan
chr14	3250000	3500000	nan
chr14	3500000	3750000	nan
chr14	3750000	4000000	nan
chr14	4000000	4250000	nan
chr14	4250000	4500000	nan
chr14	4500000	4750000	nan
chr14	4750000	5000000	nan
chr14	5000000	5250000	nan
chr14	5250000	5500000	nan
chr14	5500000	5750000	nan
chr14	5750000	6000000	nan
chr14	6000000	6250000	nan
chr14	6250000	6500000	nan
chr14	6500000	6750000	nan
chr14	6750000	7000000	nan
chr14	7000000	7250000	nan
chr14	7250000	7500000	nan
chr14	7500000	7750000	nan
chr14	7750000	8000000	nan
chr14	8000000	8250000	nan
chr14	8250000	8500000	nan
chr14	8500000	8750000	nan
chr14	8750000	9000000	nan
chr14	9000000	9250000	nan
chr14	9250000	9500000	nan
chr14	9500000	9750000	nan
chr14	9750000	10000000	nan
chr14	10000000	10250000	nan
chr14	10250000	10500000	nan
chr14	10500000	10750000	nan
chr14	10750000	11000000	nan
chr14	11000000	11250000	nan
chr14	11250000	11500000	nan
chr14	11500000	11750000	nan
chr14	11750000	12000000	nan
chr14	12000000	12250000	nan
chr14	12250000	12500000	nan
chr14	12500000	12750000	nan
chr14	12750000	13000000	nan
chr14	13000000	13250000	nan
chr14	13250000	13500000	nan
chr14	13500000	13750000	nan
chr14	13750000	14000000	nan
chr14	14000000	14250000	nan
chr14	14250000	14500000	nan
chr14	14500000	14750000	nan
chr14	14750000	15000000	nan
chr14	15000000	15250000	nan
chr14	15250000	15500000	nan
chr14	15500000	15750000	nan
chr14	15750000	16000000	nan
chr14	16000000	16250000	nan
chr14	16250000	16500000	nan
chr14	16500000	16750000	nan
chr14	16750000	17000000	nan
chr14	17000000	17250000	nan
chr14	17250000	17500000	nan
chr14	17500000	17750000	nan
chr14	17750000	18000000	nan
chr14	18000000	18250000	nan
chr14	18250000	18500000	nan
chr14	18500000	18750000	nan
chr14	18750000	19000000	nan
chr14	19000000	19250000	nan
chr14	19250000	19500000	nan
chr14	19500000	19750000	nan
chr14	19750000	20000000	nan
chr14	20000000	20250000	nan
chr14	20250000	20500000	0.520982
chr14	20500000	20750000	0.58222
chr14	20750000	21000000	0.579679
chr14	21000000	21250000	0.755762
chr14	21250000	21500000	0.827892
chr14	21500000	21750000	0.619556
chr14	21750000	22000000	0.435169
chr14	22000000	22250000	0.407162
chr14	22250000	22500000	0.53718
chr14	22500000	22750000	0.663362
chr14	22750000	23000000	0.842723
chr14	23000000	23250000	0.965173
chr14	23250000	23500000	0.911949
chr14	23500000	23750000	0.823343
chr14	23750000	24000000	0.759215
chr14	24000000	24250000	0.996132
chr14	24250000	24500000	0.862158
chr14	24500000	24750000	0.0635722
chr14	24750000	25000000	-0.193785
chr14	25000000	25250000	-0.232805
chr14	25250000	25500000	-0.332432
chr14	25500000	25750000	-0.379834
chr14	25750000	26000000	-0.34048
chr14	26000000	26250000	-0.271273
chr14	26250000	26500000	-0.270267
chr14	26500000	26750000	-0.22427
chr14	26750000	27000000	-0.298515
chr14	27000000	27250000	-0.454173
chr14	27250000	27500000	-0.486332
chr14	27500000	27750000	-0.365323
chr14	27750000	28000000	-0.431343
chr14	28000000	28250000	-0.452653
chr14	28250000	28500000	-0.481478
chr14	28500000	28750000	-0.410528
chr14	28750000	29000000	-0.345277
chr14	29000000	29250000	-0.409914
chr14	29250000	29500000	-0.424331
chr14	29500000	29750000	-0.162526
chr14	29750000	30000000	-0.252348
chr14	30000000	30250000	-0.355226
chr14	30250000	30500000	-0.279836
chr14	30500000	30750000	0.230536
chr14	30750000	31000000	0.548873
chr14	31000000	31250000	0.666438
chr14	31250000	31500000	0.241158
chr14	31500000	31750000	-0.170468
chr14	31750000	32000000	-0.175793
chr14	32000000	32250000	-0.039372
chr14	32250000	32500000	-0.127202
chr14	32500000	32750000	-0.162485
chr14	32750000	33000000	-0.218594
chr14	33000000	33250000	-0.249095
chr14	33250000	33500000	-0.203102
chr14	33500000	33750000	-0.158971
chr14	33750000	34000000	-0.00356225
chr14	34000000	34250000	-0.0141346
chr14	34250000	34500000	0.212694
chr14	34500000	34750000	0.69528
chr14	34750000	35000000	0.790025
chr14	35000000	35250000	0.771717
chr14	35250000	35500000	0.654652
chr14	35500000	35750000	0.353404
chr14	35750000	36000000	0.260022
chr14	36000000	36250000	0.0669797
chr14	36250000	36500000	0.0629276
chr14	36500000	36750000	-0.103706
chr14	36750000	37000000	-0.287199
chr14	37000000	37250000	-0.196603
chr14	37250000	37500000	-0.504559
chr14	37500000	37750000	-0.378829
chr14	37750000	38000000	-0.286908
chr14	38000000	38250000	-0.0421611
chr14	38250000	38500000	-0.403946
chr14	38500000	38750000	-0.391596
chr14	38750000	39000000	-0.414749
chr14	39000000	39250000	0.155848
chr14	39250000	39500000	-0.20524
chr14	39500000	39750000	-0.635649
chr14	39750000	40000000	-0.659582
chr14	40000000	40250000	-0.637744
chr14	40250000	40500000	-0.548308
chr14	40500000	40750000	-0.574567
chr14	40750000	41000000	-0.598223
chr14	41000000	41250000	-0.504103
chr14	41250000	41500000	-0.489495
chr14	41500000	41750000	-0.495807
chr14	41750000	42000000	-0.613036
chr14	42000000	42250000	-0.564268
chr14	42250000	42500000	-0.56174
chr14	42500000	42750000	-0.527906
chr14	42750000	43000000	-0.55938
chr14	43000000	43250000	-0.556295
chr14	43250000	43500000	-0.544482
chr14	43500000	43750000	-0.51459
chr14	43750000	44000000	-0.525776
chr14	44000000	44250000	-0.586479
chr14	44250000	44500000	-0.695449
chr14	44500000	44750000	-0.661873
chr14	44750000	45000000	-0.389452
chr14	45000000	45250000	0.0247535
chr14	45250000	45500000	-0.541838
chr14	45500000	45750000	-0.703805
chr14	45750000	46000000	-0.735962
chr14	46000000	46250000	-0.698895
chr14	46250000	46500000	-0.642116
chr14	46500000	46750000	-0.636696
chr14	46750000	47000000	-0.646979
chr14	47000000	47250000	-0.553648
chr14	47250000	47500000	-0.562845
chr14	47500000	47750000	-0.551239
chr14	47750000	48000000	-0.560835
chr14	48000000	48250000	-0.575979
chr14	48250000	48500000	-0.567111
chr14	48500000	48750000	-0.604198
chr14	48750000	49000000	-0.738916
chr14	49000000	49250000	-0.714354
chr14	49250000	49500000	-0.671719
chr14	49500000	49750000	0.131197
chr14	49750000	50000000	0.663737
chr14	50000000	50250000	0.620752
chr14	50250000	50500000	0.586715
chr14	50500000	50750000	0.429181
chr14	50750000	51000000	0.295958
chr14	51000000	51250000	0.0784958
chr14	51250000	51500000	-0.0804435
chr14	51500000	51750000	-0.118396
chr14	51750000	52000000	-0.104688
chr14	52000000	52250000	-0.126271
chr14	52250000	52500000	-0.213829
chr14	52500000	52750000	-0.00371217
chr14	52750000	53000000	0.195385
chr14	53000000	53250000	-0.0765776
chr14	53250000	53500000	-0.244118
chr14	53500000	53750000	-0.381144
chr14	53750000	54000000	-0.349783
chr14	54000000	54250000	-0.37862
chr14	54250000	54500000	-0.0388228
chr14	54500000	54750000	0.365986
chr14	54750000	55000000	0.569662
chr14	55000000	55250000	0.742047
chr14	55250000	55500000	0.451979
chr14	55500000	55750000	0.289863
chr14	55750000	56000000	0.0990132
chr14	56000000	56250000	0.0627164
chr14	56250000	56500000	0.0136913
chr14	56500000	56750000	0.166936
chr14	56750000	57000000	0.267872
chr14	57000000	57250000	0.193499
chr14	57250000	57500000	-0.0247988
chr14	57500000	57750000	-0.263984
chr14	57750000	58000000	-0.251675
chr14	58000000	58250000	-0.000843076
chr14	58250000	58500000	0.174761
chr14	58500000	58750000	-0.193394
chr14	58750000	59000000	-0.312636
chr14	59000000	59250000	-0.303391
chr14	59250000	59500000	-0.307231
chr14	59500000	59750000	-0.458867
chr14	59750000	60000000	-0.519687
chr14	60000000	60250000	-0.358432
chr14	60250000	60500000	-0.259208
chr14	60500000	60750000	-0.00632858
chr14	60750000	61000000	0.205006
chr14	61000000	61250000	0.0363268
chr14	61250000	61500000	-0.122332
chr14	61500000	61750000	-0.0402839
chr14	61750000	62000000	-0.385774
chr14	62000000	62250000	-0.601003
chr14	62250000	62500000	-0.672246
chr14	62500000	62750000	-0.649227
chr14	62750000	63000000	-0.644195
chr14	63000000	63250000	-0.580739
chr14	63250000	63500000	-0.225291
chr14	63500000	63750000	0.0635256
chr14	63750000	64000000	0.216389
chr14	64000000	64250000	0.275673
chr14	64250000	64500000	0.56295
chr14	64500000	64750000	0.704807
chr14	64750000	65000000	0.585018
chr14	65000000	65250000	0.0700384
chr14	65250000	65500000	-0.190416
chr14	65500000	65750000	-0.402382
chr14	65750000	66000000	-0.354635
chr14	66000000	66250000	-0.481663
chr14	66250000	66500000	-0.53921
chr14	66500000	66750000	-0.522746
chr14	66750000	67000000	-0.667634
chr14	67000000	67250000	-0.465986
chr14	67250000	67500000	0.114605
chr14	67500000	67750000	0.546519
chr14	67750000	68000000	0.553729
chr14	68000000	68250000	0.498139
chr14	68250000	68500000	0.486106
chr14	68500000	68750000	0.536703
chr14	68750000	69000000	0.661833
chr14	69000000	69250000	0.802053
chr14	69250000	69500000	0.878456
chr14	69500000	69750000	0.817533
chr14	69750000	70000000	0.688748
chr14	70000000	70250000	0.610169
chr14	70250000	70500000	0.596439
chr14	70500000	70750000	0.609137
chr14	70750000	71000000	0.538027
chr14	71000000	71250000	0.327809
chr14	71250000	71500000	0.39583
chr14	71500000	71750000	0.312894
chr14	71750000	72000000	0.175453
chr14	72000000	72250000	0.16784
chr14	72250000	72500000	0.184241
chr14	72500000	72750000	0.441535
chr14	72750000	73000000	0.52129
chr14	73000000	73250000	0.746988
chr14	73250000	73500000	0.72789
chr14	73500000	73750000	0.769341
chr14	73750000	74000000	0.83317
chr14	74000000	74250000	0.833056
chr14	74250000	74500000	0.933806
chr14	74500000	74750000	0.93534
chr14	74750000	75000000	0.900675
chr14	75000000	75250000	0.83933
chr14	75250000	75500000	0.835968
chr14	75500000	75750000	0.748827
chr14	75750000	76000000	0.669689
chr14	76000000	76250000	0.688681
chr14	76250000	76500000	0.757136
chr14	76500000	76750000	0.73185
chr14	76750000	77000000	0.874778
chr14	77000000	77250000	0.886152
chr14	77250000	77500000	0.762166
chr14	77500000	77750000	0.488217
chr14	77750000	78000000	-0.0261354
chr14	78000000	78250000	-0.402181
chr14	78250000	78500000	-0.511134
chr14	78500000	78750000	-0.514517
chr14	78750000	79000000	-0.552742
chr14	79000000	79250000	-0.683058
chr14	79250000	79500000	-0.536281
chr14	79500000	79750000	-0.616589
chr14	79750000	80000000	-0.685442
chr14	80000000	80250000	-0.699038
chr14	80250000	80500000	-0.747107
chr14	80500000	80750000	-0.744915
chr14	80750000	81000000	-0.662698
chr14	81000000	81250000	-0.544974
chr14	81250000	81500000	-0.229118
chr14	81500000	81750000	-0.583273
chr14	81750000	82000000	-0.709776
chr14	82000000	82250000	-0.656758
chr14	82250000	82500000	-0.690437
chr14	82500000	82750000	-0.632027
chr14	82750000	83000000	-0.621481
chr14	83000000	83250000	-0.605841
chr14	83250000	83500000	-0.607766
chr14	83500000	83750000	-0.632202
chr14	83750000	84000000	-0.577795
chr14	84000000	84250000	-0.566778
chr14	84250000	84500000	-0.55018
chr14	84500000	84750000	-0.590137
chr14	84750000	85000000	-0.604817
chr14	85000000	85250000	-0.584465
chr14	85250000	85500000	-0.620014
chr14	85500000	85750000	-0.55392
chr14	85750000	86000000	-0.66599
chr14	86000000	86250000	-0.672509
chr14	86250000	86500000	-0.763675
chr14	86500000	86750000	-0.758311
chr14	86750000	87000000	-0.722716
chr14	87000000	87250000	-0.693661
chr14	87250000	87500000	-0.860171
chr14	87500000	87750000	-0.833728
chr14	87750000	88000000	-0.796291
chr14	88000000	88250000	-0.757228
chr14	88250000	88500000	-0.570767
chr14	88500000	88750000	-0.176666
chr14	88750000	89000000	-0.153879
chr14	89000000	89250000	0.118354
chr14	89250000	89500000	0.36797
chr14	89500000	89750000	0.336799
chr14	89750000	90000000	0.311976
chr14	90000000	90250000	0.500305
chr14	90250000	90500000	0.73908
chr14	90500000	90750000	0.716359
chr14	90750000	91000000	0.629444
chr14	91000000	91250000	0.671083
chr14	91250000	91500000	0.814463
chr14	91500000	91750000	0.550187
chr14	91750000	92000000	0.618477
chr14	92000000	92250000	0.805482
chr14	92250000	92500000	0.778613
chr14	92500000	92750000	0.753042
chr14	92750000	93000000	0.783358
chr14	93000000	93250000	0.736517
chr14	93250000	93500000	0.597258
chr14	93500000	93750000	0.56749
chr14	93750000	94000000	0.629531
chr14	94000000	94250000	0.56817
chr14	94250000	94500000	0.457486
chr14	94500000	94750000	0.427419
chr14	94750000	95000000	0.475573
chr14	95000000	95250000	0.552193
chr14	95250000	95500000	0.533605
chr14	95500000	95750000	0.505667
chr14	95750000	96000000	0.573238
chr14	96000000	96250000	0.51445
chr14	96250000	96500000	0.559991
chr14	96500000	96750000	0.406655
chr14	96750000	97000000	0.24823
chr14	97000000	97250000	0.0632574
chr14	97250000	97500000	-0.0212019
chr14	97500000	97750000	-0.0526267
chr14	97750000	98000000	-0.107546
chr14	98000000	98250000	-0.111876
chr14	98250000	98500000	-0.157761
chr14	98500000	98750000	-0.113173
chr14	98750000	99000000	-0.0451342
chr14	99000000	99250000	0.103468
chr14	99250000	99500000	0.37951
chr14	99500000	99750000	0.813217
chr14	99750000	100000000	0.826828
chr14	100000000	100250000	0.912411
chr14	100250000	100500000	0.887744
chr14	100500000	100750000	0.730858
chr14	100750000	101000000	0.556659
chr14	101000000	101250000	0.516115
chr14	101250000	101500000	0.519494
chr14	101500000	101750000	0.564535
chr14	101750000	102000000	0.749956
chr14	102000000	102250000	0.781351
chr14	102250000	102500000	0.694673
chr14	102500000	102750000	0.704888
chr14	102750000	103000000	0.676593
chr14	103000000	103250000	0.697676
chr14	103250000	103500000	0.704655
chr14	103500000	103750000	0.696458
chr14	103750000	104000000	0.611414
chr14	104000000	104250000	0.526897
chr14	104250000	104500000	0.563704
chr14	104500000	104750000	0.564554
chr14	104750000	105000000	0.62096
chr14	105000000	105250000	0.617992
chr14	105250000	105500000	0.519866
chr14	105500000	105750000	nan
chr14	105750000	106000000	nan
chr14	106000000	106250000	nan
chr14	106250000	106500000	nan
chr14	106500000	106750000	nan
chr14	106750000	107000000	nan
chr14	107000000	107043718	nan
#bedGraph section chr15:0-101991189
chr15	0	250000	nan
chr15	250000	500000	nan
chr15	500000	750000	nan
chr15	750000	1000000	nan
chr15	1000000	1250000	nan
chr15	1250000	1500000	nan
chr15	1500000	1750000	nan
chr15	1750000	2000000	nan
chr15	2000000	2250000	nan
chr15	2250000	2500000	nan
chr15	2500000	2750000	nan
chr15	2750000	3000000	nan
chr15	3000000	3250000	nan
chr15	3250000	3500000	nan
chr15	3500000	3750000	nan
chr15	3750000	4000000	nan
chr15	4000000	4250000	nan
chr15	4250000	4500000	nan
chr15	4500000	4750000	nan
chr15	4750000	5000000	nan
chr15	5000000	5250000	nan
chr15	5250000	5500000	nan
chr15	5500000	5750000	nan
chr15	5750000	6000000	nan
chr15	6000000	6250000	nan
chr15	6250000	6500000	nan
chr15	6500000	6750000	nan
chr15	6750000	7000000	nan
chr15	7000000	7250000	nan
chr15	7250000	7500000	nan
chr15	7500000	7750000	nan
chr15	7750000	8000000	nan
chr15	8000000	8250000	nan
chr15	8250000	8500000	nan
chr15	8500000	8750000	nan
chr15	8750000	9000000	nan
chr15	9000000	9250000	nan
chr15	9250000	9500000	nan
chr15	9500000	9750000	nan
chr15	9750000	10000000	nan
chr15	10000000	10250000	nan
chr15	10250000	10500000	nan
chr15	10500000	10750000	nan
chr15	10750000	11000000	nan
chr15	11000000	11250000	nan
chr15	11250000	11500000	nan
chr15	11500000	11750000	nan
chr15	11750000	12000000	nan
chr15	12000000	12250000	nan
chr15	12250000	12500000	nan
chr15	12500000	12750000	nan
chr15	12750000	13000000	nan
chr15	13000000	13250000	nan
chr15	13250000	13500000	nan
chr15	13500000	13750000	nan
chr15	13750000	14000000	nan
chr15	14000000	14250000	nan
chr15	14250000	14500000	nan
chr15	14500000	14750000	nan
chr15	14750000	15000000	nan
chr15	15000000	15250000	nan
chr15	15250000	15500000	nan
chr15	15500000	15750000	nan
chr15	15750000	16000000	nan
chr15	16000000	16250000	nan
chr15	16250000	16500000	nan
chr15	16500000	16750000	nan
chr15	16750000	17000000	nan
chr15	17000000	17250000	nan
chr15	17250000	17500000	nan
chr15	17500000	17750000	nan
chr15	17750000	18000000	nan
chr15	18000000	18250000	nan
chr15	18250000	18500000	nan
chr15	18500000	18750000	nan
chr15	18750000	19000000	nan
chr15	19000000	19250000	nan
chr15	19250000	19500000	nan
chr15	19500000	19750000	nan
chr15	19750000	20000000	nan
chr15	20000000	20250000	nan
chr15	20250000	20500000	nan
chr15	20500000	20750000	nan
chr15	20750000	21000000	nan
chr15	21000000	21250000	nan
chr15	21250000	21500000	nan
chr15	21500000	21750000	nan
chr15	21750000	22000000	nan
chr15	22000000	22250000	nan
chr15	22250000	22500000	nan
chr15	22500000	22750000	nan
chr15	22750000	23000000	0.542779
chr15	23000000	23250000	nan
chr15	23250000	23500000	nan
chr15	23500000	23750000	0.044312
chr15	23750000	24000000	-0.0159307
chr15	24000000	24250000	nan
chr15	24250000	24500000	-0.0414679
chr15	24500000	24750000	0.0240537
chr15	24750000	25000000	0.0978787
chr15	25000000	25250000	0.15644
chr15	25250000	25500000	0.221167
chr15	25500000	25750000	0.196832
chr15	25750000	26000000	0.216127
chr15	26000000	26250000	0.144108
chr15	26250000	26500000	0.142149
chr15	26500000	26750000	0.274787
chr15	26750000	27000000	0.133363
chr15	27000000	27250000	0.0353662
chr15	27250000	27500000	0.0532454
chr15	27500000	27750000	0.116427
chr15	27750000	28000000	0.130976
chr15	28000000	28250000	0.376014
chr15	28250000	28500000	nan
chr15	28500000	28750000	nan
chr15	28750000	29000000	0.519591
chr15	29000000	29250000	0.453722
chr15	29250000	29500000	0.454784
chr15	29500000	29750000	0.578355
chr15	29750000	30000000	0.623552
chr15	30000000	30250000	nan
chr15	30250000	30500000	nan
chr15	30500000	30750000	nan
chr15	30750000	31000000	0.461003
chr15	31000000	31250000	0.512563
chr15	31250000	31500000	0.415487
chr15	31500000	31750000	0.0831138
chr15	31750000	32000000	0.0387373
chr15	32000000	32250000	nan
chr15	32250000	32500000	nan
chr15	32500000	32750000	0.308413
chr15	32750000	33000000	0.213114
chr15	33000000	33250000	0.156794
chr15	33250000	33500000	0.128832
chr15	33500000	33750000	0.159636
chr15	33750000	34000000	0.183428
chr15	34000000	34250000	0.419938
chr15	34250000	34500000	0.439153
chr15	34500000	34750000	0.275122
chr15	34750000	35000000	0.233756
chr15	35000000	35250000	-0.229751
chr15	35250000	35500000	-0.399908
chr15	35500000	35750000	-0.465766
chr15	35750000	36000000	-0.487466
chr15	36000000	36250000	-0.473959
chr15	36250000	36500000	-0.449485
chr15	36500000	36750000	-0.317842
chr15	36750000	37000000	-0.403089
chr15	37000000	37250000	-0.457288
chr15	37250000	37500000	-0.596095
chr15	37500000	37750000	-0.600779
chr15	37750000	38000000	-0.511208
chr15	38000000	38250000	-0.343333
chr15	38250000	38500000	-0.220505
chr15	38500000	38750000	-0.347204
chr15	38750000	39000000	-0.405001
chr15	39000000	39250000	-0.345668
chr15	39250000	39500000	-0.370697
chr15	39500000	39750000	-0.176925
chr15	39750000	40000000	0.318446
chr15	40000000	40250000	0.687997
chr15	40250000	40500000	0.876209
chr15	40500000	40750000	0.899173
chr15	40750000	41000000	0.896711
chr15	41000000	41250000	0.807349
chr15	41250000	41500000	0.786557
chr15	41500000	41750000	0.818939
chr15	41750000	42000000	0.850348
chr15	42000000	42250000	0.786769
chr15	42250000	42500000	0.75192
chr15	42500000	42750000	0.725583
chr15	42750000	43000000	0.713878
chr15	43000000	43250000	0.808099
chr15	43250000	43500000	0.897166
chr15	43500000	43750000	nan
chr15	43750000	44000000	0.781838
chr15	44000000	44250000	0.737809
chr15	44250000	44500000	0.710787
chr15	44500000	44750000	0.679703
chr15	44750000	45000000	0.447618
chr15	45000000	45250000	0.429075
chr15	45250000	45500000	0.158324
chr15	45500000	45750000	-0.244551
chr15	45750000	46000000	-0.667355
chr15	46000000	46250000	-0.658735
chr15	46250000	46500000	-0.582941
chr15	46500000	46750000	-0.601358
chr15	46750000	47000000	-0.601737
chr15	47000000	47250000	-0.526577
chr15	47250000	47500000	-0.47723
chr15	47500000	47750000	-0.43563
chr15	47750000	48000000	-0.44399
chr15	48000000	48250000	-0.271782
chr15	48250000	48500000	-0.312111
chr15	48500000	48750000	-0.375619
chr15	48750000	49000000	-0.271999
chr15	49000000	49250000	-0.224889
chr15	49250000	49500000	-0.427109
chr15	49500000	49750000	-0.506854
chr15	49750000	50000000	-0.525631
chr15	50000000	50250000	-0.399731
chr15	50250000	50500000	0.122628
chr15	50500000	50750000	0.398319
chr15	50750000	51000000	0.202804
chr15	51000000	51250000	0.0369348
chr15	51250000	51500000	-0.0455504
chr15	51500000	51750000	0.0505081
chr15	51750000	52000000	0.299255
chr15	52000000	52250000	0.252115
chr15	52250000	52500000	-0.115999
chr15	52500000	52750000	-0.211974
chr15	52750000	53000000	-0.641926
chr15	53000000	53250000	-0.682178
chr15	53250000	53500000	-0.661378
chr15	53500000	53750000	-0.614332
chr15	53750000	54000000	-0.646918
chr15	54000000	54250000	-0.67924
chr15	54250000	54500000	-0.689634
chr15	54500000	54750000	-0.693207
chr15	54750000	55000000	-0.684329
chr15	55000000	55250000	-0.610426
chr15	55250000	55500000	-0.419652
chr15	55500000	55750000	-0.433609
chr15	55750000	56000000	-0.444241
chr15	56000000	56250000	-0.313909
chr15	56250000	56500000	-0.279865
chr15	56500000	56750000	-0.18588
chr15	56750000	57000000	0.0573782
chr15	57000000	57250000	0.279344
chr15	57250000	57500000	0.306561
chr15	57500000	57750000	0.183848
chr15	57750000	58000000	0.076258
chr15	58000000	58250000	0.0760538
chr15	58250000	58500000	0.239669
chr15	58500000	58750000	0.317674
chr15	58750000	59000000	0.467616
chr15	59000000	59250000	0.575328
chr15	59250000	59500000	0.549158
chr15	59500000	59750000	0.410079
chr15	59750000	60000000	0.309071
chr15	60000000	60250000	0.397232
chr15	60250000	60500000	0.335841
chr15	60500000	60750000	0.0954335
chr15	60750000	61000000	0.0899983
chr15	61000000	61250000	-0.0899224
chr15	61250000	61500000	-0.222435
chr15	61500000	61750000	-0.208733
chr15	61750000	62000000	-0.183742
chr15	62000000	62250000	-0.0867126
chr15	62250000	62500000	0.121658
chr15	62500000	62750000	0.232977
chr15	62750000	63000000	0.40934
chr15	63000000	63250000	0.531992
chr15	63250000	63500000	0.52192
chr15	63500000	63750000	0.624485
chr15	63750000	64000000	0.656237
chr15	64000000	64250000	0.62931
chr15	64250000	64500000	0.639681
chr15	64500000	64750000	0.625351
chr15	64750000	65000000	0.741927
chr15	65000000	65250000	0.763269
chr15	65250000	65500000	0.732605
chr15	65500000	65750000	0.644844
chr15	65750000	66000000	0.59821
chr15	66000000	66250000	0.635734
chr15	66250000	66500000	0.642435
chr15	66500000	66750000	0.639966
chr15	66750000	67000000	0.496277
chr15	67000000	67250000	0.488367
chr15	67250000	67500000	0.336836
chr15	67500000	67750000	0.348424
chr15	67750000	68000000	0.400427
chr15	68000000	68250000	0.440576
chr15	68250000	68500000	0.460344
chr15	68500000	68750000	0.481829
chr15	68750000	69000000	0.437135
chr15	69000000	69250000	0.507535
chr15	69250000	69500000	0.524934
chr15	69500000	69750000	0.326733
chr15	69750000	70000000	0.341643
chr15	70000000	70250000	0.410106
chr15	70250000	70500000	0.315902
chr15	70500000	70750000	0.305925
chr15	70750000	71000000	0.20941
chr15	71000000	71250000	0.159377
chr15	71250000	71500000	0.207665
chr15	71500000	71750000	0.14337
chr15	71750000	72000000	0.206987
chr15	72000000	72250000	0.392951
chr15	72250000	72500000	0.550528
chr15	72500000	72750000	0.502102
chr15	72750000	73000000	0.355399
chr15	73000000	73250000	0.388582
chr15	73250000	73500000	0.412251
chr15	73500000	73750000	0.510454
chr15	73750000	74000000	0.57832
chr15	74000000	74250000	0.672173
chr15	74250000	74500000	0.690166
chr15	74500000	74750000	0.723478
chr15	74750000	75000000	0.732756
chr15	75000000	75250000	0.689641
chr15	75250000	75500000	0.809499
chr15	75500000	75750000	0.7094
chr15	75750000	76000000	0.49571
chr15	76000000	76250000	0.17678
chr15	76250000	76500000	-0.0768436
chr15	76500000	76750000	-0.194082
chr15	76750000	77000000	-0.0385042
chr15	77000000	77250000	0.220889
chr15	77250000	77500000	0.279265
chr15	77500000	77750000	0.352228
chr15	77750000	78000000	0.585451
chr15	78000000	78250000	0.701873
chr15	78250000	78500000	0.786685
chr15	78500000	78750000	0.747948
chr15	78750000	79000000	0.656376
chr15	79000000	79250000	0.355645
chr15	79250000	79500000	0.136189
chr15	79500000	79750000	0.0490847
chr15	79750000	80000000	0.1623
chr15	80000000	80250000	0.282096
chr15	80250000	80500000	0.130371
chr15	80500000	80750000	0.176706
chr15	80750000	81000000	0.223928
chr15	81000000	81250000	0.0375823
chr15	81250000	81500000	0.0109954
chr15	81500000	81750000	-0.0656966
chr15	81750000	82000000	0.0469696
chr15	82000000	82250000	0.230234
chr15	82250000	82500000	nan
chr15	82500000	82750000	0.588906
chr15	82750000	83000000	0.568374
chr15	83000000	83250000	0.361273
chr15	83250000	83500000	0.00809955
chr15	83500000	83750000	-0.104144
chr15	83750000	84000000	-0.211549
chr15	84000000	84250000	nan
chr15	84250000	84500000	nan
chr15	84500000	84750000	0.727771
chr15	84750000	85000000	0.738716
chr15	85000000	85250000	0.481328
chr15	85250000	85500000	0.210692
chr15	85500000	85750000	0.0340993
chr15	85750000	86000000	-0.501838
chr15	86000000	86250000	-0.709602
chr15	86250000	86500000	-0.817878
chr15	86500000	86750000	-0.750288
chr15	86750000	87000000	-0.723628
chr15	87000000	87250000	-0.805211
chr15	87250000	87500000	-0.819149
chr15	87500000	87750000	-0.738972
chr15	87750000	88000000	-0.768499
chr15	88000000	88250000	-0.635428
chr15	88250000	88500000	-0.36585
chr15	88500000	88750000	0.155917
chr15	88750000	89000000	0.484958
chr15	89000000	89250000	0.712427
chr15	89250000	89500000	1.00111
chr15	89500000	89750000	1.04087
chr15	89750000	90000000	0.97876
chr15	90000000	90250000	0.950355
chr15	90250000	90500000	0.882065
chr15	90500000	90750000	0.791643
chr15	90750000	91000000	0.723275
chr15	91000000	91250000	0.0815573
chr15	91250000	91500000	-0.262612
chr15	91500000	91750000	-0.284952
chr15	91750000	92000000	-0.172872
chr15	92000000	92250000	-0.142822
chr15	92250000	92500000	-0.103829
chr15	92500000	92750000	0.0132937
chr15	92750000	93000000	0.289256
chr15	93000000	93250000	-0.366396
chr15	93250000	93500000	-0.480024
chr15	93500000	93750000	-0.669182
chr15	93750000	94000000	-0.651892
chr15	94000000	94250000	-0.722343
chr15	94250000	94500000	-0.841705
chr15	94500000	94750000	-0.820641
chr15	94750000	95000000	-0.856387
chr15	95000000	95250000	-0.773023
chr15	95250000	95500000	-0.816792
chr15	95500000	95750000	-0.802324
chr15	95750000	96000000	-0.723723
chr15	96000000	96250000	-0.651614
chr15	96250000	96500000	-0.575853
chr15	96500000	96750000	-0.713134
chr15	96750000	97000000	-0.704618
chr15	97000000	97250000	-0.832409
chr15	97250000	97500000	-0.927767
chr15	97500000	97750000	-1.00827
chr15	97750000	98000000	-0.905257
chr15	98000000	98250000	-0.820669
chr15	98250000	98500000	-0.506006
chr15	98500000	98750000	0.361988
chr15	98750000	99000000	0.502089
chr15	99000000	99250000	0.156835
chr15	99250000	99500000	0.0943586
chr15	99500000	99750000	0.150694
chr15	99750000	100000000	-0.142103
chr15	100000000	100250000	-0.166772
chr15	100250000	100500000	-0.185637
chr15	100500000	100750000	-0.00529268
chr15	100750000	101000000	0.224851
chr15	101000000	101250000	0.787421
chr15	101250000	101500000	0.608988
chr15	101500000	101750000	0.472914
chr15	101750000	101991189	nan
#bedGraph section chr16:0-90338345
chr16	0	250000	0.999379
chr16	250000	500000	1.03603
chr16	500000	750000	nan
chr16	750000	1000000	nan
chr16	1000000	1250000	nan
chr16	1250000	1500000	0.699426
chr16	1500000	1750000	nan
chr16	1750000	2000000	0.71557
chr16	2000000	2250000	nan
chr16	2250000	2500000	0.865906
chr16	2500000	2750000	nan
chr16	2750000	3000000	0.97465
chr16	3000000	3250000	1.00027
chr16	3250000	3500000	0.813831
chr16	3500000	3750000	0.852719
chr16	3750000	4000000	0.840931
chr16	4000000	4250000	0.799653
chr16	4250000	4500000	0.996167
chr16	4500000	4750000	1.14614
chr16	4750000	5000000	1.07159
chr16	5000000	5250000	0.565419
chr16	5250000	5500000	0.255023
chr16	5500000	5750000	0.00383345
chr16	5750000	6000000	0.0114312
chr16	6000000	6250000	-0.0747189
chr16	6250000	6500000	-0.0423052
chr16	6500000	6750000	-0.2123
chr16	6750000	7000000	-0.253153
chr16	7000000	7250000	-0.255896
chr16	7250000	7500000	-0.255742
chr16	7500000	7750000	-0.193642
chr16	7750000	8000000	-0.234351
chr16	8000000	8250000	-0.294783
chr16	8250000	8500000	-0.236576
chr16	8500000	8750000	0.133125
chr16	8750000	9000000	0.515034
chr16	9000000	9250000	0.258427
chr16	9250000	9500000	-0.0188844
chr16	9500000	9750000	0.069458
chr16	9750000	10000000	0.00887532
chr16	10000000	10250000	-0.0593753
chr16	10250000	10500000	0.0446596
chr16	10500000	10750000	0.201464
chr16	10750000	11000000	0.323731
chr16	11000000	11250000	0.538623
chr16	11250000	11500000	0.60564
chr16	11500000	11750000	0.656332
chr16	11750000	12000000	0.663487
chr16	12000000	12250000	0.425335
chr16	12250000	12500000	0.259871
chr16	12500000	12750000	0.168665
chr16	12750000	13000000	0.130773
chr16	13000000	13250000	0.175251
chr16	13250000	13500000	0.113392
chr16	13500000	13750000	0.141818
chr16	13750000	14000000	0.20482
chr16	14000000	14250000	0.498
chr16	14250000	14500000	0.7083
chr16	14500000	14750000	0.913055
chr16	14750000	15000000	nan
chr16	15000000	15250000	nan
chr16	15250000	15500000	nan
chr16	15500000	15750000	1.00276
chr16	15750000	16000000	1.06498
chr16	16000000	16250000	0.971135
chr16	16250000	16500000	nan
chr16	16500000	16750000	nan
chr16	16750000	17000000	0.401723
chr16	17000000	17250000	0.437365
chr16	17250000	17500000	0.514704
chr16	17500000	17750000	0.402656
chr16	17750000	18000000	0.386693
chr16	18000000	18250000	nan
chr16	18250000	18500000	nan
chr16	18500000	18750000	nan
chr16	18750000	19000000	0.877786
chr16	19000000	19250000	0.624986
chr16	19250000	19500000	0.524869
chr16	19500000	19750000	0.429741
chr16	19750000	20000000	0.283702
chr16	20000000	20250000	0.235422
chr16	20250000	20500000	0.148658
chr16	20500000	20750000	0.176998
chr16	20750000	21000000	0.408347
chr16	21000000	21250000	0.37297
chr16	21250000	21500000	nan
chr16	21500000	21750000	0.44537
chr16	21750000	22000000	nan
chr16	22000000	22250000	0.638183
chr16	22250000	22500000	0.777689
chr16	22500000	22750000	0.463607
chr16	22750000	23000000	0.481277
chr16	23000000	23250000	0.528778
chr16	23250000	23500000	0.558968
chr16	23500000	23750000	0.654922
chr16	23750000	24000000	0.368361
chr16	24000000	24250000	0.376327
chr16	24250000	24500000	0.300652
chr16	24500000	24750000	0.40423
chr16	24750000	25000000	0.509644
chr16	25000000	25250000	0.382351
chr16	25250000	25500000	0.00161937
chr16	25500000	25750000	-0.00679358
chr16	25750000	26000000	-0.0401055
chr16	26000000	26250000	0.0081508
chr16	26250000	26500000	-0.0681154
chr16	26500000	26750000	-0.083247
chr16	26750000	27000000	0.0517772
chr16	27000000	27250000	0.199404
chr16	27250000	27500000	0.546132
chr16	27500000	27750000	0.797341
chr16	27750000	28000000	0.885978
chr16	28000000	28250000	1.02513
chr16	28250000	28500000	nan
chr16	28500000	28750000	nan
chr16	28750000	29000000	1.40273
chr16	29000000	29250000	nan
chr16	29250000	29500000	nan
chr16	29500000	29750000	nan
chr16	29750000	30000000	1.22208
chr16	30000000	30250000	1.21969
chr16	30250000	30500000	1.1506
chr16	30500000	30750000	1.14129
chr16	30750000	31000000	1.11813
chr16	31000000	31250000	1.04171
chr16	31250000	31500000	0.760903
chr16	31500000	31750000	nan
chr16	31750000	32000000	nan
chr16	32000000	32250000	nan
chr16	32250000	32500000	nan
chr16	32500000	32750000	nan
chr16	32750000	33000000	nan
chr16	33000000	33250000	nan
chr16	33250000	33500000	nan
chr16	33500000	33750000	nan
chr16	33750000	34000000	nan
chr16	34000000	34250000	nan
chr16	34250000	34500000	nan
chr16	34500000	34750000	0.165573
chr16	34750000	35000000	nan
chr16	35000000	35250000	nan
chr16	35250000	35500000	nan
chr16	35500000	35750000	nan
chr16	35750000	36000000	nan
chr16	36000000	36250000	nan
chr16	36250000	36500000	nan
chr16	36500000	36750000	nan
chr16	36750000	37000000	nan
chr16	37000000	37250000	nan
chr16	37250000	37500000	nan
chr16	37500000	37750000	nan
chr16	37750000	38000000	nan
chr16	38000000	38250000	nan
chr16	38250000	38500000	nan
chr16	38500000	38750000	nan
chr16	38750000	39000000	nan
chr16	39000000	39250000	nan
chr16	39250000	39500000	nan
chr16	39500000	39750000	nan
chr16	39750000	40000000	nan
chr16	40000000	40250000	nan
chr16	40250000	40500000	nan
chr16	40500000	40750000	nan
chr16	40750000	41000000	nan
chr16	41000000	41250000	nan
chr16	41250000	41500000	nan
chr16	41500000	41750000	nan
chr16	41750000	42000000	nan
chr16	42000000	42250000	nan
chr16	42250000	42500000	nan
chr16	42500000	42750000	nan
chr16	42750000	43000000	nan
chr16	43000000	43250000	nan
chr16	43250000	43500000	nan
chr16	43500000	43750000	nan
chr16	43750000	44000000	nan
chr16	44000000	44250000	nan
chr16	44250000	44500000	nan
chr16	44500000	44750000	nan
chr16	44750000	45000000	nan
chr16	45000000	45250000	nan
chr16	45250000	45500000	nan
chr16	45500000	45750000	nan
chr16	45750000	46000000	nan
chr16	46000000	46250000	nan
chr16	46250000	46500000	0.204487
chr16	46500000	46750000	0.636621
chr16	46750000	47000000	0.719766
chr16	47000000	47250000	0.164702
chr16	47250000	47500000	0.0949558
chr16	47500000	47750000	0.0389365
chr16	47750000	48000000	0.0690897
chr16	48000000	48250000	0.0363058
chr16	48250000	48500000	0.273422
chr16	48500000	48750000	0.129841
chr16	48750000	49000000	0.0599781
chr16	49000000	49250000	0.0983892
chr16	49250000	49500000	0.211111
chr16	49500000	49750000	0.558703
chr16	49750000	50000000	0.567332
chr16	50000000	50250000	0.580581
chr16	50250000	50500000	0.496014
chr16	50500000	50750000	0.340298
chr16	50750000	51000000	0.0227122
chr16	51000000	51250000	0.0170855
chr16	51250000	51500000	-0.0182411
chr16	51500000	51750000	-0.0838335
chr16	51750000	52000000	-0.132522
chr16	52000000	52250000	-0.220122
chr16	52250000	52500000	-0.101547
chr16	52500000	52750000	-0.146844
chr16	52750000	53000000	-0.196134
chr16	53000000	53250000	0.0341638
chr16	53250000	53500000	0.0600033
chr16	53500000	53750000	-0.0824363
chr16	53750000	54000000	-0.123681
chr16	54000000	54250000	-0.194841
chr16	54250000	54500000	-0.164779
chr16	54500000	54750000	-0.196275
chr16	54750000	55000000	-0.236802
chr16	55000000	55250000	-0.17444
chr16	55250000	55500000	-0.19193
chr16	55500000	55750000	-0.136293
chr16	55750000	56000000	-0.117047
chr16	56000000	56250000	-0.000133098
chr16	56250000	56500000	0.289974
chr16	56500000	56750000	0.665989
chr16	56750000	57000000	0.72961
chr16	57000000	57250000	0.899642
chr16	57250000	57500000	0.973072
chr16	57500000	57750000	1.0186
chr16	57750000	58000000	0.905665
chr16	58000000	58250000	0.69451
chr16	58250000	58500000	0.385903
chr16	58500000	58750000	0.25525
chr16	58750000	59000000	-0.654802
chr16	59000000	59250000	-0.724361
chr16	59250000	59500000	-0.753101
chr16	59500000	59750000	-0.7467
chr16	59750000	60000000	-0.719175
chr16	60000000	60250000	-0.662965
chr16	60250000	60500000	-0.669483
chr16	60500000	60750000	-0.685579
chr16	60750000	61000000	-0.707419
chr16	61000000	61250000	-0.728388
chr16	61250000	61500000	-0.706069
chr16	61500000	61750000	-0.676983
chr16	61750000	62000000	-0.548346
chr16	62000000	62250000	-0.666616
chr16	62250000	62500000	-0.696163
chr16	62500000	62750000	-0.672152
chr16	62750000	63000000	-0.678578
chr16	63000000	63250000	-0.685156
chr16	63250000	63500000	-0.703006
chr16	63500000	63750000	-0.666005
chr16	63750000	64000000	-0.655843
chr16	64000000	64250000	-0.670691
chr16	64250000	64500000	-0.67605
chr16	64500000	64750000	-0.685737
chr16	64750000	65000000	-0.699402
chr16	65000000	65250000	-0.626697
chr16	65250000	65500000	-0.587302
chr16	65500000	65750000	-0.54946
chr16	65750000	66000000	-0.521477
chr16	66000000	66250000	-0.498634
chr16	66250000	66500000	-0.0816284
chr16	66500000	66750000	0.590259
chr16	66750000	67000000	1.06824
chr16	67000000	67250000	1.24723
chr16	67250000	67500000	1.24843
chr16	67500000	67750000	1.21352
chr16	67750000	68000000	1.26312
chr16	68000000	68250000	1.10131
chr16	68250000	68500000	1.01447
chr16	68500000	68750000	0.774217
chr16	68750000	69000000	0.668802
chr16	69000000	69250000	0.667906
chr16	69250000	69500000	0.664953
chr16	69500000	69750000	0.653323
chr16	69750000	70000000	0.75122
chr16	70000000	70250000	0.809751
chr16	70250000	70500000	0.874796
chr16	70500000	70750000	0.784212
chr16	70750000	71000000	nan
chr16	71000000	71250000	nan
chr16	71250000	71500000	0.478114
chr16	71500000	71750000	0.599665
chr16	71750000	72000000	0.580891
chr16	72000000	72250000	0.129251
chr16	72250000	72500000	-0.135244
chr16	72500000	72750000	-0.0514991
chr16	72750000	73000000	-0.113838
chr16	73000000	73250000	-0.109857
chr16	73250000	73500000	-0.143471
chr16	73500000	73750000	-0.154822
chr16	73750000	74000000	-0.164104
chr16	74000000	74250000	-0.116102
chr16	74250000	74500000	0.439639
chr16	74500000	74750000	0.581063
chr16	74750000	75000000	0.541053
chr16	75000000	75250000	0.476129
chr16	75250000	75500000	0.244634
chr16	75500000	75750000	-0.211873
chr16	75750000	76000000	-0.685195
chr16	76000000	76250000	-0.706912
chr16	76250000	76500000	-0.689277
chr16	76500000	76750000	-0.670528
chr16	76750000	77000000	-0.685107
chr16	77000000	77250000	-0.632158
chr16	77250000	77500000	-0.621556
chr16	77500000	77750000	-0.576107
chr16	77750000	78000000	-0.406138
chr16	78000000	78250000	-0.545092
chr16	78250000	78500000	-0.503391
chr16	78500000	78750000	-0.545863
chr16	78750000	79000000	-0.527779
chr16	79000000	79250000	-0.487415
chr16	79250000	79500000	-0.524993
chr16	79500000	79750000	-0.575746
chr16	79750000	80000000	-0.616872
chr16	80000000	80250000	-0.63494
chr16	80250000	80500000	-0.656203
chr16	80500000	80750000	-0.580967
chr16	80750000	81000000	-0.485752
chr16	81000000	81250000	0.0513355
chr16	81250000	81500000	0.185024
chr16	81500000	81750000	0.257418
chr16	81750000	82000000	-0.22613
chr16	82000000	82250000	-0.372009
chr16	82250000	82500000	-0.490243
chr16	82500000	82750000	-0.459447
chr16	82750000	83000000	-0.512203
chr16	83000000	83250000	-0.50279
chr16	83250000	83500000	-0.488231
chr16	83500000	83750000	-0.333275
chr16	83750000	84000000	0.0443137
chr16	84000000	84250000	0.603386
chr16	84250000	84500000	0.601794
chr16	84500000	84750000	0.760481
chr16	84750000	85000000	0.784597
chr16	85000000	85250000	0.824344
chr16	85250000	85500000	0.856122
chr16	85500000	85750000	0.936761
chr16	85750000	86000000	0.661114
chr16	86000000	86250000	0.471577
chr16	86250000	86500000	0.535307
chr16	86500000	86750000	0.374392
chr16	86750000	87000000	0.474066
chr16	87000000	87250000	0.48522
chr16	87250000	87500000	0.789588
chr16	87500000	87750000	0.922559
chr16	87750000	88000000	0.894635
chr16	88000000	88250000	nan
chr16	88250000	88500000	0.847966
chr16	88500000	88750000	1.04933
chr16	88750000	89000000	nan
chr16	89000000	89250000	0.856734
chr16	89250000	89500000	1.19855
chr16	89500000	89750000	1.22724
chr16	89750000	90000000	1.36606
chr16	90000000	90250000	nan
chr16	90250000	90338345	nan
#bedGraph section chr17:0-83257441
chr17	0	250000	nan
chr17	250000	500000	nan
chr17	500000	750000	0.566929
chr17	750000	1000000	0.685271
chr17	1000000	1250000	0.7061
chr17	1250000	1500000	0.794525
chr17	1500000	1750000	0.831969
chr17	1750000	2000000	0.73167
chr17	2000000	2250000	0.693533
chr17	2250000	2500000	0.599272
chr17	2500000	2750000	0.528826
chr17	2750000	3000000	0.386795
chr17	3000000	3250000	0.262581
chr17	3250000	3500000	0.285639
chr17	3500000	3750000	0.42018
chr17	3750000	4000000	0.634332
chr17	4000000	4250000	0.535939
chr17	4250000	4500000	0.659237
chr17	4500000	4750000	0.774548
chr17	4750000	5000000	0.863948
chr17	5000000	5250000	0.746776
chr17	5250000	5500000	0.712295
chr17	5500000	5750000	0.249018
chr17	5750000	6000000	0.283092
chr17	6000000	6250000	0.0689424
chr17	6250000	6500000	0.291434
chr17	6500000	6750000	0.567523
chr17	6750000	7000000	0.622793
chr17	7000000	7250000	0.896194
chr17	7250000	7500000	1.15716
chr17	7500000	7750000	1.13283
chr17	7750000	8000000	1.18465
chr17	8000000	8250000	1.23969
chr17	8250000	8500000	1.13886
chr17	8500000	8750000	0.782332
chr17	8750000	9000000	0.502479
chr17	9000000	9250000	0.376602
chr17	9250000	9500000	0.236572
chr17	9500000	9750000	0.120025
chr17	9750000	10000000	-0.0512614
chr17	10000000	10250000	-0.0828302
chr17	10250000	10500000	-0.190162
chr17	10500000	10750000	-0.154954
chr17	10750000	11000000	-0.301495
chr17	11000000	11250000	-0.333132
chr17	11250000	11500000	-0.316466
chr17	11500000	11750000	-0.312327
chr17	11750000	12000000	-0.328028
chr17	12000000	12250000	-0.271481
chr17	12250000	12500000	-0.340347
chr17	12500000	12750000	-0.303752
chr17	12750000	13000000	-0.221327
chr17	13000000	13250000	-0.326005
chr17	13250000	13500000	-0.356939
chr17	13500000	13750000	-0.326356
chr17	13750000	14000000	-0.350534
chr17	14000000	14250000	-0.291338
chr17	14250000	14500000	-0.282377
chr17	14500000	14750000	-0.325375
chr17	14750000	15000000	-0.351738
chr17	15000000	15250000	-0.318631
chr17	15250000	15500000	-0.129188
chr17	15500000	15750000	0.139027
chr17	15750000	16000000	0.262308
chr17	16000000	16250000	0.557636
chr17	16250000	16500000	0.684304
chr17	16500000	16750000	0.579508
chr17	16750000	17000000	0.818345
chr17	17000000	17250000	0.933694
chr17	17250000	17500000	0.947305
chr17	17500000	17750000	1.10994
chr17	17750000	18000000	1.37617
chr17	18000000	18250000	1.47648
chr17	18250000	18500000	nan
chr17	18500000	18750000	nan
chr17	18750000	19000000	1.04878
chr17	19000000	19250000	nan
chr17	19250000	19500000	0.859497
chr17	19500000	19750000	0.819341
chr17	19750000	20000000	0.616881
chr17	20000000	20250000	0.432274
chr17	20250000	20500000	nan
chr17	20500000	20750000	nan
chr17	20750000	21000000	0.234809
chr17	21000000	21250000	0.360022
chr17	21250000	21500000	0.140001
chr17	21500000	21750000	-0.12912
chr17	21750000	22000000	nan
chr17	22000000	22250000	-0.138165
chr17	22250000	22500000	nan
chr17	22500000	22750000	nan
chr17	22750000	23000000	nan
chr17	23000000	23250000	nan
chr17	23250000	23500000	nan
chr17	23500000	23750000	nan
chr17	23750000	24000000	nan
chr17	24000000	24250000	nan
chr17	24250000	24500000	nan
chr17	24500000	24750000	nan
chr17	24750000	25000000	nan
chr17	25000000	25250000	nan
chr17	25250000	25500000	nan
chr17	25500000	25750000	nan
chr17	25750000	26000000	nan
chr17	26000000	26250000	nan
chr17	26250000	26500000	nan
chr17	26500000	26750000	nan
chr17	26750000	27000000	nan
chr17	27000000	27250000	nan
chr17	27250000	27500000	0.111691
chr17	27500000	27750000	0.228882
chr17	27750000	28000000	0.335167
chr17	28000000	28250000	0.478823
chr17	28250000	28500000	0.968381
chr17	28500000	28750000	1.49183
chr17	28750000	29000000	1.26571
chr17	29000000	29250000	1.11166
chr17	29250000	29500000	0.788839
chr17	29500000	29750000	0.611866
chr17	29750000	30000000	0.432235
chr17	30000000	30250000	0.398963
chr17	30250000	30500000	0.446501
chr17	30500000	30750000	0.533744
chr17	30750000	31000000	0.429847
chr17	31000000	31250000	0.411324
chr17	31250000	31500000	0.379989
chr17	31500000	31750000	0.358003
chr17	31750000	32000000	0.392157
chr17	32000000	32250000	0.471088
chr17	32250000	32500000	0.433911
chr17	32500000	32750000	0.0435461
chr17	32750000	33000000	-0.0350562
chr17	33000000	33250000	-0.2024
chr17	33250000	33500000	-0.176774
chr17	33500000	33750000	-0.225189
chr17	33750000	34000000	-0.21756
chr17	34000000	34250000	-0.173106
chr17	34250000	34500000	-0.133361
chr17	34500000	34750000	0.015969
chr17	34750000	35000000	0.021719
chr17	35000000	35250000	0.168067
chr17	35250000	35500000	0.152364
chr17	35500000	35750000	0.25132
chr17	35750000	36000000	0.303786
chr17	36000000	36250000	0.220417
chr17	36250000	36500000	nan
chr17	36500000	36750000	0.421481
chr17	36750000	37000000	0.488012
chr17	37000000	37250000	0.371884
chr17	37250000	37500000	0.47115
chr17	37500000	37750000	0.450794
chr17	37750000	38000000	nan
chr17	38000000	38250000	nan
chr17	38250000	38500000	0.761441
chr17	38500000	38750000	0.923724
chr17	38750000	39000000	0.869226
chr17	39000000	39250000	0.793405
chr17	39250000	39500000	0.668969
chr17	39500000	39750000	0.894661
chr17	39750000	40000000	0.832633
chr17	40000000	40250000	0.83411
chr17	40250000	40500000	0.675185
chr17	40500000	40750000	0.358901
chr17	40750000	41000000	0.116358
chr17	41000000	41250000	0.13396
chr17	41250000	41500000	0.138722
chr17	41500000	41750000	0.227107
chr17	41750000	42000000	0.819512
chr17	42000000	42250000	0.905321
chr17	42250000	42500000	0.887768
chr17	42500000	42750000	1.04999
chr17	42750000	43000000	1.00875
chr17	43000000	43250000	0.891139
chr17	43250000	43500000	0.695384
chr17	43500000	43750000	0.888966
chr17	43750000	44000000	1.01366
chr17	44000000	44250000	1.14211
chr17	44250000	44500000	0.995626
chr17	44500000	44750000	0.825567
chr17	44750000	45000000	0.918465
chr17	45000000	45250000	0.852754
chr17	45250000	45500000	0.688431
chr17	45500000	45750000	0.51693
chr17	45750000	46000000	0.491681
chr17	46000000	46250000	0.375565
chr17	46250000	46500000	nan
chr17	46500000	46750000	nan
chr17	46750000	47000000	0.351133
chr17	47000000	47250000	0.390912
chr17	47250000	47500000	0.449475
chr17	47500000	47750000	0.705589
chr17	47750000	48000000	0.772673
chr17	48000000	48250000	0.548056
chr17	48250000	48500000	0.446417
chr17	48500000	48750000	0.506553
chr17	48750000	49000000	0.571666
chr17	49000000	49250000	0.582621
chr17	49250000	49500000	0.591426
chr17	49500000	49750000	0.625367
chr17	49750000	50000000	0.740616
chr17	50000000	50250000	0.808585
chr17	50250000	50500000	0.769098
chr17	50500000	50750000	0.609417
chr17	50750000	51000000	0.226979
chr17	51000000	51250000	-0.0821317
chr17	51250000	51500000	-0.80346
chr17	51500000	51750000	-0.923756
chr17	51750000	52000000	-0.950633
chr17	52000000	52250000	-0.935037
chr17	52250000	52500000	-0.928119
chr17	52500000	52750000	-0.919419
chr17	52750000	53000000	-0.898466
chr17	53000000	53250000	-0.834648
chr17	53250000	53500000	-0.796939
chr17	53500000	53750000	-0.781979
chr17	53750000	54000000	-0.81722
chr17	54000000	54250000	-0.831276
chr17	54250000	54500000	-0.833291
chr17	54500000	54750000	-0.860856
chr17	54750000	55000000	-0.866979
chr17	55000000	55250000	-0.838637
chr17	55250000	55500000	-0.763787
chr17	55500000	55750000	-0.769351
chr17	55750000	56000000	-0.775127
chr17	56000000	56250000	-0.792074
chr17	56250000	56500000	-0.804187
chr17	56500000	56750000	-0.716844
chr17	56750000	57000000	-0.490201
chr17	57000000	57250000	-0.245488
chr17	57250000	57500000	-0.108312
chr17	57500000	57750000	-0.0959888
chr17	57750000	58000000	0.222729
chr17	58000000	58250000	0.30127
chr17	58250000	58500000	0.319701
chr17	58500000	58750000	0.220069
chr17	58750000	59000000	0.146091
chr17	59000000	59250000	0.222318
chr17	59250000	59500000	0.175018
chr17	59500000	59750000	0.262418
chr17	59750000	60000000	0.32024
chr17	60000000	60250000	0.143514
chr17	60250000	60500000	0.0661491
chr17	60500000	60750000	-0.144695
chr17	60750000	61000000	-0.320364
chr17	61000000	61250000	-0.262736
chr17	61250000	61500000	-0.21467
chr17	61500000	61750000	-0.216993
chr17	61750000	62000000	-0.0362894
chr17	62000000	62250000	-0.0611104
chr17	62250000	62500000	-0.0619616
chr17	62500000	62750000	0.136981
chr17	62750000	63000000	0.0253103
chr17	63000000	63250000	0.0162224
chr17	63250000	63500000	0.133434
chr17	63500000	63750000	0.531905
chr17	63750000	64000000	0.856915
chr17	64000000	64250000	0.592996
chr17	64250000	64500000	0.469519
chr17	64500000	64750000	0.372576
chr17	64750000	65000000	0.171121
chr17	65000000	65250000	-0.154651
chr17	65250000	65500000	-0.344658
chr17	65500000	65750000	-0.265216
chr17	65750000	66000000	-0.37575
chr17	66000000	66250000	-0.413218
chr17	66250000	66500000	-0.276725
chr17	66500000	66750000	-0.274129
chr17	66750000	67000000	-0.179181
chr17	67000000	67250000	-0.039498
chr17	67250000	67500000	0.101327
chr17	67500000	67750000	0.0851641
chr17	67750000	68000000	0.145218
chr17	68000000	68250000	-0.242983
chr17	68250000	68500000	-0.455925
chr17	68500000	68750000	-0.682018
chr17	68750000	69000000	-0.820842
chr17	69000000	69250000	-0.815245
chr17	69250000	69500000	-0.736097
chr17	69500000	69750000	-0.801241
chr17	69750000	70000000	-0.826074
chr17	70000000	70250000	-0.777584
chr17	70250000	70500000	-0.789412
chr17	70500000	70750000	-0.811118
chr17	70750000	71000000	-0.825396
chr17	71000000	71250000	-0.826444
chr17	71250000	71500000	-0.830877
chr17	71500000	71750000	-0.845946
chr17	71750000	72000000	-0.81843
chr17	72000000	72250000	-0.765878
chr17	72250000	72500000	-0.753623
chr17	72500000	72750000	-0.644286
chr17	72750000	73000000	-0.581483
chr17	73000000	73250000	-0.430217
chr17	73250000	73500000	-0.134486
chr17	73500000	73750000	-0.0419216
chr17	73750000	74000000	-0.0402773
chr17	74000000	74250000	0.149491
chr17	74250000	74500000	0.506853
chr17	74500000	74750000	0.600613
chr17	74750000	75000000	0.964962
chr17	75000000	75250000	1.13911
chr17	75250000	75500000	1.18645
chr17	75500000	75750000	1.27465
chr17	75750000	76000000	1.25129
chr17	76000000	76250000	1.20038
chr17	76250000	76500000	1.04581
chr17	76500000	76750000	0.965048
chr17	76750000	77000000	0.761549
chr17	77000000	77250000	0.699031
chr17	77250000	77500000	0.62471
chr17	77500000	77750000	0.546525
chr17	77750000	78000000	0.580757
chr17	78000000	78250000	0.683224
chr17	78250000	78500000	0.7442
chr17	78500000	78750000	0.611337
chr17	78750000	79000000	0.669771
chr17	79000000	79250000	0.586017
chr17	79250000	79500000	0.571757
chr17	79500000	79750000	0.5687
chr17	79750000	80000000	0.815834
chr17	80000000	80250000	0.788503
chr17	80250000	80500000	0.689617
chr17	80500000	80750000	0.717517
chr17	80750000	81000000	0.621407
chr17	81000000	81250000	0.751838
chr17	81250000	81500000	0.958347
chr17	81500000	81750000	1.03581
chr17	81750000	82000000	nan
chr17	82000000	82250000	1.11989
chr17	82250000	82500000	1.30658
chr17	82500000	82750000	1.11558
chr17	82750000	83000000	nan
chr17	83000000	83250000	nan
chr17	83250000	83257441	nan
#bedGraph section chr18:0-80373285
chr18	0	250000	0.86892
chr18	250000	500000	0.773325
chr18	500000	750000	0.674845
chr18	750000	1000000	0.105312
chr18	1000000	1250000	-0.34366
chr18	1250000	1500000	-0.471195
chr18	1500000	1750000	-0.427545
chr18	1750000	2000000	-0.45452
chr18	2000000	2250000	-0.375554
chr18	2250000	2500000	-0.38382
chr18	2500000	2750000	0.306181
chr18	2750000	3000000	0.664901
chr18	3000000	3250000	0.586923
chr18	3250000	3500000	0.604745
chr18	3500000	3750000	0.539611
chr18	3750000	4000000	0.249061
chr18	4000000	4250000	0.0391937
chr18	4250000	4500000	-0.113717
chr18	4500000	4750000	-0.234098
chr18	4750000	5000000	-0.232601
chr18	5000000	5250000	-0.121775
chr18	5250000	5500000	-0.0614631
chr18	5500000	5750000	0.00970334
chr18	5750000	6000000	0.0416752
chr18	6000000	6250000	-0.014487
chr18	6250000	6500000	0.00702126
chr18	6500000	6750000	0.214311
chr18	6750000	7000000	0.269042
chr18	7000000	7250000	0.352727
chr18	7250000	7500000	0.24375
chr18	7500000	7750000	0.213014
chr18	7750000	8000000	0.150969
chr18	8000000	8250000	0.187946
chr18	8250000	8500000	0.271545
chr18	8500000	8750000	0.523191
chr18	8750000	9000000	0.622775
chr18	9000000	9250000	0.62334
chr18	9250000	9500000	0.631478
chr18	9500000	9750000	0.659039
chr18	9750000	10000000	0.555614
chr18	10000000	10250000	0.444387
chr18	10250000	10500000	0.438223
chr18	10500000	10750000	0.322812
chr18	10750000	11000000	0.265849
chr18	11000000	11250000	0.236845
chr18	11250000	11500000	0.184999
chr18	11500000	11750000	0.382985
chr18	11750000	12000000	0.607805
chr18	12000000	12250000	0.627385
chr18	12250000	12500000	0.728302
chr18	12500000	12750000	0.698381
chr18	12750000	13000000	0.730604
chr18	13000000	13250000	0.688666
chr18	13250000	13500000	0.72256
chr18	13500000	13750000	0.630051
chr18	13750000	14000000	0.456148
chr18	14000000	14250000	0.334331
chr18	14250000	14500000	nan
chr18	14500000	14750000	nan
chr18	14750000	15000000	nan
chr18	15000000	15250000	nan
chr18	15250000	15500000	nan
chr18	15500000	15750000	nan
chr18	15750000	16000000	nan
chr18	16000000	16250000	nan
chr18	16250000	16500000	nan
chr18	16500000	16750000	nan
chr18	16750000	17000000	nan
chr18	17000000	17250000	nan
chr18	17250000	17500000	nan
chr18	17500000	17750000	nan
chr18	17750000	18000000	nan
chr18	18000000	18250000	nan
chr18	18250000	18500000	nan
chr18	18500000	18750000	nan
chr18	18750000	19000000	nan
chr18	19000000	19250000	nan
chr18	19250000	19500000	nan
chr18	19500000	19750000	nan
chr18	19750000	20000000	nan
chr18	20000000	20250000	nan
chr18	20250000	20500000	nan
chr18	20500000	20750000	nan
chr18	20750000	21000000	nan
chr18	21000000	21250000	0.278652
chr18	21250000	21500000	0.331718
chr18	21500000	21750000	0.693035
chr18	21750000	22000000	0.638984
chr18	22000000	22250000	0.622821
chr18	22250000	22500000	0.616305
chr18	22500000	22750000	0.566585
chr18	22750000	23000000	0.645017
chr18	23000000	23250000	0.787925
chr18	23250000	23500000	0.785395
chr18	23500000	23750000	0.800475
chr18	23750000	24000000	0.825416
chr18	24000000	24250000	0.770497
chr18	24250000	24500000	0.602367
chr18	24500000	24750000	0.267097
chr18	24750000	25000000	0.152224
chr18	25000000	25250000	0.0539111
chr18	25250000	25500000	0.0446474
chr18	25500000	25750000	0.0244991
chr18	25750000	26000000	0.100934
chr18	26000000	26250000	0.29531
chr18	26250000	26500000	0.343143
chr18	26500000	26750000	0.256897
chr18	26750000	27000000	0.0303
chr18	27000000	27250000	-0.0947411
chr18	27250000	27500000	-0.197174
chr18	27500000	27750000	-0.157338
chr18	27750000	28000000	-0.374493
chr18	28000000	28250000	-0.247821
chr18	28250000	28500000	-0.491526
chr18	28500000	28750000	-0.476796
chr18	28750000	29000000	-0.461171
chr18	29000000	29250000	-0.455211
chr18	29250000	29500000	-0.484473
chr18	29500000	29750000	-0.48655
chr18	29750000	30000000	-0.476465
chr18	30000000	30250000	-0.524298
chr18	30250000	30500000	-0.432707
chr18	30500000	30750000	-0.483577
chr18	30750000	31000000	-0.392401
chr18	31000000	31250000	-0.24426
chr18	31250000	31500000	-0.189046
chr18	31500000	31750000	0.25151
chr18	31750000	32000000	0.449504
chr18	32000000	32250000	0.0741902
chr18	32250000	32500000	-0.270811
chr18	32500000	32750000	-0.420702
chr18	32750000	33000000	-0.504349
chr18	33000000	33250000	-0.647854
chr18	33250000	33500000	-0.641396
chr18	33500000	33750000	-0.648196
chr18	33750000	34000000	-0.742643
chr18	34000000	34250000	-0.656719
chr18	34250000	34500000	-0.472252
chr18	34500000	34750000	-0.14173
chr18	34750000	35000000	-0.0579784
chr18	35000000	35250000	0.288581
chr18	35250000	35500000	0.558834
chr18	35500000	35750000	0.589247
chr18	35750000	36000000	0.710556
chr18	36000000	36250000	0.697555
chr18	36250000	36500000	0.574757
chr18	36500000	36750000	0.495256
chr18	36750000	37000000	0.252098
chr18	37000000	37250000	0.146023
chr18	37250000	37500000	0.302025
chr18	37500000	37750000	-0.0952422
chr18	37750000	38000000	-0.441842
chr18	38000000	38250000	-0.581909
chr18	38250000	38500000	-0.584492
chr18	38500000	38750000	-0.54124
chr18	38750000	39000000	-0.47189
chr18	39000000	39250000	-0.446058
chr18	39250000	39500000	-0.303019
chr18	39500000	39750000	-0.148113
chr18	39750000	40000000	-0.293717
chr18	40000000	40250000	-0.463335
chr18	40250000	40500000	-0.508904
chr18	40500000	40750000	-0.556958
chr18	40750000	41000000	-0.480629
chr18	41000000	41250000	-0.514212
chr18	41250000	41500000	-0.393518
chr18	41500000	41750000	-0.459189
chr18	41750000	42000000	-0.430003
chr18	42000000	42250000	-0.46945
chr18	42250000	42500000	-0.451282
chr18	42500000	42750000	-0.309439
chr18	42750000	43000000	-0.322612
chr18	43000000	43250000	-0.398278
chr18	43250000	43500000	-0.462487
chr18	43500000	43750000	-0.447002
chr18	43750000	44000000	-0.431938
chr18	44000000	44250000	-0.480776
chr18	44250000	44500000	-0.533518
chr18	44500000	44750000	-0.37899
chr18	44750000	45000000	-0.33001
chr18	45000000	45250000	-0.483809
chr18	45250000	45500000	-0.327585
chr18	45500000	45750000	0.0987343
chr18	45750000	46000000	0.43913
chr18	46000000	46250000	0.727792
chr18	46250000	46500000	0.834771
chr18	46500000	46750000	0.793989
chr18	46750000	47000000	0.790464
chr18	47000000	47250000	0.733625
chr18	47250000	47500000	0.719987
chr18	47500000	47750000	0.69558
chr18	47750000	48000000	0.718281
chr18	48000000	48250000	0.74389
chr18	48250000	48500000	0.684733
chr18	48500000	48750000	0.671247
chr18	48750000	49000000	0.681813
chr18	49000000	49250000	0.590163
chr18	49250000	49500000	0.603144
chr18	49500000	49750000	0.712211
chr18	49750000	50000000	0.724683
chr18	50000000	50250000	0.697402
chr18	50250000	50500000	0.660156
chr18	50500000	50750000	0.496508
chr18	50750000	51000000	0.340666
chr18	51000000	51250000	0.103007
chr18	51250000	51500000	-0.212096
chr18	51500000	51750000	-0.349385
chr18	51750000	52000000	-0.586665
chr18	52000000	52250000	-0.579483
chr18	52250000	52500000	-0.516581
chr18	52500000	52750000	-0.575948
chr18	52750000	53000000	-0.538604
chr18	53000000	53250000	-0.633748
chr18	53250000	53500000	-0.559658
chr18	53500000	53750000	-0.563215
chr18	53750000	54000000	-0.65526
chr18	54000000	54250000	-0.387782
chr18	54250000	54500000	-0.249693
chr18	54500000	54750000	-0.394455
chr18	54750000	55000000	-0.527547
chr18	55000000	55250000	-0.392811
chr18	55250000	55500000	0.0365943
chr18	55500000	55750000	-0.0789956
chr18	55750000	56000000	-0.299402
chr18	56000000	56250000	-0.392695
chr18	56250000	56500000	-0.335241
chr18	56500000	56750000	-0.0154565
chr18	56750000	57000000	0.214057
chr18	57000000	57250000	0.368723
chr18	57250000	57500000	0.347915
chr18	57500000	57750000	0.591453
chr18	57750000	58000000	0.671171
chr18	58000000	58250000	0.770846
chr18	58250000	58500000	0.748019
chr18	58500000	58750000	0.732168
chr18	58750000	59000000	0.829219
chr18	59000000	59250000	0.697622
chr18	59250000	59500000	0.430606
chr18	59500000	59750000	0.0469847
chr18	59750000	60000000	-0.0972731
chr18	60000000	60250000	-0.579981
chr18	60250000	60500000	-0.656196
chr18	60500000	60750000	-0.576355
chr18	60750000	61000000	-0.634916
chr18	61000000	61250000	-0.609771
chr18	61250000	61500000	-0.547883
chr18	61500000	61750000	-0.291909
chr18	61750000	62000000	-0.296628
chr18	62000000	62250000	-0.176802
chr18	62250000	62500000	0.28814
chr18	62500000	62750000	0.502817
chr18	62750000	63000000	0.661117
chr18	63000000	63250000	0.223449
chr18	63250000	63500000	0.158304
chr18	63500000	63750000	-0.416904
chr18	63750000	64000000	-0.424866
chr18	64000000	64250000	-0.393421
chr18	64250000	64500000	-0.481142
chr18	64500000	64750000	-0.544208
chr18	64750000	65000000	-0.582125
chr18	65000000	65250000	-0.570249
chr18	65250000	65500000	-0.56647
chr18	65500000	65750000	-0.530326
chr18	65750000	66000000	-0.474162
chr18	66000000	66250000	-0.541623
chr18	66250000	66500000	-0.572374
chr18	66500000	66750000	-0.454681
chr18	66750000	67000000	-0.553424
chr18	67000000	67250000	-0.44305
chr18	67250000	67500000	-0.453335
chr18	67500000	67750000	-0.336882
chr18	67750000	68000000	-0.481275
chr18	68000000	68250000	-0.416685
chr18	68250000	68500000	-0.484735
chr18	68500000	68750000	-0.340465
chr18	68750000	69000000	-0.486139
chr18	69000000	69250000	-0.589035
chr18	69250000	69500000	-0.544831
chr18	69500000	69750000	-0.42567
chr18	69750000	70000000	-0.409023
chr18	70000000	70250000	-0.348933
chr18	70250000	70500000	-0.262887
chr18	70500000	70750000	-0.560035
chr18	70750000	71000000	-0.528126
chr18	71000000	71250000	-0.545769
chr18	71250000	71500000	-0.483542
chr18	71500000	71750000	-0.593018
chr18	71750000	72000000	-0.582909
chr18	72000000	72250000	-0.551099
chr18	72250000	72500000	-0.595541
chr18	72500000	72750000	-0.465042
chr18	72750000	73000000	-0.372761
chr18	73000000	73250000	-0.461785
chr18	73250000	73500000	-0.497621
chr18	73500000	73750000	-0.58205
chr18	73750000	74000000	-0.445308
chr18	74000000	74250000	-0.0582826
chr18	74250000	74500000	0.298435
chr18	74500000	74750000	0.34948
chr18	74750000	75000000	0.283859
chr18	75000000	75250000	0.294378
chr18	75250000	75500000	0.19954
chr18	75500000	75750000	0.110231
chr18	75750000	76000000	0.110413
chr18	76000000	76250000	0.0512031
chr18	76250000	76500000	0.419897
chr18	76500000	76750000	0.73057
chr18	76750000	77000000	0.820848
chr18	77000000	77250000	0.641682
chr18	77250000	77500000	0.454856
chr18	77500000	77750000	0.359077
chr18	77750000	78000000	0.358391
chr18	78000000	78250000	0.385246
chr18	78250000	78500000	0.349986
chr18	78500000	78750000	0.514017
chr18	78750000	79000000	0.603626
chr18	79000000	79250000	0.763783
chr18	79250000	79500000	0.923099
chr18	79500000	79750000	1.11148
chr18	79750000	80000000	1.19359
chr18	80000000	80250000	1.12299
chr18	80250000	80373285	nan
#bedGraph section chr19:0-58617616
chr19	0	250000	nan
chr19	250000	500000	0.584499
chr19	500000	750000	0.966472
chr19	750000	1000000	0.927141
chr19	1000000	1250000	nan
chr19	1250000	1500000	0.965463
chr19	1500000	1750000	0.910548
chr19	1750000	2000000	0.814872
chr19	2000000	2250000	0.747134
chr19	2250000	2500000	0.645703
chr19	2500000	2750000	0.569981
chr19	2750000	3000000	0.467793
chr19	3000000	3250000	0.648173
chr19	3250000	3500000	0.632422
chr19	3500000	3750000	0.73491
chr19	3750000	4000000	0.718256
chr19	4000000	4250000	0.696996
chr19	4250000	4500000	0.663215
chr19	4500000	4750000	0.563333
chr19	4750000	5000000	0.373083
chr19	5000000	5250000	0.396938
chr19	5250000	5500000	0.354137
chr19	5500000	5750000	0.519256
chr19	5750000	6000000	0.526827
chr19	6000000	6250000	0.346381
chr19	6250000	6500000	0.407973
chr19	6500000	6750000	0.255136
chr19	6750000	7000000	0.131512
chr19	7000000	7250000	0.140628
chr19	7250000	7500000	0.25537
chr19	7500000	7750000	0.509318
chr19	7750000	8000000	0.579535
chr19	8000000	8250000	0.550089
chr19	8250000	8500000	0.345063
chr19	8500000	8750000	-0.26276
chr19	8750000	9000000	nan
chr19	9000000	9250000	-0.505892
chr19	9250000	9500000	-0.451241
chr19	9500000	9750000	-0.284904
chr19	9750000	10000000	0.0891806
chr19	10000000	10250000	0.491121
chr19	10250000	10500000	0.68496
chr19	10500000	10750000	0.719338
chr19	10750000	11000000	0.646039
chr19	11000000	11250000	0.685031
chr19	11250000	11500000	0.72413
chr19	11500000	11750000	0.390735
chr19	11750000	12000000	0.166258
chr19	12000000	12250000	0.209856
chr19	12250000	12500000	0.195434
chr19	12500000	12750000	0.569141
chr19	12750000	13000000	0.987376
chr19	13000000	13250000	0.731782
chr19	13250000	13500000	0.296078
chr19	13500000	13750000	0.298568
chr19	13750000	14000000	0.624755
chr19	14000000	14250000	0.659191
chr19	14250000	14500000	0.58205
chr19	14500000	14750000	0.194693
chr19	14750000	15000000	0.0379892
chr19	15000000	15250000	0.294193
chr19	15250000	15500000	0.298977
chr19	15500000	15750000	-0.285784
chr19	15750000	16000000	-0.41553
chr19	16000000	16250000	-0.0933909
chr19	16250000	16500000	0.206979
chr19	16500000	16750000	0.410741
chr19	16750000	17000000	0.460577
chr19	17000000	17250000	0.645277
chr19	17250000	17500000	0.883978
chr19	17500000	17750000	0.962828
chr19	17750000	18000000	0.870915
chr19	18000000	18250000	0.948304
chr19	18250000	18500000	0.725339
chr19	18500000	18750000	0.930248
chr19	18750000	19000000	0.879183
chr19	19000000	19250000	0.723105
chr19	19250000	19500000	0.622972
chr19	19500000	19750000	0.448725
chr19	19750000	20000000	0.103654
chr19	20000000	20250000	-0.0511973
chr19	20250000	20500000	-0.24559
chr19	20500000	20750000	-0.379161
chr19	20750000	21000000	-0.375304
chr19	21000000	21250000	-0.295078
chr19	21250000	21500000	-0.276522
chr19	21500000	21750000	-0.41706
chr19	21750000	22000000	-0.511977
chr19	22000000	22250000	-0.509034
chr19	22250000	22500000	-0.501199
chr19	22500000	22750000	-0.594671
chr19	22750000	23000000	-0.652998
chr19	23000000	23250000	-0.4425
chr19	23250000	23500000	-0.574945
chr19	23500000	23750000	-0.623854
chr19	23750000	24000000	-0.763453
chr19	24000000	24250000	-0.853776
chr19	24250000	24500000	nan
chr19	24500000	24750000	nan
chr19	24750000	25000000	nan
chr19	25000000	25250000	nan
chr19	25250000	25500000	nan
chr19	25500000	25750000	nan
chr19	25750000	26000000	nan
chr19	26000000	26250000	nan
chr19	26250000	26500000	nan
chr19	26500000	26750000	nan
chr19	26750000	27000000	nan
chr19	27000000	27250000	nan
chr19	27250000	27500000	nan
chr19	27500000	27750000	nan
chr19	27750000	28000000	-1.11253
chr19	28000000	28250000	-0.995941
chr19	28250000	28500000	-0.866902
chr19	28500000	28750000	-0.782239
chr19	28750000	29000000	-0.813658
chr19	29000000	29250000	-0.779789
chr19	29250000	29500000	-0.762087
chr19	29500000	29750000	-0.670328
chr19	29750000	30000000	-0.542886
chr19	30000000	30250000	-0.660654
chr19	30250000	30500000	-0.689052
chr19	30500000	30750000	-0.744166
chr19	30750000	31000000	-0.77826
chr19	31000000	31250000	-0.746242
chr19	31250000	31500000	-0.640699
chr19	31500000	31750000	-0.737035
chr19	31750000	32000000	-0.799097
chr19	32000000	32250000	-0.858741
chr19	32250000	32500000	-0.699256
chr19	32500000	32750000	-0.524121
chr19	32750000	33000000	-0.4425
chr19	33000000	33250000	-0.284966
chr19	33250000	33500000	-0.276891
chr19	33500000	33750000	-0.245762
chr19	33750000	34000000	-0.28725
chr19	34000000	34250000	-0.243874
chr19	34250000	34500000	0.0669855
chr19	34500000	34750000	-0.133786
chr19	34750000	35000000	0.0617841
chr19	35000000	35250000	0.532204
chr19	35250000	35500000	0.573844
chr19	35500000	35750000	0.898225
chr19	35750000	36000000	0.917372
chr19	36000000	36250000	0.562791
chr19	36250000	36500000	0.0484662
chr19	36500000	36750000	-0.00051825
chr19	36750000	37000000	-0.0638625
chr19	37000000	37250000	-0.162217
chr19	37250000	37500000	-0.0846521
chr19	37500000	37750000	-0.0712511
chr19	37750000	38000000	0.0764277
chr19	38000000	38250000	0.334722
chr19	38250000	38500000	0.678292
chr19	38500000	38750000	0.810666
chr19	38750000	39000000	0.739954
chr19	39000000	39250000	0.60741
chr19	39250000	39500000	0.759744
chr19	39500000	39750000	0.432174
chr19	39750000	40000000	0.402489
chr19	40000000	40250000	0.302
chr19	40250000	40500000	0.577999
chr19	40500000	40750000	0.610702
chr19	40750000	41000000	0.271675
chr19	41000000	41250000	0.20475
chr19	41250000	41500000	0.110004
chr19	41500000	41750000	-0.223439
chr19	41750000	42000000	0.253741
chr19	42000000	42250000	0.628952
chr19	42250000	42500000	0.279687
chr19	42500000	42750000	-0.481802
chr19	42750000	43000000	nan
chr19	43000000	43250000	nan
chr19	43250000	43500000	-0.467168
chr19	43500000	43750000	-0.0914193
chr19	43750000	44000000	-0.250322
chr19	44000000	44250000	-0.123613
chr19	44250000	44500000	-0.216512
chr19	44500000	44750000	0.100526
chr19	44750000	45000000	0.505088
chr19	45000000	45250000	0.721391
chr19	45250000	45500000	0.788152
chr19	45500000	45750000	0.772448
chr19	45750000	46000000	0.643856
chr19	46000000	46250000	0.295331
chr19	46250000	46500000	0.354411
chr19	46500000	46750000	0.455776
chr19	46750000	47000000	0.361773
chr19	47000000	47250000	0.385976
chr19	47250000	47500000	0.435756
chr19	47500000	47750000	0.423375
chr19	47750000	48000000	0.351604
chr19	48000000	48250000	0.358759
chr19	48250000	48500000	0.612076
chr19	48500000	48750000	0.692798
chr19	48750000	49000000	0.703243
chr19	49000000	49250000	0.773053
chr19	49250000	49500000	0.823416
chr19	49500000	49750000	0.996239
chr19	49750000	50000000	0.836864
chr19	50000000	50250000	0.378571
chr19	50250000	50500000	0.588476
chr19	50500000	50750000	0.35262
chr19	50750000	51000000	0.126473
chr19	51000000	51250000	-0.0281262
chr19	51250000	51500000	-0.0605921
chr19	51500000	51750000	-0.114015
chr19	51750000	52000000	-0.0396791
chr19	52000000	52250000	0.0187714
chr19	52250000	52500000	-0.00716856
chr19	52500000	52750000	0.0194655
chr19	52750000	53000000	0.0416756
chr19	53000000	53250000	0.0362939
chr19	53250000	53500000	0.0807294
chr19	53500000	53750000	0.250924
chr19	53750000	54000000	0.442849
chr19	54000000	54250000	0.548589
chr19	54250000	54500000	0.119497
chr19	54500000	54750000	-0.481957
chr19	54750000	55000000	-0.289884
chr19	55000000	55250000	0.405331
chr19	55250000	55500000	0.807714
chr19	55500000	55750000	0.256187
chr19	55750000	56000000	-0.55029
chr19	56000000	56250000	-0.320346
chr19	56250000	56500000	-0.397524
chr19	56500000	56750000	-0.527007
chr19	56750000	57000000	-0.646293
chr19	57000000	57250000	-0.602311
chr19	57250000	57500000	-0.30238
chr19	57500000	57750000	-0.0885051
chr19	57750000	58000000	0.145116
chr19	58000000	58250000	0.334848
chr19	58250000	58500000	0.651227
chr19	58500000	58617616	nan
#bedGraph section chr2:0-242193529
chr2	0	250000	0.903613
chr2	250000	500000	0.938956
chr2	500000	750000	0.824147
chr2	750000	1000000	0.914076
chr2	1000000	1250000	0.704731
chr2	1250000	1500000	0.638341
chr2	1500000	1750000	0.845943
chr2	1750000	2000000	0.423676
chr2	2000000	2250000	0.264405
chr2	2250000	2500000	0.153216
chr2	2500000	2750000	0.199077
chr2	2750000	3000000	0.220019
chr2	3000000	3250000	0.303702
chr2	3250000	3500000	0.556215
chr2	3500000	3750000	0.258698
chr2	3750000	4000000	-0.354452
chr2	4000000	4250000	-0.572704
chr2	4250000	4500000	-0.604035
chr2	4500000	4750000	-0.603101
chr2	4750000	5000000	-0.551813
chr2	5000000	5250000	-0.532252
chr2	5250000	5500000	-0.431208
chr2	5500000	5750000	-0.320489
chr2	5750000	6000000	-0.349177
chr2	6000000	6250000	-0.470986
chr2	6250000	6500000	-0.494208
chr2	6500000	6750000	-0.477623
chr2	6750000	7000000	-0.235025
chr2	7000000	7250000	-0.187215
chr2	7250000	7500000	-0.202147
chr2	7500000	7750000	-0.146334
chr2	7750000	8000000	-0.00609866
chr2	8000000	8250000	-0.059353
chr2	8250000	8500000	-0.0128102
chr2	8500000	8750000	0.0855871
chr2	8750000	9000000	0.266597
chr2	9000000	9250000	0.54896
chr2	9250000	9500000	0.810498
chr2	9500000	9750000	1.09726
chr2	9750000	10000000	1.14493
chr2	10000000	10250000	1.17398
chr2	10250000	10500000	1.22725
chr2	10500000	10750000	1.13304
chr2	10750000	11000000	0.890951
chr2	11000000	11250000	0.796614
chr2	11250000	11500000	0.711094
chr2	11500000	11750000	0.306863
chr2	11750000	12000000	-0.253043
chr2	12000000	12250000	-0.445973
chr2	12250000	12500000	-0.532386
chr2	12500000	12750000	-0.528518
chr2	12750000	13000000	-0.539915
chr2	13000000	13250000	-0.606498
chr2	13250000	13500000	-0.68638
chr2	13500000	13750000	-0.595148
chr2	13750000	14000000	-0.582836
chr2	14000000	14250000	-0.591002
chr2	14250000	14500000	-0.572599
chr2	14500000	14750000	-0.54824
chr2	14750000	15000000	-0.508572
chr2	15000000	15250000	-0.48537
chr2	15250000	15500000	-0.464343
chr2	15500000	15750000	-0.130488
chr2	15750000	16000000	0.0367892
chr2	16000000	16250000	0.110524
chr2	16250000	16500000	-0.174283
chr2	16500000	16750000	-0.366165
chr2	16750000	17000000	-0.577356
chr2	17000000	17250000	-0.658378
chr2	17250000	17500000	-0.527916
chr2	17500000	17750000	-0.163412
chr2	17750000	18000000	-0.347895
chr2	18000000	18250000	-0.575011
chr2	18250000	18500000	-0.53705
chr2	18500000	18750000	-0.515042
chr2	18750000	19000000	-0.555678
chr2	19000000	19250000	-0.561797
chr2	19250000	19500000	-0.490623
chr2	19500000	19750000	-0.51103
chr2	19750000	20000000	-0.102723
chr2	20000000	20250000	0.482108
chr2	20250000	20500000	0.413283
chr2	20500000	20750000	0.0359308
chr2	20750000	21000000	-0.399716
chr2	21000000	21250000	-0.484038
chr2	21250000	21500000	-0.49305
chr2	21500000	21750000	-0.589865
chr2	21750000	22000000	-0.581145
chr2	22000000	22250000	-0.59828
chr2	22250000	22500000	-0.559346
chr2	22500000	22750000	-0.616755
chr2	22750000	23000000	-0.505053
chr2	23000000	23250000	-0.469387
chr2	23250000	23500000	-0.128869
chr2	23500000	23750000	0.265416
chr2	23750000	24000000	0.732507
chr2	24000000	24250000	0.860538
chr2	24250000	24500000	0.838598
chr2	24500000	24750000	0.932566
chr2	24750000	25000000	1.00921
chr2	25000000	25250000	1.09477
chr2	25250000	25500000	1.14645
chr2	25500000	25750000	1.12055
chr2	25750000	26000000	1.1277
chr2	26000000	26250000	1.1721
chr2	26250000	26500000	1.14785
chr2	26500000	26750000	1.20271
chr2	26750000	27000000	1.16119
chr2	27000000	27250000	1.11749
chr2	27250000	27500000	1.10565
chr2	27500000	27750000	1.01389
chr2	27750000	28000000	0.735187
chr2	28000000	28250000	0.729328
chr2	28250000	28500000	0.72117
chr2	28500000	28750000	0.748284
chr2	28750000	29000000	0.707627
chr2	29000000	29250000	0.386903
chr2	29250000	29500000	0.30564
chr2	29500000	29750000	0.334364
chr2	29750000	30000000	0.26391
chr2	30000000	30250000	0.272835
chr2	30250000	30500000	0.455002
chr2	30500000	30750000	0.350631
chr2	30750000	31000000	0.152491
chr2	31000000	31250000	0.292278
chr2	31250000	31500000	0.261013
chr2	31500000	31750000	0.197707
chr2	31750000	32000000	0.489182
chr2	32000000	32250000	0.677267
chr2	32250000	32500000	0.725739
chr2	32500000	32750000	0.240811
chr2	32750000	33000000	-0.133846
chr2	33000000	33250000	-0.346392
chr2	33250000	33500000	-0.302783
chr2	33500000	33750000	-0.334182
chr2	33750000	34000000	-0.52193
chr2	34000000	34250000	-0.522554
chr2	34250000	34500000	-0.565229
chr2	34500000	34750000	-0.524564
chr2	34750000	35000000	-0.564764
chr2	35000000	35250000	-0.543269
chr2	35250000	35500000	-0.557765
chr2	35500000	35750000	-0.648494
chr2	35750000	36000000	-0.568678
chr2	36000000	36250000	-0.657257
chr2	36250000	36500000	-0.288714
chr2	36500000	36750000	-0.116677
chr2	36750000	37000000	0.27309
chr2	37000000	37250000	0.514103
chr2	37250000	37500000	0.362739
chr2	37500000	37750000	0.335717
chr2	37750000	38000000	0.292861
chr2	38000000	38250000	0.465091
chr2	38250000	38500000	0.613944
chr2	38500000	38750000	0.715546
chr2	38750000	39000000	0.536943
chr2	39000000	39250000	0.367492
chr2	39250000	39500000	0.0804562
chr2	39500000	39750000	-0.145969
chr2	39750000	40000000	-0.465551
chr2	40000000	40250000	-0.627713
chr2	40250000	40500000	-0.627224
chr2	40500000	40750000	-0.644914
chr2	40750000	41000000	-0.615319
chr2	41000000	41250000	-0.728782
chr2	41250000	41500000	-0.634731
chr2	41500000	41750000	-0.722069
chr2	41750000	42000000	-0.191473
chr2	42000000	42250000	0.165844
chr2	42250000	42500000	0.599515
chr2	42500000	42750000	0.859996
chr2	42750000	43000000	0.77917
chr2	43000000	43250000	0.908237
chr2	43250000	43500000	0.854281
chr2	43500000	43750000	0.898235
chr2	43750000	44000000	0.956699
chr2	44000000	44250000	0.965684
chr2	44250000	44500000	0.837347
chr2	44500000	44750000	0.8298
chr2	44750000	45000000	0.77428
chr2	45000000	45250000	0.786552
chr2	45250000	45500000	0.771427
chr2	45500000	45750000	0.748665
chr2	45750000	46000000	0.723037
chr2	46000000	46250000	0.748575
chr2	46250000	46500000	0.737982
chr2	46500000	46750000	0.840719
chr2	46750000	47000000	0.830819
chr2	47000000	47250000	1.02639
chr2	47250000	47500000	0.921038
chr2	47500000	47750000	0.843924
chr2	47750000	48000000	0.482351
chr2	48000000	48250000	0.311154
chr2	48250000	48500000	0.278821
chr2	48500000	48750000	-0.236638
chr2	48750000	49000000	-0.448955
chr2	49000000	49250000	-0.581605
chr2	49250000	49500000	-0.60586
chr2	49500000	49750000	-0.553121
chr2	49750000	50000000	-0.518978
chr2	50000000	50250000	-0.481906
chr2	50250000	50500000	-0.441511
chr2	50500000	50750000	-0.383398
chr2	50750000	51000000	-0.4053
chr2	51000000	51250000	-0.475614
chr2	51250000	51500000	-0.499145
chr2	51500000	51750000	-0.519373
chr2	51750000	52000000	-0.512933
chr2	52000000	52250000	-0.513059
chr2	52250000	52500000	-0.452717
chr2	52500000	52750000	-0.513266
chr2	52750000	53000000	-0.542954
chr2	53000000	53250000	-0.54625
chr2	53250000	53500000	-0.545237
chr2	53500000	53750000	-0.413776
chr2	53750000	54000000	0.235972
chr2	54000000	54250000	0.190347
chr2	54250000	54500000	0.250809
chr2	54500000	54750000	0.388592
chr2	54750000	55000000	0.443081
chr2	55000000	55250000	0.582009
chr2	55250000	55500000	0.484493
chr2	55500000	55750000	0.155602
chr2	55750000	56000000	-0.408912
chr2	56000000	56250000	-0.402995
chr2	56250000	56500000	-0.539061
chr2	56500000	56750000	-0.550168
chr2	56750000	57000000	-0.552675
chr2	57000000	57250000	-0.578911
chr2	57250000	57500000	-0.524796
chr2	57500000	57750000	-0.435252
chr2	57750000	58000000	-0.470539
chr2	58000000	58250000	-0.302527
chr2	58250000	58500000	-0.232476
chr2	58500000	58750000	-0.242741
chr2	58750000	59000000	-0.376528
chr2	59000000	59250000	-0.455007
chr2	59250000	59500000	-0.494558
chr2	59500000	59750000	-0.499849
chr2	59750000	60000000	-0.440679
chr2	60000000	60250000	-0.34844
chr2	60250000	60500000	-0.0365467
chr2	60500000	60750000	0.243291
chr2	60750000	61000000	0.625603
chr2	61000000	61250000	0.750346
chr2	61250000	61500000	0.9563
chr2	61500000	61750000	0.894117
chr2	61750000	62000000	0.633964
chr2	62000000	62250000	0.635644
chr2	62250000	62500000	0.535086
chr2	62500000	62750000	0.452872
chr2	62750000	63000000	0.35914
chr2	63000000	63250000	0.348775
chr2	63250000	63500000	0.345869
chr2	63500000	63750000	0.535896
chr2	63750000	64000000	0.619002
chr2	64000000	64250000	0.674688
chr2	64250000	64500000	0.681949
chr2	64500000	64750000	0.63211
chr2	64750000	65000000	0.649465
chr2	65000000	65250000	0.578045
chr2	65250000	65500000	0.459589
chr2	65500000	65750000	0.138024
chr2	65750000	66000000	-0.0594874
chr2	66000000	66250000	-0.0538803
chr2	66250000	66500000	-0.0272667
chr2	66500000	66750000	-0.0975931
chr2	66750000	67000000	-0.219938
chr2	67000000	67250000	-0.224911
chr2	67250000	67500000	-0.0993247
chr2	67500000	67750000	-0.165695
chr2	67750000	68000000	-0.130048
chr2	68000000	68250000	0.16793
chr2	68250000	68500000	0.259883
chr2	68500000	68750000	0.255934
chr2	68750000	69000000	0.322351
chr2	69000000	69250000	0.52428
chr2	69250000	69500000	0.688739
chr2	69500000	69750000	0.854231
chr2	69750000	70000000	0.958356
chr2	70000000	70250000	1.01233
chr2	70250000	70500000	0.946902
chr2	70500000	70750000	1.07389
chr2	70750000	71000000	0.974041
chr2	71000000	71250000	0.98382
chr2	71250000	71500000	0.963581
chr2	71500000	71750000	0.723191
chr2	71750000	72000000	0.679134
chr2	72000000	72250000	0.621749
chr2	72250000	72500000	0.624287
chr2	72500000	72750000	0.659105
chr2	72750000	73000000	0.855928
chr2	73000000	73250000	1.04033
chr2	73250000	73500000	1.03812
chr2	73500000	73750000	1.00426
chr2	73750000	74000000	1.09363
chr2	74000000	74250000	1.1604
chr2	74250000	74500000	1.11712
chr2	74500000	74750000	0.95852
chr2	74750000	75000000	0.727679
chr2	75000000	75250000	0.471788
chr2	75250000	75500000	0.376324
chr2	75500000	75750000	0.240078
chr2	75750000	76000000	-0.186934
chr2	76000000	76250000	-0.240035
chr2	76250000	76500000	-0.177284
chr2	76500000	76750000	-0.103615
chr2	76750000	77000000	-0.175865
chr2	77000000	77250000	-0.159961
chr2	77250000	77500000	-0.292198
chr2	77500000	77750000	-0.326714
chr2	77750000	78000000	-0.355727
chr2	78000000	78250000	-0.421262
chr2	78250000	78500000	-0.407456
chr2	78500000	78750000	-0.416537
chr2	78750000	79000000	-0.357354
chr2	79000000	79250000	-0.307649
chr2	79250000	79500000	-0.245692
chr2	79500000	79750000	-0.117761
chr2	79750000	80000000	-0.119001
chr2	80000000	80250000	-0.190317
chr2	80250000	80500000	-0.22738
chr2	80500000	80750000	-0.362915
chr2	80750000	81000000	-0.359922
chr2	81000000	81250000	-0.37932
chr2	81250000	81500000	-0.353697
chr2	81500000	81750000	-0.368221
chr2	81750000	82000000	-0.340175
chr2	82000000	82250000	-0.336205
chr2	82250000	82500000	-0.341184
chr2	82500000	82750000	-0.37918
chr2	82750000	83000000	-0.349342
chr2	83000000	83250000	-0.306844
chr2	83250000	83500000	-0.314367
chr2	83500000	83750000	-0.345197
chr2	83750000	84000000	-0.328052
chr2	84000000	84250000	-0.353309
chr2	84250000	84500000	-0.221369
chr2	84500000	84750000	-0.068219
chr2	84750000	85000000	0.315524
chr2	85000000	85250000	0.856044
chr2	85250000	85500000	1.07655
chr2	85500000	85750000	1.19733
chr2	85750000	86000000	1.22623
chr2	86000000	86250000	1.15029
chr2	86250000	86500000	1.1185
chr2	86500000	86750000	0.977536
chr2	86750000	87000000	nan
chr2	87000000	87250000	nan
chr2	87250000	87500000	nan
chr2	87500000	87750000	nan
chr2	87750000	88000000	nan
chr2	88000000	88250000	0.713246
chr2	88250000	88500000	0.732557
chr2	88500000	88750000	0.690774
chr2	88750000	89000000	0.464215
chr2	89000000	89250000	nan
chr2	89250000	89500000	nan
chr2	89500000	89750000	nan
chr2	89750000	90000000	nan
chr2	90000000	90250000	nan
chr2	90250000	90500000	nan
chr2	90500000	90750000	nan
chr2	90750000	91000000	nan
chr2	91000000	91250000	nan
chr2	91250000	91500000	nan
chr2	91500000	91750000	nan
chr2	91750000	92000000	nan
chr2	92000000	92250000	nan
chr2	92250000	92500000	nan
chr2	92500000	92750000	nan
chr2	92750000	93000000	nan
chr2	93000000	93250000	nan
chr2	93250000	93500000	nan
chr2	93500000	93750000	nan
chr2	93750000	94000000	nan
chr2	94000000	94250000	nan
chr2	94250000	94500000	nan
chr2	94500000	94750000	nan
chr2	94750000	95000000	nan
chr2	95000000	95250000	0.592047
chr2	95250000	95500000	nan
chr2	95500000	95750000	nan
chr2	95750000	96000000	nan
chr2	96000000	96250000	0.837123
chr2	96250000	96500000	0.93121
chr2	96500000	96750000	0.960609
chr2	96750000	97000000	0.97782
chr2	97000000	97250000	0.860565
chr2	97250000	97500000	nan
chr2	97500000	97750000	nan
chr2	97750000	98000000	0.743265
chr2	98000000	98250000	0.783479
chr2	98250000	98500000	0.798606
chr2	98500000	98750000	0.703794
chr2	98750000	99000000	0.701165
chr2	99000000	99250000	0.68629
chr2	99250000	99500000	0.806614
chr2	99500000	99750000	0.560925
chr2	99750000	100000000	0.583525
chr2	100000000	100250000	0.558346
chr2	100250000	100500000	0.599923
chr2	100500000	100750000	0.663497
chr2	100750000	101000000	0.776042
chr2	101000000	101250000	0.794581
chr2	101250000	101500000	0.627447
chr2	101500000	101750000	0.600783
chr2	101750000	102000000	0.437908
chr2	102000000	102250000	0.145194
chr2	102250000	102500000	0.0475395
chr2	102500000	102750000	0.0158668
chr2	102750000	103000000	-0.137889
chr2	103000000	103250000	-0.244363
chr2	103250000	103500000	-0.221424
chr2	103500000	103750000	-0.260627
chr2	103750000	104000000	-0.19033
chr2	104000000	104250000	-0.157471
chr2	104250000	104500000	-0.0889605
chr2	104500000	104750000	-0.0323871
chr2	104750000	105000000	0.147436
chr2	105000000	105250000	0.39168
chr2	105250000	105500000	0.551162
chr2	105500000	105750000	0.481959
chr2	105750000	106000000	0.490743
chr2	106000000	106250000	0.303879
chr2	106250000	106500000	0.141758
chr2	106500000	106750000	-0.0312588
chr2	106750000	107000000	-0.0703041
chr2	107000000	107250000	-0.129496
chr2	107250000	107500000	-0.148138
chr2	107500000	107750000	-0.124496
chr2	107750000	108000000	-0.114137
chr2	108000000	108250000	-0.0720363
chr2	108250000	108500000	0.261455
chr2	108500000	108750000	0.609922
chr2	108750000	109000000	0.785558
chr2	109000000	109250000	0.850273
chr2	109250000	109500000	0.948348
chr2	109500000	109750000	0.957764
chr2	109750000	110000000	nan
chr2	110000000	110250000	0.993302
chr2	110250000	110500000	nan
chr2	110500000	110750000	nan
chr2	110750000	111000000	1.01779
chr2	111000000	111250000	0.897591
chr2	111250000	111500000	nan
chr2	111500000	111750000	0.871663
chr2	111750000	112000000	1.05029
chr2	112000000	112250000	1.034
chr2	112250000	112500000	1.03278
chr2	112500000	112750000	1.02858
chr2	112750000	113000000	0.898455
chr2	113000000	113250000	0.817348
chr2	113250000	113500000	0.717965
chr2	113500000	113750000	nan
chr2	113750000	114000000	0.18394
chr2	114000000	114250000	-0.237384
chr2	114250000	114500000	-0.281739
chr2	114500000	114750000	-0.219144
chr2	114750000	115000000	-0.280534
chr2	115000000	115250000	-0.213818
chr2	115250000	115500000	-0.231778
chr2	115500000	115750000	-0.254954
chr2	115750000	116000000	-0.330836
chr2	116000000	116250000	-0.355199
chr2	116250000	116500000	-0.371119
chr2	116500000	116750000	-0.368587
chr2	116750000	117000000	-0.372895
chr2	117000000	117250000	-0.331307
chr2	117250000	117500000	-0.274786
chr2	117500000	117750000	-0.214526
chr2	117750000	118000000	0.195491
chr2	118000000	118250000	0.468152
chr2	118250000	118500000	0.56285
chr2	118500000	118750000	0.604345
chr2	118750000	119000000	0.575733
chr2	119000000	119250000	0.800646
chr2	119250000	119500000	0.858602
chr2	119500000	119750000	0.856455
chr2	119750000	120000000	1.01144
chr2	120000000	120250000	0.893162
chr2	120250000	120500000	0.907308
chr2	120500000	120750000	0.91396
chr2	120750000	121000000	0.973102
chr2	121000000	121250000	0.749104
chr2	121250000	121500000	0.795433
chr2	121500000	121750000	0.731023
chr2	121750000	122000000	0.0764013
chr2	122000000	122250000	-0.188575
chr2	122250000	122500000	-0.32066
chr2	122500000	122750000	-0.331329
chr2	122750000	123000000	-0.395381
chr2	123000000	123250000	-0.4477
chr2	123250000	123500000	-0.450505
chr2	123500000	123750000	-0.428768
chr2	123750000	124000000	-0.375762
chr2	124000000	124250000	-0.253128
chr2	124250000	124500000	-0.248588
chr2	124500000	124750000	-0.280807
chr2	124750000	125000000	-0.315428
chr2	125000000	125250000	-0.389926
chr2	125250000	125500000	-0.392185
chr2	125500000	125750000	-0.373553
chr2	125750000	126000000	-0.412543
chr2	126000000	126250000	-0.413468
chr2	126250000	126500000	-0.390478
chr2	126500000	126750000	-0.250938
chr2	126750000	127000000	-0.0499217
chr2	127000000	127250000	0.482371
chr2	127250000	127500000	1.0319
chr2	127500000	127750000	1.21002
chr2	127750000	128000000	1.31859
chr2	128000000	128250000	1.01069
chr2	128250000	128500000	0.718542
chr2	128500000	128750000	0.564574
chr2	128750000	129000000	0.338282
chr2	129000000	129250000	0.335809
chr2	129250000	129500000	0.318608
chr2	129500000	129750000	0.447737
chr2	129750000	130000000	0.470917
chr2	130000000	130250000	nan
chr2	130250000	130500000	0.869603
chr2	130500000	130750000	nan
chr2	130750000	131000000	0.945657
chr2	131000000	131250000	0.880817
chr2	131250000	131500000	0.603479
chr2	131500000	131750000	0.214604
chr2	131750000	132000000	nan
chr2	132000000	132250000	nan
chr2	132250000	132500000	-0.0104241
chr2	132500000	132750000	-0.0760113
chr2	132750000	133000000	-0.147016
chr2	133000000	133250000	-0.15177
chr2	133250000	133500000	-0.163631
chr2	133500000	133750000	-0.123268
chr2	133750000	134000000	-0.056646
chr2	134000000	134250000	0.162019
chr2	134250000	134500000	0.173403
chr2	134500000	134750000	0.260944
chr2	134750000	135000000	0.356531
chr2	135000000	135250000	0.540902
chr2	135250000	135500000	0.509919
chr2	135500000	135750000	0.678131
chr2	135750000	136000000	0.404309
chr2	136000000	136250000	0.0716943
chr2	136250000	136500000	-0.161038
chr2	136500000	136750000	-0.442789
chr2	136750000	137000000	-0.457995
chr2	137000000	137250000	-0.522854
chr2	137250000	137500000	-0.537664
chr2	137500000	137750000	-0.544959
chr2	137750000	138000000	-0.425495
chr2	138000000	138250000	-0.460415
chr2	138250000	138500000	-0.400989
chr2	138500000	138750000	-0.275881
chr2	138750000	139000000	-0.379351
chr2	139000000	139250000	-0.499131
chr2	139250000	139500000	-0.448863
chr2	139500000	139750000	-0.387927
chr2	139750000	140000000	-0.374173
chr2	140000000	140250000	-0.4673
chr2	140250000	140500000	-0.505842
chr2	140500000	140750000	-0.458769
chr2	140750000	141000000	-0.381681
chr2	141000000	141250000	-0.415181
chr2	141250000	141500000	-0.427561
chr2	141500000	141750000	-0.353233
chr2	141750000	142000000	-0.355397
chr2	142000000	142250000	-0.442774
chr2	142250000	142500000	-0.584731
chr2	142500000	142750000	-0.535008
chr2	142750000	143000000	-0.520664
chr2	143000000	143250000	-0.552698
chr2	143250000	143500000	-0.529319
chr2	143500000	143750000	-0.337328
chr2	143750000	144000000	-0.155929
chr2	144000000	144250000	-0.154895
chr2	144250000	144500000	-0.0849435
chr2	144500000	144750000	-0.262246
chr2	144750000	145000000	-0.415573
chr2	145000000	145250000	-0.461941
chr2	145250000	145500000	-0.495308
chr2	145500000	145750000	-0.482071
chr2	145750000	146000000	-0.478081
chr2	146000000	146250000	-0.528388
chr2	146250000	146500000	-0.462938
chr2	146500000	146750000	-0.335404
chr2	146750000	147000000	-0.469164
chr2	147000000	147250000	-0.499341
chr2	147250000	147500000	-0.481213
chr2	147500000	147750000	-0.493402
chr2	147750000	148000000	-0.257035
chr2	148000000	148250000	-0.0624763
chr2	148250000	148500000	-0.13073
chr2	148500000	148750000	0.293199
chr2	148750000	149000000	0.456241
chr2	149000000	149250000	0.0844049
chr2	149250000	149500000	0.0653981
chr2	149500000	149750000	-0.051447
chr2	149750000	150000000	-0.107518
chr2	150000000	150250000	-0.0536253
chr2	150250000	150500000	-0.00634773
chr2	150500000	150750000	0.110953
chr2	150750000	151000000	0.17768
chr2	151000000	151250000	0.184268
chr2	151250000	151500000	0.609999
chr2	151500000	151750000	0.630203
chr2	151750000	152000000	0.664763
chr2	152000000	152250000	0.564491
chr2	152250000	152500000	0.71007
chr2	152500000	152750000	0.450379
chr2	152750000	153000000	-0.488017
chr2	153000000	153250000	-0.579494
chr2	153250000	153500000	-0.466181
chr2	153500000	153750000	-0.527459
chr2	153750000	154000000	-0.585615
chr2	154000000	154250000	-0.599543
chr2	154250000	154500000	-0.482072
chr2	154500000	154750000	-0.494721
chr2	154750000	155000000	-0.611204
chr2	155000000	155250000	-0.59225
chr2	155250000	155500000	-0.504301
chr2	155500000	155750000	-0.596037
chr2	155750000	156000000	-0.508692
chr2	156000000	156250000	-0.362347
chr2	156250000	156500000	-0.252686
chr2	156500000	156750000	-0.296131
chr2	156750000	157000000	-0.45621
chr2	157000000	157250000	-0.542164
chr2	157250000	157500000	-0.401152
chr2	157500000	157750000	-0.206561
chr2	157750000	158000000	0.0532103
chr2	158000000	158250000	-0.0692535
chr2	158250000	158500000	-0.0406221
chr2	158500000	158750000	0.110995
chr2	158750000	159000000	0.251152
chr2	159000000	159250000	0.385479
chr2	159250000	159500000	0.501644
chr2	159500000	159750000	0.743053
chr2	159750000	160000000	0.385512
chr2	160000000	160250000	0.00665978
chr2	160250000	160500000	0.0553964
chr2	160500000	160750000	-0.170566
chr2	160750000	161000000	-0.196286
chr2	161000000	161250000	-0.220173
chr2	161250000	161500000	-0.249641
chr2	161500000	161750000	-0.645475
chr2	161750000	162000000	-0.679914
chr2	162000000	162250000	-0.547226
chr2	162250000	162500000	-0.595209
chr2	162500000	162750000	-0.664552
chr2	162750000	163000000	-0.589808
chr2	163000000	163250000	-0.553318
chr2	163250000	163500000	-0.585709
chr2	163500000	163750000	-0.44141
chr2	163750000	164000000	-0.575822
chr2	164000000	164250000	-0.56026
chr2	164250000	164500000	-0.548493
chr2	164500000	164750000	-0.397052
chr2	164750000	165000000	-0.3792
chr2	165000000	165250000	-0.415883
chr2	165250000	165500000	-0.303494
chr2	165500000	165750000	-0.143903
chr2	165750000	166000000	-0.18764
chr2	166000000	166250000	-0.542839
chr2	166250000	166500000	-0.612359
chr2	166500000	166750000	-0.583306
chr2	166750000	167000000	-0.55644
chr2	167000000	167250000	-0.48004
chr2	167250000	167500000	-0.0570045
chr2	167500000	167750000	-0.139443
chr2	167750000	168000000	-0.129873
chr2	168000000	168250000	0.0688718
chr2	168250000	168500000	0.349377
chr2	168500000	168750000	0.513991
chr2	168750000	169000000	0.463025
chr2	169000000	169250000	0.54564
chr2	169250000	169500000	0.658367
chr2	169500000	169750000	1.0966
chr2	169750000	170000000	1.05067
chr2	170000000	170250000	1.0618
chr2	170250000	170500000	0.862397
chr2	170500000	170750000	0.969416
chr2	170750000	171000000	0.90314
chr2	171000000	171250000	1.33439
chr2	171250000	171500000	1.28426
chr2	171500000	171750000	1.01689
chr2	171750000	172000000	1.15593
chr2	172000000	172250000	1.06967
chr2	172250000	172500000	1.17294
chr2	172500000	172750000	0.931653
chr2	172750000	173000000	0.819639
chr2	173000000	173250000	0.865296
chr2	173250000	173500000	0.785948
chr2	173500000	173750000	0.806178
chr2	173750000	174000000	0.938202
chr2	174000000	174250000	1.00981
chr2	174250000	174500000	0.868877
chr2	174500000	174750000	0.744136
chr2	174750000	175000000	0.994953
chr2	175000000	175250000	0.640704
chr2	175250000	175500000	0.337785
chr2	175500000	175750000	0.363196
chr2	175750000	176000000	0.370138
chr2	176000000	176250000	0.405909
chr2	176250000	176500000	0.574765
chr2	176500000	176750000	0.453017
chr2	176750000	177000000	0.46537
chr2	177000000	177250000	0.527203
chr2	177250000	177500000	0.625873
chr2	177500000	177750000	0.584135
chr2	177750000	178000000	0.126996
chr2	178000000	178250000	0.0620112
chr2	178250000	178500000	0.0409567
chr2	178500000	178750000	-0.371958
chr2	178750000	179000000	-0.469052
chr2	179000000	179250000	-0.393789
chr2	179250000	179500000	-0.426909
chr2	179500000	179750000	-0.50737
chr2	179750000	180000000	-0.375467
chr2	180000000	180250000	-0.376491
chr2	180250000	180500000	-0.524139
chr2	180500000	180750000	-0.50949
chr2	180750000	181000000	-0.449775
chr2	181000000	181250000	-0.380832
chr2	181250000	181500000	-0.506777
chr2	181500000	181750000	-0.443041
chr2	181750000	182000000	-0.537896
chr2	182000000	182250000	-0.546679
chr2	182250000	182500000	-0.652786
chr2	182500000	182750000	-0.4156
chr2	182750000	183000000	0.0619029
chr2	183000000	183250000	0.0256728
chr2	183250000	183500000	-0.518048
chr2	183500000	183750000	-0.578729
chr2	183750000	184000000	-0.619072
chr2	184000000	184250000	-0.546234
chr2	184250000	184500000	-0.611002
chr2	184500000	184750000	-0.555314
chr2	184750000	185000000	-0.650758
chr2	185000000	185250000	-0.562534
chr2	185250000	185500000	-0.543205
chr2	185500000	185750000	-0.538371
chr2	185750000	186000000	-0.597822
chr2	186000000	186250000	-0.623036
chr2	186250000	186500000	-0.527458
chr2	186500000	186750000	-0.290992
chr2	186750000	187000000	-0.523155
chr2	187000000	187250000	-0.623928
chr2	187250000	187500000	-0.510352
chr2	187500000	187750000	-0.221406
chr2	187750000	188000000	-0.17988
chr2	188000000	188250000	-0.0156981
chr2	188250000	188500000	0.1713
chr2	188500000	188750000	-0.388294
chr2	188750000	189000000	-0.570088
chr2	189000000	189250000	-0.42287
chr2	189250000	189500000	-0.349487
chr2	189500000	189750000	-0.17873
chr2	189750000	190000000	-0.0904219
chr2	190000000	190250000	-0.138742
chr2	190250000	190500000	0.00829207
chr2	190500000	190750000	0.106179
chr2	190750000	191000000	0.298642
chr2	191000000	191250000	-0.0759237
chr2	191250000	191500000	-0.0966571
chr2	191500000	191750000	-0.364396
chr2	191750000	192000000	-0.527573
chr2	192000000	192250000	-0.557896
chr2	192250000	192500000	-0.641921
chr2	192500000	192750000	-0.606105
chr2	192750000	193000000	-0.605727
chr2	193000000	193250000	-0.622544
chr2	193250000	193500000	-0.589809
chr2	193500000	193750000	-0.581474
chr2	193750000	194000000	-0.609287
chr2	194000000	194250000	-0.628814
chr2	194250000	194500000	-0.656113
chr2	194500000	194750000	-0.634897
chr2	194750000	195000000	-0.636352
chr2	195000000	195250000	-0.66875
chr2	195250000	195500000	-0.468474
chr2	195500000	195750000	-0.14101
chr2	195750000	196000000	-0.421018
chr2	196000000	196250000	-0.359734
chr2	196250000	196500000	-0.382812
chr2	196500000	196750000	-0.217973
chr2	196750000	197000000	0.0227662
chr2	197000000	197250000	-0.0768855
chr2	197250000	197500000	0.175748
chr2	197500000	197750000	0.110299
chr2	197750000	198000000	-0.467612
chr2	198000000	198250000	-0.564819
chr2	198250000	198500000	-0.517292
chr2	198500000	198750000	-0.621621
chr2	198750000	199000000	-0.572036
chr2	199000000	199250000	-0.531216
chr2	199250000	199500000	-0.415204
chr2	199500000	199750000	-0.301371
chr2	199750000	200000000	0.0545466
chr2	200000000	200250000	0.395375
chr2	200250000	200500000	0.426464
chr2	200500000	200750000	0.553557
chr2	200750000	201000000	0.985161
chr2	201000000	201250000	1.0373
chr2	201250000	201500000	1.0172
chr2	201500000	201750000	0.944627
chr2	201750000	202000000	1.22986
chr2	202000000	202250000	1.18978
chr2	202250000	202500000	1.11373
chr2	202500000	202750000	0.864038
chr2	202750000	203000000	0.813768
chr2	203000000	203250000	0.664886
chr2	203250000	203500000	0.659846
chr2	203500000	203750000	0.525019
chr2	203750000	204000000	0.309238
chr2	204000000	204250000	0.166778
chr2	204250000	204500000	0.11677
chr2	204500000	204750000	0.0861807
chr2	204750000	205000000	0.0367316
chr2	205000000	205250000	0.135179
chr2	205250000	205500000	0.215982
chr2	205500000	205750000	0.267221
chr2	205750000	206000000	0.524793
chr2	206000000	206250000	0.940743
chr2	206250000	206500000	0.777387
chr2	206500000	206750000	0.646463
chr2	206750000	207000000	0.654635
chr2	207000000	207250000	0.804208
chr2	207250000	207500000	0.73969
chr2	207500000	207750000	0.751879
chr2	207750000	208000000	0.914854
chr2	208000000	208250000	0.563801
chr2	208250000	208500000	-0.0494552
chr2	208500000	208750000	-0.573499
chr2	208750000	209000000	-0.553131
chr2	209000000	209250000	-0.455671
chr2	209250000	209500000	-0.382821
chr2	209500000	209750000	-0.483759
chr2	209750000	210000000	-0.465859
chr2	210000000	210250000	-0.33601
chr2	210250000	210500000	-0.56579
chr2	210500000	210750000	-0.557973
chr2	210750000	211000000	-0.682227
chr2	211000000	211250000	-0.552786
chr2	211250000	211500000	-0.528424
chr2	211500000	211750000	-0.555112
chr2	211750000	212000000	-0.565724
chr2	212000000	212250000	-0.562343
chr2	212250000	212500000	-0.602546
chr2	212500000	212750000	-0.490715
chr2	212750000	213000000	-0.554292
chr2	213000000	213250000	-0.45993
chr2	213250000	213500000	-0.517598
chr2	213500000	213750000	-0.578432
chr2	213750000	214000000	-0.558884
chr2	214000000	214250000	-0.577141
chr2	214250000	214500000	-0.558984
chr2	214500000	214750000	-0.5327
chr2	214750000	215000000	-0.504497
chr2	215000000	215250000	-0.591021
chr2	215250000	215500000	-0.17107
chr2	215500000	215750000	-0.255338
chr2	215750000	216000000	-0.0848918
chr2	216000000	216250000	0.641254
chr2	216250000	216500000	0.74864
chr2	216500000	216750000	0.526818
chr2	216750000	217000000	0.342103
chr2	217000000	217250000	0.325322
chr2	217250000	217500000	0.358314
chr2	217500000	217750000	0.329888
chr2	217750000	218000000	0.708826
chr2	218000000	218250000	0.901906
chr2	218250000	218500000	1.16001
chr2	218500000	218750000	1.18296
chr2	218750000	219000000	1.10187
chr2	219000000	219250000	1.07176
chr2	219250000	219500000	0.952148
chr2	219500000	219750000	0.431464
chr2	219750000	220000000	-0.139471
chr2	220000000	220250000	-0.263136
chr2	220250000	220500000	-0.363142
chr2	220500000	220750000	-0.331988
chr2	220750000	221000000	-0.349731
chr2	221000000	221250000	-0.333031
chr2	221250000	221500000	-0.27346
chr2	221500000	221750000	-0.226053
chr2	221750000	222000000	-0.239723
chr2	222000000	222250000	-0.108591
chr2	222250000	222500000	-0.020513
chr2	222500000	222750000	0.0342579
chr2	222750000	223000000	-0.00621644
chr2	223000000	223250000	-0.335024
chr2	223250000	223500000	-0.417537
chr2	223500000	223750000	-0.275853
chr2	223750000	224000000	-0.0444557
chr2	224000000	224250000	-0.289969
chr2	224250000	224500000	-0.21288
chr2	224500000	224750000	-0.254367
chr2	224750000	225000000	-0.502105
chr2	225000000	225250000	-0.529086
chr2	225250000	225500000	-0.573626
chr2	225500000	225750000	-0.504107
chr2	225750000	226000000	-0.56894
chr2	226000000	226250000	-0.492288
chr2	226250000	226500000	-0.509014
chr2	226500000	226750000	-0.455732
chr2	226750000	227000000	-0.336959
chr2	227000000	227250000	-0.259843
chr2	227250000	227500000	-0.112759
chr2	227500000	227750000	-0.0591678
chr2	227750000	228000000	-0.362209
chr2	228000000	228250000	-0.542185
chr2	228250000	228500000	-0.567319
chr2	228500000	228750000	-0.50524
chr2	228750000	229000000	-0.653858
chr2	229000000	229250000	-0.592972
chr2	229250000	229500000	-0.513853
chr2	229500000	229750000	-0.430072
chr2	229750000	230000000	0.0810162
chr2	230000000	230250000	-0.176232
chr2	230250000	230500000	-0.235753
chr2	230500000	230750000	-0.0291026
chr2	230750000	231000000	0.497796
chr2	231000000	231250000	0.925862
chr2	231250000	231500000	1.09778
chr2	231500000	231750000	1.17387
chr2	231750000	232000000	1.0899
chr2	232000000	232250000	1.13548
chr2	232250000	232500000	1.03126
chr2	232500000	232750000	1.00981
chr2	232750000	233000000	0.99218
chr2	233000000	233250000	0.974308
chr2	233250000	233500000	0.744689
chr2	233500000	233750000	0.667946
chr2	233750000	234000000	0.564728
chr2	234000000	234250000	0.523888
chr2	234250000	234500000	0.540421
chr2	234500000	234750000	0.568323
chr2	234750000	235000000	0.654186
chr2	235000000	235250000	0.493281
chr2	235250000	235500000	0.600308
chr2	235500000	235750000	0.7058
chr2	235750000	236000000	0.676825
chr2	236000000	236250000	0.730366
chr2	236250000	236500000	0.579095
chr2	236500000	236750000	0.642067
chr2	236750000	237000000	0.662914
chr2	237000000	237250000	0.594941
chr2	237250000	237500000	0.71366
chr2	237500000	237750000	0.838397
chr2	237750000	238000000	0.869611
chr2	238000000	238250000	0.961017
chr2	238250000	238500000	0.847767
chr2	238500000	238750000	0.723032
chr2	238750000	239000000	0.650861
chr2	239000000	239250000	0.648013
chr2	239250000	239500000	0.71225
chr2	239500000	239750000	0.604075
chr2	239750000	240000000	0.64903
chr2	240000000	240250000	0.744678
chr2	240250000	240500000	0.704737
chr2	240500000	240750000	0.700365
chr2	240750000	241000000	0.75
chr2	241000000	241250000	0.81285
chr2	241250000	241500000	0.988754
chr2	241500000	241750000	0.962716
chr2	241750000	242000000	0.844058
chr2	242000000	242193529	nan
#bedGraph section chr20:0-64444167
chr20	0	250000	nan
chr20	250000	500000	0.930951
chr20	500000	750000	1.09374
chr20	750000	1000000	0.934911
chr20	1000000	1250000	0.894292
chr20	1250000	1500000	0.877509
chr20	1500000	1750000	0.561495
chr20	1750000	2000000	0.770837
chr20	2000000	2250000	0.759036
chr20	2250000	2500000	0.809132
chr20	2500000	2750000	0.96187
chr20	2750000	3000000	1.02766
chr20	3000000	3250000	1.04904
chr20	3250000	3500000	0.913338
chr20	3500000	3750000	0.90988
chr20	3750000	4000000	0.876402
chr20	4000000	4250000	0.551643
chr20	4250000	4500000	0.262515
chr20	4500000	4750000	0.298609
chr20	4750000	5000000	0.438947
chr20	5000000	5250000	0.362479
chr20	5250000	5500000	0.0902004
chr20	5500000	5750000	-0.0204403
chr20	5750000	6000000	0.0436207
chr20	6000000	6250000	-0.541008
chr20	6250000	6500000	-0.87836
chr20	6500000	6750000	-0.787286
chr20	6750000	7000000	-0.727766
chr20	7000000	7250000	-0.745562
chr20	7250000	7500000	-0.786569
chr20	7500000	7750000	-0.801125
chr20	7750000	8000000	-0.768361
chr20	8000000	8250000	-0.718782
chr20	8250000	8500000	-0.707577
chr20	8500000	8750000	-0.722213
chr20	8750000	9000000	-0.579338
chr20	9000000	9250000	-0.45404
chr20	9250000	9500000	-0.548308
chr20	9500000	9750000	-0.573429
chr20	9750000	10000000	-0.632203
chr20	10000000	10250000	-0.49592
chr20	10250000	10500000	-0.347486
chr20	10500000	10750000	-0.383624
chr20	10750000	11000000	-0.553061
chr20	11000000	11250000	-0.603998
chr20	11250000	11500000	-0.510063
chr20	11500000	11750000	-0.620448
chr20	11750000	12000000	-0.603116
chr20	12000000	12250000	-0.68712
chr20	12250000	12500000	-0.709061
chr20	12500000	12750000	-0.555301
chr20	12750000	13000000	-0.544584
chr20	13000000	13250000	-0.522995
chr20	13250000	13500000	-0.364184
chr20	13500000	13750000	-0.283545
chr20	13750000	14000000	-0.443156
chr20	14000000	14250000	-0.684742
chr20	14250000	14500000	-0.705021
chr20	14500000	14750000	-0.690794
chr20	14750000	15000000	-0.683441
chr20	15000000	15250000	-0.732031
chr20	15250000	15500000	-0.739211
chr20	15500000	15750000	-0.690426
chr20	15750000	16000000	-0.670717
chr20	16000000	16250000	-0.680783
chr20	16250000	16500000	-0.692029
chr20	16500000	16750000	-0.61196
chr20	16750000	17000000	-0.61214
chr20	17000000	17250000	-0.619073
chr20	17250000	17500000	-0.567729
chr20	17500000	17750000	0.0899568
chr20	17750000	18000000	0.286716
chr20	18000000	18250000	0.319045
chr20	18250000	18500000	0.276007
chr20	18500000	18750000	0.107027
chr20	18750000	19000000	-0.218985
chr20	19000000	19250000	-0.292789
chr20	19250000	19500000	-0.303707
chr20	19500000	19750000	-0.254838
chr20	19750000	20000000	-0.128513
chr20	20000000	20250000	-0.105648
chr20	20250000	20500000	-0.0455943
chr20	20500000	20750000	-0.00839238
chr20	20750000	21000000	-0.00272027
chr20	21000000	21250000	0.230279
chr20	21250000	21500000	0.22808
chr20	21500000	21750000	-0.120674
chr20	21750000	22000000	-0.275517
chr20	22000000	22250000	-0.279421
chr20	22250000	22500000	-0.196113
chr20	22500000	22750000	-0.0913742
chr20	22750000	23000000	-0.216199
chr20	23000000	23250000	-0.0782877
chr20	23250000	23500000	0.159774
chr20	23500000	23750000	0.141105
chr20	23750000	24000000	0.0462645
chr20	24000000	24250000	-0.0420485
chr20	24250000	24500000	0.0249751
chr20	24500000	24750000	0.0188843
chr20	24750000	25000000	0.0486152
chr20	25000000	25250000	0.40104
chr20	25250000	25500000	0.617947
chr20	25500000	25750000	0.218931
chr20	25750000	26000000	nan
chr20	26000000	26250000	nan
chr20	26250000	26500000	nan
chr20	26500000	26750000	nan
chr20	26750000	27000000	nan
chr20	27000000	27250000	nan
chr20	27250000	27500000	nan
chr20	27500000	27750000	nan
chr20	27750000	28000000	nan
chr20	28000000	28250000	nan
chr20	28250000	28500000	nan
chr20	28500000	28750000	nan
chr20	28750000	29000000	nan
chr20	29000000	29250000	nan
chr20	29250000	29500000	nan
chr20	29500000	29750000	nan
chr20	29750000	30000000	nan
chr20	30000000	30250000	nan
chr20	30250000	30500000	nan
chr20	30500000	30750000	nan
chr20	30750000	31000000	nan
chr20	31000000	31250000	nan
chr20	31250000	31500000	0.265028
chr20	31500000	31750000	0.785051
chr20	31750000	32000000	0.865201
chr20	32000000	32250000	0.905642
chr20	32250000	32500000	0.902597
chr20	32500000	32750000	0.82342
chr20	32750000	33000000	0.737786
chr20	33000000	33250000	0.75847
chr20	33250000	33500000	0.668548
chr20	33500000	33750000	0.668606
chr20	33750000	34000000	0.617735
chr20	34000000	34250000	0.537591
chr20	34250000	34500000	0.483658
chr20	34500000	34750000	0.504137
chr20	34750000	35000000	0.546343
chr20	35000000	35250000	0.556651
chr20	35250000	35500000	0.586354
chr20	35500000	35750000	0.564098
chr20	35750000	36000000	0.528711
chr20	36000000	36250000	0.629228
chr20	36250000	36500000	0.659925
chr20	36500000	36750000	0.584023
chr20	36750000	37000000	0.620844
chr20	37000000	37250000	0.614554
chr20	37250000	37500000	0.707528
chr20	37500000	37750000	0.650924
chr20	37750000	38000000	0.702085
chr20	38000000	38250000	0.734183
chr20	38250000	38500000	0.766533
chr20	38500000	38750000	0.726923
chr20	38750000	39000000	0.62174
chr20	39000000	39250000	0.053501
chr20	39250000	39500000	-0.183918
chr20	39500000	39750000	-0.235963
chr20	39750000	40000000	-0.236981
chr20	40000000	40250000	-0.224353
chr20	40250000	40500000	-0.0995739
chr20	40500000	40750000	-0.0225519
chr20	40750000	41000000	0.144279
chr20	41000000	41250000	0.533374
chr20	41250000	41500000	0.536133
chr20	41500000	41750000	0.272382
chr20	41750000	42000000	-0.0626747
chr20	42000000	42250000	-0.118531
chr20	42250000	42500000	-0.163365
chr20	42500000	42750000	-0.174739
chr20	42750000	43000000	-0.129428
chr20	43000000	43250000	-0.115288
chr20	43250000	43500000	0.0808346
chr20	43500000	43750000	0.573196
chr20	43750000	44000000	0.514404
chr20	44000000	44250000	0.592488
chr20	44250000	44500000	0.668781
chr20	44500000	44750000	0.746365
chr20	44750000	45000000	0.817534
chr20	45000000	45250000	0.640992
chr20	45250000	45500000	0.671837
chr20	45500000	45750000	0.607925
chr20	45750000	46000000	0.755968
chr20	46000000	46250000	0.870041
chr20	46250000	46500000	0.833905
chr20	46500000	46750000	0.610737
chr20	46750000	47000000	0.476434
chr20	47000000	47250000	0.405958
chr20	47250000	47500000	0.389272
chr20	47500000	47750000	0.339128
chr20	47750000	48000000	0.355933
chr20	48000000	48250000	0.396339
chr20	48250000	48500000	0.396903
chr20	48500000	48750000	0.468342
chr20	48750000	49000000	0.628049
chr20	49000000	49250000	0.653498
chr20	49250000	49500000	0.670866
chr20	49500000	49750000	0.687582
chr20	49750000	50000000	0.660411
chr20	50000000	50250000	0.751339
chr20	50250000	50500000	0.797994
chr20	50500000	50750000	0.727474
chr20	50750000	51000000	0.577389
chr20	51000000	51250000	0.428372
chr20	51250000	51500000	0.380583
chr20	51500000	51750000	0.307984
chr20	51750000	52000000	0.225484
chr20	52000000	52250000	-0.0157468
chr20	52250000	52500000	-0.424851
chr20	52500000	52750000	-0.430108
chr20	52750000	53000000	-0.40484
chr20	53000000	53250000	-0.34282
chr20	53250000	53500000	-0.297499
chr20	53500000	53750000	-0.00045586
chr20	53750000	54000000	0.00472234
chr20	54000000	54250000	-0.286304
chr20	54250000	54500000	-0.416012
chr20	54500000	54750000	-0.43371
chr20	54750000	55000000	-0.533227
chr20	55000000	55250000	-0.546123
chr20	55250000	55500000	-0.527774
chr20	55500000	55750000	-0.536012
chr20	55750000	56000000	-0.59862
chr20	56000000	56250000	-0.565496
chr20	56250000	56500000	-0.0537536
chr20	56500000	56750000	0.369263
chr20	56750000	57000000	0.49518
chr20	57000000	57250000	0.583632
chr20	57250000	57500000	0.722003
chr20	57500000	57750000	0.63055
chr20	57750000	58000000	0.662167
chr20	58000000	58250000	0.533774
chr20	58250000	58500000	0.679605
chr20	58500000	58750000	0.682332
chr20	58750000	59000000	0.649909
chr20	59000000	59250000	0.526103
chr20	59250000	59500000	0.481446
chr20	59500000	59750000	0.362642
chr20	59750000	60000000	0.30685
chr20	60000000	60250000	0.230901
chr20	60250000	60500000	0.14724
chr20	60500000	60750000	0.18958
chr20	60750000	61000000	0.211716
chr20	61000000	61250000	0.268813
chr20	61250000	61500000	0.501725
chr20	61500000	61750000	0.58268
chr20	61750000	62000000	0.594868
chr20	62000000	62250000	0.731607
chr20	62250000	62500000	0.532189
chr20	62500000	62750000	0.54858
chr20	62750000	63000000	0.646418
chr20	63000000	63250000	0.544452
chr20	63250000	63500000	nan
chr20	63500000	63750000	0.469724
chr20	63750000	64000000	0.672208
chr20	64000000	64250000	0.80354
chr20	64250000	64444167	nan
#bedGraph section chr21:0-46709983
chr21	0	250000	nan
chr21	250000	500000	nan
chr21	500000	750000	nan
chr21	750000	1000000	nan
chr21	1000000	1250000	nan
chr21	1250000	1500000	nan
chr21	1500000	1750000	nan
chr21	1750000	2000000	nan
chr21	2000000	2250000	nan
chr21	2250000	2500000	nan
chr21	2500000	2750000	nan
chr21	2750000	3000000	nan
chr21	3000000	3250000	nan
chr21	3250000	3500000	nan
chr21	3500000	3750000	nan
chr21	3750000	4000000	nan
chr21	4000000	4250000	nan
chr21	4250000	4500000	nan
chr21	4500000	4750000	nan
chr21	4750000	5000000	nan
chr21	5000000	5250000	nan
chr21	5250000	5500000	nan
chr21	5500000	5750000	nan
chr21	5750000	6000000	nan
chr21	6000000	6250000	nan
chr21	6250000	6500000	nan
chr21	6500000	6750000	nan
chr21	6750000	7000000	nan
chr21	7000000	7250000	nan
chr21	7250000	7500000	nan
chr21	7500000	7750000	nan
chr21	7750000	8000000	nan
chr21	8000000	8250000	nan
chr21	8250000	8500000	nan
chr21	8500000	8750000	nan
chr21	8750000	9000000	nan
chr21	9000000	9250000	nan
chr21	9250000	9500000	nan
chr21	9500000	9750000	nan
chr21	9750000	10000000	nan
chr21	10000000	10250000	nan
chr21	10250000	10500000	0.616716
chr21	10500000	10750000	nan
chr21	10750000	11000000	nan
chr21	11000000	11250000	nan
chr21	11250000	11500000	nan
chr21	11500000	11750000	nan
chr21	11750000	12000000	nan
chr21	12000000	12250000	nan
chr21	12250000	12500000	nan
chr21	12500000	12750000	nan
chr21	12750000	13000000	nan
chr21	13000000	13250000	nan
chr21	13250000	13500000	nan
chr21	13500000	13750000	nan
chr21	13750000	14000000	nan
chr21	14000000	14250000	-0.585806
chr21	14250000	14500000	-0.317695
chr21	14500000	14750000	-0.275774
chr21	14750000	15000000	-0.164017
chr21	15000000	15250000	-0.206301
chr21	15250000	15500000	-0.167259
chr21	15500000	15750000	-0.132037
chr21	15750000	16000000	-0.257121
chr21	16000000	16250000	-0.598688
chr21	16250000	16500000	-0.58244
chr21	16500000	16750000	-0.568679
chr21	16750000	17000000	-0.513894
chr21	17000000	17250000	-0.551587
chr21	17250000	17500000	-0.382475
chr21	17500000	17750000	-0.340074
chr21	17750000	18000000	-0.601986
chr21	18000000	18250000	-0.787163
chr21	18250000	18500000	-0.821519
chr21	18500000	18750000	-0.809915
chr21	18750000	19000000	-0.63262
chr21	19000000	19250000	-0.598261
chr21	19250000	19500000	-0.495331
chr21	19500000	19750000	-0.511106
chr21	19750000	20000000	-0.495294
chr21	20000000	20250000	-0.562649
chr21	20250000	20500000	-0.569792
chr21	20500000	20750000	-0.606601
chr21	20750000	21000000	-0.632121
chr21	21000000	21250000	-0.670273
chr21	21250000	21500000	-0.698703
chr21	21500000	21750000	-0.623804
chr21	21750000	22000000	-0.512251
chr21	22000000	22250000	-0.52872
chr21	22250000	22500000	-0.557001
chr21	22500000	22750000	-0.550184
chr21	22750000	23000000	-0.551093
chr21	23000000	23250000	-0.610557
chr21	23250000	23500000	-0.61531
chr21	23500000	23750000	-0.629211
chr21	23750000	24000000	-0.607013
chr21	24000000	24250000	-0.605866
chr21	24250000	24500000	-0.592494
chr21	24500000	24750000	-0.56907
chr21	24750000	25000000	-0.58007
chr21	25000000	25250000	-0.683229
chr21	25250000	25500000	-0.652764
chr21	25500000	25750000	-0.543892
chr21	25750000	26000000	-0.345875
chr21	26000000	26250000	-0.213856
chr21	26250000	26500000	-0.560032
chr21	26500000	26750000	-0.558484
chr21	26750000	27000000	-0.336877
chr21	27000000	27250000	-0.381005
chr21	27250000	27500000	-0.353815
chr21	27500000	27750000	-0.253859
chr21	27750000	28000000	-0.461308
chr21	28000000	28250000	-0.495441
chr21	28250000	28500000	-0.513372
chr21	28500000	28750000	-0.533466
chr21	28750000	29000000	-0.35806
chr21	29000000	29250000	-0.373002
chr21	29250000	29500000	-0.490226
chr21	29500000	29750000	-0.640403
chr21	29750000	30000000	-0.648277
chr21	30000000	30250000	-0.74074
chr21	30250000	30500000	-0.734488
chr21	30500000	30750000	-0.923349
chr21	30750000	31000000	-0.85957
chr21	31000000	31250000	-0.502719
chr21	31250000	31500000	-0.340707
chr21	31500000	31750000	-0.132739
chr21	31750000	32000000	0.0225122
chr21	32000000	32250000	-0.0686737
chr21	32250000	32500000	0.303399
chr21	32500000	32750000	0.27027
chr21	32750000	33000000	0.244788
chr21	33000000	33250000	0.230889
chr21	33250000	33500000	0.349417
chr21	33500000	33750000	0.322439
chr21	33750000	34000000	0.186913
chr21	34000000	34250000	0.0886222
chr21	34250000	34500000	nan
chr21	34500000	34750000	0.00161929
chr21	34750000	35000000	-0.0298488
chr21	35000000	35250000	-0.167834
chr21	35250000	35500000	-0.191134
chr21	35500000	35750000	-0.191454
chr21	35750000	36000000	-0.0689866
chr21	36000000	36250000	0.205682
chr21	36250000	36500000	0.30534
chr21	36500000	36750000	0.175443
chr21	36750000	37000000	0.134588
chr21	37000000	37250000	0.0685041
chr21	37250000	37500000	-0.00675156
chr21	37500000	37750000	0.00216684
chr21	37750000	38000000	-0.231116
chr21	38000000	38250000	-0.227986
chr21	38250000	38500000	-0.164915
chr21	38500000	38750000	-0.12166
chr21	38750000	39000000	-0.0725501
chr21	39000000	39250000	0.0986774
chr21	39250000	39500000	0.0793591
chr21	39500000	39750000	-0.179456
chr21	39750000	40000000	-0.351224
chr21	40000000	40250000	-0.378491
chr21	40250000	40500000	-0.465642
chr21	40500000	40750000	-0.458133
chr21	40750000	41000000	-0.422426
chr21	41000000	41250000	-0.205906
chr21	41250000	41500000	-0.0299859
chr21	41500000	41750000	0.213339
chr21	41750000	42000000	0.365249
chr21	42000000	42250000	0.395983
chr21	42250000	42500000	0.382403
chr21	42500000	42750000	0.517993
chr21	42750000	43000000	0.542461
chr21	43000000	43250000	nan
chr21	43250000	43500000	nan
chr21	43500000	43750000	0.65696
chr21	43750000	44000000	0.769876
chr21	44000000	44250000	nan
chr21	44250000	44500000	0.800135
chr21	44500000	44750000	0.592633
chr21	44750000	45000000	0.736827
chr21	45000000	45250000	0.705223
chr21	45250000	45500000	0.806229
chr21	45500000	45750000	0.62431
chr21	45750000	46000000	0.731205
chr21	46000000	46250000	0.782723
chr21	46250000	46500000	0.560062
chr21	46500000	46709983	-0.00281601
#bedGraph section chr22:0-50818468
chr22	0	250000	nan
chr22	250000	500000	nan
chr22	500000	750000	nan
chr22	750000	1000000	nan
chr22	1000000	1250000	nan
chr22	1250000	1500000	nan
chr22	1500000	1750000	nan
chr22	1750000	2000000	nan
chr22	2000000	2250000	nan
chr22	2250000	2500000	nan
chr22	2500000	2750000	nan
chr22	2750000	3000000	nan
chr22	3000000	3250000	nan
chr22	3250000	3500000	nan
chr22	3500000	3750000	nan
chr22	3750000	4000000	nan
chr22	4000000	4250000	nan
chr22	4250000	4500000	nan
chr22	4500000	4750000	nan
chr22	4750000	5000000	nan
chr22	5000000	5250000	nan
chr22	5250000	5500000	nan
chr22	5500000	5750000	nan
chr22	5750000	6000000	nan
chr22	6000000	6250000	nan
chr22	6250000	6500000	nan
chr22	6500000	6750000	nan
chr22	6750000	7000000	nan
chr22	7000000	7250000	nan
chr22	7250000	7500000	nan
chr22	7500000	7750000	nan
chr22	7750000	8000000	nan
chr22	8000000	8250000	nan
chr22	8250000	8500000	nan
chr22	8500000	8750000	nan
chr22	8750000	9000000	nan
chr22	9000000	9250000	nan
chr22	9250000	9500000	nan
chr22	9500000	9750000	nan
chr22	9750000	10000000	nan
chr22	10000000	10250000	nan
chr22	10250000	10500000	nan
chr22	10500000	10750000	nan
chr22	10750000	11000000	nan
chr22	11000000	11250000	nan
chr22	11250000	11500000	nan
chr22	11500000	11750000	nan
chr22	11750000	12000000	nan
chr22	12000000	12250000	nan
chr22	12250000	12500000	nan
chr22	12500000	12750000	nan
chr22	12750000	13000000	nan
chr22	13000000	13250000	nan
chr22	13250000	13500000	nan
chr22	13500000	13750000	nan
chr22	13750000	14000000	nan
chr22	14000000	14250000	nan
chr22	14250000	14500000	nan
chr22	14500000	14750000	nan
chr22	14750000	15000000	nan
chr22	15000000	15250000	nan
chr22	15250000	15500000	nan
chr22	15500000	15750000	nan
chr22	15750000	16000000	nan
chr22	16000000	16250000	nan
chr22	16250000	16500000	nan
chr22	16500000	16750000	nan
chr22	16750000	17000000	-0.246924
chr22	17000000	17250000	0.0547616
chr22	17250000	17500000	0.12024
chr22	17500000	17750000	0.211795
chr22	17750000	18000000	0.656598
chr22	18000000	18250000	0.465553
chr22	18250000	18500000	nan
chr22	18500000	18750000	nan
chr22	18750000	19000000	nan
chr22	19000000	19250000	0.565393
chr22	19250000	19500000	0.559545
chr22	19500000	19750000	0.609707
chr22	19750000	20000000	0.860352
chr22	20000000	20250000	0.908094
chr22	20250000	20500000	0.845716
chr22	20500000	20750000	0.814466
chr22	20750000	21000000	0.706002
chr22	21000000	21250000	nan
chr22	21250000	21500000	nan
chr22	21500000	21750000	0.71126
chr22	21750000	22000000	0.538589
chr22	22000000	22250000	0.0155349
chr22	22250000	22500000	-0.23627
chr22	22500000	22750000	-0.310733
chr22	22750000	23000000	-0.327838
chr22	23000000	23250000	0.0350308
chr22	23250000	23500000	0.250632
chr22	23500000	23750000	0.40822
chr22	23750000	24000000	0.633218
chr22	24000000	24250000	0.656335
chr22	24250000	24500000	0.457746
chr22	24500000	24750000	0.334923
chr22	24750000	25000000	0.21163
chr22	25000000	25250000	0.218317
chr22	25250000	25500000	0.0429359
chr22	25500000	25750000	-0.133334
chr22	25750000	26000000	-0.2417
chr22	26000000	26250000	-0.173819
chr22	26250000	26500000	-0.0841091
chr22	26500000	26750000	0.0728082
chr22	26750000	27000000	-0.190782
chr22	27000000	27250000	-0.125834
chr22	27250000	27500000	-0.131549
chr22	27500000	27750000	-0.0792525
chr22	27750000	28000000	-0.165175
chr22	28000000	28250000	-0.270617
chr22	28250000	28500000	-0.237309
chr22	28500000	28750000	-0.237705
chr22	28750000	29000000	-0.0447516
chr22	29000000	29250000	0.0623513
chr22	29250000	29500000	0.463805
chr22	29500000	29750000	0.391577
chr22	29750000	30000000	0.333859
chr22	30000000	30250000	0.332753
chr22	30250000	30500000	0.585357
chr22	30500000	30750000	0.563198
chr22	30750000	31000000	0.513875
chr22	31000000	31250000	0.487532
chr22	31250000	31500000	0.431627
chr22	31500000	31750000	0.270607
chr22	31750000	32000000	0.0634539
chr22	32000000	32250000	-0.250435
chr22	32250000	32500000	-0.269782
chr22	32500000	32750000	-0.486357
chr22	32750000	33000000	-0.400902
chr22	33000000	33250000	-0.49898
chr22	33250000	33500000	-0.672009
chr22	33500000	33750000	-0.487924
chr22	33750000	34000000	-0.472474
chr22	34000000	34250000	-0.683823
chr22	34250000	34500000	-0.713786
chr22	34500000	34750000	-0.624423
chr22	34750000	35000000	-0.601188
chr22	35000000	35250000	-0.727542
chr22	35250000	35500000	0.22101
chr22	35500000	35750000	0.119243
chr22	35750000	36000000	0.13995
chr22	36000000	36250000	0.128184
chr22	36250000	36500000	0.474632
chr22	36500000	36750000	0.522313
chr22	36750000	37000000	0.553014
chr22	37000000	37250000	0.83967
chr22	37250000	37500000	1.02024
chr22	37500000	37750000	0.930811
chr22	37750000	38000000	0.69252
chr22	38000000	38250000	0.514808
chr22	38250000	38500000	0.290357
chr22	38500000	38750000	0.317198
chr22	38750000	39000000	0.424033
chr22	39000000	39250000	0.404626
chr22	39250000	39500000	0.439078
chr22	39500000	39750000	0.311805
chr22	39750000	40000000	0.11522
chr22	40000000	40250000	0.015228
chr22	40250000	40500000	-0.0315132
chr22	40500000	40750000	-0.0665006
chr22	40750000	41000000	-0.0560171
chr22	41000000	41250000	0.0467736
chr22	41250000	41500000	0.21799
chr22	41500000	41750000	0.267899
chr22	41750000	42000000	0.335724
chr22	42000000	42250000	0.401546
chr22	42250000	42500000	0.46863
chr22	42500000	42750000	0.619484
chr22	42750000	43000000	0.599824
chr22	43000000	43250000	0.645049
chr22	43250000	43500000	0.56389
chr22	43500000	43750000	0.327791
chr22	43750000	44000000	0.422887
chr22	44000000	44250000	0.391655
chr22	44250000	44500000	0.462643
chr22	44500000	44750000	0.429831
chr22	44750000	45000000	0.514503
chr22	45000000	45250000	0.509205
chr22	45250000	45500000	0.417399
chr22	45500000	45750000	0.437019
chr22	45750000	46000000	0.536148
chr22	46000000	46250000	0.698869
chr22	46250000	46500000	0.92541
chr22	46500000	46750000	0.833638
chr22	46750000	47000000	0.232053
chr22	47000000	47250000	-0.132942
chr22	47250000	47500000	-0.476272
chr22	47500000	47750000	-0.358128
chr22	47750000	48000000	-0.422905
chr22	48000000	48250000	-0.280313
chr22	48250000	48500000	-0.115633
chr22	48500000	48750000	0.180018
chr22	48750000	49000000	0.0518637
chr22	49000000	49250000	0.178346
chr22	49250000	49500000	0.241239
chr22	49500000	49750000	0.369849
chr22	49750000	50000000	0.930135
chr22	50000000	50250000	1.0916
chr22	50250000	50500000	1.07535
chr22	50500000	50750000	0.865484
chr22	50750000	50818468	nan
#bedGraph section chr3:0-198295559
chr3	0	250000	-0.81273
chr3	250000	500000	-0.844062
chr3	500000	750000	-0.870245
chr3	750000	1000000	-0.772967
chr3	1000000	1250000	-0.699135
chr3	1250000	1500000	-0.649776
chr3	1500000	1750000	-0.696603
chr3	1750000	2000000	-0.695173
chr3	2000000	2250000	-0.58436
chr3	2250000	2500000	-0.61529
chr3	2500000	2750000	-0.576135
chr3	2750000	3000000	-0.519418
chr3	3000000	3250000	-0.354736
chr3	3250000	3500000	-0.5534
chr3	3500000	3750000	-0.486633
chr3	3750000	4000000	-0.384549
chr3	4000000	4250000	-0.474006
chr3	4250000	4500000	-0.146775
chr3	4500000	4750000	-0.105632
chr3	4750000	5000000	-0.099099
chr3	5000000	5250000	-0.133482
chr3	5250000	5500000	-0.540141
chr3	5500000	5750000	-0.656319
chr3	5750000	6000000	-0.613412
chr3	6000000	6250000	-0.609887
chr3	6250000	6500000	-0.574095
chr3	6500000	6750000	-0.532225
chr3	6750000	7000000	-0.531405
chr3	7000000	7250000	-0.61906
chr3	7250000	7500000	-0.613685
chr3	7500000	7750000	-0.625665
chr3	7750000	8000000	-0.631192
chr3	8000000	8250000	-0.563297
chr3	8250000	8500000	-0.382835
chr3	8500000	8750000	0.0118277
chr3	8750000	9000000	0.386392
chr3	9000000	9250000	0.630246
chr3	9250000	9500000	0.867091
chr3	9500000	9750000	1.10524
chr3	9750000	10000000	1.32077
chr3	10000000	10250000	1.29771
chr3	10250000	10500000	1.1546
chr3	10500000	10750000	1.06757
chr3	10750000	11000000	0.963686
chr3	11000000	11250000	0.87833
chr3	11250000	11500000	0.805428
chr3	11500000	11750000	0.878709
chr3	11750000	12000000	0.783803
chr3	12000000	12250000	0.806031
chr3	12250000	12500000	0.82908
chr3	12500000	12750000	1.11674
chr3	12750000	13000000	1.14068
chr3	13000000	13250000	1.10627
chr3	13250000	13500000	1.12437
chr3	13500000	13750000	1.05845
chr3	13750000	14000000	1.06046
chr3	14000000	14250000	1.1455
chr3	14250000	14500000	1.20321
chr3	14500000	14750000	1.15045
chr3	14750000	15000000	1.21528
chr3	15000000	15250000	1.07749
chr3	15250000	15500000	0.98159
chr3	15500000	15750000	0.743361
chr3	15750000	16000000	0.522158
chr3	16000000	16250000	0.317334
chr3	16250000	16500000	0.166425
chr3	16500000	16750000	-0.0844015
chr3	16750000	17000000	-0.215349
chr3	17000000	17250000	-0.258493
chr3	17250000	17500000	-0.42032
chr3	17500000	17750000	-0.378415
chr3	17750000	18000000	-0.432865
chr3	18000000	18250000	-0.546974
chr3	18250000	18500000	-0.466613
chr3	18500000	18750000	-0.674916
chr3	18750000	19000000	-0.627214
chr3	19000000	19250000	-0.460657
chr3	19250000	19500000	-0.56701
chr3	19500000	19750000	-0.641776
chr3	19750000	20000000	-0.397011
chr3	20000000	20250000	-0.334353
chr3	20250000	20500000	-0.566565
chr3	20500000	20750000	-0.618267
chr3	20750000	21000000	-0.594706
chr3	21000000	21250000	-0.603549
chr3	21250000	21500000	-0.586314
chr3	21500000	21750000	-0.525004
chr3	21750000	22000000	-0.608292
chr3	22000000	22250000	-0.639269
chr3	22250000	22500000	-0.753082
chr3	22500000	22750000	-0.695438
chr3	22750000	23000000	-0.610663
chr3	23000000	23250000	-0.337742
chr3	23250000	23500000	-0.137133
chr3	23500000	23750000	-0.0828211
chr3	23750000	24000000	0.0266867
chr3	24000000	24250000	-0.398846
chr3	24250000	24500000	-0.556584
chr3	24500000	24750000	-0.524554
chr3	24750000	25000000	-0.526859
chr3	25000000	25250000	-0.523611
chr3	25250000	25500000	-0.497647
chr3	25500000	25750000	-0.371387
chr3	25750000	26000000	-0.525813
chr3	26000000	26250000	-0.651003
chr3	26250000	26500000	-0.637065
chr3	26500000	26750000	-0.58429
chr3	26750000	27000000	-0.664979
chr3	27000000	27250000	-0.575746
chr3	27250000	27500000	-0.255924
chr3	27500000	27750000	-0.224575
chr3	27750000	28000000	-0.465412
chr3	28000000	28250000	-0.53314
chr3	28250000	28500000	-0.533037
chr3	28500000	28750000	-0.624845
chr3	28750000	29000000	-0.581811
chr3	29000000	29250000	-0.590851
chr3	29250000	29500000	-0.477653
chr3	29500000	29750000	-0.528033
chr3	29750000	30000000	-0.524309
chr3	30000000	30250000	-0.465668
chr3	30250000	30500000	-0.575987
chr3	30500000	30750000	-0.435134
chr3	30750000	31000000	-0.477286
chr3	31000000	31250000	-0.471577
chr3	31250000	31500000	-0.387663
chr3	31500000	31750000	0.116562
chr3	31750000	32000000	0.510742
chr3	32000000	32250000	0.491228
chr3	32250000	32500000	0.635536
chr3	32500000	32750000	0.797597
chr3	32750000	33000000	0.89818
chr3	33000000	33250000	0.597928
chr3	33250000	33500000	0.447476
chr3	33500000	33750000	0.278169
chr3	33750000	34000000	-0.252328
chr3	34000000	34250000	-0.61565
chr3	34250000	34500000	-0.670899
chr3	34500000	34750000	-0.601311
chr3	34750000	35000000	-0.623657
chr3	35000000	35250000	-0.634638
chr3	35250000	35500000	-0.669491
chr3	35500000	35750000	-0.658878
chr3	35750000	36000000	-0.588598
chr3	36000000	36250000	-0.716272
chr3	36250000	36500000	-0.769174
chr3	36500000	36750000	-0.644893
chr3	36750000	37000000	-0.208048
chr3	37000000	37250000	0.296679
chr3	37250000	37500000	0.470691
chr3	37500000	37750000	0.471227
chr3	37750000	38000000	0.570621
chr3	38000000	38250000	0.819448
chr3	38250000	38500000	0.765761
chr3	38500000	38750000	0.616602
chr3	38750000	39000000	0.494765
chr3	39000000	39250000	0.593666
chr3	39250000	39500000	0.405736
chr3	39500000	39750000	0.067289
chr3	39750000	40000000	0.019754
chr3	40000000	40250000	0.0645051
chr3	40250000	40500000	0.239307
chr3	40500000	40750000	0.240238
chr3	40750000	41000000	0.245496
chr3	41000000	41250000	0.271555
chr3	41250000	41500000	0.2757
chr3	41500000	41750000	0.302154
chr3	41750000	42000000	0.44429
chr3	42000000	42250000	0.675863
chr3	42250000	42500000	0.692139
chr3	42500000	42750000	0.974666
chr3	42750000	43000000	0.875689
chr3	43000000	43250000	0.790928
chr3	43250000	43500000	0.767928
chr3	43500000	43750000	0.753516
chr3	43750000	44000000	0.795794
chr3	44000000	44250000	0.806004
chr3	44250000	44500000	0.874039
chr3	44500000	44750000	1.05757
chr3	44750000	45000000	1.16972
chr3	45000000	45250000	1.01384
chr3	45250000	45500000	1.11745
chr3	45500000	45750000	1.02997
chr3	45750000	46000000	1.00428
chr3	46000000	46250000	0.98059
chr3	46250000	46500000	0.941678
chr3	46500000	46750000	0.993916
chr3	46750000	47000000	0.937867
chr3	47000000	47250000	0.962494
chr3	47250000	47500000	0.85159
chr3	47500000	47750000	0.904086
chr3	47750000	48000000	0.815327
chr3	48000000	48250000	0.78626
chr3	48250000	48500000	0.746039
chr3	48500000	48750000	0.719274
chr3	48750000	49000000	0.788782
chr3	49000000	49250000	0.705859
chr3	49250000	49500000	0.779238
chr3	49500000	49750000	0.744508
chr3	49750000	50000000	0.831292
chr3	50000000	50250000	0.865733
chr3	50250000	50500000	0.914364
chr3	50500000	50750000	0.810741
chr3	50750000	51000000	0.878291
chr3	51000000	51250000	0.827126
chr3	51250000	51500000	0.798405
chr3	51500000	51750000	0.968942
chr3	51750000	52000000	0.959561
chr3	52000000	52250000	1.01757
chr3	52250000	52500000	1.02505
chr3	52500000	52750000	1.05725
chr3	52750000	53000000	1.15286
chr3	53000000	53250000	1.11375
chr3	53250000	53500000	1.01128
chr3	53500000	53750000	0.992661
chr3	53750000	54000000	0.892672
chr3	54000000	54250000	0.772065
chr3	54250000	54500000	0.633461
chr3	54500000	54750000	0.675293
chr3	54750000	55000000	0.493095
chr3	55000000	55250000	0.446091
chr3	55250000	55500000	0.414949
chr3	55500000	55750000	0.589192
chr3	55750000	56000000	0.475558
chr3	56000000	56250000	0.537303
chr3	56250000	56500000	0.65958
chr3	56500000	56750000	0.827202
chr3	56750000	57000000	0.835579
chr3	57000000	57250000	0.880206
chr3	57250000	57500000	0.742442
chr3	57500000	57750000	0.862809
chr3	57750000	58000000	0.92042
chr3	58000000	58250000	0.946344
chr3	58250000	58500000	0.729944
chr3	58500000	58750000	0.331083
chr3	58750000	59000000	0.152792
chr3	59000000	59250000	0.142569
chr3	59250000	59500000	0.0883886
chr3	59500000	59750000	0.076133
chr3	59750000	60000000	0.0703049
chr3	60000000	60250000	0.047351
chr3	60250000	60500000	0.0762907
chr3	60500000	60750000	0.187212
chr3	60750000	61000000	0.159448
chr3	61000000	61250000	0.178583
chr3	61250000	61500000	0.187554
chr3	61500000	61750000	0.458488
chr3	61750000	62000000	0.503327
chr3	62000000	62250000	0.377759
chr3	62250000	62500000	0.368152
chr3	62500000	62750000	0.290355
chr3	62750000	63000000	0.326021
chr3	63000000	63250000	0.307059
chr3	63250000	63500000	0.343416
chr3	63500000	63750000	0.353747
chr3	63750000	64000000	0.525857
chr3	64000000	64250000	0.52565
chr3	64250000	64500000	0.45931
chr3	64500000	64750000	0.274735
chr3	64750000	65000000	0.322632
chr3	65000000	65250000	0.272677
chr3	65250000	65500000	0.319757
chr3	65500000	65750000	0.471302
chr3	65750000	66000000	0.463193
chr3	66000000	66250000	0.404896
chr3	66250000	66500000	0.24455
chr3	66500000	66750000	0.150665
chr3	66750000	67000000	-0.0932881
chr3	67000000	67250000	-0.412415
chr3	67250000	67500000	-0.409395
chr3	67500000	67750000	-0.40817
chr3	67750000	68000000	-0.402431
chr3	68000000	68250000	-0.443621
chr3	68250000	68500000	-0.440632
chr3	68500000	68750000	-0.457026
chr3	68750000	69000000	-0.300393
chr3	69000000	69250000	-0.107192
chr3	69250000	69500000	-0.184114
chr3	69500000	69750000	-0.236628
chr3	69750000	70000000	-0.228628
chr3	70000000	70250000	-0.175212
chr3	70250000	70500000	-0.153133
chr3	70500000	70750000	-0.0537902
chr3	70750000	71000000	-0.0149143
chr3	71000000	71250000	0.199018
chr3	71250000	71500000	0.249246
chr3	71500000	71750000	0.215255
chr3	71750000	72000000	0.340361
chr3	72000000	72250000	0.385278
chr3	72250000	72500000	0.464248
chr3	72500000	72750000	0.36269
chr3	72750000	73000000	0.279033
chr3	73000000	73250000	0.0615377
chr3	73250000	73500000	-0.191516
chr3	73500000	73750000	-0.284155
chr3	73750000	74000000	-0.394207
chr3	74000000	74250000	-0.492724
chr3	74250000	74500000	-0.48804
chr3	74500000	74750000	-0.511004
chr3	74750000	75000000	-0.502568
chr3	75000000	75250000	-0.404139
chr3	75250000	75500000	-0.121686
chr3	75500000	75750000	-0.072361
chr3	75750000	76000000	-0.18745
chr3	76000000	76250000	-0.183022
chr3	76250000	76500000	-0.298719
chr3	76500000	76750000	-0.276119
chr3	76750000	77000000	-0.365516
chr3	77000000	77250000	-0.346633
chr3	77250000	77500000	-0.353205
chr3	77500000	77750000	-0.444891
chr3	77750000	78000000	-0.46068
chr3	78000000	78250000	-0.410862
chr3	78250000	78500000	-0.376892
chr3	78500000	78750000	-0.326169
chr3	78750000	79000000	-0.243941
chr3	79000000	79250000	-0.391172
chr3	79250000	79500000	-0.43179
chr3	79500000	79750000	-0.509361
chr3	79750000	80000000	-0.526588
chr3	80000000	80250000	-0.533257
chr3	80250000	80500000	-0.524737
chr3	80500000	80750000	-0.459882
chr3	80750000	81000000	-0.532483
chr3	81000000	81250000	-0.519141
chr3	81250000	81500000	-0.425838
chr3	81500000	81750000	-0.397564
chr3	81750000	82000000	-0.3565
chr3	82000000	82250000	-0.398231
chr3	82250000	82500000	-0.37354
chr3	82500000	82750000	-0.393912
chr3	82750000	83000000	-0.424388
chr3	83000000	83250000	-0.455596
chr3	83250000	83500000	-0.440688
chr3	83500000	83750000	-0.441836
chr3	83750000	84000000	-0.453654
chr3	84000000	84250000	-0.480516
chr3	84250000	84500000	-0.481653
chr3	84500000	84750000	-0.452475
chr3	84750000	85000000	-0.369899
chr3	85000000	85250000	-0.355865
chr3	85250000	85500000	-0.39294
chr3	85500000	85750000	-0.383192
chr3	85750000	86000000	-0.39385
chr3	86000000	86250000	-0.387803
chr3	86250000	86500000	-0.378885
chr3	86500000	86750000	-0.319617
chr3	86750000	87000000	-0.264938
chr3	87000000	87250000	-0.253444
chr3	87250000	87500000	-0.284505
chr3	87500000	87750000	-0.290453
chr3	87750000	88000000	-0.270919
chr3	88000000	88250000	-0.0713322
chr3	88250000	88500000	-0.207663
chr3	88500000	88750000	-0.236475
chr3	88750000	89000000	-0.237805
chr3	89000000	89250000	-0.157939
chr3	89250000	89500000	-0.1536
chr3	89500000	89750000	-0.198104
chr3	89750000	90000000	-0.177046
chr3	90000000	90250000	-0.131373
chr3	90250000	90500000	nan
chr3	90500000	90750000	nan
chr3	90750000	91000000	nan
chr3	91000000	91250000	nan
chr3	91250000	91500000	nan
chr3	91500000	91750000	nan
chr3	91750000	92000000	nan
chr3	92000000	92250000	nan
chr3	92250000	92500000	nan
chr3	92500000	92750000	nan
chr3	92750000	93000000	nan
chr3	93000000	93250000	nan
chr3	93250000	93500000	nan
chr3	93500000	93750000	nan
chr3	93750000	94000000	nan
chr3	94000000	94250000	0.0204056
chr3	94250000	94500000	-0.202777
chr3	94500000	94750000	-0.269707
chr3	94750000	95000000	-0.247594
chr3	95000000	95250000	-0.278511
chr3	95250000	95500000	-0.203212
chr3	95500000	95750000	-0.260775
chr3	95750000	96000000	-0.280044
chr3	96000000	96250000	-0.280318
chr3	96250000	96500000	-0.311882
chr3	96500000	96750000	-0.297036
chr3	96750000	97000000	-0.279645
chr3	97000000	97250000	-0.290507
chr3	97250000	97500000	-0.307912
chr3	97500000	97750000	-0.273852
chr3	97750000	98000000	-0.133692
chr3	98000000	98250000	-0.191492
chr3	98250000	98500000	-0.178848
chr3	98500000	98750000	-0.13875
chr3	98750000	99000000	-0.142731
chr3	99000000	99250000	-0.296071
chr3	99250000	99500000	-0.337096
chr3	99500000	99750000	-0.228396
chr3	99750000	100000000	0.0892894
chr3	100000000	100250000	0.205826
chr3	100250000	100500000	0.189571
chr3	100500000	100750000	-0.0427925
chr3	100750000	101000000	-0.268596
chr3	101000000	101250000	-0.299687
chr3	101250000	101500000	-0.231281
chr3	101500000	101750000	0.0769975
chr3	101750000	102000000	-0.254328
chr3	102000000	102250000	-0.431873
chr3	102250000	102500000	-0.458568
chr3	102500000	102750000	-0.379402
chr3	102750000	103000000	-0.486618
chr3	103000000	103250000	-0.478158
chr3	103250000	103500000	-0.448855
chr3	103500000	103750000	-0.471888
chr3	103750000	104000000	-0.458378
chr3	104000000	104250000	-0.410837
chr3	104250000	104500000	-0.410143
chr3	104500000	104750000	-0.354641
chr3	104750000	105000000	-0.398822
chr3	105000000	105250000	-0.394291
chr3	105250000	105500000	-0.373408
chr3	105500000	105750000	-0.310323
chr3	105750000	106000000	-0.299809
chr3	106000000	106250000	-0.386263
chr3	106250000	106500000	-0.355199
chr3	106500000	106750000	-0.333155
chr3	106750000	107000000	-0.248584
chr3	107000000	107250000	-0.280182
chr3	107250000	107500000	-0.137807
chr3	107500000	107750000	-0.0854547
chr3	107750000	108000000	-0.223835
chr3	108000000	108250000	-0.243194
chr3	108250000	108500000	-0.262434
chr3	108500000	108750000	-0.191867
chr3	108750000	109000000	-0.349985
chr3	109000000	109250000	-0.292634
chr3	109250000	109500000	-0.053869
chr3	109500000	109750000	-0.368716
chr3	109750000	110000000	-0.412048
chr3	110000000	110250000	-0.382463
chr3	110250000	110500000	-0.319816
chr3	110500000	110750000	-0.263616
chr3	110750000	111000000	-0.334888
chr3	111000000	111250000	-0.208601
chr3	111250000	111500000	-0.41212
chr3	111500000	111750000	-0.249767
chr3	111750000	112000000	-0.0616437
chr3	112000000	112250000	0.111775
chr3	112250000	112500000	0.329212
chr3	112500000	112750000	0.270202
chr3	112750000	113000000	0.185684
chr3	113000000	113250000	0.351781
chr3	113250000	113500000	0.318249
chr3	113500000	113750000	0.386507
chr3	113750000	114000000	0.305072
chr3	114000000	114250000	0.132367
chr3	114250000	114500000	-0.0861792
chr3	114500000	114750000	-0.248558
chr3	114750000	115000000	-0.37115
chr3	115000000	115250000	-0.309827
chr3	115250000	115500000	-0.289392
chr3	115500000	115750000	-0.203146
chr3	115750000	116000000	-0.296353
chr3	116000000	116250000	-0.426187
chr3	116250000	116500000	-0.453019
chr3	116500000	116750000	-0.455794
chr3	116750000	117000000	-0.357808
chr3	117000000	117250000	-0.380973
chr3	117250000	117500000	-0.404737
chr3	117500000	117750000	-0.43144
chr3	117750000	118000000	-0.48896
chr3	118000000	118250000	-0.52833
chr3	118250000	118500000	-0.562998
chr3	118500000	118750000	-0.467179
chr3	118750000	119000000	-0.366308
chr3	119000000	119250000	-0.133218
chr3	119250000	119500000	0.263031
chr3	119500000	119750000	0.364584
chr3	119750000	120000000	0.453995
chr3	120000000	120250000	0.438263
chr3	120250000	120500000	0.27983
chr3	120500000	120750000	0.127684
chr3	120750000	121000000	-0.0138792
chr3	121000000	121250000	-0.110009
chr3	121250000	121500000	0.0229998
chr3	121500000	121750000	0.412323
chr3	121750000	122000000	0.351274
chr3	122000000	122250000	0.303673
chr3	122250000	122500000	0.562649
chr3	122500000	122750000	0.735015
chr3	122750000	123000000	0.828396
chr3	123000000	123250000	0.995875
chr3	123250000	123500000	1.03975
chr3	123500000	123750000	1.03222
chr3	123750000	124000000	1.00283
chr3	124000000	124250000	0.967735
chr3	124250000	124500000	0.941362
chr3	124500000	124750000	0.955149
chr3	124750000	125000000	1.1091
chr3	125000000	125250000	1.12455
chr3	125250000	125500000	1.11851
chr3	125500000	125750000	1.07046
chr3	125750000	126000000	1.0897
chr3	126000000	126250000	1.15039
chr3	126250000	126500000	1.10958
chr3	126500000	126750000	1.05412
chr3	126750000	127000000	1.09683
chr3	127000000	127250000	1.07257
chr3	127250000	127500000	1.08166
chr3	127500000	127750000	1.15794
chr3	127750000	128000000	1.22193
chr3	128000000	128250000	1.24039
chr3	128250000	128500000	1.3001
chr3	128500000	128750000	1.26603
chr3	128750000	129000000	1.34069
chr3	129000000	129250000	1.35238
chr3	129250000	129500000	1.27038
chr3	129500000	129750000	1.17338
chr3	129750000	130000000	0.975993
chr3	130000000	130250000	0.532692
chr3	130250000	130500000	0.380578
chr3	130500000	130750000	0.393536
chr3	130750000	131000000	0.436962
chr3	131000000	131250000	0.240838
chr3	131250000	131500000	0.296538
chr3	131500000	131750000	0.251849
chr3	131750000	132000000	0.254366
chr3	132000000	132250000	0.236805
chr3	132250000	132500000	0.386172
chr3	132500000	132750000	0.425001
chr3	132750000	133000000	0.219937
chr3	133000000	133250000	0.265673
chr3	133250000	133500000	0.289725
chr3	133500000	133750000	0.587716
chr3	133750000	134000000	0.786977
chr3	134000000	134250000	0.826662
chr3	134250000	134500000	0.828285
chr3	134500000	134750000	0.521759
chr3	134750000	135000000	0.442644
chr3	135000000	135250000	0.449282
chr3	135250000	135500000	0.373486
chr3	135500000	135750000	0.368061
chr3	135750000	136000000	0.378169
chr3	136000000	136250000	0.530877
chr3	136250000	136500000	0.585971
chr3	136500000	136750000	0.740312
chr3	136750000	137000000	0.64295
chr3	137000000	137250000	0.4361
chr3	137250000	137500000	0.417305
chr3	137500000	137750000	0.462473
chr3	137750000	138000000	0.516892
chr3	138000000	138250000	0.776454
chr3	138250000	138500000	0.909606
chr3	138500000	138750000	0.851384
chr3	138750000	139000000	0.835132
chr3	139000000	139250000	0.550223
chr3	139250000	139500000	0.545723
chr3	139500000	139750000	0.3994
chr3	139750000	140000000	0.293176
chr3	140000000	140250000	0.319887
chr3	140250000	140500000	0.372046
chr3	140500000	140750000	0.264004
chr3	140750000	141000000	0.429021
chr3	141000000	141250000	0.707183
chr3	141250000	141500000	0.89577
chr3	141500000	141750000	0.905808
chr3	141750000	142000000	0.848637
chr3	142000000	142250000	0.68396
chr3	142250000	142500000	0.475875
chr3	142500000	142750000	0.353641
chr3	142750000	143000000	0.268295
chr3	143000000	143250000	-0.174004
chr3	143250000	143500000	-0.475355
chr3	143500000	143750000	-0.472449
chr3	143750000	144000000	-0.426435
chr3	144000000	144250000	-0.578936
chr3	144250000	144500000	-0.573935
chr3	144500000	144750000	-0.516006
chr3	144750000	145000000	-0.50935
chr3	145000000	145250000	-0.536727
chr3	145250000	145500000	-0.533995
chr3	145500000	145750000	-0.514225
chr3	145750000	146000000	-0.492617
chr3	146000000	146250000	-0.37393
chr3	146250000	146500000	-0.385886
chr3	146500000	146750000	-0.365781
chr3	146750000	147000000	-0.557397
chr3	147000000	147250000	-0.518683
chr3	147250000	147500000	-0.367739
chr3	147500000	147750000	-0.521151
chr3	147750000	148000000	-0.558065
chr3	148000000	148250000	-0.516496
chr3	148250000	148500000	-0.58217
chr3	148500000	148750000	-0.639011
chr3	148750000	149000000	-0.416297
chr3	149000000	149250000	0.0514968
chr3	149250000	149500000	0.0698483
chr3	149500000	149750000	0.535656
chr3	149750000	150000000	0.562226
chr3	150000000	150250000	0.614817
chr3	150250000	150500000	0.656184
chr3	150500000	150750000	0.614961
chr3	150750000	151000000	0.342209
chr3	151000000	151250000	0.114542
chr3	151250000	151500000	-0.27843
chr3	151500000	151750000	-0.594931
chr3	151750000	152000000	-0.508623
chr3	152000000	152250000	-0.516356
chr3	152250000	152500000	-0.375003
chr3	152500000	152750000	-0.508135
chr3	152750000	153000000	-0.503242
chr3	153000000	153250000	-0.337779
chr3	153250000	153500000	-0.482362
chr3	153500000	153750000	-0.470789
chr3	153750000	154000000	-0.468454
chr3	154000000	154250000	-0.35427
chr3	154250000	154500000	-0.3575
chr3	154500000	154750000	-0.486878
chr3	154750000	155000000	-0.48553
chr3	155000000	155250000	-0.404476
chr3	155250000	155500000	-0.115902
chr3	155500000	155750000	0.126859
chr3	155750000	156000000	0.387359
chr3	156000000	156250000	0.141798
chr3	156250000	156500000	0.180094
chr3	156500000	156750000	0.173905
chr3	156750000	157000000	0.113676
chr3	157000000	157250000	0.0216963
chr3	157250000	157500000	-0.260072
chr3	157500000	157750000	-0.448234
chr3	157750000	158000000	-0.533482
chr3	158000000	158250000	-0.443482
chr3	158250000	158500000	-0.449657
chr3	158500000	158750000	-0.284743
chr3	158750000	159000000	-0.379804
chr3	159000000	159250000	-0.469698
chr3	159250000	159500000	-0.46221
chr3	159500000	159750000	-0.383866
chr3	159750000	160000000	-0.165308
chr3	160000000	160250000	-0.0263752
chr3	160250000	160500000	0.167984
chr3	160500000	160750000	-0.141095
chr3	160750000	161000000	-0.248702
chr3	161000000	161250000	-0.27483
chr3	161250000	161500000	-0.330257
chr3	161500000	161750000	-0.454775
chr3	161750000	162000000	-0.44843
chr3	162000000	162250000	-0.520442
chr3	162250000	162500000	-0.432981
chr3	162500000	162750000	-0.329722
chr3	162750000	163000000	-0.401636
chr3	163000000	163250000	-0.463024
chr3	163250000	163500000	-0.471805
chr3	163500000	163750000	-0.430893
chr3	163750000	164000000	-0.423946
chr3	164000000	164250000	-0.447325
chr3	164250000	164500000	-0.447762
chr3	164500000	164750000	-0.476221
chr3	164750000	165000000	-0.467432
chr3	165000000	165250000	-0.405596
chr3	165250000	165500000	-0.465225
chr3	165500000	165750000	-0.51898
chr3	165750000	166000000	-0.412066
chr3	166000000	166250000	-0.497275
chr3	166250000	166500000	-0.525469
chr3	166500000	166750000	-0.523149
chr3	166750000	167000000	-0.556763
chr3	167000000	167250000	-0.522573
chr3	167250000	167500000	-0.491209
chr3	167500000	167750000	-0.419061
chr3	167750000	168000000	-0.476107
chr3	168000000	168250000	-0.388306
chr3	168250000	168500000	-0.464095
chr3	168500000	168750000	-0.369026
chr3	168750000	169000000	-0.381033
chr3	169000000	169250000	-0.375125
chr3	169250000	169500000	-0.420089
chr3	169500000	169750000	-0.307951
chr3	169750000	170000000	0.320449
chr3	170000000	170250000	0.729
chr3	170250000	170500000	0.803369
chr3	170500000	170750000	0.605911
chr3	170750000	171000000	0.484276
chr3	171000000	171250000	0.346728
chr3	171250000	171500000	0.434578
chr3	171500000	171750000	0.309493
chr3	171750000	172000000	0.394582
chr3	172000000	172250000	0.705739
chr3	172250000	172500000	0.43725
chr3	172500000	172750000	0.244157
chr3	172750000	173000000	-0.0607776
chr3	173000000	173250000	-0.316091
chr3	173250000	173500000	-0.394015
chr3	173500000	173750000	-0.453374
chr3	173750000	174000000	-0.459123
chr3	174000000	174250000	-0.39085
chr3	174250000	174500000	-0.401516
chr3	174500000	174750000	-0.511141
chr3	174750000	175000000	-0.522911
chr3	175000000	175250000	-0.558004
chr3	175250000	175500000	-0.539109
chr3	175500000	175750000	-0.5532
chr3	175750000	176000000	-0.470494
chr3	176000000	176250000	-0.477224
chr3	176250000	176500000	-0.265487
chr3	176500000	176750000	-0.423545
chr3	176750000	177000000	-0.335202
chr3	177000000	177250000	0.142007
chr3	177250000	177500000	-0.183147
chr3	177500000	177750000	-0.337644
chr3	177750000	178000000	-0.446018
chr3	178000000	178250000	-0.530593
chr3	178250000	178500000	-0.462306
chr3	178500000	178750000	-0.589288
chr3	178750000	179000000	-0.580128
chr3	179000000	179250000	-0.307399
chr3	179250000	179500000	-0.076694
chr3	179500000	179750000	0.0654561
chr3	179750000	180000000	-0.300788
chr3	180000000	180250000	-0.453929
chr3	180250000	180500000	-0.500482
chr3	180500000	180750000	-0.289358
chr3	180750000	181000000	-0.0479754
chr3	181000000	181250000	-0.149536
chr3	181250000	181500000	-0.162765
chr3	181500000	181750000	-0.0910083
chr3	181750000	182000000	0.130023
chr3	182000000	182250000	0.086985
chr3	182250000	182500000	0.0288962
chr3	182500000	182750000	0.10851
chr3	182750000	183000000	0.516656
chr3	183000000	183250000	0.823422
chr3	183250000	183500000	0.957011
chr3	183500000	183750000	1.14357
chr3	183750000	184000000	1.30429
chr3	184000000	184250000	1.35629
chr3	184250000	184500000	1.31117
chr3	184500000	184750000	1.39385
chr3	184750000	185000000	1.26817
chr3	185000000	185250000	1.25258
chr3	185250000	185500000	1.17727
chr3	185500000	185750000	1.2081
chr3	185750000	186000000	1.09271
chr3	186000000	186250000	1.00396
chr3	186250000	186500000	0.955089
chr3	186500000	186750000	0.906058
chr3	186750000	187000000	0.768773
chr3	187000000	187250000	0.529988
chr3	187250000	187500000	0.195494
chr3	187500000	187750000	0.0676164
chr3	187750000	188000000	-0.161168
chr3	188000000	188250000	-0.113293
chr3	188250000	188500000	-0.159021
chr3	188500000	188750000	-0.317683
chr3	188750000	189000000	-0.415992
chr3	189000000	189250000	-0.556207
chr3	189250000	189500000	-0.613443
chr3	189500000	189750000	-0.666056
chr3	189750000	190000000	-0.542388
chr3	190000000	190250000	-0.503591
chr3	190250000	190500000	-0.576082
chr3	190500000	190750000	-0.589211
chr3	190750000	191000000	-0.658162
chr3	191000000	191250000	-0.620075
chr3	191250000	191500000	-0.523363
chr3	191500000	191750000	-0.652449
chr3	191750000	192000000	-0.630687
chr3	192000000	192250000	-0.617164
chr3	192250000	192500000	-0.532917
chr3	192500000	192750000	-0.495755
chr3	192750000	193000000	-0.259729
chr3	193000000	193250000	-0.37618
chr3	193250000	193500000	-0.40382
chr3	193500000	193750000	-0.0307279
chr3	193750000	194000000	0.418013
chr3	194000000	194250000	0.487147
chr3	194250000	194500000	0.655701
chr3	194500000	194750000	0.875138
chr3	194750000	195000000	0.972077
chr3	195000000	195250000	0.967318
chr3	195250000	195500000	1.05193
chr3	195500000	195750000	1.13491
chr3	195750000	196000000	1.26926
chr3	196000000	196250000	1.15347
chr3	196250000	196500000	1.16285
chr3	196500000	196750000	1.08625
chr3	196750000	197000000	1.09838
chr3	197000000	197250000	1.05724
chr3	197250000	197500000	1.13235
chr3	197500000	197750000	1.1344
chr3	197750000	198000000	1.06809
chr3	198000000	198250000	nan
chr3	198250000	198295559	nan
#bedGraph section chr4:0-190214555
chr4	0	250000	1.01055
chr4	250000	500000	1.08975
chr4	500000	750000	0.81494
chr4	750000	1000000	0.675245
chr4	1000000	1250000	0.717908
chr4	1250000	1500000	0.695401
chr4	1500000	1750000	0.599731
chr4	1750000	2000000	0.667787
chr4	2000000	2250000	0.722046
chr4	2250000	2500000	0.761491
chr4	2500000	2750000	0.904215
chr4	2750000	3000000	0.830931
chr4	3000000	3250000	0.777263
chr4	3250000	3500000	0.76272
chr4	3500000	3750000	0.767244
chr4	3750000	4000000	0.882249
chr4	4000000	4250000	0.99263
chr4	4250000	4500000	0.980898
chr4	4500000	4750000	0.981407
chr4	4750000	5000000	0.78013
chr4	5000000	5250000	0.763574
chr4	5250000	5500000	0.699411
chr4	5500000	5750000	0.737253
chr4	5750000	6000000	0.883089
chr4	6000000	6250000	0.88839
chr4	6250000	6500000	0.854099
chr4	6500000	6750000	0.924651
chr4	6750000	7000000	1.01153
chr4	7000000	7250000	0.783868
chr4	7250000	7500000	0.68694
chr4	7500000	7750000	0.697877
chr4	7750000	8000000	0.880093
chr4	8000000	8250000	0.782583
chr4	8250000	8500000	0.879999
chr4	8500000	8750000	0.932832
chr4	8750000	9000000	0.933529
chr4	9000000	9250000	nan
chr4	9250000	9500000	nan
chr4	9500000	9750000	0.81538
chr4	9750000	10000000	0.846538
chr4	10000000	10250000	0.632434
chr4	10250000	10500000	0.242545
chr4	10500000	10750000	-0.0232511
chr4	10750000	11000000	-0.18164
chr4	11000000	11250000	-0.212282
chr4	11250000	11500000	-0.12617
chr4	11500000	11750000	-0.200155
chr4	11750000	12000000	-0.202224
chr4	12000000	12250000	-0.260965
chr4	12250000	12500000	-0.341432
chr4	12500000	12750000	-0.219058
chr4	12750000	13000000	-0.252205
chr4	13000000	13250000	-0.248849
chr4	13250000	13500000	-0.0381616
chr4	13500000	13750000	0.0503283
chr4	13750000	14000000	-0.18967
chr4	14000000	14250000	-0.173811
chr4	14250000	14500000	-0.187133
chr4	14500000	14750000	-0.22685
chr4	14750000	15000000	-0.159307
chr4	15000000	15250000	-0.0440671
chr4	15250000	15500000	0.153606
chr4	15500000	15750000	0.581185
chr4	15750000	16000000	0.557076
chr4	16000000	16250000	0.783648
chr4	16250000	16500000	0.451522
chr4	16500000	16750000	0.429832
chr4	16750000	17000000	0.655489
chr4	17000000	17250000	0.547319
chr4	17250000	17500000	0.469671
chr4	17500000	17750000	0.571808
chr4	17750000	18000000	0.0872714
chr4	18000000	18250000	-0.440903
chr4	18250000	18500000	-0.486346
chr4	18500000	18750000	-0.307944
chr4	18750000	19000000	-0.385556
chr4	19000000	19250000	-0.33791
chr4	19250000	19500000	-0.400953
chr4	19500000	19750000	-0.432492
chr4	19750000	20000000	-0.427671
chr4	20000000	20250000	-0.393345
chr4	20250000	20500000	-0.193379
chr4	20500000	20750000	-0.146632
chr4	20750000	21000000	-0.346167
chr4	21000000	21250000	-0.342479
chr4	21250000	21500000	-0.309001
chr4	21500000	21750000	-0.315217
chr4	21750000	22000000	-0.360941
chr4	22000000	22250000	-0.420644
chr4	22250000	22500000	-0.107588
chr4	22500000	22750000	-0.176083
chr4	22750000	23000000	-0.30199
chr4	23000000	23250000	-0.322289
chr4	23250000	23500000	-0.260582
chr4	23500000	23750000	-0.231184
chr4	23750000	24000000	-0.0454751
chr4	24000000	24250000	0.0350682
chr4	24250000	24500000	0.20998
chr4	24500000	24750000	0.757659
chr4	24750000	25000000	0.602838
chr4	25000000	25250000	0.756121
chr4	25250000	25500000	0.90068
chr4	25500000	25750000	0.869511
chr4	25750000	26000000	0.798977
chr4	26000000	26250000	0.782864
chr4	26250000	26500000	0.813966
chr4	26500000	26750000	0.324622
chr4	26750000	27000000	0.256619
chr4	27000000	27250000	-0.037029
chr4	27250000	27500000	-0.305608
chr4	27500000	27750000	-0.418263
chr4	27750000	28000000	-0.412656
chr4	28000000	28250000	-0.422257
chr4	28250000	28500000	-0.273639
chr4	28500000	28750000	-0.242707
chr4	28750000	29000000	-0.335577
chr4	29000000	29250000	-0.357527
chr4	29250000	29500000	-0.363765
chr4	29500000	29750000	-0.379454
chr4	29750000	30000000	-0.336398
chr4	30000000	30250000	-0.315652
chr4	30250000	30500000	-0.33794
chr4	30500000	30750000	-0.248541
chr4	30750000	31000000	0.0602582
chr4	31000000	31250000	-0.117412
chr4	31250000	31500000	-0.250315
chr4	31500000	31750000	-0.340737
chr4	31750000	32000000	-0.33815
chr4	32000000	32250000	-0.308889
chr4	32250000	32500000	-0.352262
chr4	32500000	32750000	-0.327413
chr4	32750000	33000000	-0.294761
chr4	33000000	33250000	-0.251106
chr4	33250000	33500000	-0.280935
chr4	33500000	33750000	-0.25965
chr4	33750000	34000000	-0.252387
chr4	34000000	34250000	-0.23365
chr4	34250000	34500000	-0.233603
chr4	34500000	34750000	-0.255274
chr4	34750000	35000000	-0.309115
chr4	35000000	35250000	-0.328095
chr4	35250000	35500000	-0.3615
chr4	35500000	35750000	-0.390697
chr4	35750000	36000000	-0.327888
chr4	36000000	36250000	-0.283725
chr4	36250000	36500000	-0.27445
chr4	36500000	36750000	-0.360714
chr4	36750000	37000000	-0.367226
chr4	37000000	37250000	-0.328653
chr4	37250000	37500000	-0.155657
chr4	37500000	37750000	0.239506
chr4	37750000	38000000	0.492239
chr4	38000000	38250000	0.525995
chr4	38250000	38500000	0.481817
chr4	38500000	38750000	0.512067
chr4	38750000	39000000	0.575606
chr4	39000000	39250000	0.719707
chr4	39250000	39500000	0.896776
chr4	39500000	39750000	0.991307
chr4	39750000	40000000	0.966768
chr4	40000000	40250000	0.923022
chr4	40250000	40500000	0.949361
chr4	40500000	40750000	0.963542
chr4	40750000	41000000	0.908363
chr4	41000000	41250000	0.912007
chr4	41250000	41500000	0.824444
chr4	41500000	41750000	0.787171
chr4	41750000	42000000	0.751611
chr4	42000000	42250000	0.451132
chr4	42250000	42500000	0.290511
chr4	42500000	42750000	-0.131029
chr4	42750000	43000000	-0.283697
chr4	43000000	43250000	-0.299428
chr4	43250000	43500000	-0.35204
chr4	43500000	43750000	-0.306711
chr4	43750000	44000000	-0.206369
chr4	44000000	44250000	-0.15097
chr4	44250000	44500000	-0.187317
chr4	44500000	44750000	-0.133446
chr4	44750000	45000000	-0.204492
chr4	45000000	45250000	-0.315887
chr4	45250000	45500000	-0.244656
chr4	45500000	45750000	-0.274356
chr4	45750000	46000000	-0.242878
chr4	46000000	46250000	-0.254975
chr4	46250000	46500000	-0.208073
chr4	46500000	46750000	-0.208564
chr4	46750000	47000000	-0.162408
chr4	47000000	47250000	-0.115963
chr4	47250000	47500000	-0.0263421
chr4	47500000	47750000	0.259672
chr4	47750000	48000000	0.571286
chr4	48000000	48250000	0.770743
chr4	48250000	48500000	0.866812
chr4	48500000	48750000	0.898586
chr4	48750000	49000000	0.77856
chr4	49000000	49250000	0.198955
chr4	49250000	49500000	nan
chr4	49500000	49750000	nan
chr4	49750000	50000000	nan
chr4	50000000	50250000	nan
chr4	50250000	50500000	nan
chr4	50500000	50750000	nan
chr4	50750000	51000000	nan
chr4	51000000	51250000	nan
chr4	51250000	51500000	nan
chr4	51500000	51750000	nan
chr4	51750000	52000000	nan
chr4	52000000	52250000	0.355775
chr4	52250000	52500000	0.362058
chr4	52500000	52750000	0.587763
chr4	52750000	53000000	0.56842
chr4	53000000	53250000	0.328203
chr4	53250000	53500000	0.536296
chr4	53500000	53750000	0.453841
chr4	53750000	54000000	0.453405
chr4	54000000	54250000	0.551768
chr4	54250000	54500000	0.445897
chr4	54500000	54750000	0.562355
chr4	54750000	55000000	0.501488
chr4	55000000	55250000	0.690913
chr4	55250000	55500000	0.752768
chr4	55500000	55750000	0.800973
chr4	55750000	56000000	0.784771
chr4	56000000	56250000	0.949868
chr4	56250000	56500000	0.983229
chr4	56500000	56750000	0.993991
chr4	56750000	57000000	0.975833
chr4	57000000	57250000	0.299201
chr4	57250000	57500000	-0.119391
chr4	57500000	57750000	-0.281122
chr4	57750000	58000000	-0.365556
chr4	58000000	58250000	-0.30832
chr4	58250000	58500000	-0.280893
chr4	58500000	58750000	-0.242731
chr4	58750000	59000000	-0.353914
chr4	59000000	59250000	-0.27198
chr4	59250000	59500000	-0.342586
chr4	59500000	59750000	-0.348756
chr4	59750000	60000000	-0.365562
chr4	60000000	60250000	-0.312441
chr4	60250000	60500000	-0.362648
chr4	60500000	60750000	-0.362485
chr4	60750000	61000000	-0.333412
chr4	61000000	61250000	-0.219516
chr4	61250000	61500000	-0.0266075
chr4	61500000	61750000	-0.032498
chr4	61750000	62000000	0.135457
chr4	62000000	62250000	-0.136384
chr4	62250000	62500000	-0.346409
chr4	62500000	62750000	-0.35465
chr4	62750000	63000000	-0.438101
chr4	63000000	63250000	-0.475423
chr4	63250000	63500000	-0.426456
chr4	63500000	63750000	-0.393842
chr4	63750000	64000000	-0.421229
chr4	64000000	64250000	-0.375839
chr4	64250000	64500000	-0.372884
chr4	64500000	64750000	-0.151251
chr4	64750000	65000000	-0.127196
chr4	65000000	65250000	-0.288103
chr4	65250000	65500000	-0.304464
chr4	65500000	65750000	-0.230281
chr4	65750000	66000000	-0.317891
chr4	66000000	66250000	-0.335251
chr4	66250000	66500000	-0.407646
chr4	66500000	66750000	-0.36508
chr4	66750000	67000000	-0.402644
chr4	67000000	67250000	-0.365531
chr4	67250000	67500000	-0.22089
chr4	67500000	67750000	-0.00367124
chr4	67750000	68000000	-0.341752
chr4	68000000	68250000	-0.321212
chr4	68250000	68500000	0.190496
chr4	68500000	68750000	-0.295721
chr4	68750000	69000000	-0.425784
chr4	69000000	69250000	-0.39278
chr4	69250000	69500000	-0.456171
chr4	69500000	69750000	-0.439099
chr4	69750000	70000000	-0.44854
chr4	70000000	70250000	-0.495697
chr4	70250000	70500000	-0.532691
chr4	70500000	70750000	-0.100079
chr4	70750000	71000000	0.387269
chr4	71000000	71250000	-0.0829679
chr4	71250000	71500000	-0.330883
chr4	71500000	71750000	-0.168405
chr4	71750000	72000000	-0.158514
chr4	72000000	72250000	-0.229794
chr4	72250000	72500000	-0.29775
chr4	72500000	72750000	-0.383671
chr4	72750000	73000000	-0.379322
chr4	73000000	73250000	0.291319
chr4	73250000	73500000	-0.0158134
chr4	73500000	73750000	-0.0385864
chr4	73750000	74000000	-0.0292028
chr4	74000000	74250000	0.00705253
chr4	74250000	74500000	-0.188743
chr4	74500000	74750000	-0.221406
chr4	74750000	75000000	-0.157082
chr4	75000000	75250000	-0.15512
chr4	75250000	75500000	-0.0277166
chr4	75500000	75750000	0.803575
chr4	75750000	76000000	1.10459
chr4	76000000	76250000	1.09516
chr4	76250000	76500000	0.972616
chr4	76500000	76750000	1.03069
chr4	76750000	77000000	0.932915
chr4	77000000	77250000	0.952633
chr4	77250000	77500000	0.740238
chr4	77500000	77750000	0.653989
chr4	77750000	78000000	0.642974
chr4	78000000	78250000	0.687374
chr4	78250000	78500000	0.613649
chr4	78500000	78750000	0.403998
chr4	78750000	79000000	0.204499
chr4	79000000	79250000	-0.308319
chr4	79250000	79500000	-0.282589
chr4	79500000	79750000	-0.220813
chr4	79750000	80000000	-0.275027
chr4	80000000	80250000	-0.12595
chr4	80250000	80500000	-0.14516
chr4	80500000	80750000	-0.291868
chr4	80750000	81000000	-0.338823
chr4	81000000	81250000	-0.140614
chr4	81250000	81500000	-0.0726566
chr4	81500000	81750000	-0.0101333
chr4	81750000	82000000	-0.0370837
chr4	82000000	82250000	0.0101442
chr4	82250000	82500000	0.786012
chr4	82500000	82750000	1.03173
chr4	82750000	83000000	1.15766
chr4	83000000	83250000	1.02727
chr4	83250000	83500000	0.852744
chr4	83500000	83750000	0.543896
chr4	83750000	84000000	0.449543
chr4	84000000	84250000	0.445893
chr4	84250000	84500000	0.531081
chr4	84500000	84750000	0.525804
chr4	84750000	85000000	0.486386
chr4	85000000	85250000	-0.13469
chr4	85250000	85500000	-0.156274
chr4	85500000	85750000	-0.167482
chr4	85750000	86000000	-0.0271448
chr4	86000000	86250000	-0.0354094
chr4	86250000	86500000	0.237168
chr4	86500000	86750000	0.37435
chr4	86750000	87000000	0.639795
chr4	87000000	87250000	0.897164
chr4	87250000	87500000	0.791616
chr4	87500000	87750000	0.745939
chr4	87750000	88000000	0.993226
chr4	88000000	88250000	0.864417
chr4	88250000	88500000	0.719851
chr4	88500000	88750000	0.549406
chr4	88750000	89000000	0.419007
chr4	89000000	89250000	0.255306
chr4	89250000	89500000	0.0686214
chr4	89500000	89750000	-0.0338384
chr4	89750000	90000000	-0.053889
chr4	90000000	90250000	-0.0404568
chr4	90250000	90500000	-0.165588
chr4	90500000	90750000	-0.25129
chr4	90750000	91000000	-0.175685
chr4	91000000	91250000	-0.217453
chr4	91250000	91500000	-0.272516
chr4	91500000	91750000	-0.155806
chr4	91750000	92000000	-0.153856
chr4	92000000	92250000	-0.0270553
chr4	92250000	92500000	0.566723
chr4	92500000	92750000	0.287407
chr4	92750000	93000000	0.0274607
chr4	93000000	93250000	0.074912
chr4	93250000	93500000	0.0334078
chr4	93500000	93750000	0.048202
chr4	93750000	94000000	0.161851
chr4	94000000	94250000	0.324755
chr4	94250000	94500000	0.299395
chr4	94500000	94750000	0.0579558
chr4	94750000	95000000	-0.161286
chr4	95000000	95250000	-0.259844
chr4	95250000	95500000	-0.43676
chr4	95500000	95750000	-0.3756
chr4	95750000	96000000	-0.404892
chr4	96000000	96250000	-0.450662
chr4	96250000	96500000	-0.403441
chr4	96500000	96750000	-0.449178
chr4	96750000	97000000	-0.449615
chr4	97000000	97250000	-0.425282
chr4	97250000	97500000	-0.44524
chr4	97500000	97750000	-0.452919
chr4	97750000	98000000	-0.4784
chr4	98000000	98250000	-0.220035
chr4	98250000	98500000	0.00855567
chr4	98500000	98750000	0.124485
chr4	98750000	99000000	0.260293
chr4	99000000	99250000	0.00146427
chr4	99250000	99500000	-0.255339
chr4	99500000	99750000	-0.261994
chr4	99750000	100000000	-0.173376
chr4	100000000	100250000	-0.390436
chr4	100250000	100500000	-0.417309
chr4	100500000	100750000	-0.447533
chr4	100750000	101000000	-0.333758
chr4	101000000	101250000	-0.151038
chr4	101250000	101500000	-0.22304
chr4	101500000	101750000	-0.380409
chr4	101750000	102000000	-0.370789
chr4	102000000	102250000	-0.333983
chr4	102250000	102500000	-0.0842461
chr4	102500000	102750000	0.0531819
chr4	102750000	103000000	0.307227
chr4	103000000	103250000	-0.037287
chr4	103250000	103500000	-0.347049
chr4	103500000	103750000	-0.433443
chr4	103750000	104000000	-0.3317
chr4	104000000	104250000	-0.410946
chr4	104250000	104500000	-0.402364
chr4	104500000	104750000	-0.394186
chr4	104750000	105000000	-0.360479
chr4	105000000	105250000	-0.31872
chr4	105250000	105500000	-0.26311
chr4	105500000	105750000	-0.222815
chr4	105750000	106000000	-0.194515
chr4	106000000	106250000	-0.25284
chr4	106250000	106500000	-0.359853
chr4	106500000	106750000	-0.526745
chr4	106750000	107000000	-0.48067
chr4	107000000	107250000	-0.455209
chr4	107250000	107500000	-0.46208
chr4	107500000	107750000	-0.179875
chr4	107750000	108000000	-0.00652624
chr4	108000000	108250000	0.24224
chr4	108250000	108500000	0.166713
chr4	108500000	108750000	0.369832
chr4	108750000	109000000	0.314732
chr4	109000000	109250000	0.245995
chr4	109250000	109500000	0.530135
chr4	109500000	109750000	0.847656
chr4	109750000	110000000	0.563954
chr4	110000000	110250000	0.63871
chr4	110250000	110500000	0.332205
chr4	110500000	110750000	0.0129903
chr4	110750000	111000000	-0.309611
chr4	111000000	111250000	-0.368434
chr4	111250000	111500000	-0.404222
chr4	111500000	111750000	-0.327309
chr4	111750000	112000000	-0.248456
chr4	112000000	112250000	0.0933761
chr4	112250000	112500000	0.469382
chr4	112500000	112750000	0.963751
chr4	112750000	113000000	0.895556
chr4	113000000	113250000	0.367991
chr4	113250000	113500000	-0.0761571
chr4	113500000	113750000	-0.324789
chr4	113750000	114000000	-0.362865
chr4	114000000	114250000	-0.471655
chr4	114250000	114500000	-0.375576
chr4	114500000	114750000	-0.268637
chr4	114750000	115000000	-0.492796
chr4	115000000	115250000	-0.422653
chr4	115250000	115500000	-0.515195
chr4	115500000	115750000	-0.485227
chr4	115750000	116000000	-0.432909
chr4	116000000	116250000	-0.416272
chr4	116250000	116500000	-0.469405
chr4	116500000	116750000	-0.482887
chr4	116750000	117000000	-0.455971
chr4	117000000	117250000	-0.465736
chr4	117250000	117500000	-0.542995
chr4	117500000	117750000	-0.497293
chr4	117750000	118000000	-0.479302
chr4	118000000	118250000	-0.361049
chr4	118250000	118500000	0.199298
chr4	118500000	118750000	0.543323
chr4	118750000	119000000	0.678941
chr4	119000000	119250000	0.786676
chr4	119250000	119500000	0.61826
chr4	119500000	119750000	0.216724
chr4	119750000	120000000	0.221891
chr4	120000000	120250000	-0.0737624
chr4	120250000	120500000	-0.395883
chr4	120500000	120750000	-0.322595
chr4	120750000	121000000	-0.152688
chr4	121000000	121250000	-0.241764
chr4	121250000	121500000	-0.250346
chr4	121500000	121750000	-0.0885014
chr4	121750000	122000000	0.0682409
chr4	122000000	122250000	-0.140194
chr4	122250000	122500000	-0.175121
chr4	122500000	122750000	0.0601794
chr4	122750000	123000000	0.589474
chr4	123000000	123250000	0.200754
chr4	123250000	123500000	0.158214
chr4	123500000	123750000	-0.00275231
chr4	123750000	124000000	-0.356857
chr4	124000000	124250000	-0.357162
chr4	124250000	124500000	-0.284385
chr4	124500000	124750000	-0.218203
chr4	124750000	125000000	-0.336264
chr4	125000000	125250000	-0.344326
chr4	125250000	125500000	-0.15686
chr4	125500000	125750000	-0.157683
chr4	125750000	126000000	-0.388107
chr4	126000000	126250000	-0.478823
chr4	126250000	126500000	-0.479816
chr4	126500000	126750000	-0.411944
chr4	126750000	127000000	-0.467573
chr4	127000000	127250000	-0.402456
chr4	127250000	127500000	-0.421837
chr4	127500000	127750000	-0.0913016
chr4	127750000	128000000	0.540892
chr4	128000000	128250000	0.779195
chr4	128250000	128500000	0.500624
chr4	128500000	128750000	0.718623
chr4	128750000	129000000	0.503119
chr4	129000000	129250000	-0.171614
chr4	129250000	129500000	-0.417247
chr4	129500000	129750000	-0.458824
chr4	129750000	130000000	-0.345342
chr4	130000000	130250000	-0.192575
chr4	130250000	130500000	-0.322307
chr4	130500000	130750000	-0.343946
chr4	130750000	131000000	-0.368001
chr4	131000000	131250000	-0.352464
chr4	131250000	131500000	-0.422905
chr4	131500000	131750000	-0.336657
chr4	131750000	132000000	nan
chr4	132000000	132250000	-0.278375
chr4	132250000	132500000	-0.320082
chr4	132500000	132750000	-0.324438
chr4	132750000	133000000	-0.444401
chr4	133000000	133250000	-0.348474
chr4	133250000	133500000	-0.335911
chr4	133500000	133750000	-0.264233
chr4	133750000	134000000	-0.311382
chr4	134000000	134250000	-0.317763
chr4	134250000	134500000	-0.286837
chr4	134500000	134750000	-0.109761
chr4	134750000	135000000	-0.256288
chr4	135000000	135250000	-0.323825
chr4	135250000	135500000	-0.365743
chr4	135500000	135750000	-0.430989
chr4	135750000	136000000	-0.430967
chr4	136000000	136250000	-0.40832
chr4	136250000	136500000	-0.37447
chr4	136500000	136750000	-0.371149
chr4	136750000	137000000	-0.333121
chr4	137000000	137250000	-0.464206
chr4	137250000	137500000	-0.394077
chr4	137500000	137750000	-0.29359
chr4	137750000	138000000	-0.324708
chr4	138000000	138250000	-0.124162
chr4	138250000	138500000	-0.197038
chr4	138500000	138750000	-0.00150598
chr4	138750000	139000000	0.253726
chr4	139000000	139250000	1.19401
chr4	139250000	139500000	1.33035
chr4	139500000	139750000	0.965081
chr4	139750000	140000000	0.899888
chr4	140000000	140250000	0.878506
chr4	140250000	140500000	0.410451
chr4	140500000	140750000	0.23432
chr4	140750000	141000000	-0.0826334
chr4	141000000	141250000	-0.277167
chr4	141250000	141500000	-0.462609
chr4	141500000	141750000	-0.410657
chr4	141750000	142000000	-0.424634
chr4	142000000	142250000	-0.380208
chr4	142250000	142500000	-0.337761
chr4	142500000	142750000	-0.423655
chr4	142750000	143000000	-0.385317
chr4	143000000	143250000	-0.298499
chr4	143250000	143500000	0.100643
chr4	143500000	143750000	-0.258005
chr4	143750000	144000000	-0.484039
chr4	144000000	144250000	-0.388726
chr4	144250000	144500000	-0.539499
chr4	144500000	144750000	-0.411046
chr4	144750000	145000000	-0.406841
chr4	145000000	145250000	0.246429
chr4	145250000	145500000	0.299595
chr4	145500000	145750000	0.552598
chr4	145750000	146000000	0.620292
chr4	146000000	146250000	0.0653009
chr4	146250000	146500000	-0.195205
chr4	146500000	146750000	-0.26122
chr4	146750000	147000000	-0.26741
chr4	147000000	147250000	-0.256783
chr4	147250000	147500000	-0.364658
chr4	147500000	147750000	0.108215
chr4	147750000	148000000	0.089882
chr4	148000000	148250000	-0.208091
chr4	148250000	148500000	-0.307755
chr4	148500000	148750000	-0.432841
chr4	148750000	149000000	-0.376114
chr4	149000000	149250000	-0.476686
chr4	149250000	149500000	-0.563831
chr4	149500000	149750000	-0.651413
chr4	149750000	150000000	-0.492111
chr4	150000000	150250000	-0.215367
chr4	150250000	150500000	0.162866
chr4	150500000	150750000	0.313698
chr4	150750000	151000000	0.640721
chr4	151000000	151250000	0.997468
chr4	151250000	151500000	1.1542
chr4	151500000	151750000	0.967636
chr4	151750000	152000000	0.966589
chr4	152000000	152250000	0.989269
chr4	152250000	152500000	0.98324
chr4	152500000	152750000	1.1349
chr4	152750000	153000000	1.1746
chr4	153000000	153250000	1.04426
chr4	153250000	153500000	1.05025
chr4	153500000	153750000	0.795943
chr4	153750000	154000000	0.140756
chr4	154000000	154250000	-0.00230497
chr4	154250000	154500000	-0.0228478
chr4	154500000	154750000	-0.0296279
chr4	154750000	155000000	-0.22967
chr4	155000000	155250000	-0.46574
chr4	155250000	155500000	-0.374254
chr4	155500000	155750000	-0.384047
chr4	155750000	156000000	-0.234641
chr4	156000000	156250000	-0.212354
chr4	156250000	156500000	-0.299392
chr4	156500000	156750000	-0.351314
chr4	156750000	157000000	-0.312728
chr4	157000000	157250000	-0.326167
chr4	157250000	157500000	-0.460078
chr4	157500000	157750000	-0.493566
chr4	157750000	158000000	-0.462293
chr4	158000000	158250000	-0.341346
chr4	158250000	158500000	-0.345335
chr4	158500000	158750000	-0.00299472
chr4	158750000	159000000	0.511251
chr4	159000000	159250000	0.650305
chr4	159250000	159500000	0.164783
chr4	159500000	159750000	-0.346059
chr4	159750000	160000000	-0.381535
chr4	160000000	160250000	-0.424279
chr4	160250000	160500000	-0.441624
chr4	160500000	160750000	-0.410275
chr4	160750000	161000000	-0.389702
chr4	161000000	161250000	-0.321752
chr4	161250000	161500000	-0.30698
chr4	161500000	161750000	-0.292518
chr4	161750000	162000000	-0.352128
chr4	162000000	162250000	-0.293508
chr4	162250000	162500000	-0.424892
chr4	162500000	162750000	-0.423986
chr4	162750000	163000000	-0.381655
chr4	163000000	163250000	-0.156217
chr4	163250000	163500000	-0.132154
chr4	163500000	163750000	-0.223997
chr4	163750000	164000000	-0.354363
chr4	164000000	164250000	-0.229889
chr4	164250000	164500000	-0.21112
chr4	164500000	164750000	-0.184853
chr4	164750000	165000000	0.564349
chr4	165000000	165250000	0.302017
chr4	165250000	165500000	0.207964
chr4	165500000	165750000	-0.262379
chr4	165750000	166000000	-0.33804
chr4	166000000	166250000	-0.374884
chr4	166250000	166500000	-0.452333
chr4	166500000	166750000	-0.373707
chr4	166750000	167000000	-0.47364
chr4	167000000	167250000	-0.416741
chr4	167250000	167500000	-0.371805
chr4	167500000	167750000	-0.458308
chr4	167750000	168000000	-0.430766
chr4	168000000	168250000	-0.337413
chr4	168250000	168500000	-0.361332
chr4	168500000	168750000	-0.00501812
chr4	168750000	169000000	0.199074
chr4	169000000	169250000	0.588748
chr4	169250000	169500000	0.418957
chr4	169500000	169750000	0.335776
chr4	169750000	170000000	0.17567
chr4	170000000	170250000	-0.118562
chr4	170250000	170500000	-0.410961
chr4	170500000	170750000	-0.445148
chr4	170750000	171000000	-0.330455
chr4	171000000	171250000	-0.356715
chr4	171250000	171500000	-0.449823
chr4	171500000	171750000	-0.372359
chr4	171750000	172000000	-0.27949
chr4	172000000	172250000	-0.281444
chr4	172250000	172500000	-0.427738
chr4	172500000	172750000	-0.391296
chr4	172750000	173000000	-0.209287
chr4	173000000	173250000	0.458461
chr4	173250000	173500000	0.246754
chr4	173500000	173750000	-0.197098
chr4	173750000	174000000	-0.347567
chr4	174000000	174250000	-0.255345
chr4	174250000	174500000	-0.00657605
chr4	174500000	174750000	-0.0919543
chr4	174750000	175000000	-0.392219
chr4	175000000	175250000	-0.467081
chr4	175250000	175500000	-0.411239
chr4	175500000	175750000	-0.342405
chr4	175750000	176000000	-0.255722
chr4	176000000	176250000	-0.212389
chr4	176250000	176500000	-0.25861
chr4	176500000	176750000	-0.409638
chr4	176750000	177000000	-0.413167
chr4	177000000	177250000	-0.315851
chr4	177250000	177500000	-0.100402
chr4	177500000	177750000	-0.184468
chr4	177750000	178000000	-0.382487
chr4	178000000	178250000	-0.382336
chr4	178250000	178500000	-0.39008
chr4	178500000	178750000	-0.406437
chr4	178750000	179000000	-0.354398
chr4	179000000	179250000	-0.18108
chr4	179250000	179500000	-0.289827
chr4	179500000	179750000	-0.414243
chr4	179750000	180000000	-0.520763
chr4	180000000	180250000	-0.456821
chr4	180250000	180500000	-0.464899
chr4	180500000	180750000	-0.295234
chr4	180750000	181000000	-0.216919
chr4	181000000	181250000	-0.128953
chr4	181250000	181500000	-0.0561282
chr4	181500000	181750000	0.126778
chr4	181750000	182000000	0.265968
chr4	182000000	182250000	0.47075
chr4	182250000	182500000	0.460996
chr4	182500000	182750000	0.531035
chr4	182750000	183000000	0.664691
chr4	183000000	183250000	1.11369
chr4	183250000	183500000	1.03976
chr4	183500000	183750000	1.11295
chr4	183750000	184000000	1.10272
chr4	184000000	184250000	1.00402
chr4	184250000	184500000	1.1141
chr4	184500000	184750000	1.09074
chr4	184750000	185000000	0.991472
chr4	185000000	185250000	1.08547
chr4	185250000	185500000	0.992878
chr4	185500000	185750000	0.831432
chr4	185750000	186000000	0.878818
chr4	186000000	186250000	0.680425
chr4	186250000	186500000	0.410636
chr4	186500000	186750000	0.396646
chr4	186750000	187000000	-0.080705
chr4	187000000	187250000	-0.19083
chr4	187250000	187500000	-0.229138
chr4	187500000	187750000	-0.170881
chr4	187750000	188000000	-0.0659548
chr4	188000000	188250000	0.441983
chr4	188250000	188500000	0.252287
chr4	188500000	188750000	-0.063417
chr4	188750000	189000000	-0.0950193
chr4	189000000	189250000	0.0401533
chr4	189250000	189500000	-0.153503
chr4	189500000	189750000	nan
chr4	189750000	190000000	0.109376
chr4	190000000	190214555	nan
#bedGraph section chr5:0-181538259
chr5	0	250000	1.21069
chr5	250000	500000	1.20919
chr5	500000	750000	nan
chr5	750000	1000000	nan
chr5	1000000	1250000	nan
chr5	1250000	1500000	1.22761
chr5	1500000	1750000	1.29697
chr5	1750000	2000000	1.1708
chr5	2000000	2250000	0.810875
chr5	2250000	2500000	0.674555
chr5	2500000	2750000	0.58868
chr5	2750000	3000000	0.551243
chr5	3000000	3250000	0.506826
chr5	3250000	3500000	0.371319
chr5	3500000	3750000	0.296035
chr5	3750000	4000000	0.237964
chr5	4000000	4250000	0.217755
chr5	4250000	4500000	0.17108
chr5	4500000	4750000	0.212323
chr5	4750000	5000000	0.224293
chr5	5000000	5250000	0.417654
chr5	5250000	5500000	0.436763
chr5	5500000	5750000	0.405527
chr5	5750000	6000000	0.330045
chr5	6000000	6250000	0.386908
chr5	6250000	6500000	0.520462
chr5	6500000	6750000	0.726564
chr5	6750000	7000000	0.358427
chr5	7000000	7250000	0.309001
chr5	7250000	7500000	0.572686
chr5	7500000	7750000	0.424576
chr5	7750000	8000000	0.0448896
chr5	8000000	8250000	-0.360885
chr5	8250000	8500000	-0.358509
chr5	8500000	8750000	-0.390634
chr5	8750000	9000000	-0.326335
chr5	9000000	9250000	-0.326858
chr5	9250000	9500000	-0.215878
chr5	9500000	9750000	-0.175085
chr5	9750000	10000000	-0.118231
chr5	10000000	10250000	0.0893974
chr5	10250000	10500000	0.673021
chr5	10500000	10750000	0.493828
chr5	10750000	11000000	0.070112
chr5	11000000	11250000	-0.160056
chr5	11250000	11500000	-0.202645
chr5	11500000	11750000	-0.20427
chr5	11750000	12000000	-0.297278
chr5	12000000	12250000	-0.263019
chr5	12250000	12500000	-0.141245
chr5	12500000	12750000	-0.122414
chr5	12750000	13000000	-0.374139
chr5	13000000	13250000	-0.395088
chr5	13250000	13500000	-0.346584
chr5	13500000	13750000	-0.357709
chr5	13750000	14000000	-0.22086
chr5	14000000	14250000	0.583536
chr5	14250000	14500000	0.641821
chr5	14500000	14750000	0.358526
chr5	14750000	15000000	0.174461
chr5	15000000	15250000	-0.0497935
chr5	15250000	15500000	-0.0487288
chr5	15500000	15750000	0.208701
chr5	15750000	16000000	0.0359053
chr5	16000000	16250000	-0.0361747
chr5	16250000	16500000	0.0413448
chr5	16500000	16750000	0.582727
chr5	16750000	17000000	0.702091
chr5	17000000	17250000	0.43837
chr5	17250000	17500000	0.128178
chr5	17500000	17750000	nan
chr5	17750000	18000000	-0.301863
chr5	18000000	18250000	-0.300456
chr5	18250000	18500000	-0.122108
chr5	18500000	18750000	0.185775
chr5	18750000	19000000	-0.227161
chr5	19000000	19250000	-0.3506
chr5	19250000	19500000	-0.400849
chr5	19500000	19750000	-0.348524
chr5	19750000	20000000	-0.366384
chr5	20000000	20250000	-0.419
chr5	20250000	20500000	-0.400375
chr5	20500000	20750000	-0.39754
chr5	20750000	21000000	-0.350886
chr5	21000000	21250000	-0.396691
chr5	21250000	21500000	-0.229358
chr5	21500000	21750000	-0.326662
chr5	21750000	22000000	-0.27912
chr5	22000000	22250000	-0.254796
chr5	22250000	22500000	-0.384351
chr5	22500000	22750000	-0.38828
chr5	22750000	23000000	-0.389413
chr5	23000000	23250000	-0.366837
chr5	23250000	23500000	-0.346239
chr5	23500000	23750000	-0.423626
chr5	23750000	24000000	-0.424213
chr5	24000000	24250000	-0.418726
chr5	24250000	24500000	-0.408231
chr5	24500000	24750000	-0.354262
chr5	24750000	25000000	-0.39668
chr5	25000000	25250000	-0.334148
chr5	25250000	25500000	-0.118691
chr5	25500000	25750000	-0.237513
chr5	25750000	26000000	-0.366197
chr5	26000000	26250000	-0.411671
chr5	26250000	26500000	-0.379175
chr5	26500000	26750000	-0.387503
chr5	26750000	27000000	-0.377822
chr5	27000000	27250000	-0.327764
chr5	27250000	27500000	-0.297183
chr5	27500000	27750000	-0.306899
chr5	27750000	28000000	-0.416618
chr5	28000000	28250000	-0.385519
chr5	28250000	28500000	-0.398629
chr5	28500000	28750000	-0.426519
chr5	28750000	29000000	-0.397693
chr5	29000000	29250000	-0.394128
chr5	29250000	29500000	-0.470496
chr5	29500000	29750000	-0.47722
chr5	29750000	30000000	-0.464858
chr5	30000000	30250000	-0.428454
chr5	30250000	30500000	-0.381031
chr5	30500000	30750000	-0.407007
chr5	30750000	31000000	-0.403972
chr5	31000000	31250000	-0.296354
chr5	31250000	31500000	0.188849
chr5	31500000	31750000	0.791308
chr5	31750000	32000000	0.878177
chr5	32000000	32250000	0.8863
chr5	32250000	32500000	0.826483
chr5	32500000	32750000	0.4346
chr5	32750000	33000000	0.189485
chr5	33000000	33250000	0.170704
chr5	33250000	33500000	0.312238
chr5	33500000	33750000	0.426646
chr5	33750000	34000000	0.506702
chr5	34000000	34250000	0.513629
chr5	34250000	34500000	0.453675
chr5	34500000	34750000	0.655691
chr5	34750000	35000000	0.489579
chr5	35000000	35250000	0.100616
chr5	35250000	35500000	0.0758039
chr5	35500000	35750000	-0.00782684
chr5	35750000	36000000	0.0666529
chr5	36000000	36250000	0.20972
chr5	36250000	36500000	0.231631
chr5	36500000	36750000	0.350777
chr5	36750000	37000000	0.478394
chr5	37000000	37250000	0.486998
chr5	37250000	37500000	0.468445
chr5	37500000	37750000	0.164075
chr5	37750000	38000000	0.0952003
chr5	38000000	38250000	0.0462093
chr5	38250000	38500000	0.025497
chr5	38500000	38750000	-0.00392406
chr5	38750000	39000000	-0.0231994
chr5	39000000	39250000	-0.117521
chr5	39250000	39500000	-0.284296
chr5	39500000	39750000	-0.253771
chr5	39750000	40000000	-0.336389
chr5	40000000	40250000	-0.342431
chr5	40250000	40500000	-0.327783
chr5	40500000	40750000	-0.258091
chr5	40750000	41000000	-0.0140027
chr5	41000000	41250000	-0.272971
chr5	41250000	41500000	-0.310249
chr5	41500000	41750000	-0.251217
chr5	41750000	42000000	-0.182729
chr5	42000000	42250000	-0.284773
chr5	42250000	42500000	-0.279552
chr5	42500000	42750000	-0.24194
chr5	42750000	43000000	0.012897
chr5	43000000	43250000	0.618448
chr5	43250000	43500000	0.533099
chr5	43500000	43750000	0.122075
chr5	43750000	44000000	-0.235239
chr5	44000000	44250000	-0.271307
chr5	44250000	44500000	-0.212827
chr5	44500000	44750000	-0.196422
chr5	44750000	45000000	-0.0920758
chr5	45000000	45250000	-0.0646055
chr5	45250000	45500000	-0.138498
chr5	45500000	45750000	-0.097571
chr5	45750000	46000000	nan
chr5	46000000	46250000	nan
chr5	46250000	46500000	nan
chr5	46500000	46750000	nan
chr5	46750000	47000000	nan
chr5	47000000	47250000	nan
chr5	47250000	47500000	nan
chr5	47500000	47750000	nan
chr5	47750000	48000000	nan
chr5	48000000	48250000	nan
chr5	48250000	48500000	nan
chr5	48500000	48750000	nan
chr5	48750000	49000000	nan
chr5	49000000	49250000	nan
chr5	49250000	49500000	nan
chr5	49500000	49750000	nan
chr5	49750000	50000000	nan
chr5	50000000	50250000	nan
chr5	50250000	50500000	nan
chr5	50500000	50750000	0.159132
chr5	50750000	51000000	0.0601073
chr5	51000000	51250000	-0.131683
chr5	51250000	51500000	-0.0764537
chr5	51500000	51750000	-0.181679
chr5	51750000	52000000	-0.148239
chr5	52000000	52250000	-0.214863
chr5	52250000	52500000	-0.242177
chr5	52500000	52750000	-0.13235
chr5	52750000	53000000	-0.0614267
chr5	53000000	53250000	-0.0328903
chr5	53250000	53500000	0.0564028
chr5	53500000	53750000	0.347057
chr5	53750000	54000000	0.294945
chr5	54000000	54250000	0.274727
chr5	54250000	54500000	0.230633
chr5	54500000	54750000	0.28909
chr5	54750000	55000000	0.320759
chr5	55000000	55250000	0.479891
chr5	55250000	55500000	0.955693
chr5	55500000	55750000	0.930979
chr5	55750000	56000000	0.465884
chr5	56000000	56250000	0.39873
chr5	56250000	56500000	0.251826
chr5	56500000	56750000	0.336191
chr5	56750000	57000000	0.345771
chr5	57000000	57250000	0.394927
chr5	57250000	57500000	-0.0706161
chr5	57500000	57750000	-0.23796
chr5	57750000	58000000	-0.209656
chr5	58000000	58250000	-0.285364
chr5	58250000	58500000	-0.165146
chr5	58500000	58750000	-0.281109
chr5	58750000	59000000	-0.154165
chr5	59000000	59250000	-0.199976
chr5	59250000	59500000	-0.286341
chr5	59500000	59750000	-0.227991
chr5	59750000	60000000	-0.294429
chr5	60000000	60250000	-0.395927
chr5	60250000	60500000	-0.324585
chr5	60500000	60750000	-0.134854
chr5	60750000	61000000	0.0149048
chr5	61000000	61250000	0.0939916
chr5	61250000	61500000	0.180029
chr5	61500000	61750000	0.119148
chr5	61750000	62000000	0.070806
chr5	62000000	62250000	0.122849
chr5	62250000	62500000	0.255543
chr5	62500000	62750000	-0.0197197
chr5	62750000	63000000	-0.387365
chr5	63000000	63250000	-0.489088
chr5	63250000	63500000	-0.474378
chr5	63500000	63750000	-0.527335
chr5	63750000	64000000	-0.482645
chr5	64000000	64250000	-0.466163
chr5	64250000	64500000	-0.55814
chr5	64500000	64750000	-0.334455
chr5	64750000	65000000	-0.237607
chr5	65000000	65250000	-0.200252
chr5	65250000	65500000	-0.215107
chr5	65500000	65750000	0.414154
chr5	65750000	66000000	0.680547
chr5	66000000	66250000	0.531117
chr5	66250000	66500000	0.120848
chr5	66500000	66750000	0.1461
chr5	66750000	67000000	0.17552
chr5	67000000	67250000	0.0757888
chr5	67250000	67500000	-0.0489234
chr5	67500000	67750000	-0.0427866
chr5	67750000	68000000	0.0109201
chr5	68000000	68250000	0.0364166
chr5	68250000	68500000	0.0595068
chr5	68500000	68750000	0.0891759
chr5	68750000	69000000	0.144311
chr5	69000000	69250000	0.777504
chr5	69250000	69500000	1.01938
chr5	69500000	69750000	nan
chr5	69750000	70000000	nan
chr5	70000000	70250000	nan
chr5	70250000	70500000	nan
chr5	70500000	70750000	nan
chr5	70750000	71000000	nan
chr5	71000000	71250000	nan
chr5	71250000	71500000	nan
chr5	71500000	71750000	1.10537
chr5	71750000	72000000	1.03315
chr5	72000000	72250000	1.07578
chr5	72250000	72500000	0.92822
chr5	72500000	72750000	0.878568
chr5	72750000	73000000	0.94635
chr5	73000000	73250000	0.997436
chr5	73250000	73500000	1.0536
chr5	73500000	73750000	0.740482
chr5	73750000	74000000	0.498442
chr5	74000000	74250000	0.508802
chr5	74250000	74500000	0.575884
chr5	74500000	74750000	0.568216
chr5	74750000	75000000	0.774389
chr5	75000000	75250000	0.562045
chr5	75250000	75500000	0.693999
chr5	75500000	75750000	0.580116
chr5	75750000	76000000	0.396234
chr5	76000000	76250000	0.444564
chr5	76250000	76500000	0.655903
chr5	76500000	76750000	0.679821
chr5	76750000	77000000	0.790932
chr5	77000000	77250000	0.78262
chr5	77250000	77500000	0.742667
chr5	77500000	77750000	0.813585
chr5	77750000	78000000	0.885924
chr5	78000000	78250000	0.764963
chr5	78250000	78500000	0.834138
chr5	78500000	78750000	0.929891
chr5	78750000	79000000	0.88033
chr5	79000000	79250000	0.896726
chr5	79250000	79500000	1.0339
chr5	79500000	79750000	0.996727
chr5	79750000	80000000	0.92063
chr5	80000000	80250000	1.09713
chr5	80250000	80500000	0.925533
chr5	80500000	80750000	0.897634
chr5	80750000	81000000	1.02009
chr5	81000000	81250000	0.94291
chr5	81250000	81500000	0.474351
chr5	81500000	81750000	0.432801
chr5	81750000	82000000	0.495637
chr5	82000000	82250000	0.414482
chr5	82250000	82500000	0.116438
chr5	82500000	82750000	-0.00175394
chr5	82750000	83000000	0.038658
chr5	83000000	83250000	0.0971285
chr5	83250000	83500000	0.0912425
chr5	83500000	83750000	-0.192218
chr5	83750000	84000000	-0.528217
chr5	84000000	84250000	-0.455166
chr5	84250000	84500000	-0.314796
chr5	84500000	84750000	-0.358314
chr5	84750000	85000000	-0.47366
chr5	85000000	85250000	-0.503005
chr5	85250000	85500000	-0.564307
chr5	85500000	85750000	-0.576974
chr5	85750000	86000000	-0.535598
chr5	86000000	86250000	-0.569333
chr5	86250000	86500000	-0.519192
chr5	86500000	86750000	-0.437404
chr5	86750000	87000000	-0.463259
chr5	87000000	87250000	-0.407249
chr5	87250000	87500000	-0.260085
chr5	87500000	87750000	-0.389076
chr5	87750000	88000000	-0.211168
chr5	88000000	88250000	-0.0919298
chr5	88250000	88500000	-0.119047
chr5	88500000	88750000	-0.179035
chr5	88750000	89000000	-0.321612
chr5	89000000	89250000	-0.378114
chr5	89250000	89500000	-0.380046
chr5	89500000	89750000	-0.381974
chr5	89750000	90000000	-0.384119
chr5	90000000	90250000	-0.305892
chr5	90250000	90500000	-0.0870501
chr5	90500000	90750000	0.408335
chr5	90750000	91000000	0.197158
chr5	91000000	91250000	0.01101
chr5	91250000	91500000	-0.0265547
chr5	91500000	91750000	-0.449412
chr5	91750000	92000000	-0.445781
chr5	92000000	92250000	-0.496994
chr5	92250000	92500000	-0.501353
chr5	92500000	92750000	-0.50029
chr5	92750000	93000000	-0.459791
chr5	93000000	93250000	-0.431827
chr5	93250000	93500000	-0.403213
chr5	93500000	93750000	-0.246691
chr5	93750000	94000000	-0.216198
chr5	94000000	94250000	-0.0926846
chr5	94250000	94500000	0.457011
chr5	94500000	94750000	0.279033
chr5	94750000	95000000	0.0334782
chr5	95000000	95250000	0.0422556
chr5	95250000	95500000	0.177034
chr5	95500000	95750000	0.0931882
chr5	95750000	96000000	-0.0759369
chr5	96000000	96250000	-0.195548
chr5	96250000	96500000	-0.246808
chr5	96500000	96750000	-0.24463
chr5	96750000	97000000	-0.303249
chr5	97000000	97250000	-0.353855
chr5	97250000	97500000	-0.577931
chr5	97500000	97750000	-0.612324
chr5	97750000	98000000	-0.598005
chr5	98000000	98250000	-0.549356
chr5	98250000	98500000	-0.46098
chr5	98500000	98750000	-0.52281
chr5	98750000	99000000	-0.233604
chr5	99000000	99250000	-0.497604
chr5	99250000	99500000	-0.631472
chr5	99500000	99750000	-0.570857
chr5	99750000	100000000	-0.603624
chr5	100000000	100250000	-0.618164
chr5	100250000	100500000	-0.543026
chr5	100500000	100750000	-0.525379
chr5	100750000	101000000	-0.539289
chr5	101000000	101250000	-0.578604
chr5	101250000	101500000	-0.551164
chr5	101500000	101750000	-0.542209
chr5	101750000	102000000	-0.612509
chr5	102000000	102250000	-0.566129
chr5	102250000	102500000	-0.626752
chr5	102500000	102750000	-0.534052
chr5	102750000	103000000	-0.4762
chr5	103000000	103250000	-0.453626
chr5	103250000	103500000	-0.50183
chr5	103500000	103750000	-0.501528
chr5	103750000	104000000	-0.539272
chr5	104000000	104250000	-0.524986
chr5	104250000	104500000	-0.532323
chr5	104500000	104750000	-0.581596
chr5	104750000	105000000	-0.569617
chr5	105000000	105250000	-0.603714
chr5	105250000	105500000	-0.554662
chr5	105500000	105750000	-0.553706
chr5	105750000	106000000	-0.559552
chr5	106000000	106250000	-0.507124
chr5	106250000	106500000	-0.548932
chr5	106500000	106750000	-0.581104
chr5	106750000	107000000	-0.365711
chr5	107000000	107250000	-0.275635
chr5	107250000	107500000	-0.113218
chr5	107500000	107750000	-0.0445161
chr5	107750000	108000000	-0.0908041
chr5	108000000	108250000	-0.13496
chr5	108250000	108500000	-0.201605
chr5	108500000	108750000	-0.152446
chr5	108750000	109000000	-0.163061
chr5	109000000	109250000	-0.259524
chr5	109250000	109500000	-0.232909
chr5	109500000	109750000	-0.35007
chr5	109750000	110000000	-0.339802
chr5	110000000	110250000	-0.598621
chr5	110250000	110500000	-0.576762
chr5	110500000	110750000	-0.538965
chr5	110750000	111000000	-0.569799
chr5	111000000	111250000	-0.43595
chr5	111250000	111500000	-0.516521
chr5	111500000	111750000	-0.482603
chr5	111750000	112000000	-0.597059
chr5	112000000	112250000	-0.428769
chr5	112250000	112500000	-0.161223
chr5	112500000	112750000	0.0848952
chr5	112750000	113000000	0.392118
chr5	113000000	113250000	0.170741
chr5	113250000	113500000	-0.0367189
chr5	113500000	113750000	-0.222431
chr5	113750000	114000000	-0.488578
chr5	114000000	114250000	-0.515811
chr5	114250000	114500000	-0.335421
chr5	114500000	114750000	-0.57881
chr5	114750000	115000000	-0.583574
chr5	115000000	115250000	-0.334873
chr5	115250000	115500000	-0.168173
chr5	115500000	115750000	-0.0909649
chr5	115750000	116000000	-0.0898535
chr5	116000000	116250000	-0.126449
chr5	116250000	116500000	-0.0646285
chr5	116500000	116750000	-0.000665648
chr5	116750000	117000000	-0.0716576
chr5	117000000	117250000	-0.33736
chr5	117250000	117500000	-0.514513
chr5	117500000	117750000	-0.631351
chr5	117750000	118000000	-0.660617
chr5	118000000	118250000	-0.624407
chr5	118250000	118500000	-0.641078
chr5	118500000	118750000	-0.58619
chr5	118750000	119000000	-0.457629
chr5	119000000	119250000	0.0608879
chr5	119250000	119500000	-0.125666
chr5	119500000	119750000	-0.477306
chr5	119750000	120000000	-0.620036
chr5	120000000	120250000	-0.651478
chr5	120250000	120500000	-0.600002
chr5	120500000	120750000	-0.480609
chr5	120750000	121000000	-0.525577
chr5	121000000	121250000	-0.651534
chr5	121250000	121500000	-0.693225
chr5	121500000	121750000	-0.717865
chr5	121750000	122000000	-0.631238
chr5	122000000	122250000	-0.271229
chr5	122250000	122500000	-0.0800855
chr5	122500000	122750000	-0.0245626
chr5	122750000	123000000	0.182967
chr5	123000000	123250000	0.171413
chr5	123250000	123500000	0.227951
chr5	123500000	123750000	0.25609
chr5	123750000	124000000	0.230049
chr5	124000000	124250000	0.216584
chr5	124250000	124500000	0.255541
chr5	124500000	124750000	0.349085
chr5	124750000	125000000	0.312478
chr5	125000000	125250000	0.276088
chr5	125250000	125500000	0.228024
chr5	125500000	125750000	0.156252
chr5	125750000	126000000	0.108874
chr5	126000000	126250000	0.200344
chr5	126250000	126500000	0.295931
chr5	126500000	126750000	0.4732
chr5	126750000	127000000	0.45908
chr5	127000000	127250000	0.15758
chr5	127250000	127500000	0.000873219
chr5	127500000	127750000	-0.407761
chr5	127750000	128000000	-0.571319
chr5	128000000	128250000	-0.530927
chr5	128250000	128500000	-0.656135
chr5	128500000	128750000	-0.622829
chr5	128750000	129000000	-0.604858
chr5	129000000	129250000	-0.64039
chr5	129250000	129500000	-0.586444
chr5	129500000	129750000	-0.52054
chr5	129750000	130000000	-0.587912
chr5	130000000	130250000	-0.595661
chr5	130250000	130500000	-0.667675
chr5	130500000	130750000	-0.668336
chr5	130750000	131000000	-0.650987
chr5	131000000	131250000	-0.434056
chr5	131250000	131500000	-0.130169
chr5	131500000	131750000	0.170931
chr5	131750000	132000000	0.186608
chr5	132000000	132250000	0.403826
chr5	132250000	132500000	0.741809
chr5	132500000	132750000	0.922196
chr5	132750000	133000000	1.03146
chr5	133000000	133250000	1.01625
chr5	133250000	133500000	1.01504
chr5	133500000	133750000	1.04518
chr5	133750000	134000000	0.983269
chr5	134000000	134250000	1.11146
chr5	134250000	134500000	1.14954
chr5	134500000	134750000	1.1237
chr5	134750000	135000000	1.11949
chr5	135000000	135250000	1.0533
chr5	135250000	135500000	0.895478
chr5	135500000	135750000	0.753584
chr5	135750000	136000000	0.574599
chr5	136000000	136250000	0.509901
chr5	136250000	136500000	0.280581
chr5	136500000	136750000	0.306269
chr5	136750000	137000000	0.214416
chr5	137000000	137250000	0.325163
chr5	137250000	137500000	0.359674
chr5	137500000	137750000	0.529292
chr5	137750000	138000000	0.806124
chr5	138000000	138250000	0.977316
chr5	138250000	138500000	1.06245
chr5	138500000	138750000	0.974285
chr5	138750000	139000000	1.03187
chr5	139000000	139250000	0.972822
chr5	139250000	139500000	0.98758
chr5	139500000	139750000	1.11841
chr5	139750000	140000000	1.18446
chr5	140000000	140250000	1.14655
chr5	140250000	140500000	1.14954
chr5	140500000	140750000	1.0889
chr5	140750000	141000000	1.02311
chr5	141000000	141250000	0.954569
chr5	141250000	141500000	0.966271
chr5	141500000	141750000	0.980243
chr5	141750000	142000000	0.991184
chr5	142000000	142250000	0.680346
chr5	142250000	142500000	0.696877
chr5	142500000	142750000	0.534959
chr5	142750000	143000000	0.24283
chr5	143000000	143250000	-0.198109
chr5	143250000	143500000	-0.319234
chr5	143500000	143750000	-0.4377
chr5	143750000	144000000	-0.38495
chr5	144000000	144250000	-0.397586
chr5	144250000	144500000	-0.457896
chr5	144500000	144750000	-0.537322
chr5	144750000	145000000	-0.579258
chr5	145000000	145250000	-0.525145
chr5	145250000	145500000	-0.565983
chr5	145500000	145750000	-0.527873
chr5	145750000	146000000	-0.286849
chr5	146000000	146250000	0.336326
chr5	146250000	146500000	0.631658
chr5	146500000	146750000	0.321253
chr5	146750000	147000000	0.362455
chr5	147000000	147250000	0.268397
chr5	147250000	147500000	0.430419
chr5	147500000	147750000	0.392448
chr5	147750000	148000000	0.360932
chr5	148000000	148250000	0.0624794
chr5	148250000	148500000	0.096863
chr5	148500000	148750000	0.0746399
chr5	148750000	149000000	0.177308
chr5	149000000	149250000	0.258397
chr5	149250000	149500000	0.677598
chr5	149500000	149750000	0.875444
chr5	149750000	150000000	0.931455
chr5	150000000	150250000	1.08823
chr5	150250000	150500000	1.11415
chr5	150500000	150750000	1.09465
chr5	150750000	151000000	0.960501
chr5	151000000	151250000	0.861842
chr5	151250000	151500000	0.656281
chr5	151500000	151750000	0.550253
chr5	151750000	152000000	-0.0810228
chr5	152000000	152250000	-0.345043
chr5	152250000	152500000	-0.382772
chr5	152500000	152750000	-0.423805
chr5	152750000	153000000	-0.527485
chr5	153000000	153250000	-0.47398
chr5	153250000	153500000	-0.400386
chr5	153500000	153750000	-0.374927
chr5	153750000	154000000	-0.345168
chr5	154000000	154250000	0.0613558
chr5	154250000	154500000	0.218961
chr5	154500000	154750000	0.46059
chr5	154750000	155000000	0.438849
chr5	155000000	155250000	-0.387866
chr5	155250000	155500000	-0.563902
chr5	155500000	155750000	-0.475622
chr5	155750000	156000000	-0.484296
chr5	156000000	156250000	-0.544523
chr5	156250000	156500000	-0.503383
chr5	156500000	156750000	-0.408974
chr5	156750000	157000000	-0.295847
chr5	157000000	157250000	-0.220664
chr5	157250000	157500000	0.09918
chr5	157500000	157750000	0.193258
chr5	157750000	158000000	0.308554
chr5	158000000	158250000	-0.0448952
chr5	158250000	158500000	-0.159906
chr5	158500000	158750000	-0.124649
chr5	158750000	159000000	-0.0137923
chr5	159000000	159250000	0.0144637
chr5	159250000	159500000	-0.0692528
chr5	159500000	159750000	-0.123891
chr5	159750000	160000000	-0.0240639
chr5	160000000	160250000	0.45886
chr5	160250000	160500000	0.163294
chr5	160500000	160750000	-0.450731
chr5	160750000	161000000	-0.521439
chr5	161000000	161250000	-0.575939
chr5	161250000	161500000	-0.575082
chr5	161500000	161750000	-0.504841
chr5	161750000	162000000	-0.484593
chr5	162000000	162250000	-0.433248
chr5	162250000	162500000	-0.515886
chr5	162500000	162750000	-0.535707
chr5	162750000	163000000	-0.540729
chr5	163000000	163250000	-0.540667
chr5	163250000	163500000	-0.21095
chr5	163500000	163750000	-0.327531
chr5	163750000	164000000	-0.528936
chr5	164000000	164250000	-0.492637
chr5	164250000	164500000	-0.504147
chr5	164500000	164750000	-0.401392
chr5	164750000	165000000	-0.458924
chr5	165000000	165250000	-0.419974
chr5	165250000	165500000	-0.442228
chr5	165500000	165750000	-0.458087
chr5	165750000	166000000	-0.448323
chr5	166000000	166250000	-0.40913
chr5	166250000	166500000	-0.35118
chr5	166500000	166750000	-0.365057
chr5	166750000	167000000	-0.34764
chr5	167000000	167250000	-0.318572
chr5	167250000	167500000	-0.221241
chr5	167500000	167750000	-0.154139
chr5	167750000	168000000	-0.0524528
chr5	168000000	168250000	0.139958
chr5	168250000	168500000	0.572526
chr5	168500000	168750000	0.596464
chr5	168750000	169000000	0.478599
chr5	169000000	169250000	0.395034
chr5	169250000	169500000	0.317068
chr5	169500000	169750000	0.391775
chr5	169750000	170000000	0.517908
chr5	170000000	170250000	0.552081
chr5	170250000	170500000	0.736838
chr5	170500000	170750000	0.724312
chr5	170750000	171000000	0.758368
chr5	171000000	171250000	0.760268
chr5	171250000	171500000	0.893082
chr5	171500000	171750000	1.00705
chr5	171750000	172000000	1.02522
chr5	172000000	172250000	1.0079
chr5	172250000	172500000	0.991044
chr5	172500000	172750000	1.04178
chr5	172750000	173000000	1.01074
chr5	173000000	173250000	0.972889
chr5	173250000	173500000	0.842908
chr5	173500000	173750000	0.864211
chr5	173750000	174000000	0.867091
chr5	174000000	174250000	0.734028
chr5	174250000	174500000	0.701798
chr5	174500000	174750000	0.834459
chr5	174750000	175000000	0.666929
chr5	175000000	175250000	0.756961
chr5	175250000	175500000	0.748346
chr5	175500000	175750000	0.916668
chr5	175750000	176000000	0.863496
chr5	176000000	176250000	nan
chr5	176250000	176500000	0.914501
chr5	176500000	176750000	0.916708
chr5	176750000	177000000	0.937663
chr5	177000000	177250000	0.858615
chr5	177250000	177500000	0.753738
chr5	177500000	177750000	0.615359
chr5	177750000	178000000	nan
chr5	178000000	178250000	0.585786
chr5	178250000	178500000	0.639486
chr5	178500000	178750000	0.638847
chr5	178750000	179000000	0.595693
chr5	179000000	179250000	0.619405
chr5	179250000	179500000	0.620734
chr5	179500000	179750000	0.69802
chr5	179750000	180000000	0.761621
chr5	180000000	180250000	0.829917
chr5	180250000	180500000	0.838256
chr5	180500000	180750000	0.860178
chr5	180750000	181000000	0.918655
chr5	181000000	181250000	0.927585
chr5	181250000	181500000	nan
chr5	181500000	181538259	nan
#bedGraph section chr6:0-170805979
chr6	0	250000	nan
chr6	250000	500000	0.534417
chr6	500000	750000	0.700778
chr6	750000	1000000	0.473646
chr6	1000000	1250000	0.440791
chr6	1250000	1500000	0.470058
chr6	1500000	1750000	0.480421
chr6	1750000	2000000	0.425259
chr6	2000000	2250000	0.443255
chr6	2250000	2500000	0.425674
chr6	2500000	2750000	0.539279
chr6	2750000	3000000	0.94724
chr6	3000000	3250000	1.01484
chr6	3250000	3500000	0.897059
chr6	3500000	3750000	0.861424
chr6	3750000	4000000	0.830883
chr6	4000000	4250000	0.797815
chr6	4250000	4500000	0.541448
chr6	4500000	4750000	0.626907
chr6	4750000	5000000	0.636612
chr6	5000000	5250000	0.462869
chr6	5250000	5500000	0.365998
chr6	5500000	5750000	0.191182
chr6	5750000	6000000	0.164287
chr6	6000000	6250000	0.0145138
chr6	6250000	6500000	-0.0284403
chr6	6500000	6750000	0.178292
chr6	6750000	7000000	0.375338
chr6	7000000	7250000	0.471823
chr6	7250000	7500000	0.387632
chr6	7500000	7750000	0.235886
chr6	7750000	8000000	0.0619885
chr6	8000000	8250000	-0.281108
chr6	8250000	8500000	-0.714899
chr6	8500000	8750000	-0.754825
chr6	8750000	9000000	-0.729232
chr6	9000000	9250000	-0.697768
chr6	9250000	9500000	-0.671453
chr6	9500000	9750000	-0.690631
chr6	9750000	10000000	-0.697457
chr6	10000000	10250000	-0.562643
chr6	10250000	10500000	-0.274184
chr6	10500000	10750000	0.194913
chr6	10750000	11000000	0.222042
chr6	11000000	11250000	0.290998
chr6	11250000	11500000	0.206955
chr6	11500000	11750000	0.196564
chr6	11750000	12000000	0.197911
chr6	12000000	12250000	0.189952
chr6	12250000	12500000	0.145222
chr6	12500000	12750000	0.166355
chr6	12750000	13000000	0.243193
chr6	13000000	13250000	0.32459
chr6	13250000	13500000	0.59317
chr6	13500000	13750000	0.721244
chr6	13750000	14000000	0.703352
chr6	14000000	14250000	0.583874
chr6	14250000	14500000	0.632114
chr6	14500000	14750000	0.560348
chr6	14750000	15000000	0.57548
chr6	15000000	15250000	0.600625
chr6	15250000	15500000	0.703344
chr6	15500000	15750000	0.543826
chr6	15750000	16000000	0.629457
chr6	16000000	16250000	0.578291
chr6	16250000	16500000	0.509233
chr6	16500000	16750000	0.480777
chr6	16750000	17000000	0.430723
chr6	17000000	17250000	0.355031
chr6	17250000	17500000	0.356087
chr6	17500000	17750000	0.476358
chr6	17750000	18000000	0.384091
chr6	18000000	18250000	0.209269
chr6	18250000	18500000	-0.350887
chr6	18500000	18750000	-0.65351
chr6	18750000	19000000	-0.651896
chr6	19000000	19250000	-0.573745
chr6	19250000	19500000	-0.52083
chr6	19500000	19750000	-0.472735
chr6	19750000	20000000	-0.426233
chr6	20000000	20250000	-0.271456
chr6	20250000	20500000	0.0295434
chr6	20500000	20750000	0.215133
chr6	20750000	21000000	0.174815
chr6	21000000	21250000	0.113646
chr6	21250000	21500000	0.107203
chr6	21500000	21750000	0.213944
chr6	21750000	22000000	0.282448
chr6	22000000	22250000	-0.0738211
chr6	22250000	22500000	-0.270665
chr6	22500000	22750000	-0.366348
chr6	22750000	23000000	-0.366973
chr6	23000000	23250000	-0.520134
chr6	23250000	23500000	-0.535518
chr6	23500000	23750000	-0.518178
chr6	23750000	24000000	-0.701742
chr6	24000000	24250000	-0.592791
chr6	24250000	24500000	-0.169037
chr6	24500000	24750000	0.343401
chr6	24750000	25000000	0.454149
chr6	25000000	25250000	0.425498
chr6	25250000	25500000	0.575791
chr6	25500000	25750000	0.508241
chr6	25750000	26000000	0.578359
chr6	26000000	26250000	0.834539
chr6	26250000	26500000	0.921372
chr6	26500000	26750000	0.77442
chr6	26750000	27000000	nan
chr6	27000000	27250000	0.626136
chr6	27250000	27500000	0.81401
chr6	27500000	27750000	0.727118
chr6	27750000	28000000	0.695438
chr6	28000000	28250000	0.764028
chr6	28250000	28500000	0.788165
chr6	28500000	28750000	0.760563
chr6	28750000	29000000	0.746426
chr6	29000000	29250000	0.635607
chr6	29250000	29500000	0.658569
chr6	29500000	29750000	0.683992
chr6	29750000	30000000	0.74551
chr6	30000000	30250000	0.752331
chr6	30250000	30500000	0.702579
chr6	30500000	30750000	0.625102
chr6	30750000	31000000	0.59999
chr6	31000000	31250000	0.587395
chr6	31250000	31500000	0.600583
chr6	31500000	31750000	0.526917
chr6	31750000	32000000	0.504358
chr6	32000000	32250000	0.461683
chr6	32250000	32500000	0.468861
chr6	32500000	32750000	0.472003
chr6	32750000	33000000	0.464674
chr6	33000000	33250000	0.577671
chr6	33250000	33500000	0.581254
chr6	33500000	33750000	0.595099
chr6	33750000	34000000	0.67912
chr6	34000000	34250000	0.641176
chr6	34250000	34500000	0.665615
chr6	34500000	34750000	0.697749
chr6	34750000	35000000	0.710136
chr6	35000000	35250000	0.737175
chr6	35250000	35500000	0.708238
chr6	35500000	35750000	0.710428
chr6	35750000	36000000	0.800036
chr6	36000000	36250000	0.823478
chr6	36250000	36500000	0.823965
chr6	36500000	36750000	0.839338
chr6	36750000	37000000	0.843385
chr6	37000000	37250000	0.859173
chr6	37250000	37500000	0.818481
chr6	37500000	37750000	0.762281
chr6	37750000	38000000	0.694469
chr6	38000000	38250000	0.600557
chr6	38250000	38500000	0.607455
chr6	38500000	38750000	0.558591
chr6	38750000	39000000	0.570596
chr6	39000000	39250000	0.644122
chr6	39250000	39500000	0.490952
chr6	39500000	39750000	0.439431
chr6	39750000	40000000	0.428851
chr6	40000000	40250000	0.420867
chr6	40250000	40500000	0.484936
chr6	40500000	40750000	0.538138
chr6	40750000	41000000	0.598638
chr6	41000000	41250000	0.761393
chr6	41250000	41500000	0.86203
chr6	41500000	41750000	0.902849
chr6	41750000	42000000	0.857416
chr6	42000000	42250000	0.842528
chr6	42250000	42500000	0.8848
chr6	42500000	42750000	0.860935
chr6	42750000	43000000	0.82137
chr6	43000000	43250000	0.861993
chr6	43250000	43500000	0.903667
chr6	43500000	43750000	0.852546
chr6	43750000	44000000	0.979849
chr6	44000000	44250000	0.931818
chr6	44250000	44500000	0.804563
chr6	44500000	44750000	0.370621
chr6	44750000	45000000	0.232685
chr6	45000000	45250000	0.200455
chr6	45250000	45500000	0.213937
chr6	45500000	45750000	0.194487
chr6	45750000	46000000	0.128173
chr6	46000000	46250000	0.0178525
chr6	46250000	46500000	-0.0782726
chr6	46500000	46750000	-0.105181
chr6	46750000	47000000	-0.0786446
chr6	47000000	47250000	0.0316733
chr6	47250000	47500000	0.0105732
chr6	47500000	47750000	-0.100717
chr6	47750000	48000000	-0.41192
chr6	48000000	48250000	-0.468973
chr6	48250000	48500000	-0.481322
chr6	48500000	48750000	-0.465344
chr6	48750000	49000000	-0.420752
chr6	49000000	49250000	-0.473797
chr6	49250000	49500000	-0.356595
chr6	49500000	49750000	-0.38761
chr6	49750000	50000000	-0.415681
chr6	50000000	50250000	-0.42279
chr6	50250000	50500000	-0.56406
chr6	50500000	50750000	-0.333032
chr6	50750000	51000000	-0.238092
chr6	51000000	51250000	-0.417991
chr6	51250000	51500000	-0.386174
chr6	51500000	51750000	-0.415578
chr6	51750000	52000000	-0.306726
chr6	52000000	52250000	-0.00875014
chr6	52250000	52500000	0.44592
chr6	52500000	52750000	0.48778
chr6	52750000	53000000	0.429447
chr6	53000000	53250000	0.419275
chr6	53250000	53500000	0.376355
chr6	53500000	53750000	0.146581
chr6	53750000	54000000	-0.0787416
chr6	54000000	54250000	-0.361166
chr6	54250000	54500000	-0.400548
chr6	54500000	54750000	-0.359582
chr6	54750000	55000000	-0.33395
chr6	55000000	55250000	-0.298142
chr6	55250000	55500000	-0.344329
chr6	55500000	55750000	-0.431782
chr6	55750000	56000000	-0.378817
chr6	56000000	56250000	-0.344712
chr6	56250000	56500000	-0.0852031
chr6	56500000	56750000	0.353885
chr6	56750000	57000000	0.551121
chr6	57000000	57250000	0.624454
chr6	57250000	57500000	0.595325
chr6	57500000	57750000	0.308448
chr6	57750000	58000000	nan
chr6	58000000	58250000	nan
chr6	58250000	58500000	nan
chr6	58500000	58750000	nan
chr6	58750000	59000000	nan
chr6	59000000	59250000	nan
chr6	59250000	59500000	nan
chr6	59500000	59750000	nan
chr6	59750000	60000000	nan
chr6	60000000	60250000	nan
chr6	60250000	60500000	nan
chr6	60500000	60750000	-0.277354
chr6	60750000	61000000	-0.339625
chr6	61000000	61250000	nan
chr6	61250000	61500000	nan
chr6	61500000	61750000	-0.307521
chr6	61750000	62000000	-0.353722
chr6	62000000	62250000	-0.323564
chr6	62250000	62500000	-0.376347
chr6	62500000	62750000	-0.398954
chr6	62750000	63000000	-0.386872
chr6	63000000	63250000	-0.401053
chr6	63250000	63500000	-0.273183
chr6	63500000	63750000	-0.0474231
chr6	63750000	64000000	-0.36441
chr6	64000000	64250000	-0.602261
chr6	64250000	64500000	-0.527837
chr6	64500000	64750000	-0.544424
chr6	64750000	65000000	-0.508013
chr6	65000000	65250000	-0.543199
chr6	65250000	65500000	-0.501483
chr6	65500000	65750000	-0.459077
chr6	65750000	66000000	-0.487055
chr6	66000000	66250000	-0.501843
chr6	66250000	66500000	-0.491517
chr6	66500000	66750000	-0.506809
chr6	66750000	67000000	-0.520913
chr6	67000000	67250000	-0.493239
chr6	67250000	67500000	-0.562427
chr6	67500000	67750000	-0.525533
chr6	67750000	68000000	-0.47416
chr6	68000000	68250000	-0.408977
chr6	68250000	68500000	-0.495281
chr6	68500000	68750000	-0.472927
chr6	68750000	69000000	-0.432747
chr6	69000000	69250000	-0.443418
chr6	69250000	69500000	-0.489602
chr6	69500000	69750000	-0.425836
chr6	69750000	70000000	-0.444687
chr6	70000000	70250000	-0.397254
chr6	70250000	70500000	-0.149859
chr6	70500000	70750000	-0.0257273
chr6	70750000	71000000	-0.21896
chr6	71000000	71250000	-0.335061
chr6	71250000	71500000	-0.341751
chr6	71500000	71750000	-0.504043
chr6	71750000	72000000	-0.5658
chr6	72000000	72250000	-0.460888
chr6	72250000	72500000	-0.469952
chr6	72500000	72750000	-0.4382
chr6	72750000	73000000	-0.485254
chr6	73000000	73250000	-0.292404
chr6	73250000	73500000	0.301809
chr6	73500000	73750000	0.255045
chr6	73750000	74000000	-0.368223
chr6	74000000	74250000	-0.503051
chr6	74250000	74500000	-0.504523
chr6	74500000	74750000	-0.46617
chr6	74750000	75000000	-0.498922
chr6	75000000	75250000	-0.361769
chr6	75250000	75500000	0.0311199
chr6	75500000	75750000	0.232236
chr6	75750000	76000000	-0.166807
chr6	76000000	76250000	-0.445964
chr6	76250000	76500000	-0.415838
chr6	76500000	76750000	-0.380883
chr6	76750000	77000000	-0.468675
chr6	77000000	77250000	-0.518199
chr6	77250000	77500000	-0.466487
chr6	77500000	77750000	-0.463873
chr6	77750000	78000000	-0.530846
chr6	78000000	78250000	-0.558287
chr6	78250000	78500000	-0.534682
chr6	78500000	78750000	-0.489235
chr6	78750000	79000000	-0.137333
chr6	79000000	79250000	0.188492
chr6	79250000	79500000	-0.0567193
chr6	79500000	79750000	-0.0368912
chr6	79750000	80000000	-0.196433
chr6	80000000	80250000	-0.239761
chr6	80250000	80500000	-0.474662
chr6	80500000	80750000	-0.510214
chr6	80750000	81000000	-0.587951
chr6	81000000	81250000	-0.510044
chr6	81250000	81500000	-0.526647
chr6	81500000	81750000	-0.521755
chr6	81750000	82000000	-0.456495
chr6	82000000	82250000	-0.274617
chr6	82250000	82500000	-0.309021
chr6	82500000	82750000	-0.389989
chr6	82750000	83000000	-0.368579
chr6	83000000	83250000	-0.153578
chr6	83250000	83500000	-0.378779
chr6	83500000	83750000	-0.405606
chr6	83750000	84000000	-0.292016
chr6	84000000	84250000	-0.237023
chr6	84250000	84500000	-0.437992
chr6	84500000	84750000	-0.454176
chr6	84750000	85000000	-0.420344
chr6	85000000	85250000	-0.453679
chr6	85250000	85500000	-0.300057
chr6	85500000	85750000	0.0416431
chr6	85750000	86000000	-0.344068
chr6	86000000	86250000	-0.414495
chr6	86250000	86500000	-0.400318
chr6	86500000	86750000	-0.452659
chr6	86750000	87000000	-0.353157
chr6	87000000	87250000	0.190745
chr6	87250000	87500000	0.321647
chr6	87500000	87750000	0.563878
chr6	87750000	88000000	0.313742
chr6	88000000	88250000	0.3005
chr6	88250000	88500000	0.251024
chr6	88500000	88750000	0.398098
chr6	88750000	89000000	0.545621
chr6	89000000	89250000	0.890113
chr6	89250000	89500000	0.970301
chr6	89500000	89750000	1.15327
chr6	89750000	90000000	0.834845
chr6	90000000	90250000	0.419813
chr6	90250000	90500000	0.434685
chr6	90500000	90750000	-0.0220961
chr6	90750000	91000000	-0.271918
chr6	91000000	91250000	-0.438244
chr6	91250000	91500000	-0.461753
chr6	91500000	91750000	-0.538221
chr6	91750000	92000000	-0.580117
chr6	92000000	92250000	-0.524935
chr6	92250000	92500000	-0.586087
chr6	92500000	92750000	-0.482994
chr6	92750000	93000000	-0.477019
chr6	93000000	93250000	-0.463504
chr6	93250000	93500000	-0.430903
chr6	93500000	93750000	-0.383399
chr6	93750000	94000000	-0.0958416
chr6	94000000	94250000	-0.300329
chr6	94250000	94500000	-0.437897
chr6	94500000	94750000	-0.512981
chr6	94750000	95000000	-0.634013
chr6	95000000	95250000	-0.528772
chr6	95250000	95500000	-0.582065
chr6	95500000	95750000	-0.603522
chr6	95750000	96000000	-0.577792
chr6	96000000	96250000	-0.577762
chr6	96250000	96500000	-0.601718
chr6	96500000	96750000	-0.529075
chr6	96750000	97000000	-0.408102
chr6	97000000	97250000	-0.313006
chr6	97250000	97500000	-0.252209
chr6	97500000	97750000	-0.176532
chr6	97750000	98000000	0.039759
chr6	98000000	98250000	-0.0926343
chr6	98250000	98500000	-0.162663
chr6	98500000	98750000	-0.0525267
chr6	98750000	99000000	0.00572509
chr6	99000000	99250000	-0.0558541
chr6	99250000	99500000	0.357083
chr6	99500000	99750000	-0.0138334
chr6	99750000	100000000	-0.44731
chr6	100000000	100250000	-0.381982
chr6	100250000	100500000	-0.30793
chr6	100500000	100750000	-0.37621
chr6	100750000	101000000	-0.368599
chr6	101000000	101250000	-0.466485
chr6	101250000	101500000	-0.376255
chr6	101500000	101750000	-0.246226
chr6	101750000	102000000	-0.374147
chr6	102000000	102250000	-0.480859
chr6	102250000	102500000	-0.55753
chr6	102500000	102750000	-0.539025
chr6	102750000	103000000	-0.544985
chr6	103000000	103250000	-0.579455
chr6	103250000	103500000	-0.64869
chr6	103500000	103750000	-0.663759
chr6	103750000	104000000	-0.607721
chr6	104000000	104250000	-0.75002
chr6	104250000	104500000	-0.637848
chr6	104500000	104750000	-0.365058
chr6	104750000	105000000	0.25269
chr6	105000000	105250000	0.452668
chr6	105250000	105500000	0.430977
chr6	105500000	105750000	0.44866
chr6	105750000	106000000	0.520466
chr6	106000000	106250000	0.61754
chr6	106250000	106500000	0.803621
chr6	106500000	106750000	1.08011
chr6	106750000	107000000	1.15163
chr6	107000000	107250000	1.07144
chr6	107250000	107500000	1.17056
chr6	107500000	107750000	1.18676
chr6	107750000	108000000	1.19249
chr6	108000000	108250000	1.09008
chr6	108250000	108500000	1.11466
chr6	108500000	108750000	1.2546
chr6	108750000	109000000	1.22618
chr6	109000000	109250000	1.16944
chr6	109250000	109500000	1.25141
chr6	109500000	109750000	1.05387
chr6	109750000	110000000	1.08543
chr6	110000000	110250000	1.03888
chr6	110250000	110500000	1.04184
chr6	110500000	110750000	1.06927
chr6	110750000	111000000	1.19137
chr6	111000000	111250000	0.904633
chr6	111250000	111500000	0.746839
chr6	111500000	111750000	0.637458
chr6	111750000	112000000	0.512565
chr6	112000000	112250000	0.00314346
chr6	112250000	112500000	-0.461607
chr6	112500000	112750000	-0.602166
chr6	112750000	113000000	-0.550544
chr6	113000000	113250000	-0.571645
chr6	113250000	113500000	-0.42377
chr6	113500000	113750000	-0.350619
chr6	113750000	114000000	-0.189265
chr6	114000000	114250000	-0.0849669
chr6	114250000	114500000	-0.0535122
chr6	114500000	114750000	-0.453358
chr6	114750000	115000000	-0.653105
chr6	115000000	115250000	-0.618013
chr6	115250000	115500000	-0.688129
chr6	115500000	115750000	-0.688373
chr6	115750000	116000000	-0.750402
chr6	116000000	116250000	-0.530239
chr6	116250000	116500000	0.0491719
chr6	116500000	116750000	-0.0100991
chr6	116750000	117000000	-0.461589
chr6	117000000	117250000	-0.60991
chr6	117250000	117500000	-0.425235
chr6	117500000	117750000	-0.251892
chr6	117750000	118000000	-0.366373
chr6	118000000	118250000	-0.52801
chr6	118250000	118500000	-0.48846
chr6	118500000	118750000	-0.213638
chr6	118750000	119000000	-0.190116
chr6	119000000	119250000	-0.370981
chr6	119250000	119500000	-0.653189
chr6	119500000	119750000	-0.650058
chr6	119750000	120000000	-0.656037
chr6	120000000	120250000	-0.674247
chr6	120250000	120500000	-0.625377
chr6	120500000	120750000	-0.710239
chr6	120750000	121000000	-0.632131
chr6	121000000	121250000	-0.617104
chr6	121250000	121500000	-0.266636
chr6	121500000	121750000	-0.177461
chr6	121750000	122000000	-0.394897
chr6	122000000	122250000	-0.519029
chr6	122250000	122500000	-0.450548
chr6	122500000	122750000	-0.438427
chr6	122750000	123000000	-0.545393
chr6	123000000	123250000	-0.80213
chr6	123250000	123500000	-0.615888
chr6	123500000	123750000	-0.632974
chr6	123750000	124000000	-0.574852
chr6	124000000	124250000	-0.679907
chr6	124250000	124500000	-0.681109
chr6	124500000	124750000	-0.6786
chr6	124750000	125000000	-0.528658
chr6	125000000	125250000	-0.40834
chr6	125250000	125500000	0.0597486
chr6	125500000	125750000	0.29678
chr6	125750000	126000000	-0.00906135
chr6	126000000	126250000	-0.458894
chr6	126250000	126500000	-0.782427
chr6	126500000	126750000	-0.791259
chr6	126750000	127000000	-0.769337
chr6	127000000	127250000	-0.142459
chr6	127250000	127500000	-0.259918
chr6	127500000	127750000	-0.473627
chr6	127750000	128000000	-0.466014
chr6	128000000	128250000	-0.381222
chr6	128250000	128500000	-0.152574
chr6	128500000	128750000	-0.286898
chr6	128750000	129000000	-0.358662
chr6	129000000	129250000	-0.43574
chr6	129250000	129500000	-0.357795
chr6	129500000	129750000	-0.277278
chr6	129750000	130000000	-0.391442
chr6	130000000	130250000	-0.276741
chr6	130250000	130500000	-0.299306
chr6	130500000	130750000	-0.326271
chr6	130750000	131000000	0.0392527
chr6	131000000	131250000	0.208065
chr6	131250000	131500000	0.316104
chr6	131500000	131750000	0.0664242
chr6	131750000	132000000	-0.0443331
chr6	132000000	132250000	-0.250925
chr6	132250000	132500000	-0.267196
chr6	132500000	132750000	-0.300953
chr6	132750000	133000000	-0.196754
chr6	133000000	133250000	-0.348083
chr6	133250000	133500000	-0.365858
chr6	133500000	133750000	-0.267654
chr6	133750000	134000000	-0.102738
chr6	134000000	134250000	0.0606758
chr6	134250000	134500000	0.0256459
chr6	134500000	134750000	-0.054705
chr6	134750000	135000000	-0.0470203
chr6	135000000	135250000	-0.00306518
chr6	135250000	135500000	-0.0890712
chr6	135500000	135750000	-0.252454
chr6	135750000	136000000	-0.283605
chr6	136000000	136250000	-0.209276
chr6	136250000	136500000	0.418694
chr6	136500000	136750000	0.452915
chr6	136750000	137000000	0.569577
chr6	137000000	137250000	0.548647
chr6	137250000	137500000	0.603968
chr6	137500000	137750000	0.545888
chr6	137750000	138000000	0.46009
chr6	138000000	138250000	0.543824
chr6	138250000	138500000	0.60759
chr6	138500000	138750000	0.591912
chr6	138750000	139000000	0.257086
chr6	139000000	139250000	-0.0547692
chr6	139250000	139500000	-0.319714
chr6	139500000	139750000	-0.502307
chr6	139750000	140000000	-0.514438
chr6	140000000	140250000	-0.631414
chr6	140250000	140500000	-0.657097
chr6	140500000	140750000	-0.647173
chr6	140750000	141000000	-0.648869
chr6	141000000	141250000	-0.685958
chr6	141250000	141500000	-0.667795
chr6	141500000	141750000	-0.666535
chr6	141750000	142000000	-0.861658
chr6	142000000	142250000	-0.599723
chr6	142250000	142500000	-0.432195
chr6	142500000	142750000	-0.0806663
chr6	142750000	143000000	0.00550472
chr6	143000000	143250000	-0.00762414
chr6	143250000	143500000	0.0442007
chr6	143500000	143750000	0.445025
chr6	143750000	144000000	0.442238
chr6	144000000	144250000	0.130366
chr6	144250000	144500000	0.171392
chr6	144500000	144750000	-0.0848183
chr6	144750000	145000000	-0.239601
chr6	145000000	145250000	-0.438209
chr6	145250000	145500000	-0.691646
chr6	145500000	145750000	-0.59973
chr6	145750000	146000000	-0.503814
chr6	146000000	146250000	-0.732833
chr6	146250000	146500000	-0.758671
chr6	146500000	146750000	-0.711399
chr6	146750000	147000000	-0.615051
chr6	147000000	147250000	-0.672105
chr6	147250000	147500000	-0.487025
chr6	147500000	147750000	-0.568704
chr6	147750000	148000000	-0.610939
chr6	148000000	148250000	-0.421189
chr6	148250000	148500000	0.011628
chr6	148500000	148750000	0.28606
chr6	148750000	149000000	0.465446
chr6	149000000	149250000	0.581979
chr6	149250000	149500000	0.773273
chr6	149500000	149750000	1.10674
chr6	149750000	150000000	1.05315
chr6	150000000	150250000	0.777455
chr6	150250000	150500000	0.617068
chr6	150500000	150750000	0.594812
chr6	150750000	151000000	0.608958
chr6	151000000	151250000	0.595574
chr6	151250000	151500000	0.33135
chr6	151500000	151750000	-0.388255
chr6	151750000	152000000	-0.708463
chr6	152000000	152250000	-0.64622
chr6	152250000	152500000	-0.599434
chr6	152500000	152750000	-0.656406
chr6	152750000	153000000	-0.566243
chr6	153000000	153250000	-0.562696
chr6	153250000	153500000	-0.672852
chr6	153500000	153750000	-0.695956
chr6	153750000	154000000	-0.673455
chr6	154000000	154250000	-0.591535
chr6	154250000	154500000	-0.44079
chr6	154500000	154750000	-0.13892
chr6	154750000	155000000	0.289141
chr6	155000000	155250000	0.212213
chr6	155250000	155500000	-0.187795
chr6	155500000	155750000	-0.353775
chr6	155750000	156000000	-0.347732
chr6	156000000	156250000	-0.323391
chr6	156250000	156500000	-0.276823
chr6	156500000	156750000	-0.0366202
chr6	156750000	157000000	0.415786
chr6	157000000	157250000	0.496405
chr6	157250000	157500000	0.724882
chr6	157500000	157750000	0.803682
chr6	157750000	158000000	0.892343
chr6	158000000	158250000	0.887568
chr6	158250000	158500000	1.05464
chr6	158500000	158750000	0.924847
chr6	158750000	159000000	1.06449
chr6	159000000	159250000	0.647925
chr6	159250000	159500000	0.537724
chr6	159500000	159750000	0.578423
chr6	159750000	160000000	0.488401
chr6	160000000	160250000	0.282899
chr6	160250000	160500000	0.167692
chr6	160500000	160750000	0.0467129
chr6	160750000	161000000	-0.00325652
chr6	161000000	161250000	0.101938
chr6	161250000	161500000	-0.129304
chr6	161500000	161750000	-0.3709
chr6	161750000	162000000	-0.381838
chr6	162000000	162250000	-0.455635
chr6	162250000	162500000	-0.4275
chr6	162500000	162750000	-0.436576
chr6	162750000	163000000	-0.388827
chr6	163000000	163250000	-0.288719
chr6	163250000	163500000	-0.108278
chr6	163500000	163750000	-0.143015
chr6	163750000	164000000	-0.280201
chr6	164000000	164250000	-0.410306
chr6	164250000	164500000	-0.574257
chr6	164500000	164750000	-0.621619
chr6	164750000	165000000	-0.562411
chr6	165000000	165250000	-0.600573
chr6	165250000	165500000	-0.550164
chr6	165500000	165750000	-0.40122
chr6	165750000	166000000	-0.0773537
chr6	166000000	166250000	0.199707
chr6	166250000	166500000	0.589848
chr6	166500000	166750000	0.69576
chr6	166750000	167000000	0.791281
chr6	167000000	167250000	0.866174
chr6	167250000	167500000	0.848474
chr6	167500000	167750000	0.831063
chr6	167750000	168000000	0.904484
chr6	168000000	168250000	0.766545
chr6	168250000	168500000	0.694125
chr6	168500000	168750000	0.700366
chr6	168750000	169000000	0.582427
chr6	169000000	169250000	0.621944
chr6	169250000	169500000	0.661754
chr6	169500000	169750000	0.748467
chr6	169750000	170000000	0.716233
chr6	170000000	170250000	0.788122
chr6	170250000	170500000	0.755889
chr6	170500000	170750000	nan
chr6	170750000	170805979	nan
#bedGraph section chr7:0-159345973
chr7	0	250000	1.08431
chr7	250000	500000	0.924031
chr7	500000	750000	0.960201
chr7	750000	1000000	0.901545
chr7	1000000	1250000	0.922895
chr7	1250000	1500000	0.838163
chr7	1500000	1750000	0.845487
chr7	1750000	2000000	0.787778
chr7	2000000	2250000	0.869601
chr7	2250000	2500000	1.02374
chr7	2500000	2750000	0.992868
chr7	2750000	3000000	0.891172
chr7	3000000	3250000	0.735189
chr7	3250000	3500000	0.632121
chr7	3500000	3750000	0.552732
chr7	3750000	4000000	0.578069
chr7	4000000	4250000	0.676841
chr7	4250000	4500000	0.665662
chr7	4500000	4750000	0.83859
chr7	4750000	5000000	1.08708
chr7	5000000	5250000	1.14529
chr7	5250000	5500000	1.24489
chr7	5500000	5750000	1.32251
chr7	5750000	6000000	1.31674
chr7	6000000	6250000	1.42958
chr7	6250000	6500000	1.42019
chr7	6500000	6750000	1.26219
chr7	6750000	7000000	0.779324
chr7	7000000	7250000	0.404422
chr7	7250000	7500000	0.307727
chr7	7500000	7750000	0.136649
chr7	7750000	8000000	0.0119734
chr7	8000000	8250000	-0.0435561
chr7	8250000	8500000	-0.430088
chr7	8500000	8750000	-0.827278
chr7	8750000	9000000	-0.782468
chr7	9000000	9250000	-0.712387
chr7	9250000	9500000	-0.732876
chr7	9500000	9750000	-0.667213
chr7	9750000	10000000	-0.657964
chr7	10000000	10250000	-0.623498
chr7	10250000	10500000	-0.645626
chr7	10500000	10750000	-0.616143
chr7	10750000	11000000	-0.445668
chr7	11000000	11250000	-0.343166
chr7	11250000	11500000	-0.543825
chr7	11500000	11750000	-0.673411
chr7	11750000	12000000	-0.604414
chr7	12000000	12250000	-0.532236
chr7	12250000	12500000	-0.28724
chr7	12500000	12750000	-0.286157
chr7	12750000	13000000	-0.403675
chr7	13000000	13250000	-0.440409
chr7	13250000	13500000	-0.44296
chr7	13500000	13750000	-0.521976
chr7	13750000	14000000	-0.331975
chr7	14000000	14250000	-0.54093
chr7	14250000	14500000	-0.554881
chr7	14500000	14750000	-0.497744
chr7	14750000	15000000	-0.567456
chr7	15000000	15250000	-0.560854
chr7	15250000	15500000	-0.533217
chr7	15500000	15750000	-0.52208
chr7	15750000	16000000	-0.552797
chr7	16000000	16250000	-0.525099
chr7	16250000	16500000	-0.625039
chr7	16500000	16750000	-0.404192
chr7	16750000	17000000	-0.475401
chr7	17000000	17250000	-0.656348
chr7	17250000	17500000	-0.583964
chr7	17500000	17750000	-0.480566
chr7	17750000	18000000	-0.427455
chr7	18000000	18250000	-0.552179
chr7	18250000	18500000	-0.506418
chr7	18500000	18750000	-0.522978
chr7	18750000	19000000	-0.672919
chr7	19000000	19250000	-0.570293
chr7	19250000	19500000	-0.703579
chr7	19500000	19750000	-0.607761
chr7	19750000	20000000	-0.523407
chr7	20000000	20250000	-0.332863
chr7	20250000	20500000	-0.481192
chr7	20500000	20750000	-0.388122
chr7	20750000	21000000	-0.205933
chr7	21000000	21250000	-0.189377
chr7	21250000	21500000	-0.111993
chr7	21500000	21750000	-0.15233
chr7	21750000	22000000	0.0380752
chr7	22000000	22250000	0.167609
chr7	22250000	22500000	0.255598
chr7	22500000	22750000	0.513558
chr7	22750000	23000000	0.724032
chr7	23000000	23250000	0.683477
chr7	23250000	23500000	0.938598
chr7	23500000	23750000	0.621396
chr7	23750000	24000000	0.444033
chr7	24000000	24250000	0.412173
chr7	24250000	24500000	0.628042
chr7	24500000	24750000	0.582196
chr7	24750000	25000000	0.531525
chr7	25000000	25250000	0.479725
chr7	25250000	25500000	0.368306
chr7	25500000	25750000	0.397574
chr7	25750000	26000000	0.478577
chr7	26000000	26250000	0.772843
chr7	26250000	26500000	0.565983
chr7	26500000	26750000	0.479987
chr7	26750000	27000000	0.412038
chr7	27000000	27250000	0.400296
chr7	27250000	27500000	0.378659
chr7	27500000	27750000	0.401735
chr7	27750000	28000000	0.37539
chr7	28000000	28250000	0.414752
chr7	28250000	28500000	0.3819
chr7	28500000	28750000	0.385965
chr7	28750000	29000000	0.357497
chr7	29000000	29250000	0.415703
chr7	29250000	29500000	0.419263
chr7	29500000	29750000	0.481732
chr7	29750000	30000000	0.618336
chr7	30000000	30250000	0.676943
chr7	30250000	30500000	0.722699
chr7	30500000	30750000	0.698355
chr7	30750000	31000000	0.519172
chr7	31000000	31250000	0.257449
chr7	31250000	31500000	0.10363
chr7	31500000	31750000	0.0900307
chr7	31750000	32000000	-0.0770965
chr7	32000000	32250000	-0.0292089
chr7	32250000	32500000	0.0411533
chr7	32500000	32750000	0.155283
chr7	32750000	33000000	0.181229
chr7	33000000	33250000	-0.0534799
chr7	33250000	33500000	-0.302416
chr7	33500000	33750000	-0.340262
chr7	33750000	34000000	-0.294116
chr7	34000000	34250000	-0.333437
chr7	34250000	34500000	-0.430716
chr7	34500000	34750000	-0.404347
chr7	34750000	35000000	-0.330822
chr7	35000000	35250000	-0.30204
chr7	35250000	35500000	-0.258609
chr7	35500000	35750000	-0.132237
chr7	35750000	36000000	0.105695
chr7	36000000	36250000	0.140182
chr7	36250000	36500000	0.0595747
chr7	36500000	36750000	-0.174309
chr7	36750000	37000000	-0.190789
chr7	37000000	37250000	-0.193919
chr7	37250000	37500000	-0.251672
chr7	37500000	37750000	-0.3618
chr7	37750000	38000000	-0.39196
chr7	38000000	38250000	-0.409821
chr7	38250000	38500000	-0.335523
chr7	38500000	38750000	-0.36286
chr7	38750000	39000000	-0.216275
chr7	39000000	39250000	-0.250281
chr7	39250000	39500000	-0.194555
chr7	39500000	39750000	0.123717
chr7	39750000	40000000	0.214236
chr7	40000000	40250000	0.0204048
chr7	40250000	40500000	-0.322934
chr7	40500000	40750000	-0.34402
chr7	40750000	41000000	-0.310784
chr7	41000000	41250000	-0.306155
chr7	41250000	41500000	-0.285385
chr7	41500000	41750000	-0.228841
chr7	41750000	42000000	-0.152271
chr7	42000000	42250000	-0.0645731
chr7	42250000	42500000	-0.188306
chr7	42500000	42750000	-0.153057
chr7	42750000	43000000	0.072042
chr7	43000000	43250000	0.34815
chr7	43250000	43500000	0.372154
chr7	43500000	43750000	0.633736
chr7	43750000	44000000	0.902677
chr7	44000000	44250000	1.45346
chr7	44250000	44500000	1.32164
chr7	44500000	44750000	1.19691
chr7	44750000	45000000	1.00726
chr7	45000000	45250000	0.635532
chr7	45250000	45500000	0.218172
chr7	45500000	45750000	0.240407
chr7	45750000	46000000	0.00196809
chr7	46000000	46250000	-0.226401
chr7	46250000	46500000	-0.216097
chr7	46500000	46750000	-0.249135
chr7	46750000	47000000	-0.255819
chr7	47000000	47250000	-0.131633
chr7	47250000	47500000	0.205772
chr7	47500000	47750000	0.310361
chr7	47750000	48000000	0.133942
chr7	48000000	48250000	-0.0761343
chr7	48250000	48500000	-0.243137
chr7	48500000	48750000	-0.340922
chr7	48750000	49000000	-0.299987
chr7	49000000	49250000	-0.237229
chr7	49250000	49500000	-0.298524
chr7	49500000	49750000	-0.294057
chr7	49750000	50000000	-0.252454
chr7	50000000	50250000	-0.166285
chr7	50250000	50500000	-0.0174178
chr7	50500000	50750000	0.182025
chr7	50750000	51000000	0.189903
chr7	51000000	51250000	0.162293
chr7	51250000	51500000	0.128637
chr7	51500000	51750000	-0.111364
chr7	51750000	52000000	-0.11915
chr7	52000000	52250000	-0.115458
chr7	52250000	52500000	-0.1767
chr7	52500000	52750000	-0.208058
chr7	52750000	53000000	-0.201572
chr7	53000000	53250000	-0.210054
chr7	53250000	53500000	-0.21695
chr7	53500000	53750000	-0.233395
chr7	53750000	54000000	-0.230379
chr7	54000000	54250000	-0.229587
chr7	54250000	54500000	-0.235556
chr7	54500000	54750000	-0.112935
chr7	54750000	55000000	0.16624
chr7	55000000	55250000	0.310485
chr7	55250000	55500000	0.529261
chr7	55500000	55750000	0.632473
chr7	55750000	56000000	0.662656
chr7	56000000	56250000	0.605176
chr7	56250000	56500000	nan
chr7	56500000	56750000	nan
chr7	56750000	57000000	nan
chr7	57000000	57250000	nan
chr7	57250000	57500000	nan
chr7	57500000	57750000	nan
chr7	57750000	58000000	nan
chr7	58000000	58250000	nan
chr7	58250000	58500000	nan
chr7	58500000	58750000	nan
chr7	58750000	59000000	nan
chr7	59000000	59250000	nan
chr7	59250000	59500000	nan
chr7	59500000	59750000	nan
chr7	59750000	60000000	nan
chr7	60000000	60250000	nan
chr7	60250000	60500000	nan
chr7	60500000	60750000	nan
chr7	60750000	61000000	nan
chr7	61000000	61250000	nan
chr7	61250000	61500000	nan
chr7	61500000	61750000	nan
chr7	61750000	62000000	nan
chr7	62000000	62250000	nan
chr7	62250000	62500000	nan
chr7	62500000	62750000	nan
chr7	62750000	63000000	nan
chr7	63000000	63250000	nan
chr7	63250000	63500000	nan
chr7	63500000	63750000	nan
chr7	63750000	64000000	nan
chr7	64000000	64250000	nan
chr7	64250000	64500000	nan
chr7	64500000	64750000	0.553729
chr7	64750000	65000000	0.544445
chr7	65000000	65250000	nan
chr7	65250000	65500000	0.703032
chr7	65500000	65750000	nan
chr7	65750000	66000000	0.888596
chr7	66000000	66250000	0.973318
chr7	66250000	66500000	0.979804
chr7	66500000	66750000	1.06471
chr7	66750000	67000000	1.01788
chr7	67000000	67250000	0.89238
chr7	67250000	67500000	0.571606
chr7	67500000	67750000	0.438047
chr7	67750000	68000000	0.409807
chr7	68000000	68250000	0.391116
chr7	68250000	68500000	0.417499
chr7	68500000	68750000	0.351379
chr7	68750000	69000000	0.3735
chr7	69000000	69250000	0.348954
chr7	69250000	69500000	0.374977
chr7	69500000	69750000	0.476779
chr7	69750000	70000000	0.438812
chr7	70000000	70250000	0.40216
chr7	70250000	70500000	0.455681
chr7	70500000	70750000	0.548615
chr7	70750000	71000000	0.514147
chr7	71000000	71250000	0.612897
chr7	71250000	71500000	0.633495
chr7	71500000	71750000	0.536711
chr7	71750000	72000000	0.535945
chr7	72000000	72250000	0.661411
chr7	72250000	72500000	0.698772
chr7	72500000	72750000	0.790345
chr7	72750000	73000000	0.985186
chr7	73000000	73250000	nan
chr7	73250000	73500000	1.16118
chr7	73500000	73750000	1.27964
chr7	73750000	74000000	1.2173
chr7	74000000	74250000	1.16274
chr7	74250000	74500000	1.17056
chr7	74500000	74750000	1.12305
chr7	74750000	75000000	nan
chr7	75000000	75250000	nan
chr7	75250000	75500000	nan
chr7	75500000	75750000	1.30722
chr7	75750000	76000000	1.40532
chr7	76000000	76250000	1.37935
chr7	76250000	76500000	1.26632
chr7	76500000	76750000	nan
chr7	76750000	77000000	nan
chr7	77000000	77250000	nan
chr7	77250000	77500000	0.576958
chr7	77500000	77750000	0.636313
chr7	77750000	78000000	0.115427
chr7	78000000	78250000	-0.321259
chr7	78250000	78500000	-0.510431
chr7	78500000	78750000	-0.522871
chr7	78750000	79000000	-0.581635
chr7	79000000	79250000	-0.678162
chr7	79250000	79500000	-0.693719
chr7	79500000	79750000	-0.773079
chr7	79750000	80000000	-0.721876
chr7	80000000	80250000	-0.541512
chr7	80250000	80500000	-0.558413
chr7	80500000	80750000	-0.553813
chr7	80750000	81000000	-0.570338
chr7	81000000	81250000	-0.6268
chr7	81250000	81500000	-0.539647
chr7	81500000	81750000	-0.643688
chr7	81750000	82000000	-0.603046
chr7	82000000	82250000	-0.409441
chr7	82250000	82500000	-0.313763
chr7	82500000	82750000	-0.387964
chr7	82750000	83000000	-0.454866
chr7	83000000	83250000	-0.43768
chr7	83250000	83500000	-0.250959
chr7	83500000	83750000	-0.386199
chr7	83750000	84000000	-0.412314
chr7	84000000	84250000	-0.277275
chr7	84250000	84500000	-0.446113
chr7	84500000	84750000	-0.527208
chr7	84750000	85000000	-0.515298
chr7	85000000	85250000	-0.545635
chr7	85250000	85500000	-0.652549
chr7	85500000	85750000	-0.612274
chr7	85750000	86000000	-0.550007
chr7	86000000	86250000	-0.69976
chr7	86250000	86500000	-0.678827
chr7	86500000	86750000	-0.65517
chr7	86750000	87000000	-0.534209
chr7	87000000	87250000	-0.398056
chr7	87250000	87500000	-0.548788
chr7	87500000	87750000	-0.570853
chr7	87750000	88000000	-0.446551
chr7	88000000	88250000	-0.492634
chr7	88250000	88500000	-0.562646
chr7	88500000	88750000	-0.570284
chr7	88750000	89000000	-0.555114
chr7	89000000	89250000	-0.603089
chr7	89250000	89500000	-0.587523
chr7	89500000	89750000	-0.578294
chr7	89750000	90000000	-0.636177
chr7	90000000	90250000	-0.440131
chr7	90250000	90500000	-0.292966
chr7	90500000	90750000	-0.173907
chr7	90750000	91000000	-0.28282
chr7	91000000	91250000	-0.330265
chr7	91250000	91500000	-0.422125
chr7	91500000	91750000	-0.435291
chr7	91750000	92000000	-0.270341
chr7	92000000	92250000	0.0614197
chr7	92250000	92500000	0.173409
chr7	92500000	92750000	-0.0541528
chr7	92750000	93000000	-0.255018
chr7	93000000	93250000	-0.398972
chr7	93250000	93500000	-0.382522
chr7	93500000	93750000	-0.447585
chr7	93750000	94000000	-0.500356
chr7	94000000	94250000	-0.501538
chr7	94250000	94500000	-0.338986
chr7	94500000	94750000	-0.380108
chr7	94750000	95000000	-0.42299
chr7	95000000	95250000	-0.385469
chr7	95250000	95500000	-0.35101
chr7	95500000	95750000	-0.38671
chr7	95750000	96000000	-0.310615
chr7	96000000	96250000	-0.23045
chr7	96250000	96500000	-0.219839
chr7	96500000	96750000	-0.264555
chr7	96750000	97000000	-0.260049
chr7	97000000	97250000	-0.118273
chr7	97250000	97500000	-0.207581
chr7	97500000	97750000	-0.266099
chr7	97750000	98000000	0.0901357
chr7	98000000	98250000	0.561684
chr7	98250000	98500000	0.945227
chr7	98500000	98750000	1.02281
chr7	98750000	99000000	1.05374
chr7	99000000	99250000	1.20459
chr7	99250000	99500000	1.27068
chr7	99500000	99750000	1.31184
chr7	99750000	100000000	1.31071
chr7	100000000	100250000	1.22616
chr7	100250000	100500000	1.26987
chr7	100500000	100750000	1.20645
chr7	100750000	101000000	1.20609
chr7	101000000	101250000	1.23468
chr7	101250000	101500000	1.19441
chr7	101500000	101750000	0.977514
chr7	101750000	102000000	1.08514
chr7	102000000	102250000	1.02329
chr7	102250000	102500000	1.19171
chr7	102500000	102750000	nan
chr7	102750000	103000000	0.228959
chr7	103000000	103250000	0.15117
chr7	103250000	103500000	-0.0925672
chr7	103500000	103750000	-0.421511
chr7	103750000	104000000	-0.474527
chr7	104000000	104250000	-0.323731
chr7	104250000	104500000	-0.376866
chr7	104500000	104750000	-0.388374
chr7	104750000	105000000	-0.130888
chr7	105000000	105250000	0.493136
chr7	105250000	105500000	0.607159
chr7	105500000	105750000	0.448629
chr7	105750000	106000000	0.373168
chr7	106000000	106250000	0.146301
chr7	106250000	106500000	-0.074242
chr7	106500000	106750000	-0.103395
chr7	106750000	107000000	-0.0633131
chr7	107000000	107250000	0.01041
chr7	107250000	107500000	-0.102345
chr7	107500000	107750000	-0.042916
chr7	107750000	108000000	-0.00899443
chr7	108000000	108250000	-0.286289
chr7	108250000	108500000	-0.481324
chr7	108500000	108750000	-0.597776
chr7	108750000	109000000	-0.728482
chr7	109000000	109250000	-0.730903
chr7	109250000	109500000	-0.696733
chr7	109500000	109750000	-0.662718
chr7	109750000	110000000	-0.576446
chr7	110000000	110250000	-0.616326
chr7	110250000	110500000	-0.58567
chr7	110500000	110750000	-0.52136
chr7	110750000	111000000	-0.519876
chr7	111000000	111250000	-0.502247
chr7	111250000	111500000	-0.551476
chr7	111500000	111750000	-0.411857
chr7	111750000	112000000	-0.201428
chr7	112000000	112250000	-0.112088
chr7	112250000	112500000	-0.151385
chr7	112500000	112750000	-0.578561
chr7	112750000	113000000	-0.626897
chr7	113000000	113250000	-0.70714
chr7	113250000	113500000	-0.745715
chr7	113500000	113750000	-0.783759
chr7	113750000	114000000	-0.74054
chr7	114000000	114250000	-0.62372
chr7	114250000	114500000	-0.639866
chr7	114500000	114750000	-0.597481
chr7	114750000	115000000	-0.540043
chr7	115000000	115250000	-0.609397
chr7	115250000	115500000	-0.601851
chr7	115500000	115750000	-0.595338
chr7	115750000	116000000	-0.603558
chr7	116000000	116250000	-0.578173
chr7	116250000	116500000	-0.459236
chr7	116500000	116750000	-0.356489
chr7	116750000	117000000	-0.236597
chr7	117000000	117250000	-0.410283
chr7	117250000	117500000	-0.611104
chr7	117500000	117750000	-0.66071
chr7	117750000	118000000	-0.62646
chr7	118000000	118250000	-0.619057
chr7	118250000	118500000	-0.651825
chr7	118500000	118750000	-0.686505
chr7	118750000	119000000	-0.625708
chr7	119000000	119250000	-0.637957
chr7	119250000	119500000	-0.67312
chr7	119500000	119750000	-0.714249
chr7	119750000	120000000	-0.684751
chr7	120000000	120250000	-0.677003
chr7	120250000	120500000	-0.571292
chr7	120500000	120750000	-0.595766
chr7	120750000	121000000	-0.543313
chr7	121000000	121250000	-0.567708
chr7	121250000	121500000	-0.390153
chr7	121500000	121750000	-0.284431
chr7	121750000	122000000	-0.0736819
chr7	122000000	122250000	0.175037
chr7	122250000	122500000	-0.0765077
chr7	122500000	122750000	-0.33498
chr7	122750000	123000000	-0.477855
chr7	123000000	123250000	-0.552582
chr7	123250000	123500000	-0.580644
chr7	123500000	123750000	-0.435304
chr7	123750000	124000000	-0.621195
chr7	124000000	124250000	-0.695687
chr7	124250000	124500000	-0.826782
chr7	124500000	124750000	-0.812424
chr7	124750000	125000000	-0.612098
chr7	125000000	125250000	-0.729629
chr7	125250000	125500000	-0.681501
chr7	125500000	125750000	-0.646482
chr7	125750000	126000000	-0.716211
chr7	126000000	126250000	-0.765963
chr7	126250000	126500000	-0.794281
chr7	126500000	126750000	-0.787591
chr7	126750000	127000000	-0.862209
chr7	127000000	127250000	-0.923541
chr7	127250000	127500000	-0.774966
chr7	127500000	127750000	-0.211263
chr7	127750000	128000000	0.151575
chr7	128000000	128250000	0.362165
chr7	128250000	128500000	0.863125
chr7	128500000	128750000	1.15334
chr7	128750000	129000000	1.25844
chr7	129000000	129250000	1.11918
chr7	129250000	129500000	1.00896
chr7	129500000	129750000	0.988871
chr7	129750000	130000000	1.05051
chr7	130000000	130250000	0.829243
chr7	130250000	130500000	0.877321
chr7	130500000	130750000	0.759964
chr7	130750000	131000000	0.666795
chr7	131000000	131250000	0.765137
chr7	131250000	131500000	0.742442
chr7	131500000	131750000	0.655292
chr7	131750000	132000000	0.487652
chr7	132000000	132250000	0.493683
chr7	132250000	132500000	0.381464
chr7	132500000	132750000	0.282031
chr7	132750000	133000000	0.228145
chr7	133000000	133250000	0.24824
chr7	133250000	133500000	0.124052
chr7	133500000	133750000	-0.00370169
chr7	133750000	134000000	-0.00620548
chr7	134000000	134250000	0.024906
chr7	134250000	134500000	0.0637593
chr7	134500000	134750000	0.0746253
chr7	134750000	135000000	0.0916008
chr7	135000000	135250000	-0.000270461
chr7	135250000	135500000	0.057333
chr7	135500000	135750000	0.00417204
chr7	135750000	136000000	-0.572941
chr7	136000000	136250000	-0.714377
chr7	136250000	136500000	-0.749853
chr7	136500000	136750000	-0.779134
chr7	136750000	137000000	-0.716641
chr7	137000000	137250000	-0.724642
chr7	137250000	137500000	-0.702001
chr7	137500000	137750000	-0.460932
chr7	137750000	138000000	-0.114191
chr7	138000000	138250000	0.152552
chr7	138250000	138500000	0.27431
chr7	138500000	138750000	0.350438
chr7	138750000	139000000	0.461276
chr7	139000000	139250000	0.690745
chr7	139250000	139500000	0.87207
chr7	139500000	139750000	0.799321
chr7	139750000	140000000	0.783375
chr7	140000000	140250000	0.758526
chr7	140250000	140500000	0.891598
chr7	140500000	140750000	0.751589
chr7	140750000	141000000	0.576688
chr7	141000000	141250000	0.403108
chr7	141250000	141500000	0.366269
chr7	141500000	141750000	0.291138
chr7	141750000	142000000	-0.153308
chr7	142000000	142250000	-0.238541
chr7	142250000	142500000	-0.0768896
chr7	142500000	142750000	-0.0416873
chr7	142750000	143000000	-0.00265844
chr7	143000000	143250000	-0.0936842
chr7	143250000	143500000	0.185694
chr7	143500000	143750000	nan
chr7	143750000	144000000	nan
chr7	144000000	144250000	-0.431021
chr7	144250000	144500000	nan
chr7	144500000	144750000	-0.730184
chr7	144750000	145000000	-0.708854
chr7	145000000	145250000	-0.699899
chr7	145250000	145500000	-0.76431
chr7	145500000	145750000	-0.755001
chr7	145750000	146000000	-0.697191
chr7	146000000	146250000	-0.608076
chr7	146250000	146500000	-0.746574
chr7	146500000	146750000	-0.729025
chr7	146750000	147000000	-0.755758
chr7	147000000	147250000	-0.75347
chr7	147250000	147500000	-0.749872
chr7	147500000	147750000	-0.792884
chr7	147750000	148000000	-0.750816
chr7	148000000	148250000	-0.610044
chr7	148250000	148500000	-0.333042
chr7	148500000	148750000	-0.0476671
chr7	148750000	149000000	0.307053
chr7	149000000	149250000	0.921421
chr7	149250000	149500000	1.05026
chr7	149500000	149750000	1.07997
chr7	149750000	150000000	0.928219
chr7	150000000	150250000	0.707342
chr7	150250000	150500000	0.895531
chr7	150500000	150750000	0.763136
chr7	150750000	151000000	0.907264
chr7	151000000	151250000	1.35991
chr7	151250000	151500000	1.20208
chr7	151500000	151750000	1.00162
chr7	151750000	152000000	0.84713
chr7	152000000	152250000	0.652698
chr7	152250000	152500000	0.607576
chr7	152500000	152750000	0.521192
chr7	152750000	153000000	0.217904
chr7	153000000	153250000	-0.0349338
chr7	153250000	153500000	-0.0839848
chr7	153500000	153750000	-0.12732
chr7	153750000	154000000	-0.0883639
chr7	154000000	154250000	0.0463932
chr7	154250000	154500000	0.00798954
chr7	154500000	154750000	0.0202569
chr7	154750000	155000000	0.253755
chr7	155000000	155250000	0.423828
chr7	155250000	155500000	0.516897
chr7	155500000	155750000	0.597781
chr7	155750000	156000000	0.391453
chr7	156000000	156250000	0.373539
chr7	156250000	156500000	0.375133
chr7	156500000	156750000	0.464661
chr7	156750000	157000000	0.638063
chr7	157000000	157250000	0.809842
chr7	157250000	157500000	0.931225
chr7	157500000	157750000	0.755954
chr7	157750000	158000000	0.746213
chr7	158000000	158250000	0.729547
chr7	158250000	158500000	0.748533
chr7	158500000	158750000	0.935397
chr7	158750000	159000000	0.899229
chr7	159000000	159250000	0.712772
chr7	159250000	159345973	nan
#bedGraph section chr8:0-145138636
chr8	0	250000	nan
chr8	250000	500000	0.84179
chr8	500000	750000	0.995917
chr8	750000	1000000	0.96653
chr8	1000000	1250000	0.876345
chr8	1250000	1500000	0.950237
chr8	1500000	1750000	0.975817
chr8	1750000	2000000	1.12702
chr8	2000000	2250000	0.619879
chr8	2250000	2500000	nan
chr8	2500000	2750000	-0.273313
chr8	2750000	3000000	-0.397374
chr8	3000000	3250000	-0.382564
chr8	3250000	3500000	-0.487303
chr8	3500000	3750000	-0.402986
chr8	3750000	4000000	-0.508062
chr8	4000000	4250000	-0.433049
chr8	4250000	4500000	-0.545689
chr8	4500000	4750000	-0.617105
chr8	4750000	5000000	-0.431209
chr8	5000000	5250000	-0.403471
chr8	5250000	5500000	-0.572265
chr8	5500000	5750000	-0.556736
chr8	5750000	6000000	-0.597547
chr8	6000000	6250000	-0.452086
chr8	6250000	6500000	-0.0913262
chr8	6500000	6750000	0.285877
chr8	6750000	7000000	0.639898
chr8	7000000	7250000	nan
chr8	7250000	7500000	nan
chr8	7500000	7750000	nan
chr8	7750000	8000000	nan
chr8	8000000	8250000	nan
chr8	8250000	8500000	0.800281
chr8	8500000	8750000	0.797512
chr8	8750000	9000000	0.800653
chr8	9000000	9250000	0.751054
chr8	9250000	9500000	0.666755
chr8	9500000	9750000	0.607946
chr8	9750000	10000000	0.683497
chr8	10000000	10250000	0.717179
chr8	10250000	10500000	0.748977
chr8	10500000	10750000	0.874536
chr8	10750000	11000000	0.888314
chr8	11000000	11250000	0.987939
chr8	11250000	11500000	0.944937
chr8	11500000	11750000	1.01468
chr8	11750000	12000000	1.0318
chr8	12000000	12250000	nan
chr8	12250000	12500000	nan
chr8	12500000	12750000	0.521811
chr8	12750000	13000000	-0.175209
chr8	13000000	13250000	-0.481844
chr8	13250000	13500000	-0.692012
chr8	13500000	13750000	-0.589643
chr8	13750000	14000000	-0.726955
chr8	14000000	14250000	-0.68269
chr8	14250000	14500000	-0.58026
chr8	14500000	14750000	-0.675498
chr8	14750000	15000000	-0.567021
chr8	15000000	15250000	-0.624307
chr8	15250000	15500000	-0.51772
chr8	15500000	15750000	-0.329309
chr8	15750000	16000000	-0.458036
chr8	16000000	16250000	-0.563011
chr8	16250000	16500000	-0.651468
chr8	16500000	16750000	-0.58569
chr8	16750000	17000000	-0.530146
chr8	17000000	17250000	-0.235975
chr8	17250000	17500000	0.0846774
chr8	17500000	17750000	0.179798
chr8	17750000	18000000	0.246092
chr8	18000000	18250000	0.0742846
chr8	18250000	18500000	-0.130193
chr8	18500000	18750000	-0.0480431
chr8	18750000	19000000	0.073943
chr8	19000000	19250000	0.00951331
chr8	19250000	19500000	0.0666934
chr8	19500000	19750000	0.036461
chr8	19750000	20000000	0.139738
chr8	20000000	20250000	0.247595
chr8	20250000	20500000	0.442756
chr8	20500000	20750000	0.269949
chr8	20750000	21000000	0.2499
chr8	21000000	21250000	0.256514
chr8	21250000	21500000	0.314007
chr8	21500000	21750000	0.379772
chr8	21750000	22000000	0.615943
chr8	22000000	22250000	0.941243
chr8	22250000	22500000	1.00175
chr8	22500000	22750000	0.991514
chr8	22750000	23000000	0.973667
chr8	23000000	23250000	0.841697
chr8	23250000	23500000	0.617292
chr8	23500000	23750000	0.304563
chr8	23750000	24000000	-0.0308015
chr8	24000000	24250000	-0.275357
chr8	24250000	24500000	-0.336577
chr8	24500000	24750000	-0.339292
chr8	24750000	25000000	-0.205394
chr8	25000000	25250000	0.15075
chr8	25250000	25500000	0.454682
chr8	25500000	25750000	0.391751
chr8	25750000	26000000	0.412038
chr8	26000000	26250000	0.48918
chr8	26250000	26500000	0.611875
chr8	26500000	26750000	0.445403
chr8	26750000	27000000	0.225541
chr8	27000000	27250000	0.218068
chr8	27250000	27500000	0.650071
chr8	27500000	27750000	0.772158
chr8	27750000	28000000	0.785753
chr8	28000000	28250000	0.780254
chr8	28250000	28500000	0.760671
chr8	28500000	28750000	0.771703
chr8	28750000	29000000	0.706515
chr8	29000000	29250000	0.628107
chr8	29250000	29500000	0.594024
chr8	29500000	29750000	0.589651
chr8	29750000	30000000	0.554619
chr8	30000000	30250000	0.62105
chr8	30250000	30500000	0.735503
chr8	30500000	30750000	0.600403
chr8	30750000	31000000	0.141258
chr8	31000000	31250000	0.0151261
chr8	31250000	31500000	-0.472345
chr8	31500000	31750000	-0.496672
chr8	31750000	32000000	-0.560502
chr8	32000000	32250000	-0.345855
chr8	32250000	32500000	-0.370713
chr8	32500000	32750000	-0.338653
chr8	32750000	33000000	-0.356716
chr8	33000000	33250000	-0.277546
chr8	33250000	33500000	-0.0845109
chr8	33500000	33750000	-0.030053
chr8	33750000	34000000	-0.304549
chr8	34000000	34250000	-0.353628
chr8	34250000	34500000	-0.370588
chr8	34500000	34750000	-0.363762
chr8	34750000	35000000	-0.228844
chr8	35000000	35250000	-0.10122
chr8	35250000	35500000	0.0351161
chr8	35500000	35750000	-0.0513779
chr8	35750000	36000000	-0.192199
chr8	36000000	36250000	-0.311445
chr8	36250000	36500000	-0.352116
chr8	36500000	36750000	-0.356152
chr8	36750000	37000000	-0.122273
chr8	37000000	37250000	-0.0138484
chr8	37250000	37500000	0.10086
chr8	37500000	37750000	0.324165
chr8	37750000	38000000	0.75658
chr8	38000000	38250000	0.918857
chr8	38250000	38500000	0.947998
chr8	38500000	38750000	0.830259
chr8	38750000	39000000	0.504492
chr8	39000000	39250000	0.0529
chr8	39250000	39500000	-0.0954518
chr8	39500000	39750000	-0.104229
chr8	39750000	40000000	0.112772
chr8	40000000	40250000	0.168269
chr8	40250000	40500000	0.23065
chr8	40500000	40750000	0.251948
chr8	40750000	41000000	0.410517
chr8	41000000	41250000	0.572462
chr8	41250000	41500000	0.708497
chr8	41500000	41750000	0.93311
chr8	41750000	42000000	0.974936
chr8	42000000	42250000	0.942466
chr8	42250000	42500000	0.880981
chr8	42500000	42750000	0.80661
chr8	42750000	43000000	0.732592
chr8	43000000	43250000	0.514866
chr8	43250000	43500000	nan
chr8	43500000	43750000	nan
chr8	43750000	44000000	nan
chr8	44000000	44250000	nan
chr8	44250000	44500000	nan
chr8	44500000	44750000	nan
chr8	44750000	45000000	nan
chr8	45000000	45250000	nan
chr8	45250000	45500000	nan
chr8	45500000	45750000	nan
chr8	45750000	46000000	nan
chr8	46000000	46250000	nan
chr8	46250000	46500000	nan
chr8	46500000	46750000	nan
chr8	46750000	47000000	nan
chr8	47000000	47250000	0.363026
chr8	47250000	47500000	0.511848
chr8	47500000	47750000	0.56286
chr8	47750000	48000000	0.960225
chr8	48000000	48250000	0.494324
chr8	48250000	48500000	0.219223
chr8	48500000	48750000	0.171592
chr8	48750000	49000000	0.0644561
chr8	49000000	49250000	-0.270975
chr8	49250000	49500000	-0.274481
chr8	49500000	49750000	-0.312254
chr8	49750000	50000000	-0.195204
chr8	50000000	50250000	-0.288148
chr8	50250000	50500000	-0.294822
chr8	50500000	50750000	-0.342718
chr8	50750000	51000000	-0.3406
chr8	51000000	51250000	-0.336835
chr8	51250000	51500000	-0.309181
chr8	51500000	51750000	-0.299323
chr8	51750000	52000000	-0.167971
chr8	52000000	52250000	-0.163531
chr8	52250000	52500000	-0.136238
chr8	52500000	52750000	0.0674445
chr8	52750000	53000000	-0.0761001
chr8	53000000	53250000	-0.119924
chr8	53250000	53500000	-0.0714456
chr8	53500000	53750000	0.111379
chr8	53750000	54000000	0.430563
chr8	54000000	54250000	0.566905
chr8	54250000	54500000	0.337741
chr8	54500000	54750000	0.0886986
chr8	54750000	55000000	0.0716513
chr8	55000000	55250000	0.162447
chr8	55250000	55500000	0.123331
chr8	55500000	55750000	0.168459
chr8	55750000	56000000	0.445841
chr8	56000000	56250000	0.168136
chr8	56250000	56500000	-0.348962
chr8	56500000	56750000	-0.454661
chr8	56750000	57000000	-0.423675
chr8	57000000	57250000	-0.401735
chr8	57250000	57500000	-0.3704
chr8	57500000	57750000	-0.461603
chr8	57750000	58000000	-0.458942
chr8	58000000	58250000	-0.339571
chr8	58250000	58500000	-0.297667
chr8	58500000	58750000	-0.117363
chr8	58750000	59000000	-0.244735
chr8	59000000	59250000	-0.252465
chr8	59250000	59500000	-0.48593
chr8	59500000	59750000	-0.621923
chr8	59750000	60000000	-0.536512
chr8	60000000	60250000	-0.471242
chr8	60250000	60500000	-0.321993
chr8	60500000	60750000	0.019451
chr8	60750000	61000000	0.166933
chr8	61000000	61250000	-0.0315375
chr8	61250000	61500000	-0.261474
chr8	61500000	61750000	-0.186945
chr8	61750000	62000000	-0.36641
chr8	62000000	62250000	-0.401953
chr8	62250000	62500000	-0.456196
chr8	62500000	62750000	-0.500709
chr8	62750000	63000000	-0.427208
chr8	63000000	63250000	-0.112685
chr8	63250000	63500000	-0.287166
chr8	63500000	63750000	-0.465554
chr8	63750000	64000000	-0.555507
chr8	64000000	64250000	-0.54066
chr8	64250000	64500000	-0.354637
chr8	64500000	64750000	-0.394112
chr8	64750000	65000000	-0.500874
chr8	65000000	65250000	-0.475346
chr8	65250000	65500000	-0.461007
chr8	65500000	65750000	-0.00305978
chr8	65750000	66000000	0.242146
chr8	66000000	66250000	0.29452
chr8	66250000	66500000	0.365844
chr8	66500000	66750000	0.606639
chr8	66750000	67000000	0.711367
chr8	67000000	67250000	0.754166
chr8	67250000	67500000	0.599136
chr8	67500000	67750000	0.540799
chr8	67750000	68000000	0.347454
chr8	68000000	68250000	0.238066
chr8	68250000	68500000	0.0847723
chr8	68500000	68750000	0.0332493
chr8	68750000	69000000	0.0544458
chr8	69000000	69250000	-0.0380286
chr8	69250000	69500000	0.0681258
chr8	69500000	69750000	0.188412
chr8	69750000	70000000	0.391716
chr8	70000000	70250000	0.570333
chr8	70250000	70500000	0.464844
chr8	70500000	70750000	0.269663
chr8	70750000	71000000	0.00329086
chr8	71000000	71250000	-0.0108336
chr8	71250000	71500000	0.0647202
chr8	71500000	71750000	0.274471
chr8	71750000	72000000	0.210084
chr8	72000000	72250000	0.147896
chr8	72250000	72500000	0.139517
chr8	72500000	72750000	0.248076
chr8	72750000	73000000	0.362745
chr8	73000000	73250000	0.672863
chr8	73250000	73500000	0.618815
chr8	73500000	73750000	0.571843
chr8	73750000	74000000	0.678627
chr8	74000000	74250000	0.205914
chr8	74250000	74500000	-0.202292
chr8	74500000	74750000	-0.456052
chr8	74750000	75000000	-0.408985
chr8	75000000	75250000	-0.416206
chr8	75250000	75500000	-0.477377
chr8	75500000	75750000	-0.56189
chr8	75750000	76000000	-0.670679
chr8	76000000	76250000	-0.623281
chr8	76250000	76500000	-0.456287
chr8	76500000	76750000	-0.435764
chr8	76750000	77000000	-0.390951
chr8	77000000	77250000	-0.412907
chr8	77250000	77500000	-0.455438
chr8	77500000	77750000	-0.52805
chr8	77750000	78000000	-0.553194
chr8	78000000	78250000	-0.461542
chr8	78250000	78500000	-0.520967
chr8	78500000	78750000	-0.539865
chr8	78750000	79000000	-0.658888
chr8	79000000	79250000	-0.752997
chr8	79250000	79500000	-0.718877
chr8	79500000	79750000	-0.341357
chr8	79750000	80000000	0.107328
chr8	80000000	80250000	0.275626
chr8	80250000	80500000	0.101647
chr8	80500000	80750000	0.0579696
chr8	80750000	81000000	-0.0232414
chr8	81000000	81250000	-0.0520264
chr8	81250000	81500000	-0.190609
chr8	81500000	81750000	-0.0914213
chr8	81750000	82000000	-0.417734
chr8	82000000	82250000	-0.700308
chr8	82250000	82500000	-0.657352
chr8	82500000	82750000	-0.561416
chr8	82750000	83000000	-0.601032
chr8	83000000	83250000	-0.535637
chr8	83250000	83500000	-0.494739
chr8	83500000	83750000	-0.547123
chr8	83750000	84000000	-0.48165
chr8	84000000	84250000	-0.491442
chr8	84250000	84500000	-0.4964
chr8	84500000	84750000	-0.500834
chr8	84750000	85000000	-0.680558
chr8	85000000	85250000	-0.28407
chr8	85250000	85500000	-0.177863
chr8	85500000	85750000	nan
chr8	85750000	86000000	nan
chr8	86000000	86250000	-0.280253
chr8	86250000	86500000	-0.144412
chr8	86500000	86750000	-0.511356
chr8	86750000	87000000	-0.535661
chr8	87000000	87250000	-0.608622
chr8	87250000	87500000	-0.63341
chr8	87500000	87750000	-0.509003
chr8	87750000	88000000	-0.471634
chr8	88000000	88250000	-0.341859
chr8	88250000	88500000	-0.288753
chr8	88500000	88750000	-0.349684
chr8	88750000	89000000	-0.456907
chr8	89000000	89250000	-0.541508
chr8	89250000	89500000	-0.556438
chr8	89500000	89750000	-0.372402
chr8	89750000	90000000	-0.103023
chr8	90000000	90250000	-0.252116
chr8	90250000	90500000	-0.267893
chr8	90500000	90750000	0.0614336
chr8	90750000	91000000	0.00928016
chr8	91000000	91250000	-0.210158
chr8	91250000	91500000	-0.361969
chr8	91500000	91750000	-0.421335
chr8	91750000	92000000	-0.211173
chr8	92000000	92250000	-0.0522379
chr8	92250000	92500000	-0.25186
chr8	92500000	92750000	-0.268089
chr8	92750000	93000000	-0.257471
chr8	93000000	93250000	-0.227427
chr8	93250000	93500000	-0.195808
chr8	93500000	93750000	-0.015101
chr8	93750000	94000000	0.420358
chr8	94000000	94250000	0.353673
chr8	94250000	94500000	0.644282
chr8	94500000	94750000	1.0109
chr8	94750000	95000000	0.850665
chr8	95000000	95250000	0.466093
chr8	95250000	95500000	-0.137236
chr8	95500000	95750000	-0.305754
chr8	95750000	96000000	-0.314312
chr8	96000000	96250000	-0.173089
chr8	96250000	96500000	-0.0331545
chr8	96500000	96750000	-0.159756
chr8	96750000	97000000	-0.32593
chr8	97000000	97250000	-0.24657
chr8	97250000	97500000	-0.104591
chr8	97500000	97750000	0.277188
chr8	97750000	98000000	0.787145
chr8	98000000	98250000	0.503481
chr8	98250000	98500000	0.202456
chr8	98500000	98750000	0.10726
chr8	98750000	99000000	0.227003
chr8	99000000	99250000	0.0882129
chr8	99250000	99500000	-0.0305346
chr8	99500000	99750000	-0.154441
chr8	99750000	100000000	-0.0800445
chr8	100000000	100250000	0.129774
chr8	100250000	100500000	0.458193
chr8	100500000	100750000	0.735303
chr8	100750000	101000000	0.985703
chr8	101000000	101250000	1.0271
chr8	101250000	101500000	0.844598
chr8	101500000	101750000	0.814877
chr8	101750000	102000000	0.764309
chr8	102000000	102250000	0.763765
chr8	102250000	102500000	1.16161
chr8	102500000	102750000	1.08122
chr8	102750000	103000000	1.08
chr8	103000000	103250000	0.828142
chr8	103250000	103500000	0.723266
chr8	103500000	103750000	0.210574
chr8	103750000	104000000	0.0436735
chr8	104000000	104250000	-0.0177263
chr8	104250000	104500000	-0.0806584
chr8	104500000	104750000	-0.402634
chr8	104750000	105000000	-0.687042
chr8	105000000	105250000	-0.767431
chr8	105250000	105500000	-0.679444
chr8	105500000	105750000	-0.608312
chr8	105750000	106000000	-0.508399
chr8	106000000	106250000	-0.564375
chr8	106250000	106500000	-0.606728
chr8	106500000	106750000	-0.413998
chr8	106750000	107000000	-0.45613
chr8	107000000	107250000	-0.488907
chr8	107250000	107500000	-0.252617
chr8	107500000	107750000	-0.463348
chr8	107750000	108000000	-0.535478
chr8	108000000	108250000	-0.339695
chr8	108250000	108500000	-0.354015
chr8	108500000	108750000	-0.507904
chr8	108750000	109000000	-0.489537
chr8	109000000	109250000	-0.465362
chr8	109250000	109500000	-0.338973
chr8	109500000	109750000	-0.428443
chr8	109750000	110000000	-0.626348
chr8	110000000	110250000	-0.600233
chr8	110250000	110500000	-0.630537
chr8	110500000	110750000	-0.633482
chr8	110750000	111000000	-0.544353
chr8	111000000	111250000	-0.47234
chr8	111250000	111500000	-0.498224
chr8	111500000	111750000	-0.621278
chr8	111750000	112000000	-0.467374
chr8	112000000	112250000	-0.568686
chr8	112250000	112500000	-0.486766
chr8	112500000	112750000	-0.516308
chr8	112750000	113000000	-0.511704
chr8	113000000	113250000	-0.575691
chr8	113250000	113500000	-0.467527
chr8	113500000	113750000	-0.630666
chr8	113750000	114000000	-0.629628
chr8	114000000	114250000	-0.459119
chr8	114250000	114500000	-0.355482
chr8	114500000	114750000	-0.600296
chr8	114750000	115000000	-0.609404
chr8	115000000	115250000	-0.460235
chr8	115250000	115500000	-0.392285
chr8	115500000	115750000	-0.432247
chr8	115750000	116000000	-0.529077
chr8	116000000	116250000	-0.566763
chr8	116250000	116500000	-0.472914
chr8	116500000	116750000	-0.0994608
chr8	116750000	117000000	-0.125084
chr8	117000000	117250000	-0.511573
chr8	117250000	117500000	-0.407865
chr8	117500000	117750000	-0.266422
chr8	117750000	118000000	0.0485701
chr8	118000000	118250000	-0.00462375
chr8	118250000	118500000	-0.271654
chr8	118500000	118750000	-0.317664
chr8	118750000	119000000	-0.383886
chr8	119000000	119250000	-0.3933
chr8	119250000	119500000	-0.377296
chr8	119500000	119750000	-0.162898
chr8	119750000	120000000	0.108677
chr8	120000000	120250000	-0.166955
chr8	120250000	120500000	-0.284213
chr8	120500000	120750000	-0.284452
chr8	120750000	121000000	-0.327015
chr8	121000000	121250000	-0.429572
chr8	121250000	121500000	-0.456036
chr8	121500000	121750000	-0.36047
chr8	121750000	122000000	-0.479339
chr8	122000000	122250000	-0.505715
chr8	122250000	122500000	-0.543789
chr8	122500000	122750000	-0.20943
chr8	122750000	123000000	0.273465
chr8	123000000	123250000	0.576171
chr8	123250000	123500000	0.759012
chr8	123500000	123750000	0.593052
chr8	123750000	124000000	0.444754
chr8	124000000	124250000	0.410191
chr8	124250000	124500000	0.49127
chr8	124500000	124750000	0.660448
chr8	124750000	125000000	0.595462
chr8	125000000	125250000	0.443138
chr8	125250000	125500000	0.374828
chr8	125500000	125750000	0.058718
chr8	125750000	126000000	-0.330071
chr8	126000000	126250000	-0.379992
chr8	126250000	126500000	-0.138558
chr8	126500000	126750000	-0.126012
chr8	126750000	127000000	-0.0897347
chr8	127000000	127250000	-0.108899
chr8	127250000	127500000	-0.0893004
chr8	127500000	127750000	0.098187
chr8	127750000	128000000	0.638067
chr8	128000000	128250000	0.259365
chr8	128250000	128500000	0.0618528
chr8	128500000	128750000	0.0350544
chr8	128750000	129000000	-0.0727988
chr8	129000000	129250000	-0.131197
chr8	129250000	129500000	-0.125064
chr8	129500000	129750000	-0.023938
chr8	129750000	130000000	0.302957
chr8	130000000	130250000	0.233178
chr8	130250000	130500000	0.198914
chr8	130500000	130750000	-0.143939
chr8	130750000	131000000	-0.47761
chr8	131000000	131250000	-0.550379
chr8	131250000	131500000	-0.638364
chr8	131500000	131750000	-0.636043
chr8	131750000	132000000	-0.273376
chr8	132000000	132250000	-0.074978
chr8	132250000	132500000	-0.0525873
chr8	132500000	132750000	-0.0093121
chr8	132750000	133000000	0.0108834
chr8	133000000	133250000	0.0526692
chr8	133250000	133500000	0.0582301
chr8	133500000	133750000	-0.101899
chr8	133750000	134000000	-0.281666
chr8	134000000	134250000	-0.415022
chr8	134250000	134500000	-0.292205
chr8	134500000	134750000	-0.150629
chr8	134750000	135000000	-0.157329
chr8	135000000	135250000	-0.304767
chr8	135250000	135500000	-0.247369
chr8	135500000	135750000	-0.221947
chr8	135750000	136000000	-0.30947
chr8	136000000	136250000	-0.391864
chr8	136250000	136500000	-0.473776
chr8	136500000	136750000	-0.456129
chr8	136750000	137000000	-0.488491
chr8	137000000	137250000	-0.550029
chr8	137250000	137500000	-0.385092
chr8	137500000	137750000	-0.548753
chr8	137750000	138000000	-0.477814
chr8	138000000	138250000	-0.34557
chr8	138250000	138500000	-0.32869
chr8	138500000	138750000	-0.199465
chr8	138750000	139000000	0.0378254
chr8	139000000	139250000	0.0146848
chr8	139250000	139500000	0.117797
chr8	139500000	139750000	0.312058
chr8	139750000	140000000	0.557171
chr8	140000000	140250000	0.59743
chr8	140250000	140500000	0.832088
chr8	140500000	140750000	1.07717
chr8	140750000	141000000	1.14735
chr8	141000000	141250000	1.02811
chr8	141250000	141500000	0.95485
chr8	141500000	141750000	0.780876
chr8	141750000	142000000	0.72529
chr8	142000000	142250000	0.693558
chr8	142250000	142500000	0.753286
chr8	142500000	142750000	0.752053
chr8	142750000	143000000	0.795156
chr8	143000000	143250000	0.805951
chr8	143250000	143500000	0.777523
chr8	143500000	143750000	0.750618
chr8	143750000	144000000	nan
chr8	144000000	144250000	0.729904
chr8	144250000	144500000	nan
chr8	144500000	144750000	0.904446
chr8	144750000	145000000	0.936796
chr8	145000000	145138636	nan
#bedGraph section chr9:0-138394717
chr9	0	250000	nan
chr9	250000	500000	-0.00111096
chr9	500000	750000	0.0750331
chr9	750000	1000000	-0.0429649
chr9	1000000	1250000	-0.537591
chr9	1250000	1500000	-0.627964
chr9	1500000	1750000	-0.662264
chr9	1750000	2000000	-0.458017
chr9	2000000	2250000	-0.134904
chr9	2250000	2500000	-0.0507649
chr9	2500000	2750000	-0.0581302
chr9	2750000	3000000	-0.244086
chr9	3000000	3250000	-0.499758
chr9	3250000	3500000	-0.350972
chr9	3500000	3750000	-0.440195
chr9	3750000	4000000	-0.49822
chr9	4000000	4250000	-0.447271
chr9	4250000	4500000	-0.266236
chr9	4500000	4750000	-0.0928484
chr9	4750000	5000000	-0.0921156
chr9	5000000	5250000	-0.361589
chr9	5250000	5500000	-0.352219
chr9	5500000	5750000	-0.135411
chr9	5750000	6000000	0.0550003
chr9	6000000	6250000	0.0358889
chr9	6250000	6500000	0.1829
chr9	6500000	6750000	0.467632
chr9	6750000	7000000	-0.0670926
chr9	7000000	7250000	-0.476085
chr9	7250000	7500000	-0.668362
chr9	7500000	7750000	-0.665403
chr9	7750000	8000000	-0.739914
chr9	8000000	8250000	-0.726584
chr9	8250000	8500000	-0.616487
chr9	8500000	8750000	-0.542455
chr9	8750000	9000000	-0.503119
chr9	9000000	9250000	-0.656138
chr9	9250000	9500000	-0.671315
chr9	9500000	9750000	-0.679356
chr9	9750000	10000000	-0.549914
chr9	10000000	10250000	-0.591876
chr9	10250000	10500000	-0.546421
chr9	10500000	10750000	-0.61153
chr9	10750000	11000000	-0.53069
chr9	11000000	11250000	-0.586458
chr9	11250000	11500000	-0.506035
chr9	11500000	11750000	-0.583144
chr9	11750000	12000000	-0.634782
chr9	12000000	12250000	-0.679629
chr9	12250000	12500000	-0.52542
chr9	12500000	12750000	-0.604502
chr9	12750000	13000000	-0.711083
chr9	13000000	13250000	-0.489308
chr9	13250000	13500000	-0.438311
chr9	13500000	13750000	-0.49859
chr9	13750000	14000000	-0.528022
chr9	14000000	14250000	-0.451268
chr9	14250000	14500000	-0.245445
chr9	14500000	14750000	-0.175954
chr9	14750000	15000000	-0.25708
chr9	15000000	15250000	-0.162192
chr9	15250000	15500000	0.0812747
chr9	15500000	15750000	-0.153711
chr9	15750000	16000000	-0.39963
chr9	16000000	16250000	-0.248145
chr9	16250000	16500000	-0.0776605
chr9	16500000	16750000	0.194761
chr9	16750000	17000000	0.128749
chr9	17000000	17250000	-0.0829708
chr9	17250000	17500000	-0.161078
chr9	17500000	17750000	-0.387673
chr9	17750000	18000000	-0.43856
chr9	18000000	18250000	-0.436715
chr9	18250000	18500000	-0.426519
chr9	18500000	18750000	-0.509056
chr9	18750000	19000000	-0.396822
chr9	19000000	19250000	0.146158
chr9	19250000	19500000	0.193841
chr9	19500000	19750000	-0.198802
chr9	19750000	20000000	-0.18248
chr9	20000000	20250000	-0.23816
chr9	20250000	20500000	-0.186177
chr9	20500000	20750000	-0.186507
chr9	20750000	21000000	-0.180072
chr9	21000000	21250000	-0.282128
chr9	21250000	21500000	-0.436728
chr9	21500000	21750000	-0.492019
chr9	21750000	22000000	-0.354849
chr9	22000000	22250000	-0.588101
chr9	22250000	22500000	-0.620352
chr9	22500000	22750000	-0.726224
chr9	22750000	23000000	-0.653288
chr9	23000000	23250000	-0.618882
chr9	23250000	23500000	-0.55468
chr9	23500000	23750000	-0.387518
chr9	23750000	24000000	-0.438541
chr9	24000000	24250000	-0.516394
chr9	24250000	24500000	-0.549595
chr9	24500000	24750000	-0.550057
chr9	24750000	25000000	-0.537488
chr9	25000000	25250000	-0.569522
chr9	25250000	25500000	-0.572667
chr9	25500000	25750000	-0.573441
chr9	25750000	26000000	-0.518516
chr9	26000000	26250000	-0.716334
chr9	26250000	26500000	-0.633731
chr9	26500000	26750000	-0.602571
chr9	26750000	27000000	-0.421578
chr9	27000000	27250000	-0.592689
chr9	27250000	27500000	-0.524024
chr9	27500000	27750000	-0.503525
chr9	27750000	28000000	-0.63908
chr9	28000000	28250000	-0.619393
chr9	28250000	28500000	-0.662125
chr9	28500000	28750000	-0.619275
chr9	28750000	29000000	-0.591227
chr9	29000000	29250000	-0.616221
chr9	29250000	29500000	-0.666485
chr9	29500000	29750000	-0.627069
chr9	29750000	30000000	-0.522557
chr9	30000000	30250000	-0.622478
chr9	30250000	30500000	-0.651757
chr9	30500000	30750000	-0.609086
chr9	30750000	31000000	-0.53946
chr9	31000000	31250000	-0.580065
chr9	31250000	31500000	-0.664153
chr9	31500000	31750000	-0.681374
chr9	31750000	32000000	-0.660976
chr9	32000000	32250000	-0.823384
chr9	32250000	32500000	-0.616138
chr9	32500000	32750000	-0.56031
chr9	32750000	33000000	-0.505481
chr9	33000000	33250000	0.335849
chr9	33250000	33500000	0.763676
chr9	33500000	33750000	0.781434
chr9	33750000	34000000	0.909362
chr9	34000000	34250000	0.988254
chr9	34250000	34500000	1.06939
chr9	34500000	34750000	1.14944
chr9	34750000	35000000	1.00357
chr9	35000000	35250000	1.08092
chr9	35250000	35500000	0.983679
chr9	35500000	35750000	1.16527
chr9	35750000	36000000	1.16889
chr9	36000000	36250000	1.02026
chr9	36250000	36500000	0.932704
chr9	36500000	36750000	0.899294
chr9	36750000	37000000	0.859101
chr9	37000000	37250000	0.839597
chr9	37250000	37500000	0.77364
chr9	37500000	37750000	0.684352
chr9	37750000	38000000	0.577969
chr9	38000000	38250000	0.525706
chr9	38250000	38500000	0.408717
chr9	38500000	38750000	0.222506
chr9	38750000	39000000	nan
chr9	39000000	39250000	nan
chr9	39250000	39500000	nan
chr9	39500000	39750000	nan
chr9	39750000	40000000	nan
chr9	40000000	40250000	nan
chr9	40250000	40500000	nan
chr9	40500000	40750000	nan
chr9	40750000	41000000	nan
chr9	41000000	41250000	nan
chr9	41250000	41500000	nan
chr9	41500000	41750000	nan
chr9	41750000	42000000	nan
chr9	42000000	42250000	nan
chr9	42250000	42500000	-0.315343
chr9	42500000	42750000	nan
chr9	42750000	43000000	nan
chr9	43000000	43250000	nan
chr9	43250000	43500000	nan
chr9	43500000	43750000	nan
chr9	43750000	44000000	nan
chr9	44000000	44250000	nan
chr9	44250000	44500000	nan
chr9	44500000	44750000	nan
chr9	44750000	45000000	nan
chr9	45000000	45250000	nan
chr9	45250000	45500000	nan
chr9	45500000	45750000	nan
chr9	45750000	46000000	nan
chr9	46000000	46250000	nan
chr9	46250000	46500000	nan
chr9	46500000	46750000	nan
chr9	46750000	47000000	nan
chr9	47000000	47250000	nan
chr9	47250000	47500000	nan
chr9	47500000	47750000	nan
chr9	47750000	48000000	nan
chr9	48000000	48250000	nan
chr9	48250000	48500000	nan
chr9	48500000	48750000	nan
chr9	48750000	49000000	nan
chr9	49000000	49250000	nan
chr9	49250000	49500000	nan
chr9	49500000	49750000	nan
chr9	49750000	50000000	nan
chr9	50000000	50250000	nan
chr9	50250000	50500000	nan
chr9	50500000	50750000	nan
chr9	50750000	51000000	nan
chr9	51000000	51250000	nan
chr9	51250000	51500000	nan
chr9	51500000	51750000	nan
chr9	51750000	52000000	nan
chr9	52000000	52250000	nan
chr9	52250000	52500000	nan
chr9	52500000	52750000	nan
chr9	52750000	53000000	nan
chr9	53000000	53250000	nan
chr9	53250000	53500000	nan
chr9	53500000	53750000	nan
chr9	53750000	54000000	nan
chr9	54000000	54250000	nan
chr9	54250000	54500000	nan
chr9	54500000	54750000	nan
chr9	54750000	55000000	nan
chr9	55000000	55250000	nan
chr9	55250000	55500000	nan
chr9	55500000	55750000	nan
chr9	55750000	56000000	nan
chr9	56000000	56250000	nan
chr9	56250000	56500000	nan
chr9	56500000	56750000	nan
chr9	56750000	57000000	nan
chr9	57000000	57250000	nan
chr9	57250000	57500000	nan
chr9	57500000	57750000	nan
chr9	57750000	58000000	nan
chr9	58000000	58250000	nan
chr9	58250000	58500000	nan
chr9	58500000	58750000	nan
chr9	58750000	59000000	nan
chr9	59000000	59250000	nan
chr9	59250000	59500000	nan
chr9	59500000	59750000	nan
chr9	59750000	60000000	nan
chr9	60000000	60250000	nan
chr9	60250000	60500000	nan
chr9	60500000	60750000	nan
chr9	60750000	61000000	nan
chr9	61000000	61250000	nan
chr9	61250000	61500000	nan
chr9	61500000	61750000	nan
chr9	61750000	62000000	nan
chr9	62000000	62250000	nan
chr9	62250000	62500000	nan
chr9	62500000	62750000	nan
chr9	62750000	63000000	nan
chr9	63000000	63250000	nan
chr9	63250000	63500000	nan
chr9	63500000	63750000	nan
chr9	63750000	64000000	nan
chr9	64000000	64250000	nan
chr9	64250000	64500000	nan
chr9	64500000	64750000	nan
chr9	64750000	65000000	nan
chr9	65000000	65250000	nan
chr9	65250000	65500000	nan
chr9	65500000	65750000	nan
chr9	65750000	66000000	nan
chr9	66000000	66250000	nan
chr9	66250000	66500000	nan
chr9	66500000	66750000	nan
chr9	66750000	67000000	nan
chr9	67000000	67250000	nan
chr9	67250000	67500000	nan
chr9	67500000	67750000	nan
chr9	67750000	68000000	nan
chr9	68000000	68250000	nan
chr9	68250000	68500000	nan
chr9	68500000	68750000	0.198775
chr9	68750000	69000000	0.271637
chr9	69000000	69250000	0.45491
chr9	69250000	69500000	0.348246
chr9	69500000	69750000	0.212155
chr9	69750000	70000000	0.157963
chr9	70000000	70250000	0.0218191
chr9	70250000	70500000	-0.00832096
chr9	70500000	70750000	-0.189205
chr9	70750000	71000000	-0.368039
chr9	71000000	71250000	-0.330437
chr9	71250000	71500000	-0.233228
chr9	71500000	71750000	-0.0667999
chr9	71750000	72000000	0.0585652
chr9	72000000	72250000	-0.205782
chr9	72250000	72500000	-0.218926
chr9	72500000	72750000	-0.273989
chr9	72750000	73000000	-0.402205
chr9	73000000	73250000	-0.423261
chr9	73250000	73500000	-0.658697
chr9	73500000	73750000	-0.454034
chr9	73750000	74000000	-0.512052
chr9	74000000	74250000	-0.486605
chr9	74250000	74500000	-0.521262
chr9	74500000	74750000	-0.499212
chr9	74750000	75000000	-0.529256
chr9	75000000	75250000	-0.452693
chr9	75250000	75500000	-0.591932
chr9	75500000	75750000	-0.673093
chr9	75750000	76000000	-0.499876
chr9	76000000	76250000	-0.486336
chr9	76250000	76500000	-0.326081
chr9	76500000	76750000	-0.242149
chr9	76750000	77000000	-0.1602
chr9	77000000	77250000	-3.86669e-05
chr9	77250000	77500000	0.0780866
chr9	77500000	77750000	0.0916081
chr9	77750000	78000000	0.133498
chr9	78000000	78250000	-0.0989154
chr9	78250000	78500000	-0.453598
chr9	78500000	78750000	-0.827104
chr9	78750000	79000000	-0.84295
chr9	79000000	79250000	-0.74517
chr9	79250000	79500000	-0.639148
chr9	79500000	79750000	-0.599976
chr9	79750000	80000000	-0.638628
chr9	80000000	80250000	-0.577046
chr9	80250000	80500000	-0.655009
chr9	80500000	80750000	-0.592385
chr9	80750000	81000000	-0.618011
chr9	81000000	81250000	-0.605427
chr9	81250000	81500000	-0.536127
chr9	81500000	81750000	-0.337034
chr9	81750000	82000000	-0.438237
chr9	82000000	82250000	-0.543064
chr9	82250000	82500000	-0.587972
chr9	82500000	82750000	-0.548118
chr9	82750000	83000000	-0.502266
chr9	83000000	83250000	-0.62203
chr9	83250000	83500000	-0.675149
chr9	83500000	83750000	-0.480045
chr9	83750000	84000000	-0.314894
chr9	84000000	84250000	-0.32797
chr9	84250000	84500000	-0.259364
chr9	84500000	84750000	-0.368142
chr9	84750000	85000000	-0.364443
chr9	85000000	85250000	-0.3762
chr9	85250000	85500000	-0.334398
chr9	85500000	85750000	-0.197566
chr9	85750000	86000000	0.0349829
chr9	86000000	86250000	0.175146
chr9	86250000	86500000	0.173313
chr9	86500000	86750000	0.0781034
chr9	86750000	87000000	0.0883331
chr9	87000000	87250000	0.0843041
chr9	87250000	87500000	0.28096
chr9	87500000	87750000	0.351297
chr9	87750000	88000000	0.345703
chr9	88000000	88250000	0.362345
chr9	88250000	88500000	0.498333
chr9	88500000	88750000	0.319636
chr9	88750000	89000000	0.236023
chr9	89000000	89250000	0.314229
chr9	89250000	89500000	0.502925
chr9	89500000	89750000	0.377805
chr9	89750000	90000000	0.289238
chr9	90000000	90250000	0.178858
chr9	90250000	90500000	0.0367252
chr9	90500000	90750000	0.0235108
chr9	90750000	91000000	0.158044
chr9	91000000	91250000	0.196988
chr9	91250000	91500000	0.219818
chr9	91500000	91750000	0.205766
chr9	91750000	92000000	0.407348
chr9	92000000	92250000	0.58735
chr9	92250000	92500000	0.664165
chr9	92500000	92750000	0.705327
chr9	92750000	93000000	0.775228
chr9	93000000	93250000	0.839124
chr9	93250000	93500000	0.855853
chr9	93500000	93750000	0.801289
chr9	93750000	94000000	0.734774
chr9	94000000	94250000	0.67719
chr9	94250000	94500000	0.622325
chr9	94500000	94750000	0.572653
chr9	94750000	95000000	0.57206
chr9	95000000	95250000	0.540922
chr9	95250000	95500000	0.574331
chr9	95500000	95750000	0.544817
chr9	95750000	96000000	0.562524
chr9	96000000	96250000	0.566267
chr9	96250000	96500000	0.605832
chr9	96500000	96750000	0.629595
chr9	96750000	97000000	0.592261
chr9	97000000	97250000	0.616051
chr9	97250000	97500000	0.609189
chr9	97500000	97750000	0.699751
chr9	97750000	98000000	0.641624
chr9	98000000	98250000	0.583033
chr9	98250000	98500000	0.361789
chr9	98500000	98750000	0.331928
chr9	98750000	99000000	0.193577
chr9	99000000	99250000	0.0553338
chr9	99250000	99500000	-0.194769
chr9	99500000	99750000	-0.290861
chr9	99750000	100000000	-0.158297
chr9	100000000	100250000	-0.136413
chr9	100250000	100500000	-0.158472
chr9	100500000	100750000	-0.4557
chr9	100750000	101000000	-0.873652
chr9	101000000	101250000	-0.773924
chr9	101250000	101500000	-0.591642
chr9	101500000	101750000	-0.71834
chr9	101750000	102000000	-0.812863
chr9	102000000	102250000	-0.838437
chr9	102250000	102500000	-0.752698
chr9	102500000	102750000	-0.691829
chr9	102750000	103000000	-0.764349
chr9	103000000	103250000	-0.638964
chr9	103250000	103500000	-0.662795
chr9	103500000	103750000	-0.773053
chr9	103750000	104000000	-0.786283
chr9	104000000	104250000	-0.703752
chr9	104250000	104500000	-0.81458
chr9	104500000	104750000	-0.78804
chr9	104750000	105000000	-0.466645
chr9	105000000	105250000	-0.461463
chr9	105250000	105500000	-0.461213
chr9	105500000	105750000	-0.650448
chr9	105750000	106000000	-0.6309
chr9	106000000	106250000	-0.725526
chr9	106250000	106500000	-0.634616
chr9	106500000	106750000	-0.594907
chr9	106750000	107000000	-0.506523
chr9	107000000	107250000	-0.365443
chr9	107250000	107500000	-0.172356
chr9	107500000	107750000	-0.271386
chr9	107750000	108000000	-0.356084
chr9	108000000	108250000	-0.405509
chr9	108250000	108500000	-0.421562
chr9	108500000	108750000	-0.39898
chr9	108750000	109000000	-0.150688
chr9	109000000	109250000	0.0597324
chr9	109250000	109500000	-0.010472
chr9	109500000	109750000	-0.197812
chr9	109750000	110000000	-0.234202
chr9	110000000	110250000	-0.200389
chr9	110250000	110500000	-0.385734
chr9	110500000	110750000	-0.390711
chr9	110750000	111000000	-0.435391
chr9	111000000	111250000	-0.438287
chr9	111250000	111500000	-0.0530018
chr9	111500000	111750000	0.201508
chr9	111750000	112000000	0.203088
chr9	112000000	112250000	0.312156
chr9	112250000	112500000	0.337566
chr9	112500000	112750000	0.36482
chr9	112750000	113000000	0.491444
chr9	113000000	113250000	0.639993
chr9	113250000	113500000	0.653527
chr9	113500000	113750000	0.561818
chr9	113750000	114000000	0.411145
chr9	114000000	114250000	0.45333
chr9	114250000	114500000	0.190572
chr9	114500000	114750000	-0.0917016
chr9	114750000	115000000	-0.349648
chr9	115000000	115250000	-0.451286
chr9	115250000	115500000	-0.552659
chr9	115500000	115750000	-0.590307
chr9	115750000	116000000	-0.834216
chr9	116000000	116250000	-0.680681
chr9	116250000	116500000	-0.632772
chr9	116500000	116750000	-0.520855
chr9	116750000	117000000	-0.600769
chr9	117000000	117250000	-0.67887
chr9	117250000	117500000	-0.652351
chr9	117500000	117750000	-0.687166
chr9	117750000	118000000	-0.744524
chr9	118000000	118250000	-0.772798
chr9	118250000	118500000	-0.783391
chr9	118500000	118750000	-0.660517
chr9	118750000	119000000	-0.740868
chr9	119000000	119250000	-0.698146
chr9	119250000	119500000	-0.568971
chr9	119500000	119750000	-0.689824
chr9	119750000	120000000	-0.736237
chr9	120000000	120250000	-0.6812
chr9	120250000	120500000	-0.467211
chr9	120500000	120750000	-0.0571031
chr9	120750000	121000000	0.256994
chr9	121000000	121250000	0.256875
chr9	121250000	121500000	0.376751
chr9	121500000	121750000	0.474348
chr9	121750000	122000000	0.451213
chr9	122000000	122250000	0.382039
chr9	122250000	122500000	0.218003
chr9	122500000	122750000	-0.0197807
chr9	122750000	123000000	0.300338
chr9	123000000	123250000	0.453265
chr9	123250000	123500000	0.474611
chr9	123500000	123750000	0.426427
chr9	123750000	124000000	0.438717
chr9	124000000	124250000	0.513548
chr9	124250000	124500000	0.626837
chr9	124500000	124750000	0.563585
chr9	124750000	125000000	0.609315
chr9	125000000	125250000	0.607098
chr9	125250000	125500000	0.522471
chr9	125500000	125750000	0.478131
chr9	125750000	126000000	0.483313
chr9	126000000	126250000	0.476094
chr9	126250000	126500000	0.540605
chr9	126500000	126750000	0.69936
chr9	126750000	127000000	0.716745
chr9	127000000	127250000	0.784413
chr9	127250000	127500000	0.786236
chr9	127500000	127750000	0.803699
chr9	127750000	128000000	0.80259
chr9	128000000	128250000	0.765175
chr9	128250000	128500000	0.706879
chr9	128500000	128750000	0.660085
chr9	128750000	129000000	0.666188
chr9	129000000	129250000	0.657468
chr9	129250000	129500000	0.663462
chr9	129500000	129750000	0.658276
chr9	129750000	130000000	0.655664
chr9	130000000	130250000	0.65512
chr9	130250000	130500000	0.658627
chr9	130500000	130750000	0.641335
chr9	130750000	131000000	0.6499
chr9	131000000	131250000	0.650753
chr9	131250000	131500000	0.609836
chr9	131500000	131750000	0.606789
chr9	131750000	132000000	0.625869
chr9	132000000	132250000	0.658526
chr9	132250000	132500000	0.70582
chr9	132500000	132750000	0.780201
chr9	132750000	133000000	0.790266
chr9	133000000	133250000	0.842371
chr9	133250000	133500000	0.826172
chr9	133500000	133750000	0.734536
chr9	133750000	134000000	0.738915
chr9	134000000	134250000	0.699377
chr9	134250000	134500000	0.661579
chr9	134500000	134750000	0.638699
chr9	134750000	135000000	0.646325
chr9	135000000	135250000	0.652919
chr9	135250000	135500000	0.687955
chr9	135500000	135750000	0.701241
chr9	135750000	136000000	0.79761
chr9	136000000	136250000	0.764319
chr9	136250000	136500000	nan
chr9	136500000	136750000	0.786054
chr9	136750000	137000000	0.876624
chr9	137000000	137250000	0.916878
chr9	137250000	137500000	0.936395
chr9	137500000	137750000	0.988015
chr9	137750000	138000000	0.927045
chr9	138000000	138250000	nan
chr9	138250000	138394717	nan
#bedGraph section chrX:0-156040895
chrX	0	250000	nan
chrX	250000	500000	0.740334
chrX	500000	750000	0.758023
chrX	750000	1000000	0.758035
chrX	1000000	1250000	0.668942
chrX	1250000	1500000	0.822641
chrX	1500000	1750000	0.631906
chrX	1750000	2000000	0.613962
chrX	2000000	2250000	0.623949
chrX	2250000	2500000	0.63861
chrX	2500000	2750000	0.600926
chrX	2750000	3000000	0.990357
chrX	3000000	3250000	0.869753
chrX	3250000	3500000	0.847798
chrX	3500000	3750000	0.859947
chrX	3750000	4000000	0.302507
chrX	4000000	4250000	-0.371314
chrX	4250000	4500000	-0.303916
chrX	4500000	4750000	-0.398215
chrX	4750000	5000000	-0.440563
chrX	5000000	5250000	-0.3864
chrX	5250000	5500000	-0.469562
chrX	5500000	5750000	-0.40523
chrX	5750000	6000000	-0.279132
chrX	6000000	6250000	0.0275297
chrX	6250000	6500000	-0.124488
chrX	6500000	6750000	-0.203596
chrX	6750000	7000000	-0.161894
chrX	7000000	7250000	-0.168036
chrX	7250000	7500000	-0.3166
chrX	7500000	7750000	-0.354123
chrX	7750000	8000000	-0.307133
chrX	8000000	8250000	-0.0737388
chrX	8250000	8500000	-0.0997039
chrX	8500000	8750000	0.133911
chrX	8750000	9000000	0.13804
chrX	9000000	9250000	0.267181
chrX	9250000	9500000	0.26858
chrX	9500000	9750000	0.372008
chrX	9750000	10000000	0.48141
chrX	10000000	10250000	0.280426
chrX	10250000	10500000	-0.137784
chrX	10500000	10750000	-0.063111
chrX	10750000	11000000	-0.382353
chrX	11000000	11250000	-0.378227
chrX	11250000	11500000	-0.479977
chrX	11500000	11750000	-0.39613
chrX	11750000	12000000	-0.430227
chrX	12000000	12250000	-0.431584
chrX	12250000	12500000	-0.428671
chrX	12500000	12750000	-0.382043
chrX	12750000	13000000	-0.0666356
chrX	13000000	13250000	0.0983877
chrX	13250000	13500000	0.0636344
chrX	13500000	13750000	0.120646
chrX	13750000	14000000	0.146243
chrX	14000000	14250000	-0.310845
chrX	14250000	14500000	-0.479626
chrX	14500000	14750000	-0.410934
chrX	14750000	15000000	-0.399799
chrX	15000000	15250000	-0.401219
chrX	15250000	15500000	-0.0692112
chrX	15500000	15750000	0.14098
chrX	15750000	16000000	0.5365
chrX	16000000	16250000	0.624574
chrX	16250000	16500000	0.606699
chrX	16500000	16750000	0.711975
chrX	16750000	17000000	0.833856
chrX	17000000	17250000	0.600671
chrX	17250000	17500000	0.556336
chrX	17500000	17750000	0.547789
chrX	17750000	18000000	0.444911
chrX	18000000	18250000	0.445041
chrX	18250000	18500000	0.601596
chrX	18500000	18750000	0.654692
chrX	18750000	19000000	0.542859
chrX	19000000	19250000	0.604981
chrX	19250000	19500000	0.448574
chrX	19500000	19750000	0.482855
chrX	19750000	20000000	0.432849
chrX	20000000	20250000	0.213247
chrX	20250000	20500000	-0.128433
chrX	20500000	20750000	-0.269329
chrX	20750000	21000000	-0.359526
chrX	21000000	21250000	-0.33465
chrX	21250000	21500000	-0.311715
chrX	21500000	21750000	-0.192252
chrX	21750000	22000000	0.103795
chrX	22000000	22250000	0.0199831
chrX	22250000	22500000	-0.123735
chrX	22500000	22750000	-0.18217
chrX	22750000	23000000	-0.173707
chrX	23000000	23250000	-0.110385
chrX	23250000	23500000	0.0268994
chrX	23500000	23750000	0.301609
chrX	23750000	24000000	0.618869
chrX	24000000	24250000	0.733611
chrX	24250000	24500000	0.505985
chrX	24500000	24750000	0.534401
chrX	24750000	25000000	0.210229
chrX	25000000	25250000	-0.399699
chrX	25250000	25500000	-0.737262
chrX	25500000	25750000	-0.76325
chrX	25750000	26000000	-0.783908
chrX	26000000	26250000	-0.685384
chrX	26250000	26500000	-0.604638
chrX	26500000	26750000	-0.552497
chrX	26750000	27000000	-0.630324
chrX	27000000	27250000	-0.682143
chrX	27250000	27500000	-0.641416
chrX	27500000	27750000	-0.603215
chrX	27750000	28000000	-0.558982
chrX	28000000	28250000	-0.501163
chrX	28250000	28500000	-0.479617
chrX	28500000	28750000	-0.422331
chrX	28750000	29000000	-0.532743
chrX	29000000	29250000	-0.380818
chrX	29250000	29500000	-0.392988
chrX	29500000	29750000	-0.497104
chrX	29750000	30000000	-0.492343
chrX	30000000	30250000	-0.395557
chrX	30250000	30500000	-0.48102
chrX	30500000	30750000	-0.322059
chrX	30750000	31000000	-0.348337
chrX	31000000	31250000	-0.462387
chrX	31250000	31500000	-0.450608
chrX	31500000	31750000	-0.571387
chrX	31750000	32000000	-0.645053
chrX	32000000	32250000	-0.617032
chrX	32250000	32500000	-0.553633
chrX	32500000	32750000	-0.532567
chrX	32750000	33000000	-0.533925
chrX	33000000	33250000	-0.418512
chrX	33250000	33500000	-0.480801
chrX	33500000	33750000	-0.594348
chrX	33750000	34000000	-0.605253
chrX	34000000	34250000	-0.598324
chrX	34250000	34500000	-0.427798
chrX	34500000	34750000	-0.372186
chrX	34750000	35000000	-0.495723
chrX	35000000	35250000	-0.538858
chrX	35250000	35500000	-0.505345
chrX	35500000	35750000	-0.46604
chrX	35750000	36000000	-0.42955
chrX	36000000	36250000	-0.625084
chrX	36250000	36500000	-0.637088
chrX	36500000	36750000	-0.645942
chrX	36750000	37000000	-0.488426
chrX	37000000	37250000	nan
chrX	37250000	37500000	-0.304312
chrX	37500000	37750000	-0.416287
chrX	37750000	38000000	-0.382168
chrX	38000000	38250000	-0.371697
chrX	38250000	38500000	-0.0614254
chrX	38500000	38750000	0.06479
chrX	38750000	39000000	0.275088
chrX	39000000	39250000	0.233018
chrX	39250000	39500000	0.25065
chrX	39500000	39750000	0.45709
chrX	39750000	40000000	0.650351
chrX	40000000	40250000	0.742577
chrX	40250000	40500000	0.671121
chrX	40500000	40750000	0.801508
chrX	40750000	41000000	0.99089
chrX	41000000	41250000	0.970947
chrX	41250000	41500000	0.750426
chrX	41500000	41750000	0.574505
chrX	41750000	42000000	0.318603
chrX	42000000	42250000	0.206867
chrX	42250000	42500000	0.14958
chrX	42500000	42750000	0.17031
chrX	42750000	43000000	0.280299
chrX	43000000	43250000	0.221288
chrX	43250000	43500000	0.200221
chrX	43500000	43750000	0.241355
chrX	43750000	44000000	0.319297
chrX	44000000	44250000	0.405244
chrX	44250000	44500000	0.430129
chrX	44500000	44750000	0.439252
chrX	44750000	45000000	0.66549
chrX	45000000	45250000	0.678645
chrX	45250000	45500000	0.551714
chrX	45500000	45750000	0.612444
chrX	45750000	46000000	0.703399
chrX	46000000	46250000	0.658671
chrX	46250000	46500000	0.641506
chrX	46500000	46750000	0.971905
chrX	46750000	47000000	1.06399
chrX	47000000	47250000	1.00618
chrX	47250000	47500000	1.02283
chrX	47500000	47750000	0.941423
chrX	47750000	48000000	0.969997
chrX	48000000	48250000	0.901567
chrX	48250000	48500000	0.872302
chrX	48500000	48750000	0.852975
chrX	48750000	49000000	0.97986
chrX	49000000	49250000	0.917214
chrX	49250000	49500000	nan
chrX	49500000	49750000	nan
chrX	49750000	50000000	0.683569
chrX	50000000	50250000	0.73162
chrX	50250000	50500000	0.67228
chrX	50500000	50750000	0.66437
chrX	50750000	51000000	0.639899
chrX	51000000	51250000	0.512134
chrX	51250000	51500000	0.646648
chrX	51500000	51750000	0.721522
chrX	51750000	52000000	0.755315
chrX	52000000	52250000	nan
chrX	52250000	52500000	0.546193
chrX	52500000	52750000	nan
chrX	52750000	53000000	nan
chrX	53000000	53250000	0.877543
chrX	53250000	53500000	0.969087
chrX	53500000	53750000	0.929599
chrX	53750000	54000000	0.769344
chrX	54000000	54250000	0.811944
chrX	54250000	54500000	0.80255
chrX	54500000	54750000	0.72987
chrX	54750000	55000000	0.575745
chrX	55000000	55250000	0.434047
chrX	55250000	55500000	0.407956
chrX	55500000	55750000	0.33082
chrX	55750000	56000000	0.343447
chrX	56000000	56250000	0.370057
chrX	56250000	56500000	0.32455
chrX	56500000	56750000	0.397697
chrX	56750000	57000000	0.388036
chrX	57000000	57250000	0.429467
chrX	57250000	57500000	0.43976
chrX	57500000	57750000	0.368168
chrX	57750000	58000000	0.371176
chrX	58000000	58250000	nan
chrX	58250000	58500000	nan
chrX	58500000	58750000	nan
chrX	58750000	59000000	nan
chrX	59000000	59250000	nan
chrX	59250000	59500000	nan
chrX	59500000	59750000	nan
chrX	59750000	60000000	nan
chrX	60000000	60250000	nan
chrX	60250000	60500000	nan
chrX	60500000	60750000	nan
chrX	60750000	61000000	nan
chrX	61000000	61250000	nan
chrX	61250000	61500000	nan
chrX	61500000	61750000	nan
chrX	61750000	62000000	nan
chrX	62000000	62250000	nan
chrX	62250000	62500000	nan
chrX	62500000	62750000	nan
chrX	62750000	63000000	nan
chrX	63000000	63250000	nan
chrX	63250000	63500000	0.454623
chrX	63500000	63750000	0.47961
chrX	63750000	64000000	0.291472
chrX	64000000	64250000	0.153552
chrX	64250000	64500000	0.142365
chrX	64500000	64750000	0.137197
chrX	64750000	65000000	0.192947
chrX	65000000	65250000	0.206019
chrX	65250000	65500000	0.261535
chrX	65500000	65750000	0.288348
chrX	65750000	66000000	0.0998583
chrX	66000000	66250000	0.0425825
chrX	66250000	66500000	-0.0963838
chrX	66500000	66750000	-0.0731565
chrX	66750000	67000000	-0.133968
chrX	67000000	67250000	-0.141856
chrX	67250000	67500000	-0.164824
chrX	67500000	67750000	-0.0396363
chrX	67750000	68000000	-0.14486
chrX	68000000	68250000	0.041131
chrX	68250000	68500000	0.295225
chrX	68500000	68750000	0.412314
chrX	68750000	69000000	0.549148
chrX	69000000	69250000	0.66508
chrX	69250000	69500000	0.505389
chrX	69500000	69750000	0.574355
chrX	69750000	70000000	0.533177
chrX	70000000	70250000	0.712081
chrX	70250000	70500000	1.03906
chrX	70500000	70750000	1.00606
chrX	70750000	71000000	1.04042
chrX	71000000	71250000	1.17064
chrX	71250000	71500000	1.16057
chrX	71500000	71750000	nan
chrX	71750000	72000000	1.06707
chrX	72000000	72250000	1.11403
chrX	72250000	72500000	0.826801
chrX	72500000	72750000	0.772014
chrX	72750000	73000000	nan
chrX	73000000	73250000	0.449456
chrX	73250000	73500000	0.384473
chrX	73500000	73750000	0.542406
chrX	73750000	74000000	0.523833
chrX	74000000	74250000	0.545267
chrX	74250000	74500000	0.551651
chrX	74500000	74750000	0.188016
chrX	74750000	75000000	0.0427176
chrX	75000000	75250000	0.134929
chrX	75250000	75500000	0.102889
chrX	75500000	75750000	0.0114792
chrX	75750000	76000000	-0.0871139
chrX	76000000	76250000	-0.0417974
chrX	76250000	76500000	-0.135765
chrX	76500000	76750000	-0.182712
chrX	76750000	77000000	-0.186057
chrX	77000000	77250000	-0.164613
chrX	77250000	77500000	-0.0222523
chrX	77500000	77750000	0.431648
chrX	77750000	78000000	0.342287
chrX	78000000	78250000	-0.0718937
chrX	78250000	78500000	-0.492805
chrX	78500000	78750000	-0.4346
chrX	78750000	79000000	-0.514211
chrX	79000000	79250000	-0.456673
chrX	79250000	79500000	-0.407416
chrX	79500000	79750000	-0.520214
chrX	79750000	80000000	-0.598598
chrX	80000000	80250000	-0.486703
chrX	80250000	80500000	-0.503352
chrX	80500000	80750000	-0.453733
chrX	80750000	81000000	-0.450293
chrX	81000000	81250000	-0.478347
chrX	81250000	81500000	-0.415381
chrX	81500000	81750000	-0.591622
chrX	81750000	82000000	-0.515383
chrX	82000000	82250000	-0.479432
chrX	82250000	82500000	-0.524806
chrX	82500000	82750000	-0.47371
chrX	82750000	83000000	-0.451845
chrX	83000000	83250000	-0.511521
chrX	83250000	83500000	-0.505637
chrX	83500000	83750000	-0.431312
chrX	83750000	84000000	-0.430549
chrX	84000000	84250000	-0.448212
chrX	84250000	84500000	-0.521004
chrX	84500000	84750000	-0.533495
chrX	84750000	85000000	-0.519903
chrX	85000000	85250000	-0.434129
chrX	85250000	85500000	-0.56044
chrX	85500000	85750000	-0.544594
chrX	85750000	86000000	-0.446139
chrX	86000000	86250000	-0.410877
chrX	86250000	86500000	-0.603387
chrX	86500000	86750000	-0.609798
chrX	86750000	87000000	-0.524293
chrX	87000000	87250000	-0.511498
chrX	87250000	87500000	-0.443487
chrX	87500000	87750000	-0.302077
chrX	87750000	88000000	-0.482524
chrX	88000000	88250000	-0.473592
chrX	88250000	88500000	-0.525938
chrX	88500000	88750000	-0.491124
chrX	88750000	89000000	-0.531492
chrX	89000000	89250000	-0.467556
chrX	89250000	89500000	nan
chrX	89500000	89750000	nan
chrX	89750000	90000000	nan
chrX	90000000	90250000	-0.486215
chrX	90250000	90500000	nan
chrX	90500000	90750000	nan
chrX	90750000	91000000	nan
chrX	91000000	91250000	nan
chrX	91250000	91500000	-0.751964
chrX	91500000	91750000	nan
chrX	91750000	92000000	nan
chrX	92000000	92250000	-0.0937889
chrX	92250000	92500000	nan
chrX	92500000	92750000	nan
chrX	92750000	93000000	nan
chrX	93000000	93250000	-0.535075
chrX	93250000	93500000	-0.543449
chrX	93500000	93750000	-0.439832
chrX	93750000	94000000	-0.413561
chrX	94000000	94250000	-0.341786
chrX	94250000	94500000	-0.257873
chrX	94500000	94750000	-0.241706
chrX	94750000	95000000	-0.470619
chrX	95000000	95250000	-0.527135
chrX	95250000	95500000	-0.562884
chrX	95500000	95750000	-0.635971
chrX	95750000	96000000	-0.614185
chrX	96000000	96250000	-0.647138
chrX	96250000	96500000	-0.555746
chrX	96500000	96750000	-0.446644
chrX	96750000	97000000	-0.276966
chrX	97000000	97250000	0.0253545
chrX	97250000	97500000	0.250072
chrX	97500000	97750000	0.0513289
chrX	97750000	98000000	-0.0167763
chrX	98000000	98250000	-0.00629307
chrX	98250000	98500000	-0.0656226
chrX	98500000	98750000	-0.0456331
chrX	98750000	99000000	-0.279094
chrX	99000000	99250000	-0.442424
chrX	99250000	99500000	-0.486698
chrX	99500000	99750000	-0.535864
chrX	99750000	100000000	-0.544671
chrX	100000000	100250000	-0.516418
chrX	100250000	100500000	-0.284365
chrX	100500000	100750000	0.105225
chrX	100750000	101000000	0.619246
chrX	101000000	101250000	0.983773
chrX	101250000	101500000	0.928757
chrX	101500000	101750000	0.828926
chrX	101750000	102000000	0.635134
chrX	102000000	102250000	0.483205
chrX	102250000	102500000	nan
chrX	102500000	102750000	0.735863
chrX	102750000	103000000	0.906436
chrX	103000000	103250000	0.95643
chrX	103250000	103500000	1.28273
chrX	103500000	103750000	1.13678
chrX	103750000	104000000	0.820243
chrX	104000000	104250000	0.297955
chrX	104250000	104500000	-0.21162
chrX	104500000	104750000	-0.541761
chrX	104750000	105000000	-0.573442
chrX	105000000	105250000	-0.540014
chrX	105250000	105500000	-0.57964
chrX	105500000	105750000	-0.528997
chrX	105750000	106000000	-0.570222
chrX	106000000	106250000	-0.680358
chrX	106250000	106500000	-0.652091
chrX	106500000	106750000	-0.692744
chrX	106750000	107000000	-0.335374
chrX	107000000	107250000	-0.00494217
chrX	107250000	107500000	0.0223329
chrX	107500000	107750000	0.329524
chrX	107750000	108000000	0.266909
chrX	108000000	108250000	0.0429066
chrX	108250000	108500000	-0.0146829
chrX	108500000	108750000	-0.154835
chrX	108750000	109000000	-0.473615
chrX	109000000	109250000	-0.376413
chrX	109250000	109500000	-0.284932
chrX	109500000	109750000	-0.113268
chrX	109750000	110000000	-0.0238765
chrX	110000000	110250000	0.111644
chrX	110250000	110500000	0.022429
chrX	110500000	110750000	-0.175294
chrX	110750000	111000000	-0.132525
chrX	111000000	111250000	-0.0330879
chrX	111250000	111500000	0.0276992
chrX	111500000	111750000	0.142722
chrX	111750000	112000000	-0.0618305
chrX	112000000	112250000	-0.118772
chrX	112250000	112500000	-0.164649
chrX	112500000	112750000	-0.0701942
chrX	112750000	113000000	-0.115188
chrX	113000000	113250000	-0.194074
chrX	113250000	113500000	-0.132493
chrX	113500000	113750000	-0.168325
chrX	113750000	114000000	0.111916
chrX	114000000	114250000	0.318888
chrX	114250000	114500000	0.215208
chrX	114500000	114750000	0.21262
chrX	114750000	115000000	0.113611
chrX	115000000	115250000	0.21932
chrX	115250000	115500000	0.479283
chrX	115500000	115750000	0.650459
chrX	115750000	116000000	nan
chrX	116000000	116250000	-0.254447
chrX	116250000	116500000	-0.289812
chrX	116500000	116750000	-0.255747
chrX	116750000	117000000	-0.18904
chrX	117000000	117250000	-0.30921
chrX	117250000	117500000	-0.328047
chrX	117500000	117750000	-0.331876
chrX	117750000	118000000	-0.400209
chrX	118000000	118250000	-0.336986
chrX	118250000	118500000	0.20295
chrX	118500000	118750000	0.4316
chrX	118750000	119000000	0.469941
chrX	119000000	119250000	0.621051
chrX	119250000	119500000	0.93911
chrX	119500000	119750000	1.24681
chrX	119750000	120000000	1.06019
chrX	120000000	120250000	0.63475
chrX	120250000	120500000	0.211902
chrX	120500000	120750000	-0.208732
chrX	120750000	121000000	nan
chrX	121000000	121250000	-0.6449
chrX	121250000	121500000	-0.599173
chrX	121500000	121750000	-0.525398
chrX	121750000	122000000	-0.538615
chrX	122000000	122250000	-0.44726
chrX	122250000	122500000	-0.506823
chrX	122500000	122750000	-0.539776
chrX	122750000	123000000	-0.564976
chrX	123000000	123250000	-0.5215
chrX	123250000	123500000	-0.421601
chrX	123500000	123750000	0.170151
chrX	123750000	124000000	0.554155
chrX	124000000	124250000	0.205166
chrX	124250000	124500000	-0.390271
chrX	124500000	124750000	-0.591018
chrX	124750000	125000000	-0.599744
chrX	125000000	125250000	-0.485344
chrX	125250000	125500000	-0.432351
chrX	125500000	125750000	-0.67879
chrX	125750000	126000000	-0.624703
chrX	126000000	126250000	-0.615217
chrX	126250000	126500000	-0.602672
chrX	126500000	126750000	-0.644481
chrX	126750000	127000000	-0.641839
chrX	127000000	127250000	-0.607157
chrX	127250000	127500000	-0.644944
chrX	127500000	127750000	-0.639424
chrX	127750000	128000000	-0.681282
chrX	128000000	128250000	-0.663232
chrX	128250000	128500000	-0.75985
chrX	128500000	128750000	-0.728671
chrX	128750000	129000000	-0.635298
chrX	129000000	129250000	-0.429892
chrX	129250000	129500000	-0.140325
chrX	129500000	129750000	0.733051
chrX	129750000	130000000	0.896672
chrX	130000000	130250000	0.845131
chrX	130250000	130500000	0.530377
chrX	130500000	130750000	0.372751
chrX	130750000	131000000	0.291257
chrX	131000000	131250000	0.324325
chrX	131250000	131500000	0.325319
chrX	131500000	131750000	0.274805
chrX	131750000	132000000	0.338718
chrX	132000000	132250000	0.437628
chrX	132250000	132500000	0.381735
chrX	132500000	132750000	0.320218
chrX	132750000	133000000	0.578052
chrX	133000000	133250000	0.464954
chrX	133250000	133500000	0.986758
chrX	133500000	133750000	0.894762
chrX	133750000	134000000	0.810771
chrX	134000000	134250000	0.876436
chrX	134250000	134500000	0.916412
chrX	134500000	134750000	0.991799
chrX	134750000	135000000	0.947366
chrX	135000000	135250000	0.813802
chrX	135250000	135500000	0.728631
chrX	135500000	135750000	0.486696
chrX	135750000	136000000	nan
chrX	136000000	136250000	0.524444
chrX	136250000	136500000	0.290212
chrX	136500000	136750000	0.376887
chrX	136750000	137000000	0.447839
chrX	137000000	137250000	-0.0227957
chrX	137250000	137500000	-0.173309
chrX	137500000	137750000	-0.0234034
chrX	137750000	138000000	-0.126594
chrX	138000000	138250000	-0.329113
chrX	138250000	138500000	-0.589229
chrX	138500000	138750000	-0.452645
chrX	138750000	139000000	-0.485883
chrX	139000000	139250000	-0.456062
chrX	139250000	139500000	-0.474313
chrX	139500000	139750000	-0.30637
chrX	139750000	140000000	0.103597
chrX	140000000	140250000	-0.0891276
chrX	140250000	140500000	-0.0957665
chrX	140500000	140750000	-0.153087
chrX	140750000	141000000	-0.519691
chrX	141000000	141250000	nan
chrX	141250000	141500000	-0.561241
chrX	141500000	141750000	nan
chrX	141750000	142000000	-0.571162
chrX	142000000	142250000	-0.522234
chrX	142250000	142500000	-0.506243
chrX	142500000	142750000	-0.474189
chrX	142750000	143000000	-0.500063
chrX	143000000	143250000	-0.525703
chrX	143250000	143500000	-0.474913
chrX	143500000	143750000	-0.462093
chrX	143750000	144000000	-0.565718
chrX	144000000	144250000	nan
chrX	144250000	144500000	-0.516788
chrX	144500000	144750000	-0.581217
chrX	144750000	145000000	-0.632299
chrX	145000000	145250000	-0.571496
chrX	145250000	145500000	-0.565579
chrX	145500000	145750000	-0.598371
chrX	145750000	146000000	-0.472398
chrX	146000000	146250000	-0.544743
chrX	146250000	146500000	-0.559339
chrX	146500000	146750000	-0.577063
chrX	146750000	147000000	-0.603038
chrX	147000000	147250000	-0.550254
chrX	147250000	147500000	-0.582657
chrX	147500000	147750000	-0.533216
chrX	147750000	148000000	-0.412
chrX	148000000	148250000	-0.43321
chrX	148250000	148500000	-0.461538
chrX	148500000	148750000	-0.468397
chrX	148750000	149000000	-0.556041
chrX	149000000	149250000	-0.623727
chrX	149250000	149500000	-0.500732
chrX	149500000	149750000	0.225657
chrX	149750000	150000000	0.500146
chrX	150000000	150250000	0.496735
chrX	150250000	150500000	0.509909
chrX	150500000	150750000	0.607027
chrX	150750000	151000000	0.808146
chrX	151000000	151250000	0.429698
chrX	151250000	151500000	0.378844
chrX	151500000	151750000	0.229788
chrX	151750000	152000000	0.120218
chrX	152000000	152250000	0.113361
chrX	152250000	152500000	0.14035
chrX	152500000	152750000	0.234105
chrX	152750000	153000000	0.919356
chrX	153000000	153250000	1.29069
chrX	153250000	153500000	1.28524
chrX	153500000	153750000	1.37786
chrX	153750000	154000000	1.3903
chrX	154000000	154250000	nan
chrX	154250000	154500000	nan
chrX	154500000	154750000	nan
chrX	154750000	155000000	1.29248
chrX	155000000	155250000	1.1695
chrX	155250000	155500000	nan
chrX	155500000	155750000	0.870457
chrX	155750000	156000000	0.688514
chrX	156000000	156040895	nan
#bedGraph section chrY:0-57227415
chrY	0	250000	nan
chrY	250000	500000	nan
chrY	500000	750000	nan
chrY	750000	1000000	nan
chrY	1000000	1250000	nan
chrY	1250000	1500000	nan
chrY	1500000	1750000	nan
chrY	1750000	2000000	nan
chrY	2000000	2250000	nan
chrY	2250000	2500000	nan
chrY	2500000	2750000	nan
chrY	2750000	3000000	-0.105855
chrY	3000000	3250000	-0.14347
chrY	3250000	3500000	-0.129089
chrY	3500000	3750000	-0.0847588
chrY	3750000	4000000	-0.151895
chrY	4000000	4250000	-0.0556861
chrY	4250000	4500000	-0.103344
chrY	4500000	4750000	-0.202585
chrY	4750000	5000000	-0.255696
chrY	5000000	5250000	-0.309039
chrY	5250000	5500000	-0.254403
chrY	5500000	5750000	-0.219821
chrY	5750000	6000000	-0.23131
chrY	6000000	6250000	-0.209944
chrY	6250000	6500000	nan
chrY	6500000	6750000	-0.215285
chrY	6750000	7000000	-0.140265
chrY	7000000	7250000	0.0476656
chrY	7250000	7500000	0.0598222
chrY	7500000	7750000	0.156459
chrY	7750000	8000000	0.113156
chrY	8000000	8250000	0.329226
chrY	8250000	8500000	0.357348
chrY	8500000	8750000	0.763692
chrY	8750000	9000000	1.14997
chrY	9000000	9250000	nan
chrY	9250000	9500000	nan
chrY	9500000	9750000	nan
chrY	9750000	10000000	nan
chrY	10000000	10250000	1.16248
chrY	10250000	10500000	nan
chrY	10500000	10750000	nan
chrY	10750000	11000000	0.475018
chrY	11000000	11250000	0.756159
chrY	11250000	11500000	0.293798
chrY	11500000	11750000	0.840283
chrY	11750000	12000000	1.20816
chrY	12000000	12250000	1.34081
chrY	12250000	12500000	0.848989
chrY	12500000	12750000	0.431031
chrY	12750000	13000000	-0.0446712
chrY	13000000	13250000	-0.06728
chrY	13250000	13500000	-0.225302
chrY	13500000	13750000	-0.0730352
chrY	13750000	14000000	-0.256489
chrY	14000000	14250000	-0.153423
chrY	14250000	14500000	-0.162023
chrY	14500000	14750000	-0.191221
chrY	14750000	15000000	-0.126298
chrY	15000000	15250000	-0.0929949
chrY	15250000	15500000	-0.0715415
chrY	15500000	15750000	-0.11522
chrY	15750000	16000000	-0.120914
chrY	16000000	16250000	0.00264194
chrY	16250000	16500000	0.0292868
chrY	16500000	16750000	0.11832
chrY	16750000	17000000	0.226337
chrY	17000000	17250000	0.188312
chrY	17250000	17500000	0.226135
chrY	17500000	17750000	nan
chrY	17750000	18000000	nan
chrY	18000000	18250000	nan
chrY	18250000	18500000	nan
chrY	18500000	18750000	nan
chrY	18750000	19000000	0.100866
chrY	19000000	19250000	0.3005
chrY	19250000	19500000	0.456541
chrY	19500000	19750000	0.544053
chrY	19750000	20000000	1.2441
chrY	20000000	20250000	nan
chrY	20250000	20500000	nan
chrY	20500000	20750000	0.957103
chrY	20750000	21000000	1.32601
chrY	21000000	21250000	1.45247
chrY	21250000	21500000	1.31927
chrY	21500000	21750000	nan
chrY	21750000	22000000	nan
chrY	22000000	22250000	nan
chrY	22250000	22500000	nan
chrY	22500000	22750000	nan
chrY	22750000	23000000	nan
chrY	23000000	23250000	nan
chrY	23250000	23500000	nan
chrY	23500000	23750000	nan
chrY	23750000	24000000	nan
chrY	24000000	24250000	nan
chrY	24250000	24500000	nan
chrY	24500000	24750000	nan
chrY	24750000	25000000	nan
chrY	25000000	25250000	nan
chrY	25250000	25500000	nan
chrY	25500000	25750000	nan
chrY	25750000	26000000	nan
chrY	26000000	26250000	nan
chrY	26250000	26500000	nan
chrY	26500000	26750000	nan
chrY	26750000	27000000	nan
chrY	27000000	27250000	nan
chrY	27250000	27500000	nan
chrY	27500000	27750000	nan
chrY	27750000	28000000	nan
chrY	28000000	28250000	nan
chrY	28250000	28500000	nan
chrY	28500000	28750000	nan
chrY	28750000	29000000	nan
chrY	29000000	29250000	nan
chrY	29250000	29500000	nan
chrY	29500000	29750000	nan
chrY	29750000	30000000	nan
chrY	30000000	30250000	nan
chrY	30250000	30500000	nan
chrY	30500000	30750000	nan
chrY	30750000	31000000	nan
chrY	31000000	31250000	nan
chrY	31250000	31500000	nan
chrY	31500000	31750000	nan
chrY	31750000	32000000	nan
chrY	32000000	32250000	nan
chrY	32250000	32500000	nan
chrY	32500000	32750000	nan
chrY	32750000	33000000	nan
chrY	33000000	33250000	nan
chrY	33250000	33500000	nan
chrY	33500000	33750000	nan
chrY	33750000	34000000	nan
chrY	34000000	34250000	nan
chrY	34250000	34500000	nan
chrY	34500000	34750000	nan
chrY	34750000	35000000	nan
chrY	35000000	35250000	nan
chrY	35250000	35500000	nan
chrY	35500000	35750000	nan
chrY	35750000	36000000	nan
chrY	36000000	36250000	nan
chrY	36250000	36500000	nan
chrY	36500000	36750000	nan
chrY	36750000	37000000	nan
chrY	37000000	37250000	nan
chrY	37250000	37500000	nan
chrY	37500000	37750000	nan
chrY	37750000	38000000	nan
chrY	38000000	38250000	nan
chrY	38250000	38500000	nan
chrY	38500000	38750000	nan
chrY	38750000	39000000	nan
chrY	39000000	39250000	nan
chrY	39250000	39500000	nan
chrY	39500000	39750000	nan
chrY	39750000	40000000	nan
chrY	40000000	40250000	nan
chrY	40250000	40500000	nan
chrY	40500000	40750000	nan
chrY	40750000	41000000	nan
chrY	41000000	41250000	nan
chrY	41250000	41500000	nan
chrY	41500000	41750000	nan
chrY	41750000	42000000	nan
chrY	42000000	42250000	nan
chrY	42250000	42500000	nan
chrY	42500000	42750000	nan
chrY	42750000	43000000	nan
chrY	43000000	43250000	nan
chrY	43250000	43500000	nan
chrY	43500000	43750000	nan
chrY	43750000	44000000	nan
chrY	44000000	44250000	nan
chrY	44250000	44500000	nan
chrY	44500000	44750000	nan
chrY	44750000	45000000	nan
chrY	45000000	45250000	nan
chrY	45250000	45500000	nan
chrY	45500000	45750000	nan
chrY	45750000	46000000	nan
chrY	46000000	46250000	nan
chrY	46250000	46500000	nan
chrY	46500000	46750000	nan
chrY	46750000	47000000	nan
chrY	47000000	47250000	nan
chrY	47250000	47500000	nan
chrY	47500000	47750000	nan
chrY	47750000	48000000	nan
chrY	48000000	48250000	nan
chrY	48250000	48500000	nan
chrY	48500000	48750000	nan
chrY	48750000	49000000	nan
chrY	49000000	49250000	nan
chrY	49250000	49500000	nan
chrY	49500000	49750000	nan
chrY	49750000	50000000	nan
chrY	50000000	50250000	nan
chrY	50250000	50500000	nan
chrY	50500000	50750000	nan
chrY	50750000	51000000	nan
chrY	51000000	51250000	nan
chrY	51250000	51500000	nan
chrY	51500000	51750000	nan
chrY	51750000	52000000	nan
chrY	52000000	52250000	nan
chrY	52250000	52500000	nan
chrY	52500000	52750000	nan
chrY	52750000	53000000	nan
chrY	53000000	53250000	nan
chrY	53250000	53500000	nan
chrY	53500000	53750000	nan
chrY	53750000	54000000	nan
chrY	54000000	54250000	nan
chrY	54250000	54500000	nan
chrY	54500000	54750000	nan
chrY	54750000	55000000	nan
chrY	55000000	55250000	nan
chrY	55250000	55500000	nan
chrY	55500000	55750000	nan
chrY	55750000	56000000	nan
chrY	56000000	56250000	nan
chrY	56250000	56500000	nan
chrY	56500000	56750000	nan
chrY	56750000	57000000	0.141153
chrY	57000000	57227415	nan
