#bedGraph section chr1:0-248956422
chr1	0	250000	nan
chr1	250000	500000	nan
chr1	500000	750000	nan
chr1	750000	1000000	1.08058
chr1	1000000	1250000	1.46409
chr1	1250000	1500000	1.53714
chr1	1500000	1750000	1.59606
chr1	1750000	2000000	1.16932
chr1	2000000	2250000	0.652114
chr1	2250000	2500000	0.711628
chr1	2500000	2750000	0.103382
chr1	2750000	3000000	-0.615051
chr1	3000000	3250000	-0.637685
chr1	3250000	3500000	-0.106896
chr1	3500000	3750000	0.493164
chr1	3750000	4000000	-0.178691
chr1	4000000	4250000	-0.76036
chr1	4250000	4500000	-0.725205
chr1	4500000	4750000	-0.64331
chr1	4750000	5000000	-0.734756
chr1	5000000	5250000	-0.816215
chr1	5250000	5500000	-0.723391
chr1	5500000	5750000	-0.737059
chr1	5750000	6000000	-0.26067
chr1	6000000	6250000	0.636516
chr1	6250000	6500000	0.960725
chr1	6500000	6750000	0.968793
chr1	6750000	7000000	0.443661
chr1	7000000	7250000	0.0570565
chr1	7250000	7500000	0.384454
chr1	7500000	7750000	0.0627073
chr1	7750000	8000000	0.44735
chr1	8000000	8250000	1.16771
chr1	8250000	8500000	1.1235
chr1	8500000	8750000	1.28821
chr1	8750000	9000000	1.14746
chr1	9000000	9250000	1.29462
chr1	9250000	9500000	1.26009
chr1	9500000	9750000	1.24254
chr1	9750000	10000000	1.19488
chr1	10000000	10250000	1.3503
chr1	10250000	10500000	1.05538
chr1	10500000	10750000	0.806827
chr1	10750000	11000000	0.648922
chr1	11000000	11250000	0.681295
chr1	11250000	11500000	-0.0893864
chr1	11500000	11750000	0.103424
chr1	11750000	12000000	0.930647
chr1	12000000	12250000	0.792967
chr1	12250000	12500000	0.580914
chr1	12500000	12750000	0.0744283
chr1	12750000	13000000	-0.838698
chr1	13000000	13250000	nan
chr1	13250000	13500000	-0.696282
chr1	13500000	13750000	-0.567378
chr1	13750000	14000000	-0.506127
chr1	14000000	14250000	-0.768287
chr1	14250000	14500000	-0.664643
chr1	14500000	14750000	-0.624229
chr1	14750000	15000000	-0.17942
chr1	15000000	15250000	0.0226605
chr1	15250000	15500000	0.502783
chr1	15500000	15750000	1.17539
chr1	15750000	16000000	1.40235
chr1	16000000	16250000	1.38363
chr1	16250000	16500000	1.23641
chr1	16500000	16750000	0.761743
chr1	16750000	17000000	0.823259
chr1	17000000	17250000	0.682826
chr1	17250000	17500000	0.45722
chr1	17500000	17750000	0.174461
chr1	17750000	18000000	-0.256685
chr1	18000000	18250000	-0.682162
chr1	18250000	18500000	-0.748142
chr1	18500000	18750000	-0.56146
chr1	18750000	19000000	0.0302259
chr1	19000000	19250000	0.939978
chr1	19250000	19500000	1.09229
chr1	19500000	19750000	0.958563
chr1	19750000	20000000	0.483866
chr1	20000000	20250000	0.179769
chr1	20250000	20500000	0.348302
chr1	20500000	20750000	0.763851
chr1	20750000	21000000	1.05618
chr1	21000000	21250000	0.940531
chr1	21250000	21500000	1.0317
chr1	21500000	21750000	0.917304
chr1	21750000	22000000	1.02161
chr1	22000000	22250000	0.523128
chr1	22250000	22500000	0.459282
chr1	22500000	22750000	0.536188
chr1	22750000	23000000	0.659116
chr1	23000000	23250000	0.955746
chr1	23250000	23500000	1.00879
chr1	23500000	23750000	1.00602
chr1	23750000	24000000	0.939478
chr1	24000000	24250000	0.711558
chr1	24250000	24500000	0.794997
chr1	24500000	24750000	0.76532
chr1	24750000	25000000	0.697255
chr1	25000000	25250000	0.530233
chr1	25250000	25500000	0.752557
chr1	25500000	25750000	0.80298
chr1	25750000	26000000	0.821497
chr1	26000000	26250000	0.923155
chr1	26250000	26500000	1.00937
chr1	26500000	26750000	1.12545
chr1	26750000	27000000	1.15495
chr1	27000000	27250000	1.13701
chr1	27250000	27500000	1.19779
chr1	27500000	27750000	1.22671
chr1	27750000	28000000	1.30061
chr1	28000000	28250000	1.26708
chr1	28250000	28500000	1.23004
chr1	28500000	28750000	1.12371
chr1	28750000	29000000	0.675514
chr1	29000000	29250000	0.449486
chr1	29250000	29500000	-0.332377
chr1	29500000	29750000	-0.379146
chr1	29750000	30000000	-0.462353
chr1	30000000	30250000	-0.413143
chr1	30250000	30500000	-0.444873
chr1	30500000	30750000	-0.0435902
chr1	30750000	31000000	0.698431
chr1	31000000	31250000	0.971031
chr1	31250000	31500000	1.0259
chr1	31500000	31750000	1.20769
chr1	31750000	32000000	1.24154
chr1	32000000	32250000	1.29427
chr1	32250000	32500000	1.17965
chr1	32500000	32750000	1.12938
chr1	32750000	33000000	1.09073
chr1	33000000	33250000	0.772868
chr1	33250000	33500000	0.584615
chr1	33500000	33750000	-0.245118
chr1	33750000	34000000	-0.0567077
chr1	34000000	34250000	-0.331015
chr1	34250000	34500000	-0.701026
chr1	34500000	34750000	-0.638819
chr1	34750000	35000000	-0.175088
chr1	35000000	35250000	0.499493
chr1	35250000	35500000	0.813236
chr1	35500000	35750000	0.770952
chr1	35750000	36000000	0.864413
chr1	36000000	36250000	1.03084
chr1	36250000	36500000	0.655003
chr1	36500000	36750000	-0.520641
chr1	36750000	37000000	-0.687711
chr1	37000000	37250000	-0.710284
chr1	37250000	37500000	-0.446069
chr1	37500000	37750000	0.192294
chr1	37750000	38000000	0.367913
chr1	38000000	38250000	-0.407461
chr1	38250000	38500000	-0.683471
chr1	38500000	38750000	-0.694872
chr1	38750000	39000000	-0.0199695
chr1	39000000	39250000	0.804882
chr1	39250000	39500000	1.09483
chr1	39500000	39750000	0.95237
chr1	39750000	40000000	1.08502
chr1	40000000	40250000	1.02038
chr1	40250000	40500000	0.901338
chr1	40500000	40750000	0.569093
chr1	40750000	41000000	0.779323
chr1	41000000	41250000	0.701925
chr1	41250000	41500000	0.489755
chr1	41500000	41750000	0.495452
chr1	41750000	42000000	0.319433
chr1	42000000	42250000	-0.047262
chr1	42250000	42500000	-0.0127326
chr1	42500000	42750000	0.0366073
chr1	42750000	43000000	0.497603
chr1	43000000	43250000	0.469259
chr1	43250000	43500000	0.936513
chr1	43500000	43750000	1.06439
chr1	43750000	44000000	1.03421
chr1	44000000	44250000	0.656628
chr1	44250000	44500000	0.643925
chr1	44500000	44750000	0.710784
chr1	44750000	45000000	0.801445
chr1	45000000	45250000	0.180252
chr1	45250000	45500000	0.384767
chr1	45500000	45750000	0.998691
chr1	45750000	46000000	1.11073
chr1	46000000	46250000	1.05874
chr1	46250000	46500000	0.645142
chr1	46500000	46750000	0.299414
chr1	46750000	47000000	-0.776546
chr1	47000000	47250000	-0.424342
chr1	47250000	47500000	-0.00910678
chr1	47500000	47750000	-0.514323
chr1	47750000	48000000	-0.637443
chr1	48000000	48250000	-0.655163
chr1	48250000	48500000	-0.510396
chr1	48500000	48750000	-0.653462
chr1	48750000	49000000	-0.70032
chr1	49000000	49250000	-0.764853
chr1	49250000	49500000	-0.781732
chr1	49500000	49750000	-0.797422
chr1	49750000	50000000	-0.809054
chr1	50000000	50250000	-0.771268
chr1	50250000	50500000	-0.446145
chr1	50500000	50750000	0.0154123
chr1	50750000	51000000	0.242425
chr1	51000000	51250000	0.133812
chr1	51250000	51500000	0.784121
chr1	51500000	51750000	1.14128
chr1	51750000	52000000	1.18401
chr1	52000000	52250000	1.11404
chr1	52250000	52500000	1.1749
chr1	52500000	52750000	1.04549
chr1	52750000	53000000	1.10431
chr1	53000000	53250000	1.2087
chr1	53250000	53500000	1.01202
chr1	53500000	53750000	1.05182
chr1	53750000	54000000	0.969541
chr1	54000000	54250000	0.778367
chr1	54250000	54500000	0.933912
chr1	54500000	54750000	0.705482
chr1	54750000	55000000	0.795989
chr1	55000000	55250000	0.837507
chr1	55250000	55500000	0.474831
chr1	55500000	55750000	0.621887
chr1	55750000	56000000	0.432902
chr1	56000000	56250000	0.336805
chr1	56250000	56500000	0.213365
chr1	56500000	56750000	0.100588
chr1	56750000	57000000	-0.11513
chr1	57000000	57250000	-0.427462
chr1	57250000	57500000	-0.483941
chr1	57500000	57750000	-0.553002
chr1	57750000	58000000	-0.55266
chr1	58000000	58250000	-0.579357
chr1	58250000	58500000	-0.335721
chr1	58500000	58750000	0.0998629
chr1	58750000	59000000	0.655747
chr1	59000000	59250000	0.665799
chr1	59250000	59500000	0.589867
chr1	59500000	59750000	0.444813
chr1	59750000	60000000	-0.424016
chr1	60000000	60250000	-0.324954
chr1	60250000	60500000	-0.641679
chr1	60500000	60750000	-0.748789
chr1	60750000	61000000	-0.510233
chr1	61000000	61250000	0.0980787
chr1	61250000	61500000	0.136432
chr1	61500000	61750000	0.113342
chr1	61750000	62000000	-0.160396
chr1	62000000	62250000	-0.304028
chr1	62250000	62500000	-0.152213
chr1	62500000	62750000	0.556731
chr1	62750000	63000000	-0.399026
chr1	63000000	63250000	-0.712623
chr1	63250000	63500000	-0.314321
chr1	63500000	63750000	0.446086
chr1	63750000	64000000	0.877424
chr1	64000000	64250000	0.750733
chr1	64250000	64500000	0.366704
chr1	64500000	64750000	0.498506
chr1	64750000	65000000	0.534502
chr1	65000000	65250000	0.281145
chr1	65250000	65500000	0.376108
chr1	65500000	65750000	0.0992325
chr1	65750000	66000000	-0.128423
chr1	66000000	66250000	-0.392454
chr1	66250000	66500000	0.55302
chr1	66500000	66750000	0.544543
chr1	66750000	67000000	0.0484924
chr1	67000000	67250000	-0.115775
chr1	67250000	67500000	-0.0817315
chr1	67500000	67750000	0.606646
chr1	67750000	68000000	0.448094
chr1	68000000	68250000	0.25729
chr1	68250000	68500000	-0.0405339
chr1	68500000	68750000	-0.65271
chr1	68750000	69000000	-0.725984
chr1	69000000	69250000	-0.718346
chr1	69250000	69500000	-0.716748
chr1	69500000	69750000	-0.623106
chr1	69750000	70000000	-0.661669
chr1	70000000	70250000	-0.187121
chr1	70250000	70500000	0.026936
chr1	70500000	70750000	-0.609831
chr1	70750000	71000000	-0.608478
chr1	71000000	71250000	-0.527134
chr1	71250000	71500000	-0.494409
chr1	71500000	71750000	-0.0849641
chr1	71750000	72000000	-0.159399
chr1	72000000	72250000	-0.105342
chr1	72250000	72500000	0.0244128
chr1	72500000	72750000	-0.373627
chr1	72750000	73000000	-0.640536
chr1	73000000	73250000	-0.614295
chr1	73250000	73500000	-0.639483
chr1	73500000	73750000	-0.667669
chr1	73750000	74000000	-0.640592
chr1	74000000	74250000	-0.617296
chr1	74250000	74500000	-0.666354
chr1	74500000	74750000	-0.496006
chr1	74750000	75000000	-0.590298
chr1	75000000	75250000	-0.654528
chr1	75250000	75500000	-0.721641
chr1	75500000	75750000	-0.577034
chr1	75750000	76000000	-0.413575
chr1	76000000	76250000	-0.559887
chr1	76250000	76500000	-0.647542
chr1	76500000	76750000	-0.673228
chr1	76750000	77000000	-0.412466
chr1	77000000	77250000	-0.116991
chr1	77250000	77500000	0.557273
chr1	77500000	77750000	0.638784
chr1	77750000	78000000	1.08744
chr1	78000000	78250000	0.795878
chr1	78250000	78500000	0.957122
chr1	78500000	78750000	0.36978
chr1	78750000	79000000	-0.0289263
chr1	79000000	79250000	0.0250245
chr1	79250000	79500000	-0.259906
chr1	79500000	79750000	-0.339616
chr1	79750000	80000000	-0.14648
chr1	80000000	80250000	-0.492003
chr1	80250000	80500000	-0.610949
chr1	80500000	80750000	-0.599365
chr1	80750000	81000000	-0.601104
chr1	81000000	81250000	-0.372992
chr1	81250000	81500000	-0.53017
chr1	81500000	81750000	-0.331708
chr1	81750000	82000000	-0.454914
chr1	82000000	82250000	-0.635556
chr1	82250000	82500000	-0.678216
chr1	82500000	82750000	-0.664111
chr1	82750000	83000000	-0.645819
chr1	83000000	83250000	-0.640344
chr1	83250000	83500000	-0.533053
chr1	83500000	83750000	-0.597725
chr1	83750000	84000000	-0.3102
chr1	84000000	84250000	0.146122
chr1	84250000	84500000	0.443361
chr1	84500000	84750000	0.767895
chr1	84750000	85000000	0.435764
chr1	85000000	85250000	0.702021
chr1	85250000	85500000	0.887617
chr1	85500000	85750000	0.921661
chr1	85750000	86000000	0.174882
chr1	86000000	86250000	0.02067
chr1	86250000	86500000	-0.0350946
chr1	86500000	86750000	-0.193245
chr1	86750000	87000000	0.516646
chr1	87000000	87250000	0.0884625
chr1	87250000	87500000	-0.246213
chr1	87500000	87750000	-0.386793
chr1	87750000	88000000	0.0412729
chr1	88000000	88250000	-0.542674
chr1	88250000	88500000	-0.667348
chr1	88500000	88750000	-0.339954
chr1	88750000	89000000	0.102014
chr1	89000000	89250000	-0.268697
chr1	89250000	89500000	-0.557067
chr1	89500000	89750000	-0.0404562
chr1	89750000	90000000	0.561882
chr1	90000000	90250000	-0.551294
chr1	90250000	90500000	-0.676232
chr1	90500000	90750000	-0.629514
chr1	90750000	91000000	-0.462926
chr1	91000000	91250000	-0.573055
chr1	91250000	91500000	-0.443778
chr1	91500000	91750000	0.866389
chr1	91750000	92000000	0.540508
chr1	92000000	92250000	-0.0475148
chr1	92250000	92500000	0.26964
chr1	92500000	92750000	0.43862
chr1	92750000	93000000	0.95427
chr1	93000000	93250000	0.971091
chr1	93250000	93500000	0.873743
chr1	93500000	93750000	1.07611
chr1	93750000	94000000	0.893531
chr1	94000000	94250000	1.18925
chr1	94250000	94500000	0.94278
chr1	94500000	94750000	1.14472
chr1	94750000	95000000	0.854958
chr1	95000000	95250000	-0.00918275
chr1	95250000	95500000	-0.703431
chr1	95500000	95750000	-0.747652
chr1	95750000	96000000	-0.700163
chr1	96000000	96250000	-0.631149
chr1	96250000	96500000	-0.188716
chr1	96500000	96750000	-0.248516
chr1	96750000	97000000	-0.04057
chr1	97000000	97250000	0.226536
chr1	97250000	97500000	0.303019
chr1	97500000	97750000	0.393295
chr1	97750000	98000000	0.427596
chr1	98000000	98250000	0.327146
chr1	98250000	98500000	0.2542
chr1	98500000	98750000	-0.343731
chr1	98750000	99000000	-0.379786
chr1	99000000	99250000	-0.460956
chr1	99250000	99500000	-0.187084
chr1	99500000	99750000	-0.0151246
chr1	99750000	100000000	0.293039
chr1	100000000	100250000	0.735235
chr1	100250000	100500000	0.396903
chr1	100500000	100750000	0.201311
chr1	100750000	101000000	0.274746
chr1	101000000	101250000	0.602622
chr1	101250000	101500000	-0.283361
chr1	101500000	101750000	-0.646591
chr1	101750000	102000000	-0.68137
chr1	102000000	102250000	-0.684142
chr1	102250000	102500000	-0.655347
chr1	102500000	102750000	-0.382819
chr1	102750000	103000000	0.195108
chr1	103000000	103250000	0.579893
chr1	103250000	103500000	0.284844
chr1	103500000	103750000	nan
chr1	103750000	104000000	-0.712263
chr1	104000000	104250000	-0.684227
chr1	104250000	104500000	-0.648725
chr1	104500000	104750000	-0.628139
chr1	104750000	105000000	-0.581511
chr1	105000000	105250000	-0.570782
chr1	105250000	105500000	-0.523275
chr1	105500000	105750000	-0.51791
chr1	105750000	106000000	-0.598021
chr1	106000000	106250000	-0.603107
chr1	106250000	106500000	-0.559267
chr1	106500000	106750000	-0.50462
chr1	106750000	107000000	-0.350463
chr1	107000000	107250000	-0.234519
chr1	107250000	107500000	-0.390124
chr1	107500000	107750000	-0.600534
chr1	107750000	108000000	-0.443563
chr1	108000000	108250000	-0.186708
chr1	108250000	108500000	nan
chr1	108500000	108750000	0.294712
chr1	108750000	109000000	1.25818
chr1	109000000	109250000	1.57425
chr1	109250000	109500000	1.62735
chr1	109500000	109750000	1.58364
chr1	109750000	110000000	1.53817
chr1	110000000	110250000	0.937742
chr1	110250000	110500000	0.610047
chr1	110500000	110750000	-0.421017
chr1	110750000	111000000	-0.543858
chr1	111000000	111250000	-0.112062
chr1	111250000	111500000	-0.195237
chr1	111500000	111750000	0.665416
chr1	111750000	112000000	-0.415181
chr1	112000000	112250000	-0.599514
chr1	112250000	112500000	0.020458
chr1	112500000	112750000	0.992332
chr1	112750000	113000000	1.14326
chr1	113000000	113250000	0.153993
chr1	113250000	113500000	-0.0722692
chr1	113500000	113750000	0.258677
chr1	113750000	114000000	0.745479
chr1	114000000	114250000	0.103558
chr1	114250000	114500000	0.228661
chr1	114500000	114750000	0.39836
chr1	114750000	115000000	-0.273738
chr1	115000000	115250000	0.482808
chr1	115250000	115500000	0.984454
chr1	115500000	115750000	0.312716
chr1	115750000	116000000	-0.0995935
chr1	116000000	116250000	-0.0680751
chr1	116250000	116500000	-0.0165423
chr1	116500000	116750000	-0.18494
chr1	116750000	117000000	-0.254493
chr1	117000000	117250000	0.181039
chr1	117250000	117500000	0.190453
chr1	117500000	117750000	0.659166
chr1	117750000	118000000	0.649785
chr1	118000000	118250000	-0.285881
chr1	118250000	118500000	-0.538335
chr1	118500000	118750000	-0.580253
chr1	118750000	119000000	-0.239403
chr1	119000000	119250000	0.135477
chr1	119250000	119500000	-0.399494
chr1	119500000	119750000	0.274731
chr1	119750000	120000000	1.2481
chr1	120000000	120250000	nan
chr1	120250000	120500000	nan
chr1	120500000	120750000	nan
chr1	120750000	121000000	nan
chr1	121000000	121250000	nan
chr1	121250000	121500000	nan
chr1	121500000	121750000	nan
chr1	121750000	122000000	nan
chr1	122000000	122250000	nan
chr1	122250000	122500000	nan
chr1	122500000	122750000	nan
chr1	122750000	123000000	nan
chr1	123000000	123250000	nan
chr1	123250000	123500000	nan
chr1	123500000	123750000	nan
chr1	123750000	124000000	nan
chr1	124000000	124250000	nan
chr1	124250000	124500000	nan
chr1	124500000	124750000	nan
chr1	124750000	125000000	nan
chr1	125000000	125250000	-0.477347
chr1	125250000	125500000	nan
chr1	125500000	125750000	nan
chr1	125750000	126000000	nan
chr1	126000000	126250000	nan
chr1	126250000	126500000	nan
chr1	126500000	126750000	nan
chr1	126750000	127000000	nan
chr1	127000000	127250000	nan
chr1	127250000	127500000	nan
chr1	127500000	127750000	nan
chr1	127750000	128000000	nan
chr1	128000000	128250000	nan
chr1	128250000	128500000	nan
chr1	128500000	128750000	nan
chr1	128750000	129000000	nan
chr1	129000000	129250000	nan
chr1	129250000	129500000	nan
chr1	129500000	129750000	nan
chr1	129750000	130000000	nan
chr1	130000000	130250000	nan
chr1	130250000	130500000	nan
chr1	130500000	130750000	nan
chr1	130750000	131000000	nan
chr1	131000000	131250000	nan
chr1	131250000	131500000	nan
chr1	131500000	131750000	nan
chr1	131750000	132000000	nan
chr1	132000000	132250000	nan
chr1	132250000	132500000	nan
chr1	132500000	132750000	nan
chr1	132750000	133000000	nan
chr1	133000000	133250000	nan
chr1	133250000	133500000	nan
chr1	133500000	133750000	nan
chr1	133750000	134000000	nan
chr1	134000000	134250000	nan
chr1	134250000	134500000	nan
chr1	134500000	134750000	nan
chr1	134750000	135000000	nan
chr1	135000000	135250000	nan
chr1	135250000	135500000	nan
chr1	135500000	135750000	nan
chr1	135750000	136000000	nan
chr1	136000000	136250000	nan
chr1	136250000	136500000	nan
chr1	136500000	136750000	nan
chr1	136750000	137000000	nan
chr1	137000000	137250000	nan
chr1	137250000	137500000	nan
chr1	137500000	137750000	nan
chr1	137750000	138000000	nan
chr1	138000000	138250000	nan
chr1	138250000	138500000	nan
chr1	138500000	138750000	nan
chr1	138750000	139000000	nan
chr1	139000000	139250000	nan
chr1	139250000	139500000	nan
chr1	139500000	139750000	nan
chr1	139750000	140000000	nan
chr1	140000000	140250000	nan
chr1	140250000	140500000	nan
chr1	140500000	140750000	nan
chr1	140750000	141000000	nan
chr1	141000000	141250000	nan
chr1	141250000	141500000	nan
chr1	141500000	141750000	nan
chr1	141750000	142000000	nan
chr1	142000000	142250000	nan
chr1	142250000	142500000	nan
chr1	142500000	142750000	nan
chr1	142750000	143000000	nan
chr1	143000000	143250000	-0.483267
chr1	143250000	143500000	-0.551505
chr1	143500000	143750000	-0.617952
chr1	143750000	144000000	nan
chr1	144000000	144250000	nan
chr1	144250000	144500000	nan
chr1	144500000	144750000	nan
chr1	144750000	145000000	nan
chr1	145000000	145250000	nan
chr1	145250000	145500000	nan
chr1	145500000	145750000	1.3605
chr1	145750000	146000000	1.71392
chr1	146000000	146250000	nan
chr1	146250000	146500000	nan
chr1	146500000	146750000	nan
chr1	146750000	147000000	nan
chr1	147000000	147250000	-0.187681
chr1	147250000	147500000	-0.364218
chr1	147500000	147750000	-0.112614
chr1	147750000	148000000	-0.430914
chr1	148000000	148250000	nan
chr1	148250000	148500000	-0.109596
chr1	148500000	148750000	nan
chr1	148750000	149000000	nan
chr1	149000000	149250000	nan
chr1	149250000	149500000	nan
chr1	149500000	149750000	nan
chr1	149750000	150000000	1.16612
chr1	150000000	150250000	1.33852
chr1	150250000	150500000	1.44659
chr1	150500000	150750000	1.4979
chr1	150750000	151000000	1.43592
chr1	151000000	151250000	1.46221
chr1	151250000	151500000	1.41336
chr1	151500000	151750000	1.27229
chr1	151750000	152000000	0.832706
chr1	152000000	152250000	-0.183048
chr1	152250000	152500000	-0.641961
chr1	152500000	152750000	-0.694031
chr1	152750000	153000000	-0.640632
chr1	153000000	153250000	-0.676263
chr1	153250000	153500000	-0.257226
chr1	153500000	153750000	0.929623
chr1	153750000	154000000	1.1375
chr1	154000000	154250000	0.747963
chr1	154250000	154500000	0.903472
chr1	154500000	154750000	0.764877
chr1	154750000	155000000	0.829985
chr1	155000000	155250000	1.10761
chr1	155250000	155500000	1.40896
chr1	155500000	155750000	1.36792
chr1	155750000	156000000	1.49319
chr1	156000000	156250000	1.60229
chr1	156250000	156500000	1.6511
chr1	156500000	156750000	1.49746
chr1	156750000	157000000	1.20615
chr1	157000000	157250000	0.0558852
chr1	157250000	157500000	-0.518462
chr1	157500000	157750000	-0.603863
chr1	157750000	158000000	-0.420732
chr1	158000000	158250000	0.157644
chr1	158250000	158500000	-0.650745
chr1	158500000	158750000	-0.632534
chr1	158750000	159000000	-0.538863
chr1	159000000	159250000	-0.142961
chr1	159250000	159500000	-0.686113
chr1	159500000	159750000	-0.606283
chr1	159750000	160000000	0.114581
chr1	160000000	160250000	0.368492
chr1	160250000	160500000	0.0682705
chr1	160500000	160750000	-0.683897
chr1	160750000	161000000	-0.572924
chr1	161000000	161250000	0.730477
chr1	161250000	161500000	0.924218
chr1	161500000	161750000	0.994184
chr1	161750000	162000000	1.10865
chr1	162000000	162250000	1.03189
chr1	162250000	162500000	0.936402
chr1	162500000	162750000	1.02366
chr1	162750000	163000000	0.863929
chr1	163000000	163250000	0.725522
chr1	163250000	163500000	-0.227525
chr1	163500000	163750000	-0.301322
chr1	163750000	164000000	-0.15312
chr1	164000000	164250000	-0.539547
chr1	164250000	164500000	-0.505926
chr1	164500000	164750000	0.368553
chr1	164750000	165000000	-0.209465
chr1	165000000	165250000	-0.579014
chr1	165250000	165500000	-0.426782
chr1	165500000	165750000	-0.018782
chr1	165750000	166000000	0.118382
chr1	166000000	166250000	-0.62302
chr1	166250000	166500000	-0.684571
chr1	166500000	166750000	-0.71749
chr1	166750000	167000000	-0.535228
chr1	167000000	167250000	-0.443816
chr1	167250000	167500000	-0.151028
chr1	167500000	167750000	-0.0801293
chr1	167750000	168000000	0.902571
chr1	168000000	168250000	0.78609
chr1	168250000	168500000	0.0682289
chr1	168500000	168750000	-0.386673
chr1	168750000	169000000	-0.634738
chr1	169000000	169250000	-0.294827
chr1	169250000	169500000	-0.262219
chr1	169500000	169750000	-0.515612
chr1	169750000	170000000	0.172573
chr1	170000000	170250000	0.4549
chr1	170250000	170500000	0.649622
chr1	170500000	170750000	0.684754
chr1	170750000	171000000	0.300764
chr1	171000000	171250000	0.402879
chr1	171250000	171500000	0.61109
chr1	171500000	171750000	0.601979
chr1	171750000	172000000	0.328617
chr1	172000000	172250000	0.756168
chr1	172250000	172500000	0.707967
chr1	172500000	172750000	0.557677
chr1	172750000	173000000	0.804336
chr1	173000000	173250000	0.79903
chr1	173250000	173500000	0.373307
chr1	173500000	173750000	-0.0942838
chr1	173750000	174000000	0.428323
chr1	174000000	174250000	0.138802
chr1	174250000	174500000	-0.145483
chr1	174500000	174750000	-0.356982
chr1	174750000	175000000	-0.091731
chr1	175000000	175250000	-0.506038
chr1	175250000	175500000	-0.724006
chr1	175500000	175750000	-0.71861
chr1	175750000	176000000	-0.533027
chr1	176000000	176250000	-0.0773805
chr1	176250000	176500000	-0.684728
chr1	176500000	176750000	-0.701125
chr1	176750000	177000000	-0.622714
chr1	177000000	177250000	-0.55175
chr1	177250000	177500000	-0.58616
chr1	177500000	177750000	-0.594101
chr1	177750000	178000000	-0.166081
chr1	178000000	178250000	0.499337
chr1	178250000	178500000	0.649392
chr1	178500000	178750000	0.733417
chr1	178750000	179000000	0.761239
chr1	179000000	179250000	0.587447
chr1	179250000	179500000	-0.300491
chr1	179500000	179750000	-0.690341
chr1	179750000	180000000	0.029384
chr1	180000000	180250000	0.773135
chr1	180250000	180500000	0.360879
chr1	180500000	180750000	0.19684
chr1	180750000	181000000	0.31507
chr1	181000000	181250000	0.278896
chr1	181250000	181500000	-0.62195
chr1	181500000	181750000	-0.760062
chr1	181750000	182000000	-0.800516
chr1	182000000	182250000	-0.244576
chr1	182250000	182500000	-0.232283
chr1	182500000	182750000	-0.365028
chr1	182750000	183000000	0.306711
chr1	183000000	183250000	1.0849
chr1	183250000	183500000	0.740224
chr1	183500000	183750000	1.01802
chr1	183750000	184000000	1.01272
chr1	184000000	184250000	0.91826
chr1	184250000	184500000	1.01041
chr1	184500000	184750000	0.743713
chr1	184750000	185000000	0.892987
chr1	185000000	185250000	0.721192
chr1	185250000	185500000	0.545583
chr1	185500000	185750000	0.413074
chr1	185750000	186000000	0.609244
chr1	186000000	186250000	0.569539
chr1	186250000	186500000	0.359812
chr1	186500000	186750000	0.255008
chr1	186750000	187000000	-0.14284
chr1	187000000	187250000	-0.65856
chr1	187250000	187500000	-0.690767
chr1	187500000	187750000	-0.605336
chr1	187750000	188000000	-0.556341
chr1	188000000	188250000	-0.363776
chr1	188250000	188500000	-0.565007
chr1	188500000	188750000	-0.595182
chr1	188750000	189000000	-0.632416
chr1	189000000	189250000	-0.635039
chr1	189250000	189500000	-0.618157
chr1	189500000	189750000	-0.658491
chr1	189750000	190000000	-0.659795
chr1	190000000	190250000	-0.658118
chr1	190250000	190500000	-0.62603
chr1	190500000	190750000	-0.643004
chr1	190750000	191000000	-0.659447
chr1	191000000	191250000	-0.66477
chr1	191250000	191500000	-0.647993
chr1	191500000	191750000	-0.704567
chr1	191750000	192000000	-0.670892
chr1	192000000	192250000	-0.585569
chr1	192250000	192500000	-0.43363
chr1	192500000	192750000	0.277264
chr1	192750000	193000000	0.127997
chr1	193000000	193250000	0.295401
chr1	193250000	193500000	0.109349
chr1	193500000	193750000	0.116462
chr1	193750000	194000000	-0.0162496
chr1	194000000	194250000	-0.0350599
chr1	194250000	194500000	-0.00280753
chr1	194500000	194750000	-0.0787732
chr1	194750000	195000000	-0.0630265
chr1	195000000	195250000	-0.0997931
chr1	195250000	195500000	0.0183404
chr1	195500000	195750000	0.0453561
chr1	195750000	196000000	-0.0937444
chr1	196000000	196250000	-0.204082
chr1	196250000	196500000	-0.177384
chr1	196500000	196750000	-0.218687
chr1	196750000	197000000	-0.52952
chr1	197000000	197250000	-0.117819
chr1	197250000	197500000	-0.339777
chr1	197500000	197750000	0.230407
chr1	197750000	198000000	0.529272
chr1	198000000	198250000	0.678202
chr1	198250000	198500000	0.525729
chr1	198500000	198750000	0.53046
chr1	198750000	199000000	0.191182
chr1	199000000	199250000	0.074006
chr1	199250000	199500000	-0.0770107
chr1	199500000	199750000	-0.113428
chr1	199750000	200000000	0.258198
chr1	200000000	200250000	0.401881
chr1	200250000	200500000	0.606709
chr1	200500000	200750000	0.586168
chr1	200750000	201000000	0.43723
chr1	201000000	201250000	0.484379
chr1	201250000	201500000	0.836561
chr1	201500000	201750000	1.20931
chr1	201750000	202000000	1.38043
chr1	202000000	202250000	1.31064
chr1	202250000	202500000	1.26465
chr1	202500000	202750000	1.2793
chr1	202750000	203000000	1.38289
chr1	203000000	203250000	1.31184
chr1	203250000	203500000	1.32281
chr1	203500000	203750000	1.40788
chr1	203750000	204000000	1.15585
chr1	204000000	204250000	1.18119
chr1	204250000	204500000	1.19
chr1	204500000	204750000	0.32106
chr1	204750000	205000000	0.350682
chr1	205000000	205250000	0.723486
chr1	205250000	205500000	0.825771
chr1	205500000	205750000	0.997403
chr1	205750000	206000000	0.85802
chr1	206000000	206250000	0.711267
chr1	206250000	206500000	1.08587
chr1	206500000	206750000	1.06258
chr1	206750000	207000000	0.764302
chr1	207000000	207250000	-0.188044
chr1	207250000	207500000	-0.143305
chr1	207500000	207750000	0.051817
chr1	207750000	208000000	0.542336
chr1	208000000	208250000	0.420921
chr1	208250000	208500000	-0.374171
chr1	208500000	208750000	-0.310651
chr1	208750000	209000000	-0.558023
chr1	209000000	209250000	-0.486286
chr1	209250000	209500000	-0.279809
chr1	209500000	209750000	0.112639
chr1	209750000	210000000	0.616039
chr1	210000000	210250000	0.523118
chr1	210250000	210500000	0.201975
chr1	210500000	210750000	-0.534478
chr1	210750000	211000000	-0.7123
chr1	211000000	211250000	-0.553248
chr1	211250000	211500000	0.168401
chr1	211500000	211750000	0.343249
chr1	211750000	212000000	0.248847
chr1	212000000	212250000	0.853994
chr1	212250000	212500000	0.801031
chr1	212500000	212750000	0.799805
chr1	212750000	213000000	0.416191
chr1	213000000	213250000	-0.0875782
chr1	213250000	213500000	-0.696795
chr1	213500000	213750000	-0.782967
chr1	213750000	214000000	-0.780139
chr1	214000000	214250000	-0.60041
chr1	214250000	214500000	0.315958
chr1	214500000	214750000	0.354619
chr1	214750000	215000000	0.452448
chr1	215000000	215250000	0.324548
chr1	215250000	215500000	0.0613657
chr1	215500000	215750000	-0.0518035
chr1	215750000	216000000	-0.086327
chr1	216000000	216250000	-0.329148
chr1	216250000	216500000	-0.466776
chr1	216500000	216750000	-0.448557
chr1	216750000	217000000	-0.716065
chr1	217000000	217250000	-0.696891
chr1	217250000	217500000	-0.521608
chr1	217500000	217750000	-0.220909
chr1	217750000	218000000	-0.735525
chr1	218000000	218250000	-0.689704
chr1	218250000	218500000	0.0843041
chr1	218500000	218750000	0.0859544
chr1	218750000	219000000	-0.0855863
chr1	219000000	219250000	0.112084
chr1	219250000	219500000	0.0387865
chr1	219500000	219750000	-0.541687
chr1	219750000	220000000	-0.586177
chr1	220000000	220250000	0.259118
chr1	220250000	220500000	-0.27048
chr1	220500000	220750000	-0.332453
chr1	220750000	221000000	0.432216
chr1	221000000	221250000	0.724327
chr1	221250000	221500000	0.585657
chr1	221500000	221750000	0.702486
chr1	221750000	222000000	0.875658
chr1	222000000	222250000	0.721454
chr1	222250000	222500000	0.621876
chr1	222500000	222750000	0.824097
chr1	222750000	223000000	0.614398
chr1	223000000	223250000	0.152497
chr1	223250000	223500000	-0.0969419
chr1	223500000	223750000	0.194793
chr1	223750000	224000000	0.873127
chr1	224000000	224250000	1.01273
chr1	224250000	224500000	0.911562
chr1	224500000	224750000	0.50984
chr1	224750000	225000000	-0.106772
chr1	225000000	225250000	-0.761092
chr1	225250000	225500000	-0.168127
chr1	225500000	225750000	1.23396
chr1	225750000	226000000	0.959362
chr1	226000000	226250000	0.886381
chr1	226250000	226500000	0.204567
chr1	226500000	226750000	0.345001
chr1	226750000	227000000	0.665891
chr1	227000000	227250000	0.804184
chr1	227250000	227500000	0.533735
chr1	227500000	227750000	-0.246118
chr1	227750000	228000000	0.132494
chr1	228000000	228250000	0.453086
chr1	228250000	228500000	0.55297
chr1	228500000	228750000	0.0671449
chr1	228750000	229000000	0.0637313
chr1	229000000	229250000	-0.0286066
chr1	229250000	229500000	0.310435
chr1	229500000	229750000	-0.0405626
chr1	229750000	230000000	-0.662084
chr1	230000000	230250000	0.182534
chr1	230250000	230500000	-0.599512
chr1	230500000	230750000	-0.551147
chr1	230750000	231000000	0.216297
chr1	231000000	231250000	-0.381328
chr1	231250000	231500000	-0.0128494
chr1	231500000	231750000	-0.112001
chr1	231750000	232000000	-0.288441
chr1	232000000	232250000	-0.549386
chr1	232250000	232500000	-0.555245
chr1	232500000	232750000	-0.475746
chr1	232750000	233000000	-0.323294
chr1	233000000	233250000	0.00100806
chr1	233250000	233500000	-0.546467
chr1	233500000	233750000	-0.731529
chr1	233750000	234000000	-0.771308
chr1	234000000	234250000	-0.686955
chr1	234250000	234500000	-0.283978
chr1	234500000	234750000	1.1124
chr1	234750000	235000000	1.29969
chr1	235000000	235250000	1.0841
chr1	235250000	235500000	1.17174
chr1	235500000	235750000	0.917507
chr1	235750000	236000000	0.961813
chr1	236000000	236250000	0.0514235
chr1	236250000	236500000	-0.691819
chr1	236500000	236750000	-0.539694
chr1	236750000	237000000	-0.49923
chr1	237000000	237250000	-0.799283
chr1	237250000	237500000	-0.795714
chr1	237500000	237750000	-0.819468
chr1	237750000	238000000	-0.718265
chr1	238000000	238250000	-0.652452
chr1	238250000	238500000	-0.337843
chr1	238500000	238750000	-0.209518
chr1	238750000	239000000	-0.390878
chr1	239000000	239250000	-0.369402
chr1	239250000	239500000	-0.323363
chr1	239500000	239750000	-0.326501
chr1	239750000	240000000	-0.289175
chr1	240000000	240250000	0.60146
chr1	240250000	240500000	1.01997
chr1	240500000	240750000	0.646164
chr1	240750000	241000000	-0.0559518
chr1	241000000	241250000	-0.336522
chr1	241250000	241500000	-0.189524
chr1	241500000	241750000	0.0776249
chr1	241750000	242000000	0.0559682
chr1	242000000	242250000	-0.751228
chr1	242250000	242500000	-0.775641
chr1	242500000	242750000	-0.87275
chr1	242750000	243000000	-0.831906
chr1	243000000	243250000	0.0168865
chr1	243250000	243500000	0.444063
chr1	243500000	243750000	0.825677
chr1	243750000	244000000	0.792549
chr1	244000000	244250000	0.851307
chr1	244250000	244500000	0.498652
chr1	244500000	244750000	0.269288
chr1	244750000	245000000	0.745404
chr1	245000000	245250000	0.704612
chr1	245250000	245500000	0.844758
chr1	245500000	245750000	0.921779
chr1	245750000	246000000	0.972369
chr1	246000000	246250000	0.896473
chr1	246250000	246500000	0.935419
chr1	246500000	246750000	1.07226
chr1	246750000	247000000	0.451926
chr1	247000000	247250000	-0.370432
chr1	247250000	247500000	-0.488308
chr1	247500000	247750000	-0.847454
chr1	247750000	248000000	-0.892502
chr1	248000000	248250000	-0.943499
chr1	248250000	248500000	-0.926976
chr1	248500000	248750000	-0.954933
chr1	248750000	248956422	-0.116597
#bedGraph section chr10:0-133797422
chr10	0	250000	0.293905
chr10	250000	500000	1.08034
chr10	500000	750000	1.15554
chr10	750000	1000000	1.06528
chr10	1000000	1250000	-0.0925193
chr10	1250000	1500000	-0.874176
chr10	1500000	1750000	-0.848477
chr10	1750000	2000000	-0.894429
chr10	2000000	2250000	-0.921694
chr10	2250000	2500000	-0.902033
chr10	2500000	2750000	-0.862209
chr10	2750000	3000000	-0.540935
chr10	3000000	3250000	0.657853
chr10	3250000	3500000	1.02517
chr10	3500000	3750000	1.03703
chr10	3750000	4000000	1.05865
chr10	4000000	4250000	1.0522
chr10	4250000	4500000	1.06155
chr10	4500000	4750000	1.01694
chr10	4750000	5000000	0.291146
chr10	5000000	5250000	-0.304633
chr10	5250000	5500000	0.25698
chr10	5500000	5750000	1.01239
chr10	5750000	6000000	1.03672
chr10	6000000	6250000	0.740444
chr10	6250000	6500000	0.239081
chr10	6500000	6750000	-0.189141
chr10	6750000	7000000	-0.212102
chr10	7000000	7250000	-0.648312
chr10	7250000	7500000	-0.523287
chr10	7500000	7750000	-0.524822
chr10	7750000	8000000	0.288617
chr10	8000000	8250000	-0.357174
chr10	8250000	8500000	-0.521233
chr10	8500000	8750000	-0.589848
chr10	8750000	9000000	-0.597775
chr10	9000000	9250000	-0.413743
chr10	9250000	9500000	-0.356623
chr10	9500000	9750000	-0.507697
chr10	9750000	10000000	-0.493677
chr10	10000000	10250000	-0.482231
chr10	10250000	10500000	-0.453657
chr10	10500000	10750000	-0.379574
chr10	10750000	11000000	0.123059
chr10	11000000	11250000	-0.335726
chr10	11250000	11500000	-0.353292
chr10	11500000	11750000	0.247422
chr10	11750000	12000000	0.344335
chr10	12000000	12250000	0.723272
chr10	12250000	12500000	-0.150884
chr10	12500000	12750000	-0.0909994
chr10	12750000	13000000	-0.486005
chr10	13000000	13250000	0.0920344
chr10	13250000	13500000	0.26763
chr10	13500000	13750000	0.533536
chr10	13750000	14000000	0.913183
chr10	14000000	14250000	0.486396
chr10	14250000	14500000	0.0896802
chr10	14500000	14750000	0.691864
chr10	14750000	15000000	0.588038
chr10	15000000	15250000	0.552488
chr10	15250000	15500000	0.421522
chr10	15500000	15750000	0.242641
chr10	15750000	16000000	-0.0730594
chr10	16000000	16250000	-0.773188
chr10	16250000	16500000	-0.545386
chr10	16500000	16750000	-0.120097
chr10	16750000	17000000	0.656664
chr10	17000000	17250000	0.973327
chr10	17250000	17500000	0.111707
chr10	17500000	17750000	0.355798
chr10	17750000	18000000	-0.128916
chr10	18000000	18250000	-0.453996
chr10	18250000	18500000	-0.50283
chr10	18500000	18750000	-0.149362
chr10	18750000	19000000	-0.575718
chr10	19000000	19250000	-0.542978
chr10	19250000	19500000	-0.528522
chr10	19500000	19750000	-0.378058
chr10	19750000	20000000	-0.537111
chr10	20000000	20250000	-0.645234
chr10	20250000	20500000	-0.691925
chr10	20500000	20750000	-0.705206
chr10	20750000	21000000	-0.625361
chr10	21000000	21250000	-0.411819
chr10	21250000	21500000	0.554563
chr10	21500000	21750000	0.780367
chr10	21750000	22000000	0.31541
chr10	22000000	22250000	-0.309079
chr10	22250000	22500000	-0.0994585
chr10	22500000	22750000	0.401101
chr10	22750000	23000000	0.118242
chr10	23000000	23250000	-0.292304
chr10	23250000	23500000	-0.06594
chr10	23500000	23750000	-0.498442
chr10	23750000	24000000	-0.59251
chr10	24000000	24250000	-0.465662
chr10	24250000	24500000	0.21305
chr10	24500000	24750000	0.344972
chr10	24750000	25000000	0.663913
chr10	25000000	25250000	-0.334828
chr10	25250000	25500000	-0.731329
chr10	25500000	25750000	-0.732182
chr10	25750000	26000000	-0.809982
chr10	26000000	26250000	-0.766473
chr10	26250000	26500000	-0.500241
chr10	26500000	26750000	-0.274047
chr10	26750000	27000000	0.163491
chr10	27000000	27250000	0.529718
chr10	27250000	27500000	0.0154012
chr10	27500000	27750000	0.607273
chr10	27750000	28000000	0.613094
chr10	28000000	28250000	0.63971
chr10	28250000	28500000	0.231066
chr10	28500000	28750000	0.185493
chr10	28750000	29000000	-0.234885
chr10	29000000	29250000	-0.0133152
chr10	29250000	29500000	0.241718
chr10	29500000	29750000	0.677637
chr10	29750000	30000000	0.719973
chr10	30000000	30250000	0.70362
chr10	30250000	30500000	0.770455
chr10	30500000	30750000	0.723354
chr10	30750000	31000000	0.741683
chr10	31000000	31250000	0.763009
chr10	31250000	31500000	0.709332
chr10	31500000	31750000	0.685218
chr10	31750000	32000000	0.749861
chr10	32000000	32250000	0.802059
chr10	32250000	32500000	0.66146
chr10	32500000	32750000	0.345959
chr10	32750000	33000000	0.463962
chr10	33000000	33250000	0.700264
chr10	33250000	33500000	0.72829
chr10	33500000	33750000	0.702249
chr10	33750000	34000000	0.637759
chr10	34000000	34250000	0.639846
chr10	34250000	34500000	0.697882
chr10	34500000	34750000	0.786965
chr10	34750000	35000000	0.887775
chr10	35000000	35250000	0.718934
chr10	35250000	35500000	0.652116
chr10	35500000	35750000	0.0974103
chr10	35750000	36000000	0.0110082
chr10	36000000	36250000	-0.203755
chr10	36250000	36500000	-0.193693
chr10	36500000	36750000	-0.186026
chr10	36750000	37000000	-0.456888
chr10	37000000	37250000	-0.652049
chr10	37250000	37500000	-0.604874
chr10	37500000	37750000	-0.617737
chr10	37750000	38000000	-0.363265
chr10	38000000	38250000	-0.316386
chr10	38250000	38500000	-0.496013
chr10	38500000	38750000	-0.567867
chr10	38750000	39000000	nan
chr10	39000000	39250000	-0.769588
chr10	39250000	39500000	nan
chr10	39500000	39750000	nan
chr10	39750000	40000000	nan
chr10	40000000	40250000	nan
chr10	40250000	40500000	nan
chr10	40500000	40750000	nan
chr10	40750000	41000000	nan
chr10	41000000	41250000	nan
chr10	41250000	41500000	nan
chr10	41500000	41750000	nan
chr10	41750000	42000000	-0.695219
chr10	42000000	42250000	-0.945945
chr10	42250000	42500000	-1.23924
chr10	42500000	42750000	-0.886541
chr10	42750000	43000000	-0.459105
chr10	43000000	43250000	-0.0411345
chr10	43250000	43500000	0.184436
chr10	43500000	43750000	0.30027
chr10	43750000	44000000	0.875668
chr10	44000000	44250000	0.893173
chr10	44250000	44500000	0.720305
chr10	44500000	44750000	0.856403
chr10	44750000	45000000	0.542968
chr10	45000000	45250000	-0.57754
chr10	45250000	45500000	-0.544387
chr10	45500000	45750000	-0.0520807
chr10	45750000	46000000	nan
chr10	46000000	46250000	-0.0618916
chr10	46250000	46500000	0.575974
chr10	46500000	46750000	0.339626
chr10	46750000	47000000	nan
chr10	47000000	47250000	0.0324099
chr10	47250000	47500000	0.142931
chr10	47500000	47750000	nan
chr10	47750000	48000000	nan
chr10	48000000	48250000	-0.275136
chr10	48250000	48500000	0.216344
chr10	48500000	48750000	0.169452
chr10	48750000	49000000	-0.453229
chr10	49000000	49250000	-0.132531
chr10	49250000	49500000	-0.146843
chr10	49500000	49750000	-0.0929294
chr10	49750000	50000000	-0.00533114
chr10	50000000	50250000	0.203442
chr10	50250000	50500000	0.372244
chr10	50500000	50750000	0.218516
chr10	50750000	51000000	-0.45441
chr10	51000000	51250000	0.276309
chr10	51250000	51500000	0.291969
chr10	51500000	51750000	-0.134634
chr10	51750000	52000000	-0.0451372
chr10	52000000	52250000	-0.379377
chr10	52250000	52500000	0.463821
chr10	52500000	52750000	0.110322
chr10	52750000	53000000	-0.674295
chr10	53000000	53250000	-0.878446
chr10	53250000	53500000	-0.87022
chr10	53500000	53750000	-0.941956
chr10	53750000	54000000	-0.877187
chr10	54000000	54250000	-0.924104
chr10	54250000	54500000	-0.859081
chr10	54500000	54750000	-0.891145
chr10	54750000	55000000	-0.854213
chr10	55000000	55250000	-0.840038
chr10	55250000	55500000	-0.696532
chr10	55500000	55750000	-0.794437
chr10	55750000	56000000	-0.833363
chr10	56000000	56250000	-0.856738
chr10	56250000	56500000	-0.786518
chr10	56500000	56750000	-0.895488
chr10	56750000	57000000	-0.945604
chr10	57000000	57250000	-0.908319
chr10	57250000	57500000	-0.82745
chr10	57500000	57750000	-0.620176
chr10	57750000	58000000	-0.550021
chr10	58000000	58250000	-0.135864
chr10	58250000	58500000	0.496286
chr10	58500000	58750000	0.528196
chr10	58750000	59000000	0.149337
chr10	59000000	59250000	-0.44243
chr10	59250000	59500000	-0.786513
chr10	59500000	59750000	-0.649254
chr10	59750000	60000000	-0.414088
chr10	60000000	60250000	-0.443389
chr10	60250000	60500000	0.0756793
chr10	60500000	60750000	-0.41538
chr10	60750000	61000000	0.198114
chr10	61000000	61250000	-0.0503103
chr10	61250000	61500000	0.310311
chr10	61500000	61750000	0.437435
chr10	61750000	62000000	0.67754
chr10	62000000	62250000	0.60727
chr10	62250000	62500000	0.471019
chr10	62500000	62750000	0.226289
chr10	62750000	63000000	-0.0801369
chr10	63000000	63250000	0.170049
chr10	63250000	63500000	0.835438
chr10	63500000	63750000	0.567204
chr10	63750000	64000000	-0.682705
chr10	64000000	64250000	-1.0306
chr10	64250000	64500000	-1.07547
chr10	64500000	64750000	-1.03933
chr10	64750000	65000000	-0.983879
chr10	65000000	65250000	-0.976943
chr10	65250000	65500000	-0.940255
chr10	65500000	65750000	-0.869562
chr10	65750000	66000000	-0.966675
chr10	66000000	66250000	-0.8932
chr10	66250000	66500000	-0.788552
chr10	66500000	66750000	-0.588825
chr10	66750000	67000000	-0.61115
chr10	67000000	67250000	-1.01831
chr10	67250000	67500000	-1.09102
chr10	67500000	67750000	-0.853586
chr10	67750000	68000000	0.220008
chr10	68000000	68250000	0.964234
chr10	68250000	68500000	0.915728
chr10	68500000	68750000	1.0375
chr10	68750000	69000000	0.868309
chr10	69000000	69250000	0.796512
chr10	69250000	69500000	0.694062
chr10	69500000	69750000	0.374915
chr10	69750000	70000000	0.612563
chr10	70000000	70250000	0.574806
chr10	70250000	70500000	0.691133
chr10	70500000	70750000	0.553548
chr10	70750000	71000000	0.235688
chr10	71000000	71250000	0.0977526
chr10	71250000	71500000	0.296322
chr10	71500000	71750000	0.364592
chr10	71750000	72000000	0.687462
chr10	72000000	72250000	0.809415
chr10	72250000	72500000	0.696285
chr10	72500000	72750000	0.755688
chr10	72750000	73000000	0.655512
chr10	73000000	73250000	0.760331
chr10	73250000	73500000	0.698205
chr10	73500000	73750000	0.854625
chr10	73750000	74000000	0.889517
chr10	74000000	74250000	0.842826
chr10	74250000	74500000	0.671416
chr10	74500000	74750000	0.776954
chr10	74750000	75000000	0.691264
chr10	75000000	75250000	0.695928
chr10	75250000	75500000	0.0709413
chr10	75500000	75750000	-0.310694
chr10	75750000	76000000	-0.231239
chr10	76000000	76250000	0.0879928
chr10	76250000	76500000	0.161312
chr10	76500000	76750000	-0.0472943
chr10	76750000	77000000	0.0937798
chr10	77000000	77250000	0.545678
chr10	77250000	77500000	0.814471
chr10	77500000	77750000	0.771572
chr10	77750000	78000000	0.932013
chr10	78000000	78250000	0.538851
chr10	78250000	78500000	0.673593
chr10	78500000	78750000	0.590534
chr10	78750000	79000000	0.723251
chr10	79000000	79250000	0.698957
chr10	79250000	79500000	0.744528
chr10	79500000	79750000	0.00823439
chr10	79750000	80000000	0.0625523
chr10	80000000	80250000	0.3394
chr10	80250000	80500000	-0.229992
chr10	80500000	80750000	-0.633881
chr10	80750000	81000000	-1.11416
chr10	81000000	81250000	-1.07804
chr10	81250000	81500000	-1.12615
chr10	81500000	81750000	-1.11128
chr10	81750000	82000000	-1.0893
chr10	82000000	82250000	-1.03889
chr10	82250000	82500000	-1.04942
chr10	82500000	82750000	-0.960876
chr10	82750000	83000000	-0.567428
chr10	83000000	83250000	-0.817343
chr10	83250000	83500000	-0.90823
chr10	83500000	83750000	-0.840615
chr10	83750000	84000000	-0.901752
chr10	84000000	84250000	-0.679565
chr10	84250000	84500000	-0.0829187
chr10	84500000	84750000	-0.737659
chr10	84750000	85000000	-1.05272
chr10	85000000	85250000	-1.0336
chr10	85250000	85500000	-1.02907
chr10	85500000	85750000	-1.03236
chr10	85750000	86000000	-1.06896
chr10	86000000	86250000	-1.028
chr10	86250000	86500000	-0.566028
chr10	86500000	86750000	0.503778
chr10	86750000	87000000	0.871409
chr10	87000000	87250000	nan
chr10	87250000	87500000	nan
chr10	87500000	87750000	0.929541
chr10	87750000	88000000	0.867434
chr10	88000000	88250000	0.929571
chr10	88250000	88500000	0.85578
chr10	88500000	88750000	0.818128
chr10	88750000	89000000	0.923133
chr10	89000000	89250000	0.903142
chr10	89250000	89500000	0.749672
chr10	89500000	89750000	0.424058
chr10	89750000	90000000	-0.520101
chr10	90000000	90250000	-0.70188
chr10	90250000	90500000	-0.622677
chr10	90500000	90750000	-0.681702
chr10	90750000	91000000	-0.16536
chr10	91000000	91250000	0.0576995
chr10	91250000	91500000	0.53197
chr10	91500000	91750000	0.727338
chr10	91750000	92000000	0.670355
chr10	92000000	92250000	0.761781
chr10	92250000	92500000	0.645888
chr10	92500000	92750000	0.843285
chr10	92750000	93000000	0.773198
chr10	93000000	93250000	0.516448
chr10	93250000	93500000	0.748353
chr10	93500000	93750000	0.0643418
chr10	93750000	94000000	0.021792
chr10	94000000	94250000	0.167244
chr10	94250000	94500000	0.213906
chr10	94500000	94750000	-0.721754
chr10	94750000	95000000	-1.35289
chr10	95000000	95250000	-0.686567
chr10	95250000	95500000	-0.183384
chr10	95500000	95750000	-0.447732
chr10	95750000	96000000	-0.732012
chr10	96000000	96250000	-0.504154
chr10	96250000	96500000	-0.570595
chr10	96500000	96750000	-0.2392
chr10	96750000	97000000	0.118572
chr10	97000000	97250000	-0.0818429
chr10	97250000	97500000	0.816452
chr10	97500000	97750000	0.895814
chr10	97750000	98000000	-0.0780196
chr10	98000000	98250000	-0.0969191
chr10	98250000	98500000	0.57061
chr10	98500000	98750000	0.0253593
chr10	98750000	99000000	-0.131602
chr10	99000000	99250000	-0.252742
chr10	99250000	99500000	0.198982
chr10	99500000	99750000	0.442834
chr10	99750000	100000000	0.8944
chr10	100000000	100250000	0.735487
chr10	100250000	100500000	0.598964
chr10	100500000	100750000	0.290671
chr10	100750000	101000000	0.440902
chr10	101000000	101250000	0.798993
chr10	101250000	101500000	0.86104
chr10	101500000	101750000	0.83504
chr10	101750000	102000000	0.962202
chr10	102000000	102250000	1.05453
chr10	102250000	102500000	1.03869
chr10	102500000	102750000	1.06612
chr10	102750000	103000000	1.05673
chr10	103000000	103250000	1.09955
chr10	103250000	103500000	1.12837
chr10	103500000	103750000	1.00255
chr10	103750000	104000000	0.890659
chr10	104000000	104250000	0.470286
chr10	104250000	104500000	-0.0275001
chr10	104500000	104750000	-0.68867
chr10	104750000	105000000	-1.03719
chr10	105000000	105250000	-1.03289
chr10	105250000	105500000	-1.09771
chr10	105500000	105750000	-1.09507
chr10	105750000	106000000	-1.00818
chr10	106000000	106250000	-0.912053
chr10	106250000	106500000	-0.313013
chr10	106500000	106750000	-0.342933
chr10	106750000	107000000	-0.924397
chr10	107000000	107250000	-0.942127
chr10	107250000	107500000	-0.884129
chr10	107500000	107750000	-0.838529
chr10	107750000	108000000	-0.782896
chr10	108000000	108250000	-0.7539
chr10	108250000	108500000	-0.452022
chr10	108500000	108750000	-0.427431
chr10	108750000	109000000	-0.427605
chr10	109000000	109250000	-0.315909
chr10	109250000	109500000	-0.165512
chr10	109500000	109750000	-0.788468
chr10	109750000	110000000	-0.0121439
chr10	110000000	110250000	0.51324
chr10	110250000	110500000	0.95
chr10	110500000	110750000	0.338488
chr10	110750000	111000000	0.232687
chr10	111000000	111250000	-0.687247
chr10	111250000	111500000	-0.952704
chr10	111500000	111750000	-1.02411
chr10	111750000	112000000	-1.05255
chr10	112000000	112250000	-0.555681
chr10	112250000	112500000	-0.0750296
chr10	112500000	112750000	0.491888
chr10	112750000	113000000	0.60108
chr10	113000000	113250000	0.492691
chr10	113250000	113500000	0.120476
chr10	113500000	113750000	-0.126853
chr10	113750000	114000000	0.220618
chr10	114000000	114250000	0.162152
chr10	114250000	114500000	0.258071
chr10	114500000	114750000	0.675828
chr10	114750000	115000000	0.157746
chr10	115000000	115250000	-0.716433
chr10	115250000	115500000	-1.06536
chr10	115500000	115750000	-0.934797
chr10	115750000	116000000	-0.135836
chr10	116000000	116250000	-0.0651696
chr10	116250000	116500000	-0.449424
chr10	116500000	116750000	-0.420838
chr10	116750000	117000000	-0.12116
chr10	117000000	117250000	-0.387701
chr10	117250000	117500000	-0.0475142
chr10	117500000	117750000	-0.593084
chr10	117750000	118000000	-0.79749
chr10	118000000	118250000	-0.609199
chr10	118250000	118500000	-0.403679
chr10	118500000	118750000	-0.196938
chr10	118750000	119000000	-0.243427
chr10	119000000	119250000	0.885209
chr10	119250000	119500000	1.07608
chr10	119500000	119750000	0.909006
chr10	119750000	120000000	0.271674
chr10	120000000	120250000	-0.843641
chr10	120250000	120500000	-0.444263
chr10	120500000	120750000	-0.552689
chr10	120750000	121000000	-0.680881
chr10	121000000	121250000	-0.981634
chr10	121250000	121500000	-1.03645
chr10	121500000	121750000	-0.883204
chr10	121750000	122000000	0.0707653
chr10	122000000	122250000	0.425503
chr10	122250000	122500000	0.0689232
chr10	122500000	122750000	-0.647347
chr10	122750000	123000000	-0.508654
chr10	123000000	123250000	-0.534734
chr10	123250000	123500000	-0.969518
chr10	123500000	123750000	-0.286693
chr10	123750000	124000000	0.165522
chr10	124000000	124250000	0.577046
chr10	124250000	124500000	0.546842
chr10	124500000	124750000	0.727054
chr10	124750000	125000000	0.951062
chr10	125000000	125250000	0.515016
chr10	125250000	125500000	-0.423791
chr10	125500000	125750000	-0.0912153
chr10	125750000	126000000	0.336054
chr10	126000000	126250000	0.672502
chr10	126250000	126500000	0.441728
chr10	126500000	126750000	-0.530303
chr10	126750000	127000000	-0.21435
chr10	127000000	127250000	0.301913
chr10	127250000	127500000	-0.196322
chr10	127500000	127750000	-1.17539
chr10	127750000	128000000	-1.02103
chr10	128000000	128250000	-0.609687
chr10	128250000	128500000	-0.861872
chr10	128500000	128750000	-0.88052
chr10	128750000	129000000	-0.817024
chr10	129000000	129250000	-0.798676
chr10	129250000	129500000	-0.702194
chr10	129500000	129750000	-0.517781
chr10	129750000	130000000	-0.562863
chr10	130000000	130250000	-0.167615
chr10	130250000	130500000	-0.898949
chr10	130500000	130750000	-0.992285
chr10	130750000	131000000	-0.940464
chr10	131000000	131250000	-0.940357
chr10	131250000	131500000	-1.05089
chr10	131500000	131750000	-0.991597
chr10	131750000	132000000	-0.49969
chr10	132000000	132250000	-0.149367
chr10	132250000	132500000	0.765317
chr10	132500000	132750000	0.867867
chr10	132750000	133000000	0.267707
chr10	133000000	133250000	-0.0273635
chr10	133250000	133500000	0.43787
chr10	133500000	133750000	-0.917226
chr10	133750000	133797422	nan
#bedGraph section chr11:0-135086622
chr11	0	250000	nan
chr11	250000	500000	1.31013
chr11	500000	750000	1.45868
chr11	750000	1000000	1.39959
chr11	1000000	1250000	0.820617
chr11	1250000	1500000	0.784882
chr11	1500000	1750000	0.642437
chr11	1750000	2000000	0.553056
chr11	2000000	2250000	0.31801
chr11	2250000	2500000	0.226814
chr11	2500000	2750000	-0.0674864
chr11	2750000	3000000	0.543748
chr11	3000000	3250000	0.852705
chr11	3250000	3500000	0.312379
chr11	3500000	3750000	0.325262
chr11	3750000	4000000	0.90197
chr11	4000000	4250000	0.144748
chr11	4250000	4500000	-0.732275
chr11	4500000	4750000	-0.6891
chr11	4750000	5000000	-1.07154
chr11	5000000	5250000	-0.620184
chr11	5250000	5500000	-0.375021
chr11	5500000	5750000	-0.213079
chr11	5750000	6000000	-0.795676
chr11	6000000	6250000	-0.64462
chr11	6250000	6500000	0.505687
chr11	6500000	6750000	0.544219
chr11	6750000	7000000	-0.193463
chr11	7000000	7250000	-0.548037
chr11	7250000	7500000	-0.554408
chr11	7500000	7750000	-0.013297
chr11	7750000	8000000	-0.291359
chr11	8000000	8250000	-0.0048373
chr11	8250000	8500000	-0.446248
chr11	8500000	8750000	0.475402
chr11	8750000	9000000	0.958713
chr11	9000000	9250000	1.03036
chr11	9250000	9500000	1.15963
chr11	9500000	9750000	1.01803
chr11	9750000	10000000	0.96572
chr11	10000000	10250000	0.925503
chr11	10250000	10500000	0.9144
chr11	10500000	10750000	0.953398
chr11	10750000	11000000	0.528757
chr11	11000000	11250000	-0.0547809
chr11	11250000	11500000	0.165673
chr11	11500000	11750000	0.0149945
chr11	11750000	12000000	0.565308
chr11	12000000	12250000	0.910579
chr11	12250000	12500000	0.679464
chr11	12500000	12750000	0.913602
chr11	12750000	13000000	0.649441
chr11	13000000	13250000	0.163594
chr11	13250000	13500000	0.415378
chr11	13500000	13750000	-0.458359
chr11	13750000	14000000	-0.458125
chr11	14000000	14250000	-0.409494
chr11	14250000	14500000	0.643143
chr11	14500000	14750000	-0.418732
chr11	14750000	15000000	-0.437127
chr11	15000000	15250000	-0.100111
chr11	15250000	15500000	-0.775994
chr11	15500000	15750000	-0.64412
chr11	15750000	16000000	-0.361156
chr11	16000000	16250000	-0.25553
chr11	16250000	16500000	-0.266898
chr11	16500000	16750000	-0.3721
chr11	16750000	17000000	-0.265047
chr11	17000000	17250000	0.173904
chr11	17250000	17500000	0.0011717
chr11	17500000	17750000	-0.261137
chr11	17750000	18000000	0.171714
chr11	18000000	18250000	-0.294551
chr11	18250000	18500000	0.416497
chr11	18500000	18750000	0.326551
chr11	18750000	19000000	-0.435221
chr11	19000000	19250000	-0.203092
chr11	19250000	19500000	0.0106717
chr11	19500000	19750000	0.649298
chr11	19750000	20000000	0.638394
chr11	20000000	20250000	0.183346
chr11	20250000	20500000	-0.217597
chr11	20500000	20750000	-0.631877
chr11	20750000	21000000	-0.883308
chr11	21000000	21250000	-0.921695
chr11	21250000	21500000	-0.909564
chr11	21500000	21750000	-0.89655
chr11	21750000	22000000	-0.910811
chr11	22000000	22250000	-0.86374
chr11	22250000	22500000	-0.729502
chr11	22500000	22750000	-0.623052
chr11	22750000	23000000	-0.438079
chr11	23000000	23250000	-0.147217
chr11	23250000	23500000	-0.124639
chr11	23500000	23750000	-0.263825
chr11	23750000	24000000	-0.151413
chr11	24000000	24250000	-0.366776
chr11	24250000	24500000	-0.528517
chr11	24500000	24750000	-0.545245
chr11	24750000	25000000	-0.601638
chr11	25000000	25250000	-0.62037
chr11	25250000	25500000	-0.665176
chr11	25500000	25750000	-0.716618
chr11	25750000	26000000	-0.619889
chr11	26000000	26250000	-0.338602
chr11	26250000	26500000	-0.552686
chr11	26500000	26750000	-0.424919
chr11	26750000	27000000	0.575956
chr11	27000000	27250000	0.384831
chr11	27250000	27500000	0.617461
chr11	27500000	27750000	0.206522
chr11	27750000	28000000	0.644474
chr11	28000000	28250000	0.586521
chr11	28250000	28500000	0.433534
chr11	28500000	28750000	0.442653
chr11	28750000	29000000	0.411137
chr11	29000000	29250000	0.386824
chr11	29250000	29500000	-0.258191
chr11	29500000	29750000	-0.78128
chr11	29750000	30000000	-0.833539
chr11	30000000	30250000	-0.790112
chr11	30250000	30500000	-0.661858
chr11	30500000	30750000	-0.844831
chr11	30750000	31000000	-0.801993
chr11	31000000	31250000	-0.752077
chr11	31250000	31500000	-0.250398
chr11	31500000	31750000	-0.12123
chr11	31750000	32000000	-0.212075
chr11	32000000	32250000	0.0168531
chr11	32250000	32500000	-0.47123
chr11	32500000	32750000	-0.476912
chr11	32750000	33000000	0.0669051
chr11	33000000	33250000	0.731917
chr11	33250000	33500000	0.892321
chr11	33500000	33750000	0.909287
chr11	33750000	34000000	0.580465
chr11	34000000	34250000	0.874626
chr11	34250000	34500000	0.780898
chr11	34500000	34750000	0.359796
chr11	34750000	35000000	0.310026
chr11	35000000	35250000	0.706902
chr11	35250000	35500000	0.567997
chr11	35500000	35750000	0.622128
chr11	35750000	36000000	0.401887
chr11	36000000	36250000	0.519964
chr11	36250000	36500000	0.555433
chr11	36500000	36750000	-0.440414
chr11	36750000	37000000	-0.804381
chr11	37000000	37250000	-0.833506
chr11	37250000	37500000	-0.633684
chr11	37500000	37750000	-0.423893
chr11	37750000	38000000	-0.47782
chr11	38000000	38250000	-0.590087
chr11	38250000	38500000	-0.595022
chr11	38500000	38750000	-0.529064
chr11	38750000	39000000	-0.576789
chr11	39000000	39250000	-0.68154
chr11	39250000	39500000	-0.70697
chr11	39500000	39750000	-0.716797
chr11	39750000	40000000	-0.696351
chr11	40000000	40250000	-0.609467
chr11	40250000	40500000	-0.321243
chr11	40500000	40750000	-0.557408
chr11	40750000	41000000	-0.548663
chr11	41000000	41250000	-0.607598
chr11	41250000	41500000	-0.601352
chr11	41500000	41750000	-0.616355
chr11	41750000	42000000	-0.585092
chr11	42000000	42250000	-0.357632
chr11	42250000	42500000	-0.394618
chr11	42500000	42750000	-0.712722
chr11	42750000	43000000	-0.904529
chr11	43000000	43250000	-0.912034
chr11	43250000	43500000	-0.152983
chr11	43500000	43750000	-0.0797498
chr11	43750000	44000000	0.429801
chr11	44000000	44250000	0.373552
chr11	44250000	44500000	0.0506509
chr11	44500000	44750000	0.268598
chr11	44750000	45000000	0.400675
chr11	45000000	45250000	0.279516
chr11	45250000	45500000	-0.0944327
chr11	45500000	45750000	-0.23609
chr11	45750000	46000000	0.653179
chr11	46000000	46250000	0.749575
chr11	46250000	46500000	0.978858
chr11	46500000	46750000	1.05039
chr11	46750000	47000000	0.99248
chr11	47000000	47250000	1.02892
chr11	47250000	47500000	1.05597
chr11	47500000	47750000	1.04432
chr11	47750000	48000000	0.832268
chr11	48000000	48250000	0.196188
chr11	48250000	48500000	-0.840389
chr11	48500000	48750000	-0.9033
chr11	48750000	49000000	nan
chr11	49000000	49250000	-0.865716
chr11	49250000	49500000	-0.922583
chr11	49500000	49750000	-0.971996
chr11	49750000	50000000	-0.946605
chr11	50000000	50250000	-0.996175
chr11	50250000	50500000	-1.06596
chr11	50500000	50750000	-1.06132
chr11	50750000	51000000	nan
chr11	51000000	51250000	nan
chr11	51250000	51500000	nan
chr11	51500000	51750000	nan
chr11	51750000	52000000	nan
chr11	52000000	52250000	nan
chr11	52250000	52500000	nan
chr11	52500000	52750000	nan
chr11	52750000	53000000	nan
chr11	53000000	53250000	nan
chr11	53250000	53500000	nan
chr11	53500000	53750000	nan
chr11	53750000	54000000	nan
chr11	54000000	54250000	nan
chr11	54250000	54500000	nan
chr11	54500000	54750000	-1.21701
chr11	54750000	55000000	-1.20944
chr11	55000000	55250000	-1.22099
chr11	55250000	55500000	-1.13123
chr11	55500000	55750000	-1.05094
chr11	55750000	56000000	-1.06825
chr11	56000000	56250000	-1.11256
chr11	56250000	56500000	-1.11302
chr11	56500000	56750000	-1.06922
chr11	56750000	57000000	-0.892269
chr11	57000000	57250000	-0.471072
chr11	57250000	57500000	0.566964
chr11	57500000	57750000	0.730054
chr11	57750000	58000000	-0.130836
chr11	58000000	58250000	-0.375281
chr11	58250000	58500000	-0.122316
chr11	58500000	58750000	-0.156186
chr11	58750000	59000000	-0.617806
chr11	59000000	59250000	-0.302092
chr11	59250000	59500000	-0.821001
chr11	59500000	59750000	0.229642
chr11	59750000	60000000	-0.553256
chr11	60000000	60250000	-1.16243
chr11	60250000	60500000	-1.21723
chr11	60500000	60750000	-1.10237
chr11	60750000	61000000	0.0653991
chr11	61000000	61250000	0.142974
chr11	61250000	61500000	0.898507
chr11	61500000	61750000	0.906237
chr11	61750000	62000000	0.851526
chr11	62000000	62250000	0.288388
chr11	62250000	62500000	0.175369
chr11	62500000	62750000	0.853366
chr11	62750000	63000000	0.247962
chr11	63000000	63250000	-0.728505
chr11	63250000	63500000	-0.716817
chr11	63500000	63750000	0.214293
chr11	63750000	64000000	0.83155
chr11	64000000	64250000	0.885943
chr11	64250000	64500000	0.689744
chr11	64500000	64750000	0.592961
chr11	64750000	65000000	0.845259
chr11	65000000	65250000	0.820031
chr11	65250000	65500000	0.777471
chr11	65500000	65750000	0.7124
chr11	65750000	66000000	0.727612
chr11	66000000	66250000	0.75968
chr11	66250000	66500000	0.767127
chr11	66500000	66750000	0.769916
chr11	66750000	67000000	0.809752
chr11	67000000	67250000	0.754193
chr11	67250000	67500000	0.796498
chr11	67500000	67750000	0.479893
chr11	67750000	68000000	0.330113
chr11	68000000	68250000	0.732729
chr11	68250000	68500000	0.717317
chr11	68500000	68750000	0.718715
chr11	68750000	69000000	0.736485
chr11	69000000	69250000	0.649866
chr11	69250000	69500000	0.757538
chr11	69500000	69750000	0.56515
chr11	69750000	70000000	0.173394
chr11	70000000	70250000	0.16941
chr11	70250000	70500000	0.431267
chr11	70500000	70750000	0.00252268
chr11	70750000	71000000	0.0166993
chr11	71000000	71250000	0.0338461
chr11	71250000	71500000	0.163187
chr11	71500000	71750000	-0.0742785
chr11	71750000	72000000	0.477557
chr11	72000000	72250000	0.902867
chr11	72250000	72500000	0.739725
chr11	72500000	72750000	0.731188
chr11	72750000	73000000	0.80159
chr11	73000000	73250000	0.77297
chr11	73250000	73500000	0.798418
chr11	73500000	73750000	0.814529
chr11	73750000	74000000	0.794249
chr11	74000000	74250000	0.780321
chr11	74250000	74500000	0.699952
chr11	74500000	74750000	0.705832
chr11	74750000	75000000	0.597586
chr11	75000000	75250000	0.534956
chr11	75250000	75500000	0.778502
chr11	75500000	75750000	0.765962
chr11	75750000	76000000	0.739814
chr11	76000000	76250000	0.763552
chr11	76250000	76500000	0.674435
chr11	76500000	76750000	0.806546
chr11	76750000	77000000	0.87495
chr11	77000000	77250000	0.816783
chr11	77250000	77500000	0.841409
chr11	77500000	77750000	0.811826
chr11	77750000	78000000	0.925169
chr11	78000000	78250000	0.780921
chr11	78250000	78500000	0.568788
chr11	78500000	78750000	0.31663
chr11	78750000	79000000	0.471249
chr11	79000000	79250000	0.346624
chr11	79250000	79500000	0.0780121
chr11	79500000	79750000	-0.634325
chr11	79750000	80000000	-0.730142
chr11	80000000	80250000	-0.550227
chr11	80250000	80500000	-0.92119
chr11	80500000	80750000	-0.986879
chr11	80750000	81000000	-1.02674
chr11	81000000	81250000	-1.01835
chr11	81250000	81500000	-1.01669
chr11	81500000	81750000	-1.02315
chr11	81750000	82000000	-1.09983
chr11	82000000	82250000	-1.089
chr11	82250000	82500000	-1.1004
chr11	82500000	82750000	-0.814705
chr11	82750000	83000000	0.126564
chr11	83000000	83250000	0.559453
chr11	83250000	83500000	-0.502745
chr11	83500000	83750000	-0.355185
chr11	83750000	84000000	-0.556789
chr11	84000000	84250000	-0.954172
chr11	84250000	84500000	-0.914449
chr11	84500000	84750000	-0.875067
chr11	84750000	85000000	-0.718875
chr11	85000000	85250000	-0.946994
chr11	85250000	85500000	-0.948975
chr11	85500000	85750000	-0.130084
chr11	85750000	86000000	0.607964
chr11	86000000	86250000	0.920166
chr11	86250000	86500000	0.660959
chr11	86500000	86750000	0.905382
chr11	86750000	87000000	0.54171
chr11	87000000	87250000	0.287705
chr11	87250000	87500000	-0.197057
chr11	87500000	87750000	-0.678645
chr11	87750000	88000000	-0.528708
chr11	88000000	88250000	-0.223739
chr11	88250000	88500000	0.373747
chr11	88500000	88750000	-0.237969
chr11	88750000	89000000	-0.526252
chr11	89000000	89250000	-0.618544
chr11	89250000	89500000	-0.165147
chr11	89500000	89750000	-0.505707
chr11	89750000	90000000	nan
chr11	90000000	90250000	-0.444231
chr11	90250000	90500000	-0.914517
chr11	90500000	90750000	-0.939334
chr11	90750000	91000000	-0.930056
chr11	91000000	91250000	-0.898581
chr11	91250000	91500000	-0.873831
chr11	91500000	91750000	-0.854352
chr11	91750000	92000000	-0.743814
chr11	92000000	92250000	-0.714109
chr11	92250000	92500000	-0.63891
chr11	92500000	92750000	-0.742792
chr11	92750000	93000000	-0.591485
chr11	93000000	93250000	-0.110733
chr11	93250000	93500000	-0.602813
chr11	93500000	93750000	-0.0515066
chr11	93750000	94000000	0.346577
chr11	94000000	94250000	0.21309
chr11	94250000	94500000	-0.144846
chr11	94500000	94750000	0.549138
chr11	94750000	95000000	0.653325
chr11	95000000	95250000	-0.113113
chr11	95250000	95500000	-0.564291
chr11	95500000	95750000	-0.301193
chr11	95750000	96000000	0.435512
chr11	96000000	96250000	0.77064
chr11	96250000	96500000	0.296894
chr11	96500000	96750000	-0.608897
chr11	96750000	97000000	-0.701726
chr11	97000000	97250000	-0.760227
chr11	97250000	97500000	-0.752788
chr11	97500000	97750000	-0.494243
chr11	97750000	98000000	-0.377119
chr11	98000000	98250000	-0.546812
chr11	98250000	98500000	-0.650009
chr11	98500000	98750000	-0.743154
chr11	98750000	99000000	-0.729505
chr11	99000000	99250000	-0.741424
chr11	99250000	99500000	-0.836137
chr11	99500000	99750000	-0.821342
chr11	99750000	100000000	-0.835244
chr11	100000000	100250000	-0.842119
chr11	100250000	100500000	-0.833645
chr11	100500000	100750000	-0.451464
chr11	100750000	101000000	-0.0780335
chr11	101000000	101250000	-0.857509
chr11	101250000	101500000	-0.791463
chr11	101500000	101750000	-0.875526
chr11	101750000	102000000	-0.402813
chr11	102000000	102250000	0.630141
chr11	102250000	102500000	0.798132
chr11	102500000	102750000	0.439789
chr11	102750000	103000000	0.817499
chr11	103000000	103250000	0.733904
chr11	103250000	103500000	0.510891
chr11	103500000	103750000	0.241673
chr11	103750000	104000000	0.0797712
chr11	104000000	104250000	-0.0528445
chr11	104250000	104500000	-0.699863
chr11	104500000	104750000	-0.60987
chr11	104750000	105000000	-0.142432
chr11	105000000	105250000	0.229388
chr11	105250000	105500000	-0.153704
chr11	105500000	105750000	-0.62661
chr11	105750000	106000000	-0.543734
chr11	106000000	106250000	-0.386172
chr11	106250000	106500000	0.211935
chr11	106500000	106750000	-0.306839
chr11	106750000	107000000	-0.341733
chr11	107000000	107250000	-0.669739
chr11	107250000	107500000	-0.458656
chr11	107500000	107750000	-0.0800807
chr11	107750000	108000000	-0.0469198
chr11	108000000	108250000	0.555435
chr11	108250000	108500000	0.110324
chr11	108500000	108750000	0.0230238
chr11	108750000	109000000	0.194708
chr11	109000000	109250000	-0.359164
chr11	109250000	109500000	-0.707955
chr11	109500000	109750000	-0.76426
chr11	109750000	110000000	-0.56936
chr11	110000000	110250000	-0.0836389
chr11	110250000	110500000	0.111602
chr11	110500000	110750000	-0.00233792
chr11	110750000	111000000	0.298347
chr11	111000000	111250000	0.103334
chr11	111250000	111500000	0.339033
chr11	111500000	111750000	0.885426
chr11	111750000	112000000	0.946831
chr11	112000000	112250000	0.653703
chr11	112250000	112500000	-0.179908
chr11	112500000	112750000	-0.497926
chr11	112750000	113000000	-0.669901
chr11	113000000	113250000	-0.532051
chr11	113250000	113500000	-0.366984
chr11	113500000	113750000	-0.569495
chr11	113750000	114000000	-0.250727
chr11	114000000	114250000	-0.119018
chr11	114250000	114500000	0.069136
chr11	114500000	114750000	-0.720495
chr11	114750000	115000000	-0.741293
chr11	115000000	115250000	-0.77689
chr11	115250000	115500000	-0.790845
chr11	115500000	115750000	-0.710162
chr11	115750000	116000000	-0.814185
chr11	116000000	116250000	-0.759105
chr11	116250000	116500000	-0.741609
chr11	116500000	116750000	-0.472817
chr11	116750000	117000000	0.901713
chr11	117000000	117250000	1.00876
chr11	117250000	117500000	0.273324
chr11	117500000	117750000	-0.345551
chr11	117750000	118000000	-0.291747
chr11	118000000	118250000	-0.330249
chr11	118250000	118500000	0.202135
chr11	118500000	118750000	1.29418
chr11	118750000	119000000	1.26122
chr11	119000000	119250000	1.35886
chr11	119250000	119500000	0.987629
chr11	119500000	119750000	0.401194
chr11	119750000	120000000	-0.209007
chr11	120000000	120250000	0.156792
chr11	120250000	120500000	0.550956
chr11	120500000	120750000	-0.246585
chr11	120750000	121000000	-0.376278
chr11	121000000	121250000	-0.398502
chr11	121250000	121500000	-0.310437
chr11	121500000	121750000	0.259608
chr11	121750000	122000000	0.770373
chr11	122000000	122250000	0.635143
chr11	122250000	122500000	-0.081907
chr11	122500000	122750000	0.701537
chr11	122750000	123000000	0.708652
chr11	123000000	123250000	0.899333
chr11	123250000	123500000	0.731671
chr11	123500000	123750000	0.149347
chr11	123750000	124000000	-1.24292
chr11	124000000	124250000	-1.00985
chr11	124250000	124500000	-1.09346
chr11	124500000	124750000	-0.352608
chr11	124750000	125000000	0.436754
chr11	125000000	125250000	0.290231
chr11	125250000	125500000	-0.0157552
chr11	125500000	125750000	-0.432856
chr11	125750000	126000000	-0.33343
chr11	126000000	126250000	0.177472
chr11	126250000	126500000	0.598255
chr11	126500000	126750000	0.395144
chr11	126750000	127000000	0.582325
chr11	127000000	127250000	-0.541358
chr11	127250000	127500000	-0.888247
chr11	127500000	127750000	-0.885213
chr11	127750000	128000000	-0.345453
chr11	128000000	128250000	0.202419
chr11	128250000	128500000	0.830066
chr11	128500000	128750000	0.78569
chr11	128750000	129000000	0.34896
chr11	129000000	129250000	-0.0115701
chr11	129250000	129500000	-0.434351
chr11	129500000	129750000	-0.734868
chr11	129750000	130000000	0.255531
chr11	130000000	130250000	0.744265
chr11	130250000	130500000	0.686703
chr11	130500000	130750000	1.12545
chr11	130750000	131000000	0.705658
chr11	131000000	131250000	-0.294393
chr11	131250000	131500000	-0.821968
chr11	131500000	131750000	-0.41694
chr11	131750000	132000000	-0.00939945
chr11	132000000	132250000	0.244374
chr11	132250000	132500000	-0.458178
chr11	132500000	132750000	-0.0124277
chr11	132750000	133000000	-0.236433
chr11	133000000	133250000	-0.766218
chr11	133250000	133500000	-1.12846
chr11	133500000	133750000	-1.03736
chr11	133750000	134000000	-0.787235
chr11	134000000	134250000	0.219124
chr11	134250000	134500000	-0.759012
chr11	134500000	134750000	-1.05118
chr11	134750000	135000000	-1.27698
chr11	135000000	135086622	-1.26052
#bedGraph section chr12:0-133275309
chr12	0	250000	0.137627
chr12	250000	500000	0.749962
chr12	500000	750000	0.879393
chr12	750000	1000000	1.15236
chr12	1000000	1250000	0.993764
chr12	1250000	1500000	1.03944
chr12	1500000	1750000	0.896105
chr12	1750000	2000000	0.652122
chr12	2000000	2250000	0.878502
chr12	2250000	2500000	0.768193
chr12	2500000	2750000	0.585298
chr12	2750000	3000000	0.944517
chr12	3000000	3250000	0.885953
chr12	3250000	3500000	0.0171301
chr12	3500000	3750000	-0.156182
chr12	3750000	4000000	-0.311737
chr12	4000000	4250000	-0.498674
chr12	4250000	4500000	-0.226601
chr12	4500000	4750000	-0.131092
chr12	4750000	5000000	-0.37319
chr12	5000000	5250000	0.026685
chr12	5250000	5500000	-0.0196063
chr12	5500000	5750000	-0.0821325
chr12	5750000	6000000	-0.250927
chr12	6000000	6250000	0.687899
chr12	6250000	6500000	1.25233
chr12	6500000	6750000	1.52112
chr12	6750000	7000000	1.45012
chr12	7000000	7250000	0.807618
chr12	7250000	7500000	-0.219247
chr12	7500000	7750000	-0.201092
chr12	7750000	8000000	0.522784
chr12	8000000	8250000	0.422348
chr12	8250000	8500000	-0.489376
chr12	8500000	8750000	-0.395417
chr12	8750000	9000000	-0.27137
chr12	9000000	9250000	-0.586708
chr12	9250000	9500000	-0.20875
chr12	9500000	9750000	-0.00541669
chr12	9750000	10000000	-0.274748
chr12	10000000	10250000	0.376334
chr12	10250000	10500000	-0.064297
chr12	10500000	10750000	0.102129
chr12	10750000	11000000	-0.0964464
chr12	11000000	11250000	-0.0334815
chr12	11250000	11500000	-0.62323
chr12	11500000	11750000	0.412152
chr12	11750000	12000000	0.57596
chr12	12000000	12250000	0.67283
chr12	12250000	12500000	0.92801
chr12	12500000	12750000	0.92702
chr12	12750000	13000000	0.935821
chr12	13000000	13250000	0.687573
chr12	13250000	13500000	-0.330828
chr12	13500000	13750000	-0.514553
chr12	13750000	14000000	-0.623777
chr12	14000000	14250000	-0.400605
chr12	14250000	14500000	0.0250377
chr12	14500000	14750000	-0.379535
chr12	14750000	15000000	0.0181166
chr12	15000000	15250000	-0.442225
chr12	15250000	15500000	-0.347202
chr12	15500000	15750000	0.714238
chr12	15750000	16000000	0.560712
chr12	16000000	16250000	-0.28892
chr12	16250000	16500000	-0.121954
chr12	16500000	16750000	-0.179809
chr12	16750000	17000000	-0.4845
chr12	17000000	17250000	-0.538025
chr12	17250000	17500000	-0.526103
chr12	17500000	17750000	-0.521929
chr12	17750000	18000000	-0.622913
chr12	18000000	18250000	-0.531062
chr12	18250000	18500000	-0.0277778
chr12	18500000	18750000	0.0700893
chr12	18750000	19000000	0.162557
chr12	19000000	19250000	0.51695
chr12	19250000	19500000	0.665391
chr12	19500000	19750000	0.0679267
chr12	19750000	20000000	-0.448028
chr12	20000000	20250000	-0.472477
chr12	20250000	20500000	-0.244798
chr12	20500000	20750000	-0.279339
chr12	20750000	21000000	-0.595226
chr12	21000000	21250000	-0.570858
chr12	21250000	21500000	-0.281567
chr12	21500000	21750000	-0.163793
chr12	21750000	22000000	-0.074332
chr12	22000000	22250000	-0.303301
chr12	22250000	22500000	-0.175167
chr12	22500000	22750000	0.0346836
chr12	22750000	23000000	-0.424865
chr12	23000000	23250000	-0.506965
chr12	23250000	23500000	-0.560974
chr12	23500000	23750000	-0.608625
chr12	23750000	24000000	-0.537461
chr12	24000000	24250000	-0.5713
chr12	24250000	24500000	-0.546696
chr12	24500000	24750000	-0.463366
chr12	24750000	25000000	0.175496
chr12	25000000	25250000	0.152905
chr12	25250000	25500000	0.627064
chr12	25500000	25750000	0.90269
chr12	25750000	26000000	0.906757
chr12	26000000	26250000	0.704553
chr12	26250000	26500000	0.786169
chr12	26500000	26750000	0.770333
chr12	26750000	27000000	0.829174
chr12	27000000	27250000	0.878843
chr12	27250000	27500000	0.820097
chr12	27500000	27750000	0.824733
chr12	27750000	28000000	0.39822
chr12	28000000	28250000	0.113074
chr12	28250000	28500000	0.307711
chr12	28500000	28750000	0.0295566
chr12	28750000	29000000	-0.250196
chr12	29000000	29250000	-0.163773
chr12	29250000	29500000	-0.176806
chr12	29500000	29750000	-0.252381
chr12	29750000	30000000	-0.395301
chr12	30000000	30250000	-0.445251
chr12	30250000	30500000	-0.464827
chr12	30500000	30750000	-0.0749113
chr12	30750000	31000000	0.0712269
chr12	31000000	31250000	0.0247919
chr12	31250000	31500000	0.363382
chr12	31500000	31750000	0.548973
chr12	31750000	32000000	0.151275
chr12	32000000	32250000	0.731406
chr12	32250000	32500000	0.483962
chr12	32500000	32750000	0.563553
chr12	32750000	33000000	-0.522774
chr12	33000000	33250000	-0.69064
chr12	33250000	33500000	-0.656315
chr12	33500000	33750000	-0.665781
chr12	33750000	34000000	-0.603305
chr12	34000000	34250000	-0.580715
chr12	34250000	34500000	-0.694169
chr12	34500000	34750000	-0.882899
chr12	34750000	35000000	nan
chr12	35000000	35250000	nan
chr12	35250000	35500000	nan
chr12	35500000	35750000	nan
chr12	35750000	36000000	nan
chr12	36000000	36250000	nan
chr12	36250000	36500000	nan
chr12	36500000	36750000	nan
chr12	36750000	37000000	nan
chr12	37000000	37250000	nan
chr12	37250000	37500000	nan
chr12	37500000	37750000	-1.064
chr12	37750000	38000000	-1.07944
chr12	38000000	38250000	-0.962686
chr12	38250000	38500000	-0.911659
chr12	38500000	38750000	-1.04323
chr12	38750000	39000000	-0.982275
chr12	39000000	39250000	-0.963723
chr12	39250000	39500000	-0.607846
chr12	39500000	39750000	-0.934244
chr12	39750000	40000000	-0.83524
chr12	40000000	40250000	-0.496434
chr12	40250000	40500000	-0.736106
chr12	40500000	40750000	-1.10965
chr12	40750000	41000000	-0.957686
chr12	41000000	41250000	-0.939359
chr12	41250000	41500000	-0.699171
chr12	41500000	41750000	-0.729282
chr12	41750000	42000000	-0.75708
chr12	42000000	42250000	-0.104526
chr12	42250000	42500000	0.0165262
chr12	42500000	42750000	-0.339197
chr12	42750000	43000000	-0.422631
chr12	43000000	43250000	-0.531878
chr12	43250000	43500000	-0.542504
chr12	43500000	43750000	-0.723944
chr12	43750000	44000000	-0.0640262
chr12	44000000	44250000	-0.526213
chr12	44250000	44500000	-0.741356
chr12	44500000	44750000	-0.913538
chr12	44750000	45000000	-0.858709
chr12	45000000	45250000	-0.319579
chr12	45250000	45500000	0.22368
chr12	45500000	45750000	-0.282126
chr12	45750000	46000000	0.498573
chr12	46000000	46250000	0.459868
chr12	46250000	46500000	0.885039
chr12	46500000	46750000	0.805562
chr12	46750000	47000000	0.616556
chr12	47000000	47250000	0.807167
chr12	47250000	47500000	0.762486
chr12	47500000	47750000	0.792208
chr12	47750000	48000000	0.905605
chr12	48000000	48250000	0.337551
chr12	48250000	48500000	-0.500226
chr12	48500000	48750000	-0.00535642
chr12	48750000	49000000	1.12258
chr12	49000000	49250000	1.23179
chr12	49250000	49500000	1.07872
chr12	49500000	49750000	1.08595
chr12	49750000	50000000	1.05798
chr12	50000000	50250000	1.02936
chr12	50250000	50500000	1.03551
chr12	50500000	50750000	0.933856
chr12	50750000	51000000	0.843787
chr12	51000000	51250000	0.967892
chr12	51250000	51500000	0.869744
chr12	51500000	51750000	0.879942
chr12	51750000	52000000	0.87749
chr12	52000000	52250000	0.779878
chr12	52250000	52500000	0.432394
chr12	52500000	52750000	0.199118
chr12	52750000	53000000	0.428839
chr12	53000000	53250000	1.08838
chr12	53250000	53500000	1.23667
chr12	53500000	53750000	1.05013
chr12	53750000	54000000	0.326162
chr12	54000000	54250000	0.564929
chr12	54250000	54500000	0.743722
chr12	54500000	54750000	-0.511571
chr12	54750000	55000000	-0.803533
chr12	55000000	55250000	-0.894784
chr12	55250000	55500000	-1.03055
chr12	55500000	55750000	-0.137286
chr12	55750000	56000000	1.01178
chr12	56000000	56250000	1.17348
chr12	56250000	56500000	1.14256
chr12	56500000	56750000	1.04104
chr12	56750000	57000000	0.392455
chr12	57000000	57250000	1.02378
chr12	57250000	57500000	1.19054
chr12	57500000	57750000	1.16822
chr12	57750000	58000000	0.820062
chr12	58000000	58250000	-0.202616
chr12	58250000	58500000	0.301279
chr12	58500000	58750000	0.510226
chr12	58750000	59000000	0.4926
chr12	59000000	59250000	0.0952338
chr12	59250000	59500000	-0.228247
chr12	59500000	59750000	0.126593
chr12	59750000	60000000	0.203283
chr12	60000000	60250000	0.2047
chr12	60250000	60500000	0.095051
chr12	60500000	60750000	-0.669149
chr12	60750000	61000000	-0.804087
chr12	61000000	61250000	-0.815358
chr12	61250000	61500000	-0.8281
chr12	61500000	61750000	-0.876827
chr12	61750000	62000000	-0.835181
chr12	62000000	62250000	-0.686607
chr12	62250000	62500000	0.222751
chr12	62500000	62750000	0.73773
chr12	62750000	63000000	0.0602184
chr12	63000000	63250000	-0.709779
chr12	63250000	63500000	-0.841736
chr12	63500000	63750000	-0.514649
chr12	63750000	64000000	0.386265
chr12	64000000	64250000	0.592973
chr12	64250000	64500000	-0.0477106
chr12	64500000	64750000	0.674473
chr12	64750000	65000000	-0.338869
chr12	65000000	65250000	-0.225146
chr12	65250000	65500000	0.695886
chr12	65500000	65750000	0.862162
chr12	65750000	66000000	0.746391
chr12	66000000	66250000	0.316072
chr12	66250000	66500000	-0.433845
chr12	66500000	66750000	-0.780189
chr12	66750000	67000000	-0.936991
chr12	67000000	67250000	-0.827846
chr12	67250000	67500000	-0.0776666
chr12	67500000	67750000	-0.00102023
chr12	67750000	68000000	0.20325
chr12	68000000	68250000	-0.420141
chr12	68250000	68500000	0.452523
chr12	68500000	68750000	0.775733
chr12	68750000	69000000	0.642978
chr12	69000000	69250000	0.174756
chr12	69250000	69500000	0.184883
chr12	69500000	69750000	0.0464573
chr12	69750000	70000000	-0.560411
chr12	70000000	70250000	-0.726865
chr12	70250000	70500000	-0.417581
chr12	70500000	70750000	-0.184145
chr12	70750000	71000000	-0.903335
chr12	71000000	71250000	-1.14918
chr12	71250000	71500000	-0.937474
chr12	71500000	71750000	-0.163371
chr12	71750000	72000000	-0.0919099
chr12	72000000	72250000	-0.552879
chr12	72250000	72500000	0.072411
chr12	72500000	72750000	-0.318925
chr12	72750000	73000000	-0.820686
chr12	73000000	73250000	-0.693776
chr12	73250000	73500000	-0.840838
chr12	73500000	73750000	-0.831738
chr12	73750000	74000000	-0.912612
chr12	74000000	74250000	-0.984599
chr12	74250000	74500000	-0.900832
chr12	74500000	74750000	-0.816881
chr12	74750000	75000000	-0.79824
chr12	75000000	75250000	-0.726742
chr12	75250000	75500000	-0.0335306
chr12	75500000	75750000	0.790654
chr12	75750000	76000000	0.943832
chr12	76000000	76250000	0.752132
chr12	76250000	76500000	0.712239
chr12	76500000	76750000	0.609715
chr12	76750000	77000000	0.452368
chr12	77000000	77250000	-0.162568
chr12	77250000	77500000	-0.668976
chr12	77500000	77750000	-0.595034
chr12	77750000	78000000	-0.292001
chr12	78000000	78250000	0.188461
chr12	78250000	78500000	-0.367072
chr12	78500000	78750000	-0.272898
chr12	78750000	79000000	-0.249042
chr12	79000000	79250000	-0.362421
chr12	79250000	79500000	-0.0412054
chr12	79500000	79750000	0.475982
chr12	79750000	80000000	0.611079
chr12	80000000	80250000	0.41897
chr12	80250000	80500000	0.0809692
chr12	80500000	80750000	0.483323
chr12	80750000	81000000	-0.039774
chr12	81000000	81250000	-0.53956
chr12	81250000	81500000	-0.941692
chr12	81500000	81750000	-1.07958
chr12	81750000	82000000	-1.17955
chr12	82000000	82250000	-1.1628
chr12	82250000	82500000	-0.659102
chr12	82500000	82750000	-0.51987
chr12	82750000	83000000	-0.140603
chr12	83000000	83250000	-0.424245
chr12	83250000	83500000	-0.637712
chr12	83500000	83750000	-0.661983
chr12	83750000	84000000	-0.133583
chr12	84000000	84250000	0.113364
chr12	84250000	84500000	-0.031477
chr12	84500000	84750000	-0.126868
chr12	84750000	85000000	-0.384367
chr12	85000000	85250000	-0.770794
chr12	85250000	85500000	-0.743602
chr12	85500000	85750000	-0.583039
chr12	85750000	86000000	-0.651378
chr12	86000000	86250000	-0.801176
chr12	86250000	86500000	-0.725444
chr12	86500000	86750000	-0.545382
chr12	86750000	87000000	-0.631612
chr12	87000000	87250000	-0.730189
chr12	87250000	87500000	-0.882345
chr12	87500000	87750000	-0.931072
chr12	87750000	88000000	-0.828436
chr12	88000000	88250000	0.299038
chr12	88250000	88500000	0.805785
chr12	88500000	88750000	0.743481
chr12	88750000	89000000	0.713411
chr12	89000000	89250000	0.64809
chr12	89250000	89500000	0.666673
chr12	89500000	89750000	0.269445
chr12	89750000	90000000	0.360752
chr12	90000000	90250000	0.0132384
chr12	90250000	90500000	-0.487678
chr12	90500000	90750000	-0.563923
chr12	90750000	91000000	-0.275551
chr12	91000000	91250000	0.492446
chr12	91250000	91500000	0.0077057
chr12	91500000	91750000	-0.590023
chr12	91750000	92000000	-0.153388
chr12	92000000	92250000	0.0869502
chr12	92250000	92500000	-0.180738
chr12	92500000	92750000	0.0516569
chr12	92750000	93000000	0.650778
chr12	93000000	93250000	0.896417
chr12	93250000	93500000	0.732278
chr12	93500000	93750000	0.767135
chr12	93750000	94000000	0.84758
chr12	94000000	94250000	0.199992
chr12	94250000	94500000	0.114249
chr12	94500000	94750000	-0.195369
chr12	94750000	95000000	-0.159041
chr12	95000000	95250000	0.571585
chr12	95250000	95500000	0.487909
chr12	95500000	95750000	0.467805
chr12	95750000	96000000	0.27942
chr12	96000000	96250000	0.188134
chr12	96250000	96500000	0.731406
chr12	96500000	96750000	-0.506482
chr12	96750000	97000000	-0.215632
chr12	97000000	97250000	-0.868911
chr12	97250000	97500000	-0.893034
chr12	97500000	97750000	-0.951271
chr12	97750000	98000000	-0.947034
chr12	98000000	98250000	-0.923168
chr12	98250000	98500000	-0.460304
chr12	98500000	98750000	0.0536935
chr12	98750000	99000000	-0.798948
chr12	99000000	99250000	-1.06842
chr12	99250000	99500000	-1.11747
chr12	99500000	99750000	-1.01838
chr12	99750000	100000000	-0.765684
chr12	100000000	100250000	0.123162
chr12	100250000	100500000	-0.592089
chr12	100500000	100750000	-0.578368
chr12	100750000	101000000	-0.983225
chr12	101000000	101250000	-1.00367
chr12	101250000	101500000	-0.464169
chr12	101500000	101750000	-0.668418
chr12	101750000	102000000	0.23724
chr12	102000000	102250000	0.110059
chr12	102250000	102500000	0.111358
chr12	102500000	102750000	0.207699
chr12	102750000	103000000	-0.715767
chr12	103000000	103250000	-1.13479
chr12	103250000	103500000	-1.03844
chr12	103500000	103750000	-0.668793
chr12	103750000	104000000	0.29501
chr12	104000000	104250000	0.788201
chr12	104250000	104500000	0.651144
chr12	104500000	104750000	0.666572
chr12	104750000	105000000	0.562492
chr12	105000000	105250000	0.855617
chr12	105250000	105500000	0.740541
chr12	105500000	105750000	0.317533
chr12	105750000	106000000	0.53368
chr12	106000000	106250000	0.582748
chr12	106250000	106500000	0.237695
chr12	106500000	106750000	-0.691725
chr12	106750000	107000000	-0.0812896
chr12	107000000	107250000	-0.503149
chr12	107250000	107500000	-0.75892
chr12	107500000	107750000	-0.571777
chr12	107750000	108000000	-0.707203
chr12	108000000	108250000	-0.913228
chr12	108250000	108500000	-0.762431
chr12	108500000	108750000	0.555477
chr12	108750000	109000000	0.0425271
chr12	109000000	109250000	-0.126095
chr12	109250000	109500000	0.0223883
chr12	109500000	109750000	0.452884
chr12	109750000	110000000	0.856705
chr12	110000000	110250000	1.22972
chr12	110250000	110500000	1.1999
chr12	110500000	110750000	0.474129
chr12	110750000	111000000	-0.235142
chr12	111000000	111250000	-0.498687
chr12	111250000	111500000	0.389656
chr12	111500000	111750000	0.955125
chr12	111750000	112000000	0.92029
chr12	112000000	112250000	1.0491
chr12	112250000	112500000	0.548147
chr12	112500000	112750000	-0.956096
chr12	112750000	113000000	-0.71482
chr12	113000000	113250000	0.153719
chr12	113250000	113500000	0.324567
chr12	113500000	113750000	-0.37339
chr12	113750000	114000000	0.052687
chr12	114000000	114250000	-0.129005
chr12	114250000	114500000	0.270481
chr12	114500000	114750000	0.238622
chr12	114750000	115000000	0.680201
chr12	115000000	115250000	0.681148
chr12	115250000	115500000	0.532177
chr12	115500000	115750000	0.329671
chr12	115750000	116000000	0.204859
chr12	116000000	116250000	0.806888
chr12	116250000	116500000	0.923584
chr12	116500000	116750000	0.691327
chr12	116750000	117000000	0.396855
chr12	117000000	117250000	-0.070362
chr12	117250000	117500000	-0.891849
chr12	117500000	117750000	-0.879771
chr12	117750000	118000000	-0.749198
chr12	118000000	118250000	0.14725
chr12	118250000	118500000	-0.23416
chr12	118500000	118750000	-0.957328
chr12	118750000	119000000	-0.950138
chr12	119000000	119250000	-0.836283
chr12	119250000	119500000	-0.969767
chr12	119500000	119750000	-0.569773
chr12	119750000	120000000	0.185055
chr12	120000000	120250000	0.776577
chr12	120250000	120500000	1.16857
chr12	120500000	120750000	1.11273
chr12	120750000	121000000	1.00608
chr12	121000000	121250000	1.04534
chr12	121250000	121500000	1.23015
chr12	121500000	121750000	1.37807
chr12	121750000	122000000	1.39657
chr12	122000000	122250000	1.32651
chr12	122250000	122500000	1.37176
chr12	122500000	122750000	1.3607
chr12	122750000	123000000	1.30204
chr12	123000000	123250000	1.28391
chr12	123250000	123500000	1.32116
chr12	123500000	123750000	1.14458
chr12	123750000	124000000	0.660095
chr12	124000000	124250000	0.505112
chr12	124250000	124500000	0.930932
chr12	124500000	124750000	1.17265
chr12	124750000	125000000	0.920888
chr12	125000000	125250000	-0.189544
chr12	125250000	125500000	-0.856156
chr12	125500000	125750000	-0.949039
chr12	125750000	126000000	-0.889876
chr12	126000000	126250000	-0.795853
chr12	126250000	126500000	-0.722781
chr12	126500000	126750000	-0.674576
chr12	126750000	127000000	-0.725338
chr12	127000000	127250000	-0.150023
chr12	127250000	127500000	-0.265959
chr12	127500000	127750000	0.0368333
chr12	127750000	128000000	-0.762736
chr12	128000000	128250000	-0.861541
chr12	128250000	128500000	-0.838045
chr12	128500000	128750000	-0.71739
chr12	128750000	129000000	-0.592836
chr12	129000000	129250000	-0.803158
chr12	129250000	129500000	-0.775292
chr12	129500000	129750000	-0.87797
chr12	129750000	130000000	-0.904351
chr12	130000000	130250000	-0.842246
chr12	130250000	130500000	-0.931643
chr12	130500000	130750000	-0.869564
chr12	130750000	131000000	-0.0518576
chr12	131000000	131250000	-0.506947
chr12	131250000	131500000	-0.86504
chr12	131500000	131750000	-0.549942
chr12	131750000	132000000	0.795993
chr12	132000000	132250000	0.955314
chr12	132250000	132500000	0.495831
chr12	132500000	132750000	1.09126
chr12	132750000	133000000	0.676729
chr12	133000000	133250000	-0.531503
chr12	133250000	133275309	nan
#bedGraph section chr13:0-114364328
chr13	0	250000	nan
chr13	250000	500000	nan
chr13	500000	750000	nan
chr13	750000	1000000	nan
chr13	1000000	1250000	nan
chr13	1250000	1500000	nan
chr13	1500000	1750000	nan
chr13	1750000	2000000	nan
chr13	2000000	2250000	nan
chr13	2250000	2500000	nan
chr13	2500000	2750000	nan
chr13	2750000	3000000	nan
chr13	3000000	3250000	nan
chr13	3250000	3500000	nan
chr13	3500000	3750000	nan
chr13	3750000	4000000	nan
chr13	4000000	4250000	nan
chr13	4250000	4500000	nan
chr13	4500000	4750000	nan
chr13	4750000	5000000	nan
chr13	5000000	5250000	nan
chr13	5250000	5500000	nan
chr13	5500000	5750000	nan
chr13	5750000	6000000	nan
chr13	6000000	6250000	nan
chr13	6250000	6500000	nan
chr13	6500000	6750000	nan
chr13	6750000	7000000	nan
chr13	7000000	7250000	nan
chr13	7250000	7500000	nan
chr13	7500000	7750000	nan
chr13	7750000	8000000	nan
chr13	8000000	8250000	nan
chr13	8250000	8500000	nan
chr13	8500000	8750000	nan
chr13	8750000	9000000	nan
chr13	9000000	9250000	nan
chr13	9250000	9500000	nan
chr13	9500000	9750000	nan
chr13	9750000	10000000	nan
chr13	10000000	10250000	nan
chr13	10250000	10500000	nan
chr13	10500000	10750000	nan
chr13	10750000	11000000	nan
chr13	11000000	11250000	nan
chr13	11250000	11500000	nan
chr13	11500000	11750000	nan
chr13	11750000	12000000	nan
chr13	12000000	12250000	nan
chr13	12250000	12500000	nan
chr13	12500000	12750000	nan
chr13	12750000	13000000	nan
chr13	13000000	13250000	nan
chr13	13250000	13500000	nan
chr13	13500000	13750000	nan
chr13	13750000	14000000	nan
chr13	14000000	14250000	nan
chr13	14250000	14500000	nan
chr13	14500000	14750000	nan
chr13	14750000	15000000	nan
chr13	15000000	15250000	nan
chr13	15250000	15500000	nan
chr13	15500000	15750000	nan
chr13	15750000	16000000	nan
chr13	16000000	16250000	nan
chr13	16250000	16500000	nan
chr13	16500000	16750000	nan
chr13	16750000	17000000	nan
chr13	17000000	17250000	nan
chr13	17250000	17500000	nan
chr13	17500000	17750000	nan
chr13	17750000	18000000	nan
chr13	18000000	18250000	-0.0384951
chr13	18250000	18500000	nan
chr13	18500000	18750000	-1.272
chr13	18750000	19000000	-1.40513
chr13	19000000	19250000	-1.42695
chr13	19250000	19500000	-1.45987
chr13	19500000	19750000	-0.117122
chr13	19750000	20000000	0.380835
chr13	20000000	20250000	0.364422
chr13	20250000	20500000	0.186233
chr13	20500000	20750000	0.513859
chr13	20750000	21000000	0.695872
chr13	21000000	21250000	0.624917
chr13	21250000	21500000	0.235968
chr13	21500000	21750000	-0.227254
chr13	21750000	22000000	-0.982738
chr13	22000000	22250000	-1.08393
chr13	22250000	22500000	-1.22646
chr13	22500000	22750000	-1.16773
chr13	22750000	23000000	-0.840588
chr13	23000000	23250000	-0.597535
chr13	23250000	23500000	0.246197
chr13	23500000	23750000	0.73941
chr13	23750000	24000000	0.594329
chr13	24000000	24250000	0.826549
chr13	24250000	24500000	0.22978
chr13	24500000	24750000	-0.0891901
chr13	24750000	25000000	-0.18358
chr13	25000000	25250000	-0.377882
chr13	25250000	25500000	-0.351841
chr13	25500000	25750000	-0.837322
chr13	25750000	26000000	-0.802202
chr13	26000000	26250000	-0.216224
chr13	26250000	26500000	0.120433
chr13	26500000	26750000	0.121975
chr13	26750000	27000000	-0.141622
chr13	27000000	27250000	0.640706
chr13	27250000	27500000	0.229703
chr13	27500000	27750000	-0.0639868
chr13	27750000	28000000	-0.150421
chr13	28000000	28250000	0.171723
chr13	28250000	28500000	0.644032
chr13	28500000	28750000	0.531117
chr13	28750000	29000000	-0.50675
chr13	29000000	29250000	-0.746417
chr13	29250000	29500000	-0.103146
chr13	29500000	29750000	0.688154
chr13	29750000	30000000	0.791218
chr13	30000000	30250000	0.761871
chr13	30250000	30500000	0.776977
chr13	30500000	30750000	0.762464
chr13	30750000	31000000	0.774009
chr13	31000000	31250000	0.58252
chr13	31250000	31500000	-0.155106
chr13	31500000	31750000	-0.154396
chr13	31750000	32000000	0.43115
chr13	32000000	32250000	0.777678
chr13	32250000	32500000	0.715837
chr13	32500000	32750000	0.632106
chr13	32750000	33000000	0.478093
chr13	33000000	33250000	0.594256
chr13	33250000	33500000	0.645165
chr13	33500000	33750000	0.536513
chr13	33750000	34000000	0.384393
chr13	34000000	34250000	0.454588
chr13	34250000	34500000	0.386055
chr13	34500000	34750000	0.147575
chr13	34750000	35000000	0.195635
chr13	35000000	35250000	0.2702
chr13	35250000	35500000	0.229921
chr13	35500000	35750000	0.532726
chr13	35750000	36000000	0.23342
chr13	36000000	36250000	-0.515185
chr13	36250000	36500000	-0.0320706
chr13	36500000	36750000	-0.585994
chr13	36750000	37000000	0.161793
chr13	37000000	37250000	0.613428
chr13	37250000	37500000	0.718066
chr13	37500000	37750000	0.52436
chr13	37750000	38000000	0.154633
chr13	38000000	38250000	-0.263994
chr13	38250000	38500000	-0.243696
chr13	38500000	38750000	-0.50565
chr13	38750000	39000000	-0.54716
chr13	39000000	39250000	-0.34704
chr13	39250000	39500000	0.0693873
chr13	39500000	39750000	0.303579
chr13	39750000	40000000	-0.170878
chr13	40000000	40250000	-0.118017
chr13	40250000	40500000	-0.0580275
chr13	40500000	40750000	0.0490715
chr13	40750000	41000000	0.412851
chr13	41000000	41250000	0.829854
chr13	41250000	41500000	0.802189
chr13	41500000	41750000	0.846397
chr13	41750000	42000000	0.8279
chr13	42000000	42250000	0.779624
chr13	42250000	42500000	0.16061
chr13	42500000	42750000	0.237666
chr13	42750000	43000000	0.57317
chr13	43000000	43250000	0.606372
chr13	43250000	43500000	0.525926
chr13	43500000	43750000	0.439748
chr13	43750000	44000000	0.603868
chr13	44000000	44250000	0.701637
chr13	44250000	44500000	0.713872
chr13	44500000	44750000	0.767762
chr13	44750000	45000000	0.833726
chr13	45000000	45250000	0.832033
chr13	45250000	45500000	0.804339
chr13	45500000	45750000	0.0587541
chr13	45750000	46000000	-0.103364
chr13	46000000	46250000	-0.0123982
chr13	46250000	46500000	0.237708
chr13	46500000	46750000	0.616121
chr13	46750000	47000000	0.0943476
chr13	47000000	47250000	0.18223
chr13	47250000	47500000	0.0684325
chr13	47500000	47750000	-0.0468307
chr13	47750000	48000000	-0.121831
chr13	48000000	48250000	0.222413
chr13	48250000	48500000	0.522355
chr13	48500000	48750000	0.114227
chr13	48750000	49000000	0.520034
chr13	49000000	49250000	0.728809
chr13	49250000	49500000	0.754673
chr13	49500000	49750000	0.808404
chr13	49750000	50000000	0.633698
chr13	50000000	50250000	0.587721
chr13	50250000	50500000	0.47529
chr13	50500000	50750000	0.414644
chr13	50750000	51000000	0.272664
chr13	51000000	51250000	0.0266021
chr13	51250000	51500000	0.456541
chr13	51500000	51750000	0.826858
chr13	51750000	52000000	0.19383
chr13	52000000	52250000	0.103816
chr13	52250000	52500000	0.269489
chr13	52500000	52750000	-0.0568333
chr13	52750000	53000000	-0.475656
chr13	53000000	53250000	-0.646909
chr13	53250000	53500000	-0.887656
chr13	53500000	53750000	-0.943374
chr13	53750000	54000000	-0.955468
chr13	54000000	54250000	-1.01208
chr13	54250000	54500000	-0.954554
chr13	54500000	54750000	-0.945065
chr13	54750000	55000000	-0.971055
chr13	55000000	55250000	-0.971296
chr13	55250000	55500000	-0.952617
chr13	55500000	55750000	-0.998328
chr13	55750000	56000000	-0.948108
chr13	56000000	56250000	-0.964523
chr13	56250000	56500000	-1.04932
chr13	56500000	56750000	-1.02983
chr13	56750000	57000000	-1.02498
chr13	57000000	57250000	-1.02765
chr13	57250000	57500000	-1.09281
chr13	57500000	57750000	-0.943974
chr13	57750000	58000000	-0.976555
chr13	58000000	58250000	-0.927865
chr13	58250000	58500000	-0.939646
chr13	58500000	58750000	-0.92536
chr13	58750000	59000000	-0.852344
chr13	59000000	59250000	-0.752482
chr13	59250000	59500000	-0.360566
chr13	59500000	59750000	-0.137929
chr13	59750000	60000000	0.471947
chr13	60000000	60250000	0.417
chr13	60250000	60500000	-0.175967
chr13	60500000	60750000	-0.583226
chr13	60750000	61000000	-0.984426
chr13	61000000	61250000	-0.980536
chr13	61250000	61500000	-1.06886
chr13	61500000	61750000	-1.14675
chr13	61750000	62000000	-1.17998
chr13	62000000	62250000	-1.15126
chr13	62250000	62500000	-1.03415
chr13	62500000	62750000	-0.975781
chr13	62750000	63000000	-0.719669
chr13	63000000	63250000	-0.573401
chr13	63250000	63500000	-0.606636
chr13	63500000	63750000	-0.618922
chr13	63750000	64000000	-0.531451
chr13	64000000	64250000	-0.221888
chr13	64250000	64500000	0.153822
chr13	64500000	64750000	0.452198
chr13	64750000	65000000	0.408836
chr13	65000000	65250000	0.331488
chr13	65250000	65500000	0.25305
chr13	65500000	65750000	0.274465
chr13	65750000	66000000	0.190094
chr13	66000000	66250000	-0.0307855
chr13	66250000	66500000	-0.0142288
chr13	66500000	66750000	0.130159
chr13	66750000	67000000	-0.249728
chr13	67000000	67250000	6.92451e-05
chr13	67250000	67500000	-0.850785
chr13	67500000	67750000	-1.20821
chr13	67750000	68000000	-1.23026
chr13	68000000	68250000	-1.24696
chr13	68250000	68500000	-1.21537
chr13	68500000	68750000	-1.19468
chr13	68750000	69000000	-1.17494
chr13	69000000	69250000	-1.16677
chr13	69250000	69500000	-1.15099
chr13	69500000	69750000	-1.15604
chr13	69750000	70000000	-1.1437
chr13	70000000	70250000	-1.11373
chr13	70250000	70500000	-1.105
chr13	70500000	70750000	-0.955924
chr13	70750000	71000000	-0.867708
chr13	71000000	71250000	-0.71425
chr13	71250000	71500000	-0.364649
chr13	71500000	71750000	-0.142295
chr13	71750000	72000000	-0.376077
chr13	72000000	72250000	-0.545489
chr13	72250000	72500000	-0.425582
chr13	72500000	72750000	-0.208184
chr13	72750000	73000000	0.559299
chr13	73000000	73250000	0.731656
chr13	73250000	73500000	0.440878
chr13	73500000	73750000	0.143832
chr13	73750000	74000000	0.58917
chr13	74000000	74250000	0.662307
chr13	74250000	74500000	0.251261
chr13	74500000	74750000	0.132583
chr13	74750000	75000000	0.22381
chr13	75000000	75250000	0.293697
chr13	75250000	75500000	0.720304
chr13	75500000	75750000	0.787732
chr13	75750000	76000000	0.220223
chr13	76000000	76250000	-0.338755
chr13	76250000	76500000	-0.216619
chr13	76500000	76750000	-0.142376
chr13	76750000	77000000	0.188396
chr13	77000000	77250000	0.438448
chr13	77250000	77500000	-0.221062
chr13	77500000	77750000	-0.580181
chr13	77750000	78000000	-0.61831
chr13	78000000	78250000	-0.273484
chr13	78250000	78500000	-0.369467
chr13	78500000	78750000	-0.212976
chr13	78750000	79000000	-0.492468
chr13	79000000	79250000	-0.609755
chr13	79250000	79500000	0.190749
chr13	79500000	79750000	0.0174238
chr13	79750000	80000000	0.452716
chr13	80000000	80250000	0.508523
chr13	80250000	80500000	-0.200407
chr13	80500000	80750000	-0.937405
chr13	80750000	81000000	-1.05384
chr13	81000000	81250000	-1.07763
chr13	81250000	81500000	-1.04278
chr13	81500000	81750000	-0.968091
chr13	81750000	82000000	-0.808763
chr13	82000000	82250000	-0.712223
chr13	82250000	82500000	-0.384992
chr13	82500000	82750000	0.176342
chr13	82750000	83000000	0.178629
chr13	83000000	83250000	0.351809
chr13	83250000	83500000	0.363462
chr13	83500000	83750000	0.287925
chr13	83750000	84000000	0.0263347
chr13	84000000	84250000	-0.167117
chr13	84250000	84500000	-0.194064
chr13	84500000	84750000	-0.262832
chr13	84750000	85000000	-0.599279
chr13	85000000	85250000	-0.586207
chr13	85250000	85500000	-0.198894
chr13	85500000	85750000	0.0204606
chr13	85750000	86000000	-0.74056
chr13	86000000	86250000	-1.22517
chr13	86250000	86500000	-1.17827
chr13	86500000	86750000	-0.877006
chr13	86750000	87000000	-1.16117
chr13	87000000	87250000	-1.08448
chr13	87250000	87500000	-1.12286
chr13	87500000	87750000	-0.994224
chr13	87750000	88000000	-0.984222
chr13	88000000	88250000	-0.941932
chr13	88250000	88500000	-0.927024
chr13	88500000	88750000	-0.864243
chr13	88750000	89000000	-0.846175
chr13	89000000	89250000	-0.784551
chr13	89250000	89500000	-0.708277
chr13	89500000	89750000	-0.651707
chr13	89750000	90000000	-0.571213
chr13	90000000	90250000	-0.436859
chr13	90250000	90500000	0.0694303
chr13	90500000	90750000	-0.103385
chr13	90750000	91000000	-0.708705
chr13	91000000	91250000	-1.03682
chr13	91250000	91500000	-0.76041
chr13	91500000	91750000	-1.06621
chr13	91750000	92000000	-0.997972
chr13	92000000	92250000	-0.824016
chr13	92250000	92500000	-0.782734
chr13	92500000	92750000	-0.600944
chr13	92750000	93000000	-0.451969
chr13	93000000	93250000	-0.169588
chr13	93250000	93500000	-0.0134819
chr13	93500000	93750000	0.0196666
chr13	93750000	94000000	0.0740675
chr13	94000000	94250000	0.192682
chr13	94250000	94500000	0.0612162
chr13	94500000	94750000	0.0245114
chr13	94750000	95000000	-0.282959
chr13	95000000	95250000	0.398864
chr13	95250000	95500000	0.233489
chr13	95500000	95750000	0.431116
chr13	95750000	96000000	0.17381
chr13	96000000	96250000	-0.465757
chr13	96250000	96500000	-0.904557
chr13	96500000	96750000	-0.978269
chr13	96750000	97000000	-0.755867
chr13	97000000	97250000	0.0394796
chr13	97250000	97500000	0.322708
chr13	97500000	97750000	-0.395894
chr13	97750000	98000000	0.184977
chr13	98000000	98250000	0.835383
chr13	98250000	98500000	0.849796
chr13	98500000	98750000	0.816279
chr13	98750000	99000000	0.795371
chr13	99000000	99250000	0.72925
chr13	99250000	99500000	0.740231
chr13	99500000	99750000	0.177793
chr13	99750000	100000000	-0.205297
chr13	100000000	100250000	0.425898
chr13	100250000	100500000	0.48608
chr13	100500000	100750000	0.0168757
chr13	100750000	101000000	-0.559406
chr13	101000000	101250000	-0.175321
chr13	101250000	101500000	0.352425
chr13	101500000	101750000	0.392126
chr13	101750000	102000000	-0.449418
chr13	102000000	102250000	-0.698726
chr13	102250000	102500000	-0.693152
chr13	102500000	102750000	0.00219467
chr13	102750000	103000000	-0.0011753
chr13	103000000	103250000	-0.663682
chr13	103250000	103500000	-0.724117
chr13	103500000	103750000	-0.785507
chr13	103750000	104000000	-0.707091
chr13	104000000	104250000	-0.63865
chr13	104250000	104500000	-0.61254
chr13	104500000	104750000	-0.55467
chr13	104750000	105000000	-0.51955
chr13	105000000	105250000	-0.399781
chr13	105250000	105500000	-0.296925
chr13	105500000	105750000	-0.331986
chr13	105750000	106000000	-0.0511821
chr13	106000000	106250000	0.342564
chr13	106250000	106500000	0.278519
chr13	106500000	106750000	-0.130752
chr13	106750000	107000000	-0.505907
chr13	107000000	107250000	-0.650998
chr13	107250000	107500000	-1.19705
chr13	107500000	107750000	-1.3312
chr13	107750000	108000000	-1.19591
chr13	108000000	108250000	-0.820912
chr13	108250000	108500000	-0.56803
chr13	108500000	108750000	-0.425543
chr13	108750000	109000000	0.117263
chr13	109000000	109250000	0.153645
chr13	109250000	109500000	0.360727
chr13	109500000	109750000	0.0407072
chr13	109750000	110000000	0.566498
chr13	110000000	110250000	0.624874
chr13	110250000	110500000	0.927313
chr13	110500000	110750000	0.809444
chr13	110750000	111000000	0.65174
chr13	111000000	111250000	0.453944
chr13	111250000	111500000	-0.0621046
chr13	111500000	111750000	-0.544712
chr13	111750000	112000000	-0.672056
chr13	112000000	112250000	-0.610197
chr13	112250000	112500000	-0.502268
chr13	112500000	112750000	0.371639
chr13	112750000	113000000	0.4006
chr13	113000000	113250000	0.732516
chr13	113250000	113500000	0.930212
chr13	113500000	113750000	0.956021
chr13	113750000	114000000	1.01966
chr13	114000000	114250000	0.980978
chr13	114250000	114364328	0.682267
#bedGraph section chr14:0-107043718
chr14	0	250000	nan
chr14	250000	500000	nan
chr14	500000	750000	nan
chr14	750000	1000000	nan
chr14	1000000	1250000	nan
chr14	1250000	1500000	nan
chr14	1500000	1750000	nan
chr14	1750000	2000000	nan
chr14	2000000	2250000	nan
chr14	2250000	2500000	nan
chr14	2500000	2750000	nan
chr14	2750000	3000000	nan
chr14	3000000	3250000	nan
chr14	3250000	3500000	nan
chr14	3500000	3750000	nan
chr14	3750000	4000000	nan
chr14	4000000	4250000	nan
chr14	4250000	4500000	nan
chr14	4500000	4750000	nan
chr14	4750000	5000000	nan
chr14	5000000	5250000	nan
chr14	5250000	5500000	nan
chr14	5500000	5750000	nan
chr14	5750000	6000000	nan
chr14	6000000	6250000	nan
chr14	6250000	6500000	nan
chr14	6500000	6750000	nan
chr14	6750000	7000000	nan
chr14	7000000	7250000	nan
chr14	7250000	7500000	nan
chr14	7500000	7750000	nan
chr14	7750000	8000000	nan
chr14	8000000	8250000	nan
chr14	8250000	8500000	nan
chr14	8500000	8750000	nan
chr14	8750000	9000000	nan
chr14	9000000	9250000	nan
chr14	9250000	9500000	nan
chr14	9500000	9750000	nan
chr14	9750000	10000000	nan
chr14	10000000	10250000	nan
chr14	10250000	10500000	nan
chr14	10500000	10750000	nan
chr14	10750000	11000000	nan
chr14	11000000	11250000	nan
chr14	11250000	11500000	nan
chr14	11500000	11750000	nan
chr14	11750000	12000000	nan
chr14	12000000	12250000	nan
chr14	12250000	12500000	nan
chr14	12500000	12750000	nan
chr14	12750000	13000000	nan
chr14	13000000	13250000	nan
chr14	13250000	13500000	nan
chr14	13500000	13750000	nan
chr14	13750000	14000000	nan
chr14	14000000	14250000	nan
chr14	14250000	14500000	nan
chr14	14500000	14750000	nan
chr14	14750000	15000000	nan
chr14	15000000	15250000	nan
chr14	15250000	15500000	nan
chr14	15500000	15750000	nan
chr14	15750000	16000000	nan
chr14	16000000	16250000	nan
chr14	16250000	16500000	nan
chr14	16500000	16750000	nan
chr14	16750000	17000000	nan
chr14	17000000	17250000	nan
chr14	17250000	17500000	nan
chr14	17500000	17750000	nan
chr14	17750000	18000000	nan
chr14	18000000	18250000	nan
chr14	18250000	18500000	nan
chr14	18500000	18750000	nan
chr14	18750000	19000000	nan
chr14	19000000	19250000	nan
chr14	19250000	19500000	nan
chr14	19500000	19750000	nan
chr14	19750000	20000000	-1.22313
chr14	20000000	20250000	-1.066
chr14	20250000	20500000	0.233079
chr14	20500000	20750000	-0.262315
chr14	20750000	21000000	-0.372164
chr14	21000000	21250000	0.338298
chr14	21250000	21500000	0.542485
chr14	21500000	21750000	-0.585561
chr14	21750000	22000000	-1.08387
chr14	22000000	22250000	-0.938479
chr14	22250000	22500000	-0.369492
chr14	22500000	22750000	0.276731
chr14	22750000	23000000	0.673681
chr14	23000000	23250000	0.737099
chr14	23250000	23500000	0.338685
chr14	23500000	23750000	-0.0422304
chr14	23750000	24000000	-0.176588
chr14	24000000	24250000	0.671996
chr14	24250000	24500000	0.501255
chr14	24500000	24750000	-0.570838
chr14	24750000	25000000	0.219758
chr14	25000000	25250000	0.038348
chr14	25250000	25500000	-0.874813
chr14	25500000	25750000	-1.01533
chr14	25750000	26000000	-1.0213
chr14	26000000	26250000	-0.976087
chr14	26250000	26500000	-1.01172
chr14	26500000	26750000	-0.940865
chr14	26750000	27000000	-0.987358
chr14	27000000	27250000	-1.00275
chr14	27250000	27500000	-0.974136
chr14	27500000	27750000	-0.927596
chr14	27750000	28000000	-0.987156
chr14	28000000	28250000	-1.03449
chr14	28250000	28500000	-1.05008
chr14	28500000	28750000	-0.862169
chr14	28750000	29000000	-0.47439
chr14	29000000	29250000	-0.056835
chr14	29250000	29500000	0.0981325
chr14	29500000	29750000	0.205012
chr14	29750000	30000000	0.20707
chr14	30000000	30250000	0.0493266
chr14	30250000	30500000	-0.408459
chr14	30500000	30750000	0.147418
chr14	30750000	31000000	0.126879
chr14	31000000	31250000	0.843663
chr14	31250000	31500000	0.650244
chr14	31500000	31750000	0.0596832
chr14	31750000	32000000	0.210421
chr14	32000000	32250000	0.366461
chr14	32250000	32500000	0.384887
chr14	32500000	32750000	0.296263
chr14	32750000	33000000	-0.0823214
chr14	33000000	33250000	-0.308806
chr14	33250000	33500000	-0.168159
chr14	33500000	33750000	0.248388
chr14	33750000	34000000	-0.0853274
chr14	34000000	34250000	-0.177986
chr14	34250000	34500000	0.137087
chr14	34500000	34750000	0.864646
chr14	34750000	35000000	0.867673
chr14	35000000	35250000	0.758394
chr14	35250000	35500000	0.65611
chr14	35500000	35750000	0.134757
chr14	35750000	36000000	-0.306441
chr14	36000000	36250000	-0.601156
chr14	36250000	36500000	-0.461907
chr14	36500000	36750000	-0.455772
chr14	36750000	37000000	-0.404804
chr14	37000000	37250000	-0.193941
chr14	37250000	37500000	-0.275455
chr14	37500000	37750000	-0.264308
chr14	37750000	38000000	-0.100241
chr14	38000000	38250000	0.445669
chr14	38250000	38500000	0.449283
chr14	38500000	38750000	-0.0905107
chr14	38750000	39000000	-0.394221
chr14	39000000	39250000	0.350599
chr14	39250000	39500000	-0.055868
chr14	39500000	39750000	-1.00755
chr14	39750000	40000000	-1.1089
chr14	40000000	40250000	-1.03779
chr14	40250000	40500000	-1.00513
chr14	40500000	40750000	-0.947311
chr14	40750000	41000000	-0.949814
chr14	41000000	41250000	-0.905418
chr14	41250000	41500000	-0.931534
chr14	41500000	41750000	-0.89344
chr14	41750000	42000000	-0.849796
chr14	42000000	42250000	-0.857709
chr14	42250000	42500000	-0.872761
chr14	42500000	42750000	-0.858549
chr14	42750000	43000000	-0.882611
chr14	43000000	43250000	-0.873087
chr14	43250000	43500000	-0.873312
chr14	43500000	43750000	-0.899178
chr14	43750000	44000000	-0.929688
chr14	44000000	44250000	-0.99089
chr14	44250000	44500000	-1.05982
chr14	44500000	44750000	-1.02475
chr14	44750000	45000000	-0.428102
chr14	45000000	45250000	0.353416
chr14	45250000	45500000	-0.86306
chr14	45500000	45750000	-0.883291
chr14	45750000	46000000	-0.913243
chr14	46000000	46250000	-0.819583
chr14	46250000	46500000	-0.886795
chr14	46500000	46750000	-0.906745
chr14	46750000	47000000	-0.88413
chr14	47000000	47250000	-0.954109
chr14	47250000	47500000	-0.980015
chr14	47500000	47750000	-1.07801
chr14	47750000	48000000	-1.05384
chr14	48000000	48250000	-1.03422
chr14	48250000	48500000	-1.0881
chr14	48500000	48750000	-1.21717
chr14	48750000	49000000	-1.18597
chr14	49000000	49250000	-1.25918
chr14	49250000	49500000	-1.09494
chr14	49500000	49750000	0.0371622
chr14	49750000	50000000	1.02989
chr14	50000000	50250000	1.02334
chr14	50250000	50500000	0.886527
chr14	50500000	50750000	0.839359
chr14	50750000	51000000	0.694391
chr14	51000000	51250000	0.343052
chr14	51250000	51500000	0.780586
chr14	51500000	51750000	0.797325
chr14	51750000	52000000	0.630536
chr14	52000000	52250000	0.62456
chr14	52250000	52500000	0.643197
chr14	52500000	52750000	0.611457
chr14	52750000	53000000	0.733214
chr14	53000000	53250000	0.550702
chr14	53250000	53500000	0.540092
chr14	53500000	53750000	0.422056
chr14	53750000	54000000	0.439091
chr14	54000000	54250000	0.545615
chr14	54250000	54500000	0.668795
chr14	54500000	54750000	0.778583
chr14	54750000	55000000	0.719973
chr14	55000000	55250000	0.835398
chr14	55250000	55500000	0.575061
chr14	55500000	55750000	0.323519
chr14	55750000	56000000	-0.315436
chr14	56000000	56250000	-0.0242185
chr14	56250000	56500000	-0.0131823
chr14	56500000	56750000	-0.471423
chr14	56750000	57000000	-0.884098
chr14	57000000	57250000	-0.622264
chr14	57250000	57500000	-0.298834
chr14	57500000	57750000	-0.885149
chr14	57750000	58000000	-0.798811
chr14	58000000	58250000	-0.218037
chr14	58250000	58500000	0.621952
chr14	58500000	58750000	0.477454
chr14	58750000	59000000	0.435519
chr14	59000000	59250000	0.394265
chr14	59250000	59500000	0.471522
chr14	59500000	59750000	-0.776241
chr14	59750000	60000000	-0.870979
chr14	60000000	60250000	-0.337687
chr14	60250000	60500000	-0.461298
chr14	60500000	60750000	-0.0361232
chr14	60750000	61000000	0.595684
chr14	61000000	61250000	0.56293
chr14	61250000	61500000	-0.142746
chr14	61500000	61750000	0.651388
chr14	61750000	62000000	-0.0586003
chr14	62000000	62250000	-0.33244
chr14	62250000	62500000	-0.7941
chr14	62500000	62750000	-0.880735
chr14	62750000	63000000	-0.664093
chr14	63000000	63250000	-0.467367
chr14	63250000	63500000	-0.0480707
chr14	63500000	63750000	0.314759
chr14	63750000	64000000	0.342349
chr14	64000000	64250000	0.405041
chr14	64250000	64500000	0.586591
chr14	64500000	64750000	0.818771
chr14	64750000	65000000	0.588941
chr14	65000000	65250000	0.260994
chr14	65250000	65500000	0.409437
chr14	65500000	65750000	0.0451808
chr14	65750000	66000000	-0.427033
chr14	66000000	66250000	-1.06771
chr14	66250000	66500000	-1.04426
chr14	66500000	66750000	-0.488728
chr14	66750000	67000000	-0.341912
chr14	67000000	67250000	-0.0511597
chr14	67250000	67500000	0.429776
chr14	67500000	67750000	0.500281
chr14	67750000	68000000	0.781153
chr14	68000000	68250000	0.794116
chr14	68250000	68500000	0.779104
chr14	68500000	68750000	0.801465
chr14	68750000	69000000	0.769527
chr14	69000000	69250000	0.764307
chr14	69250000	69500000	0.614067
chr14	69500000	69750000	0.411391
chr14	69750000	70000000	-0.561439
chr14	70000000	70250000	-0.723219
chr14	70250000	70500000	-0.561363
chr14	70500000	70750000	-0.383045
chr14	70750000	71000000	0.0985014
chr14	71000000	71250000	0.380901
chr14	71250000	71500000	0.548787
chr14	71500000	71750000	0.500921
chr14	71750000	72000000	-0.495076
chr14	72000000	72250000	-1.06319
chr14	72250000	72500000	-0.622964
chr14	72500000	72750000	0.610754
chr14	72750000	73000000	0.623006
chr14	73000000	73250000	0.867668
chr14	73250000	73500000	0.898186
chr14	73500000	73750000	0.878975
chr14	73750000	74000000	0.873458
chr14	74000000	74250000	0.695899
chr14	74250000	74500000	0.646513
chr14	74500000	74750000	0.829311
chr14	74750000	75000000	0.847371
chr14	75000000	75250000	0.864072
chr14	75250000	75500000	0.65277
chr14	75500000	75750000	0.48995
chr14	75750000	76000000	0.567366
chr14	76000000	76250000	0.110566
chr14	76250000	76500000	-0.241613
chr14	76500000	76750000	-0.423268
chr14	76750000	77000000	0.395454
chr14	77000000	77250000	0.296573
chr14	77250000	77500000	0.275201
chr14	77500000	77750000	0.564688
chr14	77750000	78000000	-0.322767
chr14	78000000	78250000	-0.8838
chr14	78250000	78500000	-0.964993
chr14	78500000	78750000	-0.800659
chr14	78750000	79000000	-0.675675
chr14	79000000	79250000	-0.64026
chr14	79250000	79500000	-0.755425
chr14	79500000	79750000	-0.725813
chr14	79750000	80000000	-0.758726
chr14	80000000	80250000	-0.34379
chr14	80250000	80500000	0.317415
chr14	80500000	80750000	0.377779
chr14	80750000	81000000	0.00203836
chr14	81000000	81250000	-0.658799
chr14	81250000	81500000	-0.673762
chr14	81500000	81750000	-1.21578
chr14	81750000	82000000	-1.37567
chr14	82000000	82250000	-1.29842
chr14	82250000	82500000	-1.24367
chr14	82500000	82750000	-1.03861
chr14	82750000	83000000	-0.929179
chr14	83000000	83250000	-0.750087
chr14	83250000	83500000	-0.242698
chr14	83500000	83750000	-0.238613
chr14	83750000	84000000	-0.234644
chr14	84000000	84250000	-0.405663
chr14	84250000	84500000	-0.361331
chr14	84500000	84750000	-0.39148
chr14	84750000	85000000	-0.36324
chr14	85000000	85250000	-0.0789841
chr14	85250000	85500000	0.289967
chr14	85500000	85750000	-0.0473418
chr14	85750000	86000000	-0.575843
chr14	86000000	86250000	-0.480606
chr14	86250000	86500000	-0.343431
chr14	86500000	86750000	-0.13367
chr14	86750000	87000000	-0.202903
chr14	87000000	87250000	-0.880401
chr14	87250000	87500000	-1.22884
chr14	87500000	87750000	-1.23492
chr14	87750000	88000000	-0.79013
chr14	88000000	88250000	-0.923158
chr14	88250000	88500000	-0.496359
chr14	88500000	88750000	0.432137
chr14	88750000	89000000	0.50322
chr14	89000000	89250000	0.383554
chr14	89250000	89500000	0.561815
chr14	89500000	89750000	0.485713
chr14	89750000	90000000	0.455376
chr14	90000000	90250000	-0.246743
chr14	90250000	90500000	0.164607
chr14	90500000	90750000	0.20046
chr14	90750000	91000000	-0.0669836
chr14	91000000	91250000	-0.0238679
chr14	91250000	91500000	-0.0968267
chr14	91500000	91750000	-0.67288
chr14	91750000	92000000	-0.0930278
chr14	92000000	92250000	0.374537
chr14	92250000	92500000	0.401734
chr14	92500000	92750000	0.662329
chr14	92750000	93000000	0.193901
chr14	93000000	93250000	0.377709
chr14	93250000	93500000	-0.655276
chr14	93500000	93750000	-1.0919
chr14	93750000	94000000	-0.65905
chr14	94000000	94250000	-0.153381
chr14	94250000	94500000	-0.708725
chr14	94500000	94750000	-0.852745
chr14	94750000	95000000	-0.815179
chr14	95000000	95250000	-0.540467
chr14	95250000	95500000	-0.21022
chr14	95500000	95750000	-0.343739
chr14	95750000	96000000	-0.561862
chr14	96000000	96250000	0.456743
chr14	96250000	96500000	0.260131
chr14	96500000	96750000	-0.482609
chr14	96750000	97000000	-0.590932
chr14	97000000	97250000	-0.895488
chr14	97250000	97500000	-0.94641
chr14	97500000	97750000	-0.916788
chr14	97750000	98000000	-0.883195
chr14	98000000	98250000	-0.908254
chr14	98250000	98500000	-0.898133
chr14	98500000	98750000	-0.834876
chr14	98750000	99000000	-0.75807
chr14	99000000	99250000	-0.641609
chr14	99250000	99500000	-0.149988
chr14	99500000	99750000	0.903054
chr14	99750000	100000000	0.980463
chr14	100000000	100250000	0.919277
chr14	100250000	100500000	0.704109
chr14	100500000	100750000	0.612802
chr14	100750000	101000000	0.43714
chr14	101000000	101250000	0.162711
chr14	101250000	101500000	-0.155978
chr14	101500000	101750000	0.0712658
chr14	101750000	102000000	0.727931
chr14	102000000	102250000	0.936176
chr14	102250000	102500000	0.963867
chr14	102500000	102750000	0.969798
chr14	102750000	103000000	0.942309
chr14	103000000	103250000	0.956039
chr14	103250000	103500000	1.04487
chr14	103500000	103750000	0.851064
chr14	103750000	104000000	-0.0185762
chr14	104000000	104250000	-0.414582
chr14	104250000	104500000	-0.749953
chr14	104500000	104750000	0.0555961
chr14	104750000	105000000	0.723396
chr14	105000000	105250000	0.613731
chr14	105250000	105500000	0.661427
chr14	105500000	105750000	-0.552029
chr14	105750000	106000000	-1.11661
chr14	106000000	106250000	-1.43162
chr14	106250000	106500000	-1.6278
chr14	106500000	106750000	-1.77264
chr14	106750000	107000000	-1.56515
chr14	107000000	107043718	nan
#bedGraph section chr15:0-101991189
chr15	0	250000	nan
chr15	250000	500000	nan
chr15	500000	750000	nan
chr15	750000	1000000	nan
chr15	1000000	1250000	nan
chr15	1250000	1500000	nan
chr15	1500000	1750000	nan
chr15	1750000	2000000	nan
chr15	2000000	2250000	nan
chr15	2250000	2500000	nan
chr15	2500000	2750000	nan
chr15	2750000	3000000	nan
chr15	3000000	3250000	nan
chr15	3250000	3500000	nan
chr15	3500000	3750000	nan
chr15	3750000	4000000	nan
chr15	4000000	4250000	nan
chr15	4250000	4500000	nan
chr15	4500000	4750000	nan
chr15	4750000	5000000	nan
chr15	5000000	5250000	nan
chr15	5250000	5500000	nan
chr15	5500000	5750000	nan
chr15	5750000	6000000	nan
chr15	6000000	6250000	nan
chr15	6250000	6500000	nan
chr15	6500000	6750000	nan
chr15	6750000	7000000	nan
chr15	7000000	7250000	nan
chr15	7250000	7500000	nan
chr15	7500000	7750000	nan
chr15	7750000	8000000	nan
chr15	8000000	8250000	nan
chr15	8250000	8500000	nan
chr15	8500000	8750000	nan
chr15	8750000	9000000	nan
chr15	9000000	9250000	nan
chr15	9250000	9500000	nan
chr15	9500000	9750000	nan
chr15	9750000	10000000	nan
chr15	10000000	10250000	nan
chr15	10250000	10500000	nan
chr15	10500000	10750000	nan
chr15	10750000	11000000	nan
chr15	11000000	11250000	nan
chr15	11250000	11500000	nan
chr15	11500000	11750000	nan
chr15	11750000	12000000	nan
chr15	12000000	12250000	nan
chr15	12250000	12500000	nan
chr15	12500000	12750000	nan
chr15	12750000	13000000	nan
chr15	13000000	13250000	nan
chr15	13250000	13500000	nan
chr15	13500000	13750000	nan
chr15	13750000	14000000	nan
chr15	14000000	14250000	nan
chr15	14250000	14500000	nan
chr15	14500000	14750000	nan
chr15	14750000	15000000	nan
chr15	15000000	15250000	nan
chr15	15250000	15500000	nan
chr15	15500000	15750000	nan
chr15	15750000	16000000	nan
chr15	16000000	16250000	nan
chr15	16250000	16500000	nan
chr15	16500000	16750000	nan
chr15	16750000	17000000	nan
chr15	17000000	17250000	nan
chr15	17250000	17500000	nan
chr15	17500000	17750000	nan
chr15	17750000	18000000	nan
chr15	18000000	18250000	nan
chr15	18250000	18500000	nan
chr15	18500000	18750000	nan
chr15	18750000	19000000	nan
chr15	19000000	19250000	nan
chr15	19250000	19500000	nan
chr15	19500000	19750000	nan
chr15	19750000	20000000	nan
chr15	20000000	20250000	nan
chr15	20250000	20500000	-1.57972
chr15	20500000	20750000	nan
chr15	20750000	21000000	nan
chr15	21000000	21250000	nan
chr15	21250000	21500000	nan
chr15	21500000	21750000	nan
chr15	21750000	22000000	nan
chr15	22000000	22250000	nan
chr15	22250000	22500000	nan
chr15	22500000	22750000	nan
chr15	22750000	23000000	0.349268
chr15	23000000	23250000	-0.741969
chr15	23250000	23500000	nan
chr15	23500000	23750000	-1.13391
chr15	23750000	24000000	-1.18863
chr15	24000000	24250000	-1.08423
chr15	24250000	24500000	-0.978652
chr15	24500000	24750000	-0.88294
chr15	24750000	25000000	-0.791764
chr15	25000000	25250000	-0.670603
chr15	25250000	25500000	-0.461959
chr15	25500000	25750000	-0.505335
chr15	25750000	26000000	-0.0551096
chr15	26000000	26250000	-0.69118
chr15	26250000	26500000	-0.943617
chr15	26500000	26750000	-0.988362
chr15	26750000	27000000	-0.896242
chr15	27000000	27250000	-1.10005
chr15	27250000	27500000	-1.22676
chr15	27500000	27750000	-1.28445
chr15	27750000	28000000	-1.25216
chr15	28000000	28250000	-0.523343
chr15	28250000	28500000	nan
chr15	28500000	28750000	nan
chr15	28750000	29000000	-0.360314
chr15	29000000	29250000	-0.6218
chr15	29250000	29500000	-0.716023
chr15	29500000	29750000	-0.438777
chr15	29750000	30000000	0.00440426
chr15	30000000	30250000	-0.56638
chr15	30250000	30500000	nan
chr15	30500000	30750000	nan
chr15	30750000	31000000	0.0130306
chr15	31000000	31250000	0.136922
chr15	31250000	31500000	0.0688556
chr15	31500000	31750000	-0.882729
chr15	31750000	32000000	-1.49741
chr15	32000000	32250000	-1.50875
chr15	32250000	32500000	nan
chr15	32500000	32750000	0.436284
chr15	32750000	33000000	0.532999
chr15	33000000	33250000	-0.0610737
chr15	33250000	33500000	-0.952921
chr15	33500000	33750000	-0.882321
chr15	33750000	34000000	-0.446372
chr15	34000000	34250000	0.237748
chr15	34250000	34500000	0.0656146
chr15	34500000	34750000	0.0795777
chr15	34750000	35000000	0.236004
chr15	35000000	35250000	0.113219
chr15	35250000	35500000	0.173723
chr15	35500000	35750000	0.35686
chr15	35750000	36000000	0.170176
chr15	36000000	36250000	0.273575
chr15	36250000	36500000	0.343131
chr15	36500000	36750000	0.293044
chr15	36750000	37000000	0.25295
chr15	37000000	37250000	-0.087185
chr15	37250000	37500000	-0.701652
chr15	37500000	37750000	-0.527167
chr15	37750000	38000000	-0.00640694
chr15	38000000	38250000	0.485081
chr15	38250000	38500000	0.459939
chr15	38500000	38750000	0.490128
chr15	38750000	39000000	0.513527
chr15	39000000	39250000	0.50387
chr15	39250000	39500000	0.53096
chr15	39500000	39750000	0.52169
chr15	39750000	40000000	0.578614
chr15	40000000	40250000	0.614926
chr15	40250000	40500000	0.635658
chr15	40500000	40750000	0.659094
chr15	40750000	41000000	0.662391
chr15	41000000	41250000	0.636917
chr15	41250000	41500000	0.668298
chr15	41500000	41750000	0.642633
chr15	41750000	42000000	0.627456
chr15	42000000	42250000	0.583207
chr15	42250000	42500000	0.610873
chr15	42500000	42750000	0.647577
chr15	42750000	43000000	0.619747
chr15	43000000	43250000	0.570715
chr15	43250000	43500000	0.573125
chr15	43500000	43750000	0.624904
chr15	43750000	44000000	0.565584
chr15	44000000	44250000	0.54352
chr15	44250000	44500000	0.491048
chr15	44500000	44750000	0.0408563
chr15	44750000	45000000	-0.866243
chr15	45000000	45250000	-0.587137
chr15	45250000	45500000	-0.448915
chr15	45500000	45750000	-0.290081
chr15	45750000	46000000	-1.29681
chr15	46000000	46250000	-1.3557
chr15	46250000	46500000	-1.37217
chr15	46500000	46750000	-1.51811
chr15	46750000	47000000	-1.47474
chr15	47000000	47250000	-1.07761
chr15	47250000	47500000	-0.726917
chr15	47500000	47750000	-0.780132
chr15	47750000	48000000	-0.985785
chr15	48000000	48250000	-0.919801
chr15	48250000	48500000	0.101034
chr15	48500000	48750000	0.487041
chr15	48750000	49000000	0.571602
chr15	49000000	49250000	0.553838
chr15	49250000	49500000	0.523478
chr15	49500000	49750000	0.536817
chr15	49750000	50000000	0.517182
chr15	50000000	50250000	0.502041
chr15	50250000	50500000	0.584735
chr15	50500000	50750000	0.658639
chr15	50750000	51000000	0.484259
chr15	51000000	51250000	0.260644
chr15	51250000	51500000	0.0631771
chr15	51500000	51750000	0.0528628
chr15	51750000	52000000	0.331732
chr15	52000000	52250000	0.368299
chr15	52250000	52500000	0.116233
chr15	52500000	52750000	0.0476279
chr15	52750000	53000000	-1.30794
chr15	53000000	53250000	-1.60792
chr15	53250000	53500000	-1.5723
chr15	53500000	53750000	-1.44525
chr15	53750000	54000000	-1.46741
chr15	54000000	54250000	-1.41325
chr15	54250000	54500000	-1.42917
chr15	54500000	54750000	-1.41292
chr15	54750000	55000000	-1.33226
chr15	55000000	55250000	-1.04902
chr15	55250000	55500000	-0.14714
chr15	55500000	55750000	-0.119279
chr15	55750000	56000000	0.166475
chr15	56000000	56250000	-0.129861
chr15	56250000	56500000	-0.462042
chr15	56500000	56750000	-0.0508964
chr15	56750000	57000000	0.334223
chr15	57000000	57250000	0.381635
chr15	57250000	57500000	0.141546
chr15	57500000	57750000	-0.0147525
chr15	57750000	58000000	-0.544681
chr15	58000000	58250000	-0.166881
chr15	58250000	58500000	0.563625
chr15	58500000	58750000	0.528962
chr15	58750000	59000000	0.522042
chr15	59000000	59250000	0.426912
chr15	59250000	59500000	0.311033
chr15	59500000	59750000	-0.183096
chr15	59750000	60000000	-0.967331
chr15	60000000	60250000	-0.850631
chr15	60250000	60500000	-0.12277
chr15	60500000	60750000	-0.293862
chr15	60750000	61000000	-0.202089
chr15	61000000	61250000	-0.493823
chr15	61250000	61500000	-1.17324
chr15	61500000	61750000	-1.29221
chr15	61750000	62000000	-0.536319
chr15	62000000	62250000	-0.139014
chr15	62250000	62500000	0.271057
chr15	62500000	62750000	0.448088
chr15	62750000	63000000	0.619968
chr15	63000000	63250000	0.650407
chr15	63250000	63500000	0.6624
chr15	63500000	63750000	0.670869
chr15	63750000	64000000	0.654543
chr15	64000000	64250000	0.668528
chr15	64250000	64500000	0.668235
chr15	64500000	64750000	0.644268
chr15	64750000	65000000	0.651875
chr15	65000000	65250000	0.66423
chr15	65250000	65500000	0.634083
chr15	65500000	65750000	0.57637
chr15	65750000	66000000	0.329452
chr15	66000000	66250000	-0.013417
chr15	66250000	66500000	0.427678
chr15	66500000	66750000	0.602911
chr15	66750000	67000000	0.555133
chr15	67000000	67250000	0.545352
chr15	67250000	67500000	0.50985
chr15	67500000	67750000	0.521141
chr15	67750000	68000000	0.512657
chr15	68000000	68250000	0.557075
chr15	68250000	68500000	0.510798
chr15	68500000	68750000	0.488716
chr15	68750000	69000000	0.396137
chr15	69000000	69250000	0.450869
chr15	69250000	69500000	0.458494
chr15	69500000	69750000	0.240452
chr15	69750000	70000000	0.182813
chr15	70000000	70250000	0.361127
chr15	70250000	70500000	0.380538
chr15	70500000	70750000	0.535726
chr15	70750000	71000000	0.593993
chr15	71000000	71250000	0.546945
chr15	71250000	71500000	0.529322
chr15	71500000	71750000	0.537887
chr15	71750000	72000000	0.532865
chr15	72000000	72250000	0.572188
chr15	72250000	72500000	0.26784
chr15	72500000	72750000	0.191892
chr15	72750000	73000000	-0.667259
chr15	73000000	73250000	-0.74487
chr15	73250000	73500000	-0.643793
chr15	73500000	73750000	0.0121997
chr15	73750000	74000000	0.230453
chr15	74000000	74250000	0.629052
chr15	74250000	74500000	0.623417
chr15	74500000	74750000	0.681169
chr15	74750000	75000000	0.686058
chr15	75000000	75250000	0.652386
chr15	75250000	75500000	0.686015
chr15	75500000	75750000	0.648835
chr15	75750000	76000000	0.42152
chr15	76000000	76250000	0.0581132
chr15	76250000	76500000	0.0975875
chr15	76500000	76750000	-0.121314
chr15	76750000	77000000	0.127646
chr15	77000000	77250000	0.372347
chr15	77250000	77500000	0.53815
chr15	77500000	77750000	0.135193
chr15	77750000	78000000	0.213495
chr15	78000000	78250000	0.467746
chr15	78250000	78500000	0.388385
chr15	78500000	78750000	-0.081445
chr15	78750000	79000000	0.0229697
chr15	79000000	79250000	-0.582993
chr15	79250000	79500000	-0.341157
chr15	79500000	79750000	-0.382986
chr15	79750000	80000000	-0.0908426
chr15	80000000	80250000	0.135163
chr15	80250000	80500000	0.0791674
chr15	80500000	80750000	0.539592
chr15	80750000	81000000	0.453292
chr15	81000000	81250000	0.222418
chr15	81250000	81500000	-0.287232
chr15	81500000	81750000	-1.14212
chr15	81750000	82000000	-1.02878
chr15	82000000	82250000	-0.250803
chr15	82250000	82500000	-0.0123721
chr15	82500000	82750000	-0.706477
chr15	82750000	83000000	-0.675096
chr15	83000000	83250000	-0.363726
chr15	83250000	83500000	-0.733412
chr15	83500000	83750000	-1.29543
chr15	83750000	84000000	-1.21702
chr15	84000000	84250000	-0.942385
chr15	84250000	84500000	nan
chr15	84500000	84750000	0.628802
chr15	84750000	85000000	0.684256
chr15	85000000	85250000	0.529628
chr15	85250000	85500000	0.478556
chr15	85500000	85750000	0.404205
chr15	85750000	86000000	-0.654405
chr15	86000000	86250000	-1.40542
chr15	86250000	86500000	-1.43143
chr15	86500000	86750000	-1.33321
chr15	86750000	87000000	-0.919331
chr15	87000000	87250000	-0.219924
chr15	87250000	87500000	-0.0676272
chr15	87500000	87750000	-0.178999
chr15	87750000	88000000	-0.423557
chr15	88000000	88250000	-0.765861
chr15	88250000	88500000	-0.510177
chr15	88500000	88750000	-0.314241
chr15	88750000	89000000	-0.153575
chr15	89000000	89250000	0.445142
chr15	89250000	89500000	0.426935
chr15	89500000	89750000	0.60919
chr15	89750000	90000000	0.750396
chr15	90000000	90250000	0.769242
chr15	90250000	90500000	0.797382
chr15	90500000	90750000	0.709407
chr15	90750000	91000000	0.451681
chr15	91000000	91250000	-0.992155
chr15	91250000	91500000	-1.1251
chr15	91500000	91750000	-1.20515
chr15	91750000	92000000	-1.0339
chr15	92000000	92250000	-1.00476
chr15	92250000	92500000	-1.13371
chr15	92500000	92750000	-0.708141
chr15	92750000	93000000	0.0860613
chr15	93000000	93250000	-0.663955
chr15	93250000	93500000	-1.08492
chr15	93500000	93750000	-1.13751
chr15	93750000	94000000	-1.01628
chr15	94000000	94250000	-0.555232
chr15	94250000	94500000	-0.850655
chr15	94500000	94750000	-1.08087
chr15	94750000	95000000	-0.969317
chr15	95000000	95250000	-0.266149
chr15	95250000	95500000	0.0835067
chr15	95500000	95750000	0.18722
chr15	95750000	96000000	0.20963
chr15	96000000	96250000	0.128241
chr15	96250000	96500000	-0.218837
chr15	96500000	96750000	-0.871863
chr15	96750000	97000000	-1.01845
chr15	97000000	97250000	-0.918088
chr15	97250000	97500000	-1.08645
chr15	97500000	97750000	-1.21477
chr15	97750000	98000000	-0.80613
chr15	98000000	98250000	-0.545314
chr15	98250000	98500000	-1.00702
chr15	98500000	98750000	-0.125284
chr15	98750000	99000000	0.232759
chr15	99000000	99250000	0.107023
chr15	99250000	99500000	0.170046
chr15	99500000	99750000	0.18954
chr15	99750000	100000000	-0.909626
chr15	100000000	100250000	-1.5632
chr15	100250000	100500000	-1.5156
chr15	100500000	100750000	-0.167424
chr15	100750000	101000000	0.340263
chr15	101000000	101250000	0.477778
chr15	101250000	101500000	-0.0355607
chr15	101500000	101750000	-0.0373224
chr15	101750000	101991189	0.0943427
#bedGraph section chr16:0-90338345
chr16	0	250000	0.627722
chr16	250000	500000	0.800303
chr16	500000	750000	0.768439
chr16	750000	1000000	0.575728
chr16	1000000	1250000	0.552603
chr16	1250000	1500000	0.679856
chr16	1500000	1750000	0.700064
chr16	1750000	2000000	0.724517
chr16	2000000	2250000	0.771507
chr16	2250000	2500000	0.718946
chr16	2500000	2750000	0.817094
chr16	2750000	3000000	0.924821
chr16	3000000	3250000	0.819672
chr16	3250000	3500000	0.441431
chr16	3500000	3750000	0.830125
chr16	3750000	4000000	1.00467
chr16	4000000	4250000	1.02075
chr16	4250000	4500000	1.21864
chr16	4500000	4750000	1.2173
chr16	4750000	5000000	0.888031
chr16	5000000	5250000	-0.399904
chr16	5250000	5500000	-1.025
chr16	5500000	5750000	-0.870162
chr16	5750000	6000000	-0.950708
chr16	6000000	6250000	-0.837113
chr16	6250000	6500000	-0.95939
chr16	6500000	6750000	-0.871192
chr16	6750000	7000000	-0.937135
chr16	7000000	7250000	-0.970386
chr16	7250000	7500000	-1.02324
chr16	7500000	7750000	-0.959423
chr16	7750000	8000000	-0.983738
chr16	8000000	8250000	-0.969163
chr16	8250000	8500000	-0.965135
chr16	8500000	8750000	-0.407519
chr16	8750000	9000000	0.410231
chr16	9000000	9250000	0.0953276
chr16	9250000	9500000	-0.726304
chr16	9500000	9750000	-0.75308
chr16	9750000	10000000	-0.70142
chr16	10000000	10250000	-0.317226
chr16	10250000	10500000	-0.644307
chr16	10500000	10750000	-0.123066
chr16	10750000	11000000	0.12613
chr16	11000000	11250000	0.914022
chr16	11250000	11500000	0.91017
chr16	11500000	11750000	1.10129
chr16	11750000	12000000	1.02109
chr16	12000000	12250000	0.503161
chr16	12250000	12500000	0.1399
chr16	12500000	12750000	-0.219807
chr16	12750000	13000000	-0.642388
chr16	13000000	13250000	-1.10747
chr16	13250000	13500000	-1.12606
chr16	13500000	13750000	-1.174
chr16	13750000	14000000	-0.567575
chr16	14000000	14250000	0.251532
chr16	14250000	14500000	0.606213
chr16	14500000	14750000	0.430645
chr16	14750000	15000000	nan
chr16	15000000	15250000	0.708867
chr16	15250000	15500000	0.70644
chr16	15500000	15750000	0.84333
chr16	15750000	16000000	0.913196
chr16	16000000	16250000	0.878515
chr16	16250000	16500000	nan
chr16	16500000	16750000	nan
chr16	16750000	17000000	-0.887068
chr16	17000000	17250000	-0.358638
chr16	17250000	17500000	0.204064
chr16	17500000	17750000	-0.318393
chr16	17750000	18000000	-0.532113
chr16	18000000	18250000	-0.697631
chr16	18250000	18500000	nan
chr16	18500000	18750000	nan
chr16	18750000	19000000	0.431643
chr16	19000000	19250000	-0.246957
chr16	19250000	19500000	-0.773784
chr16	19500000	19750000	0.238861
chr16	19750000	20000000	-0.173667
chr16	20000000	20250000	-1.05331
chr16	20250000	20500000	-0.979502
chr16	20500000	20750000	-0.872212
chr16	20750000	21000000	0.238353
chr16	21000000	21250000	0.0798617
chr16	21250000	21500000	0.397859
chr16	21500000	21750000	0.444115
chr16	21750000	22000000	nan
chr16	22000000	22250000	0.409737
chr16	22250000	22500000	0.970008
chr16	22500000	22750000	0.0752767
chr16	22750000	23000000	-0.418259
chr16	23000000	23250000	-0.223347
chr16	23250000	23500000	0.0916293
chr16	23500000	23750000	0.349248
chr16	23750000	24000000	-0.763207
chr16	24000000	24250000	-0.867606
chr16	24250000	24500000	-0.859807
chr16	24500000	24750000	0.537615
chr16	24750000	25000000	0.63778
chr16	25000000	25250000	0.351982
chr16	25250000	25500000	-0.692181
chr16	25500000	25750000	-0.832885
chr16	25750000	26000000	-0.74157
chr16	26000000	26250000	-0.832832
chr16	26250000	26500000	-0.821995
chr16	26500000	26750000	-0.644494
chr16	26750000	27000000	-0.537497
chr16	27000000	27250000	-0.187345
chr16	27250000	27500000	0.367192
chr16	27500000	27750000	0.358605
chr16	27750000	28000000	-0.178074
chr16	28000000	28250000	0.303641
chr16	28250000	28500000	0.585833
chr16	28500000	28750000	0.797477
chr16	28750000	29000000	1.10375
chr16	29000000	29250000	1.0475
chr16	29250000	29500000	1.00955
chr16	29500000	29750000	0.969182
chr16	29750000	30000000	1.06407
chr16	30000000	30250000	1.03341
chr16	30250000	30500000	1.09229
chr16	30500000	30750000	1.1271
chr16	30750000	31000000	1.06314
chr16	31000000	31250000	0.714949
chr16	31250000	31500000	0.0108737
chr16	31500000	31750000	-0.65776
chr16	31750000	32000000	-0.669955
chr16	32000000	32250000	nan
chr16	32250000	32500000	nan
chr16	32500000	32750000	nan
chr16	32750000	33000000	nan
chr16	33000000	33250000	nan
chr16	33250000	33500000	nan
chr16	33500000	33750000	nan
chr16	33750000	34000000	nan
chr16	34000000	34250000	nan
chr16	34250000	34500000	nan
chr16	34500000	34750000	-0.803817
chr16	34750000	35000000	nan
chr16	35000000	35250000	-1.00178
chr16	35250000	35500000	-1.05127
chr16	35500000	35750000	-1.08707
chr16	35750000	36000000	-1.02775
chr16	36000000	36250000	nan
chr16	36250000	36500000	nan
chr16	36500000	36750000	nan
chr16	36750000	37000000	nan
chr16	37000000	37250000	nan
chr16	37250000	37500000	nan
chr16	37500000	37750000	nan
chr16	37750000	38000000	nan
chr16	38000000	38250000	nan
chr16	38250000	38500000	nan
chr16	38500000	38750000	nan
chr16	38750000	39000000	nan
chr16	39000000	39250000	nan
chr16	39250000	39500000	nan
chr16	39500000	39750000	nan
chr16	39750000	40000000	nan
chr16	40000000	40250000	nan
chr16	40250000	40500000	nan
chr16	40500000	40750000	nan
chr16	40750000	41000000	nan
chr16	41000000	41250000	nan
chr16	41250000	41500000	nan
chr16	41500000	41750000	nan
chr16	41750000	42000000	nan
chr16	42000000	42250000	nan
chr16	42250000	42500000	nan
chr16	42500000	42750000	nan
chr16	42750000	43000000	nan
chr16	43000000	43250000	nan
chr16	43250000	43500000	nan
chr16	43500000	43750000	nan
chr16	43750000	44000000	nan
chr16	44000000	44250000	nan
chr16	44250000	44500000	nan
chr16	44500000	44750000	nan
chr16	44750000	45000000	nan
chr16	45000000	45250000	nan
chr16	45250000	45500000	nan
chr16	45500000	45750000	nan
chr16	45750000	46000000	nan
chr16	46000000	46250000	nan
chr16	46250000	46500000	nan
chr16	46500000	46750000	-0.243691
chr16	46750000	47000000	0.298483
chr16	47000000	47250000	-0.251727
chr16	47250000	47500000	0.14065
chr16	47500000	47750000	0.0588729
chr16	47750000	48000000	-0.538083
chr16	48000000	48250000	-0.109844
chr16	48250000	48500000	0.396373
chr16	48500000	48750000	-0.181678
chr16	48750000	49000000	-0.936833
chr16	49000000	49250000	-0.948977
chr16	49250000	49500000	-0.728345
chr16	49500000	49750000	-0.627324
chr16	49750000	50000000	-0.486953
chr16	50000000	50250000	0.36566
chr16	50250000	50500000	0.044642
chr16	50500000	50750000	-0.297476
chr16	50750000	51000000	-0.53626
chr16	51000000	51250000	-0.351951
chr16	51250000	51500000	0.0257015
chr16	51500000	51750000	-0.197518
chr16	51750000	52000000	-0.370815
chr16	52000000	52250000	-0.946645
chr16	52250000	52500000	-1.04086
chr16	52500000	52750000	-1.05894
chr16	52750000	53000000	-0.940335
chr16	53000000	53250000	0.261626
chr16	53250000	53500000	-0.127035
chr16	53500000	53750000	-0.026374
chr16	53750000	54000000	0.16876
chr16	54000000	54250000	-0.0985638
chr16	54250000	54500000	0.092413
chr16	54500000	54750000	-0.422343
chr16	54750000	55000000	-0.448479
chr16	55000000	55250000	-0.707436
chr16	55250000	55500000	-0.427322
chr16	55500000	55750000	-0.363185
chr16	55750000	56000000	-0.895072
chr16	56000000	56250000	-0.906168
chr16	56250000	56500000	-0.00721925
chr16	56500000	56750000	0.777192
chr16	56750000	57000000	0.967473
chr16	57000000	57250000	1.09329
chr16	57250000	57500000	0.911251
chr16	57500000	57750000	0.648202
chr16	57750000	58000000	0.643257
chr16	58000000	58250000	0.213301
chr16	58250000	58500000	-0.173835
chr16	58500000	58750000	0.188303
chr16	58750000	59000000	-0.790767
chr16	59000000	59250000	-0.71749
chr16	59250000	59500000	-0.531894
chr16	59500000	59750000	-0.128509
chr16	59750000	60000000	-0.38745
chr16	60000000	60250000	-0.501586
chr16	60250000	60500000	-0.669143
chr16	60500000	60750000	-0.721774
chr16	60750000	61000000	-0.766091
chr16	61000000	61250000	-0.761248
chr16	61250000	61500000	-0.771636
chr16	61500000	61750000	-0.801334
chr16	61750000	62000000	-0.890179
chr16	62000000	62250000	-0.891718
chr16	62250000	62500000	-0.88439
chr16	62500000	62750000	-0.923332
chr16	62750000	63000000	-0.876068
chr16	63000000	63250000	-0.889365
chr16	63250000	63500000	-0.627447
chr16	63500000	63750000	-0.661563
chr16	63750000	64000000	-0.605455
chr16	64000000	64250000	-0.0742264
chr16	64250000	64500000	0.0967862
chr16	64500000	64750000	-0.33822
chr16	64750000	65000000	-0.117591
chr16	65000000	65250000	0.204128
chr16	65250000	65500000	0.273535
chr16	65500000	65750000	0.1639
chr16	65750000	66000000	0.0424719
chr16	66000000	66250000	0.214289
chr16	66250000	66500000	0.299927
chr16	66500000	66750000	0.869433
chr16	66750000	67000000	1.09007
chr16	67000000	67250000	1.2296
chr16	67250000	67500000	1.16607
chr16	67500000	67750000	1.15497
chr16	67750000	68000000	1.12902
chr16	68000000	68250000	0.98556
chr16	68250000	68500000	0.796337
chr16	68500000	68750000	0.605746
chr16	68750000	69000000	0.651116
chr16	69000000	69250000	0.729012
chr16	69250000	69500000	0.830121
chr16	69500000	69750000	0.868632
chr16	69750000	70000000	0.881502
chr16	70000000	70250000	0.83974
chr16	70250000	70500000	0.910406
chr16	70500000	70750000	0.678334
chr16	70750000	71000000	0.0409273
chr16	71000000	71250000	nan
chr16	71250000	71500000	-0.403789
chr16	71500000	71750000	-0.246498
chr16	71750000	72000000	0.425313
chr16	72000000	72250000	-0.13386
chr16	72250000	72500000	0.0871759
chr16	72500000	72750000	0.0920733
chr16	72750000	73000000	0.240191
chr16	73000000	73250000	0.193426
chr16	73250000	73500000	-0.439991
chr16	73500000	73750000	-0.626998
chr16	73750000	74000000	-0.529999
chr16	74000000	74250000	-0.711492
chr16	74250000	74500000	0.269452
chr16	74500000	74750000	0.542369
chr16	74750000	75000000	0.374675
chr16	75000000	75250000	0.548269
chr16	75250000	75500000	0.752146
chr16	75500000	75750000	-0.00998018
chr16	75750000	76000000	-0.852588
chr16	76000000	76250000	-1.04833
chr16	76250000	76500000	-0.990101
chr16	76500000	76750000	-0.982687
chr16	76750000	77000000	-0.996367
chr16	77000000	77250000	-0.768699
chr16	77250000	77500000	-0.847143
chr16	77500000	77750000	-0.713158
chr16	77750000	78000000	-0.596449
chr16	78000000	78250000	-0.575966
chr16	78250000	78500000	-0.700236
chr16	78500000	78750000	-0.56267
chr16	78750000	79000000	-0.664957
chr16	79000000	79250000	-0.712737
chr16	79250000	79500000	-0.743843
chr16	79500000	79750000	-0.637901
chr16	79750000	80000000	-0.697376
chr16	80000000	80250000	-0.306466
chr16	80250000	80500000	-0.497777
chr16	80500000	80750000	-0.43695
chr16	80750000	81000000	-0.314942
chr16	81000000	81250000	0.204556
chr16	81250000	81500000	0.413129
chr16	81500000	81750000	0.51651
chr16	81750000	82000000	-0.587879
chr16	82000000	82250000	-0.33479
chr16	82250000	82500000	-0.886568
chr16	82500000	82750000	-0.321
chr16	82750000	83000000	-0.297246
chr16	83000000	83250000	-0.491083
chr16	83250000	83500000	-0.62274
chr16	83500000	83750000	-0.793863
chr16	83750000	84000000	-0.115915
chr16	84000000	84250000	0.403282
chr16	84250000	84500000	0.249596
chr16	84500000	84750000	0.911815
chr16	84750000	85000000	1.0197
chr16	85000000	85250000	0.895672
chr16	85250000	85500000	0.803113
chr16	85500000	85750000	0.760996
chr16	85750000	86000000	0.541581
chr16	86000000	86250000	0.487033
chr16	86250000	86500000	0.593618
chr16	86500000	86750000	0.531199
chr16	86750000	87000000	0.56097
chr16	87000000	87250000	0.491877
chr16	87250000	87500000	0.71906
chr16	87500000	87750000	0.709871
chr16	87750000	88000000	0.826339
chr16	88000000	88250000	0.878245
chr16	88250000	88500000	0.768688
chr16	88500000	88750000	0.910366
chr16	88750000	89000000	0.862258
chr16	89000000	89250000	0.770103
chr16	89250000	89500000	0.959446
chr16	89500000	89750000	1.12689
chr16	89750000	90000000	1.11355
chr16	90000000	90250000	0.509004
chr16	90250000	90338345	nan
#bedGraph section chr17:0-83257441
chr17	0	250000	-0.0580605
chr17	250000	500000	-0.00710481
chr17	500000	750000	0.313012
chr17	750000	1000000	0.55762
chr17	1000000	1250000	0.764332
chr17	1250000	1500000	0.928817
chr17	1500000	1750000	0.914853
chr17	1750000	2000000	0.839148
chr17	2000000	2250000	0.797401
chr17	2250000	2500000	0.771528
chr17	2500000	2750000	0.410032
chr17	2750000	3000000	-0.126549
chr17	3000000	3250000	-0.852419
chr17	3250000	3500000	-1.20793
chr17	3500000	3750000	-0.132907
chr17	3750000	4000000	0.550074
chr17	4000000	4250000	0.729866
chr17	4250000	4500000	0.680611
chr17	4500000	4750000	0.689683
chr17	4750000	5000000	0.859476
chr17	5000000	5250000	0.570693
chr17	5250000	5500000	0.529283
chr17	5500000	5750000	-0.329572
chr17	5750000	6000000	-0.675605
chr17	6000000	6250000	-0.755541
chr17	6250000	6500000	-0.412428
chr17	6500000	6750000	-0.0667635
chr17	6750000	7000000	-0.211503
chr17	7000000	7250000	0.439527
chr17	7250000	7500000	0.96447
chr17	7500000	7750000	0.950272
chr17	7750000	8000000	0.916103
chr17	8000000	8250000	0.86025
chr17	8250000	8500000	0.447055
chr17	8500000	8750000	-0.0175992
chr17	8750000	9000000	-0.739028
chr17	9000000	9250000	-0.654101
chr17	9250000	9500000	-0.1927
chr17	9500000	9750000	-0.659818
chr17	9750000	10000000	-0.475204
chr17	10000000	10250000	0.0868235
chr17	10250000	10500000	-0.846752
chr17	10500000	10750000	-0.740509
chr17	10750000	11000000	-1.06272
chr17	11000000	11250000	-1.12811
chr17	11250000	11500000	-1.10935
chr17	11500000	11750000	-1.11899
chr17	11750000	12000000	-1.02214
chr17	12000000	12250000	-0.440047
chr17	12250000	12500000	-0.377168
chr17	12500000	12750000	-0.250669
chr17	12750000	13000000	-0.753587
chr17	13000000	13250000	-0.495519
chr17	13250000	13500000	-0.0728435
chr17	13500000	13750000	0.0370591
chr17	13750000	14000000	-0.070352
chr17	14000000	14250000	0.0258842
chr17	14250000	14500000	-0.474253
chr17	14500000	14750000	-0.833074
chr17	14750000	15000000	-0.72509
chr17	15000000	15250000	-0.515153
chr17	15250000	15500000	0.189013
chr17	15500000	15750000	0.170811
chr17	15750000	16000000	0.259753
chr17	16000000	16250000	0.676252
chr17	16250000	16500000	0.596609
chr17	16500000	16750000	0.231394
chr17	16750000	17000000	0.329544
chr17	17000000	17250000	0.550566
chr17	17250000	17500000	0.610008
chr17	17500000	17750000	0.613286
chr17	17750000	18000000	0.634954
chr17	18000000	18250000	0.811827
chr17	18250000	18500000	0.756283
chr17	18500000	18750000	0.501442
chr17	18750000	19000000	0.703432
chr17	19000000	19250000	nan
chr17	19250000	19500000	0.519145
chr17	19500000	19750000	0.212632
chr17	19750000	20000000	0.269296
chr17	20000000	20250000	-0.21194
chr17	20250000	20500000	-0.345411
chr17	20500000	20750000	nan
chr17	20750000	21000000	-0.366153
chr17	21000000	21250000	-0.0202056
chr17	21250000	21500000	-0.501457
chr17	21500000	21750000	-1.09908
chr17	21750000	22000000	-1.06676
chr17	22000000	22250000	-1.20859
chr17	22250000	22500000	-1.56184
chr17	22500000	22750000	-1.65745
chr17	22750000	23000000	nan
chr17	23000000	23250000	nan
chr17	23250000	23500000	nan
chr17	23500000	23750000	nan
chr17	23750000	24000000	nan
chr17	24000000	24250000	nan
chr17	24250000	24500000	nan
chr17	24500000	24750000	nan
chr17	24750000	25000000	nan
chr17	25000000	25250000	nan
chr17	25250000	25500000	nan
chr17	25500000	25750000	nan
chr17	25750000	26000000	nan
chr17	26000000	26250000	nan
chr17	26250000	26500000	nan
chr17	26500000	26750000	nan
chr17	26750000	27000000	-1.63538
chr17	27000000	27250000	-1.4897
chr17	27250000	27500000	-0.233479
chr17	27500000	27750000	-0.61029
chr17	27750000	28000000	-0.730967
chr17	28000000	28250000	0.0263541
chr17	28250000	28500000	0.535038
chr17	28500000	28750000	1.14514
chr17	28750000	29000000	1.10187
chr17	29000000	29250000	0.903931
chr17	29250000	29500000	0.805343
chr17	29500000	29750000	0.710181
chr17	29750000	30000000	0.551486
chr17	30000000	30250000	0.54465
chr17	30250000	30500000	0.669222
chr17	30500000	30750000	0.712776
chr17	30750000	31000000	0.679325
chr17	31000000	31250000	0.674156
chr17	31250000	31500000	0.583281
chr17	31500000	31750000	0.584394
chr17	31750000	32000000	0.636167
chr17	32000000	32250000	0.689064
chr17	32250000	32500000	0.497339
chr17	32500000	32750000	-0.335397
chr17	32750000	33000000	-0.181528
chr17	33000000	33250000	-0.887302
chr17	33250000	33500000	-1.15481
chr17	33500000	33750000	-1.21606
chr17	33750000	34000000	-1.31553
chr17	34000000	34250000	-0.817349
chr17	34250000	34500000	-0.591706
chr17	34500000	34750000	-0.998357
chr17	34750000	35000000	-0.880014
chr17	35000000	35250000	-0.287447
chr17	35250000	35500000	-0.257381
chr17	35500000	35750000	0.0388678
chr17	35750000	36000000	-0.589418
chr17	36000000	36250000	-1.1559
chr17	36250000	36500000	nan
chr17	36500000	36750000	-0.266661
chr17	36750000	37000000	-0.52776
chr17	37000000	37250000	-0.00358141
chr17	37250000	37500000	0.443145
chr17	37500000	37750000	0.2212
chr17	37750000	38000000	-0.366913
chr17	38000000	38250000	nan
chr17	38250000	38500000	0.573445
chr17	38500000	38750000	0.787392
chr17	38750000	39000000	0.916659
chr17	39000000	39250000	0.796378
chr17	39250000	39500000	0.839945
chr17	39500000	39750000	0.744936
chr17	39750000	40000000	0.597002
chr17	40000000	40250000	0.739694
chr17	40250000	40500000	0.62133
chr17	40500000	40750000	0.431606
chr17	40750000	41000000	0.327229
chr17	41000000	41250000	0.394878
chr17	41250000	41500000	0.37625
chr17	41500000	41750000	0.442983
chr17	41750000	42000000	0.664366
chr17	42000000	42250000	0.609724
chr17	42250000	42500000	0.650161
chr17	42500000	42750000	0.691347
chr17	42750000	43000000	0.657519
chr17	43000000	43250000	0.645108
chr17	43250000	43500000	0.567622
chr17	43500000	43750000	0.592425
chr17	43750000	44000000	0.641408
chr17	44000000	44250000	0.709431
chr17	44250000	44500000	0.640264
chr17	44500000	44750000	0.610418
chr17	44750000	45000000	0.665412
chr17	45000000	45250000	0.627165
chr17	45250000	45500000	0.521375
chr17	45500000	45750000	0.0692952
chr17	45750000	46000000	0.0885108
chr17	46000000	46250000	0.412173
chr17	46250000	46500000	nan
chr17	46500000	46750000	nan
chr17	46750000	47000000	0.431306
chr17	47000000	47250000	0.540733
chr17	47250000	47500000	0.433569
chr17	47500000	47750000	0.674294
chr17	47750000	48000000	0.630844
chr17	48000000	48250000	0.343495
chr17	48250000	48500000	0.108318
chr17	48500000	48750000	0.173819
chr17	48750000	49000000	0.489532
chr17	49000000	49250000	0.565047
chr17	49250000	49500000	0.667787
chr17	49500000	49750000	0.762459
chr17	49750000	50000000	0.813673
chr17	50000000	50250000	1.05051
chr17	50250000	50500000	1.09368
chr17	50500000	50750000	0.975038
chr17	50750000	51000000	0.74782
chr17	51000000	51250000	0.385613
chr17	51250000	51500000	-1.22169
chr17	51500000	51750000	-1.48481
chr17	51750000	52000000	-1.33892
chr17	52000000	52250000	-1.25655
chr17	52250000	52500000	-1.16887
chr17	52500000	52750000	-1.1687
chr17	52750000	53000000	-1.03581
chr17	53000000	53250000	-1.04084
chr17	53250000	53500000	-1.0122
chr17	53500000	53750000	-1.01294
chr17	53750000	54000000	-1.0492
chr17	54000000	54250000	-1.106
chr17	54250000	54500000	-1.22131
chr17	54500000	54750000	-1.25217
chr17	54750000	55000000	-1.00895
chr17	55000000	55250000	-0.651425
chr17	55250000	55500000	-0.584311
chr17	55500000	55750000	-0.400004
chr17	55750000	56000000	-0.897737
chr17	56000000	56250000	-0.646227
chr17	56250000	56500000	-0.666732
chr17	56500000	56750000	-0.528733
chr17	56750000	57000000	-0.00630622
chr17	57000000	57250000	-0.396958
chr17	57250000	57500000	-0.0930209
chr17	57500000	57750000	-0.250856
chr17	57750000	58000000	0.0947899
chr17	58000000	58250000	-0.536397
chr17	58250000	58500000	-0.570484
chr17	58500000	58750000	-0.378697
chr17	58750000	59000000	-0.645522
chr17	59000000	59250000	0.107195
chr17	59250000	59500000	0.240751
chr17	59500000	59750000	0.484389
chr17	59750000	60000000	0.681036
chr17	60000000	60250000	0.595208
chr17	60250000	60500000	0.579538
chr17	60500000	60750000	0.477139
chr17	60750000	61000000	0.305213
chr17	61000000	61250000	0.396174
chr17	61250000	61500000	0.409679
chr17	61500000	61750000	0.266709
chr17	61750000	62000000	0.297745
chr17	62000000	62250000	-0.152022
chr17	62250000	62500000	-0.337139
chr17	62500000	62750000	0.485131
chr17	62750000	63000000	0.465611
chr17	63000000	63250000	0.375931
chr17	63250000	63500000	0.469779
chr17	63500000	63750000	0.649782
chr17	63750000	64000000	0.741688
chr17	64000000	64250000	0.706341
chr17	64250000	64500000	0.640235
chr17	64500000	64750000	0.752671
chr17	64750000	65000000	0.627841
chr17	65000000	65250000	0.394544
chr17	65250000	65500000	0.0199214
chr17	65500000	65750000	0.102732
chr17	65750000	66000000	0.0862837
chr17	66000000	66250000	0.0846897
chr17	66250000	66500000	0.428739
chr17	66500000	66750000	0.226495
chr17	66750000	67000000	-0.168637
chr17	67000000	67250000	0.120788
chr17	67250000	67500000	0.462804
chr17	67500000	67750000	0.442939
chr17	67750000	68000000	0.648859
chr17	68000000	68250000	0.608063
chr17	68250000	68500000	0.474004
chr17	68500000	68750000	0.121964
chr17	68750000	69000000	-0.339907
chr17	69000000	69250000	-0.389121
chr17	69250000	69500000	-0.355181
chr17	69500000	69750000	-0.328458
chr17	69750000	70000000	-0.309141
chr17	70000000	70250000	-0.622882
chr17	70250000	70500000	-1.20784
chr17	70500000	70750000	-1.13049
chr17	70750000	71000000	-1.13409
chr17	71000000	71250000	-0.799941
chr17	71250000	71500000	-0.53413
chr17	71500000	71750000	-0.857118
chr17	71750000	72000000	-0.994951
chr17	72000000	72250000	-0.898899
chr17	72250000	72500000	-0.380333
chr17	72500000	72750000	-0.156739
chr17	72750000	73000000	-0.174988
chr17	73000000	73250000	0.0136674
chr17	73250000	73500000	-0.725191
chr17	73500000	73750000	-1.38319
chr17	73750000	74000000	-1.46919
chr17	74000000	74250000	-1.28433
chr17	74250000	74500000	-1.37042
chr17	74500000	74750000	-1.45596
chr17	74750000	75000000	0.0152364
chr17	75000000	75250000	0.855247
chr17	75250000	75500000	1.02951
chr17	75500000	75750000	1.06292
chr17	75750000	76000000	1.12323
chr17	76000000	76250000	1.04034
chr17	76250000	76500000	0.980104
chr17	76500000	76750000	0.875747
chr17	76750000	77000000	0.395136
chr17	77000000	77250000	0.470965
chr17	77250000	77500000	0.509354
chr17	77500000	77750000	0.0617485
chr17	77750000	78000000	0.0514873
chr17	78000000	78250000	0.409679
chr17	78250000	78500000	0.551795
chr17	78500000	78750000	0.127509
chr17	78750000	79000000	0.41806
chr17	79000000	79250000	-0.539933
chr17	79250000	79500000	-1.03357
chr17	79500000	79750000	-1.01627
chr17	79750000	80000000	0.141078
chr17	80000000	80250000	0.659252
chr17	80250000	80500000	0.781789
chr17	80500000	80750000	0.711518
chr17	80750000	81000000	0.680847
chr17	81000000	81250000	0.800197
chr17	81250000	81500000	0.854356
chr17	81500000	81750000	0.976068
chr17	81750000	82000000	0.950598
chr17	82000000	82250000	0.946545
chr17	82250000	82500000	0.948249
chr17	82500000	82750000	0.810786
chr17	82750000	83000000	0.53838
chr17	83000000	83250000	0.524958
chr17	83250000	83257441	nan
#bedGraph section chr18:0-80373285
chr18	0	250000	0.308696
chr18	250000	500000	0.751996
chr18	500000	750000	0.624525
chr18	750000	1000000	-0.0579304
chr18	1000000	1250000	-0.706856
chr18	1250000	1500000	-0.948472
chr18	1500000	1750000	-0.636883
chr18	1750000	2000000	-0.744447
chr18	2000000	2250000	-0.482753
chr18	2250000	2500000	-0.218772
chr18	2500000	2750000	0.554569
chr18	2750000	3000000	0.756637
chr18	3000000	3250000	0.575289
chr18	3250000	3500000	0.554755
chr18	3500000	3750000	0.538702
chr18	3750000	4000000	0.510232
chr18	4000000	4250000	-0.438011
chr18	4250000	4500000	-0.903641
chr18	4500000	4750000	-0.835614
chr18	4750000	5000000	-0.701011
chr18	5000000	5250000	-0.439664
chr18	5250000	5500000	-0.282743
chr18	5500000	5750000	-0.361604
chr18	5750000	6000000	-0.320725
chr18	6000000	6250000	-0.41377
chr18	6250000	6500000	-0.345701
chr18	6500000	6750000	0.266597
chr18	6750000	7000000	0.176791
chr18	7000000	7250000	-0.0043488
chr18	7250000	7500000	-0.184291
chr18	7500000	7750000	0.349592
chr18	7750000	8000000	0.488669
chr18	8000000	8250000	0.42678
chr18	8250000	8500000	0.329021
chr18	8500000	8750000	0.454064
chr18	8750000	9000000	0.764674
chr18	9000000	9250000	0.725922
chr18	9250000	9500000	0.725798
chr18	9500000	9750000	0.731534
chr18	9750000	10000000	0.695162
chr18	10000000	10250000	0.706265
chr18	10250000	10500000	0.689237
chr18	10500000	10750000	0.263449
chr18	10750000	11000000	0.0237635
chr18	11000000	11250000	0.146886
chr18	11250000	11500000	0.305964
chr18	11500000	11750000	0.184904
chr18	11750000	12000000	0.309865
chr18	12000000	12250000	0.163159
chr18	12250000	12500000	0.660314
chr18	12500000	12750000	0.761976
chr18	12750000	13000000	0.717026
chr18	13000000	13250000	0.169535
chr18	13250000	13500000	-0.30457
chr18	13500000	13750000	-0.0904052
chr18	13750000	14000000	-0.502174
chr18	14000000	14250000	-0.521907
chr18	14250000	14500000	-0.517835
chr18	14500000	14750000	nan
chr18	14750000	15000000	-0.737253
chr18	15000000	15250000	-0.920717
chr18	15250000	15500000	nan
chr18	15500000	15750000	nan
chr18	15750000	16000000	nan
chr18	16000000	16250000	nan
chr18	16250000	16500000	nan
chr18	16500000	16750000	nan
chr18	16750000	17000000	nan
chr18	17000000	17250000	nan
chr18	17250000	17500000	nan
chr18	17500000	17750000	nan
chr18	17750000	18000000	nan
chr18	18000000	18250000	nan
chr18	18250000	18500000	nan
chr18	18500000	18750000	nan
chr18	18750000	19000000	nan
chr18	19000000	19250000	nan
chr18	19250000	19500000	nan
chr18	19500000	19750000	nan
chr18	19750000	20000000	nan
chr18	20000000	20250000	nan
chr18	20250000	20500000	nan
chr18	20500000	20750000	nan
chr18	20750000	21000000	nan
chr18	21000000	21250000	0.346409
chr18	21250000	21500000	0.168356
chr18	21500000	21750000	0.479139
chr18	21750000	22000000	0.251209
chr18	22000000	22250000	0.0138936
chr18	22250000	22500000	0.361477
chr18	22500000	22750000	0.266085
chr18	22750000	23000000	0.275576
chr18	23000000	23250000	0.703006
chr18	23250000	23500000	0.704139
chr18	23500000	23750000	0.747516
chr18	23750000	24000000	0.738466
chr18	24000000	24250000	0.604567
chr18	24250000	24500000	0.284149
chr18	24500000	24750000	-0.210073
chr18	24750000	25000000	0.081826
chr18	25000000	25250000	0.37368
chr18	25250000	25500000	0.240052
chr18	25500000	25750000	-0.00628034
chr18	25750000	26000000	-0.0930163
chr18	26000000	26250000	-0.0632401
chr18	26250000	26500000	0.11172
chr18	26500000	26750000	-0.168915
chr18	26750000	27000000	-0.813819
chr18	27000000	27250000	-0.973308
chr18	27250000	27500000	-1.12355
chr18	27500000	27750000	-0.562797
chr18	27750000	28000000	0.0833313
chr18	28000000	28250000	0.295283
chr18	28250000	28500000	-0.350398
chr18	28500000	28750000	-0.166909
chr18	28750000	29000000	0.10841
chr18	29000000	29250000	0.279883
chr18	29250000	29500000	0.153677
chr18	29500000	29750000	0.0526345
chr18	29750000	30000000	-0.324694
chr18	30000000	30250000	-0.675995
chr18	30250000	30500000	-0.803854
chr18	30500000	30750000	-1.03321
chr18	30750000	31000000	-1.10508
chr18	31000000	31250000	-1.26971
chr18	31250000	31500000	-1.31304
chr18	31500000	31750000	-0.985034
chr18	31750000	32000000	-0.266014
chr18	32000000	32250000	-0.424653
chr18	32250000	32500000	-0.386622
chr18	32500000	32750000	-0.878424
chr18	32750000	33000000	-1.14816
chr18	33000000	33250000	-1.13702
chr18	33250000	33500000	-1.12412
chr18	33500000	33750000	-1.06455
chr18	33750000	34000000	-1.07329
chr18	34000000	34250000	-1.0243
chr18	34250000	34500000	-0.937547
chr18	34500000	34750000	-0.151339
chr18	34750000	35000000	0.0548232
chr18	35000000	35250000	0.275214
chr18	35250000	35500000	0.235469
chr18	35500000	35750000	0.145252
chr18	35750000	36000000	-0.122669
chr18	36000000	36250000	0.63232
chr18	36250000	36500000	0.565585
chr18	36500000	36750000	0.588207
chr18	36750000	37000000	0.202452
chr18	37000000	37250000	-0.689497
chr18	37250000	37500000	-0.140116
chr18	37500000	37750000	-0.781095
chr18	37750000	38000000	-1.01025
chr18	38000000	38250000	-0.990352
chr18	38250000	38500000	-0.901569
chr18	38500000	38750000	-0.75402
chr18	38750000	39000000	-0.697335
chr18	39000000	39250000	-0.549468
chr18	39250000	39500000	-0.00058979
chr18	39500000	39750000	0.116746
chr18	39750000	40000000	-0.093534
chr18	40000000	40250000	-0.457021
chr18	40250000	40500000	-0.560824
chr18	40500000	40750000	-0.683373
chr18	40750000	41000000	-0.466848
chr18	41000000	41250000	-0.501886
chr18	41250000	41500000	-0.564406
chr18	41500000	41750000	-0.506724
chr18	41750000	42000000	-0.0482568
chr18	42000000	42250000	-0.319962
chr18	42250000	42500000	-0.972216
chr18	42500000	42750000	-1.17755
chr18	42750000	43000000	-1.2985
chr18	43000000	43250000	-1.27407
chr18	43250000	43500000	-1.17756
chr18	43500000	43750000	-0.259591
chr18	43750000	44000000	0.11089
chr18	44000000	44250000	-0.165332
chr18	44250000	44500000	-0.0935668
chr18	44500000	44750000	0.396302
chr18	44750000	45000000	0.250481
chr18	45000000	45250000	0.262532
chr18	45250000	45500000	-0.0524926
chr18	45500000	45750000	0.363876
chr18	45750000	46000000	0.716972
chr18	46000000	46250000	0.53304
chr18	46250000	46500000	-0.0350281
chr18	46500000	46750000	-0.203639
chr18	46750000	47000000	-0.100625
chr18	47000000	47250000	-0.15039
chr18	47250000	47500000	-0.713118
chr18	47500000	47750000	-0.741087
chr18	47750000	48000000	0.000334011
chr18	48000000	48250000	-0.107756
chr18	48250000	48500000	-0.020764
chr18	48500000	48750000	0.52193
chr18	48750000	49000000	0.646049
chr18	49000000	49250000	0.552457
chr18	49250000	49500000	0.564819
chr18	49500000	49750000	0.171604
chr18	49750000	50000000	-0.0197029
chr18	50000000	50250000	-0.342995
chr18	50250000	50500000	-0.349119
chr18	50500000	50750000	-0.81876
chr18	50750000	51000000	-0.127843
chr18	51000000	51250000	-0.220611
chr18	51250000	51500000	-0.830271
chr18	51500000	51750000	-0.865085
chr18	51750000	52000000	-0.956205
chr18	52000000	52250000	-1.03834
chr18	52250000	52500000	-1.11171
chr18	52500000	52750000	-1.10841
chr18	52750000	53000000	-1.22287
chr18	53000000	53250000	-1.20681
chr18	53250000	53500000	-1.20269
chr18	53500000	53750000	-1.06258
chr18	53750000	54000000	-1.04316
chr18	54000000	54250000	-0.348684
chr18	54250000	54500000	-0.12022
chr18	54500000	54750000	-0.225628
chr18	54750000	55000000	0.400309
chr18	55000000	55250000	0.414808
chr18	55250000	55500000	0.676579
chr18	55500000	55750000	0.580026
chr18	55750000	56000000	0.650803
chr18	56000000	56250000	0.710327
chr18	56250000	56500000	0.575826
chr18	56500000	56750000	0.523964
chr18	56750000	57000000	0.139241
chr18	57000000	57250000	-0.388085
chr18	57250000	57500000	-0.402593
chr18	57500000	57750000	0.492238
chr18	57750000	58000000	0.648879
chr18	58000000	58250000	0.606872
chr18	58250000	58500000	0.674874
chr18	58500000	58750000	0.767409
chr18	58750000	59000000	0.804619
chr18	59000000	59250000	0.639605
chr18	59250000	59500000	0.666389
chr18	59500000	59750000	0.768416
chr18	59750000	60000000	0.42719
chr18	60000000	60250000	-0.200257
chr18	60250000	60500000	-0.439498
chr18	60500000	60750000	-0.794581
chr18	60750000	61000000	-1.29295
chr18	61000000	61250000	-1.13028
chr18	61250000	61500000	-0.493892
chr18	61500000	61750000	0.309655
chr18	61750000	62000000	0.528004
chr18	62000000	62250000	0.447573
chr18	62250000	62500000	0.0987083
chr18	62500000	62750000	0.294084
chr18	62750000	63000000	0.473483
chr18	63000000	63250000	-0.0415669
chr18	63250000	63500000	0.245367
chr18	63500000	63750000	0.549454
chr18	63750000	64000000	0.434828
chr18	64000000	64250000	-1.05536
chr18	64250000	64500000	-1.27718
chr18	64500000	64750000	-1.29882
chr18	64750000	65000000	-1.23555
chr18	65000000	65250000	-1.18018
chr18	65250000	65500000	-1.13857
chr18	65500000	65750000	-1.12781
chr18	65750000	66000000	-1.13638
chr18	66000000	66250000	-1.12266
chr18	66250000	66500000	-1.14142
chr18	66500000	66750000	-1.20003
chr18	66750000	67000000	-1.1995
chr18	67000000	67250000	-0.629795
chr18	67250000	67500000	0.392585
chr18	67500000	67750000	0.536286
chr18	67750000	68000000	0.48104
chr18	68000000	68250000	0.46848
chr18	68250000	68500000	0.581402
chr18	68500000	68750000	0.445876
chr18	68750000	69000000	-0.182932
chr18	69000000	69250000	-0.778264
chr18	69250000	69500000	-0.819881
chr18	69500000	69750000	-0.625713
chr18	69750000	70000000	-0.151206
chr18	70000000	70250000	0.256625
chr18	70250000	70500000	0.429533
chr18	70500000	70750000	-1.04163
chr18	70750000	71000000	-1.32743
chr18	71000000	71250000	-1.34179
chr18	71250000	71500000	-1.2874
chr18	71500000	71750000	-1.3435
chr18	71750000	72000000	-1.3464
chr18	72000000	72250000	-1.38955
chr18	72250000	72500000	-1.31051
chr18	72500000	72750000	-0.987617
chr18	72750000	73000000	-0.592713
chr18	73000000	73250000	-0.30672
chr18	73250000	73500000	0.216737
chr18	73500000	73750000	0.456423
chr18	73750000	74000000	0.283103
chr18	74000000	74250000	0.0662606
chr18	74250000	74500000	-0.0262145
chr18	74500000	74750000	0.288981
chr18	74750000	75000000	0.454123
chr18	75000000	75250000	0.291631
chr18	75250000	75500000	0.346302
chr18	75500000	75750000	-0.0981587
chr18	75750000	76000000	-0.658814
chr18	76000000	76250000	-0.604852
chr18	76250000	76500000	0.313663
chr18	76500000	76750000	0.586357
chr18	76750000	77000000	0.227744
chr18	77000000	77250000	-0.0345847
chr18	77250000	77500000	-1.14582
chr18	77500000	77750000	-1.14061
chr18	77750000	78000000	-1.30786
chr18	78000000	78250000	-1.2743
chr18	78250000	78500000	-1.14399
chr18	78500000	78750000	-0.930436
chr18	78750000	79000000	-0.990755
chr18	79000000	79250000	-0.226541
chr18	79250000	79500000	0.352825
chr18	79500000	79750000	0.358696
chr18	79750000	80000000	0.19096
chr18	80000000	80250000	0.16492
chr18	80250000	80373285	nan
#bedGraph section chr19:0-58617616
chr19	0	250000	nan
chr19	250000	500000	0.128646
chr19	500000	750000	0.625801
chr19	750000	1000000	0.713667
chr19	1000000	1250000	0.692279
chr19	1250000	1500000	0.720725
chr19	1500000	1750000	0.682284
chr19	1750000	2000000	0.731275
chr19	2000000	2250000	0.6876
chr19	2250000	2500000	0.669067
chr19	2500000	2750000	0.588261
chr19	2750000	3000000	0.537131
chr19	3000000	3250000	0.602583
chr19	3250000	3500000	0.624427
chr19	3500000	3750000	0.650822
chr19	3750000	4000000	0.552962
chr19	4000000	4250000	0.656324
chr19	4250000	4500000	0.693135
chr19	4500000	4750000	0.673664
chr19	4750000	5000000	0.646546
chr19	5000000	5250000	0.578969
chr19	5250000	5500000	0.485478
chr19	5500000	5750000	0.625137
chr19	5750000	6000000	0.595153
chr19	6000000	6250000	0.456653
chr19	6250000	6500000	0.305833
chr19	6500000	6750000	-0.177402
chr19	6750000	7000000	-0.602568
chr19	7000000	7250000	-0.0842545
chr19	7250000	7500000	0.213145
chr19	7500000	7750000	0.246624
chr19	7750000	8000000	0.299827
chr19	8000000	8250000	-0.192394
chr19	8250000	8500000	0.274473
chr19	8500000	8750000	-0.513479
chr19	8750000	9000000	-1.36424
chr19	9000000	9250000	-1.1575
chr19	9250000	9500000	-1.04896
chr19	9500000	9750000	-0.736108
chr19	9750000	10000000	0.130652
chr19	10000000	10250000	0.581885
chr19	10250000	10500000	0.756041
chr19	10500000	10750000	0.761212
chr19	10750000	11000000	0.792138
chr19	11000000	11250000	0.763948
chr19	11250000	11500000	0.695532
chr19	11500000	11750000	0.36912
chr19	11750000	12000000	0.0971143
chr19	12000000	12250000	0.0646887
chr19	12250000	12500000	-0.0521393
chr19	12500000	12750000	0.436764
chr19	12750000	13000000	0.69776
chr19	13000000	13250000	0.562242
chr19	13250000	13500000	0.154293
chr19	13500000	13750000	0.249115
chr19	13750000	14000000	0.638812
chr19	14000000	14250000	0.592468
chr19	14250000	14500000	0.462577
chr19	14500000	14750000	-0.606174
chr19	14750000	15000000	-1.02658
chr19	15000000	15250000	-0.415868
chr19	15250000	15500000	-0.0123932
chr19	15500000	15750000	-0.92316
chr19	15750000	16000000	-1.09051
chr19	16000000	16250000	-0.0947219
chr19	16250000	16500000	0.44425
chr19	16500000	16750000	0.473907
chr19	16750000	17000000	0.181339
chr19	17000000	17250000	0.484462
chr19	17250000	17500000	0.686837
chr19	17500000	17750000	0.623048
chr19	17750000	18000000	0.661102
chr19	18000000	18250000	0.787198
chr19	18250000	18500000	0.801409
chr19	18500000	18750000	0.77269
chr19	18750000	19000000	0.791308
chr19	19000000	19250000	0.676894
chr19	19250000	19500000	0.526578
chr19	19500000	19750000	-0.125441
chr19	19750000	20000000	-0.825195
chr19	20000000	20250000	-0.781848
chr19	20250000	20500000	-0.84796
chr19	20500000	20750000	-0.739946
chr19	20750000	21000000	-0.688288
chr19	21000000	21250000	-0.396283
chr19	21250000	21500000	-0.519578
chr19	21500000	21750000	-0.671775
chr19	21750000	22000000	-0.706638
chr19	22000000	22250000	-0.851073
chr19	22250000	22500000	-0.930339
chr19	22500000	22750000	-0.9487
chr19	22750000	23000000	-0.882819
chr19	23000000	23250000	-0.695144
chr19	23250000	23500000	-0.58662
chr19	23500000	23750000	-0.601067
chr19	23750000	24000000	-0.666824
chr19	24000000	24250000	-0.563641
chr19	24250000	24500000	nan
chr19	24500000	24750000	nan
chr19	24750000	25000000	nan
chr19	25000000	25250000	nan
chr19	25250000	25500000	nan
chr19	25500000	25750000	nan
chr19	25750000	26000000	nan
chr19	26000000	26250000	nan
chr19	26250000	26500000	nan
chr19	26500000	26750000	nan
chr19	26750000	27000000	nan
chr19	27000000	27250000	nan
chr19	27250000	27500000	nan
chr19	27500000	27750000	-1.64097
chr19	27750000	28000000	-1.54903
chr19	28000000	28250000	-1.53771
chr19	28250000	28500000	-1.51447
chr19	28500000	28750000	-1.33825
chr19	28750000	29000000	-0.970325
chr19	29000000	29250000	-1.09479
chr19	29250000	29500000	-1.27543
chr19	29500000	29750000	-0.774283
chr19	29750000	30000000	-0.637116
chr19	30000000	30250000	-0.977332
chr19	30250000	30500000	-1.24838
chr19	30500000	30750000	-0.853875
chr19	30750000	31000000	-0.710799
chr19	31000000	31250000	-0.238946
chr19	31250000	31500000	-0.216464
chr19	31500000	31750000	-0.645823
chr19	31750000	32000000	-0.884654
chr19	32000000	32250000	-0.858652
chr19	32250000	32500000	-0.559507
chr19	32500000	32750000	-0.548918
chr19	32750000	33000000	-0.417477
chr19	33000000	33250000	-0.0297403
chr19	33250000	33500000	-0.267167
chr19	33500000	33750000	-0.908991
chr19	33750000	34000000	-0.696407
chr19	34000000	34250000	-0.451395
chr19	34250000	34500000	0.0693159
chr19	34500000	34750000	-1.16857
chr19	34750000	35000000	-1.17061
chr19	35000000	35250000	-0.183305
chr19	35250000	35500000	-0.424008
chr19	35500000	35750000	0.0912065
chr19	35750000	36000000	0.419941
chr19	36000000	36250000	0.172813
chr19	36250000	36500000	-0.57947
chr19	36500000	36750000	-0.417232
chr19	36750000	37000000	-0.607257
chr19	37000000	37250000	-0.865152
chr19	37250000	37500000	-0.78687
chr19	37500000	37750000	-0.787957
chr19	37750000	38000000	-0.33616
chr19	38000000	38250000	0.219763
chr19	38250000	38500000	0.302833
chr19	38500000	38750000	0.39728
chr19	38750000	39000000	0.445817
chr19	39000000	39250000	0.204647
chr19	39250000	39500000	0.180984
chr19	39500000	39750000	-0.904203
chr19	39750000	40000000	-0.638865
chr19	40000000	40250000	-0.15767
chr19	40250000	40500000	0.416931
chr19	40500000	40750000	0.430015
chr19	40750000	41000000	-0.138547
chr19	41000000	41250000	-0.18643
chr19	41250000	41500000	0.00342801
chr19	41500000	41750000	-0.632769
chr19	41750000	42000000	-0.129055
chr19	42000000	42250000	0.571201
chr19	42250000	42500000	0.64527
chr19	42500000	42750000	0.364933
chr19	42750000	43000000	0.440392
chr19	43000000	43250000	0.444007
chr19	43250000	43500000	0.459977
chr19	43500000	43750000	0.552552
chr19	43750000	44000000	0.178127
chr19	44000000	44250000	0.0887644
chr19	44250000	44500000	-0.0828532
chr19	44500000	44750000	0.354869
chr19	44750000	45000000	0.594581
chr19	45000000	45250000	0.682264
chr19	45250000	45500000	0.731093
chr19	45500000	45750000	0.757699
chr19	45750000	46000000	0.657282
chr19	46000000	46250000	0.417625
chr19	46250000	46500000	0.524849
chr19	46500000	46750000	0.630161
chr19	46750000	47000000	0.638257
chr19	47000000	47250000	0.680565
chr19	47250000	47500000	0.666573
chr19	47500000	47750000	0.626132
chr19	47750000	48000000	0.484633
chr19	48000000	48250000	0.482048
chr19	48250000	48500000	0.717738
chr19	48500000	48750000	0.773148
chr19	48750000	49000000	0.834315
chr19	49000000	49250000	0.79446
chr19	49250000	49500000	0.743243
chr19	49500000	49750000	0.806347
chr19	49750000	50000000	0.362828
chr19	50000000	50250000	-0.937097
chr19	50250000	50500000	-0.636278
chr19	50500000	50750000	-0.630821
chr19	50750000	51000000	-1.07267
chr19	51000000	51250000	-1.39487
chr19	51250000	51500000	-1.14389
chr19	51500000	51750000	-0.968212
chr19	51750000	52000000	-1.00636
chr19	52000000	52250000	-0.262362
chr19	52250000	52500000	-0.667612
chr19	52500000	52750000	-0.127135
chr19	52750000	53000000	-0.396047
chr19	53000000	53250000	-0.742333
chr19	53250000	53500000	-0.809978
chr19	53500000	53750000	-0.939331
chr19	53750000	54000000	-0.364392
chr19	54000000	54250000	-0.213351
chr19	54250000	54500000	-0.785738
chr19	54500000	54750000	-1.62307
chr19	54750000	55000000	-1.72552
chr19	55000000	55250000	-0.177647
chr19	55250000	55500000	0.539794
chr19	55500000	55750000	-0.0795571
chr19	55750000	56000000	-1.68459
chr19	56000000	56250000	-1.07184
chr19	56250000	56500000	-1.07643
chr19	56500000	56750000	-1.30777
chr19	56750000	57000000	-1.56714
chr19	57000000	57250000	-1.12429
chr19	57250000	57500000	-0.217563
chr19	57500000	57750000	-0.373013
chr19	57750000	58000000	-0.433233
chr19	58000000	58250000	-0.970923
chr19	58250000	58500000	0.303389
chr19	58500000	58617616	0.457487
#bedGraph section chr2:0-242193529
chr2	0	250000	-0.673484
chr2	250000	500000	-0.561755
chr2	500000	750000	-0.282496
chr2	750000	1000000	-0.412851
chr2	1000000	1250000	-0.310922
chr2	1250000	1500000	-0.555344
chr2	1500000	1750000	0.88063
chr2	1750000	2000000	-0.143307
chr2	2000000	2250000	-0.653196
chr2	2250000	2500000	-0.618706
chr2	2500000	2750000	-0.459353
chr2	2750000	3000000	-0.531096
chr2	3000000	3250000	-0.287261
chr2	3250000	3500000	0.44527
chr2	3500000	3750000	0.0249874
chr2	3750000	4000000	-0.614762
chr2	4000000	4250000	-0.694889
chr2	4250000	4500000	-0.732161
chr2	4500000	4750000	-0.69951
chr2	4750000	5000000	-0.724716
chr2	5000000	5250000	-0.623905
chr2	5250000	5500000	-0.598395
chr2	5500000	5750000	-0.576432
chr2	5750000	6000000	-0.562361
chr2	6000000	6250000	-0.573831
chr2	6250000	6500000	-0.450089
chr2	6500000	6750000	-0.406031
chr2	6750000	7000000	-0.388155
chr2	7000000	7250000	-0.584313
chr2	7250000	7500000	-0.634228
chr2	7500000	7750000	-0.219952
chr2	7750000	8000000	0.0976825
chr2	8000000	8250000	0.205166
chr2	8250000	8500000	-0.262726
chr2	8500000	8750000	0.167354
chr2	8750000	9000000	0.516947
chr2	9000000	9250000	0.962927
chr2	9250000	9500000	1.27261
chr2	9500000	9750000	1.51037
chr2	9750000	10000000	1.4797
chr2	10000000	10250000	1.42633
chr2	10250000	10500000	1.52622
chr2	10500000	10750000	1.36631
chr2	10750000	11000000	0.995068
chr2	11000000	11250000	1.04142
chr2	11250000	11500000	1.24433
chr2	11500000	11750000	0.719842
chr2	11750000	12000000	0.718621
chr2	12000000	12250000	0.909027
chr2	12250000	12500000	0.857419
chr2	12500000	12750000	0.802178
chr2	12750000	13000000	0.751842
chr2	13000000	13250000	-0.543894
chr2	13250000	13500000	-0.729287
chr2	13500000	13750000	-0.714498
chr2	13750000	14000000	-0.673252
chr2	14000000	14250000	-0.562388
chr2	14250000	14500000	-0.370278
chr2	14500000	14750000	-0.348277
chr2	14750000	15000000	-0.559144
chr2	15000000	15250000	-0.301314
chr2	15250000	15500000	0.262924
chr2	15500000	15750000	-0.14825
chr2	15750000	16000000	-0.566074
chr2	16000000	16250000	-0.599184
chr2	16250000	16500000	-0.679771
chr2	16500000	16750000	-0.614323
chr2	16750000	17000000	-0.728649
chr2	17000000	17250000	-0.76399
chr2	17250000	17500000	-0.727208
chr2	17500000	17750000	-0.154679
chr2	17750000	18000000	0.00541482
chr2	18000000	18250000	-0.173408
chr2	18250000	18500000	0.303002
chr2	18500000	18750000	0.758515
chr2	18750000	19000000	0.756012
chr2	19000000	19250000	0.778873
chr2	19250000	19500000	0.561028
chr2	19500000	19750000	0.999509
chr2	19750000	20000000	0.934796
chr2	20000000	20250000	1.30091
chr2	20250000	20500000	1.03173
chr2	20500000	20750000	0.679663
chr2	20750000	21000000	-0.460071
chr2	21000000	21250000	-0.654581
chr2	21250000	21500000	-0.669657
chr2	21500000	21750000	-0.600065
chr2	21750000	22000000	-0.479921
chr2	22000000	22250000	-0.720949
chr2	22250000	22500000	-0.694871
chr2	22500000	22750000	-0.716569
chr2	22750000	23000000	-0.707691
chr2	23000000	23250000	-0.642105
chr2	23250000	23500000	0.11533
chr2	23500000	23750000	0.379533
chr2	23750000	24000000	0.801895
chr2	24000000	24250000	0.93102
chr2	24250000	24500000	0.752077
chr2	24500000	24750000	0.817481
chr2	24750000	25000000	0.908413
chr2	25000000	25250000	0.771997
chr2	25250000	25500000	0.879578
chr2	25500000	25750000	0.941003
chr2	25750000	26000000	1.18119
chr2	26000000	26250000	1.20129
chr2	26250000	26500000	0.907719
chr2	26500000	26750000	0.823354
chr2	26750000	27000000	0.869215
chr2	27000000	27250000	1.20204
chr2	27250000	27500000	1.21984
chr2	27500000	27750000	1.10844
chr2	27750000	28000000	1.11928
chr2	28000000	28250000	1.22357
chr2	28250000	28500000	1.02819
chr2	28500000	28750000	1.07406
chr2	28750000	29000000	0.652323
chr2	29000000	29250000	0.372074
chr2	29250000	29500000	0.00483477
chr2	29500000	29750000	0.0742746
chr2	29750000	30000000	-0.259976
chr2	30000000	30250000	0.0231113
chr2	30250000	30500000	0.306716
chr2	30500000	30750000	0.170794
chr2	30750000	31000000	-0.26972
chr2	31000000	31250000	-0.144246
chr2	31250000	31500000	0.336043
chr2	31500000	31750000	-0.241952
chr2	31750000	32000000	0.0346863
chr2	32000000	32250000	0.705587
chr2	32250000	32500000	1.07175
chr2	32500000	32750000	1.08794
chr2	32750000	33000000	0.574148
chr2	33000000	33250000	0.987726
chr2	33250000	33500000	0.612179
chr2	33500000	33750000	-0.0385352
chr2	33750000	34000000	-0.407183
chr2	34000000	34250000	-0.632336
chr2	34250000	34500000	-0.695619
chr2	34500000	34750000	-0.689766
chr2	34750000	35000000	-0.694081
chr2	35000000	35250000	-0.699391
chr2	35250000	35500000	-0.708546
chr2	35500000	35750000	-0.758232
chr2	35750000	36000000	-0.644485
chr2	36000000	36250000	-0.661715
chr2	36250000	36500000	0.276369
chr2	36500000	36750000	0.595531
chr2	36750000	37000000	0.62857
chr2	37000000	37250000	1.18792
chr2	37250000	37500000	1.03178
chr2	37500000	37750000	1.29677
chr2	37750000	38000000	1.0535
chr2	38000000	38250000	0.878262
chr2	38250000	38500000	0.763767
chr2	38500000	38750000	1.09313
chr2	38750000	39000000	0.847488
chr2	39000000	39250000	0.810039
chr2	39250000	39500000	0.877529
chr2	39500000	39750000	0.640736
chr2	39750000	40000000	0.263035
chr2	40000000	40250000	0.480252
chr2	40250000	40500000	0.451822
chr2	40500000	40750000	0.00567728
chr2	40750000	41000000	-0.532417
chr2	41000000	41250000	-0.842974
chr2	41250000	41500000	-0.846353
chr2	41500000	41750000	-0.797993
chr2	41750000	42000000	-0.156643
chr2	42000000	42250000	0.372919
chr2	42250000	42500000	0.446597
chr2	42500000	42750000	0.582635
chr2	42750000	43000000	0.843627
chr2	43000000	43250000	1.2437
chr2	43250000	43500000	1.1145
chr2	43500000	43750000	0.70146
chr2	43750000	44000000	0.619555
chr2	44000000	44250000	0.549582
chr2	44250000	44500000	0.420076
chr2	44500000	44750000	0.133151
chr2	44750000	45000000	-0.0290902
chr2	45000000	45250000	0.194288
chr2	45250000	45500000	0.329077
chr2	45500000	45750000	0.730573
chr2	45750000	46000000	0.904562
chr2	46000000	46250000	1.07
chr2	46250000	46500000	0.979329
chr2	46500000	46750000	1.18364
chr2	46750000	47000000	1.09637
chr2	47000000	47250000	1.07723
chr2	47250000	47500000	0.608181
chr2	47500000	47750000	-0.0497885
chr2	47750000	48000000	0.0826039
chr2	48000000	48250000	-0.120838
chr2	48250000	48500000	0.237865
chr2	48500000	48750000	-0.226609
chr2	48750000	49000000	-0.686514
chr2	49000000	49250000	-0.615829
chr2	49250000	49500000	-0.64565
chr2	49500000	49750000	-0.714265
chr2	49750000	50000000	-0.721856
chr2	50000000	50250000	-0.696327
chr2	50250000	50500000	-0.683732
chr2	50500000	50750000	-0.697028
chr2	50750000	51000000	-0.734021
chr2	51000000	51250000	-0.718973
chr2	51250000	51500000	-0.697692
chr2	51500000	51750000	-0.56668
chr2	51750000	52000000	-0.414136
chr2	52000000	52250000	-0.542582
chr2	52250000	52500000	-0.620892
chr2	52500000	52750000	-0.624043
chr2	52750000	53000000	-0.57686
chr2	53000000	53250000	-0.328687
chr2	53250000	53500000	-0.42689
chr2	53500000	53750000	-0.251779
chr2	53750000	54000000	0.797712
chr2	54000000	54250000	0.704825
chr2	54250000	54500000	0.824575
chr2	54500000	54750000	0.878845
chr2	54750000	55000000	0.924146
chr2	55000000	55250000	1.148
chr2	55250000	55500000	0.903385
chr2	55500000	55750000	0.62766
chr2	55750000	56000000	0.659402
chr2	56000000	56250000	-0.234697
chr2	56250000	56500000	-0.204548
chr2	56500000	56750000	-0.217186
chr2	56750000	57000000	-0.309372
chr2	57000000	57250000	-0.453327
chr2	57250000	57500000	-0.523751
chr2	57500000	57750000	-0.62477
chr2	57750000	58000000	-0.282898
chr2	58000000	58250000	0.227531
chr2	58250000	58500000	-0.407901
chr2	58500000	58750000	-0.36505
chr2	58750000	59000000	-0.260227
chr2	59000000	59250000	-0.490127
chr2	59250000	59500000	-0.576464
chr2	59500000	59750000	-0.580168
chr2	59750000	60000000	-0.578956
chr2	60000000	60250000	-0.577918
chr2	60250000	60500000	-0.322924
chr2	60500000	60750000	-0.181417
chr2	60750000	61000000	0.367071
chr2	61000000	61250000	0.924478
chr2	61250000	61500000	1.06755
chr2	61500000	61750000	0.797125
chr2	61750000	62000000	0.490615
chr2	62000000	62250000	0.33612
chr2	62250000	62500000	0.22049
chr2	62500000	62750000	0.686929
chr2	62750000	63000000	0.309596
chr2	63000000	63250000	-0.190128
chr2	63250000	63500000	-0.15673
chr2	63500000	63750000	0.544271
chr2	63750000	64000000	0.774088
chr2	64000000	64250000	0.890597
chr2	64250000	64500000	0.778061
chr2	64500000	64750000	0.909587
chr2	64750000	65000000	0.957267
chr2	65000000	65250000	0.833204
chr2	65250000	65500000	0.738291
chr2	65500000	65750000	-0.0777435
chr2	65750000	66000000	-0.614285
chr2	66000000	66250000	-0.638251
chr2	66250000	66500000	-0.204784
chr2	66500000	66750000	0.091862
chr2	66750000	67000000	0.322653
chr2	67000000	67250000	0.214784
chr2	67250000	67500000	0.364971
chr2	67500000	67750000	0.302642
chr2	67750000	68000000	0.356309
chr2	68000000	68250000	0.381325
chr2	68250000	68500000	0.288398
chr2	68500000	68750000	-0.116655
chr2	68750000	69000000	0.182006
chr2	69000000	69250000	0.763689
chr2	69250000	69500000	0.915123
chr2	69500000	69750000	1.15456
chr2	69750000	70000000	1.01603
chr2	70000000	70250000	1.00411
chr2	70250000	70500000	0.00540449
chr2	70500000	70750000	-0.171808
chr2	70750000	71000000	0.0245671
chr2	71000000	71250000	0.218257
chr2	71250000	71500000	0.352811
chr2	71500000	71750000	0.546024
chr2	71750000	72000000	0.768019
chr2	72000000	72250000	0.415946
chr2	72250000	72500000	0.331042
chr2	72500000	72750000	0.526946
chr2	72750000	73000000	0.729953
chr2	73000000	73250000	0.819347
chr2	73250000	73500000	0.110534
chr2	73500000	73750000	0.0715725
chr2	73750000	74000000	0.90658
chr2	74000000	74250000	1.03687
chr2	74250000	74500000	0.932831
chr2	74500000	74750000	1.11142
chr2	74750000	75000000	0.991264
chr2	75000000	75250000	0.719157
chr2	75250000	75500000	0.584853
chr2	75500000	75750000	0.39921
chr2	75750000	76000000	-0.670355
chr2	76000000	76250000	-0.715609
chr2	76250000	76500000	-0.768212
chr2	76500000	76750000	-0.695578
chr2	76750000	77000000	-0.696788
chr2	77000000	77250000	-0.658772
chr2	77250000	77500000	-0.697456
chr2	77500000	77750000	-0.715321
chr2	77750000	78000000	-0.702055
chr2	78000000	78250000	-0.657846
chr2	78250000	78500000	-0.650341
chr2	78500000	78750000	-0.64557
chr2	78750000	79000000	-0.679203
chr2	79000000	79250000	-0.700263
chr2	79250000	79500000	-0.677723
chr2	79500000	79750000	-0.556283
chr2	79750000	80000000	-0.329248
chr2	80000000	80250000	-0.0619463
chr2	80250000	80500000	-0.483604
chr2	80500000	80750000	-0.639018
chr2	80750000	81000000	-0.677279
chr2	81000000	81250000	-0.699608
chr2	81250000	81500000	-0.619106
chr2	81500000	81750000	-0.630455
chr2	81750000	82000000	-0.605003
chr2	82000000	82250000	-0.58344
chr2	82250000	82500000	-0.500974
chr2	82500000	82750000	-0.51488
chr2	82750000	83000000	-0.307131
chr2	83000000	83250000	-0.0786383
chr2	83250000	83500000	-0.498219
chr2	83500000	83750000	-0.620731
chr2	83750000	84000000	-0.656398
chr2	84000000	84250000	-0.651526
chr2	84250000	84500000	-0.24339
chr2	84500000	84750000	-0.0160172
chr2	84750000	85000000	0.572071
chr2	85000000	85250000	1.08735
chr2	85250000	85500000	1.38478
chr2	85500000	85750000	1.38663
chr2	85750000	86000000	1.36641
chr2	86000000	86250000	1.0576
chr2	86250000	86500000	0.409833
chr2	86500000	86750000	0.331108
chr2	86750000	87000000	0.0958016
chr2	87000000	87250000	nan
chr2	87250000	87500000	nan
chr2	87500000	87750000	nan
chr2	87750000	88000000	nan
chr2	88000000	88250000	-0.13645
chr2	88250000	88500000	-0.601689
chr2	88500000	88750000	0.190772
chr2	88750000	89000000	-0.451898
chr2	89000000	89250000	-0.455842
chr2	89250000	89500000	nan
chr2	89500000	89750000	nan
chr2	89750000	90000000	-0.54662
chr2	90000000	90250000	-0.698367
chr2	90250000	90500000	-0.643489
chr2	90500000	90750000	nan
chr2	90750000	91000000	nan
chr2	91000000	91250000	nan
chr2	91250000	91500000	nan
chr2	91500000	91750000	nan
chr2	91750000	92000000	-0.493513
chr2	92000000	92250000	nan
chr2	92250000	92500000	nan
chr2	92500000	92750000	nan
chr2	92750000	93000000	nan
chr2	93000000	93250000	nan
chr2	93250000	93500000	nan
chr2	93500000	93750000	nan
chr2	93750000	94000000	nan
chr2	94000000	94250000	nan
chr2	94250000	94500000	nan
chr2	94500000	94750000	-0.768017
chr2	94750000	95000000	-0.56239
chr2	95000000	95250000	0.170928
chr2	95250000	95500000	0.545348
chr2	95500000	95750000	0.782309
chr2	95750000	96000000	0.379346
chr2	96000000	96250000	1.06411
chr2	96250000	96500000	1.03286
chr2	96500000	96750000	1.03413
chr2	96750000	97000000	0.782036
chr2	97000000	97250000	0.23682
chr2	97250000	97500000	nan
chr2	97500000	97750000	0.256487
chr2	97750000	98000000	0.388989
chr2	98000000	98250000	-0.21723
chr2	98250000	98500000	0.0163997
chr2	98500000	98750000	0.134484
chr2	98750000	99000000	-0.257157
chr2	99000000	99250000	-0.0325086
chr2	99250000	99500000	0.561891
chr2	99500000	99750000	0.130987
chr2	99750000	100000000	0.358278
chr2	100000000	100250000	0.370761
chr2	100250000	100500000	0.0423846
chr2	100500000	100750000	0.313111
chr2	100750000	101000000	0.935494
chr2	101000000	101250000	0.74782
chr2	101250000	101500000	0.953266
chr2	101500000	101750000	0.97395
chr2	101750000	102000000	0.722396
chr2	102000000	102250000	0.822434
chr2	102250000	102500000	-0.19812
chr2	102500000	102750000	-0.373165
chr2	102750000	103000000	-0.52804
chr2	103000000	103250000	-0.73013
chr2	103250000	103500000	-0.71298
chr2	103500000	103750000	-0.716043
chr2	103750000	104000000	-0.71791
chr2	104000000	104250000	-0.703052
chr2	104250000	104500000	-0.699493
chr2	104500000	104750000	-0.687757
chr2	104750000	105000000	-0.50609
chr2	105000000	105250000	-0.0859528
chr2	105250000	105500000	0.783245
chr2	105500000	105750000	0.0346854
chr2	105750000	106000000	0.068343
chr2	106000000	106250000	-0.094053
chr2	106250000	106500000	-0.478652
chr2	106500000	106750000	-0.338994
chr2	106750000	107000000	-0.0967673
chr2	107000000	107250000	-0.288108
chr2	107250000	107500000	-0.487693
chr2	107500000	107750000	-0.450989
chr2	107750000	108000000	-0.569157
chr2	108000000	108250000	-0.456887
chr2	108250000	108500000	0.58217
chr2	108500000	108750000	1.01639
chr2	108750000	109000000	0.677892
chr2	109000000	109250000	0.96193
chr2	109250000	109500000	1.21233
chr2	109500000	109750000	1.10194
chr2	109750000	110000000	nan
chr2	110000000	110250000	1.10704
chr2	110250000	110500000	nan
chr2	110500000	110750000	0.43115
chr2	110750000	111000000	0.00313629
chr2	111000000	111250000	0.379397
chr2	111250000	111500000	nan
chr2	111500000	111750000	0.734976
chr2	111750000	112000000	0.99956
chr2	112000000	112250000	1.18343
chr2	112250000	112500000	1.19392
chr2	112500000	112750000	1.34129
chr2	112750000	113000000	1.18321
chr2	113000000	113250000	0.931841
chr2	113250000	113500000	1.12955
chr2	113500000	113750000	0.559963
chr2	113750000	114000000	0.63417
chr2	114000000	114250000	-0.478344
chr2	114250000	114500000	-0.624723
chr2	114500000	114750000	-0.64293
chr2	114750000	115000000	-0.62302
chr2	115000000	115250000	-0.626526
chr2	115250000	115500000	-0.683058
chr2	115500000	115750000	-0.670047
chr2	115750000	116000000	-0.649421
chr2	116000000	116250000	-0.685198
chr2	116250000	116500000	-0.696325
chr2	116500000	116750000	-0.659795
chr2	116750000	117000000	-0.661312
chr2	117000000	117250000	-0.63166
chr2	117250000	117500000	-0.625385
chr2	117500000	117750000	-0.585866
chr2	117750000	118000000	0.295973
chr2	118000000	118250000	0.013113
chr2	118250000	118500000	-0.264435
chr2	118500000	118750000	-0.117838
chr2	118750000	119000000	-0.198801
chr2	119000000	119250000	-0.0917702
chr2	119250000	119500000	0.0714344
chr2	119500000	119750000	-0.0180157
chr2	119750000	120000000	0.553228
chr2	120000000	120250000	0.529367
chr2	120250000	120500000	1.2178
chr2	120500000	120750000	1.35063
chr2	120750000	121000000	1.13171
chr2	121000000	121250000	0.325129
chr2	121250000	121500000	0.834091
chr2	121500000	121750000	1.07703
chr2	121750000	122000000	0.00255372
chr2	122000000	122250000	-0.303631
chr2	122250000	122500000	-0.510696
chr2	122500000	122750000	-0.569513
chr2	122750000	123000000	-0.611488
chr2	123000000	123250000	-0.623775
chr2	123250000	123500000	-0.635473
chr2	123500000	123750000	-0.603347
chr2	123750000	124000000	-0.610566
chr2	124000000	124250000	-0.531432
chr2	124250000	124500000	-0.510559
chr2	124500000	124750000	-0.516247
chr2	124750000	125000000	-0.494922
chr2	125000000	125250000	-0.531148
chr2	125250000	125500000	-0.517626
chr2	125500000	125750000	-0.516131
chr2	125750000	126000000	-0.528404
chr2	126000000	126250000	-0.546823
chr2	126250000	126500000	-0.52046
chr2	126500000	126750000	-0.222881
chr2	126750000	127000000	-0.263529
chr2	127000000	127250000	1.00857
chr2	127250000	127500000	1.5148
chr2	127500000	127750000	1.60408
chr2	127750000	128000000	1.20495
chr2	128000000	128250000	0.641428
chr2	128250000	128500000	0.692574
chr2	128500000	128750000	0.481855
chr2	128750000	129000000	-0.520243
chr2	129000000	129250000	-0.593711
chr2	129250000	129500000	-0.572441
chr2	129500000	129750000	-0.60762
chr2	129750000	130000000	-0.249921
chr2	130000000	130250000	-0.0617465
chr2	130250000	130500000	0.133561
chr2	130500000	130750000	nan
chr2	130750000	131000000	-0.320703
chr2	131000000	131250000	0.199517
chr2	131250000	131500000	-0.245665
chr2	131500000	131750000	0.000809857
chr2	131750000	132000000	-0.493522
chr2	132000000	132250000	nan
chr2	132250000	132500000	0.0397605
chr2	132500000	132750000	-0.155852
chr2	132750000	133000000	-0.318449
chr2	133000000	133250000	-0.232964
chr2	133250000	133500000	0.0750384
chr2	133500000	133750000	0.234657
chr2	133750000	134000000	0.114533
chr2	134000000	134250000	0.411753
chr2	134250000	134500000	0.525124
chr2	134500000	134750000	-0.472226
chr2	134750000	135000000	-0.0867569
chr2	135000000	135250000	0.785318
chr2	135250000	135500000	0.334628
chr2	135500000	135750000	0.690841
chr2	135750000	136000000	0.533742
chr2	136000000	136250000	-0.393814
chr2	136250000	136500000	-0.504613
chr2	136500000	136750000	-0.593242
chr2	136750000	137000000	-0.543725
chr2	137000000	137250000	-0.149982
chr2	137250000	137500000	-0.270457
chr2	137500000	137750000	-0.523837
chr2	137750000	138000000	-0.335735
chr2	138000000	138250000	-0.102944
chr2	138250000	138500000	0.282443
chr2	138500000	138750000	-0.0175276
chr2	138750000	139000000	-0.526429
chr2	139000000	139250000	-0.728945
chr2	139250000	139500000	-0.718153
chr2	139500000	139750000	-0.675958
chr2	139750000	140000000	-0.664626
chr2	140000000	140250000	-0.632113
chr2	140250000	140500000	-0.591843
chr2	140500000	140750000	-0.542564
chr2	140750000	141000000	-0.243632
chr2	141000000	141250000	-0.170362
chr2	141250000	141500000	-0.321711
chr2	141500000	141750000	-0.473144
chr2	141750000	142000000	-0.466649
chr2	142000000	142250000	-0.386195
chr2	142250000	142500000	-0.533374
chr2	142500000	142750000	-0.491691
chr2	142750000	143000000	-0.0596381
chr2	143000000	143250000	-0.463017
chr2	143250000	143500000	0.0314667
chr2	143500000	143750000	0.177159
chr2	143750000	144000000	0.439001
chr2	144000000	144250000	0.753675
chr2	144250000	144500000	0.669739
chr2	144500000	144750000	0.493842
chr2	144750000	145000000	0.540131
chr2	145000000	145250000	0.606808
chr2	145250000	145500000	0.452078
chr2	145500000	145750000	0.35238
chr2	145750000	146000000	-0.377816
chr2	146000000	146250000	-0.387452
chr2	146250000	146500000	-0.313856
chr2	146500000	146750000	-0.299002
chr2	146750000	147000000	-0.659752
chr2	147000000	147250000	-0.59609
chr2	147250000	147500000	-0.66477
chr2	147500000	147750000	-0.586771
chr2	147750000	148000000	-0.151439
chr2	148000000	148250000	0.450966
chr2	148250000	148500000	0.209196
chr2	148500000	148750000	0.0561126
chr2	148750000	149000000	-0.0647012
chr2	149000000	149250000	0.433664
chr2	149250000	149500000	0.484812
chr2	149500000	149750000	0.661618
chr2	149750000	150000000	1.09863
chr2	150000000	150250000	1.11055
chr2	150250000	150500000	1.04189
chr2	150500000	150750000	1.25347
chr2	150750000	151000000	1.25261
chr2	151000000	151250000	0.901097
chr2	151250000	151500000	0.836532
chr2	151500000	151750000	-0.358035
chr2	151750000	152000000	-0.391873
chr2	152000000	152250000	0.113844
chr2	152250000	152500000	0.937912
chr2	152500000	152750000	0.873288
chr2	152750000	153000000	-0.52288
chr2	153000000	153250000	-0.704244
chr2	153250000	153500000	-0.692734
chr2	153500000	153750000	-0.696774
chr2	153750000	154000000	-0.742254
chr2	154000000	154250000	-0.75685
chr2	154250000	154500000	-0.747601
chr2	154500000	154750000	-0.75373
chr2	154750000	155000000	-0.741005
chr2	155000000	155250000	-0.678839
chr2	155250000	155500000	-0.589112
chr2	155500000	155750000	-0.621155
chr2	155750000	156000000	-0.635713
chr2	156000000	156250000	-0.584124
chr2	156250000	156500000	0.384829
chr2	156500000	156750000	-0.124154
chr2	156750000	157000000	-0.229249
chr2	157000000	157250000	0.121939
chr2	157250000	157500000	-0.252433
chr2	157500000	157750000	-0.310842
chr2	157750000	158000000	0.0697763
chr2	158000000	158250000	-0.400377
chr2	158250000	158500000	-0.24487
chr2	158500000	158750000	0.282881
chr2	158750000	159000000	0.16369
chr2	159000000	159250000	1.03888
chr2	159250000	159500000	1.10175
chr2	159500000	159750000	1.08824
chr2	159750000	160000000	0.946707
chr2	160000000	160250000	1.17981
chr2	160250000	160500000	1.26933
chr2	160500000	160750000	1.46903
chr2	160750000	161000000	1.3262
chr2	161000000	161250000	0.944434
chr2	161250000	161500000	0.0445257
chr2	161500000	161750000	-0.602414
chr2	161750000	162000000	-0.362191
chr2	162000000	162250000	0.572971
chr2	162250000	162500000	-0.163678
chr2	162500000	162750000	-0.796719
chr2	162750000	163000000	-0.817077
chr2	163000000	163250000	-0.585087
chr2	163250000	163500000	-0.500594
chr2	163500000	163750000	-0.240235
chr2	163750000	164000000	-0.465866
chr2	164000000	164250000	-0.580271
chr2	164250000	164500000	-0.56095
chr2	164500000	164750000	-0.200636
chr2	164750000	165000000	0.577474
chr2	165000000	165250000	-0.445121
chr2	165250000	165500000	-0.402436
chr2	165500000	165750000	-0.318744
chr2	165750000	166000000	-0.095231
chr2	166000000	166250000	-0.197802
chr2	166250000	166500000	0.0868168
chr2	166500000	166750000	-0.492052
chr2	166750000	167000000	-0.604997
chr2	167000000	167250000	-0.326987
chr2	167250000	167500000	-0.569584
chr2	167500000	167750000	-0.669237
chr2	167750000	168000000	-0.496564
chr2	168000000	168250000	0.23582
chr2	168250000	168500000	0.0088173
chr2	168500000	168750000	0.393461
chr2	168750000	169000000	-0.222656
chr2	169000000	169250000	-0.665219
chr2	169250000	169500000	-0.507486
chr2	169500000	169750000	0.710024
chr2	169750000	170000000	0.533478
chr2	170000000	170250000	-0.184846
chr2	170250000	170500000	-0.502504
chr2	170500000	170750000	-0.561265
chr2	170750000	171000000	-0.0432731
chr2	171000000	171250000	0.926104
chr2	171250000	171500000	0.85411
chr2	171500000	171750000	0.984347
chr2	171750000	172000000	1.43962
chr2	172000000	172250000	1.29733
chr2	172250000	172500000	1.36386
chr2	172500000	172750000	1.21583
chr2	172750000	173000000	0.891491
chr2	173000000	173250000	1.05573
chr2	173250000	173500000	0.346961
chr2	173500000	173750000	0.526567
chr2	173750000	174000000	0.62363
chr2	174000000	174250000	0.998193
chr2	174250000	174500000	0.620651
chr2	174500000	174750000	0.619569
chr2	174750000	175000000	0.97017
chr2	175000000	175250000	0.291988
chr2	175250000	175500000	-0.579297
chr2	175500000	175750000	-0.491989
chr2	175750000	176000000	-0.22364
chr2	176000000	176250000	-0.203132
chr2	176250000	176500000	0.148924
chr2	176500000	176750000	-0.266609
chr2	176750000	177000000	-0.528401
chr2	177000000	177250000	-0.167982
chr2	177250000	177500000	0.360641
chr2	177500000	177750000	-0.220555
chr2	177750000	178000000	-0.587747
chr2	178000000	178250000	0.00348132
chr2	178250000	178500000	0.347906
chr2	178500000	178750000	-0.423721
chr2	178750000	179000000	-0.543891
chr2	179000000	179250000	-0.356403
chr2	179250000	179500000	-0.250739
chr2	179500000	179750000	-0.377061
chr2	179750000	180000000	-0.28575
chr2	180000000	180250000	0.0798467
chr2	180250000	180500000	0.265393
chr2	180500000	180750000	0.622997
chr2	180750000	181000000	0.408469
chr2	181000000	181250000	0.583174
chr2	181250000	181500000	0.596402
chr2	181500000	181750000	0.194741
chr2	181750000	182000000	0.839562
chr2	182000000	182250000	0.410394
chr2	182250000	182500000	0.581441
chr2	182500000	182750000	0.463031
chr2	182750000	183000000	0.412213
chr2	183000000	183250000	0.0770122
chr2	183250000	183500000	-0.705528
chr2	183500000	183750000	-0.749716
chr2	183750000	184000000	-0.773634
chr2	184000000	184250000	-0.735765
chr2	184250000	184500000	-0.715744
chr2	184500000	184750000	-0.439404
chr2	184750000	185000000	-0.675097
chr2	185000000	185250000	-0.724779
chr2	185250000	185500000	-0.708652
chr2	185500000	185750000	-0.701216
chr2	185750000	186000000	-0.705813
chr2	186000000	186250000	-0.669682
chr2	186250000	186500000	-0.450462
chr2	186500000	186750000	0.22989
chr2	186750000	187000000	-0.317493
chr2	187000000	187250000	-0.60112
chr2	187250000	187500000	-0.263008
chr2	187500000	187750000	0.0804669
chr2	187750000	188000000	0.10306
chr2	188000000	188250000	0.375833
chr2	188250000	188500000	0.488211
chr2	188500000	188750000	0.802934
chr2	188750000	189000000	1.05553
chr2	189000000	189250000	1.07455
chr2	189250000	189500000	0.738813
chr2	189500000	189750000	0.262893
chr2	189750000	190000000	0.492274
chr2	190000000	190250000	0.275161
chr2	190250000	190500000	0.717225
chr2	190500000	190750000	0.805479
chr2	190750000	191000000	1.07078
chr2	191000000	191250000	0.660251
chr2	191250000	191500000	1.0029
chr2	191500000	191750000	0.408594
chr2	191750000	192000000	0.0676044
chr2	192000000	192250000	-0.182926
chr2	192250000	192500000	-0.688722
chr2	192500000	192750000	-0.748244
chr2	192750000	193000000	-0.730188
chr2	193000000	193250000	-0.705273
chr2	193250000	193500000	-0.674403
chr2	193500000	193750000	-0.690105
chr2	193750000	194000000	-0.601047
chr2	194000000	194250000	-0.683655
chr2	194250000	194500000	-0.666417
chr2	194500000	194750000	-0.620365
chr2	194750000	195000000	-0.61429
chr2	195000000	195250000	-0.638396
chr2	195250000	195500000	-0.148806
chr2	195500000	195750000	0.26349
chr2	195750000	196000000	-0.216482
chr2	196000000	196250000	0.297773
chr2	196250000	196500000	0.423751
chr2	196500000	196750000	0.444743
chr2	196750000	197000000	0.383763
chr2	197000000	197250000	0.233399
chr2	197250000	197500000	0.386463
chr2	197500000	197750000	-0.181129
chr2	197750000	198000000	-0.334502
chr2	198000000	198250000	-0.596545
chr2	198250000	198500000	-0.518864
chr2	198500000	198750000	-0.65847
chr2	198750000	199000000	-0.619323
chr2	199000000	199250000	-0.265598
chr2	199250000	199500000	0.00226845
chr2	199500000	199750000	-0.58088
chr2	199750000	200000000	-0.174191
chr2	200000000	200250000	0.478268
chr2	200250000	200500000	0.754479
chr2	200500000	200750000	1.11724
chr2	200750000	201000000	1.36543
chr2	201000000	201250000	1.40116
chr2	201250000	201500000	1.32566
chr2	201500000	201750000	1.33813
chr2	201750000	202000000	1.53451
chr2	202000000	202250000	1.53041
chr2	202250000	202500000	1.14721
chr2	202500000	202750000	0.339526
chr2	202750000	203000000	0.39378
chr2	203000000	203250000	0.805566
chr2	203250000	203500000	0.818078
chr2	203500000	203750000	0.90584
chr2	203750000	204000000	-0.0509092
chr2	204000000	204250000	-0.594795
chr2	204250000	204500000	0.0960094
chr2	204500000	204750000	0.425606
chr2	204750000	205000000	0.191309
chr2	205000000	205250000	0.312337
chr2	205250000	205500000	0.407696
chr2	205500000	205750000	0.448691
chr2	205750000	206000000	-0.0453845
chr2	206000000	206250000	0.225794
chr2	206250000	206500000	-0.637905
chr2	206500000	206750000	-0.700316
chr2	206750000	207000000	-0.447122
chr2	207000000	207250000	0.403434
chr2	207250000	207500000	0.580258
chr2	207500000	207750000	0.553188
chr2	207750000	208000000	0.276948
chr2	208000000	208250000	-0.181197
chr2	208250000	208500000	-0.145221
chr2	208500000	208750000	-0.751617
chr2	208750000	209000000	-0.765278
chr2	209000000	209250000	-0.708172
chr2	209250000	209500000	-0.138762
chr2	209500000	209750000	-0.172213
chr2	209750000	210000000	-0.589933
chr2	210000000	210250000	-0.17436
chr2	210250000	210500000	-0.438571
chr2	210500000	210750000	-0.419819
chr2	210750000	211000000	-0.693225
chr2	211000000	211250000	-0.668644
chr2	211250000	211500000	-0.70541
chr2	211500000	211750000	-0.66771
chr2	211750000	212000000	-0.710354
chr2	212000000	212250000	-0.57478
chr2	212250000	212500000	-0.453306
chr2	212500000	212750000	-0.258488
chr2	212750000	213000000	0.451692
chr2	213000000	213250000	0.357258
chr2	213250000	213500000	-0.42171
chr2	213500000	213750000	-0.640393
chr2	213750000	214000000	-0.178056
chr2	214000000	214250000	-0.0155189
chr2	214250000	214500000	-0.497308
chr2	214500000	214750000	-0.518463
chr2	214750000	215000000	-0.372552
chr2	215000000	215250000	-0.548657
chr2	215250000	215500000	0.425165
chr2	215500000	215750000	0.932782
chr2	215750000	216000000	0.716536
chr2	216000000	216250000	1.07442
chr2	216250000	216500000	1.35287
chr2	216500000	216750000	0.917695
chr2	216750000	217000000	0.763251
chr2	217000000	217250000	0.947253
chr2	217250000	217500000	1.08195
chr2	217500000	217750000	0.808062
chr2	217750000	218000000	1.28433
chr2	218000000	218250000	1.16398
chr2	218250000	218500000	1.50443
chr2	218500000	218750000	1.47865
chr2	218750000	219000000	1.28964
chr2	219000000	219250000	1.28904
chr2	219250000	219500000	1.341
chr2	219500000	219750000	0.86498
chr2	219750000	220000000	0.188933
chr2	220000000	220250000	0.412865
chr2	220250000	220500000	0.330664
chr2	220500000	220750000	0.193947
chr2	220750000	221000000	0.181975
chr2	221000000	221250000	-0.150816
chr2	221250000	221500000	-0.120786
chr2	221500000	221750000	-0.390335
chr2	221750000	222000000	-0.643009
chr2	222000000	222250000	-0.410343
chr2	222250000	222500000	-0.321242
chr2	222500000	222750000	0.311511
chr2	222750000	223000000	0.731685
chr2	223000000	223250000	0.666426
chr2	223250000	223500000	0.484204
chr2	223500000	223750000	0.749726
chr2	223750000	224000000	0.799612
chr2	224000000	224250000	1.13872
chr2	224250000	224500000	0.641074
chr2	224500000	224750000	0.689378
chr2	224750000	225000000	0.672474
chr2	225000000	225250000	0.228316
chr2	225250000	225500000	-0.326735
chr2	225500000	225750000	-0.179174
chr2	225750000	226000000	0.385415
chr2	226000000	226250000	0.618806
chr2	226250000	226500000	0.735541
chr2	226500000	226750000	0.745094
chr2	226750000	227000000	0.421791
chr2	227000000	227250000	-0.0119894
chr2	227250000	227500000	0.225144
chr2	227500000	227750000	0.0504952
chr2	227750000	228000000	-0.0932472
chr2	228000000	228250000	0.0494484
chr2	228250000	228500000	0.286066
chr2	228500000	228750000	0.253302
chr2	228750000	229000000	-0.216277
chr2	229000000	229250000	-0.125047
chr2	229250000	229500000	0.0977224
chr2	229500000	229750000	-0.38238
chr2	229750000	230000000	0.5391
chr2	230000000	230250000	0.200151
chr2	230250000	230500000	0.320675
chr2	230500000	230750000	0.541379
chr2	230750000	231000000	0.666731
chr2	231000000	231250000	1.14109
chr2	231250000	231500000	1.34284
chr2	231500000	231750000	1.20679
chr2	231750000	232000000	0.491636
chr2	232000000	232250000	0.646903
chr2	232250000	232500000	0.441619
chr2	232500000	232750000	0.643619
chr2	232750000	233000000	0.491404
chr2	233000000	233250000	0.213486
chr2	233250000	233500000	0.301921
chr2	233500000	233750000	-0.267472
chr2	233750000	234000000	-0.179932
chr2	234000000	234250000	0.0629741
chr2	234250000	234500000	0.326196
chr2	234500000	234750000	0.531455
chr2	234750000	235000000	0.785825
chr2	235000000	235250000	0.168762
chr2	235250000	235500000	-0.125434
chr2	235500000	235750000	0.335898
chr2	235750000	236000000	0.00272671
chr2	236000000	236250000	-0.0610889
chr2	236250000	236500000	-0.226821
chr2	236500000	236750000	0.438563
chr2	236750000	237000000	0.461209
chr2	237000000	237250000	0.746077
chr2	237250000	237500000	1.24582
chr2	237500000	237750000	1.2377
chr2	237750000	238000000	1.32812
chr2	238000000	238250000	1.38389
chr2	238250000	238500000	1.17272
chr2	238500000	238750000	1.38872
chr2	238750000	239000000	1.07848
chr2	239000000	239250000	0.548604
chr2	239250000	239500000	0.129904
chr2	239500000	239750000	-0.582507
chr2	239750000	240000000	-0.441316
chr2	240000000	240250000	0.277196
chr2	240250000	240500000	0.665453
chr2	240500000	240750000	0.758703
chr2	240750000	241000000	0.951184
chr2	241000000	241250000	1.21507
chr2	241250000	241500000	1.38038
chr2	241500000	241750000	1.35105
chr2	241750000	242000000	0.83484
chr2	242000000	242193529	0.669709
#bedGraph section chr20:0-64444167
chr20	0	250000	-0.691246
chr20	250000	500000	0.594667
chr20	500000	750000	-0.220795
chr20	750000	1000000	-0.456353
chr20	1000000	1250000	-0.186668
chr20	1250000	1500000	0.543519
chr20	1500000	1750000	-0.185984
chr20	1750000	2000000	0.431342
chr20	2000000	2250000	0.250364
chr20	2250000	2500000	0.542734
chr20	2500000	2750000	0.431431
chr20	2750000	3000000	0.779857
chr20	3000000	3250000	0.936459
chr20	3250000	3500000	0.890929
chr20	3500000	3750000	0.950417
chr20	3750000	4000000	1.02005
chr20	4000000	4250000	0.916678
chr20	4250000	4500000	0.789468
chr20	4500000	4750000	0.74739
chr20	4750000	5000000	0.525782
chr20	5000000	5250000	0.22794
chr20	5250000	5500000	-0.673696
chr20	5500000	5750000	0.142086
chr20	5750000	6000000	0.0229452
chr20	6000000	6250000	-0.381407
chr20	6250000	6500000	-0.906552
chr20	6500000	6750000	-0.746731
chr20	6750000	7000000	-0.58343
chr20	7000000	7250000	-0.716676
chr20	7250000	7500000	-0.698921
chr20	7500000	7750000	-0.598312
chr20	7750000	8000000	-0.282534
chr20	8000000	8250000	0.363268
chr20	8250000	8500000	0.36896
chr20	8500000	8750000	0.362434
chr20	8750000	9000000	0.365348
chr20	9000000	9250000	0.526499
chr20	9250000	9500000	0.145916
chr20	9500000	9750000	-0.5846
chr20	9750000	10000000	-0.745671
chr20	10000000	10250000	-0.606804
chr20	10250000	10500000	-0.193115
chr20	10500000	10750000	0.162761
chr20	10750000	11000000	-0.475954
chr20	11000000	11250000	-0.36881
chr20	11250000	11500000	-0.295988
chr20	11500000	11750000	-0.430386
chr20	11750000	12000000	-0.18538
chr20	12000000	12250000	-0.531826
chr20	12250000	12500000	-0.676448
chr20	12500000	12750000	-0.710538
chr20	12750000	13000000	-0.692014
chr20	13000000	13250000	-0.46011
chr20	13250000	13500000	0.096332
chr20	13500000	13750000	0.129705
chr20	13750000	14000000	-0.202366
chr20	14000000	14250000	-0.414809
chr20	14250000	14500000	-0.201138
chr20	14500000	14750000	-0.459962
chr20	14750000	15000000	-0.520746
chr20	15000000	15250000	-0.559687
chr20	15250000	15500000	-0.586891
chr20	15500000	15750000	-0.333726
chr20	15750000	16000000	-0.564522
chr20	16000000	16250000	-0.615185
chr20	16250000	16500000	-0.350856
chr20	16500000	16750000	-0.426945
chr20	16750000	17000000	-0.583933
chr20	17000000	17250000	-0.778983
chr20	17250000	17500000	-0.575033
chr20	17500000	17750000	0.507525
chr20	17750000	18000000	0.700532
chr20	18000000	18250000	-0.244319
chr20	18250000	18500000	-0.0881741
chr20	18500000	18750000	0.0198963
chr20	18750000	19000000	-0.664859
chr20	19000000	19250000	-0.702928
chr20	19250000	19500000	-0.6643
chr20	19500000	19750000	-0.325245
chr20	19750000	20000000	0.451201
chr20	20000000	20250000	-0.445077
chr20	20250000	20500000	-0.238594
chr20	20500000	20750000	-0.300399
chr20	20750000	21000000	-0.820733
chr20	21000000	21250000	-0.299936
chr20	21250000	21500000	-0.0221571
chr20	21500000	21750000	-0.749294
chr20	21750000	22000000	-1.1089
chr20	22000000	22250000	-1.06729
chr20	22250000	22500000	-0.921118
chr20	22500000	22750000	-0.687976
chr20	22750000	23000000	-0.600336
chr20	23000000	23250000	-0.157105
chr20	23250000	23500000	-0.208108
chr20	23500000	23750000	-0.244566
chr20	23750000	24000000	-0.391189
chr20	24000000	24250000	-0.533969
chr20	24250000	24500000	-0.248944
chr20	24500000	24750000	-0.0551441
chr20	24750000	25000000	-0.114044
chr20	25000000	25250000	0.376544
chr20	25250000	25500000	0.634976
chr20	25500000	25750000	0.362399
chr20	25750000	26000000	-0.306942
chr20	26000000	26250000	nan
chr20	26250000	26500000	nan
chr20	26500000	26750000	nan
chr20	26750000	27000000	nan
chr20	27000000	27250000	nan
chr20	27250000	27500000	nan
chr20	27500000	27750000	nan
chr20	27750000	28000000	nan
chr20	28000000	28250000	nan
chr20	28250000	28500000	nan
chr20	28500000	28750000	nan
chr20	28750000	29000000	nan
chr20	29000000	29250000	-0.975763
chr20	29250000	29500000	-1.15209
chr20	29500000	29750000	-1.25337
chr20	29750000	30000000	nan
chr20	30000000	30250000	nan
chr20	30250000	30500000	-1.21468
chr20	30500000	30750000	-1.40475
chr20	30750000	31000000	nan
chr20	31000000	31250000	-1.23219
chr20	31250000	31500000	-1.43974
chr20	31500000	31750000	0.546481
chr20	31750000	32000000	0.655963
chr20	32000000	32250000	0.758188
chr20	32250000	32500000	0.840945
chr20	32500000	32750000	0.660042
chr20	32750000	33000000	0.181488
chr20	33000000	33250000	-0.195853
chr20	33250000	33500000	0.324754
chr20	33500000	33750000	0.781149
chr20	33750000	34000000	0.699858
chr20	34000000	34250000	0.70204
chr20	34250000	34500000	0.789349
chr20	34500000	34750000	0.738108
chr20	34750000	35000000	0.735345
chr20	35000000	35250000	0.728294
chr20	35250000	35500000	0.758026
chr20	35500000	35750000	0.789092
chr20	35750000	36000000	0.778535
chr20	36000000	36250000	0.736001
chr20	36250000	36500000	0.588517
chr20	36500000	36750000	0.727016
chr20	36750000	37000000	0.799066
chr20	37000000	37250000	0.687911
chr20	37250000	37500000	0.688778
chr20	37500000	37750000	0.470763
chr20	37750000	38000000	0.538705
chr20	38000000	38250000	0.831131
chr20	38250000	38500000	0.777247
chr20	38500000	38750000	0.0664623
chr20	38750000	39000000	-0.20327
chr20	39000000	39250000	-0.743851
chr20	39250000	39500000	-0.911243
chr20	39500000	39750000	-0.853743
chr20	39750000	40000000	-0.428232
chr20	40000000	40250000	-0.774153
chr20	40250000	40500000	-0.80645
chr20	40500000	40750000	-0.739653
chr20	40750000	41000000	-0.57226
chr20	41000000	41250000	0.448449
chr20	41250000	41500000	0.447389
chr20	41500000	41750000	-0.327901
chr20	41750000	42000000	-1.12964
chr20	42000000	42250000	-1.13727
chr20	42250000	42500000	-1.15219
chr20	42500000	42750000	-1.09414
chr20	42750000	43000000	-1.12378
chr20	43000000	43250000	-1.02523
chr20	43250000	43500000	-0.564982
chr20	43500000	43750000	0.333183
chr20	43750000	44000000	0.489038
chr20	44000000	44250000	0.426714
chr20	44250000	44500000	0.268463
chr20	44500000	44750000	0.683984
chr20	44750000	45000000	0.37311
chr20	45000000	45250000	0.0245463
chr20	45250000	45500000	0.0252171
chr20	45500000	45750000	-0.532436
chr20	45750000	46000000	0.614627
chr20	46000000	46250000	-0.00594808
chr20	46250000	46500000	0.00073518
chr20	46500000	46750000	0.0438736
chr20	46750000	47000000	0.221823
chr20	47000000	47250000	0.284847
chr20	47250000	47500000	0.689023
chr20	47500000	47750000	0.336965
chr20	47750000	48000000	-0.213504
chr20	48000000	48250000	-0.388002
chr20	48250000	48500000	-0.223287
chr20	48500000	48750000	0.165205
chr20	48750000	49000000	0.563021
chr20	49000000	49250000	0.795105
chr20	49250000	49500000	0.743223
chr20	49500000	49750000	0.814199
chr20	49750000	50000000	0.850702
chr20	50000000	50250000	0.838552
chr20	50250000	50500000	0.839301
chr20	50500000	50750000	0.857535
chr20	50750000	51000000	0.708064
chr20	51000000	51250000	0.237832
chr20	51250000	51500000	0.615445
chr20	51500000	51750000	0.71392
chr20	51750000	52000000	0.526008
chr20	52000000	52250000	0.0654778
chr20	52250000	52500000	-0.889834
chr20	52500000	52750000	-1.09316
chr20	52750000	53000000	-1.07237
chr20	53000000	53250000	-0.935854
chr20	53250000	53500000	-0.843391
chr20	53500000	53750000	0.219005
chr20	53750000	54000000	0.403692
chr20	54000000	54250000	-0.115156
chr20	54250000	54500000	-0.55143
chr20	54500000	54750000	-0.710567
chr20	54750000	55000000	-1.13943
chr20	55000000	55250000	-1.16539
chr20	55250000	55500000	-1.15617
chr20	55500000	55750000	-1.16668
chr20	55750000	56000000	-1.22611
chr20	56000000	56250000	-1.25706
chr20	56250000	56500000	-0.199821
chr20	56500000	56750000	0.208458
chr20	56750000	57000000	0.239078
chr20	57000000	57250000	0.206416
chr20	57250000	57500000	0.128782
chr20	57500000	57750000	0.0263135
chr20	57750000	58000000	0.137572
chr20	58000000	58250000	0.1845
chr20	58250000	58500000	0.507267
chr20	58500000	58750000	0.240137
chr20	58750000	59000000	-0.257672
chr20	59000000	59250000	-0.68202
chr20	59250000	59500000	-1.18862
chr20	59500000	59750000	-1.30231
chr20	59750000	60000000	-0.872443
chr20	60000000	60250000	-0.314586
chr20	60250000	60500000	-0.80607
chr20	60500000	60750000	-0.939616
chr20	60750000	61000000	-1.0393
chr20	61000000	61250000	-0.720533
chr20	61250000	61500000	-0.625932
chr20	61500000	61750000	-0.687956
chr20	61750000	62000000	-0.658315
chr20	62000000	62250000	0.468318
chr20	62250000	62500000	0.883346
chr20	62500000	62750000	0.911105
chr20	62750000	63000000	0.931773
chr20	63000000	63250000	0.609345
chr20	63250000	63500000	0.60232
chr20	63500000	63750000	0.870702
chr20	63750000	64000000	0.843156
chr20	64000000	64250000	0.470853
chr20	64250000	64444167	nan
#bedGraph section chr21:0-46709983
chr21	0	250000	nan
chr21	250000	500000	nan
chr21	500000	750000	nan
chr21	750000	1000000	nan
chr21	1000000	1250000	nan
chr21	1250000	1500000	nan
chr21	1500000	1750000	nan
chr21	1750000	2000000	nan
chr21	2000000	2250000	nan
chr21	2250000	2500000	nan
chr21	2500000	2750000	nan
chr21	2750000	3000000	nan
chr21	3000000	3250000	nan
chr21	3250000	3500000	nan
chr21	3500000	3750000	nan
chr21	3750000	4000000	nan
chr21	4000000	4250000	nan
chr21	4250000	4500000	nan
chr21	4500000	4750000	nan
chr21	4750000	5000000	nan
chr21	5000000	5250000	nan
chr21	5250000	5500000	nan
chr21	5500000	5750000	nan
chr21	5750000	6000000	nan
chr21	6000000	6250000	nan
chr21	6250000	6500000	nan
chr21	6500000	6750000	nan
chr21	6750000	7000000	nan
chr21	7000000	7250000	nan
chr21	7250000	7500000	nan
chr21	7500000	7750000	nan
chr21	7750000	8000000	nan
chr21	8000000	8250000	nan
chr21	8250000	8500000	nan
chr21	8500000	8750000	nan
chr21	8750000	9000000	nan
chr21	9000000	9250000	nan
chr21	9250000	9500000	nan
chr21	9500000	9750000	-0.271246
chr21	9750000	10000000	-0.260963
chr21	10000000	10250000	nan
chr21	10250000	10500000	-0.159996
chr21	10500000	10750000	-0.689154
chr21	10750000	11000000	nan
chr21	11000000	11250000	nan
chr21	11250000	11500000	nan
chr21	11500000	11750000	nan
chr21	11750000	12000000	nan
chr21	12000000	12250000	nan
chr21	12250000	12500000	nan
chr21	12500000	12750000	nan
chr21	12750000	13000000	nan
chr21	13000000	13250000	nan
chr21	13250000	13500000	-1.72857
chr21	13500000	13750000	nan
chr21	13750000	14000000	-1.31381
chr21	14000000	14250000	-0.873624
chr21	14250000	14500000	-0.584797
chr21	14500000	14750000	-0.513626
chr21	14750000	15000000	0.0583476
chr21	15000000	15250000	-0.0743841
chr21	15250000	15500000	-0.29929
chr21	15500000	15750000	-0.179615
chr21	15750000	16000000	-0.051221
chr21	16000000	16250000	0.328806
chr21	16250000	16500000	0.234245
chr21	16500000	16750000	0.101277
chr21	16750000	17000000	-0.144167
chr21	17000000	17250000	-0.629895
chr21	17250000	17500000	-0.550766
chr21	17500000	17750000	-0.614854
chr21	17750000	18000000	-0.790454
chr21	18000000	18250000	-1.38062
chr21	18250000	18500000	-1.37867
chr21	18500000	18750000	-1.26981
chr21	18750000	19000000	-1.25334
chr21	19000000	19250000	-1.20584
chr21	19250000	19500000	-1.13565
chr21	19500000	19750000	-1.06001
chr21	19750000	20000000	-1.04585
chr21	20000000	20250000	-1.0385
chr21	20250000	20500000	-1.09944
chr21	20500000	20750000	-0.976969
chr21	20750000	21000000	-1.00778
chr21	21000000	21250000	-0.558889
chr21	21250000	21500000	-0.580067
chr21	21500000	21750000	-0.475316
chr21	21750000	22000000	-0.712447
chr21	22000000	22250000	-0.880929
chr21	22250000	22500000	-1.00973
chr21	22500000	22750000	-1.01597
chr21	22750000	23000000	-1.1183
chr21	23000000	23250000	-1.12311
chr21	23250000	23500000	-1.08368
chr21	23500000	23750000	-1.06554
chr21	23750000	24000000	-1.11019
chr21	24000000	24250000	-1.06795
chr21	24250000	24500000	-1.12323
chr21	24500000	24750000	-1.13772
chr21	24750000	25000000	-1.11845
chr21	25000000	25250000	-1.00413
chr21	25250000	25500000	-0.77203
chr21	25500000	25750000	-0.406887
chr21	25750000	26000000	-0.111431
chr21	26000000	26250000	0.00115048
chr21	26250000	26500000	-0.580484
chr21	26500000	26750000	-0.50402
chr21	26750000	27000000	0.480464
chr21	27000000	27250000	0.408193
chr21	27250000	27500000	0.445872
chr21	27500000	27750000	0.453664
chr21	27750000	28000000	0.345927
chr21	28000000	28250000	0.439532
chr21	28250000	28500000	0.472821
chr21	28500000	28750000	0.485607
chr21	28750000	29000000	0.472617
chr21	29000000	29250000	0.234247
chr21	29250000	29500000	-0.0586721
chr21	29500000	29750000	-0.683524
chr21	29750000	30000000	-1.05978
chr21	30000000	30250000	-1.39342
chr21	30250000	30500000	-1.51178
chr21	30500000	30750000	-1.58499
chr21	30750000	31000000	-1.53838
chr21	31000000	31250000	-1.03625
chr21	31250000	31500000	-1.04607
chr21	31500000	31750000	-0.620091
chr21	31750000	32000000	-0.679434
chr21	32000000	32250000	-0.726826
chr21	32250000	32500000	0.158257
chr21	32500000	32750000	0.272407
chr21	32750000	33000000	-0.0207378
chr21	33000000	33250000	0.106163
chr21	33250000	33500000	0.440837
chr21	33500000	33750000	0.626008
chr21	33750000	34000000	0.630185
chr21	34000000	34250000	0.533457
chr21	34250000	34500000	0.505041
chr21	34500000	34750000	0.636677
chr21	34750000	35000000	0.629518
chr21	35000000	35250000	0.596088
chr21	35250000	35500000	0.594983
chr21	35500000	35750000	0.591406
chr21	35750000	36000000	0.620121
chr21	36000000	36250000	0.657947
chr21	36250000	36500000	0.607526
chr21	36500000	36750000	0.43616
chr21	36750000	37000000	0.493305
chr21	37000000	37250000	0.515005
chr21	37250000	37500000	0.444086
chr21	37500000	37750000	0.306753
chr21	37750000	38000000	0.188766
chr21	38000000	38250000	0.268231
chr21	38250000	38500000	0.366186
chr21	38500000	38750000	0.211926
chr21	38750000	39000000	0.505447
chr21	39000000	39250000	0.479732
chr21	39250000	39500000	-0.0253663
chr21	39500000	39750000	-0.728257
chr21	39750000	40000000	-1.58004
chr21	40000000	40250000	-1.52754
chr21	40250000	40500000	-1.70819
chr21	40500000	40750000	-1.47987
chr21	40750000	41000000	-1.39277
chr21	41000000	41250000	-0.989267
chr21	41250000	41500000	-0.400997
chr21	41500000	41750000	-0.0162678
chr21	41750000	42000000	0.225199
chr21	42000000	42250000	0.0277873
chr21	42250000	42500000	-0.611023
chr21	42500000	42750000	-0.591685
chr21	42750000	43000000	-0.000161524
chr21	43000000	43250000	0.454621
chr21	43250000	43500000	0.475147
chr21	43500000	43750000	0.519407
chr21	43750000	44000000	0.52639
chr21	44000000	44250000	0.489254
chr21	44250000	44500000	0.0609626
chr21	44500000	44750000	-0.4183
chr21	44750000	45000000	0.31873
chr21	45000000	45250000	0.346632
chr21	45250000	45500000	0.499385
chr21	45500000	45750000	0.25758
chr21	45750000	46000000	0.408525
chr21	46000000	46250000	0.581074
chr21	46250000	46500000	0.496492
chr21	46500000	46709983	0.113051
#bedGraph section chr22:0-50818468
chr22	0	250000	nan
chr22	250000	500000	nan
chr22	500000	750000	nan
chr22	750000	1000000	nan
chr22	1000000	1250000	nan
chr22	1250000	1500000	nan
chr22	1500000	1750000	nan
chr22	1750000	2000000	nan
chr22	2000000	2250000	nan
chr22	2250000	2500000	nan
chr22	2500000	2750000	nan
chr22	2750000	3000000	nan
chr22	3000000	3250000	nan
chr22	3250000	3500000	nan
chr22	3500000	3750000	nan
chr22	3750000	4000000	nan
chr22	4000000	4250000	nan
chr22	4250000	4500000	nan
chr22	4500000	4750000	nan
chr22	4750000	5000000	nan
chr22	5000000	5250000	nan
chr22	5250000	5500000	nan
chr22	5500000	5750000	nan
chr22	5750000	6000000	nan
chr22	6000000	6250000	nan
chr22	6250000	6500000	nan
chr22	6500000	6750000	nan
chr22	6750000	7000000	nan
chr22	7000000	7250000	nan
chr22	7250000	7500000	nan
chr22	7500000	7750000	nan
chr22	7750000	8000000	nan
chr22	8000000	8250000	nan
chr22	8250000	8500000	nan
chr22	8500000	8750000	nan
chr22	8750000	9000000	nan
chr22	9000000	9250000	nan
chr22	9250000	9500000	nan
chr22	9500000	9750000	nan
chr22	9750000	10000000	nan
chr22	10000000	10250000	nan
chr22	10250000	10500000	nan
chr22	10500000	10750000	nan
chr22	10750000	11000000	nan
chr22	11000000	11250000	-0.118771
chr22	11250000	11500000	nan
chr22	11500000	11750000	nan
chr22	11750000	12000000	nan
chr22	12000000	12250000	nan
chr22	12250000	12500000	nan
chr22	12500000	12750000	nan
chr22	12750000	13000000	nan
chr22	13000000	13250000	nan
chr22	13250000	13500000	nan
chr22	13500000	13750000	nan
chr22	13750000	14000000	nan
chr22	14000000	14250000	nan
chr22	14250000	14500000	nan
chr22	14500000	14750000	nan
chr22	14750000	15000000	nan
chr22	15000000	15250000	nan
chr22	15250000	15500000	nan
chr22	15500000	15750000	nan
chr22	15750000	16000000	nan
chr22	16000000	16250000	nan
chr22	16250000	16500000	nan
chr22	16500000	16750000	nan
chr22	16750000	17000000	-1.52423
chr22	17000000	17250000	-0.816584
chr22	17250000	17500000	-1.34409
chr22	17500000	17750000	-0.32914
chr22	17750000	18000000	0.174307
chr22	18000000	18250000	-0.14
chr22	18250000	18500000	nan
chr22	18500000	18750000	nan
chr22	18750000	19000000	nan
chr22	19000000	19250000	0.0774
chr22	19250000	19500000	0.247153
chr22	19500000	19750000	0.171014
chr22	19750000	20000000	0.551194
chr22	20000000	20250000	0.604764
chr22	20250000	20500000	0.587417
chr22	20500000	20750000	0.537234
chr22	20750000	21000000	0.633612
chr22	21000000	21250000	0.501986
chr22	21250000	21500000	nan
chr22	21500000	21750000	0.483905
chr22	21750000	22000000	0.149354
chr22	22000000	22250000	-0.817671
chr22	22250000	22500000	-0.894023
chr22	22500000	22750000	-1.02098
chr22	22750000	23000000	-0.913855
chr22	23000000	23250000	-0.287708
chr22	23250000	23500000	-0.290687
chr22	23500000	23750000	-0.167291
chr22	23750000	24000000	0.392952
chr22	24000000	24250000	0.466626
chr22	24250000	24500000	0.358705
chr22	24500000	24750000	-0.173143
chr22	24750000	25000000	-1.29787
chr22	25000000	25250000	-1.30034
chr22	25250000	25500000	-0.81155
chr22	25500000	25750000	-1.1653
chr22	25750000	26000000	-1.41414
chr22	26000000	26250000	-1.42498
chr22	26250000	26500000	-0.587273
chr22	26500000	26750000	0.313168
chr22	26750000	27000000	0.0627354
chr22	27000000	27250000	0.0167239
chr22	27250000	27500000	0.0985346
chr22	27500000	27750000	0.0377592
chr22	27750000	28000000	0.248689
chr22	28000000	28250000	0.362279
chr22	28250000	28500000	0.344304
chr22	28500000	28750000	0.402574
chr22	28750000	29000000	0.435978
chr22	29000000	29250000	0.470312
chr22	29250000	29500000	0.567935
chr22	29500000	29750000	0.541059
chr22	29750000	30000000	0.531331
chr22	30000000	30250000	0.534859
chr22	30250000	30500000	0.560089
chr22	30500000	30750000	0.484445
chr22	30750000	31000000	0.428519
chr22	31000000	31250000	0.593557
chr22	31250000	31500000	0.62332
chr22	31500000	31750000	0.368003
chr22	31750000	32000000	0.0103383
chr22	32000000	32250000	-0.916553
chr22	32250000	32500000	-0.792381
chr22	32500000	32750000	0.120311
chr22	32750000	33000000	-0.320452
chr22	33000000	33250000	-1.35801
chr22	33250000	33500000	-1.1367
chr22	33500000	33750000	-1.07439
chr22	33750000	34000000	-0.89107
chr22	34000000	34250000	-1.3271
chr22	34250000	34500000	-1.39066
chr22	34500000	34750000	-1.41504
chr22	34750000	35000000	-1.60771
chr22	35000000	35250000	-1.56636
chr22	35250000	35500000	0.237595
chr22	35500000	35750000	0.414128
chr22	35750000	36000000	0.498589
chr22	36000000	36250000	0.558762
chr22	36250000	36500000	0.608165
chr22	36500000	36750000	0.000388742
chr22	36750000	37000000	-0.110283
chr22	37000000	37250000	0.337649
chr22	37250000	37500000	0.572413
chr22	37500000	37750000	0.668421
chr22	37750000	38000000	0.648738
chr22	38000000	38250000	0.542172
chr22	38250000	38500000	0.546593
chr22	38500000	38750000	0.58985
chr22	38750000	39000000	0.527117
chr22	39000000	39250000	0.53013
chr22	39250000	39500000	0.51124
chr22	39500000	39750000	0.214808
chr22	39750000	40000000	0.0820772
chr22	40000000	40250000	0.380655
chr22	40250000	40500000	0.52571
chr22	40500000	40750000	0.542085
chr22	40750000	41000000	0.559463
chr22	41000000	41250000	0.597849
chr22	41250000	41500000	0.635232
chr22	41500000	41750000	0.649295
chr22	41750000	42000000	0.575446
chr22	42000000	42250000	0.531219
chr22	42250000	42500000	0.54181
chr22	42500000	42750000	0.656277
chr22	42750000	43000000	0.558406
chr22	43000000	43250000	0.340802
chr22	43250000	43500000	-0.589205
chr22	43500000	43750000	-1.05535
chr22	43750000	44000000	-0.0786555
chr22	44000000	44250000	0.184495
chr22	44250000	44500000	0.224554
chr22	44500000	44750000	0.229874
chr22	44750000	45000000	-0.363902
chr22	45000000	45250000	0.195642
chr22	45250000	45500000	0.448767
chr22	45500000	45750000	0.419383
chr22	45750000	46000000	0.331201
chr22	46000000	46250000	0.497113
chr22	46250000	46500000	0.409212
chr22	46500000	46750000	0.19056
chr22	46750000	47000000	-0.435251
chr22	47000000	47250000	-0.662564
chr22	47250000	47500000	-1.01552
chr22	47500000	47750000	-1.12597
chr22	47750000	48000000	-1.10441
chr22	48000000	48250000	-1.09627
chr22	48250000	48500000	-1.05269
chr22	48500000	48750000	-1.04877
chr22	48750000	49000000	-1.19358
chr22	49000000	49250000	-1.24292
chr22	49250000	49500000	-1.37718
chr22	49500000	49750000	-1.26013
chr22	49750000	50000000	0.0632457
chr22	50000000	50250000	0.542524
chr22	50250000	50500000	0.673434
chr22	50500000	50750000	0.372959
chr22	50750000	50818468	nan
#bedGraph section chr3:0-198295559
chr3	0	250000	-1.31104
chr3	250000	500000	-1.27829
chr3	500000	750000	-1.22784
chr3	750000	1000000	-1.10791
chr3	1000000	1250000	-1.01452
chr3	1250000	1500000	-1.00573
chr3	1500000	1750000	-1.0028
chr3	1750000	2000000	-0.942108
chr3	2000000	2250000	-0.911912
chr3	2250000	2500000	-0.846302
chr3	2500000	2750000	-0.854015
chr3	2750000	3000000	-0.823361
chr3	3000000	3250000	-0.431418
chr3	3250000	3500000	-0.726573
chr3	3500000	3750000	-0.735478
chr3	3750000	4000000	-0.760741
chr3	4000000	4250000	-0.697958
chr3	4250000	4500000	0.174026
chr3	4500000	4750000	0.0369318
chr3	4750000	5000000	0.631256
chr3	5000000	5250000	0.36461
chr3	5250000	5500000	-0.521102
chr3	5500000	5750000	-0.643809
chr3	5750000	6000000	-0.69006
chr3	6000000	6250000	-0.690286
chr3	6250000	6500000	-0.712213
chr3	6500000	6750000	-0.717402
chr3	6750000	7000000	-0.735488
chr3	7000000	7250000	-0.77096
chr3	7250000	7500000	-0.752578
chr3	7500000	7750000	-0.70391
chr3	7750000	8000000	-0.673131
chr3	8000000	8250000	-0.659104
chr3	8250000	8500000	-0.100098
chr3	8500000	8750000	0.647591
chr3	8750000	9000000	0.797996
chr3	9000000	9250000	0.0654719
chr3	9250000	9500000	0.613051
chr3	9500000	9750000	0.544683
chr3	9750000	10000000	1.42586
chr3	10000000	10250000	1.4404
chr3	10250000	10500000	0.39654
chr3	10500000	10750000	-0.134571
chr3	10750000	11000000	-0.249483
chr3	11000000	11250000	0.468143
chr3	11250000	11500000	0.848958
chr3	11500000	11750000	0.949532
chr3	11750000	12000000	-0.0824052
chr3	12000000	12250000	0.238042
chr3	12250000	12500000	0.765702
chr3	12500000	12750000	1.20063
chr3	12750000	13000000	0.928557
chr3	13000000	13250000	0.0463247
chr3	13250000	13500000	0.0365708
chr3	13500000	13750000	0.295707
chr3	13750000	14000000	-0.356625
chr3	14000000	14250000	0.168855
chr3	14250000	14500000	0.798864
chr3	14500000	14750000	0.130773
chr3	14750000	15000000	0.020359
chr3	15000000	15250000	0.689921
chr3	15250000	15500000	1.03075
chr3	15500000	15750000	1.05856
chr3	15750000	16000000	1.23338
chr3	16000000	16250000	1.36326
chr3	16250000	16500000	1.13576
chr3	16500000	16750000	0.770736
chr3	16750000	17000000	0.823529
chr3	17000000	17250000	0.536921
chr3	17250000	17500000	0.285405
chr3	17500000	17750000	0.401128
chr3	17750000	18000000	-0.309217
chr3	18000000	18250000	-0.284277
chr3	18250000	18500000	-0.535803
chr3	18500000	18750000	-0.87055
chr3	18750000	19000000	-0.85038
chr3	19000000	19250000	-0.866177
chr3	19250000	19500000	-0.89993
chr3	19500000	19750000	-0.822366
chr3	19750000	20000000	-0.366354
chr3	20000000	20250000	-0.0430013
chr3	20250000	20500000	-0.587574
chr3	20500000	20750000	0.170149
chr3	20750000	21000000	-0.331997
chr3	21000000	21250000	-0.286455
chr3	21250000	21500000	0.194632
chr3	21500000	21750000	-0.137946
chr3	21750000	22000000	-0.420665
chr3	22000000	22250000	-0.722201
chr3	22250000	22500000	-0.883131
chr3	22500000	22750000	-0.832602
chr3	22750000	23000000	-0.741657
chr3	23000000	23250000	-0.21645
chr3	23250000	23500000	0.440779
chr3	23500000	23750000	0.658937
chr3	23750000	24000000	0.633059
chr3	24000000	24250000	0.638533
chr3	24250000	24500000	-0.239129
chr3	24500000	24750000	-0.405146
chr3	24750000	25000000	-0.681516
chr3	25000000	25250000	-0.636529
chr3	25250000	25500000	-0.324862
chr3	25500000	25750000	-0.0875664
chr3	25750000	26000000	-0.526373
chr3	26000000	26250000	-0.896121
chr3	26250000	26500000	-0.913066
chr3	26500000	26750000	-0.90373
chr3	26750000	27000000	-0.875086
chr3	27000000	27250000	-0.357726
chr3	27250000	27500000	0.688121
chr3	27500000	27750000	0.786678
chr3	27750000	28000000	-0.575418
chr3	28000000	28250000	-0.702638
chr3	28250000	28500000	-0.478525
chr3	28500000	28750000	-0.805374
chr3	28750000	29000000	-0.650549
chr3	29000000	29250000	-0.0867357
chr3	29250000	29500000	0.424683
chr3	29500000	29750000	0.380533
chr3	29750000	30000000	0.211584
chr3	30000000	30250000	0.520849
chr3	30250000	30500000	1.07216
chr3	30500000	30750000	0.78965
chr3	30750000	31000000	-0.10305
chr3	31000000	31250000	0.116677
chr3	31250000	31500000	-0.315421
chr3	31500000	31750000	0.290973
chr3	31750000	32000000	0.346297
chr3	32000000	32250000	-0.0441047
chr3	32250000	32500000	0.331349
chr3	32500000	32750000	0.826617
chr3	32750000	33000000	0.601767
chr3	33000000	33250000	0.773012
chr3	33250000	33500000	0.825763
chr3	33500000	33750000	0.86919
chr3	33750000	34000000	0.00692355
chr3	34000000	34250000	-0.584644
chr3	34250000	34500000	-0.700208
chr3	34500000	34750000	-0.736987
chr3	34750000	35000000	-0.806694
chr3	35000000	35250000	-0.828538
chr3	35250000	35500000	-0.863931
chr3	35500000	35750000	-0.832656
chr3	35750000	36000000	-0.660792
chr3	36000000	36250000	-0.743403
chr3	36250000	36500000	-0.570557
chr3	36500000	36750000	-0.305496
chr3	36750000	37000000	-0.00634141
chr3	37000000	37250000	1.16396
chr3	37250000	37500000	0.151101
chr3	37500000	37750000	-0.259018
chr3	37750000	38000000	0.35384
chr3	38000000	38250000	0.719136
chr3	38250000	38500000	0.326176
chr3	38500000	38750000	-0.165785
chr3	38750000	39000000	-0.23878
chr3	39000000	39250000	0.408492
chr3	39250000	39500000	-0.11327
chr3	39500000	39750000	-0.346866
chr3	39750000	40000000	-0.47379
chr3	40000000	40250000	-0.0161989
chr3	40250000	40500000	-0.101319
chr3	40500000	40750000	-0.354506
chr3	40750000	41000000	-0.590073
chr3	41000000	41250000	-0.367173
chr3	41250000	41500000	-0.369884
chr3	41500000	41750000	-0.245192
chr3	41750000	42000000	0.2571
chr3	42000000	42250000	0.515693
chr3	42250000	42500000	-0.364974
chr3	42500000	42750000	0.384876
chr3	42750000	43000000	0.0530573
chr3	43000000	43250000	0.108642
chr3	43250000	43500000	0.444689
chr3	43500000	43750000	0.602951
chr3	43750000	44000000	0.314477
chr3	44000000	44250000	0.261512
chr3	44250000	44500000	0.117726
chr3	44500000	44750000	0.207971
chr3	44750000	45000000	0.740499
chr3	45000000	45250000	0.97553
chr3	45250000	45500000	0.780593
chr3	45500000	45750000	0.987818
chr3	45750000	46000000	0.668256
chr3	46000000	46250000	0.549369
chr3	46250000	46500000	0.415956
chr3	46500000	46750000	0.713822
chr3	46750000	47000000	0.92435
chr3	47000000	47250000	1.16588
chr3	47250000	47500000	1.04913
chr3	47500000	47750000	1.11553
chr3	47750000	48000000	1.2265
chr3	48000000	48250000	1.11895
chr3	48250000	48500000	0.977087
chr3	48500000	48750000	1.02988
chr3	48750000	49000000	1.19019
chr3	49000000	49250000	1.08373
chr3	49250000	49500000	1.19106
chr3	49500000	49750000	1.03995
chr3	49750000	50000000	1.1703
chr3	50000000	50250000	1.17333
chr3	50250000	50500000	0.666131
chr3	50500000	50750000	0.209265
chr3	50750000	51000000	-0.654437
chr3	51000000	51250000	-0.659083
chr3	51250000	51500000	-0.0409463
chr3	51500000	51750000	0.321344
chr3	51750000	52000000	-0.0369356
chr3	52000000	52250000	1.01061
chr3	52250000	52500000	1.19169
chr3	52500000	52750000	1.25147
chr3	52750000	53000000	0.971192
chr3	53000000	53250000	0.871409
chr3	53250000	53500000	-0.105528
chr3	53500000	53750000	-0.425459
chr3	53750000	54000000	-0.121983
chr3	54000000	54250000	-0.705134
chr3	54250000	54500000	-0.649049
chr3	54500000	54750000	-0.590308
chr3	54750000	55000000	0.203959
chr3	55000000	55250000	0.671488
chr3	55250000	55500000	0.702287
chr3	55500000	55750000	0.110271
chr3	55750000	56000000	-0.367495
chr3	56000000	56250000	-0.376086
chr3	56250000	56500000	-0.588164
chr3	56500000	56750000	0.22265
chr3	56750000	57000000	0.873171
chr3	57000000	57250000	0.592138
chr3	57250000	57500000	0.0679144
chr3	57500000	57750000	0.734925
chr3	57750000	58000000	1.15603
chr3	58000000	58250000	1.21185
chr3	58250000	58500000	0.99119
chr3	58500000	58750000	0.110874
chr3	58750000	59000000	-0.0267715
chr3	59000000	59250000	-0.175279
chr3	59250000	59500000	-0.461896
chr3	59500000	59750000	-0.359304
chr3	59750000	60000000	-0.247053
chr3	60000000	60250000	-0.637911
chr3	60250000	60500000	-0.563995
chr3	60500000	60750000	-0.183998
chr3	60750000	61000000	-0.32613
chr3	61000000	61250000	-0.624771
chr3	61250000	61500000	-0.444535
chr3	61500000	61750000	0.47751
chr3	61750000	62000000	0.635404
chr3	62000000	62250000	0.333838
chr3	62250000	62500000	-0.288117
chr3	62500000	62750000	-0.152521
chr3	62750000	63000000	-0.614504
chr3	63000000	63250000	-0.624286
chr3	63250000	63500000	-0.474431
chr3	63500000	63750000	-0.230304
chr3	63750000	64000000	0.527691
chr3	64000000	64250000	0.836784
chr3	64250000	64500000	0.617202
chr3	64500000	64750000	-0.424429
chr3	64750000	65000000	-0.69897
chr3	65000000	65250000	-0.685824
chr3	65250000	65500000	-0.136629
chr3	65500000	65750000	0.399114
chr3	65750000	66000000	0.821018
chr3	66000000	66250000	0.688756
chr3	66250000	66500000	0.52521
chr3	66500000	66750000	0.123401
chr3	66750000	67000000	-0.26351
chr3	67000000	67250000	-0.520008
chr3	67250000	67500000	-0.27281
chr3	67500000	67750000	0.132762
chr3	67750000	68000000	-0.609324
chr3	68000000	68250000	-0.710592
chr3	68250000	68500000	-0.785312
chr3	68500000	68750000	-0.770582
chr3	68750000	69000000	-0.493751
chr3	69000000	69250000	0.385442
chr3	69250000	69500000	-0.349002
chr3	69500000	69750000	-0.236776
chr3	69750000	70000000	0.371253
chr3	70000000	70250000	-0.619089
chr3	70250000	70500000	-0.746647
chr3	70500000	70750000	-0.297672
chr3	70750000	71000000	0.483853
chr3	71000000	71250000	0.653699
chr3	71250000	71500000	0.67709
chr3	71500000	71750000	0.327777
chr3	71750000	72000000	0.0715801
chr3	72000000	72250000	0.606246
chr3	72250000	72500000	0.777765
chr3	72500000	72750000	0.588971
chr3	72750000	73000000	0.605368
chr3	73000000	73250000	-0.0915042
chr3	73250000	73500000	-0.0704214
chr3	73500000	73750000	0.661001
chr3	73750000	74000000	0.0721559
chr3	74000000	74250000	-0.548126
chr3	74250000	74500000	-0.0175574
chr3	74500000	74750000	-0.00460765
chr3	74750000	75000000	-0.595195
chr3	75000000	75250000	-0.635818
chr3	75250000	75500000	-0.257229
chr3	75500000	75750000	-0.549397
chr3	75750000	76000000	-0.773417
chr3	76000000	76250000	-0.94204
chr3	76250000	76500000	-0.919724
chr3	76500000	76750000	-0.833385
chr3	76750000	77000000	-0.81158
chr3	77000000	77250000	-0.427482
chr3	77250000	77500000	0.0178929
chr3	77500000	77750000	-0.142942
chr3	77750000	78000000	-0.251584
chr3	78000000	78250000	0.0261849
chr3	78250000	78500000	-0.125412
chr3	78500000	78750000	-0.0336932
chr3	78750000	79000000	0.771656
chr3	79000000	79250000	0.314954
chr3	79250000	79500000	0.00928398
chr3	79500000	79750000	-0.70638
chr3	79750000	80000000	-0.811054
chr3	80000000	80250000	-0.87767
chr3	80250000	80500000	-0.885669
chr3	80500000	80750000	-0.834699
chr3	80750000	81000000	-0.843387
chr3	81000000	81250000	-0.803308
chr3	81250000	81500000	-0.307522
chr3	81500000	81750000	0.495562
chr3	81750000	82000000	-0.212837
chr3	82000000	82250000	-0.685778
chr3	82250000	82500000	-0.760124
chr3	82500000	82750000	-0.770551
chr3	82750000	83000000	-0.721015
chr3	83000000	83250000	-0.735282
chr3	83250000	83500000	-0.690593
chr3	83500000	83750000	-0.734954
chr3	83750000	84000000	-0.734136
chr3	84000000	84250000	-0.761952
chr3	84250000	84500000	-0.755091
chr3	84500000	84750000	-0.784877
chr3	84750000	85000000	-0.746696
chr3	85000000	85250000	-0.777549
chr3	85250000	85500000	-0.737545
chr3	85500000	85750000	-0.735583
chr3	85750000	86000000	-0.801285
chr3	86000000	86250000	-0.836628
chr3	86250000	86500000	-0.812054
chr3	86500000	86750000	-0.688997
chr3	86750000	87000000	0.55718
chr3	87000000	87250000	0.394368
chr3	87250000	87500000	-0.199257
chr3	87500000	87750000	-0.558246
chr3	87750000	88000000	-0.394302
chr3	88000000	88250000	0.0683625
chr3	88250000	88500000	-0.638
chr3	88500000	88750000	-0.639359
chr3	88750000	89000000	-0.509061
chr3	89000000	89250000	-0.455777
chr3	89250000	89500000	-0.598639
chr3	89500000	89750000	-0.729173
chr3	89750000	90000000	-0.833476
chr3	90000000	90250000	-0.752601
chr3	90250000	90500000	nan
chr3	90500000	90750000	nan
chr3	90750000	91000000	nan
chr3	91000000	91250000	nan
chr3	91250000	91500000	-0.857722
chr3	91500000	91750000	nan
chr3	91750000	92000000	nan
chr3	92000000	92250000	nan
chr3	92250000	92500000	nan
chr3	92500000	92750000	nan
chr3	92750000	93000000	nan
chr3	93000000	93250000	nan
chr3	93250000	93500000	-0.325793
chr3	93500000	93750000	nan
chr3	93750000	94000000	-0.247064
chr3	94000000	94250000	-0.124026
chr3	94250000	94500000	-0.456347
chr3	94500000	94750000	-0.607553
chr3	94750000	95000000	-0.578124
chr3	95000000	95250000	-0.603565
chr3	95250000	95500000	-0.572824
chr3	95500000	95750000	-0.542201
chr3	95750000	96000000	-0.402081
chr3	96000000	96250000	-0.529068
chr3	96250000	96500000	-0.569608
chr3	96500000	96750000	-0.607313
chr3	96750000	97000000	-0.561363
chr3	97000000	97250000	-0.679342
chr3	97250000	97500000	-0.72772
chr3	97500000	97750000	-0.586659
chr3	97750000	98000000	0.362012
chr3	98000000	98250000	-0.518742
chr3	98250000	98500000	-0.625902
chr3	98500000	98750000	-0.0116023
chr3	98750000	99000000	0.628798
chr3	99000000	99250000	0.532232
chr3	99250000	99500000	0.810583
chr3	99500000	99750000	0.884665
chr3	99750000	100000000	1.01215
chr3	100000000	100250000	1.29429
chr3	100250000	100500000	1.03775
chr3	100500000	100750000	0.810514
chr3	100750000	101000000	0.899273
chr3	101000000	101250000	0.82912
chr3	101250000	101500000	0.584423
chr3	101500000	101750000	0.781352
chr3	101750000	102000000	0.735398
chr3	102000000	102250000	0.692054
chr3	102250000	102500000	-0.477798
chr3	102500000	102750000	-0.543433
chr3	102750000	103000000	-0.605095
chr3	103000000	103250000	-0.688608
chr3	103250000	103500000	-0.673684
chr3	103500000	103750000	-0.681161
chr3	103750000	104000000	-0.708923
chr3	104000000	104250000	-0.693162
chr3	104250000	104500000	-0.440739
chr3	104500000	104750000	-0.0206892
chr3	104750000	105000000	0.35792
chr3	105000000	105250000	0.108442
chr3	105250000	105500000	0.303029
chr3	105500000	105750000	0.571548
chr3	105750000	106000000	0.90572
chr3	106000000	106250000	0.917075
chr3	106250000	106500000	0.820431
chr3	106500000	106750000	0.655282
chr3	106750000	107000000	0.613986
chr3	107000000	107250000	0.336276
chr3	107250000	107500000	0.151713
chr3	107500000	107750000	0.4501
chr3	107750000	108000000	0.210377
chr3	108000000	108250000	0.477216
chr3	108250000	108500000	-0.105182
chr3	108500000	108750000	-0.317437
chr3	108750000	109000000	-0.686015
chr3	109000000	109250000	-0.669001
chr3	109250000	109500000	-0.729675
chr3	109500000	109750000	-0.483489
chr3	109750000	110000000	-0.2443
chr3	110000000	110250000	-0.0264431
chr3	110250000	110500000	0.375681
chr3	110500000	110750000	0.415502
chr3	110750000	111000000	0.302316
chr3	111000000	111250000	0.177
chr3	111250000	111500000	-0.343372
chr3	111500000	111750000	0.397736
chr3	111750000	112000000	1.0095
chr3	112000000	112250000	0.200079
chr3	112250000	112500000	-0.24954
chr3	112500000	112750000	0.529209
chr3	112750000	113000000	0.314522
chr3	113000000	113250000	0.668319
chr3	113250000	113500000	0.472663
chr3	113500000	113750000	0.364417
chr3	113750000	114000000	0.718181
chr3	114000000	114250000	0.411186
chr3	114250000	114500000	0.46116
chr3	114500000	114750000	0.71248
chr3	114750000	115000000	0.522155
chr3	115000000	115250000	0.362073
chr3	115250000	115500000	0.234539
chr3	115500000	115750000	-0.0681222
chr3	115750000	116000000	-0.120815
chr3	116000000	116250000	-0.409395
chr3	116250000	116500000	-0.695092
chr3	116500000	116750000	-0.696794
chr3	116750000	117000000	-0.468953
chr3	117000000	117250000	-0.107906
chr3	117250000	117500000	-0.399597
chr3	117500000	117750000	0.0120019
chr3	117750000	118000000	-0.363354
chr3	118000000	118250000	-0.699492
chr3	118250000	118500000	-0.788999
chr3	118500000	118750000	-0.753995
chr3	118750000	119000000	-0.586548
chr3	119000000	119250000	-0.136941
chr3	119250000	119500000	0.671544
chr3	119500000	119750000	0.314031
chr3	119750000	120000000	0.275803
chr3	120000000	120250000	0.76446
chr3	120250000	120500000	0.496297
chr3	120500000	120750000	0.332736
chr3	120750000	121000000	-0.385247
chr3	121000000	121250000	-0.76043
chr3	121250000	121500000	-0.448463
chr3	121500000	121750000	0.0038566
chr3	121750000	122000000	-0.166722
chr3	122000000	122250000	-0.408141
chr3	122250000	122500000	0.163587
chr3	122500000	122750000	0.746139
chr3	122750000	123000000	0.787449
chr3	123000000	123250000	0.94238
chr3	123250000	123500000	0.71858
chr3	123500000	123750000	0.986998
chr3	123750000	124000000	1.01525
chr3	124000000	124250000	0.591811
chr3	124250000	124500000	0.467435
chr3	124500000	124750000	0.609556
chr3	124750000	125000000	1.06471
chr3	125000000	125250000	1.27034
chr3	125250000	125500000	1.22253
chr3	125500000	125750000	0.797228
chr3	125750000	126000000	0.585116
chr3	126000000	126250000	0.538432
chr3	126250000	126500000	0.516428
chr3	126500000	126750000	0.525697
chr3	126750000	127000000	0.770277
chr3	127000000	127250000	0.468924
chr3	127250000	127500000	0.214254
chr3	127500000	127750000	0.702
chr3	127750000	128000000	0.79258
chr3	128000000	128250000	0.929084
chr3	128250000	128500000	1.12682
chr3	128500000	128750000	1.16946
chr3	128750000	129000000	1.25346
chr3	129000000	129250000	1.3145
chr3	129250000	129500000	1.25138
chr3	129500000	129750000	1.15603
chr3	129750000	130000000	0.787332
chr3	130000000	130250000	0.0648659
chr3	130250000	130500000	-0.581581
chr3	130500000	130750000	-0.278583
chr3	130750000	131000000	0.0512206
chr3	131000000	131250000	-0.00756287
chr3	131250000	131500000	0.025757
chr3	131500000	131750000	-0.114841
chr3	131750000	132000000	-0.109459
chr3	132000000	132250000	-0.245688
chr3	132250000	132500000	0.214829
chr3	132500000	132750000	0.764366
chr3	132750000	133000000	-0.478916
chr3	133000000	133250000	-0.49879
chr3	133250000	133500000	-0.179661
chr3	133500000	133750000	0.156623
chr3	133750000	134000000	0.170417
chr3	134000000	134250000	0.806463
chr3	134250000	134500000	0.957648
chr3	134500000	134750000	-0.0574388
chr3	134750000	135000000	-0.312668
chr3	135000000	135250000	-0.421708
chr3	135250000	135500000	-0.541616
chr3	135500000	135750000	-0.455876
chr3	135750000	136000000	-0.0966132
chr3	136000000	136250000	0.526659
chr3	136250000	136500000	0.788432
chr3	136500000	136750000	1.02334
chr3	136750000	137000000	0.750658
chr3	137000000	137250000	-0.361745
chr3	137250000	137500000	-0.725716
chr3	137500000	137750000	-0.701696
chr3	137750000	138000000	-0.510967
chr3	138000000	138250000	0.45002
chr3	138250000	138500000	0.804248
chr3	138500000	138750000	0.760978
chr3	138750000	139000000	0.468426
chr3	139000000	139250000	0.0716333
chr3	139250000	139500000	0.141933
chr3	139500000	139750000	-0.531868
chr3	139750000	140000000	-0.58025
chr3	140000000	140250000	-0.527944
chr3	140250000	140500000	-0.565954
chr3	140500000	140750000	-0.601868
chr3	140750000	141000000	-0.416037
chr3	141000000	141250000	-0.19802
chr3	141250000	141500000	0.917072
chr3	141500000	141750000	0.900981
chr3	141750000	142000000	0.710556
chr3	142000000	142250000	0.776198
chr3	142250000	142500000	0.739521
chr3	142500000	142750000	0.112326
chr3	142750000	143000000	0.0284366
chr3	143000000	143250000	0.275184
chr3	143250000	143500000	-0.0230682
chr3	143500000	143750000	-0.328426
chr3	143750000	144000000	-0.187585
chr3	144000000	144250000	-0.325934
chr3	144250000	144500000	-0.47493
chr3	144500000	144750000	-0.43512
chr3	144750000	145000000	-0.471366
chr3	145000000	145250000	-0.556764
chr3	145250000	145500000	-0.648629
chr3	145500000	145750000	-0.627385
chr3	145750000	146000000	-0.353834
chr3	146000000	146250000	0.352307
chr3	146250000	146500000	0.194686
chr3	146500000	146750000	0.160974
chr3	146750000	147000000	0.359068
chr3	147000000	147250000	0.239226
chr3	147250000	147500000	0.0579239
chr3	147500000	147750000	-0.511685
chr3	147750000	148000000	-0.371117
chr3	148000000	148250000	-0.438284
chr3	148250000	148500000	-0.451451
chr3	148500000	148750000	-0.467433
chr3	148750000	149000000	0.0243182
chr3	149000000	149250000	0.973978
chr3	149250000	149500000	1.11852
chr3	149500000	149750000	1.25065
chr3	149750000	150000000	1.12945
chr3	150000000	150250000	1.34637
chr3	150250000	150500000	1.15518
chr3	150500000	150750000	0.527671
chr3	150750000	151000000	-0.0794013
chr3	151000000	151250000	0.02334
chr3	151250000	151500000	0.226347
chr3	151500000	151750000	-0.337458
chr3	151750000	152000000	0.28605
chr3	152000000	152250000	0.814042
chr3	152250000	152500000	0.771821
chr3	152500000	152750000	-0.530082
chr3	152750000	153000000	-0.607713
chr3	153000000	153250000	0.31639
chr3	153250000	153500000	-0.072576
chr3	153500000	153750000	-0.414987
chr3	153750000	154000000	-0.577251
chr3	154000000	154250000	-0.598355
chr3	154250000	154500000	-0.425666
chr3	154500000	154750000	-0.668953
chr3	154750000	155000000	0.318528
chr3	155000000	155250000	0.562966
chr3	155250000	155500000	-0.0110271
chr3	155500000	155750000	-0.433496
chr3	155750000	156000000	0.146766
chr3	156000000	156250000	-0.388277
chr3	156250000	156500000	-0.232401
chr3	156500000	156750000	0.604477
chr3	156750000	157000000	0.524014
chr3	157000000	157250000	0.614332
chr3	157250000	157500000	0.988513
chr3	157500000	157750000	0.111236
chr3	157750000	158000000	-0.0193711
chr3	158000000	158250000	0.112604
chr3	158250000	158500000	0.228253
chr3	158500000	158750000	0.330332
chr3	158750000	159000000	-0.244037
chr3	159000000	159250000	-0.383925
chr3	159250000	159500000	-0.243234
chr3	159500000	159750000	0.198356
chr3	159750000	160000000	0.833223
chr3	160000000	160250000	0.861593
chr3	160250000	160500000	0.919848
chr3	160500000	160750000	-0.0602207
chr3	160750000	161000000	-0.54567
chr3	161000000	161250000	-0.472074
chr3	161250000	161500000	-0.355898
chr3	161500000	161750000	-0.581656
chr3	161750000	162000000	-0.234226
chr3	162000000	162250000	-0.0531375
chr3	162250000	162500000	0.0451732
chr3	162500000	162750000	-0.126859
chr3	162750000	163000000	-0.303898
chr3	163000000	163250000	-0.483272
chr3	163250000	163500000	-0.55948
chr3	163500000	163750000	-0.534269
chr3	163750000	164000000	-0.550522
chr3	164000000	164250000	-0.603091
chr3	164250000	164500000	-0.641355
chr3	164500000	164750000	-0.547466
chr3	164750000	165000000	-0.595597
chr3	165000000	165250000	-0.524557
chr3	165250000	165500000	-0.608418
chr3	165500000	165750000	-0.597706
chr3	165750000	166000000	-0.62933
chr3	166000000	166250000	-0.61843
chr3	166250000	166500000	-0.665433
chr3	166500000	166750000	-0.678955
chr3	166750000	167000000	-0.644648
chr3	167000000	167250000	-0.64643
chr3	167250000	167500000	-0.647485
chr3	167500000	167750000	-0.409596
chr3	167750000	168000000	-0.441651
chr3	168000000	168250000	-0.0178929
chr3	168250000	168500000	-0.548625
chr3	168500000	168750000	-0.590207
chr3	168750000	169000000	-0.261108
chr3	169000000	169250000	0.0556661
chr3	169250000	169500000	-0.477508
chr3	169500000	169750000	-0.457594
chr3	169750000	170000000	0.208251
chr3	170000000	170250000	0.774455
chr3	170250000	170500000	1.17915
chr3	170500000	170750000	1.4368
chr3	170750000	171000000	1.03134
chr3	171000000	171250000	1.15074
chr3	171250000	171500000	1.23986
chr3	171500000	171750000	0.989742
chr3	171750000	172000000	1.22213
chr3	172000000	172250000	1.31012
chr3	172250000	172500000	0.932432
chr3	172500000	172750000	0.837525
chr3	172750000	173000000	-0.346766
chr3	173000000	173250000	-0.795882
chr3	173250000	173500000	-0.63128
chr3	173500000	173750000	-0.094348
chr3	173750000	174000000	0.207089
chr3	174000000	174250000	0.174973
chr3	174250000	174500000	0.292664
chr3	174500000	174750000	0.296561
chr3	174750000	175000000	0.392274
chr3	175000000	175250000	0.344137
chr3	175250000	175500000	0.404152
chr3	175500000	175750000	0.271764
chr3	175750000	176000000	0.182671
chr3	176000000	176250000	-0.0394298
chr3	176250000	176500000	-0.232839
chr3	176500000	176750000	-0.419909
chr3	176750000	177000000	-0.310543
chr3	177000000	177250000	0.588066
chr3	177250000	177500000	0.663559
chr3	177500000	177750000	0.733483
chr3	177750000	178000000	0.703254
chr3	178000000	178250000	0.682467
chr3	178250000	178500000	0.145163
chr3	178500000	178750000	-0.556071
chr3	178750000	179000000	-0.528337
chr3	179000000	179250000	0.504856
chr3	179250000	179500000	0.54173
chr3	179500000	179750000	0.583014
chr3	179750000	180000000	-0.204566
chr3	180000000	180250000	-0.414894
chr3	180250000	180500000	-0.123232
chr3	180500000	180750000	-0.322359
chr3	180750000	181000000	-0.433262
chr3	181000000	181250000	-0.740636
chr3	181250000	181500000	-0.763306
chr3	181500000	181750000	-0.584517
chr3	181750000	182000000	-0.74828
chr3	182000000	182250000	-0.82447
chr3	182250000	182500000	-0.822963
chr3	182500000	182750000	-0.586932
chr3	182750000	183000000	0.325027
chr3	183000000	183250000	0.195229
chr3	183250000	183500000	0.153312
chr3	183500000	183750000	0.415061
chr3	183750000	184000000	1.07167
chr3	184000000	184250000	1.279
chr3	184250000	184500000	1.31242
chr3	184500000	184750000	1.3545
chr3	184750000	185000000	0.998186
chr3	185000000	185250000	0.601098
chr3	185250000	185500000	0.60743
chr3	185500000	185750000	1.08742
chr3	185750000	186000000	0.93042
chr3	186000000	186250000	0.304136
chr3	186250000	186500000	0.218403
chr3	186500000	186750000	0.0899122
chr3	186750000	187000000	0.469146
chr3	187000000	187250000	0.476303
chr3	187250000	187500000	0.54153
chr3	187500000	187750000	0.436337
chr3	187750000	188000000	0.839432
chr3	188000000	188250000	0.877822
chr3	188250000	188500000	0.75261
chr3	188500000	188750000	0.647616
chr3	188750000	189000000	0.484266
chr3	189000000	189250000	-0.480664
chr3	189250000	189500000	-0.594887
chr3	189500000	189750000	-0.399921
chr3	189750000	190000000	-0.16686
chr3	190000000	190250000	0.743779
chr3	190250000	190500000	0.20856
chr3	190500000	190750000	-0.0797627
chr3	190750000	191000000	-0.657481
chr3	191000000	191250000	-0.152536
chr3	191250000	191500000	0.0440721
chr3	191500000	191750000	-0.657797
chr3	191750000	192000000	-0.649181
chr3	192000000	192250000	-0.789302
chr3	192250000	192500000	-0.639527
chr3	192500000	192750000	-0.695518
chr3	192750000	193000000	0.148758
chr3	193000000	193250000	-0.654407
chr3	193250000	193500000	-0.806619
chr3	193500000	193750000	-0.216437
chr3	193750000	194000000	-0.133418
chr3	194000000	194250000	0.245956
chr3	194250000	194500000	0.800388
chr3	194500000	194750000	1.19743
chr3	194750000	195000000	1.0092
chr3	195000000	195250000	1.15836
chr3	195250000	195500000	1.22648
chr3	195500000	195750000	1.06857
chr3	195750000	196000000	1.24042
chr3	196000000	196250000	1.08256
chr3	196250000	196500000	1.58444
chr3	196500000	196750000	1.58428
chr3	196750000	197000000	1.52932
chr3	197000000	197250000	1.5545
chr3	197250000	197500000	1.70865
chr3	197500000	197750000	1.5225
chr3	197750000	198000000	1.30527
chr3	198000000	198250000	0.17669
chr3	198250000	198295559	nan
#bedGraph section chr4:0-190214555
chr4	0	250000	-0.79427
chr4	250000	500000	-0.468617
chr4	500000	750000	0.394299
chr4	750000	1000000	0.95155
chr4	1000000	1250000	0.995342
chr4	1250000	1500000	0.88672
chr4	1500000	1750000	0.925444
chr4	1750000	2000000	1.21924
chr4	2000000	2250000	1.0735
chr4	2250000	2500000	1.31809
chr4	2500000	2750000	1.33779
chr4	2750000	3000000	1.29251
chr4	3000000	3250000	1.26997
chr4	3250000	3500000	1.04184
chr4	3500000	3750000	0.600824
chr4	3750000	4000000	0.513967
chr4	4000000	4250000	0.0716396
chr4	4250000	4500000	0.513888
chr4	4500000	4750000	0.853357
chr4	4750000	5000000	0.331158
chr4	5000000	5250000	0.0249867
chr4	5250000	5500000	-0.137008
chr4	5500000	5750000	0.543089
chr4	5750000	6000000	0.11246
chr4	6000000	6250000	-0.259282
chr4	6250000	6500000	0.152244
chr4	6500000	6750000	0.622106
chr4	6750000	7000000	1.1269
chr4	7000000	7250000	0.774406
chr4	7250000	7500000	0.562591
chr4	7500000	7750000	0.55463
chr4	7750000	8000000	1.16911
chr4	8000000	8250000	0.7744
chr4	8250000	8500000	0.989641
chr4	8500000	8750000	0.324326
chr4	8750000	9000000	-0.108241
chr4	9000000	9250000	0.125079
chr4	9250000	9500000	-0.300427
chr4	9500000	9750000	-0.232015
chr4	9750000	10000000	-0.172978
chr4	10000000	10250000	0.279611
chr4	10250000	10500000	-0.0441548
chr4	10500000	10750000	0.0526834
chr4	10750000	11000000	-0.32007
chr4	11000000	11250000	-0.36162
chr4	11250000	11500000	-0.340037
chr4	11500000	11750000	-0.276495
chr4	11750000	12000000	-0.386986
chr4	12000000	12250000	-0.528968
chr4	12250000	12500000	-0.509141
chr4	12500000	12750000	-0.401016
chr4	12750000	13000000	-0.416701
chr4	13000000	13250000	-0.534158
chr4	13250000	13500000	0.0678635
chr4	13500000	13750000	0.310447
chr4	13750000	14000000	0.47629
chr4	14000000	14250000	0.559366
chr4	14250000	14500000	-0.0932965
chr4	14500000	14750000	-0.286766
chr4	14750000	15000000	-0.172117
chr4	15000000	15250000	0.273814
chr4	15250000	15500000	0.835112
chr4	15500000	15750000	0.862081
chr4	15750000	16000000	0.465629
chr4	16000000	16250000	0.246935
chr4	16250000	16500000	0.216256
chr4	16500000	16750000	0.914339
chr4	16750000	17000000	0.890952
chr4	17000000	17250000	1.15263
chr4	17250000	17500000	0.54922
chr4	17500000	17750000	0.223335
chr4	17750000	18000000	0.230338
chr4	18000000	18250000	-0.401666
chr4	18250000	18500000	-0.576091
chr4	18500000	18750000	-0.255388
chr4	18750000	19000000	-0.115936
chr4	19000000	19250000	0.269067
chr4	19250000	19500000	0.696317
chr4	19500000	19750000	0.836926
chr4	19750000	20000000	0.896906
chr4	20000000	20250000	1.00008
chr4	20250000	20500000	1.0829
chr4	20500000	20750000	0.56672
chr4	20750000	21000000	-0.0808553
chr4	21000000	21250000	-0.541792
chr4	21250000	21500000	-0.465504
chr4	21500000	21750000	-0.381383
chr4	21750000	22000000	0.145342
chr4	22000000	22250000	-0.174552
chr4	22250000	22500000	0.151921
chr4	22500000	22750000	-0.0835425
chr4	22750000	23000000	-0.440758
chr4	23000000	23250000	-0.443514
chr4	23250000	23500000	-0.470921
chr4	23500000	23750000	-0.39075
chr4	23750000	24000000	-0.231677
chr4	24000000	24250000	0.0882915
chr4	24250000	24500000	-0.088779
chr4	24500000	24750000	0.55126
chr4	24750000	25000000	0.535945
chr4	25000000	25250000	0.44388
chr4	25250000	25500000	0.495061
chr4	25500000	25750000	0.120071
chr4	25750000	26000000	0.712483
chr4	26000000	26250000	1.15238
chr4	26250000	26500000	0.859189
chr4	26500000	26750000	0.744503
chr4	26750000	27000000	0.551125
chr4	27000000	27250000	-0.120603
chr4	27250000	27500000	-0.374002
chr4	27500000	27750000	-0.443459
chr4	27750000	28000000	-0.284906
chr4	28000000	28250000	-0.00868948
chr4	28250000	28500000	0.442892
chr4	28500000	28750000	0.3395
chr4	28750000	29000000	0.184071
chr4	29000000	29250000	-0.00610064
chr4	29250000	29500000	-0.0371359
chr4	29500000	29750000	-0.205739
chr4	29750000	30000000	-0.318883
chr4	30000000	30250000	-0.389714
chr4	30250000	30500000	-0.42627
chr4	30500000	30750000	-0.432338
chr4	30750000	31000000	-0.360029
chr4	31000000	31250000	-0.395111
chr4	31250000	31500000	-0.398549
chr4	31500000	31750000	-0.43225
chr4	31750000	32000000	-0.431102
chr4	32000000	32250000	-0.40972
chr4	32250000	32500000	-0.394674
chr4	32500000	32750000	-0.40263
chr4	32750000	33000000	-0.356026
chr4	33000000	33250000	-0.244846
chr4	33250000	33500000	-0.300619
chr4	33500000	33750000	-0.116155
chr4	33750000	34000000	0.305826
chr4	34000000	34250000	0.326212
chr4	34250000	34500000	-0.1209
chr4	34500000	34750000	-0.349682
chr4	34750000	35000000	-0.39967
chr4	35000000	35250000	-0.450536
chr4	35250000	35500000	-0.478537
chr4	35500000	35750000	-0.509371
chr4	35750000	36000000	-0.527493
chr4	36000000	36250000	-0.535505
chr4	36250000	36500000	-0.551996
chr4	36500000	36750000	-0.545851
chr4	36750000	37000000	-0.502809
chr4	37000000	37250000	-0.495667
chr4	37250000	37500000	-0.312954
chr4	37500000	37750000	0.253978
chr4	37750000	38000000	0.312101
chr4	38000000	38250000	0.544878
chr4	38250000	38500000	0.133206
chr4	38500000	38750000	0.342728
chr4	38750000	39000000	0.741111
chr4	39000000	39250000	0.932674
chr4	39250000	39500000	0.866967
chr4	39500000	39750000	1.06835
chr4	39750000	40000000	1.13824
chr4	40000000	40250000	0.748457
chr4	40250000	40500000	0.584402
chr4	40500000	40750000	0.488411
chr4	40750000	41000000	0.564235
chr4	41000000	41250000	0.856392
chr4	41250000	41500000	0.0852237
chr4	41500000	41750000	0.0822986
chr4	41750000	42000000	0.0686782
chr4	42000000	42250000	-0.0863837
chr4	42250000	42500000	-0.33254
chr4	42500000	42750000	-0.235902
chr4	42750000	43000000	-0.430922
chr4	43000000	43250000	-0.373792
chr4	43250000	43500000	-0.401599
chr4	43500000	43750000	-0.466946
chr4	43750000	44000000	-0.539007
chr4	44000000	44250000	-0.510873
chr4	44250000	44500000	-0.432451
chr4	44500000	44750000	-0.174483
chr4	44750000	45000000	-0.404018
chr4	45000000	45250000	-0.536165
chr4	45250000	45500000	-0.531445
chr4	45500000	45750000	-0.535414
chr4	45750000	46000000	-0.535751
chr4	46000000	46250000	-0.546567
chr4	46250000	46500000	-0.539471
chr4	46500000	46750000	-0.527376
chr4	46750000	47000000	-0.433852
chr4	47000000	47250000	-0.19665
chr4	47250000	47500000	0.0395611
chr4	47500000	47750000	0.282033
chr4	47750000	48000000	0.0826219
chr4	48000000	48250000	0.259958
chr4	48250000	48500000	0.639958
chr4	48500000	48750000	0.784023
chr4	48750000	49000000	0.558078
chr4	49000000	49250000	-0.360858
chr4	49250000	49500000	nan
chr4	49500000	49750000	0.0505227
chr4	49750000	50000000	nan
chr4	50000000	50250000	nan
chr4	50250000	50500000	nan
chr4	50500000	50750000	nan
chr4	50750000	51000000	nan
chr4	51000000	51250000	nan
chr4	51250000	51500000	nan
chr4	51500000	51750000	nan
chr4	51750000	52000000	0.0206605
chr4	52000000	52250000	-0.121749
chr4	52250000	52500000	-0.220811
chr4	52500000	52750000	0.339746
chr4	52750000	53000000	0.457199
chr4	53000000	53250000	0.647237
chr4	53250000	53500000	0.812983
chr4	53500000	53750000	0.882966
chr4	53750000	54000000	0.919744
chr4	54000000	54250000	0.939899
chr4	54250000	54500000	0.257623
chr4	54500000	54750000	0.220589
chr4	54750000	55000000	0.0611032
chr4	55000000	55250000	-0.184226
chr4	55250000	55500000	0.466608
chr4	55500000	55750000	-0.0328843
chr4	55750000	56000000	0.153815
chr4	56000000	56250000	-0.28058
chr4	56250000	56500000	0.416141
chr4	56500000	56750000	0.178619
chr4	56750000	57000000	0.482927
chr4	57000000	57250000	0.52071
chr4	57250000	57500000	-0.345057
chr4	57500000	57750000	-0.532677
chr4	57750000	58000000	-0.581438
chr4	58000000	58250000	-0.595691
chr4	58250000	58500000	-0.627207
chr4	58500000	58750000	-0.64491
chr4	58750000	59000000	-0.586909
chr4	59000000	59250000	-0.636276
chr4	59250000	59500000	-0.542225
chr4	59500000	59750000	-0.575864
chr4	59750000	60000000	-0.538652
chr4	60000000	60250000	-0.480757
chr4	60250000	60500000	-0.375375
chr4	60500000	60750000	0.238263
chr4	60750000	61000000	-0.255692
chr4	61000000	61250000	-0.494227
chr4	61250000	61500000	-0.516375
chr4	61500000	61750000	-0.654018
chr4	61750000	62000000	-0.692218
chr4	62000000	62250000	-0.750557
chr4	62250000	62500000	-0.787899
chr4	62500000	62750000	-0.807309
chr4	62750000	63000000	-0.845503
chr4	63000000	63250000	-0.850186
chr4	63250000	63500000	-0.874714
chr4	63500000	63750000	-0.876149
chr4	63750000	64000000	-0.885634
chr4	64000000	64250000	-0.879665
chr4	64250000	64500000	-0.877066
chr4	64500000	64750000	-0.785029
chr4	64750000	65000000	-0.837177
chr4	65000000	65250000	-0.805
chr4	65250000	65500000	-0.794375
chr4	65500000	65750000	-0.68668
chr4	65750000	66000000	-0.752524
chr4	66000000	66250000	-0.742611
chr4	66250000	66500000	-0.568229
chr4	66500000	66750000	-0.541703
chr4	66750000	67000000	-0.795045
chr4	67000000	67250000	-0.842215
chr4	67250000	67500000	-0.353676
chr4	67500000	67750000	0.601865
chr4	67750000	68000000	-0.0366223
chr4	68000000	68250000	-0.462381
chr4	68250000	68500000	-0.0190401
chr4	68500000	68750000	-0.669946
chr4	68750000	69000000	-0.665736
chr4	69000000	69250000	-0.418966
chr4	69250000	69500000	-0.835033
chr4	69500000	69750000	-0.753673
chr4	69750000	70000000	-0.836769
chr4	70000000	70250000	-0.877388
chr4	70250000	70500000	-0.767244
chr4	70500000	70750000	0.186179
chr4	70750000	71000000	0.822741
chr4	71000000	71250000	0.351235
chr4	71250000	71500000	0.405281
chr4	71500000	71750000	-0.171229
chr4	71750000	72000000	-0.705063
chr4	72000000	72250000	-0.67587
chr4	72250000	72500000	0.0668237
chr4	72500000	72750000	-0.166571
chr4	72750000	73000000	0.00156633
chr4	73000000	73250000	0.542089
chr4	73250000	73500000	0.0525296
chr4	73500000	73750000	0.437375
chr4	73750000	74000000	0.877129
chr4	74000000	74250000	0.614897
chr4	74250000	74500000	0.806985
chr4	74500000	74750000	0.436191
chr4	74750000	75000000	-0.366322
chr4	75000000	75250000	-0.599939
chr4	75250000	75500000	-0.461669
chr4	75500000	75750000	0.661647
chr4	75750000	76000000	0.797827
chr4	76000000	76250000	0.602678
chr4	76250000	76500000	0.268306
chr4	76500000	76750000	1.05193
chr4	76750000	77000000	1.10835
chr4	77000000	77250000	0.440277
chr4	77250000	77500000	-0.166793
chr4	77500000	77750000	0.0182425
chr4	77750000	78000000	0.479802
chr4	78000000	78250000	0.448729
chr4	78250000	78500000	0.646221
chr4	78500000	78750000	0.840846
chr4	78750000	79000000	0.41829
chr4	79000000	79250000	-0.510657
chr4	79250000	79500000	-0.554017
chr4	79500000	79750000	-0.440458
chr4	79750000	80000000	-0.146023
chr4	80000000	80250000	0.815192
chr4	80250000	80500000	0.450323
chr4	80500000	80750000	-0.0815589
chr4	80750000	81000000	-0.238859
chr4	81000000	81250000	-0.12054
chr4	81250000	81500000	-0.289069
chr4	81500000	81750000	-0.669012
chr4	81750000	82000000	-0.692184
chr4	82000000	82250000	-0.596342
chr4	82250000	82500000	0.262804
chr4	82500000	82750000	0.564114
chr4	82750000	83000000	0.913102
chr4	83000000	83250000	1.05127
chr4	83250000	83500000	0.719473
chr4	83500000	83750000	0.107472
chr4	83750000	84000000	-0.203174
chr4	84000000	84250000	-0.486667
chr4	84250000	84500000	-0.506667
chr4	84500000	84750000	-0.0594701
chr4	84750000	85000000	0.637599
chr4	85000000	85250000	-0.399706
chr4	85250000	85500000	-0.152868
chr4	85500000	85750000	0.443992
chr4	85750000	86000000	0.577718
chr4	86000000	86250000	0.0696908
chr4	86250000	86500000	0.109753
chr4	86500000	86750000	0.898463
chr4	86750000	87000000	1.09324
chr4	87000000	87250000	1.00987
chr4	87250000	87500000	0.369469
chr4	87500000	87750000	-0.0486039
chr4	87750000	88000000	0.00496801
chr4	88000000	88250000	0.606763
chr4	88250000	88500000	0.202927
chr4	88500000	88750000	0.810578
chr4	88750000	89000000	0.911319
chr4	89000000	89250000	0.142394
chr4	89250000	89500000	-0.227871
chr4	89500000	89750000	-0.0214445
chr4	89750000	90000000	-0.346053
chr4	90000000	90250000	-0.809082
chr4	90250000	90500000	-0.712854
chr4	90500000	90750000	-0.847
chr4	90750000	91000000	-0.895962
chr4	91000000	91250000	-0.776051
chr4	91250000	91500000	-0.802042
chr4	91500000	91750000	-0.781124
chr4	91750000	92000000	-0.639689
chr4	92000000	92250000	-0.584512
chr4	92250000	92500000	-0.625783
chr4	92500000	92750000	-0.756348
chr4	92750000	93000000	-0.698765
chr4	93000000	93250000	-0.814753
chr4	93250000	93500000	-0.814839
chr4	93500000	93750000	-0.803927
chr4	93750000	94000000	-0.710535
chr4	94000000	94250000	-0.484841
chr4	94250000	94500000	0.622426
chr4	94500000	94750000	0.685575
chr4	94750000	95000000	-0.393172
chr4	95000000	95250000	-0.55818
chr4	95250000	95500000	-0.847536
chr4	95500000	95750000	-0.900815
chr4	95750000	96000000	-0.974945
chr4	96000000	96250000	-0.98265
chr4	96250000	96500000	-0.996941
chr4	96500000	96750000	-0.981785
chr4	96750000	97000000	-0.986189
chr4	97000000	97250000	-1.01881
chr4	97250000	97500000	-0.947141
chr4	97500000	97750000	-1.0068
chr4	97750000	98000000	-0.886019
chr4	98000000	98250000	-0.333364
chr4	98250000	98500000	0.650227
chr4	98500000	98750000	0.696413
chr4	98750000	99000000	0.390805
chr4	99000000	99250000	0.224782
chr4	99250000	99500000	-0.0843006
chr4	99500000	99750000	-0.387309
chr4	99750000	100000000	0.0366854
chr4	100000000	100250000	0.156696
chr4	100250000	100500000	0.359022
chr4	100500000	100750000	0.00200236
chr4	100750000	101000000	0.0621816
chr4	101000000	101250000	0.545319
chr4	101250000	101500000	0.318772
chr4	101500000	101750000	-0.19235
chr4	101750000	102000000	-0.26932
chr4	102000000	102250000	-0.56092
chr4	102250000	102500000	-0.157142
chr4	102500000	102750000	0.684629
chr4	102750000	103000000	0.405007
chr4	103000000	103250000	0.178577
chr4	103250000	103500000	-0.647307
chr4	103500000	103750000	-0.78284
chr4	103750000	104000000	-0.752127
chr4	104000000	104250000	-1.06064
chr4	104250000	104500000	-1.01143
chr4	104500000	104750000	-0.955297
chr4	104750000	105000000	-0.773279
chr4	105000000	105250000	-0.196425
chr4	105250000	105500000	-0.0305418
chr4	105500000	105750000	-0.283233
chr4	105750000	106000000	-0.248199
chr4	106000000	106250000	-0.0288265
chr4	106250000	106500000	0.387063
chr4	106500000	106750000	0.528841
chr4	106750000	107000000	-0.0923956
chr4	107000000	107250000	0.0210823
chr4	107250000	107500000	0.0503803
chr4	107500000	107750000	0.187847
chr4	107750000	108000000	0.641334
chr4	108000000	108250000	0.0531149
chr4	108250000	108500000	-0.0469692
chr4	108500000	108750000	0.106
chr4	108750000	109000000	-0.0614816
chr4	109000000	109250000	-0.234795
chr4	109250000	109500000	-0.0813805
chr4	109500000	109750000	0.384994
chr4	109750000	110000000	-0.146011
chr4	110000000	110250000	0.444649
chr4	110250000	110500000	-0.119231
chr4	110500000	110750000	0.497442
chr4	110750000	111000000	0.773773
chr4	111000000	111250000	0.64507
chr4	111250000	111500000	0.868849
chr4	111500000	111750000	0.633263
chr4	111750000	112000000	0.205975
chr4	112000000	112250000	0.631186
chr4	112250000	112500000	0.358939
chr4	112500000	112750000	0.205558
chr4	112750000	113000000	-0.0934559
chr4	113000000	113250000	-0.133758
chr4	113250000	113500000	0.3657
chr4	113500000	113750000	0.850149
chr4	113750000	114000000	0.755834
chr4	114000000	114250000	0.640007
chr4	114250000	114500000	0.00844541
chr4	114500000	114750000	-0.71013
chr4	114750000	115000000	-0.92879
chr4	115000000	115250000	-0.71186
chr4	115250000	115500000	-0.930213
chr4	115500000	115750000	-0.935709
chr4	115750000	116000000	-0.947368
chr4	116000000	116250000	-0.900503
chr4	116250000	116500000	-0.947172
chr4	116500000	116750000	-0.947153
chr4	116750000	117000000	-0.921967
chr4	117000000	117250000	-0.892514
chr4	117250000	117500000	-0.926438
chr4	117500000	117750000	-0.897619
chr4	117750000	118000000	-0.822128
chr4	118000000	118250000	-0.235653
chr4	118250000	118500000	0.840855
chr4	118500000	118750000	0.834753
chr4	118750000	119000000	1.06076
chr4	119000000	119250000	1.17057
chr4	119250000	119500000	0.648934
chr4	119500000	119750000	0.593542
chr4	119750000	120000000	-0.125855
chr4	120000000	120250000	-0.177132
chr4	120250000	120500000	-0.626533
chr4	120500000	120750000	-0.327822
chr4	120750000	121000000	0.0716042
chr4	121000000	121250000	0.0909979
chr4	121250000	121500000	-0.250717
chr4	121500000	121750000	-0.0712777
chr4	121750000	122000000	0.154537
chr4	122000000	122250000	-0.178875
chr4	122250000	122500000	-0.208914
chr4	122500000	122750000	0.202663
chr4	122750000	123000000	0.927602
chr4	123000000	123250000	0.735828
chr4	123250000	123500000	0.921635
chr4	123500000	123750000	0.978569
chr4	123750000	124000000	1.03533
chr4	124000000	124250000	0.798281
chr4	124250000	124500000	0.445765
chr4	124500000	124750000	0.578458
chr4	124750000	125000000	0.618433
chr4	125000000	125250000	0.46848
chr4	125250000	125500000	0.398138
chr4	125500000	125750000	0.187207
chr4	125750000	126000000	0.196283
chr4	126000000	126250000	-0.190854
chr4	126250000	126500000	-0.195498
chr4	126500000	126750000	0.139421
chr4	126750000	127000000	0.609374
chr4	127000000	127250000	0.0586681
chr4	127250000	127500000	-0.285365
chr4	127500000	127750000	-0.0842019
chr4	127750000	128000000	0.50454
chr4	128000000	128250000	0.610906
chr4	128250000	128500000	0.931657
chr4	128500000	128750000	0.97079
chr4	128750000	129000000	0.54278
chr4	129000000	129250000	-0.135609
chr4	129250000	129500000	-0.733794
chr4	129500000	129750000	-0.91402
chr4	129750000	130000000	-0.855269
chr4	130000000	130250000	-0.412398
chr4	130250000	130500000	-0.266305
chr4	130500000	130750000	-0.58633
chr4	130750000	131000000	-0.772941
chr4	131000000	131250000	-0.731293
chr4	131250000	131500000	-0.772559
chr4	131500000	131750000	-0.564136
chr4	131750000	132000000	-0.245226
chr4	132000000	132250000	-0.184885
chr4	132250000	132500000	-0.611474
chr4	132500000	132750000	-0.791254
chr4	132750000	133000000	-0.973267
chr4	133000000	133250000	-0.586188
chr4	133250000	133500000	-0.505045
chr4	133500000	133750000	-0.22863
chr4	133750000	134000000	0.0764362
chr4	134000000	134250000	0.0590839
chr4	134250000	134500000	0.177505
chr4	134500000	134750000	0.0113929
chr4	134750000	135000000	-0.245243
chr4	135000000	135250000	-0.386283
chr4	135250000	135500000	-0.435249
chr4	135500000	135750000	-0.785814
chr4	135750000	136000000	-0.939909
chr4	136000000	136250000	-0.937646
chr4	136250000	136500000	-0.958744
chr4	136500000	136750000	-0.938341
chr4	136750000	137000000	-0.724168
chr4	137000000	137250000	0.13916
chr4	137250000	137500000	0.750548
chr4	137500000	137750000	0.747379
chr4	137750000	138000000	0.432507
chr4	138000000	138250000	0.40754
chr4	138250000	138500000	0.174125
chr4	138500000	138750000	-0.00284946
chr4	138750000	139000000	-0.0280912
chr4	139000000	139250000	1.21596
chr4	139250000	139500000	1.26927
chr4	139500000	139750000	0.988963
chr4	139750000	140000000	0.942365
chr4	140000000	140250000	0.93109
chr4	140250000	140500000	0.611328
chr4	140500000	140750000	0.612675
chr4	140750000	141000000	0.533197
chr4	141000000	141250000	0.649814
chr4	141250000	141500000	0.896543
chr4	141500000	141750000	0.933811
chr4	141750000	142000000	0.843959
chr4	142000000	142250000	0.69861
chr4	142250000	142500000	0.895804
chr4	142500000	142750000	0.85934
chr4	142750000	143000000	0.282575
chr4	143000000	143250000	-0.0881995
chr4	143250000	143500000	0.528211
chr4	143500000	143750000	-0.453141
chr4	143750000	144000000	-0.732502
chr4	144000000	144250000	-0.566587
chr4	144250000	144500000	-0.674354
chr4	144500000	144750000	-0.432549
chr4	144750000	145000000	-0.638816
chr4	145000000	145250000	0.165918
chr4	145250000	145500000	0.095657
chr4	145500000	145750000	0.520323
chr4	145750000	146000000	0.597495
chr4	146000000	146250000	-0.0356846
chr4	146250000	146500000	0.210428
chr4	146500000	146750000	-0.357033
chr4	146750000	147000000	-0.161301
chr4	147000000	147250000	-0.150092
chr4	147250000	147500000	-0.00695083
chr4	147500000	147750000	0.667153
chr4	147750000	148000000	0.86067
chr4	148000000	148250000	-0.199871
chr4	148250000	148500000	-0.64923
chr4	148500000	148750000	-0.871031
chr4	148750000	149000000	-0.792916
chr4	149000000	149250000	-0.697373
chr4	149250000	149500000	-0.694454
chr4	149500000	149750000	-0.592949
chr4	149750000	150000000	-0.0329639
chr4	150000000	150250000	1.04614
chr4	150250000	150500000	0.733863
chr4	150500000	150750000	0.637856
chr4	150750000	151000000	0.601588
chr4	151000000	151250000	0.976924
chr4	151250000	151500000	1.01126
chr4	151500000	151750000	1.05471
chr4	151750000	152000000	1.17552
chr4	152000000	152250000	1.14487
chr4	152250000	152500000	1.06965
chr4	152500000	152750000	1.07926
chr4	152750000	153000000	1.03099
chr4	153000000	153250000	0.974764
chr4	153250000	153500000	1.13868
chr4	153500000	153750000	0.428674
chr4	153750000	154000000	-0.410295
chr4	154000000	154250000	-0.509293
chr4	154250000	154500000	-0.525805
chr4	154500000	154750000	-0.397554
chr4	154750000	155000000	-0.514394
chr4	155000000	155250000	-0.725701
chr4	155250000	155500000	-0.102608
chr4	155500000	155750000	0.184706
chr4	155750000	156000000	0.000671024
chr4	156000000	156250000	-0.0364173
chr4	156250000	156500000	0.421965
chr4	156500000	156750000	0.8208
chr4	156750000	157000000	0.99184
chr4	157000000	157250000	0.362416
chr4	157250000	157500000	-0.575986
chr4	157500000	157750000	-0.794745
chr4	157750000	158000000	-0.530682
chr4	158000000	158250000	0.272615
chr4	158250000	158500000	0.113848
chr4	158500000	158750000	0.206413
chr4	158750000	159000000	0.74718
chr4	159000000	159250000	0.781325
chr4	159250000	159500000	0.499715
chr4	159500000	159750000	-0.884652
chr4	159750000	160000000	-0.939517
chr4	160000000	160250000	-0.938188
chr4	160250000	160500000	-1.00118
chr4	160500000	160750000	-0.958196
chr4	160750000	161000000	-0.983921
chr4	161000000	161250000	-0.957765
chr4	161250000	161500000	-0.835721
chr4	161500000	161750000	-0.55212
chr4	161750000	162000000	-0.573932
chr4	162000000	162250000	-0.769499
chr4	162250000	162500000	-0.838413
chr4	162500000	162750000	-0.831986
chr4	162750000	163000000	-0.85372
chr4	163000000	163250000	-0.367743
chr4	163250000	163500000	-0.449937
chr4	163500000	163750000	-0.401419
chr4	163750000	164000000	-0.840735
chr4	164000000	164250000	-0.94858
chr4	164250000	164500000	-0.942774
chr4	164500000	164750000	-0.792235
chr4	164750000	165000000	-0.733891
chr4	165000000	165250000	-0.312176
chr4	165250000	165500000	0.0924472
chr4	165500000	165750000	-0.606138
chr4	165750000	166000000	-0.532222
chr4	166000000	166250000	-0.271
chr4	166250000	166500000	0.0672091
chr4	166500000	166750000	-0.501604
chr4	166750000	167000000	-0.678705
chr4	167000000	167250000	-0.652207
chr4	167250000	167500000	-0.759755
chr4	167500000	167750000	-0.711729
chr4	167750000	168000000	-0.464383
chr4	168000000	168250000	0.255604
chr4	168250000	168500000	0.843826
chr4	168500000	168750000	1.35231
chr4	168750000	169000000	1.18841
chr4	169000000	169250000	1.22352
chr4	169250000	169500000	1.25856
chr4	169500000	169750000	0.729501
chr4	169750000	170000000	-0.203234
chr4	170000000	170250000	-0.279143
chr4	170250000	170500000	-0.486666
chr4	170500000	170750000	-0.669029
chr4	170750000	171000000	-0.729644
chr4	171000000	171250000	-0.766619
chr4	171250000	171500000	-0.775302
chr4	171500000	171750000	-0.694637
chr4	171750000	172000000	-0.376747
chr4	172000000	172250000	-0.229679
chr4	172250000	172500000	-0.609102
chr4	172500000	172750000	-0.614223
chr4	172750000	173000000	-0.331709
chr4	173000000	173250000	0.175164
chr4	173250000	173500000	0.431301
chr4	173500000	173750000	-0.382152
chr4	173750000	174000000	-0.390783
chr4	174000000	174250000	-0.230351
chr4	174250000	174500000	-0.166583
chr4	174500000	174750000	-0.673935
chr4	174750000	175000000	-0.770823
chr4	175000000	175250000	-0.818345
chr4	175250000	175500000	-0.630209
chr4	175500000	175750000	-0.753216
chr4	175750000	176000000	-0.772103
chr4	176000000	176250000	0.0153274
chr4	176250000	176500000	0.840671
chr4	176500000	176750000	1.16875
chr4	176750000	177000000	1.3168
chr4	177000000	177250000	0.81391
chr4	177250000	177500000	0.734696
chr4	177500000	177750000	-0.0644193
chr4	177750000	178000000	-0.362842
chr4	178000000	178250000	-0.536034
chr4	178250000	178500000	-0.680726
chr4	178500000	178750000	-0.709219
chr4	178750000	179000000	-0.767029
chr4	179000000	179250000	-0.785016
chr4	179250000	179500000	-0.794871
chr4	179500000	179750000	-0.934518
chr4	179750000	180000000	-1.02803
chr4	180000000	180250000	-1.06144
chr4	180250000	180500000	-1.1459
chr4	180500000	180750000	-0.993111
chr4	180750000	181000000	-0.928334
chr4	181000000	181250000	-0.830269
chr4	181250000	181500000	-0.78699
chr4	181500000	181750000	-0.188641
chr4	181750000	182000000	-0.0118434
chr4	182000000	182250000	0.338526
chr4	182250000	182500000	0.440222
chr4	182500000	182750000	0.444613
chr4	182750000	183000000	0.480887
chr4	183000000	183250000	0.957591
chr4	183250000	183500000	1.10765
chr4	183500000	183750000	0.726917
chr4	183750000	184000000	-0.521904
chr4	184000000	184250000	-0.578474
chr4	184250000	184500000	0.566525
chr4	184500000	184750000	0.410073
chr4	184750000	185000000	-0.0848149
chr4	185000000	185250000	0.392125
chr4	185250000	185500000	0.842696
chr4	185500000	185750000	-0.159185
chr4	185750000	186000000	-0.142654
chr4	186000000	186250000	-0.271354
chr4	186250000	186500000	-0.501494
chr4	186500000	186750000	0.255654
chr4	186750000	187000000	0.793006
chr4	187000000	187250000	0.353624
chr4	187250000	187500000	0.394311
chr4	187500000	187750000	0.0480758
chr4	187750000	188000000	-0.343741
chr4	188000000	188250000	-0.359081
chr4	188250000	188500000	-0.414911
chr4	188500000	188750000	-0.540315
chr4	188750000	189000000	-0.01185
chr4	189000000	189250000	0.0674065
chr4	189250000	189500000	-0.623737
chr4	189500000	189750000	-0.75789
chr4	189750000	190000000	-0.530581
chr4	190000000	190214555	nan
#bedGraph section chr5:0-181538259
chr5	0	250000	0.820266
chr5	250000	500000	1.23671
chr5	500000	750000	0.747574
chr5	750000	1000000	0.695974
chr5	1000000	1250000	0.600038
chr5	1250000	1500000	0.562021
chr5	1500000	1750000	0.537149
chr5	1750000	2000000	0.0793546
chr5	2000000	2250000	-0.337652
chr5	2250000	2500000	-0.383604
chr5	2500000	2750000	-0.328498
chr5	2750000	3000000	-0.336962
chr5	3000000	3250000	-0.338778
chr5	3250000	3500000	-0.406109
chr5	3500000	3750000	-0.407908
chr5	3750000	4000000	-0.532597
chr5	4000000	4250000	-0.580279
chr5	4250000	4500000	-0.621519
chr5	4500000	4750000	-0.576451
chr5	4750000	5000000	-0.363834
chr5	5000000	5250000	-0.0376887
chr5	5250000	5500000	0.479655
chr5	5500000	5750000	-0.424072
chr5	5750000	6000000	-0.421637
chr5	6000000	6250000	-0.262347
chr5	6250000	6500000	-0.181288
chr5	6500000	6750000	0.368645
chr5	6750000	7000000	-0.213146
chr5	7000000	7250000	-0.506497
chr5	7250000	7500000	-0.192677
chr5	7500000	7750000	-0.534593
chr5	7750000	8000000	-0.178059
chr5	8000000	8250000	-0.547567
chr5	8250000	8500000	-0.414564
chr5	8500000	8750000	-0.244405
chr5	8750000	9000000	0.588281
chr5	9000000	9250000	0.734772
chr5	9250000	9500000	0.96681
chr5	9500000	9750000	0.995699
chr5	9750000	10000000	1.13239
chr5	10000000	10250000	1.02577
chr5	10250000	10500000	1.20581
chr5	10500000	10750000	0.864588
chr5	10750000	11000000	0.382848
chr5	11000000	11250000	-0.32824
chr5	11250000	11500000	-0.568516
chr5	11500000	11750000	-0.6214
chr5	11750000	12000000	-0.564813
chr5	12000000	12250000	-0.596991
chr5	12250000	12500000	-0.666087
chr5	12500000	12750000	-0.65809
chr5	12750000	13000000	-0.57768
chr5	13000000	13250000	-0.637311
chr5	13250000	13500000	-0.550159
chr5	13500000	13750000	-0.417477
chr5	13750000	14000000	-0.0914599
chr5	14000000	14250000	1.26563
chr5	14250000	14500000	1.19831
chr5	14500000	14750000	0.621479
chr5	14750000	15000000	0.770987
chr5	15000000	15250000	-0.227936
chr5	15250000	15500000	-0.245044
chr5	15500000	15750000	0.879182
chr5	15750000	16000000	0.457492
chr5	16000000	16250000	-0.399424
chr5	16250000	16500000	-0.219243
chr5	16500000	16750000	0.531609
chr5	16750000	17000000	1.28621
chr5	17000000	17250000	1.12333
chr5	17250000	17500000	0.325227
chr5	17500000	17750000	-0.422635
chr5	17750000	18000000	-0.490808
chr5	18000000	18250000	-0.504177
chr5	18250000	18500000	-0.41173
chr5	18500000	18750000	-0.622956
chr5	18750000	19000000	-0.590959
chr5	19000000	19250000	-0.52162
chr5	19250000	19500000	-0.489397
chr5	19500000	19750000	-0.425905
chr5	19750000	20000000	0.053414
chr5	20000000	20250000	-0.371248
chr5	20250000	20500000	-0.412011
chr5	20500000	20750000	-0.396006
chr5	20750000	21000000	-0.424729
chr5	21000000	21250000	-0.537913
chr5	21250000	21500000	-0.290866
chr5	21500000	21750000	-0.433874
chr5	21750000	22000000	-0.533079
chr5	22000000	22250000	-0.589583
chr5	22250000	22500000	-0.523915
chr5	22500000	22750000	-0.631692
chr5	22750000	23000000	-0.586221
chr5	23000000	23250000	-0.613372
chr5	23250000	23500000	-0.564229
chr5	23500000	23750000	-0.614059
chr5	23750000	24000000	-0.552209
chr5	24000000	24250000	-0.514173
chr5	24250000	24500000	-0.542282
chr5	24500000	24750000	-0.505467
chr5	24750000	25000000	-0.569168
chr5	25000000	25250000	-0.526627
chr5	25250000	25500000	-0.562241
chr5	25500000	25750000	-0.519506
chr5	25750000	26000000	-0.538617
chr5	26000000	26250000	-0.490972
chr5	26250000	26500000	-0.47935
chr5	26500000	26750000	-0.471838
chr5	26750000	27000000	-0.450371
chr5	27000000	27250000	-0.329972
chr5	27250000	27500000	-0.173914
chr5	27500000	27750000	-0.46665
chr5	27750000	28000000	-0.463772
chr5	28000000	28250000	-0.507099
chr5	28250000	28500000	-0.585373
chr5	28500000	28750000	-0.54186
chr5	28750000	29000000	-0.610368
chr5	29000000	29250000	-0.604817
chr5	29250000	29500000	-0.600348
chr5	29500000	29750000	-0.611644
chr5	29750000	30000000	-0.637845
chr5	30000000	30250000	-0.670722
chr5	30250000	30500000	-0.61333
chr5	30500000	30750000	-0.609333
chr5	30750000	31000000	-0.599558
chr5	31000000	31250000	-0.354443
chr5	31250000	31500000	0.308317
chr5	31500000	31750000	0.180096
chr5	31750000	32000000	0.387327
chr5	32000000	32250000	0.916471
chr5	32250000	32500000	1.08868
chr5	32500000	32750000	0.932353
chr5	32750000	33000000	0.902823
chr5	33000000	33250000	0.922408
chr5	33250000	33500000	0.915338
chr5	33500000	33750000	0.980357
chr5	33750000	34000000	0.939065
chr5	34000000	34250000	0.74635
chr5	34250000	34500000	0.585175
chr5	34500000	34750000	1.02702
chr5	34750000	35000000	0.689691
chr5	35000000	35250000	0.337951
chr5	35250000	35500000	-0.175943
chr5	35500000	35750000	0.00711344
chr5	35750000	36000000	0.290804
chr5	36000000	36250000	0.0915005
chr5	36250000	36500000	-0.0254928
chr5	36500000	36750000	-0.0484033
chr5	36750000	37000000	0.248173
chr5	37000000	37250000	0.673572
chr5	37250000	37500000	0.534966
chr5	37500000	37750000	0.615158
chr5	37750000	38000000	0.351548
chr5	38000000	38250000	-0.125935
chr5	38250000	38500000	0.303906
chr5	38500000	38750000	0.63127
chr5	38750000	39000000	0.694398
chr5	39000000	39250000	0.735389
chr5	39250000	39500000	0.612382
chr5	39500000	39750000	0.147716
chr5	39750000	40000000	-0.194743
chr5	40000000	40250000	-0.211916
chr5	40250000	40500000	-0.0466122
chr5	40500000	40750000	0.116466
chr5	40750000	41000000	-0.00180496
chr5	41000000	41250000	-0.382771
chr5	41250000	41500000	-0.0149239
chr5	41500000	41750000	-0.227399
chr5	41750000	42000000	0.114697
chr5	42000000	42250000	-0.493668
chr5	42250000	42500000	-0.484783
chr5	42500000	42750000	-0.436362
chr5	42750000	43000000	0.127105
chr5	43000000	43250000	0.713846
chr5	43250000	43500000	0.235032
chr5	43500000	43750000	0.34398
chr5	43750000	44000000	-0.418219
chr5	44000000	44250000	-0.521493
chr5	44250000	44500000	-0.539056
chr5	44500000	44750000	-0.56742
chr5	44750000	45000000	-0.471276
chr5	45000000	45250000	-0.793753
chr5	45250000	45500000	-0.802151
chr5	45500000	45750000	-0.846072
chr5	45750000	46000000	-0.880222
chr5	46000000	46250000	-0.878994
chr5	46250000	46500000	nan
chr5	46500000	46750000	nan
chr5	46750000	47000000	nan
chr5	47000000	47250000	nan
chr5	47250000	47500000	nan
chr5	47500000	47750000	nan
chr5	47750000	48000000	nan
chr5	48000000	48250000	nan
chr5	48250000	48500000	nan
chr5	48500000	48750000	nan
chr5	48750000	49000000	nan
chr5	49000000	49250000	nan
chr5	49250000	49500000	nan
chr5	49500000	49750000	-0.20266
chr5	49750000	50000000	nan
chr5	50000000	50250000	nan
chr5	50250000	50500000	-0.843899
chr5	50500000	50750000	-0.239809
chr5	50750000	51000000	-0.508398
chr5	51000000	51250000	-0.666458
chr5	51250000	51500000	-0.167863
chr5	51500000	51750000	-0.336134
chr5	51750000	52000000	-0.531247
chr5	52000000	52250000	-0.738206
chr5	52250000	52500000	-0.776853
chr5	52500000	52750000	-0.297782
chr5	52750000	53000000	0.843711
chr5	53000000	53250000	1.00827
chr5	53250000	53500000	0.970114
chr5	53500000	53750000	0.756739
chr5	53750000	54000000	0.740955
chr5	54000000	54250000	0.721736
chr5	54250000	54500000	0.951282
chr5	54500000	54750000	1.1801
chr5	54750000	55000000	0.983741
chr5	55000000	55250000	0.74477
chr5	55250000	55500000	1.02613
chr5	55500000	55750000	0.940526
chr5	55750000	56000000	0.699995
chr5	56000000	56250000	0.9383
chr5	56250000	56500000	0.132424
chr5	56500000	56750000	-0.0675691
chr5	56750000	57000000	0.134362
chr5	57000000	57250000	-0.00672611
chr5	57250000	57500000	0.735291
chr5	57500000	57750000	0.605597
chr5	57750000	58000000	0.552827
chr5	58000000	58250000	0.738666
chr5	58250000	58500000	0.570442
chr5	58500000	58750000	-0.629979
chr5	58750000	59000000	-0.393974
chr5	59000000	59250000	0.473701
chr5	59250000	59500000	-0.192987
chr5	59500000	59750000	-0.173078
chr5	59750000	60000000	-0.0299266
chr5	60000000	60250000	-0.392724
chr5	60250000	60500000	-0.381386
chr5	60500000	60750000	-0.121296
chr5	60750000	61000000	-0.0989736
chr5	61000000	61250000	0.489175
chr5	61250000	61500000	0.753737
chr5	61500000	61750000	0.206616
chr5	61750000	62000000	-0.408221
chr5	62000000	62250000	-0.418269
chr5	62250000	62500000	0.301621
chr5	62500000	62750000	-0.070866
chr5	62750000	63000000	-0.634389
chr5	63000000	63250000	-0.621249
chr5	63250000	63500000	-0.661587
chr5	63500000	63750000	-0.80463
chr5	63750000	64000000	-0.819936
chr5	64000000	64250000	-0.751986
chr5	64250000	64500000	-0.690643
chr5	64500000	64750000	-0.299368
chr5	64750000	65000000	0.642597
chr5	65000000	65250000	1.11928
chr5	65250000	65500000	0.986971
chr5	65500000	65750000	0.886991
chr5	65750000	66000000	1.1992
chr5	66000000	66250000	0.347722
chr5	66250000	66500000	-0.461046
chr5	66500000	66750000	-0.479493
chr5	66750000	67000000	0.0153782
chr5	67000000	67250000	0.419593
chr5	67250000	67500000	0.392097
chr5	67500000	67750000	0.154548
chr5	67750000	68000000	0.276022
chr5	68000000	68250000	0.641225
chr5	68250000	68500000	0.673696
chr5	68500000	68750000	0.411069
chr5	68750000	69000000	0.167668
chr5	69000000	69250000	0.582526
chr5	69250000	69500000	0.891355
chr5	69500000	69750000	nan
chr5	69750000	70000000	nan
chr5	70000000	70250000	nan
chr5	70250000	70500000	nan
chr5	70500000	70750000	nan
chr5	70750000	71000000	nan
chr5	71000000	71250000	nan
chr5	71250000	71500000	nan
chr5	71500000	71750000	0.351672
chr5	71750000	72000000	0.103129
chr5	72000000	72250000	0.610269
chr5	72250000	72500000	0.950716
chr5	72500000	72750000	0.863469
chr5	72750000	73000000	0.896789
chr5	73000000	73250000	1.14793
chr5	73250000	73500000	1.15912
chr5	73500000	73750000	1.04702
chr5	73750000	74000000	0.795955
chr5	74000000	74250000	0.873545
chr5	74250000	74500000	0.828112
chr5	74500000	74750000	0.714864
chr5	74750000	75000000	0.138223
chr5	75000000	75250000	-0.212666
chr5	75250000	75500000	0.223575
chr5	75500000	75750000	0.239882
chr5	75750000	76000000	-0.765137
chr5	76000000	76250000	-0.730305
chr5	76250000	76500000	-0.520932
chr5	76500000	76750000	0.308829
chr5	76750000	77000000	0.72085
chr5	77000000	77250000	0.688329
chr5	77250000	77500000	0.809294
chr5	77500000	77750000	0.282082
chr5	77750000	78000000	0.477377
chr5	78000000	78250000	0.647056
chr5	78250000	78500000	0.810343
chr5	78500000	78750000	1.12326
chr5	78750000	79000000	0.885587
chr5	79000000	79250000	0.462708
chr5	79250000	79500000	0.54371
chr5	79500000	79750000	0.459134
chr5	79750000	80000000	0.160874
chr5	80000000	80250000	0.354283
chr5	80250000	80500000	0.300688
chr5	80500000	80750000	0.251615
chr5	80750000	81000000	0.290544
chr5	81000000	81250000	0.0598628
chr5	81250000	81500000	0.374545
chr5	81500000	81750000	0.763276
chr5	81750000	82000000	0.423421
chr5	82000000	82250000	0.388848
chr5	82250000	82500000	0.156641
chr5	82500000	82750000	-0.434892
chr5	82750000	83000000	-0.428646
chr5	83000000	83250000	0.230058
chr5	83250000	83500000	0.371605
chr5	83500000	83750000	-0.275658
chr5	83750000	84000000	-0.620508
chr5	84000000	84250000	-0.68758
chr5	84250000	84500000	-0.726328
chr5	84500000	84750000	-0.761949
chr5	84750000	85000000	-0.721426
chr5	85000000	85250000	-0.706915
chr5	85250000	85500000	-0.72953
chr5	85500000	85750000	-0.748963
chr5	85750000	86000000	-0.704821
chr5	86000000	86250000	-0.723538
chr5	86250000	86500000	-0.751898
chr5	86500000	86750000	-0.593887
chr5	86750000	87000000	-0.326601
chr5	87000000	87250000	0.483193
chr5	87250000	87500000	0.358719
chr5	87500000	87750000	-0.635754
chr5	87750000	88000000	-0.63517
chr5	88000000	88250000	-0.379942
chr5	88250000	88500000	-0.476091
chr5	88500000	88750000	-0.321537
chr5	88750000	89000000	0.102727
chr5	89000000	89250000	-0.0962233
chr5	89250000	89500000	0.0889749
chr5	89500000	89750000	-0.309449
chr5	89750000	90000000	-0.505606
chr5	90000000	90250000	-0.533375
chr5	90250000	90500000	-0.208085
chr5	90500000	90750000	-0.38966
chr5	90750000	91000000	-0.452634
chr5	91000000	91250000	0.534417
chr5	91250000	91500000	0.368418
chr5	91500000	91750000	-0.704793
chr5	91750000	92000000	-0.645453
chr5	92000000	92250000	-0.51016
chr5	92250000	92500000	0.140038
chr5	92500000	92750000	0.421448
chr5	92750000	93000000	0.458476
chr5	93000000	93250000	0.620156
chr5	93250000	93500000	0.680547
chr5	93500000	93750000	0.326786
chr5	93750000	94000000	0.239019
chr5	94000000	94250000	0.22612
chr5	94250000	94500000	0.0907156
chr5	94500000	94750000	0.0888267
chr5	94750000	95000000	-0.302948
chr5	95000000	95250000	-0.500879
chr5	95250000	95500000	-0.345951
chr5	95500000	95750000	1.043
chr5	95750000	96000000	1.13276
chr5	96000000	96250000	1.20633
chr5	96250000	96500000	0.869262
chr5	96500000	96750000	1.01324
chr5	96750000	97000000	0.895185
chr5	97000000	97250000	0.502596
chr5	97250000	97500000	0.00103363
chr5	97500000	97750000	0.302995
chr5	97750000	98000000	0.443123
chr5	98000000	98250000	0.694694
chr5	98250000	98500000	0.841878
chr5	98500000	98750000	0.892932
chr5	98750000	99000000	0.324238
chr5	99000000	99250000	-0.641648
chr5	99250000	99500000	-0.881453
chr5	99500000	99750000	-0.909187
chr5	99750000	100000000	-0.876767
chr5	100000000	100250000	-0.782568
chr5	100250000	100500000	-0.675969
chr5	100500000	100750000	-0.526964
chr5	100750000	101000000	-0.646649
chr5	101000000	101250000	-0.757016
chr5	101250000	101500000	-0.692323
chr5	101500000	101750000	-0.75574
chr5	101750000	102000000	-0.883928
chr5	102000000	102250000	-0.920988
chr5	102250000	102500000	-0.90886
chr5	102500000	102750000	0.20653
chr5	102750000	103000000	0.855197
chr5	103000000	103250000	0.280338
chr5	103250000	103500000	0.631914
chr5	103500000	103750000	-0.450863
chr5	103750000	104000000	-0.659364
chr5	104000000	104250000	-0.719718
chr5	104250000	104500000	-0.785836
chr5	104500000	104750000	-0.915529
chr5	104750000	105000000	-0.893153
chr5	105000000	105250000	-0.909209
chr5	105250000	105500000	-0.865991
chr5	105500000	105750000	-0.803729
chr5	105750000	106000000	-0.741161
chr5	106000000	106250000	-0.735464
chr5	106250000	106500000	-0.503293
chr5	106500000	106750000	-0.721855
chr5	106750000	107000000	-0.728233
chr5	107000000	107250000	-0.699942
chr5	107250000	107500000	-0.330869
chr5	107500000	107750000	-0.370118
chr5	107750000	108000000	-0.166072
chr5	108000000	108250000	-0.0686298
chr5	108250000	108500000	-0.184027
chr5	108500000	108750000	-0.274717
chr5	108750000	109000000	0.593225
chr5	109000000	109250000	0.152115
chr5	109250000	109500000	0.0557727
chr5	109500000	109750000	-0.362967
chr5	109750000	110000000	0.0788085
chr5	110000000	110250000	-0.618998
chr5	110250000	110500000	-0.721327
chr5	110500000	110750000	-0.548118
chr5	110750000	111000000	-0.201208
chr5	111000000	111250000	-0.0624717
chr5	111250000	111500000	0.0896332
chr5	111500000	111750000	0.738338
chr5	111750000	112000000	0.883622
chr5	112000000	112250000	0.297103
chr5	112250000	112500000	-0.611741
chr5	112500000	112750000	-0.128138
chr5	112750000	113000000	0.596654
chr5	113000000	113250000	0.582223
chr5	113250000	113500000	0.153806
chr5	113500000	113750000	-0.112163
chr5	113750000	114000000	-0.593315
chr5	114000000	114250000	0.0221877
chr5	114250000	114500000	0.171465
chr5	114500000	114750000	-0.782539
chr5	114750000	115000000	-0.84596
chr5	115000000	115250000	-0.445873
chr5	115250000	115500000	0.916696
chr5	115500000	115750000	0.187272
chr5	115750000	116000000	0.145804
chr5	116000000	116250000	-0.0755766
chr5	116250000	116500000	-0.227115
chr5	116500000	116750000	-0.698865
chr5	116750000	117000000	-0.821697
chr5	117000000	117250000	-0.8315
chr5	117250000	117500000	-0.743575
chr5	117500000	117750000	-0.37428
chr5	117750000	118000000	-0.30748
chr5	118000000	118250000	-0.609345
chr5	118250000	118500000	-0.704556
chr5	118500000	118750000	-0.623788
chr5	118750000	119000000	-0.348769
chr5	119000000	119250000	0.575843
chr5	119250000	119500000	0.567597
chr5	119500000	119750000	-0.657424
chr5	119750000	120000000	-0.488349
chr5	120000000	120250000	0.348389
chr5	120250000	120500000	0.628316
chr5	120500000	120750000	0.502805
chr5	120750000	121000000	-0.238112
chr5	121000000	121250000	-0.604298
chr5	121250000	121500000	-0.620378
chr5	121500000	121750000	-0.660072
chr5	121750000	122000000	-0.415806
chr5	122000000	122250000	0.344327
chr5	122250000	122500000	-0.060093
chr5	122500000	122750000	-0.403379
chr5	122750000	123000000	0.366649
chr5	123000000	123250000	-0.0368728
chr5	123250000	123500000	-0.183384
chr5	123500000	123750000	0.14558
chr5	123750000	124000000	0.0715043
chr5	124000000	124250000	-0.235192
chr5	124250000	124500000	-0.124821
chr5	124500000	124750000	0.268289
chr5	124750000	125000000	0.400932
chr5	125000000	125250000	0.565454
chr5	125250000	125500000	0.327365
chr5	125500000	125750000	-0.194042
chr5	125750000	126000000	-0.411112
chr5	126000000	126250000	-0.397135
chr5	126250000	126500000	0.372157
chr5	126500000	126750000	0.365529
chr5	126750000	127000000	0.566746
chr5	127000000	127250000	0.0674994
chr5	127250000	127500000	-0.286832
chr5	127500000	127750000	-0.12338
chr5	127750000	128000000	0.4342
chr5	128000000	128250000	0.366964
chr5	128250000	128500000	0.465794
chr5	128500000	128750000	0.0624465
chr5	128750000	129000000	-0.675895
chr5	129000000	129250000	-0.671473
chr5	129250000	129500000	-0.8159
chr5	129500000	129750000	-0.743806
chr5	129750000	130000000	-0.72304
chr5	130000000	130250000	-0.914567
chr5	130250000	130500000	-1.02788
chr5	130500000	130750000	-0.908247
chr5	130750000	131000000	-0.693707
chr5	131000000	131250000	-0.298443
chr5	131250000	131500000	0.356699
chr5	131500000	131750000	0.601123
chr5	131750000	132000000	-0.157621
chr5	132000000	132250000	0.623393
chr5	132250000	132500000	1.1109
chr5	132500000	132750000	1.17826
chr5	132750000	133000000	1.15279
chr5	133000000	133250000	0.188155
chr5	133250000	133500000	-0.199468
chr5	133500000	133750000	-0.350258
chr5	133750000	134000000	-0.0103179
chr5	134000000	134250000	0.979767
chr5	134250000	134500000	1.24091
chr5	134500000	134750000	1.30192
chr5	134750000	135000000	1.19534
chr5	135000000	135250000	1.00164
chr5	135250000	135500000	0.780417
chr5	135500000	135750000	-0.248972
chr5	135750000	136000000	-0.0292257
chr5	136000000	136250000	0.328367
chr5	136250000	136500000	-0.428448
chr5	136500000	136750000	-0.140617
chr5	136750000	137000000	-0.210922
chr5	137000000	137250000	0.422633
chr5	137250000	137500000	0.621483
chr5	137500000	137750000	0.449466
chr5	137750000	138000000	0.322704
chr5	138000000	138250000	0.807569
chr5	138250000	138500000	1.1797
chr5	138500000	138750000	1.20588
chr5	138750000	139000000	1.26796
chr5	139000000	139250000	1.20853
chr5	139250000	139500000	1.34324
chr5	139500000	139750000	1.25221
chr5	139750000	140000000	0.457681
chr5	140000000	140250000	0.655546
chr5	140250000	140500000	0.996798
chr5	140500000	140750000	0.727711
chr5	140750000	141000000	-1.26304
chr5	141000000	141250000	-1.2368
chr5	141250000	141500000	-0.439559
chr5	141500000	141750000	0.920264
chr5	141750000	142000000	0.927932
chr5	142000000	142250000	1.16662
chr5	142250000	142500000	1.34532
chr5	142500000	142750000	1.16713
chr5	142750000	143000000	1.06973
chr5	143000000	143250000	1.03044
chr5	143250000	143500000	1.07915
chr5	143500000	143750000	1.05748
chr5	143750000	144000000	0.991191
chr5	144000000	144250000	0.674806
chr5	144250000	144500000	-0.404655
chr5	144500000	144750000	-0.530316
chr5	144750000	145000000	-0.555905
chr5	145000000	145250000	-0.226146
chr5	145250000	145500000	0.056709
chr5	145500000	145750000	0.213914
chr5	145750000	146000000	0.0679782
chr5	146000000	146250000	0.255066
chr5	146250000	146500000	-0.152319
chr5	146500000	146750000	-0.452395
chr5	146750000	147000000	-0.627764
chr5	147000000	147250000	-0.617517
chr5	147250000	147500000	0.178988
chr5	147500000	147750000	-0.0514328
chr5	147750000	148000000	-0.714472
chr5	148000000	148250000	-0.89347
chr5	148250000	148500000	-0.499973
chr5	148500000	148750000	-0.514511
chr5	148750000	149000000	0.722113
chr5	149000000	149250000	0.683123
chr5	149250000	149500000	1.19764
chr5	149500000	149750000	1.14179
chr5	149750000	150000000	1.08771
chr5	150000000	150250000	1.41352
chr5	150250000	150500000	1.38932
chr5	150500000	150750000	1.13781
chr5	150750000	151000000	-0.0364138
chr5	151000000	151250000	0.548142
chr5	151250000	151500000	-0.213694
chr5	151500000	151750000	0.164529
chr5	151750000	152000000	-0.369782
chr5	152000000	152250000	-0.752264
chr5	152250000	152500000	-0.81117
chr5	152500000	152750000	-0.637247
chr5	152750000	153000000	-0.769127
chr5	153000000	153250000	-0.657454
chr5	153250000	153500000	-0.345847
chr5	153500000	153750000	0.420622
chr5	153750000	154000000	0.189068
chr5	154000000	154250000	0.351944
chr5	154250000	154500000	0.612646
chr5	154500000	154750000	0.500323
chr5	154750000	155000000	0.581736
chr5	155000000	155250000	-0.570642
chr5	155250000	155500000	-0.78451
chr5	155500000	155750000	-0.717561
chr5	155750000	156000000	-0.679558
chr5	156000000	156250000	-0.698479
chr5	156250000	156500000	-0.188035
chr5	156500000	156750000	-0.409089
chr5	156750000	157000000	-0.613522
chr5	157000000	157250000	-0.45771
chr5	157250000	157500000	0.607995
chr5	157500000	157750000	0.891937
chr5	157750000	158000000	-0.114577
chr5	158000000	158250000	-0.350322
chr5	158250000	158500000	-0.113968
chr5	158500000	158750000	-0.187937
chr5	158750000	159000000	0.0504979
chr5	159000000	159250000	0.308403
chr5	159250000	159500000	0.309709
chr5	159500000	159750000	0.019834
chr5	159750000	160000000	0.567331
chr5	160000000	160250000	0.792857
chr5	160250000	160500000	0.321682
chr5	160500000	160750000	-0.544718
chr5	160750000	161000000	-0.634557
chr5	161000000	161250000	-0.656285
chr5	161250000	161500000	-0.694162
chr5	161500000	161750000	-0.668816
chr5	161750000	162000000	-0.745324
chr5	162000000	162250000	-0.752032
chr5	162250000	162500000	-0.77659
chr5	162500000	162750000	-0.761207
chr5	162750000	163000000	-0.771775
chr5	163000000	163250000	-0.686228
chr5	163250000	163500000	-0.241614
chr5	163500000	163750000	-0.377299
chr5	163750000	164000000	-0.591497
chr5	164000000	164250000	-0.699133
chr5	164250000	164500000	-0.729426
chr5	164500000	164750000	-0.727819
chr5	164750000	165000000	-0.787144
chr5	165000000	165250000	-0.7643
chr5	165250000	165500000	-0.785228
chr5	165500000	165750000	-0.76884
chr5	165750000	166000000	-0.739893
chr5	166000000	166250000	-0.784502
chr5	166250000	166500000	-0.69651
chr5	166500000	166750000	-0.720176
chr5	166750000	167000000	-0.743379
chr5	167000000	167250000	-0.631301
chr5	167250000	167500000	-0.565409
chr5	167500000	167750000	0.140831
chr5	167750000	168000000	0.291095
chr5	168000000	168250000	-0.00856277
chr5	168250000	168500000	0.556095
chr5	168500000	168750000	0.297579
chr5	168750000	169000000	0.14118
chr5	169000000	169250000	0.601991
chr5	169250000	169500000	0.606043
chr5	169500000	169750000	0.553775
chr5	169750000	170000000	0.726895
chr5	170000000	170250000	-0.0849286
chr5	170250000	170500000	-0.319922
chr5	170500000	170750000	-0.304116
chr5	170750000	171000000	-0.129187
chr5	171000000	171250000	-0.0305433
chr5	171250000	171500000	0.349258
chr5	171500000	171750000	0.187652
chr5	171750000	172000000	0.443684
chr5	172000000	172250000	1.15233
chr5	172250000	172500000	0.997984
chr5	172500000	172750000	0.863555
chr5	172750000	173000000	1.39421
chr5	173000000	173250000	0.928478
chr5	173250000	173500000	0.795387
chr5	173500000	173750000	0.306074
chr5	173750000	174000000	0.489978
chr5	174000000	174250000	-0.699916
chr5	174250000	174500000	-0.602018
chr5	174500000	174750000	-0.526029
chr5	174750000	175000000	-0.413003
chr5	175000000	175250000	-0.476859
chr5	175250000	175500000	-0.399139
chr5	175500000	175750000	-0.466348
chr5	175750000	176000000	-0.0639898
chr5	176000000	176250000	-0.408381
chr5	176250000	176500000	0.718312
chr5	176500000	176750000	0.814414
chr5	176750000	177000000	0.713955
chr5	177000000	177250000	1.53427
chr5	177250000	177500000	1.481
chr5	177500000	177750000	0.793068
chr5	177750000	178000000	0.379215
chr5	178000000	178250000	0.423266
chr5	178250000	178500000	-0.719202
chr5	178500000	178750000	-0.634074
chr5	178750000	179000000	-0.851577
chr5	179000000	179250000	0.195888
chr5	179250000	179500000	0.379467
chr5	179500000	179750000	1.17687
chr5	179750000	180000000	0.7242
chr5	180000000	180250000	-0.568579
chr5	180250000	180500000	-0.376393
chr5	180500000	180750000	-0.386567
chr5	180750000	181000000	-0.251189
chr5	181000000	181250000	0.00421116
chr5	181250000	181500000	nan
chr5	181500000	181538259	nan
#bedGraph section chr6:0-170805979
chr6	0	250000	-0.390035
chr6	250000	500000	-0.184478
chr6	500000	750000	0.552599
chr6	750000	1000000	0.699925
chr6	1000000	1250000	1.13665
chr6	1250000	1500000	0.796028
chr6	1500000	1750000	0.702504
chr6	1750000	2000000	0.989179
chr6	2000000	2250000	0.793148
chr6	2250000	2500000	0.484399
chr6	2500000	2750000	0.41966
chr6	2750000	3000000	1.1326
chr6	3000000	3250000	1.21189
chr6	3250000	3500000	0.955735
chr6	3500000	3750000	1.01918
chr6	3750000	4000000	1.16591
chr6	4000000	4250000	0.917922
chr6	4250000	4500000	0.86196
chr6	4500000	4750000	0.909859
chr6	4750000	5000000	0.771282
chr6	5000000	5250000	0.515295
chr6	5250000	5500000	0.20872
chr6	5500000	5750000	0.117785
chr6	5750000	6000000	-0.481594
chr6	6000000	6250000	-0.911678
chr6	6250000	6500000	-0.919596
chr6	6500000	6750000	-0.429882
chr6	6750000	7000000	-0.237551
chr6	7000000	7250000	0.265362
chr6	7250000	7500000	0.229493
chr6	7500000	7750000	0.447151
chr6	7750000	8000000	0.340213
chr6	8000000	8250000	-0.0953052
chr6	8250000	8500000	-0.738864
chr6	8500000	8750000	-0.94647
chr6	8750000	9000000	-0.824059
chr6	9000000	9250000	0.0648278
chr6	9250000	9500000	0.250956
chr6	9500000	9750000	0.195675
chr6	9750000	10000000	0.201293
chr6	10000000	10250000	0.399558
chr6	10250000	10500000	0.243266
chr6	10500000	10750000	-0.306718
chr6	10750000	11000000	0.0265265
chr6	11000000	11250000	0.55727
chr6	11250000	11500000	0.732032
chr6	11500000	11750000	0.511536
chr6	11750000	12000000	0.803999
chr6	12000000	12250000	0.735235
chr6	12250000	12500000	0.508008
chr6	12500000	12750000	0.285269
chr6	12750000	13000000	0.15525
chr6	13000000	13250000	0.189113
chr6	13250000	13500000	0.625102
chr6	13500000	13750000	0.739672
chr6	13750000	14000000	0.684818
chr6	14000000	14250000	0.567441
chr6	14250000	14500000	0.68202
chr6	14500000	14750000	0.727782
chr6	14750000	15000000	0.707951
chr6	15000000	15250000	0.622646
chr6	15250000	15500000	0.726034
chr6	15500000	15750000	0.458484
chr6	15750000	16000000	0.194782
chr6	16000000	16250000	0.359967
chr6	16250000	16500000	0.902153
chr6	16500000	16750000	1.08237
chr6	16750000	17000000	1.11456
chr6	17000000	17250000	0.903552
chr6	17250000	17500000	0.976872
chr6	17500000	17750000	0.980217
chr6	17750000	18000000	1.04899
chr6	18000000	18250000	1.01846
chr6	18250000	18500000	0.356353
chr6	18500000	18750000	-0.532555
chr6	18750000	19000000	-0.691277
chr6	19000000	19250000	-0.636248
chr6	19250000	19500000	-0.363719
chr6	19500000	19750000	-0.253855
chr6	19750000	20000000	-0.252011
chr6	20000000	20250000	-0.223794
chr6	20250000	20500000	0.0304967
chr6	20500000	20750000	0.475908
chr6	20750000	21000000	0.441986
chr6	21000000	21250000	0.28408
chr6	21250000	21500000	-0.175049
chr6	21500000	21750000	0.0892304
chr6	21750000	22000000	0.471105
chr6	22000000	22250000	0.193984
chr6	22250000	22500000	-0.0931681
chr6	22500000	22750000	-0.239994
chr6	22750000	23000000	-0.00332498
chr6	23000000	23250000	-0.0631297
chr6	23250000	23500000	-0.452513
chr6	23500000	23750000	-0.610212
chr6	23750000	24000000	-0.655434
chr6	24000000	24250000	-0.519517
chr6	24250000	24500000	-0.198215
chr6	24500000	24750000	0.00630587
chr6	24750000	25000000	0.862409
chr6	25000000	25250000	0.815312
chr6	25250000	25500000	0.719799
chr6	25500000	25750000	-0.134322
chr6	25750000	26000000	-0.30207
chr6	26000000	26250000	0.889324
chr6	26250000	26500000	0.989348
chr6	26500000	26750000	0.217096
chr6	26750000	27000000	nan
chr6	27000000	27250000	-0.129348
chr6	27250000	27500000	-0.437957
chr6	27500000	27750000	-0.409419
chr6	27750000	28000000	0.113094
chr6	28000000	28250000	-0.0533915
chr6	28250000	28500000	0.0176519
chr6	28500000	28750000	-0.272786
chr6	28750000	29000000	0.106076
chr6	29000000	29250000	-0.586557
chr6	29250000	29500000	-0.783366
chr6	29500000	29750000	-0.134672
chr6	29750000	30000000	0.393999
chr6	30000000	30250000	0.636021
chr6	30250000	30500000	0.591929
chr6	30500000	30750000	0.827337
chr6	30750000	31000000	0.703174
chr6	31000000	31250000	0.557913
chr6	31250000	31500000	0.480145
chr6	31500000	31750000	0.654702
chr6	31750000	32000000	0.644956
chr6	32000000	32250000	0.450933
chr6	32250000	32500000	-0.164883
chr6	32500000	32750000	-0.2221
chr6	32750000	33000000	0.172532
chr6	33000000	33250000	0.314622
chr6	33250000	33500000	0.597467
chr6	33500000	33750000	0.603556
chr6	33750000	34000000	0.572466
chr6	34000000	34250000	0.499131
chr6	34250000	34500000	0.691091
chr6	34500000	34750000	0.660284
chr6	34750000	35000000	0.74319
chr6	35000000	35250000	0.771906
chr6	35250000	35500000	0.793078
chr6	35500000	35750000	0.734972
chr6	35750000	36000000	0.609149
chr6	36000000	36250000	0.688324
chr6	36250000	36500000	0.705562
chr6	36500000	36750000	0.879685
chr6	36750000	37000000	0.96734
chr6	37000000	37250000	1.01694
chr6	37250000	37500000	0.872157
chr6	37500000	37750000	0.815737
chr6	37750000	38000000	0.885237
chr6	38000000	38250000	0.736176
chr6	38250000	38500000	0.792316
chr6	38500000	38750000	0.426991
chr6	38750000	39000000	-0.358106
chr6	39000000	39250000	-0.336027
chr6	39250000	39500000	-0.299975
chr6	39500000	39750000	-0.512724
chr6	39750000	40000000	-0.132352
chr6	40000000	40250000	-0.428099
chr6	40250000	40500000	-0.378772
chr6	40500000	40750000	-0.234904
chr6	40750000	41000000	0.19578
chr6	41000000	41250000	0.0359349
chr6	41250000	41500000	0.230172
chr6	41500000	41750000	0.593826
chr6	41750000	42000000	0.803216
chr6	42000000	42250000	0.905424
chr6	42250000	42500000	1.02305
chr6	42500000	42750000	0.969168
chr6	42750000	43000000	0.885921
chr6	43000000	43250000	0.856701
chr6	43250000	43500000	0.837288
chr6	43500000	43750000	0.82455
chr6	43750000	44000000	0.994535
chr6	44000000	44250000	0.895705
chr6	44250000	44500000	0.753717
chr6	44500000	44750000	0.497322
chr6	44750000	45000000	0.51891
chr6	45000000	45250000	0.563837
chr6	45250000	45500000	0.605268
chr6	45500000	45750000	0.682538
chr6	45750000	46000000	0.241414
chr6	46000000	46250000	-0.266804
chr6	46250000	46500000	-0.125664
chr6	46500000	46750000	-0.303547
chr6	46750000	47000000	-0.265376
chr6	47000000	47250000	0.263038
chr6	47250000	47500000	-0.0623913
chr6	47500000	47750000	-0.0490819
chr6	47750000	48000000	-0.401708
chr6	48000000	48250000	-0.319823
chr6	48250000	48500000	-0.240371
chr6	48500000	48750000	0.0196865
chr6	48750000	49000000	0.223261
chr6	49000000	49250000	-0.150425
chr6	49250000	49500000	0.0161002
chr6	49500000	49750000	-0.346593
chr6	49750000	50000000	-0.5505
chr6	50000000	50250000	-0.592035
chr6	50250000	50500000	-0.655012
chr6	50500000	50750000	-0.580738
chr6	50750000	51000000	-0.47405
chr6	51000000	51250000	-0.623393
chr6	51250000	51500000	-0.616843
chr6	51500000	51750000	-0.642436
chr6	51750000	52000000	-0.491376
chr6	52000000	52250000	-0.352945
chr6	52250000	52500000	0.624358
chr6	52500000	52750000	0.832248
chr6	52750000	53000000	0.573524
chr6	53000000	53250000	0.498619
chr6	53250000	53500000	0.450597
chr6	53500000	53750000	0.0868888
chr6	53750000	54000000	0.386644
chr6	54000000	54250000	0.031715
chr6	54250000	54500000	0.396555
chr6	54500000	54750000	0.141596
chr6	54750000	55000000	0.0535868
chr6	55000000	55250000	-0.238095
chr6	55250000	55500000	-0.422811
chr6	55500000	55750000	-0.366641
chr6	55750000	56000000	-0.0725149
chr6	56000000	56250000	0.249697
chr6	56250000	56500000	0.700833
chr6	56500000	56750000	1.04022
chr6	56750000	57000000	1.16594
chr6	57000000	57250000	1.10568
chr6	57250000	57500000	0.908273
chr6	57500000	57750000	0.265388
chr6	57750000	58000000	nan
chr6	58000000	58250000	-0.469088
chr6	58250000	58500000	-0.626937
chr6	58500000	58750000	nan
chr6	58750000	59000000	nan
chr6	59000000	59250000	nan
chr6	59250000	59500000	nan
chr6	59500000	59750000	nan
chr6	59750000	60000000	nan
chr6	60000000	60250000	nan
chr6	60250000	60500000	nan
chr6	60500000	60750000	-1.00832
chr6	60750000	61000000	-0.927947
chr6	61000000	61250000	-0.984128
chr6	61250000	61500000	nan
chr6	61500000	61750000	-0.90854
chr6	61750000	62000000	-0.897697
chr6	62000000	62250000	-0.877189
chr6	62250000	62500000	-0.880533
chr6	62500000	62750000	-0.781496
chr6	62750000	63000000	-0.768363
chr6	63000000	63250000	-0.743453
chr6	63250000	63500000	-0.482487
chr6	63500000	63750000	0.253519
chr6	63750000	64000000	-0.404036
chr6	64000000	64250000	-0.76032
chr6	64250000	64500000	-0.762901
chr6	64500000	64750000	-0.771815
chr6	64750000	65000000	-0.763264
chr6	65000000	65250000	-0.751109
chr6	65250000	65500000	-0.783488
chr6	65500000	65750000	-0.740514
chr6	65750000	66000000	-0.712456
chr6	66000000	66250000	-0.60445
chr6	66250000	66500000	-0.536805
chr6	66500000	66750000	-0.555904
chr6	66750000	67000000	-0.648611
chr6	67000000	67250000	-0.660536
chr6	67250000	67500000	-0.718139
chr6	67500000	67750000	-0.65835
chr6	67750000	68000000	-0.693692
chr6	68000000	68250000	-0.767
chr6	68250000	68500000	-0.806638
chr6	68500000	68750000	-0.807343
chr6	68750000	69000000	-0.790973
chr6	69000000	69250000	-0.800215
chr6	69250000	69500000	-0.831092
chr6	69500000	69750000	-0.46329
chr6	69750000	70000000	-0.495047
chr6	70000000	70250000	-0.753007
chr6	70250000	70500000	-0.41329
chr6	70500000	70750000	-0.158979
chr6	70750000	71000000	-0.222962
chr6	71000000	71250000	-0.161543
chr6	71250000	71500000	0.462253
chr6	71500000	71750000	-0.363265
chr6	71750000	72000000	-0.50462
chr6	72000000	72250000	-0.312842
chr6	72250000	72500000	0.415757
chr6	72500000	72750000	0.664163
chr6	72750000	73000000	0.863839
chr6	73000000	73250000	0.743649
chr6	73250000	73500000	0.789187
chr6	73500000	73750000	0.997988
chr6	73750000	74000000	0.589221
chr6	74000000	74250000	0.317338
chr6	74250000	74500000	0.413498
chr6	74500000	74750000	0.658482
chr6	74750000	75000000	0.564045
chr6	75000000	75250000	0.675432
chr6	75250000	75500000	1.0686
chr6	75500000	75750000	0.967565
chr6	75750000	76000000	0.00686859
chr6	76000000	76250000	-0.746986
chr6	76250000	76500000	-0.848153
chr6	76500000	76750000	-0.674252
chr6	76750000	77000000	-0.482231
chr6	77000000	77250000	-0.1535
chr6	77250000	77500000	-0.040119
chr6	77500000	77750000	-0.629773
chr6	77750000	78000000	-0.725283
chr6	78000000	78250000	-0.7361
chr6	78250000	78500000	-0.598283
chr6	78500000	78750000	-0.37458
chr6	78750000	79000000	-0.207285
chr6	79000000	79250000	-0.161006
chr6	79250000	79500000	-0.561078
chr6	79500000	79750000	-0.218791
chr6	79750000	80000000	-0.248385
chr6	80000000	80250000	0.245694
chr6	80250000	80500000	0.569595
chr6	80500000	80750000	0.541775
chr6	80750000	81000000	0.169775
chr6	81000000	81250000	0.216427
chr6	81250000	81500000	0.36836
chr6	81500000	81750000	0.550482
chr6	81750000	82000000	0.83582
chr6	82000000	82250000	0.666259
chr6	82250000	82500000	0.299487
chr6	82500000	82750000	0.101173
chr6	82750000	83000000	0.397068
chr6	83000000	83250000	0.377065
chr6	83250000	83500000	0.0506073
chr6	83500000	83750000	-0.537006
chr6	83750000	84000000	-0.372052
chr6	84000000	84250000	-0.210098
chr6	84250000	84500000	-0.24484
chr6	84500000	84750000	0.434328
chr6	84750000	85000000	-0.370905
chr6	85000000	85250000	-0.56264
chr6	85250000	85500000	0.245476
chr6	85500000	85750000	0.259548
chr6	85750000	86000000	-0.65619
chr6	86000000	86250000	-0.861048
chr6	86250000	86500000	-0.917749
chr6	86500000	86750000	-0.901915
chr6	86750000	87000000	-0.783199
chr6	87000000	87250000	-0.0379825
chr6	87250000	87500000	-0.0284769
chr6	87500000	87750000	0.834159
chr6	87750000	88000000	0.0050885
chr6	88000000	88250000	-0.530712
chr6	88250000	88500000	-0.374244
chr6	88500000	88750000	-0.281608
chr6	88750000	89000000	0.182838
chr6	89000000	89250000	-0.0431041
chr6	89250000	89500000	-0.115808
chr6	89500000	89750000	-0.0464573
chr6	89750000	90000000	0.264447
chr6	90000000	90250000	0.509287
chr6	90250000	90500000	0.135667
chr6	90500000	90750000	-0.499065
chr6	90750000	91000000	-0.901484
chr6	91000000	91250000	-0.965836
chr6	91250000	91500000	-0.92817
chr6	91500000	91750000	-0.910293
chr6	91750000	92000000	-0.902019
chr6	92000000	92250000	-0.899156
chr6	92250000	92500000	-0.897303
chr6	92500000	92750000	-0.927283
chr6	92750000	93000000	-0.904437
chr6	93000000	93250000	-0.88738
chr6	93250000	93500000	-0.822544
chr6	93500000	93750000	-0.925502
chr6	93750000	94000000	-0.917674
chr6	94000000	94250000	-0.912469
chr6	94250000	94500000	-0.949803
chr6	94500000	94750000	-0.913011
chr6	94750000	95000000	-0.946476
chr6	95000000	95250000	-0.913994
chr6	95250000	95500000	-0.78985
chr6	95500000	95750000	-0.660425
chr6	95750000	96000000	-0.85461
chr6	96000000	96250000	-0.895346
chr6	96250000	96500000	-0.869009
chr6	96500000	96750000	-0.634357
chr6	96750000	97000000	-0.551325
chr6	97000000	97250000	-0.3436
chr6	97250000	97500000	-0.088104
chr6	97500000	97750000	-0.773175
chr6	97750000	98000000	-0.886097
chr6	98000000	98250000	-0.883969
chr6	98250000	98500000	-0.870562
chr6	98500000	98750000	-0.844889
chr6	98750000	99000000	-0.366911
chr6	99000000	99250000	-0.700036
chr6	99250000	99500000	-0.123944
chr6	99500000	99750000	-0.360816
chr6	99750000	100000000	-0.511471
chr6	100000000	100250000	0.346472
chr6	100250000	100500000	1.00274
chr6	100500000	100750000	0.479971
chr6	100750000	101000000	-0.073491
chr6	101000000	101250000	-0.208173
chr6	101250000	101500000	0.0274524
chr6	101500000	101750000	0.378082
chr6	101750000	102000000	0.101894
chr6	102000000	102250000	-0.486614
chr6	102250000	102500000	-0.713724
chr6	102500000	102750000	-0.613336
chr6	102750000	103000000	-0.70749
chr6	103000000	103250000	-0.770716
chr6	103250000	103500000	-0.865381
chr6	103500000	103750000	-0.911667
chr6	103750000	104000000	-0.969924
chr6	104000000	104250000	-1.07015
chr6	104250000	104500000	-1.00856
chr6	104500000	104750000	-0.651367
chr6	104750000	105000000	-0.29468
chr6	105000000	105250000	0.297336
chr6	105250000	105500000	0.53326
chr6	105500000	105750000	0.883119
chr6	105750000	106000000	1.07658
chr6	106000000	106250000	0.920576
chr6	106250000	106500000	0.201153
chr6	106500000	106750000	-0.0823408
chr6	106750000	107000000	-0.442264
chr6	107000000	107250000	0.0167286
chr6	107250000	107500000	0.316224
chr6	107500000	107750000	-0.20613
chr6	107750000	108000000	0.108652
chr6	108000000	108250000	0.504585
chr6	108250000	108500000	0.563084
chr6	108500000	108750000	0.935714
chr6	108750000	109000000	0.887008
chr6	109000000	109250000	0.630217
chr6	109250000	109500000	0.449801
chr6	109500000	109750000	-0.168361
chr6	109750000	110000000	-0.179041
chr6	110000000	110250000	-0.0342174
chr6	110250000	110500000	-0.0107021
chr6	110500000	110750000	0.739995
chr6	110750000	111000000	0.812326
chr6	111000000	111250000	0.236426
chr6	111250000	111500000	1.07342
chr6	111500000	111750000	1.17154
chr6	111750000	112000000	1.21079
chr6	112000000	112250000	1.04598
chr6	112250000	112500000	0.958558
chr6	112500000	112750000	0.941947
chr6	112750000	113000000	0.855975
chr6	113000000	113250000	0.928767
chr6	113250000	113500000	0.974558
chr6	113500000	113750000	0.999497
chr6	113750000	114000000	0.67169
chr6	114000000	114250000	-0.571055
chr6	114250000	114500000	-0.916539
chr6	114500000	114750000	-0.955893
chr6	114750000	115000000	-0.830435
chr6	115000000	115250000	-0.805631
chr6	115250000	115500000	-0.617718
chr6	115500000	115750000	-0.255428
chr6	115750000	116000000	-0.579897
chr6	116000000	116250000	0.193667
chr6	116250000	116500000	0.937337
chr6	116500000	116750000	0.535078
chr6	116750000	117000000	-0.743441
chr6	117000000	117250000	-1.01844
chr6	117250000	117500000	-0.288051
chr6	117500000	117750000	-0.240205
chr6	117750000	118000000	-0.89614
chr6	118000000	118250000	-0.969527
chr6	118250000	118500000	-0.0739501
chr6	118500000	118750000	0.308432
chr6	118750000	119000000	0.0253196
chr6	119000000	119250000	-0.272613
chr6	119250000	119500000	-0.313755
chr6	119500000	119750000	-0.277448
chr6	119750000	120000000	-0.651003
chr6	120000000	120250000	-0.732732
chr6	120250000	120500000	-0.748996
chr6	120500000	120750000	-0.823287
chr6	120750000	121000000	-0.797436
chr6	121000000	121250000	-0.44252
chr6	121250000	121500000	-0.0587677
chr6	121500000	121750000	0.689613
chr6	121750000	122000000	0.590116
chr6	122000000	122250000	-0.325274
chr6	122250000	122500000	-0.568442
chr6	122500000	122750000	-0.849517
chr6	122750000	123000000	-0.705938
chr6	123000000	123250000	-1.12865
chr6	123250000	123500000	-1.11268
chr6	123500000	123750000	-1.19547
chr6	123750000	124000000	-1.06975
chr6	124000000	124250000	-1.10225
chr6	124250000	124500000	-1.1083
chr6	124500000	124750000	-1.06474
chr6	124750000	125000000	-0.198398
chr6	125000000	125250000	0.202773
chr6	125250000	125500000	-0.433297
chr6	125500000	125750000	-0.681418
chr6	125750000	126000000	0.507087
chr6	126000000	126250000	-0.0899658
chr6	126250000	126500000	-0.494579
chr6	126500000	126750000	-0.370409
chr6	126750000	127000000	-0.387937
chr6	127000000	127250000	-0.397135
chr6	127250000	127500000	0.267084
chr6	127500000	127750000	-0.264153
chr6	127750000	128000000	0.207556
chr6	128000000	128250000	0.5123
chr6	128250000	128500000	0.605298
chr6	128500000	128750000	0.57352
chr6	128750000	129000000	0.386301
chr6	129000000	129250000	0.540664
chr6	129250000	129500000	0.486144
chr6	129500000	129750000	0.828856
chr6	129750000	130000000	0.460824
chr6	130000000	130250000	0.220172
chr6	130250000	130500000	0.529938
chr6	130500000	130750000	0.568208
chr6	130750000	131000000	0.481111
chr6	131000000	131250000	0.407578
chr6	131250000	131500000	-0.291221
chr6	131500000	131750000	0.270009
chr6	131750000	132000000	0.892928
chr6	132000000	132250000	0.932391
chr6	132250000	132500000	0.516025
chr6	132500000	132750000	-0.480514
chr6	132750000	133000000	-0.632061
chr6	133000000	133250000	-0.847146
chr6	133250000	133500000	-0.79476
chr6	133500000	133750000	-0.168565
chr6	133750000	134000000	0.0027441
chr6	134000000	134250000	0.480877
chr6	134250000	134500000	1.08784
chr6	134500000	134750000	1.07127
chr6	134750000	135000000	0.720024
chr6	135000000	135250000	0.416655
chr6	135250000	135500000	0.53022
chr6	135500000	135750000	0.334436
chr6	135750000	136000000	0.678547
chr6	136000000	136250000	0.643912
chr6	136250000	136500000	0.0432199
chr6	136500000	136750000	0.296464
chr6	136750000	137000000	-0.103956
chr6	137000000	137250000	-0.451968
chr6	137250000	137500000	-0.451492
chr6	137500000	137750000	-0.379543
chr6	137750000	138000000	0.252995
chr6	138000000	138250000	-0.347425
chr6	138250000	138500000	-0.0715788
chr6	138500000	138750000	0.35978
chr6	138750000	139000000	0.47412
chr6	139000000	139250000	0.570154
chr6	139250000	139500000	0.782419
chr6	139500000	139750000	0.875783
chr6	139750000	140000000	0.789643
chr6	140000000	140250000	0.74307
chr6	140250000	140500000	0.73908
chr6	140500000	140750000	0.715873
chr6	140750000	141000000	0.66228
chr6	141000000	141250000	0.697267
chr6	141250000	141500000	0.75938
chr6	141500000	141750000	0.420838
chr6	141750000	142000000	0.0735561
chr6	142000000	142250000	0.468658
chr6	142250000	142500000	0.622066
chr6	142500000	142750000	0.186499
chr6	142750000	143000000	0.791629
chr6	143000000	143250000	0.620588
chr6	143250000	143500000	0.474676
chr6	143500000	143750000	0.75202
chr6	143750000	144000000	0.589886
chr6	144000000	144250000	0.650244
chr6	144250000	144500000	0.929529
chr6	144500000	144750000	0.519841
chr6	144750000	145000000	0.573485
chr6	145000000	145250000	0.184869
chr6	145250000	145500000	-0.634852
chr6	145500000	145750000	-0.370968
chr6	145750000	146000000	-0.1116
chr6	146000000	146250000	-1.05421
chr6	146250000	146500000	-0.919952
chr6	146500000	146750000	-0.726182
chr6	146750000	147000000	0.0919632
chr6	147000000	147250000	0.534933
chr6	147250000	147500000	-0.149042
chr6	147500000	147750000	-0.566615
chr6	147750000	148000000	-0.66321
chr6	148000000	148250000	-0.329401
chr6	148250000	148500000	0.763677
chr6	148500000	148750000	0.965363
chr6	148750000	149000000	1.06531
chr6	149000000	149250000	0.884865
chr6	149250000	149500000	1.02458
chr6	149500000	149750000	1.23346
chr6	149750000	150000000	0.975742
chr6	150000000	150250000	0.468325
chr6	150250000	150500000	-0.0511285
chr6	150500000	150750000	-0.480465
chr6	150750000	151000000	0.287679
chr6	151000000	151250000	0.440502
chr6	151250000	151500000	0.377411
chr6	151500000	151750000	-0.890536
chr6	151750000	152000000	-0.832219
chr6	152000000	152250000	-0.0797138
chr6	152250000	152500000	0.372392
chr6	152500000	152750000	0.00155055
chr6	152750000	153000000	-0.700884
chr6	153000000	153250000	-0.248386
chr6	153250000	153500000	-1.06068
chr6	153500000	153750000	-1.16306
chr6	153750000	154000000	-1.23548
chr6	154000000	154250000	-0.984725
chr6	154250000	154500000	-0.0827296
chr6	154500000	154750000	-0.129396
chr6	154750000	155000000	0.693675
chr6	155000000	155250000	0.905684
chr6	155250000	155500000	0.350443
chr6	155500000	155750000	-0.195751
chr6	155750000	156000000	-0.290687
chr6	156000000	156250000	-0.733549
chr6	156250000	156500000	-0.836083
chr6	156500000	156750000	-0.545566
chr6	156750000	157000000	0.447063
chr6	157000000	157250000	0.592537
chr6	157250000	157500000	0.881317
chr6	157500000	157750000	1.09832
chr6	157750000	158000000	1.38867
chr6	158000000	158250000	1.27419
chr6	158250000	158500000	1.32305
chr6	158500000	158750000	1.11981
chr6	158750000	159000000	0.836162
chr6	159000000	159250000	-0.242956
chr6	159250000	159500000	-0.752422
chr6	159500000	159750000	-0.17989
chr6	159750000	160000000	0.293003
chr6	160000000	160250000	-0.273015
chr6	160250000	160500000	-0.89949
chr6	160500000	160750000	-0.911709
chr6	160750000	161000000	-0.606941
chr6	161000000	161250000	0.1986
chr6	161250000	161500000	-0.474242
chr6	161500000	161750000	-0.836017
chr6	161750000	162000000	-0.885066
chr6	162000000	162250000	-0.883773
chr6	162250000	162500000	-0.886606
chr6	162500000	162750000	-0.74806
chr6	162750000	163000000	-0.272268
chr6	163000000	163250000	-0.57188
chr6	163250000	163500000	-0.246412
chr6	163500000	163750000	-0.0723947
chr6	163750000	164000000	-0.201456
chr6	164000000	164250000	-0.637744
chr6	164250000	164500000	-0.792399
chr6	164500000	164750000	-0.878257
chr6	164750000	165000000	-0.76987
chr6	165000000	165250000	-0.967182
chr6	165250000	165500000	-1.12696
chr6	165500000	165750000	-1.08168
chr6	165750000	166000000	-0.979089
chr6	166000000	166250000	-1.04879
chr6	166250000	166500000	-0.328509
chr6	166500000	166750000	0.141913
chr6	166750000	167000000	-0.638397
chr6	167000000	167250000	-0.691224
chr6	167250000	167500000	-0.655786
chr6	167500000	167750000	-0.685348
chr6	167750000	168000000	-0.21722
chr6	168000000	168250000	-0.507463
chr6	168250000	168500000	-0.74283
chr6	168500000	168750000	-0.825917
chr6	168750000	169000000	-0.204841
chr6	169000000	169250000	0.981469
chr6	169250000	169500000	0.898451
chr6	169500000	169750000	0.650726
chr6	169750000	170000000	-0.66236
chr6	170000000	170250000	-0.936537
chr6	170250000	170500000	0.0902373
chr6	170500000	170750000	-0.219879
chr6	170750000	170805979	nan
#bedGraph section chr7:0-159345973
chr7	0	250000	0.884112
chr7	250000	500000	0.7823
chr7	500000	750000	0.922581
chr7	750000	1000000	1.06172
chr7	1000000	1250000	1.21352
chr7	1250000	1500000	1.11524
chr7	1500000	1750000	1.16976
chr7	1750000	2000000	1.30999
chr7	2000000	2250000	1.28368
chr7	2250000	2500000	1.21606
chr7	2500000	2750000	1.01661
chr7	2750000	3000000	-0.0271355
chr7	3000000	3250000	-0.687528
chr7	3250000	3500000	-0.755909
chr7	3500000	3750000	-0.858482
chr7	3750000	4000000	-0.783964
chr7	4000000	4250000	-0.759991
chr7	4250000	4500000	-0.795553
chr7	4500000	4750000	-0.116691
chr7	4750000	5000000	0.294533
chr7	5000000	5250000	0.327847
chr7	5250000	5500000	1.21822
chr7	5500000	5750000	1.3575
chr7	5750000	6000000	1.11458
chr7	6000000	6250000	1.43331
chr7	6250000	6500000	1.28329
chr7	6500000	6750000	0.287365
chr7	6750000	7000000	-0.207471
chr7	7000000	7250000	-0.163186
chr7	7250000	7500000	-0.12557
chr7	7500000	7750000	0.415859
chr7	7750000	8000000	0.523547
chr7	8000000	8250000	-0.180988
chr7	8250000	8500000	-0.738227
chr7	8500000	8750000	-0.756934
chr7	8750000	9000000	-0.736868
chr7	9000000	9250000	-0.736764
chr7	9250000	9500000	-0.719688
chr7	9500000	9750000	-0.60145
chr7	9750000	10000000	-0.604819
chr7	10000000	10250000	-0.641379
chr7	10250000	10500000	-0.604188
chr7	10500000	10750000	-0.651303
chr7	10750000	11000000	-0.352
chr7	11000000	11250000	0.115915
chr7	11250000	11500000	-0.518732
chr7	11500000	11750000	-0.641922
chr7	11750000	12000000	-0.647641
chr7	12000000	12250000	-0.560876
chr7	12250000	12500000	-0.483251
chr7	12500000	12750000	0.080514
chr7	12750000	13000000	0.0655106
chr7	13000000	13250000	0.2199
chr7	13250000	13500000	-0.281857
chr7	13500000	13750000	-0.101511
chr7	13750000	14000000	0.388096
chr7	14000000	14250000	-0.291035
chr7	14250000	14500000	-0.191801
chr7	14500000	14750000	-0.151895
chr7	14750000	15000000	0.279314
chr7	15000000	15250000	0.218098
chr7	15250000	15500000	0.275262
chr7	15500000	15750000	0.274921
chr7	15750000	16000000	0.409218
chr7	16000000	16250000	0.39824
chr7	16250000	16500000	0.411509
chr7	16500000	16750000	0.619215
chr7	16750000	17000000	0.764916
chr7	17000000	17250000	0.880763
chr7	17250000	17500000	0.920497
chr7	17500000	17750000	0.581052
chr7	17750000	18000000	0.222925
chr7	18000000	18250000	-0.263006
chr7	18250000	18500000	0.174226
chr7	18500000	18750000	0.322017
chr7	18750000	19000000	0.555601
chr7	19000000	19250000	0.0994506
chr7	19250000	19500000	-0.168407
chr7	19500000	19750000	-0.413717
chr7	19750000	20000000	-0.52461
chr7	20000000	20250000	-0.418371
chr7	20250000	20500000	-0.276586
chr7	20500000	20750000	-0.487744
chr7	20750000	21000000	-0.551775
chr7	21000000	21250000	-0.561394
chr7	21250000	21500000	-0.379816
chr7	21500000	21750000	-0.452471
chr7	21750000	22000000	-0.0580456
chr7	22000000	22250000	-0.0984062
chr7	22250000	22500000	-0.079584
chr7	22500000	22750000	0.863664
chr7	22750000	23000000	0.969156
chr7	23000000	23250000	0.776271
chr7	23250000	23500000	0.79095
chr7	23500000	23750000	0.01144
chr7	23750000	24000000	-0.454764
chr7	24000000	24250000	-0.506159
chr7	24250000	24500000	-0.454605
chr7	24500000	24750000	0.0612055
chr7	24750000	25000000	0.823735
chr7	25000000	25250000	0.172444
chr7	25250000	25500000	-0.467686
chr7	25500000	25750000	-0.502903
chr7	25750000	26000000	-0.343033
chr7	26000000	26250000	-0.147572
chr7	26250000	26500000	-0.390581
chr7	26500000	26750000	-0.345054
chr7	26750000	27000000	-0.11844
chr7	27000000	27250000	0.225712
chr7	27250000	27500000	0.208859
chr7	27500000	27750000	0.619426
chr7	27750000	28000000	0.630402
chr7	28000000	28250000	0.57321
chr7	28250000	28500000	0.29654
chr7	28500000	28750000	0.363536
chr7	28750000	29000000	0.185483
chr7	29000000	29250000	-0.247496
chr7	29250000	29500000	-0.20449
chr7	29500000	29750000	0.0139399
chr7	29750000	30000000	0.11641
chr7	30000000	30250000	0.457984
chr7	30250000	30500000	0.554398
chr7	30500000	30750000	0.415067
chr7	30750000	31000000	0.300853
chr7	31000000	31250000	-0.279112
chr7	31250000	31500000	-0.535269
chr7	31500000	31750000	-0.453348
chr7	31750000	32000000	-0.134802
chr7	32000000	32250000	-0.24315
chr7	32250000	32500000	-0.385791
chr7	32500000	32750000	0.481589
chr7	32750000	33000000	0.922683
chr7	33000000	33250000	0.640198
chr7	33250000	33500000	0.269724
chr7	33500000	33750000	0.443712
chr7	33750000	34000000	0.634178
chr7	34000000	34250000	0.394111
chr7	34250000	34500000	-0.187096
chr7	34500000	34750000	-0.459972
chr7	34750000	35000000	-0.26609
chr7	35000000	35250000	-0.0871915
chr7	35250000	35500000	-0.420734
chr7	35500000	35750000	0.112959
chr7	35750000	36000000	0.55645
chr7	36000000	36250000	0.779467
chr7	36250000	36500000	0.457897
chr7	36500000	36750000	-0.291651
chr7	36750000	37000000	-0.47164
chr7	37000000	37250000	-0.366947
chr7	37250000	37500000	-0.649544
chr7	37500000	37750000	-0.741292
chr7	37750000	38000000	-0.677785
chr7	38000000	38250000	-0.307287
chr7	38250000	38500000	-0.110245
chr7	38500000	38750000	-0.0952889
chr7	38750000	39000000	-0.00624013
chr7	39000000	39250000	-0.433275
chr7	39250000	39500000	-0.344329
chr7	39500000	39750000	0.531736
chr7	39750000	40000000	0.48713
chr7	40000000	40250000	0.593536
chr7	40250000	40500000	0.491943
chr7	40500000	40750000	0.617403
chr7	40750000	41000000	0.609179
chr7	41000000	41250000	0.747071
chr7	41250000	41500000	0.743161
chr7	41500000	41750000	0.599201
chr7	41750000	42000000	0.501822
chr7	42000000	42250000	0.512944
chr7	42250000	42500000	0.186562
chr7	42500000	42750000	-0.0174813
chr7	42750000	43000000	0.234442
chr7	43000000	43250000	0.465991
chr7	43250000	43500000	0.462201
chr7	43500000	43750000	0.819808
chr7	43750000	44000000	0.959923
chr7	44000000	44250000	1.08967
chr7	44250000	44500000	0.977086
chr7	44500000	44750000	0.918022
chr7	44750000	45000000	0.872901
chr7	45000000	45250000	0.384584
chr7	45250000	45500000	-0.138458
chr7	45500000	45750000	0.125847
chr7	45750000	46000000	0.57066
chr7	46000000	46250000	0.774049
chr7	46250000	46500000	0.714721
chr7	46500000	46750000	0.814203
chr7	46750000	47000000	0.803807
chr7	47000000	47250000	0.649272
chr7	47250000	47500000	0.789748
chr7	47500000	47750000	0.993869
chr7	47750000	48000000	0.690055
chr7	48000000	48250000	0.259929
chr7	48250000	48500000	-0.281438
chr7	48500000	48750000	-0.496247
chr7	48750000	49000000	-0.528338
chr7	49000000	49250000	-0.488212
chr7	49250000	49500000	-0.496746
chr7	49500000	49750000	-0.569917
chr7	49750000	50000000	-0.530893
chr7	50000000	50250000	-0.410076
chr7	50250000	50500000	-0.232767
chr7	50500000	50750000	0.298197
chr7	50750000	51000000	0.317599
chr7	51000000	51250000	0.0915392
chr7	51250000	51500000	-0.491619
chr7	51500000	51750000	-0.601154
chr7	51750000	52000000	-0.629904
chr7	52000000	52250000	-0.622693
chr7	52250000	52500000	-0.572514
chr7	52500000	52750000	-0.541481
chr7	52750000	53000000	-0.521512
chr7	53000000	53250000	-0.543206
chr7	53250000	53500000	-0.571917
chr7	53500000	53750000	-0.578616
chr7	53750000	54000000	-0.571753
chr7	54000000	54250000	-0.605696
chr7	54250000	54500000	-0.588778
chr7	54500000	54750000	-0.417629
chr7	54750000	55000000	0.738253
chr7	55000000	55250000	0.918716
chr7	55250000	55500000	0.587025
chr7	55500000	55750000	0.467889
chr7	55750000	56000000	-0.0821495
chr7	56000000	56250000	-0.128533
chr7	56250000	56500000	-0.611053
chr7	56500000	56750000	-0.657756
chr7	56750000	57000000	nan
chr7	57000000	57250000	-0.627203
chr7	57250000	57500000	-0.624462
chr7	57500000	57750000	-0.651866
chr7	57750000	58000000	-0.715082
chr7	58000000	58250000	nan
chr7	58250000	58500000	nan
chr7	58500000	58750000	nan
chr7	58750000	59000000	nan
chr7	59000000	59250000	nan
chr7	59250000	59500000	nan
chr7	59500000	59750000	nan
chr7	59750000	60000000	nan
chr7	60000000	60250000	nan
chr7	60250000	60500000	nan
chr7	60500000	60750000	nan
chr7	60750000	61000000	nan
chr7	61000000	61250000	nan
chr7	61250000	61500000	nan
chr7	61500000	61750000	nan
chr7	61750000	62000000	nan
chr7	62000000	62250000	nan
chr7	62250000	62500000	-0.73142
chr7	62500000	62750000	-1.30663
chr7	62750000	63000000	-1.41823
chr7	63000000	63250000	-1.15636
chr7	63250000	63500000	nan
chr7	63500000	63750000	nan
chr7	63750000	64000000	-1.05858
chr7	64000000	64250000	-1.05648
chr7	64250000	64500000	-0.834807
chr7	64500000	64750000	-0.671943
chr7	64750000	65000000	-0.678365
chr7	65000000	65250000	-0.486092
chr7	65250000	65500000	-0.534827
chr7	65500000	65750000	nan
chr7	65750000	66000000	0.385425
chr7	66000000	66250000	1.00601
chr7	66250000	66500000	1.04291
chr7	66500000	66750000	1.10727
chr7	66750000	67000000	1.04927
chr7	67000000	67250000	0.431216
chr7	67250000	67500000	-0.501582
chr7	67500000	67750000	-0.892845
chr7	67750000	68000000	-0.866548
chr7	68000000	68250000	-0.917956
chr7	68250000	68500000	-0.832315
chr7	68500000	68750000	-0.754196
chr7	68750000	69000000	-0.750421
chr7	69000000	69250000	-0.75133
chr7	69250000	69500000	-0.757677
chr7	69500000	69750000	-0.767605
chr7	69750000	70000000	-0.832578
chr7	70000000	70250000	-0.914282
chr7	70250000	70500000	-0.867218
chr7	70500000	70750000	-0.675174
chr7	70750000	71000000	-0.869643
chr7	71000000	71250000	-1.12619
chr7	71250000	71500000	-1.08529
chr7	71500000	71750000	-0.948314
chr7	71750000	72000000	-1.02474
chr7	72000000	72250000	-1.04613
chr7	72250000	72500000	-1.00512
chr7	72500000	72750000	-0.394943
chr7	72750000	73000000	0.466638
chr7	73000000	73250000	nan
chr7	73250000	73500000	0.885795
chr7	73500000	73750000	1.12158
chr7	73750000	74000000	1.09186
chr7	74000000	74250000	1.08135
chr7	74250000	74500000	1.0885
chr7	74500000	74750000	1.02621
chr7	74750000	75000000	nan
chr7	75000000	75250000	nan
chr7	75250000	75500000	nan
chr7	75500000	75750000	0.964924
chr7	75750000	76000000	1.08823
chr7	76000000	76250000	0.828125
chr7	76250000	76500000	0.798942
chr7	76500000	76750000	0.262191
chr7	76750000	77000000	-0.236983
chr7	77000000	77250000	0.135382
chr7	77250000	77500000	0.408998
chr7	77500000	77750000	0.752772
chr7	77750000	78000000	0.704584
chr7	78000000	78250000	0.543129
chr7	78250000	78500000	0.546804
chr7	78500000	78750000	0.480349
chr7	78750000	79000000	0.484279
chr7	79000000	79250000	0.507776
chr7	79250000	79500000	0.668135
chr7	79500000	79750000	0.598642
chr7	79750000	80000000	0.644176
chr7	80000000	80250000	0.750968
chr7	80250000	80500000	0.742302
chr7	80500000	80750000	0.698601
chr7	80750000	81000000	0.727992
chr7	81000000	81250000	0.798732
chr7	81250000	81500000	0.652008
chr7	81500000	81750000	0.650597
chr7	81750000	82000000	0.498207
chr7	82000000	82250000	0.367287
chr7	82250000	82500000	0.460875
chr7	82500000	82750000	0.17228
chr7	82750000	83000000	-0.430457
chr7	83000000	83250000	-0.732694
chr7	83250000	83500000	-0.601115
chr7	83500000	83750000	-0.515618
chr7	83750000	84000000	-0.435792
chr7	84000000	84250000	0.567556
chr7	84250000	84500000	0.539532
chr7	84500000	84750000	0.459315
chr7	84750000	85000000	0.306362
chr7	85000000	85250000	0.217214
chr7	85250000	85500000	-0.155884
chr7	85500000	85750000	-0.0601203
chr7	85750000	86000000	-0.504272
chr7	86000000	86250000	-0.997806
chr7	86250000	86500000	-1.00928
chr7	86500000	86750000	-1.00754
chr7	86750000	87000000	-0.728956
chr7	87000000	87250000	-0.214178
chr7	87250000	87500000	-0.188779
chr7	87500000	87750000	-0.595905
chr7	87750000	88000000	-0.364077
chr7	88000000	88250000	-0.517516
chr7	88250000	88500000	-0.834678
chr7	88500000	88750000	-0.923325
chr7	88750000	89000000	-0.879636
chr7	89000000	89250000	-0.906929
chr7	89250000	89500000	-0.947202
chr7	89500000	89750000	-0.958664
chr7	89750000	90000000	-0.939773
chr7	90000000	90250000	-0.293701
chr7	90250000	90500000	0.028117
chr7	90500000	90750000	0.307894
chr7	90750000	91000000	0.289317
chr7	91000000	91250000	0.178731
chr7	91250000	91500000	-0.39411
chr7	91500000	91750000	-0.569048
chr7	91750000	92000000	-0.0573156
chr7	92000000	92250000	0.598152
chr7	92250000	92500000	0.423554
chr7	92500000	92750000	0.572141
chr7	92750000	93000000	0.42608
chr7	93000000	93250000	0.12588
chr7	93250000	93500000	-0.336867
chr7	93500000	93750000	-0.489665
chr7	93750000	94000000	0.0202384
chr7	94000000	94250000	0.40591
chr7	94250000	94500000	0.493422
chr7	94500000	94750000	0.00485395
chr7	94750000	95000000	-0.397536
chr7	95000000	95250000	-0.340241
chr7	95250000	95500000	-0.278414
chr7	95500000	95750000	-0.391709
chr7	95750000	96000000	-0.564072
chr7	96000000	96250000	-0.184781
chr7	96250000	96500000	-0.313916
chr7	96500000	96750000	-0.458209
chr7	96750000	97000000	-0.642524
chr7	97000000	97250000	-0.426051
chr7	97250000	97500000	-0.99978
chr7	97500000	97750000	-1.00571
chr7	97750000	98000000	-0.542735
chr7	98000000	98250000	-0.0961123
chr7	98250000	98500000	0.0470466
chr7	98500000	98750000	-0.880203
chr7	98750000	99000000	0.309653
chr7	99000000	99250000	0.933269
chr7	99250000	99500000	0.958946
chr7	99500000	99750000	0.157982
chr7	99750000	100000000	-0.0716492
chr7	100000000	100250000	0.923427
chr7	100250000	100500000	1.03918
chr7	100500000	100750000	1.06306
chr7	100750000	101000000	0.888427
chr7	101000000	101250000	0.887892
chr7	101250000	101500000	0.89525
chr7	101500000	101750000	0.865523
chr7	101750000	102000000	1.00429
chr7	102000000	102250000	0.968348
chr7	102250000	102500000	1.04754
chr7	102500000	102750000	nan
chr7	102750000	103000000	0.740489
chr7	103000000	103250000	0.315416
chr7	103250000	103500000	-0.245439
chr7	103500000	103750000	-0.16321
chr7	103750000	104000000	-0.556602
chr7	104000000	104250000	-0.397474
chr7	104250000	104500000	-0.911927
chr7	104500000	104750000	-1.06443
chr7	104750000	105000000	-0.122436
chr7	105000000	105250000	0.84259
chr7	105250000	105500000	0.88753
chr7	105500000	105750000	0.762313
chr7	105750000	106000000	0.835299
chr7	106000000	106250000	0.734943
chr7	106250000	106500000	0.859577
chr7	106500000	106750000	0.860729
chr7	106750000	107000000	0.467762
chr7	107000000	107250000	0.519997
chr7	107250000	107500000	0.599757
chr7	107500000	107750000	0.56876
chr7	107750000	108000000	0.403749
chr7	108000000	108250000	0.467305
chr7	108250000	108500000	-0.307075
chr7	108500000	108750000	-0.547449
chr7	108750000	109000000	-0.976837
chr7	109000000	109250000	-0.982358
chr7	109250000	109500000	-0.926992
chr7	109500000	109750000	-0.879887
chr7	109750000	110000000	-0.740625
chr7	110000000	110250000	-0.406863
chr7	110250000	110500000	-0.131335
chr7	110500000	110750000	0.0501576
chr7	110750000	111000000	0.0679682
chr7	111000000	111250000	0.166948
chr7	111250000	111500000	0.199202
chr7	111500000	111750000	-0.125727
chr7	111750000	112000000	-0.0544262
chr7	112000000	112250000	-0.0182092
chr7	112250000	112500000	0.19073
chr7	112500000	112750000	-0.443191
chr7	112750000	113000000	-0.0576859
chr7	113000000	113250000	-0.324157
chr7	113250000	113500000	-0.661397
chr7	113500000	113750000	-0.977985
chr7	113750000	114000000	-0.950537
chr7	114000000	114250000	-0.464156
chr7	114250000	114500000	-0.508512
chr7	114500000	114750000	-0.302401
chr7	114750000	115000000	0.269182
chr7	115000000	115250000	0.480514
chr7	115250000	115500000	0.501454
chr7	115500000	115750000	0.458295
chr7	115750000	116000000	-0.128715
chr7	116000000	116250000	0.0351567
chr7	116250000	116500000	0.901609
chr7	116500000	116750000	0.829997
chr7	116750000	117000000	0.750435
chr7	117000000	117250000	0.618225
chr7	117250000	117500000	0.0680438
chr7	117500000	117750000	-0.757759
chr7	117750000	118000000	-0.846738
chr7	118000000	118250000	-0.778976
chr7	118250000	118500000	-0.948007
chr7	118500000	118750000	-0.982786
chr7	118750000	119000000	-1.00618
chr7	119000000	119250000	-0.95813
chr7	119250000	119500000	-0.882633
chr7	119500000	119750000	-0.888036
chr7	119750000	120000000	-0.771885
chr7	120000000	120250000	-0.659185
chr7	120250000	120500000	-0.864747
chr7	120500000	120750000	-0.827328
chr7	120750000	121000000	-0.344492
chr7	121000000	121250000	0.497802
chr7	121250000	121500000	0.0568568
chr7	121500000	121750000	-0.60337
chr7	121750000	122000000	-0.674537
chr7	122000000	122250000	-0.44517
chr7	122250000	122500000	-0.825803
chr7	122500000	122750000	-0.876765
chr7	122750000	123000000	-0.985111
chr7	123000000	123250000	-1.07871
chr7	123250000	123500000	-0.933544
chr7	123500000	123750000	-0.193721
chr7	123750000	124000000	-0.661469
chr7	124000000	124250000	-0.852992
chr7	124250000	124500000	-0.896013
chr7	124500000	124750000	-0.847621
chr7	124750000	125000000	-0.442928
chr7	125000000	125250000	-0.845489
chr7	125250000	125500000	-0.985682
chr7	125500000	125750000	-0.960769
chr7	125750000	126000000	-0.956654
chr7	126000000	126250000	-0.97646
chr7	126250000	126500000	-0.96887
chr7	126500000	126750000	-0.919806
chr7	126750000	127000000	-0.886402
chr7	127000000	127250000	-0.890076
chr7	127250000	127500000	-0.508901
chr7	127500000	127750000	0.200542
chr7	127750000	128000000	0.764418
chr7	128000000	128250000	0.496894
chr7	128250000	128500000	0.940418
chr7	128500000	128750000	1.33441
chr7	128750000	129000000	1.312
chr7	129000000	129250000	1.1005
chr7	129250000	129500000	1.09052
chr7	129500000	129750000	1.24442
chr7	129750000	130000000	1.18151
chr7	130000000	130250000	0.921958
chr7	130250000	130500000	1.00982
chr7	130500000	130750000	0.861856
chr7	130750000	131000000	1.03861
chr7	131000000	131250000	1.12221
chr7	131250000	131500000	0.977511
chr7	131500000	131750000	0.0850196
chr7	131750000	132000000	-0.424409
chr7	132000000	132250000	-0.199371
chr7	132250000	132500000	-0.260657
chr7	132500000	132750000	-0.167735
chr7	132750000	133000000	0.402183
chr7	133000000	133250000	0.05099
chr7	133250000	133500000	0.325055
chr7	133500000	133750000	0.535336
chr7	133750000	134000000	0.195402
chr7	134000000	134250000	-0.290421
chr7	134250000	134500000	-0.0304251
chr7	134500000	134750000	0.690727
chr7	134750000	135000000	0.793032
chr7	135000000	135250000	0.0222911
chr7	135250000	135500000	0.20518
chr7	135500000	135750000	0.351692
chr7	135750000	136000000	-0.243834
chr7	136000000	136250000	-0.772655
chr7	136250000	136500000	-0.822373
chr7	136500000	136750000	-0.735217
chr7	136750000	137000000	-0.185538
chr7	137000000	137250000	0.0806797
chr7	137250000	137500000	-0.115214
chr7	137500000	137750000	0.309213
chr7	137750000	138000000	0.650453
chr7	138000000	138250000	-0.620176
chr7	138250000	138500000	-0.817537
chr7	138500000	138750000	-0.567289
chr7	138750000	139000000	0.312854
chr7	139000000	139250000	0.666749
chr7	139250000	139500000	0.810477
chr7	139500000	139750000	0.750168
chr7	139750000	140000000	0.585937
chr7	140000000	140250000	0.544839
chr7	140250000	140500000	0.551372
chr7	140500000	140750000	0.734711
chr7	140750000	141000000	-0.149944
chr7	141000000	141250000	-0.78736
chr7	141250000	141500000	-0.927153
chr7	141500000	141750000	-0.301907
chr7	141750000	142000000	-1.05159
chr7	142000000	142250000	-1.12175
chr7	142250000	142500000	-0.161401
chr7	142500000	142750000	0.212803
chr7	142750000	143000000	-0.2759
chr7	143000000	143250000	-0.297782
chr7	143250000	143500000	0.798629
chr7	143500000	143750000	nan
chr7	143750000	144000000	0.26661
chr7	144000000	144250000	-0.595988
chr7	144250000	144500000	-0.814934
chr7	144500000	144750000	-1.03231
chr7	144750000	145000000	-1.00506
chr7	145000000	145250000	-1.04903
chr7	145250000	145500000	-1.0624
chr7	145500000	145750000	-1.10856
chr7	145750000	146000000	-1.05537
chr7	146000000	146250000	-1.09453
chr7	146250000	146500000	-1.04079
chr7	146500000	146750000	-0.996408
chr7	146750000	147000000	-1.02858
chr7	147000000	147250000	-0.977637
chr7	147250000	147500000	-0.919477
chr7	147500000	147750000	-0.937022
chr7	147750000	148000000	-0.975563
chr7	148000000	148250000	-1.00371
chr7	148250000	148500000	-1.02228
chr7	148500000	148750000	-0.302283
chr7	148750000	149000000	0.493402
chr7	149000000	149250000	0.580751
chr7	149250000	149500000	-0.185638
chr7	149500000	149750000	-0.195957
chr7	149750000	150000000	-0.176025
chr7	150000000	150250000	-0.854427
chr7	150250000	150500000	0.0855668
chr7	150500000	150750000	-0.868986
chr7	150750000	151000000	-0.427932
chr7	151000000	151250000	0.806621
chr7	151250000	151500000	0.924634
chr7	151500000	151750000	1.04789
chr7	151750000	152000000	-0.0669716
chr7	152000000	152250000	0.32308
chr7	152250000	152500000	0.40066
chr7	152500000	152750000	-0.134966
chr7	152750000	153000000	-0.614384
chr7	153000000	153250000	-0.952136
chr7	153250000	153500000	-0.979406
chr7	153500000	153750000	-1.0604
chr7	153750000	154000000	-1.00544
chr7	154000000	154250000	-0.950736
chr7	154250000	154500000	-1.11409
chr7	154500000	154750000	-1.08814
chr7	154750000	155000000	-0.693967
chr7	155000000	155250000	-0.312618
chr7	155250000	155500000	-0.187025
chr7	155500000	155750000	-0.0612308
chr7	155750000	156000000	-0.475087
chr7	156000000	156250000	-0.736282
chr7	156250000	156500000	-0.890824
chr7	156500000	156750000	-0.508771
chr7	156750000	157000000	0.273122
chr7	157000000	157250000	0.279937
chr7	157250000	157500000	0.594421
chr7	157500000	157750000	-0.63522
chr7	157750000	158000000	-0.676785
chr7	158000000	158250000	-0.775464
chr7	158250000	158500000	-0.72359
chr7	158500000	158750000	-0.190984
chr7	158750000	159000000	0.107961
chr7	159000000	159250000	-1.11676
chr7	159250000	159345973	-1.32104
#bedGraph section chr8:0-145138636
chr8	0	250000	nan
chr8	250000	500000	-0.318061
chr8	500000	750000	-0.199722
chr8	750000	1000000	-0.73846
chr8	1000000	1250000	-0.748267
chr8	1250000	1500000	-0.67811
chr8	1500000	1750000	-0.572344
chr8	1750000	2000000	0.791677
chr8	2000000	2250000	-0.46192
chr8	2250000	2500000	nan
chr8	2500000	2750000	-0.684879
chr8	2750000	3000000	-0.5964
chr8	3000000	3250000	-0.744793
chr8	3250000	3500000	-0.802866
chr8	3500000	3750000	-0.776073
chr8	3750000	4000000	-0.812566
chr8	4000000	4250000	-0.81551
chr8	4250000	4500000	-0.779429
chr8	4500000	4750000	-0.836264
chr8	4750000	5000000	-0.706152
chr8	5000000	5250000	-0.687279
chr8	5250000	5500000	-0.689881
chr8	5500000	5750000	-0.506771
chr8	5750000	6000000	-0.651082
chr8	6000000	6250000	-0.551379
chr8	6250000	6500000	-0.128596
chr8	6500000	6750000	0.777686
chr8	6750000	7000000	-0.078551
chr8	7000000	7250000	nan
chr8	7250000	7500000	nan
chr8	7500000	7750000	nan
chr8	7750000	8000000	nan
chr8	8000000	8250000	nan
chr8	8250000	8500000	1.17947
chr8	8500000	8750000	1.17348
chr8	8750000	9000000	1.01575
chr8	9000000	9250000	0.0992744
chr8	9250000	9500000	-0.615675
chr8	9500000	9750000	0.150618
chr8	9750000	10000000	-0.371172
chr8	10000000	10250000	0.285383
chr8	10250000	10500000	-0.0421846
chr8	10500000	10750000	-0.150497
chr8	10750000	11000000	-0.116882
chr8	11000000	11250000	0.0663208
chr8	11250000	11500000	0.605182
chr8	11500000	11750000	0.410708
chr8	11750000	12000000	0.709696
chr8	12000000	12250000	nan
chr8	12250000	12500000	nan
chr8	12500000	12750000	-0.00953065
chr8	12750000	13000000	0.378077
chr8	13000000	13250000	0.942361
chr8	13250000	13500000	0.982529
chr8	13500000	13750000	0.314622
chr8	13750000	14000000	-0.619163
chr8	14000000	14250000	-0.666192
chr8	14250000	14500000	-0.540055
chr8	14500000	14750000	-0.364989
chr8	14750000	15000000	-0.399289
chr8	15000000	15250000	-0.666733
chr8	15250000	15500000	-0.413804
chr8	15500000	15750000	0.139333
chr8	15750000	16000000	-0.445118
chr8	16000000	16250000	-0.389378
chr8	16250000	16500000	-0.32663
chr8	16500000	16750000	-0.0867794
chr8	16750000	17000000	-0.0931567
chr8	17000000	17250000	0.641594
chr8	17250000	17500000	0.00947462
chr8	17500000	17750000	0.290038
chr8	17750000	18000000	0.27046
chr8	18000000	18250000	0.0909574
chr8	18250000	18500000	-0.271691
chr8	18500000	18750000	0.266416
chr8	18750000	19000000	0.658026
chr8	19000000	19250000	1.18893
chr8	19250000	19500000	0.594413
chr8	19500000	19750000	0.537501
chr8	19750000	20000000	0.0876088
chr8	20000000	20250000	0.0934317
chr8	20250000	20500000	0.0450053
chr8	20500000	20750000	-0.621788
chr8	20750000	21000000	-0.66755
chr8	21000000	21250000	-0.580273
chr8	21250000	21500000	-0.652817
chr8	21500000	21750000	-0.441012
chr8	21750000	22000000	-0.00522203
chr8	22000000	22250000	0.95681
chr8	22250000	22500000	1.21501
chr8	22500000	22750000	1.13239
chr8	22750000	23000000	1.05548
chr8	23000000	23250000	1.13107
chr8	23250000	23500000	1.00963
chr8	23500000	23750000	0.712478
chr8	23750000	24000000	0.524972
chr8	24000000	24250000	0.00108554
chr8	24250000	24500000	-0.565907
chr8	24500000	24750000	-0.571002
chr8	24750000	25000000	-0.392959
chr8	25000000	25250000	0.448213
chr8	25250000	25500000	0.917797
chr8	25500000	25750000	-0.0382857
chr8	25750000	26000000	-0.0709674
chr8	26000000	26250000	0.348023
chr8	26250000	26500000	0.536789
chr8	26500000	26750000	0.205959
chr8	26750000	27000000	-0.533003
chr8	27000000	27250000	-0.412156
chr8	27250000	27500000	0.467203
chr8	27500000	27750000	0.571272
chr8	27750000	28000000	0.561753
chr8	28000000	28250000	0.388306
chr8	28250000	28500000	0.451132
chr8	28500000	28750000	0.688751
chr8	28750000	29000000	1.01982
chr8	29000000	29250000	1.05511
chr8	29250000	29500000	1.06073
chr8	29500000	29750000	1.20839
chr8	29750000	30000000	1.14866
chr8	30000000	30250000	0.986546
chr8	30250000	30500000	1.23265
chr8	30500000	30750000	0.968951
chr8	30750000	31000000	0.114246
chr8	31000000	31250000	0.038565
chr8	31250000	31500000	-0.501541
chr8	31500000	31750000	-0.485279
chr8	31750000	32000000	-0.503569
chr8	32000000	32250000	-0.162599
chr8	32250000	32500000	0.472923
chr8	32500000	32750000	0.748881
chr8	32750000	33000000	0.81654
chr8	33000000	33250000	0.536267
chr8	33250000	33500000	0.583508
chr8	33500000	33750000	-0.226906
chr8	33750000	34000000	-0.711466
chr8	34000000	34250000	-0.748458
chr8	34250000	34500000	-0.764809
chr8	34500000	34750000	-0.728682
chr8	34750000	35000000	-0.720128
chr8	35000000	35250000	-0.705245
chr8	35250000	35500000	-0.643089
chr8	35500000	35750000	-0.6748
chr8	35750000	36000000	-0.660544
chr8	36000000	36250000	-0.697814
chr8	36250000	36500000	-0.718154
chr8	36500000	36750000	-0.691184
chr8	36750000	37000000	-0.0487719
chr8	37000000	37250000	0.206675
chr8	37250000	37500000	0.310607
chr8	37500000	37750000	0.584418
chr8	37750000	38000000	0.911306
chr8	38000000	38250000	1.07305
chr8	38250000	38500000	1.10167
chr8	38500000	38750000	1.20132
chr8	38750000	39000000	0.921104
chr8	39000000	39250000	0.149433
chr8	39250000	39500000	-0.493292
chr8	39500000	39750000	-0.719428
chr8	39750000	40000000	-0.489553
chr8	40000000	40250000	0.366172
chr8	40250000	40500000	-0.438061
chr8	40500000	40750000	-0.512507
chr8	40750000	41000000	-0.436212
chr8	41000000	41250000	0.251198
chr8	41250000	41500000	0.144996
chr8	41500000	41750000	0.722371
chr8	41750000	42000000	0.924194
chr8	42000000	42250000	0.989859
chr8	42250000	42500000	1.11272
chr8	42500000	42750000	1.10171
chr8	42750000	43000000	0.954593
chr8	43000000	43250000	0.392091
chr8	43250000	43500000	-0.772018
chr8	43500000	43750000	-0.884149
chr8	43750000	44000000	-0.848614
chr8	44000000	44250000	nan
chr8	44250000	44500000	nan
chr8	44500000	44750000	nan
chr8	44750000	45000000	nan
chr8	45000000	45250000	nan
chr8	45250000	45500000	nan
chr8	45500000	45750000	nan
chr8	45750000	46000000	nan
chr8	46000000	46250000	-0.940396
chr8	46250000	46500000	-1.06664
chr8	46500000	46750000	-1.10895
chr8	46750000	47000000	-0.887174
chr8	47000000	47250000	-0.575732
chr8	47250000	47500000	0.620936
chr8	47500000	47750000	0.717561
chr8	47750000	48000000	0.75608
chr8	48000000	48250000	0.599808
chr8	48250000	48500000	0.79889
chr8	48500000	48750000	0.969122
chr8	48750000	49000000	0.594817
chr8	49000000	49250000	-0.55214
chr8	49250000	49500000	-0.617299
chr8	49500000	49750000	-0.553839
chr8	49750000	50000000	-0.289176
chr8	50000000	50250000	0.028556
chr8	50250000	50500000	-0.450397
chr8	50500000	50750000	-0.576971
chr8	50750000	51000000	-0.481839
chr8	51000000	51250000	-0.354825
chr8	51250000	51500000	-0.287621
chr8	51500000	51750000	-0.508179
chr8	51750000	52000000	-0.0222134
chr8	52000000	52250000	-0.459769
chr8	52250000	52500000	-0.544491
chr8	52500000	52750000	-0.0889088
chr8	52750000	53000000	-0.558153
chr8	53000000	53250000	-0.729252
chr8	53250000	53500000	-0.687767
chr8	53500000	53750000	-0.268307
chr8	53750000	54000000	0.649191
chr8	54000000	54250000	0.247354
chr8	54250000	54500000	-0.202821
chr8	54500000	54750000	-0.607389
chr8	54750000	55000000	-0.778332
chr8	55000000	55250000	-0.787083
chr8	55250000	55500000	-0.804186
chr8	55500000	55750000	-0.579312
chr8	55750000	56000000	0.800272
chr8	56000000	56250000	0.197295
chr8	56250000	56500000	-0.351353
chr8	56500000	56750000	0.470986
chr8	56750000	57000000	0.275283
chr8	57000000	57250000	-0.512461
chr8	57250000	57500000	-0.485132
chr8	57500000	57750000	-0.109329
chr8	57750000	58000000	-0.00444653
chr8	58000000	58250000	0.491567
chr8	58250000	58500000	-0.0432637
chr8	58500000	58750000	0.389718
chr8	58750000	59000000	0.559207
chr8	59000000	59250000	0.211812
chr8	59250000	59500000	0.00714843
chr8	59500000	59750000	0.425865
chr8	59750000	60000000	-0.00309954
chr8	60000000	60250000	-0.451641
chr8	60250000	60500000	-0.315317
chr8	60500000	60750000	0.150146
chr8	60750000	61000000	-0.193879
chr8	61000000	61250000	-0.455341
chr8	61250000	61500000	-0.565725
chr8	61500000	61750000	0.724955
chr8	61750000	62000000	-0.0270901
chr8	62000000	62250000	-0.511097
chr8	62250000	62500000	-0.629891
chr8	62500000	62750000	-0.679117
chr8	62750000	63000000	-0.61645
chr8	63000000	63250000	0.0738411
chr8	63250000	63500000	-0.311099
chr8	63500000	63750000	-0.598416
chr8	63750000	64000000	-0.760941
chr8	64000000	64250000	-0.901305
chr8	64250000	64500000	-0.819011
chr8	64500000	64750000	-0.670447
chr8	64750000	65000000	-0.807367
chr8	65000000	65250000	-0.906116
chr8	65250000	65500000	-0.874853
chr8	65500000	65750000	0.0334933
chr8	65750000	66000000	-0.0953458
chr8	66000000	66250000	0.0300379
chr8	66250000	66500000	0.0880666
chr8	66500000	66750000	0.960558
chr8	66750000	67000000	0.536432
chr8	67000000	67250000	0.67051
chr8	67250000	67500000	0.0633865
chr8	67500000	67750000	-0.30719
chr8	67750000	68000000	-0.521557
chr8	68000000	68250000	-0.477819
chr8	68250000	68500000	-0.396614
chr8	68500000	68750000	0.461697
chr8	68750000	69000000	0.871871
chr8	69000000	69250000	0.839741
chr8	69250000	69500000	0.837884
chr8	69500000	69750000	0.388282
chr8	69750000	70000000	-0.364527
chr8	70000000	70250000	0.285991
chr8	70250000	70500000	0.470811
chr8	70500000	70750000	0.0710247
chr8	70750000	71000000	-0.69358
chr8	71000000	71250000	-0.765335
chr8	71250000	71500000	-0.686831
chr8	71500000	71750000	-0.623877
chr8	71750000	72000000	0.163397
chr8	72000000	72250000	-0.180817
chr8	72250000	72500000	-0.721883
chr8	72500000	72750000	-0.816212
chr8	72750000	73000000	-0.644768
chr8	73000000	73250000	-0.197894
chr8	73250000	73500000	0.67169
chr8	73500000	73750000	0.494676
chr8	73750000	74000000	0.436575
chr8	74000000	74250000	-0.3849
chr8	74250000	74500000	-0.401527
chr8	74500000	74750000	-0.298845
chr8	74750000	75000000	-0.285954
chr8	75000000	75250000	-0.931208
chr8	75250000	75500000	-0.833338
chr8	75500000	75750000	-0.670298
chr8	75750000	76000000	-0.487533
chr8	76000000	76250000	-0.585076
chr8	76250000	76500000	-0.0791148
chr8	76500000	76750000	0.220749
chr8	76750000	77000000	0.45275
chr8	77000000	77250000	-0.163341
chr8	77250000	77500000	-0.521686
chr8	77500000	77750000	-0.772837
chr8	77750000	78000000	-0.90142
chr8	78000000	78250000	-0.91066
chr8	78250000	78500000	-0.855133
chr8	78500000	78750000	-0.0936177
chr8	78750000	79000000	0.056853
chr8	79000000	79250000	0.253493
chr8	79250000	79500000	0.678113
chr8	79500000	79750000	-0.0647067
chr8	79750000	80000000	0.808392
chr8	80000000	80250000	-0.0678755
chr8	80250000	80500000	-0.519894
chr8	80500000	80750000	-0.306336
chr8	80750000	81000000	-0.289766
chr8	81000000	81250000	0.707708
chr8	81250000	81500000	-0.437126
chr8	81500000	81750000	-0.223433
chr8	81750000	82000000	-0.587614
chr8	82000000	82250000	-0.930193
chr8	82250000	82500000	-0.851899
chr8	82500000	82750000	-0.722636
chr8	82750000	83000000	-0.818943
chr8	83000000	83250000	-0.856609
chr8	83250000	83500000	-0.868476
chr8	83500000	83750000	-0.901822
chr8	83750000	84000000	-0.956155
chr8	84000000	84250000	-0.903816
chr8	84250000	84500000	-0.951596
chr8	84500000	84750000	-0.666855
chr8	84750000	85000000	-0.865367
chr8	85000000	85250000	-0.265158
chr8	85250000	85500000	-0.695747
chr8	85500000	85750000	nan
chr8	85750000	86000000	-0.897449
chr8	86000000	86250000	-0.493003
chr8	86250000	86500000	0.0606003
chr8	86500000	86750000	-0.494654
chr8	86750000	87000000	-0.926739
chr8	87000000	87250000	-0.942402
chr8	87250000	87500000	-0.84791
chr8	87500000	87750000	-0.57604
chr8	87750000	88000000	-0.169179
chr8	88000000	88250000	0.236744
chr8	88250000	88500000	-0.179588
chr8	88500000	88750000	-0.494385
chr8	88750000	89000000	-0.164015
chr8	89000000	89250000	0.0568843
chr8	89250000	89500000	0.448936
chr8	89500000	89750000	0.390699
chr8	89750000	90000000	0.763185
chr8	90000000	90250000	-0.442071
chr8	90250000	90500000	-0.688648
chr8	90500000	90750000	0.0491334
chr8	90750000	91000000	-0.202947
chr8	91000000	91250000	0.102581
chr8	91250000	91500000	-0.326928
chr8	91500000	91750000	-0.0799316
chr8	91750000	92000000	0.273883
chr8	92000000	92250000	0.235414
chr8	92250000	92500000	-0.129041
chr8	92500000	92750000	-0.0281958
chr8	92750000	93000000	-0.17047
chr8	93000000	93250000	-0.526444
chr8	93250000	93500000	-0.636115
chr8	93500000	93750000	-0.333849
chr8	93750000	94000000	0.706776
chr8	94000000	94250000	0.970586
chr8	94250000	94500000	0.856728
chr8	94500000	94750000	0.414778
chr8	94750000	95000000	0.744337
chr8	95000000	95250000	0.528633
chr8	95250000	95500000	-0.496247
chr8	95500000	95750000	-0.464196
chr8	95750000	96000000	-0.379401
chr8	96000000	96250000	-0.320423
chr8	96250000	96500000	0.644136
chr8	96500000	96750000	0.781626
chr8	96750000	97000000	0.822415
chr8	97000000	97250000	0.642069
chr8	97250000	97500000	0.562764
chr8	97500000	97750000	0.772863
chr8	97750000	98000000	1.14675
chr8	98000000	98250000	0.900666
chr8	98250000	98500000	0.912929
chr8	98500000	98750000	0.7229
chr8	98750000	99000000	0.79132
chr8	99000000	99250000	0.77711
chr8	99250000	99500000	0.692559
chr8	99500000	99750000	0.673192
chr8	99750000	100000000	0.385065
chr8	100000000	100250000	0.280301
chr8	100250000	100500000	0.213931
chr8	100500000	100750000	0.560264
chr8	100750000	101000000	0.817702
chr8	101000000	101250000	0.930356
chr8	101250000	101500000	0.573672
chr8	101500000	101750000	0.248016
chr8	101750000	102000000	0.0355429
chr8	102000000	102250000	0.173504
chr8	102250000	102500000	0.929046
chr8	102500000	102750000	1.02171
chr8	102750000	103000000	0.841337
chr8	103000000	103250000	0.633261
chr8	103250000	103500000	0.503535
chr8	103500000	103750000	-0.778972
chr8	103750000	104000000	-0.662072
chr8	104000000	104250000	-0.501359
chr8	104250000	104500000	-0.129632
chr8	104500000	104750000	0.303508
chr8	104750000	105000000	-0.553492
chr8	105000000	105250000	-0.633717
chr8	105250000	105500000	-0.848578
chr8	105500000	105750000	-0.863909
chr8	105750000	106000000	-0.575945
chr8	106000000	106250000	0.00202066
chr8	106250000	106500000	-0.214312
chr8	106500000	106750000	0.00256765
chr8	106750000	107000000	0.314331
chr8	107000000	107250000	0.420146
chr8	107250000	107500000	0.622512
chr8	107500000	107750000	-0.0818952
chr8	107750000	108000000	-0.464784
chr8	108000000	108250000	-0.0543379
chr8	108250000	108500000	-0.396091
chr8	108500000	108750000	-0.649167
chr8	108750000	109000000	-0.703822
chr8	109000000	109250000	-0.532071
chr8	109250000	109500000	-0.347155
chr8	109500000	109750000	-0.428917
chr8	109750000	110000000	-0.79611
chr8	110000000	110250000	-0.826895
chr8	110250000	110500000	-0.851656
chr8	110500000	110750000	-0.780058
chr8	110750000	111000000	-0.79747
chr8	111000000	111250000	-0.849036
chr8	111250000	111500000	-0.856401
chr8	111500000	111750000	-0.870085
chr8	111750000	112000000	-0.911348
chr8	112000000	112250000	-0.916948
chr8	112250000	112500000	-0.877819
chr8	112500000	112750000	-0.859951
chr8	112750000	113000000	-0.84869
chr8	113000000	113250000	-0.897304
chr8	113250000	113500000	-0.767569
chr8	113500000	113750000	-0.8349
chr8	113750000	114000000	-0.841509
chr8	114000000	114250000	-0.811347
chr8	114250000	114500000	-0.720831
chr8	114500000	114750000	-0.584018
chr8	114750000	115000000	-0.702862
chr8	115000000	115250000	-0.238863
chr8	115250000	115500000	0.233106
chr8	115500000	115750000	0.360863
chr8	115750000	116000000	0.321193
chr8	116000000	116250000	0.499041
chr8	116250000	116500000	0.52503
chr8	116500000	116750000	0.571882
chr8	116750000	117000000	-0.253601
chr8	117000000	117250000	-0.764152
chr8	117250000	117500000	-0.150147
chr8	117500000	117750000	0.679302
chr8	117750000	118000000	0.9248
chr8	118000000	118250000	0.861494
chr8	118250000	118500000	0.827869
chr8	118500000	118750000	0.71476
chr8	118750000	119000000	0.89827
chr8	119000000	119250000	0.460265
chr8	119250000	119500000	0.0295438
chr8	119500000	119750000	0.683646
chr8	119750000	120000000	0.201066
chr8	120000000	120250000	0.23962
chr8	120250000	120500000	0.612481
chr8	120500000	120750000	0.763302
chr8	120750000	121000000	0.715293
chr8	121000000	121250000	0.85268
chr8	121250000	121500000	0.905703
chr8	121500000	121750000	0.846658
chr8	121750000	122000000	0.830884
chr8	122000000	122250000	0.744176
chr8	122250000	122500000	0.63806
chr8	122500000	122750000	0.72257
chr8	122750000	123000000	0.939049
chr8	123000000	123250000	0.926404
chr8	123250000	123500000	1.04966
chr8	123500000	123750000	1.15321
chr8	123750000	124000000	0.72803
chr8	124000000	124250000	0.674521
chr8	124250000	124500000	0.828901
chr8	124500000	124750000	1.10656
chr8	124750000	125000000	1.12118
chr8	125000000	125250000	0.846404
chr8	125250000	125500000	0.791837
chr8	125500000	125750000	0.534424
chr8	125750000	126000000	-0.844842
chr8	126000000	126250000	-1.13685
chr8	126250000	126500000	-1.20108
chr8	126500000	126750000	-1.04695
chr8	126750000	127000000	-0.253698
chr8	127000000	127250000	-0.157551
chr8	127250000	127500000	0.217395
chr8	127500000	127750000	-0.0407706
chr8	127750000	128000000	0.605147
chr8	128000000	128250000	0.540836
chr8	128250000	128500000	0.540397
chr8	128500000	128750000	0.510627
chr8	128750000	129000000	0.555883
chr8	129000000	129250000	-0.0095313
chr8	129250000	129500000	-0.217114
chr8	129500000	129750000	-0.163949
chr8	129750000	130000000	0.362939
chr8	130000000	130250000	0.829199
chr8	130250000	130500000	0.938558
chr8	130500000	130750000	0.627542
chr8	130750000	131000000	-0.36092
chr8	131000000	131250000	-0.810866
chr8	131250000	131500000	-0.937001
chr8	131500000	131750000	-0.889352
chr8	131750000	132000000	-0.129231
chr8	132000000	132250000	-0.649149
chr8	132250000	132500000	-0.941432
chr8	132500000	132750000	-0.783762
chr8	132750000	133000000	0.707069
chr8	133000000	133250000	0.935096
chr8	133250000	133500000	0.747159
chr8	133500000	133750000	-0.00946496
chr8	133750000	134000000	-0.415758
chr8	134000000	134250000	-0.223355
chr8	134250000	134500000	-0.47399
chr8	134500000	134750000	0.239047
chr8	134750000	135000000	-0.240826
chr8	135000000	135250000	-0.714378
chr8	135250000	135500000	-0.336278
chr8	135500000	135750000	0.0669332
chr8	135750000	136000000	-0.508573
chr8	136000000	136250000	-0.628362
chr8	136250000	136500000	-0.599793
chr8	136500000	136750000	-0.464872
chr8	136750000	137000000	-0.661287
chr8	137000000	137250000	-0.62015
chr8	137250000	137500000	-0.656093
chr8	137500000	137750000	-1.01993
chr8	137750000	138000000	-1.07854
chr8	138000000	138250000	-1.05026
chr8	138250000	138500000	-1.07932
chr8	138500000	138750000	-0.948352
chr8	138750000	139000000	-0.830964
chr8	139000000	139250000	-0.797435
chr8	139250000	139500000	-0.794223
chr8	139500000	139750000	-0.595312
chr8	139750000	140000000	-0.387146
chr8	140000000	140250000	0.0909432
chr8	140250000	140500000	0.387167
chr8	140500000	140750000	1.08788
chr8	140750000	141000000	1.36463
chr8	141000000	141250000	1.19191
chr8	141250000	141500000	0.373027
chr8	141500000	141750000	-0.473352
chr8	141750000	142000000	-0.662816
chr8	142000000	142250000	-0.620093
chr8	142250000	142500000	-0.329379
chr8	142500000	142750000	0.37634
chr8	142750000	143000000	0.437523
chr8	143000000	143250000	0.385004
chr8	143250000	143500000	1.25783
chr8	143500000	143750000	1.23921
chr8	143750000	144000000	1.19893
chr8	144000000	144250000	1.22265
chr8	144250000	144500000	1.14363
chr8	144500000	144750000	0.830656
chr8	144750000	145000000	0.645886
chr8	145000000	145138636	0.213033
#bedGraph section chr9:0-138394717
chr9	0	250000	nan
chr9	250000	500000	-0.718104
chr9	500000	750000	0.194688
chr9	750000	1000000	-0.474974
chr9	1000000	1250000	-0.37385
chr9	1250000	1500000	-0.730128
chr9	1500000	1750000	-0.806336
chr9	1750000	2000000	-0.598147
chr9	2000000	2250000	0.235048
chr9	2250000	2500000	-0.516736
chr9	2500000	2750000	0.0370941
chr9	2750000	3000000	-0.172055
chr9	3000000	3250000	-0.653274
chr9	3250000	3500000	0.248999
chr9	3500000	3750000	-0.0552292
chr9	3750000	4000000	0.838475
chr9	4000000	4250000	0.918832
chr9	4250000	4500000	0.226502
chr9	4500000	4750000	0.143286
chr9	4750000	5000000	0.500007
chr9	5000000	5250000	-0.183632
chr9	5250000	5500000	0.0992735
chr9	5500000	5750000	0.878187
chr9	5750000	6000000	0.788689
chr9	6000000	6250000	0.228577
chr9	6250000	6500000	0.538299
chr9	6500000	6750000	0.515191
chr9	6750000	7000000	0.440506
chr9	7000000	7250000	-0.0106527
chr9	7250000	7500000	-0.315724
chr9	7500000	7750000	-0.676498
chr9	7750000	8000000	-0.654047
chr9	8000000	8250000	-0.759281
chr9	8250000	8500000	-0.795558
chr9	8500000	8750000	-0.79815
chr9	8750000	9000000	-0.768893
chr9	9000000	9250000	-0.880327
chr9	9250000	9500000	-0.905955
chr9	9500000	9750000	-0.884245
chr9	9750000	10000000	-0.800854
chr9	10000000	10250000	-0.817281
chr9	10250000	10500000	-0.881158
chr9	10500000	10750000	-0.81379
chr9	10750000	11000000	-0.886849
chr9	11000000	11250000	-0.878147
chr9	11250000	11500000	-0.853742
chr9	11500000	11750000	-0.813563
chr9	11750000	12000000	-0.86896
chr9	12000000	12250000	-0.847886
chr9	12250000	12500000	-0.845333
chr9	12500000	12750000	-0.572649
chr9	12750000	13000000	0.0378037
chr9	13000000	13250000	-0.0298011
chr9	13250000	13500000	-0.169899
chr9	13500000	13750000	-0.171255
chr9	13750000	14000000	0.0754074
chr9	14000000	14250000	0.179281
chr9	14250000	14500000	0.074314
chr9	14500000	14750000	-0.411306
chr9	14750000	15000000	-0.76298
chr9	15000000	15250000	-0.198391
chr9	15250000	15500000	0.50632
chr9	15500000	15750000	0.398538
chr9	15750000	16000000	0.701118
chr9	16000000	16250000	1.03678
chr9	16250000	16500000	1.06864
chr9	16500000	16750000	0.976604
chr9	16750000	17000000	0.983085
chr9	17000000	17250000	0.55719
chr9	17250000	17500000	0.341882
chr9	17500000	17750000	-0.498178
chr9	17750000	18000000	-0.670398
chr9	18000000	18250000	-0.569274
chr9	18250000	18500000	0.529214
chr9	18500000	18750000	0.695652
chr9	18750000	19000000	0.312586
chr9	19000000	19250000	0.581265
chr9	19250000	19500000	0.157785
chr9	19500000	19750000	-0.850039
chr9	19750000	20000000	-0.534195
chr9	20000000	20250000	-0.546522
chr9	20250000	20500000	0.069303
chr9	20500000	20750000	0.614885
chr9	20750000	21000000	0.576368
chr9	21000000	21250000	-0.0532592
chr9	21250000	21500000	-0.16542
chr9	21500000	21750000	0.920652
chr9	21750000	22000000	0.402507
chr9	22000000	22250000	0.461794
chr9	22250000	22500000	-0.571413
chr9	22500000	22750000	-0.549658
chr9	22750000	23000000	-0.723758
chr9	23000000	23250000	-0.702913
chr9	23250000	23500000	-0.75296
chr9	23500000	23750000	-0.75406
chr9	23750000	24000000	-0.770037
chr9	24000000	24250000	-0.770921
chr9	24250000	24500000	-0.807432
chr9	24500000	24750000	-0.794151
chr9	24750000	25000000	-0.811765
chr9	25000000	25250000	-0.77217
chr9	25250000	25500000	-0.765254
chr9	25500000	25750000	-0.712578
chr9	25750000	26000000	-0.639765
chr9	26000000	26250000	-0.369905
chr9	26250000	26500000	-0.562378
chr9	26500000	26750000	-0.717633
chr9	26750000	27000000	0.0101094
chr9	27000000	27250000	0.166952
chr9	27250000	27500000	-0.362432
chr9	27500000	27750000	-0.46289
chr9	27750000	28000000	-0.704445
chr9	28000000	28250000	-0.697694
chr9	28250000	28500000	-0.754505
chr9	28500000	28750000	-0.71978
chr9	28750000	29000000	-0.748602
chr9	29000000	29250000	-0.715038
chr9	29250000	29500000	-0.758267
chr9	29500000	29750000	-0.624205
chr9	29750000	30000000	-0.680255
chr9	30000000	30250000	-0.6551
chr9	30250000	30500000	-0.739674
chr9	30500000	30750000	-0.690733
chr9	30750000	31000000	-0.695865
chr9	31000000	31250000	-0.750374
chr9	31250000	31500000	-0.753043
chr9	31500000	31750000	-0.822007
chr9	31750000	32000000	-0.871438
chr9	32000000	32250000	-0.894057
chr9	32250000	32500000	-0.0788969
chr9	32500000	32750000	-0.345854
chr9	32750000	33000000	-0.400571
chr9	33000000	33250000	1.21774
chr9	33250000	33500000	1.29655
chr9	33500000	33750000	0.860792
chr9	33750000	34000000	1.14745
chr9	34000000	34250000	1.27353
chr9	34250000	34500000	0.995191
chr9	34500000	34750000	0.724175
chr9	34750000	35000000	0.25677
chr9	35000000	35250000	0.789435
chr9	35250000	35500000	0.871271
chr9	35500000	35750000	1.18753
chr9	35750000	36000000	1.3048
chr9	36000000	36250000	1.36428
chr9	36250000	36500000	1.20411
chr9	36500000	36750000	0.763068
chr9	36750000	37000000	0.472465
chr9	37000000	37250000	0.897102
chr9	37250000	37500000	0.739548
chr9	37500000	37750000	0.5969
chr9	37750000	38000000	0.792805
chr9	38000000	38250000	0.514905
chr9	38250000	38500000	-0.0638228
chr9	38500000	38750000	-0.734212
chr9	38750000	39000000	nan
chr9	39000000	39250000	nan
chr9	39250000	39500000	nan
chr9	39500000	39750000	nan
chr9	39750000	40000000	nan
chr9	40000000	40250000	nan
chr9	40250000	40500000	nan
chr9	40500000	40750000	nan
chr9	40750000	41000000	-0.786012
chr9	41000000	41250000	nan
chr9	41250000	41500000	nan
chr9	41500000	41750000	nan
chr9	41750000	42000000	nan
chr9	42000000	42250000	nan
chr9	42250000	42500000	-1.06168
chr9	42500000	42750000	nan
chr9	42750000	43000000	nan
chr9	43000000	43250000	nan
chr9	43250000	43500000	nan
chr9	43500000	43750000	nan
chr9	43750000	44000000	nan
chr9	44000000	44250000	nan
chr9	44250000	44500000	nan
chr9	44500000	44750000	nan
chr9	44750000	45000000	nan
chr9	45000000	45250000	nan
chr9	45250000	45500000	nan
chr9	45500000	45750000	nan
chr9	45750000	46000000	nan
chr9	46000000	46250000	nan
chr9	46250000	46500000	nan
chr9	46500000	46750000	nan
chr9	46750000	47000000	nan
chr9	47000000	47250000	nan
chr9	47250000	47500000	nan
chr9	47500000	47750000	nan
chr9	47750000	48000000	nan
chr9	48000000	48250000	nan
chr9	48250000	48500000	nan
chr9	48500000	48750000	nan
chr9	48750000	49000000	nan
chr9	49000000	49250000	nan
chr9	49250000	49500000	nan
chr9	49500000	49750000	nan
chr9	49750000	50000000	nan
chr9	50000000	50250000	nan
chr9	50250000	50500000	nan
chr9	50500000	50750000	nan
chr9	50750000	51000000	nan
chr9	51000000	51250000	nan
chr9	51250000	51500000	nan
chr9	51500000	51750000	nan
chr9	51750000	52000000	nan
chr9	52000000	52250000	nan
chr9	52250000	52500000	nan
chr9	52500000	52750000	nan
chr9	52750000	53000000	nan
chr9	53000000	53250000	nan
chr9	53250000	53500000	nan
chr9	53500000	53750000	nan
chr9	53750000	54000000	nan
chr9	54000000	54250000	nan
chr9	54250000	54500000	nan
chr9	54500000	54750000	nan
chr9	54750000	55000000	nan
chr9	55000000	55250000	nan
chr9	55250000	55500000	nan
chr9	55500000	55750000	nan
chr9	55750000	56000000	nan
chr9	56000000	56250000	nan
chr9	56250000	56500000	nan
chr9	56500000	56750000	nan
chr9	56750000	57000000	nan
chr9	57000000	57250000	nan
chr9	57250000	57500000	nan
chr9	57500000	57750000	nan
chr9	57750000	58000000	nan
chr9	58000000	58250000	nan
chr9	58250000	58500000	nan
chr9	58500000	58750000	nan
chr9	58750000	59000000	nan
chr9	59000000	59250000	nan
chr9	59250000	59500000	nan
chr9	59500000	59750000	nan
chr9	59750000	60000000	nan
chr9	60000000	60250000	nan
chr9	60250000	60500000	nan
chr9	60500000	60750000	nan
chr9	60750000	61000000	nan
chr9	61000000	61250000	nan
chr9	61250000	61500000	nan
chr9	61500000	61750000	nan
chr9	61750000	62000000	nan
chr9	62000000	62250000	nan
chr9	62250000	62500000	nan
chr9	62500000	62750000	nan
chr9	62750000	63000000	nan
chr9	63000000	63250000	nan
chr9	63250000	63500000	nan
chr9	63500000	63750000	nan
chr9	63750000	64000000	nan
chr9	64000000	64250000	nan
chr9	64250000	64500000	nan
chr9	64500000	64750000	nan
chr9	64750000	65000000	nan
chr9	65000000	65250000	nan
chr9	65250000	65500000	nan
chr9	65500000	65750000	nan
chr9	65750000	66000000	nan
chr9	66000000	66250000	nan
chr9	66250000	66500000	nan
chr9	66500000	66750000	nan
chr9	66750000	67000000	nan
chr9	67000000	67250000	nan
chr9	67250000	67500000	nan
chr9	67500000	67750000	nan
chr9	67750000	68000000	nan
chr9	68000000	68250000	nan
chr9	68250000	68500000	-0.735827
chr9	68500000	68750000	-0.752285
chr9	68750000	69000000	-0.691254
chr9	69000000	69250000	0.357094
chr9	69250000	69500000	-0.100278
chr9	69500000	69750000	0.529718
chr9	69750000	70000000	0.670916
chr9	70000000	70250000	0.790163
chr9	70250000	70500000	1.02315
chr9	70500000	70750000	0.358123
chr9	70750000	71000000	-0.23689
chr9	71000000	71250000	-0.555023
chr9	71250000	71500000	-0.237436
chr9	71500000	71750000	-0.126663
chr9	71750000	72000000	0.250803
chr9	72000000	72250000	-0.472211
chr9	72250000	72500000	0.493209
chr9	72500000	72750000	0.153247
chr9	72750000	73000000	-0.0941133
chr9	73000000	73250000	0.199075
chr9	73250000	73500000	-0.695871
chr9	73500000	73750000	-0.859461
chr9	73750000	74000000	-0.859299
chr9	74000000	74250000	-0.891701
chr9	74250000	74500000	-0.835745
chr9	74500000	74750000	-0.699345
chr9	74750000	75000000	-0.27372
chr9	75000000	75250000	0.0546238
chr9	75250000	75500000	-0.914464
chr9	75500000	75750000	-1.01149
chr9	75750000	76000000	-0.753596
chr9	76000000	76250000	-0.636713
chr9	76250000	76500000	-0.147062
chr9	76500000	76750000	0.414462
chr9	76750000	77000000	-0.305587
chr9	77000000	77250000	-0.290197
chr9	77250000	77500000	0.240361
chr9	77500000	77750000	-0.00500698
chr9	77750000	78000000	0.510675
chr9	78000000	78250000	-0.308513
chr9	78250000	78500000	-0.00278286
chr9	78500000	78750000	0.387219
chr9	78750000	79000000	0.630074
chr9	79000000	79250000	0.487581
chr9	79250000	79500000	0.315996
chr9	79500000	79750000	0.332916
chr9	79750000	80000000	-0.421167
chr9	80000000	80250000	-0.608827
chr9	80250000	80500000	-0.877889
chr9	80500000	80750000	-0.89443
chr9	80750000	81000000	-0.831747
chr9	81000000	81250000	-0.65056
chr9	81250000	81500000	-0.138713
chr9	81500000	81750000	0.257369
chr9	81750000	82000000	0.196872
chr9	82000000	82250000	0.211148
chr9	82250000	82500000	0.138546
chr9	82500000	82750000	-0.509663
chr9	82750000	83000000	-0.753179
chr9	83000000	83250000	-0.483633
chr9	83250000	83500000	-0.50265
chr9	83500000	83750000	-0.198394
chr9	83750000	84000000	0.112605
chr9	84000000	84250000	0.0225208
chr9	84250000	84500000	-0.382916
chr9	84500000	84750000	-0.772004
chr9	84750000	85000000	-0.655125
chr9	85000000	85250000	-0.772248
chr9	85250000	85500000	-0.818825
chr9	85500000	85750000	-0.365403
chr9	85750000	86000000	-0.207355
chr9	86000000	86250000	-0.263115
chr9	86250000	86500000	0.425432
chr9	86500000	86750000	0.830312
chr9	86750000	87000000	0.776104
chr9	87000000	87250000	0.804889
chr9	87250000	87500000	0.30142
chr9	87500000	87750000	0.235098
chr9	87750000	88000000	0.524706
chr9	88000000	88250000	0.519648
chr9	88250000	88500000	0.774298
chr9	88500000	88750000	0.736917
chr9	88750000	89000000	0.851869
chr9	89000000	89250000	0.485972
chr9	89250000	89500000	0.0839204
chr9	89500000	89750000	-0.489089
chr9	89750000	90000000	-0.653623
chr9	90000000	90250000	-0.641004
chr9	90250000	90500000	-0.869057
chr9	90500000	90750000	-0.873448
chr9	90750000	91000000	-0.191378
chr9	91000000	91250000	0.62663
chr9	91250000	91500000	0.5032
chr9	91500000	91750000	0.203125
chr9	91750000	92000000	0.646418
chr9	92000000	92250000	0.75534
chr9	92250000	92500000	0.964133
chr9	92500000	92750000	0.722707
chr9	92750000	93000000	-0.048916
chr9	93000000	93250000	-0.171045
chr9	93250000	93500000	-0.361857
chr9	93500000	93750000	-0.107659
chr9	93750000	94000000	-0.733607
chr9	94000000	94250000	-0.0640197
chr9	94250000	94500000	-0.362066
chr9	94500000	94750000	-0.125705
chr9	94750000	95000000	0.841824
chr9	95000000	95250000	0.409949
chr9	95250000	95500000	0.144786
chr9	95500000	95750000	-0.216481
chr9	95750000	96000000	0.182912
chr9	96000000	96250000	-0.204827
chr9	96250000	96500000	0.260378
chr9	96500000	96750000	0.0814349
chr9	96750000	97000000	-0.343533
chr9	97000000	97250000	-0.583862
chr9	97250000	97500000	0.00457198
chr9	97500000	97750000	0.576458
chr9	97750000	98000000	0.836323
chr9	98000000	98250000	0.903494
chr9	98250000	98500000	0.79797
chr9	98500000	98750000	0.759389
chr9	98750000	99000000	0.757926
chr9	99000000	99250000	0.583233
chr9	99250000	99500000	0.468426
chr9	99500000	99750000	0.106489
chr9	99750000	100000000	0.320528
chr9	100000000	100250000	0.369834
chr9	100250000	100500000	0.380295
chr9	100500000	100750000	-0.485258
chr9	100750000	101000000	-0.962062
chr9	101000000	101250000	-0.950031
chr9	101250000	101500000	-0.331472
chr9	101500000	101750000	-0.484412
chr9	101750000	102000000	-0.845075
chr9	102000000	102250000	-0.770112
chr9	102250000	102500000	-0.805974
chr9	102500000	102750000	-0.772393
chr9	102750000	103000000	-0.768026
chr9	103000000	103250000	-0.732407
chr9	103250000	103500000	-0.730347
chr9	103500000	103750000	-0.754024
chr9	103750000	104000000	-0.728539
chr9	104000000	104250000	-0.424108
chr9	104250000	104500000	-0.732263
chr9	104500000	104750000	-0.682869
chr9	104750000	105000000	0.442721
chr9	105000000	105250000	0.566751
chr9	105250000	105500000	0.389463
chr9	105500000	105750000	-0.256929
chr9	105750000	106000000	-0.791994
chr9	106000000	106250000	-0.849492
chr9	106250000	106500000	-0.840749
chr9	106500000	106750000	-0.743269
chr9	106750000	107000000	-0.179626
chr9	107000000	107250000	-0.33387
chr9	107250000	107500000	0.100882
chr9	107500000	107750000	0.357614
chr9	107750000	108000000	0.247155
chr9	108000000	108250000	0.279784
chr9	108250000	108500000	0.338793
chr9	108500000	108750000	0.14887
chr9	108750000	109000000	-0.0193579
chr9	109000000	109250000	0.0906193
chr9	109250000	109500000	-0.346137
chr9	109500000	109750000	-0.305259
chr9	109750000	110000000	0.332423
chr9	110000000	110250000	0.550515
chr9	110250000	110500000	0.546026
chr9	110500000	110750000	0.600153
chr9	110750000	111000000	0.755169
chr9	111000000	111250000	0.719015
chr9	111250000	111500000	0.659328
chr9	111500000	111750000	0.663998
chr9	111750000	112000000	0.688164
chr9	112000000	112250000	0.692567
chr9	112250000	112500000	0.653413
chr9	112500000	112750000	0.604579
chr9	112750000	113000000	0.0932072
chr9	113000000	113250000	0.0306406
chr9	113250000	113500000	0.784062
chr9	113500000	113750000	0.812717
chr9	113750000	114000000	0.686744
chr9	114000000	114250000	0.72414
chr9	114250000	114500000	0.806465
chr9	114500000	114750000	0.770215
chr9	114750000	115000000	0.631936
chr9	115000000	115250000	0.674137
chr9	115250000	115500000	0.725467
chr9	115500000	115750000	0.478499
chr9	115750000	116000000	0.588167
chr9	116000000	116250000	0.591389
chr9	116250000	116500000	0.406643
chr9	116500000	116750000	0.193612
chr9	116750000	117000000	-0.947081
chr9	117000000	117250000	-1.03092
chr9	117250000	117500000	-0.917337
chr9	117500000	117750000	-0.479945
chr9	117750000	118000000	-0.65049
chr9	118000000	118250000	-0.832987
chr9	118250000	118500000	-0.742784
chr9	118500000	118750000	-0.682054
chr9	118750000	119000000	-0.717602
chr9	119000000	119250000	-0.743551
chr9	119250000	119500000	-0.636842
chr9	119500000	119750000	-0.652996
chr9	119750000	120000000	-0.572534
chr9	120000000	120250000	-0.709544
chr9	120250000	120500000	-0.191889
chr9	120500000	120750000	0.409005
chr9	120750000	121000000	0.888409
chr9	121000000	121250000	0.925249
chr9	121250000	121500000	0.846686
chr9	121500000	121750000	0.790264
chr9	121750000	122000000	0.868948
chr9	122000000	122250000	0.583509
chr9	122250000	122500000	0.340912
chr9	122500000	122750000	-0.946401
chr9	122750000	123000000	0.134342
chr9	123000000	123250000	0.2091
chr9	123250000	123500000	0.20987
chr9	123500000	123750000	0.576579
chr9	123750000	124000000	0.75313
chr9	124000000	124250000	0.615165
chr9	124250000	124500000	0.779792
chr9	124500000	124750000	0.731143
chr9	124750000	125000000	0.845409
chr9	125000000	125250000	0.895708
chr9	125250000	125500000	0.559121
chr9	125500000	125750000	0.588696
chr9	125750000	126000000	0.497889
chr9	126000000	126250000	0.192702
chr9	126250000	126500000	0.381265
chr9	126500000	126750000	0.34535
chr9	126750000	127000000	0.574272
chr9	127000000	127250000	0.796685
chr9	127250000	127500000	0.746931
chr9	127500000	127750000	0.808528
chr9	127750000	128000000	0.819392
chr9	128000000	128250000	0.804073
chr9	128250000	128500000	0.778119
chr9	128500000	128750000	0.797664
chr9	128750000	129000000	0.716077
chr9	129000000	129250000	0.668715
chr9	129250000	129500000	0.721788
chr9	129500000	129750000	0.687478
chr9	129750000	130000000	0.69765
chr9	130000000	130250000	0.758096
chr9	130250000	130500000	0.66474
chr9	130500000	130750000	0.722924
chr9	130750000	131000000	0.79493
chr9	131000000	131250000	0.758572
chr9	131250000	131500000	0.853405
chr9	131500000	131750000	0.773159
chr9	131750000	132000000	0.618747
chr9	132000000	132250000	0.676656
chr9	132250000	132500000	0.401695
chr9	132500000	132750000	0.25707
chr9	132750000	133000000	0.289632
chr9	133000000	133250000	0.49238
chr9	133250000	133500000	0.433677
chr9	133500000	133750000	0.313172
chr9	133750000	134000000	0.665182
chr9	134000000	134250000	0.652309
chr9	134250000	134500000	0.684059
chr9	134500000	134750000	0.839983
chr9	134750000	135000000	0.133868
chr9	135000000	135250000	-0.471061
chr9	135250000	135500000	-0.414901
chr9	135500000	135750000	-0.328228
chr9	135750000	136000000	0.354638
chr9	136000000	136250000	0.755128
chr9	136250000	136500000	0.906711
chr9	136500000	136750000	1.04987
chr9	136750000	137000000	1.03707
chr9	137000000	137250000	1.04724
chr9	137250000	137500000	0.959935
chr9	137500000	137750000	0.846044
chr9	137750000	138000000	-0.710964
chr9	138000000	138250000	-1.36856
chr9	138250000	138394717	nan
#bedGraph section chrX:0-156040895
chrX	0	250000	nan
chrX	250000	500000	0.597034
chrX	500000	750000	0.192534
chrX	750000	1000000	-0.147568
chrX	1000000	1250000	-0.189051
chrX	1250000	1500000	0.277899
chrX	1500000	1750000	-0.429952
chrX	1750000	2000000	-0.6641
chrX	2000000	2250000	-0.488518
chrX	2250000	2500000	0.343701
chrX	2500000	2750000	0.533716
chrX	2750000	3000000	0.424073
chrX	3000000	3250000	0.922267
chrX	3250000	3500000	1.4282
chrX	3500000	3750000	0.936022
chrX	3750000	4000000	-0.165997
chrX	4000000	4250000	-0.963282
chrX	4250000	4500000	-0.958
chrX	4500000	4750000	-0.78244
chrX	4750000	5000000	-0.832983
chrX	5000000	5250000	-0.827632
chrX	5250000	5500000	-0.686352
chrX	5500000	5750000	-0.564115
chrX	5750000	6000000	-0.288637
chrX	6000000	6250000	-0.205212
chrX	6250000	6500000	-0.412713
chrX	6500000	6750000	-0.401781
chrX	6750000	7000000	-0.254861
chrX	7000000	7250000	0.463629
chrX	7250000	7500000	0.385133
chrX	7500000	7750000	-0.272327
chrX	7750000	8000000	-0.294821
chrX	8000000	8250000	-0.646811
chrX	8250000	8500000	-0.820644
chrX	8500000	8750000	-0.569474
chrX	8750000	9000000	0.354013
chrX	9000000	9250000	0.748243
chrX	9250000	9500000	0.891775
chrX	9500000	9750000	0.605456
chrX	9750000	10000000	0.608949
chrX	10000000	10250000	1.01939
chrX	10250000	10500000	0.982736
chrX	10500000	10750000	0.937755
chrX	10750000	11000000	0.837403
chrX	11000000	11250000	0.722607
chrX	11250000	11500000	0.981379
chrX	11500000	11750000	0.475279
chrX	11750000	12000000	0.0152054
chrX	12000000	12250000	0.0813193
chrX	12250000	12500000	0.262397
chrX	12500000	12750000	-0.195171
chrX	12750000	13000000	0.336528
chrX	13000000	13250000	1.14666
chrX	13250000	13500000	0.950541
chrX	13500000	13750000	0.404101
chrX	13750000	14000000	0.0689886
chrX	14000000	14250000	-0.0428399
chrX	14250000	14500000	-0.151267
chrX	14500000	14750000	0.241531
chrX	14750000	15000000	0.751256
chrX	15000000	15250000	-0.0315063
chrX	15250000	15500000	0.455469
chrX	15500000	15750000	0.21954
chrX	15750000	16000000	0.60909
chrX	16000000	16250000	0.610048
chrX	16250000	16500000	0.502383
chrX	16500000	16750000	0.938997
chrX	16750000	17000000	0.473376
chrX	17000000	17250000	-0.0422944
chrX	17250000	17500000	0.500112
chrX	17500000	17750000	0.71983
chrX	17750000	18000000	-0.308031
chrX	18000000	18250000	-0.509004
chrX	18250000	18500000	0.15674
chrX	18500000	18750000	0.22186
chrX	18750000	19000000	0.114006
chrX	19000000	19250000	-0.118965
chrX	19250000	19500000	-0.11721
chrX	19500000	19750000	0.908562
chrX	19750000	20000000	1.0288
chrX	20000000	20250000	0.591251
chrX	20250000	20500000	0.152327
chrX	20500000	20750000	-0.219816
chrX	20750000	21000000	-0.494107
chrX	21000000	21250000	-0.507007
chrX	21250000	21500000	-0.314904
chrX	21500000	21750000	-0.138171
chrX	21750000	22000000	0.345588
chrX	22000000	22250000	0.425255
chrX	22250000	22500000	0.252532
chrX	22500000	22750000	0.213172
chrX	22750000	23000000	0.0462866
chrX	23000000	23250000	-0.415418
chrX	23250000	23500000	-0.175502
chrX	23500000	23750000	0.108066
chrX	23750000	24000000	1.07498
chrX	24000000	24250000	1.33923
chrX	24250000	24500000	0.587122
chrX	24500000	24750000	0.140169
chrX	24750000	25000000	0.549899
chrX	25000000	25250000	-0.281675
chrX	25250000	25500000	-0.67632
chrX	25500000	25750000	-0.792275
chrX	25750000	26000000	-0.790011
chrX	26000000	26250000	-0.771398
chrX	26250000	26500000	-0.769085
chrX	26500000	26750000	-0.676012
chrX	26750000	27000000	-0.787472
chrX	27000000	27250000	-0.675525
chrX	27250000	27500000	-0.587099
chrX	27500000	27750000	-0.608051
chrX	27750000	28000000	-0.424139
chrX	28000000	28250000	-0.502779
chrX	28250000	28500000	-0.494838
chrX	28500000	28750000	-0.368947
chrX	28750000	29000000	-0.398296
chrX	29000000	29250000	-0.139034
chrX	29250000	29500000	0.342209
chrX	29500000	29750000	0.464245
chrX	29750000	30000000	0.0332266
chrX	30000000	30250000	-0.157304
chrX	30250000	30500000	-0.122318
chrX	30500000	30750000	0.585211
chrX	30750000	31000000	-0.111027
chrX	31000000	31250000	0.2427
chrX	31250000	31500000	0.71623
chrX	31500000	31750000	0.150438
chrX	31750000	32000000	-0.632604
chrX	32000000	32250000	-0.699745
chrX	32250000	32500000	-0.637381
chrX	32500000	32750000	-0.708489
chrX	32750000	33000000	-0.68018
chrX	33000000	33250000	-0.751772
chrX	33250000	33500000	-0.58178
chrX	33500000	33750000	-0.658213
chrX	33750000	34000000	-0.624542
chrX	34000000	34250000	-0.643012
chrX	34250000	34500000	-0.24007
chrX	34500000	34750000	0.208687
chrX	34750000	35000000	0.581107
chrX	35000000	35250000	0.111253
chrX	35250000	35500000	-0.377091
chrX	35500000	35750000	-0.409718
chrX	35750000	36000000	-0.416927
chrX	36000000	36250000	-0.471434
chrX	36250000	36500000	-0.544622
chrX	36500000	36750000	-0.518351
chrX	36750000	37000000	-0.409054
chrX	37000000	37250000	-0.335685
chrX	37250000	37500000	0.219175
chrX	37500000	37750000	-0.188614
chrX	37750000	38000000	0.0993938
chrX	38000000	38250000	0.188537
chrX	38250000	38500000	0.134122
chrX	38500000	38750000	-0.0854066
chrX	38750000	39000000	0.536362
chrX	39000000	39250000	0.108934
chrX	39250000	39500000	-0.0114574
chrX	39500000	39750000	0.327367
chrX	39750000	40000000	0.846637
chrX	40000000	40250000	0.845376
chrX	40250000	40500000	0.305733
chrX	40500000	40750000	0.8219
chrX	40750000	41000000	1.11133
chrX	41000000	41250000	1.26474
chrX	41250000	41500000	1.08334
chrX	41500000	41750000	0.74378
chrX	41750000	42000000	0.23204
chrX	42000000	42250000	-0.191751
chrX	42250000	42500000	-0.206459
chrX	42500000	42750000	-0.252975
chrX	42750000	43000000	-0.236612
chrX	43000000	43250000	-0.450241
chrX	43250000	43500000	-0.465919
chrX	43500000	43750000	-0.492696
chrX	43750000	44000000	-0.16506
chrX	44000000	44250000	-0.161562
chrX	44250000	44500000	-0.155536
chrX	44500000	44750000	-0.0760081
chrX	44750000	45000000	0.297346
chrX	45000000	45250000	0.4657
chrX	45250000	45500000	0.650012
chrX	45500000	45750000	0.941538
chrX	45750000	46000000	0.610468
chrX	46000000	46250000	0.262218
chrX	46250000	46500000	0.583056
chrX	46500000	46750000	1.06457
chrX	46750000	47000000	1.15989
chrX	47000000	47250000	1.02535
chrX	47250000	47500000	0.868121
chrX	47500000	47750000	0.682881
chrX	47750000	48000000	0.250444
chrX	48000000	48250000	0.155954
chrX	48250000	48500000	0.302137
chrX	48500000	48750000	0.753726
chrX	48750000	49000000	0.898779
chrX	49000000	49250000	0.975029
chrX	49250000	49500000	0.412437
chrX	49500000	49750000	-0.206864
chrX	49750000	50000000	0.127649
chrX	50000000	50250000	0.0681693
chrX	50250000	50500000	-0.249192
chrX	50500000	50750000	-0.140467
chrX	50750000	51000000	-0.284136
chrX	51000000	51250000	-0.318437
chrX	51250000	51500000	-0.0887157
chrX	51500000	51750000	0.105907
chrX	51750000	52000000	0.144981
chrX	52000000	52250000	-0.00311333
chrX	52250000	52500000	0.20128
chrX	52500000	52750000	0.00135989
chrX	52750000	53000000	0.283672
chrX	53000000	53250000	1.14934
chrX	53250000	53500000	1.26879
chrX	53500000	53750000	1.09506
chrX	53750000	54000000	0.394803
chrX	54000000	54250000	0.693621
chrX	54250000	54500000	0.473834
chrX	54500000	54750000	0.147763
chrX	54750000	55000000	0.111775
chrX	55000000	55250000	0.0882414
chrX	55250000	55500000	-0.0804264
chrX	55500000	55750000	-0.00611735
chrX	55750000	56000000	-0.180002
chrX	56000000	56250000	-0.198391
chrX	56250000	56500000	-0.222177
chrX	56500000	56750000	0.0412117
chrX	56750000	57000000	0.245735
chrX	57000000	57250000	0.0398319
chrX	57250000	57500000	-0.356139
chrX	57500000	57750000	-0.166298
chrX	57750000	58000000	-0.16613
chrX	58000000	58250000	-0.438791
chrX	58250000	58500000	-0.548839
chrX	58500000	58750000	nan
chrX	58750000	59000000	nan
chrX	59000000	59250000	nan
chrX	59250000	59500000	nan
chrX	59500000	59750000	nan
chrX	59750000	60000000	nan
chrX	60000000	60250000	nan
chrX	60250000	60500000	nan
chrX	60500000	60750000	nan
chrX	60750000	61000000	nan
chrX	61000000	61250000	nan
chrX	61250000	61500000	nan
chrX	61500000	61750000	nan
chrX	61750000	62000000	nan
chrX	62000000	62250000	nan
chrX	62250000	62500000	nan
chrX	62500000	62750000	-0.73453
chrX	62750000	63000000	-0.848912
chrX	63000000	63250000	-0.727447
chrX	63250000	63500000	0.0201654
chrX	63500000	63750000	0.270041
chrX	63750000	64000000	-0.0340093
chrX	64000000	64250000	-0.150843
chrX	64250000	64500000	-0.488534
chrX	64500000	64750000	-0.577797
chrX	64750000	65000000	-0.469134
chrX	65000000	65250000	-0.511002
chrX	65250000	65500000	-0.553163
chrX	65500000	65750000	0.526174
chrX	65750000	66000000	-0.159137
chrX	66000000	66250000	-0.321201
chrX	66250000	66500000	-0.415536
chrX	66500000	66750000	0.163551
chrX	66750000	67000000	-0.466343
chrX	67000000	67250000	-0.567351
chrX	67250000	67500000	-0.371432
chrX	67500000	67750000	0.566594
chrX	67750000	68000000	-0.190145
chrX	68000000	68250000	0.191028
chrX	68250000	68500000	0.899857
chrX	68500000	68750000	0.526761
chrX	68750000	69000000	0.364123
chrX	69000000	69250000	0.609494
chrX	69250000	69500000	0.0978131
chrX	69500000	69750000	-0.359086
chrX	69750000	70000000	-0.677419
chrX	70000000	70250000	0.175268
chrX	70250000	70500000	0.743866
chrX	70500000	70750000	0.0422831
chrX	70750000	71000000	-0.127406
chrX	71000000	71250000	0.900726
chrX	71250000	71500000	1.20333
chrX	71500000	71750000	1.01449
chrX	71750000	72000000	0.208484
chrX	72000000	72250000	0.858378
chrX	72250000	72500000	0.510072
chrX	72500000	72750000	0.154918
chrX	72750000	73000000	nan
chrX	73000000	73250000	-0.751222
chrX	73250000	73500000	-0.692142
chrX	73500000	73750000	-0.201283
chrX	73750000	74000000	0.0292119
chrX	74000000	74250000	0.531483
chrX	74250000	74500000	0.945515
chrX	74500000	74750000	0.143273
chrX	74750000	75000000	-0.553019
chrX	75000000	75250000	-0.0848949
chrX	75250000	75500000	-0.363831
chrX	75500000	75750000	-0.546452
chrX	75750000	76000000	-0.689598
chrX	76000000	76250000	-0.299665
chrX	76250000	76500000	-0.292277
chrX	76500000	76750000	-0.579183
chrX	76750000	77000000	-0.584733
chrX	77000000	77250000	-0.482815
chrX	77250000	77500000	0.0562458
chrX	77500000	77750000	0.871763
chrX	77750000	78000000	0.822929
chrX	78000000	78250000	0.368978
chrX	78250000	78500000	-0.435569
chrX	78500000	78750000	0.133174
chrX	78750000	79000000	-0.409802
chrX	79000000	79250000	-0.56315
chrX	79250000	79500000	-0.591887
chrX	79500000	79750000	-0.678533
chrX	79750000	80000000	-0.674133
chrX	80000000	80250000	-0.699386
chrX	80250000	80500000	-0.579731
chrX	80500000	80750000	-0.162214
chrX	80750000	81000000	-0.0366451
chrX	81000000	81250000	-0.0311203
chrX	81250000	81500000	0.00603534
chrX	81500000	81750000	-0.566996
chrX	81750000	82000000	-0.564297
chrX	82000000	82250000	-0.566616
chrX	82250000	82500000	-0.659686
chrX	82500000	82750000	-0.530313
chrX	82750000	83000000	-0.56894
chrX	83000000	83250000	-0.697127
chrX	83250000	83500000	-0.669719
chrX	83500000	83750000	-0.558783
chrX	83750000	84000000	-0.400051
chrX	84000000	84250000	0.302253
chrX	84250000	84500000	0.182978
chrX	84500000	84750000	-0.124488
chrX	84750000	85000000	-0.118183
chrX	85000000	85250000	-0.0787242
chrX	85250000	85500000	-0.527824
chrX	85500000	85750000	-0.404178
chrX	85750000	86000000	0.229347
chrX	86000000	86250000	-0.0174427
chrX	86250000	86500000	-0.505776
chrX	86500000	86750000	-0.651869
chrX	86750000	87000000	-0.641304
chrX	87000000	87250000	-0.629444
chrX	87250000	87500000	-0.596878
chrX	87500000	87750000	-0.720461
chrX	87750000	88000000	-0.707791
chrX	88000000	88250000	-0.797402
chrX	88250000	88500000	-0.744115
chrX	88500000	88750000	-0.745995
chrX	88750000	89000000	-0.784132
chrX	89000000	89250000	-0.812576
chrX	89250000	89500000	-0.793154
chrX	89500000	89750000	nan
chrX	89750000	90000000	nan
chrX	90000000	90250000	-0.787696
chrX	90250000	90500000	nan
chrX	90500000	90750000	nan
chrX	90750000	91000000	nan
chrX	91000000	91250000	-0.848787
chrX	91250000	91500000	-0.842474
chrX	91500000	91750000	nan
chrX	91750000	92000000	nan
chrX	92000000	92250000	-0.754809
chrX	92250000	92500000	nan
chrX	92500000	92750000	-0.720945
chrX	92750000	93000000	nan
chrX	93000000	93250000	-0.728152
chrX	93250000	93500000	-0.820713
chrX	93500000	93750000	-0.641922
chrX	93750000	94000000	-0.659542
chrX	94000000	94250000	-0.745878
chrX	94250000	94500000	-0.713934
chrX	94500000	94750000	-0.584445
chrX	94750000	95000000	-0.43131
chrX	95000000	95250000	-0.291555
chrX	95250000	95500000	-0.519998
chrX	95500000	95750000	-0.666243
chrX	95750000	96000000	-0.629477
chrX	96000000	96250000	-0.594877
chrX	96250000	96500000	0.0872718
chrX	96500000	96750000	0.250319
chrX	96750000	97000000	0.708687
chrX	97000000	97250000	0.740332
chrX	97250000	97500000	0.731295
chrX	97500000	97750000	0.323035
chrX	97750000	98000000	0.326734
chrX	98000000	98250000	-0.00827731
chrX	98250000	98500000	-0.388664
chrX	98500000	98750000	-0.482538
chrX	98750000	99000000	-0.589181
chrX	99000000	99250000	-0.605159
chrX	99250000	99500000	-0.644603
chrX	99500000	99750000	-0.68315
chrX	99750000	100000000	-0.670254
chrX	100000000	100250000	-0.694317
chrX	100250000	100500000	-0.40255
chrX	100500000	100750000	0.390818
chrX	100750000	101000000	0.627334
chrX	101000000	101250000	1.17719
chrX	101250000	101500000	0.675725
chrX	101500000	101750000	0.228865
chrX	101750000	102000000	-0.410608
chrX	102000000	102250000	-0.458983
chrX	102250000	102500000	nan
chrX	102500000	102750000	0.326913
chrX	102750000	103000000	0.55713
chrX	103000000	103250000	0.33758
chrX	103250000	103500000	1.16546
chrX	103500000	103750000	1.26477
chrX	103750000	104000000	0.691025
chrX	104000000	104250000	0.233171
chrX	104250000	104500000	0.1499
chrX	104500000	104750000	-0.403912
chrX	104750000	105000000	-0.537812
chrX	105000000	105250000	-0.563192
chrX	105250000	105500000	-0.185779
chrX	105500000	105750000	-0.291968
chrX	105750000	106000000	-0.703655
chrX	106000000	106250000	-0.708928
chrX	106250000	106500000	-0.579482
chrX	106500000	106750000	-0.0150583
chrX	106750000	107000000	0.580928
chrX	107000000	107250000	0.0397416
chrX	107250000	107500000	-0.0738071
chrX	107500000	107750000	0.951503
chrX	107750000	108000000	0.500036
chrX	108000000	108250000	0.336994
chrX	108250000	108500000	0.189596
chrX	108500000	108750000	-0.032714
chrX	108750000	109000000	-0.577715
chrX	109000000	109250000	-0.639646
chrX	109250000	109500000	-0.374931
chrX	109500000	109750000	0.539178
chrX	109750000	110000000	0.947606
chrX	110000000	110250000	1.1199
chrX	110250000	110500000	0.800685
chrX	110500000	110750000	0.24184
chrX	110750000	111000000	0.0125105
chrX	111000000	111250000	-0.254722
chrX	111250000	111500000	-0.517928
chrX	111500000	111750000	-0.363093
chrX	111750000	112000000	-0.439462
chrX	112000000	112250000	-0.627005
chrX	112250000	112500000	-0.645652
chrX	112500000	112750000	-0.372314
chrX	112750000	113000000	-0.0723573
chrX	113000000	113250000	-0.378279
chrX	113250000	113500000	-0.148894
chrX	113500000	113750000	-0.0873511
chrX	113750000	114000000	-0.36695
chrX	114000000	114250000	-0.448894
chrX	114250000	114500000	-0.570959
chrX	114500000	114750000	-0.411255
chrX	114750000	115000000	-0.0374728
chrX	115000000	115250000	0.487496
chrX	115250000	115500000	0.722574
chrX	115500000	115750000	0.733458
chrX	115750000	116000000	-0.654519
chrX	116000000	116250000	-0.733832
chrX	116250000	116500000	-0.725907
chrX	116500000	116750000	-0.657178
chrX	116750000	117000000	-0.607189
chrX	117000000	117250000	-0.69538
chrX	117250000	117500000	-0.676919
chrX	117500000	117750000	-0.660274
chrX	117750000	118000000	-0.64955
chrX	118000000	118250000	-0.368071
chrX	118250000	118500000	0.607969
chrX	118500000	118750000	1.36276
chrX	118750000	119000000	0.609883
chrX	119000000	119250000	0.780991
chrX	119250000	119500000	0.966929
chrX	119500000	119750000	1.41144
chrX	119750000	120000000	1.06802
chrX	120000000	120250000	0.183517
chrX	120250000	120500000	0.302273
chrX	120500000	120750000	0.966943
chrX	120750000	121000000	0.252413
chrX	121000000	121250000	-0.233263
chrX	121250000	121500000	-0.217721
chrX	121500000	121750000	-0.120639
chrX	121750000	122000000	0.0311227
chrX	122000000	122250000	-0.0957838
chrX	122250000	122500000	0.0378815
chrX	122500000	122750000	0.322969
chrX	122750000	123000000	0.0138455
chrX	123000000	123250000	0.204957
chrX	123250000	123500000	0.48062
chrX	123500000	123750000	0.62922
chrX	123750000	124000000	1.04554
chrX	124000000	124250000	0.393719
chrX	124250000	124500000	-0.0575403
chrX	124500000	124750000	-0.0303552
chrX	124750000	125000000	-0.355682
chrX	125000000	125250000	-0.383299
chrX	125250000	125500000	-0.40555
chrX	125500000	125750000	-0.466896
chrX	125750000	126000000	-0.482027
chrX	126000000	126250000	-0.508941
chrX	126250000	126500000	-0.556896
chrX	126500000	126750000	-0.586236
chrX	126750000	127000000	-0.666565
chrX	127000000	127250000	-0.639686
chrX	127250000	127500000	-0.613299
chrX	127500000	127750000	-0.613253
chrX	127750000	128000000	-0.713008
chrX	128000000	128250000	-0.768275
chrX	128250000	128500000	-0.741154
chrX	128500000	128750000	-0.758624
chrX	128750000	129000000	-0.662546
chrX	129000000	129250000	-0.53183
chrX	129250000	129500000	-0.114102
chrX	129500000	129750000	1.4534
chrX	129750000	130000000	1.51353
chrX	130000000	130250000	1.36642
chrX	130250000	130500000	0.287274
chrX	130500000	130750000	0.786753
chrX	130750000	131000000	0.311376
chrX	131000000	131250000	-0.543242
chrX	131250000	131500000	-0.719304
chrX	131500000	131750000	-0.562894
chrX	131750000	132000000	-0.362361
chrX	132000000	132250000	0.106413
chrX	132250000	132500000	0.350731
chrX	132500000	132750000	-0.0727769
chrX	132750000	133000000	-0.494355
chrX	133000000	133250000	-0.494453
chrX	133250000	133500000	-0.536146
chrX	133500000	133750000	-0.381542
chrX	133750000	134000000	-0.256437
chrX	134000000	134250000	-0.247216
chrX	134250000	134500000	0.299959
chrX	134500000	134750000	1.54978
chrX	134750000	135000000	1.16443
chrX	135000000	135250000	0.573732
chrX	135250000	135500000	0.0526021
chrX	135500000	135750000	0.0719665
chrX	135750000	136000000	0.195074
chrX	136000000	136250000	1.15194
chrX	136250000	136500000	0.117485
chrX	136500000	136750000	0.249306
chrX	136750000	137000000	0.644511
chrX	137000000	137250000	-0.321945
chrX	137250000	137500000	-0.470993
chrX	137500000	137750000	-0.491383
chrX	137750000	138000000	-0.661898
chrX	138000000	138250000	-0.578837
chrX	138250000	138500000	-0.679303
chrX	138500000	138750000	-0.52618
chrX	138750000	139000000	-0.251722
chrX	139000000	139250000	-0.293782
chrX	139250000	139500000	-0.373889
chrX	139500000	139750000	0.0854649
chrX	139750000	140000000	0.699894
chrX	140000000	140250000	-0.309711
chrX	140250000	140500000	-0.55361
chrX	140500000	140750000	-0.500192
chrX	140750000	141000000	-0.190564
chrX	141000000	141250000	0.22402
chrX	141250000	141500000	0.325392
chrX	141500000	141750000	0.269231
chrX	141750000	142000000	0.0184941
chrX	142000000	142250000	-0.395322
chrX	142250000	142500000	-0.504046
chrX	142500000	142750000	-0.533891
chrX	142750000	143000000	-0.544795
chrX	143000000	143250000	-0.566542
chrX	143250000	143500000	-0.663509
chrX	143500000	143750000	-0.51392
chrX	143750000	144000000	-0.468629
chrX	144000000	144250000	-0.466152
chrX	144250000	144500000	-0.575087
chrX	144500000	144750000	-0.561101
chrX	144750000	145000000	-0.641753
chrX	145000000	145250000	-0.741293
chrX	145250000	145500000	-0.75962
chrX	145500000	145750000	-0.789731
chrX	145750000	146000000	-0.757303
chrX	146000000	146250000	-0.79857
chrX	146250000	146500000	-0.758839
chrX	146500000	146750000	-0.86323
chrX	146750000	147000000	-0.754866
chrX	147000000	147250000	-0.665041
chrX	147250000	147500000	-0.658861
chrX	147500000	147750000	-0.504753
chrX	147750000	148000000	-0.165139
chrX	148000000	148250000	-0.349968
chrX	148250000	148500000	-0.390289
chrX	148500000	148750000	-0.377251
chrX	148750000	149000000	-0.488808
chrX	149000000	149250000	-0.541488
chrX	149250000	149500000	-0.204835
chrX	149500000	149750000	0.451917
chrX	149750000	150000000	0.356441
chrX	150000000	150250000	1.26929
chrX	150250000	150500000	1.23747
chrX	150500000	150750000	1.01745
chrX	150750000	151000000	0.574642
chrX	151000000	151250000	-0.222663
chrX	151250000	151500000	-0.125735
chrX	151500000	151750000	-0.205581
chrX	151750000	152000000	0.344425
chrX	152000000	152250000	-0.206619
chrX	152250000	152500000	-0.424935
chrX	152500000	152750000	-0.188899
chrX	152750000	153000000	0.529454
chrX	153000000	153250000	0.267466
chrX	153250000	153500000	0.804119
chrX	153500000	153750000	1.25054
chrX	153750000	154000000	1.6145
chrX	154000000	154250000	1.59907
chrX	154250000	154500000	1.8268
chrX	154500000	154750000	1.47356
chrX	154750000	155000000	0.469898
chrX	155000000	155250000	0.0129683
chrX	155250000	155500000	-0.804365
chrX	155500000	155750000	-0.453807
chrX	155750000	156000000	-0.196495
chrX	156000000	156040895	nan
#bedGraph section chrY:0-57227415
chrY	0	250000	nan
chrY	250000	500000	nan
chrY	500000	750000	nan
chrY	750000	1000000	nan
chrY	1000000	1250000	nan
chrY	1250000	1500000	nan
chrY	1500000	1750000	nan
chrY	1750000	2000000	nan
chrY	2000000	2250000	nan
chrY	2250000	2500000	nan
chrY	2500000	2750000	nan
chrY	2750000	3000000	-0.0636511
chrY	3000000	3250000	-0.109325
chrY	3250000	3500000	-0.0686466
chrY	3500000	3750000	0.00865857
chrY	3750000	4000000	0.0961618
chrY	4000000	4250000	0.0466578
chrY	4250000	4500000	0.107922
chrY	4500000	4750000	-0.00217605
chrY	4750000	5000000	-0.0614089
chrY	5000000	5250000	-0.00793043
chrY	5250000	5500000	0.0131493
chrY	5500000	5750000	-0.0237124
chrY	5750000	6000000	-0.0936104
chrY	6000000	6250000	-0.0812871
chrY	6250000	6500000	nan
chrY	6500000	6750000	-0.143211
chrY	6750000	7000000	-0.399597
chrY	7000000	7250000	-0.249337
chrY	7250000	7500000	0.107277
chrY	7500000	7750000	0.202534
chrY	7750000	8000000	0.173366
chrY	8000000	8250000	0.370412
chrY	8250000	8500000	0.337307
chrY	8500000	8750000	0.428816
chrY	8750000	9000000	0.494109
chrY	9000000	9250000	0.704829
chrY	9250000	9500000	0.594262
chrY	9500000	9750000	0.660318
chrY	9750000	10000000	0.857913
chrY	10000000	10250000	0.678051
chrY	10250000	10500000	nan
chrY	10500000	10750000	nan
chrY	10750000	11000000	0.687241
chrY	11000000	11250000	0.916512
chrY	11250000	11500000	0.636862
chrY	11500000	11750000	0.662011
chrY	11750000	12000000	0.909651
chrY	12000000	12250000	0.826275
chrY	12250000	12500000	0.607736
chrY	12500000	12750000	0.423061
chrY	12750000	13000000	0.583547
chrY	13000000	13250000	0.746282
chrY	13250000	13500000	0.583105
chrY	13500000	13750000	0.982338
chrY	13750000	14000000	1.04843
chrY	14000000	14250000	0.824116
chrY	14250000	14500000	0.642219
chrY	14500000	14750000	0.429236
chrY	14750000	15000000	0.316398
chrY	15000000	15250000	0.251611
chrY	15250000	15500000	0.0557908
chrY	15500000	15750000	-0.0771334
chrY	15750000	16000000	-0.185619
chrY	16000000	16250000	-0.344297
chrY	16250000	16500000	-0.566515
chrY	16500000	16750000	-0.722817
chrY	16750000	17000000	-0.850896
chrY	17000000	17250000	-1.12712
chrY	17250000	17500000	-1.25391
chrY	17500000	17750000	nan
chrY	17750000	18000000	nan
chrY	18000000	18250000	nan
chrY	18250000	18500000	nan
chrY	18500000	18750000	nan
chrY	18750000	19000000	-0.46802
chrY	19000000	19250000	-0.539592
chrY	19250000	19500000	-0.350369
chrY	19500000	19750000	-0.298863
chrY	19750000	20000000	-0.212329
chrY	20000000	20250000	nan
chrY	20250000	20500000	-0.0889804
chrY	20500000	20750000	-0.258448
chrY	20750000	21000000	-0.18494
chrY	21000000	21250000	-0.154693
chrY	21250000	21500000	-0.0834016
chrY	21500000	21750000	-0.369225
chrY	21750000	22000000	-0.398904
chrY	22000000	22250000	nan
chrY	22250000	22500000	-0.056706
chrY	22500000	22750000	nan
chrY	22750000	23000000	nan
chrY	23000000	23250000	nan
chrY	23250000	23500000	nan
chrY	23500000	23750000	nan
chrY	23750000	24000000	nan
chrY	24000000	24250000	nan
chrY	24250000	24500000	nan
chrY	24500000	24750000	nan
chrY	24750000	25000000	nan
chrY	25000000	25250000	nan
chrY	25250000	25500000	nan
chrY	25500000	25750000	nan
chrY	25750000	26000000	nan
chrY	26000000	26250000	nan
chrY	26250000	26500000	0.412384
chrY	26500000	26750000	0.163854
chrY	26750000	27000000	nan
chrY	27000000	27250000	nan
chrY	27250000	27500000	nan
chrY	27500000	27750000	nan
chrY	27750000	28000000	nan
chrY	28000000	28250000	nan
chrY	28250000	28500000	nan
chrY	28500000	28750000	nan
chrY	28750000	29000000	nan
chrY	29000000	29250000	nan
chrY	29250000	29500000	nan
chrY	29500000	29750000	nan
chrY	29750000	30000000	nan
chrY	30000000	30250000	nan
chrY	30250000	30500000	nan
chrY	30500000	30750000	nan
chrY	30750000	31000000	nan
chrY	31000000	31250000	nan
chrY	31250000	31500000	nan
chrY	31500000	31750000	nan
chrY	31750000	32000000	nan
chrY	32000000	32250000	nan
chrY	32250000	32500000	nan
chrY	32500000	32750000	nan
chrY	32750000	33000000	nan
chrY	33000000	33250000	nan
chrY	33250000	33500000	nan
chrY	33500000	33750000	nan
chrY	33750000	34000000	nan
chrY	34000000	34250000	nan
chrY	34250000	34500000	nan
chrY	34500000	34750000	nan
chrY	34750000	35000000	nan
chrY	35000000	35250000	nan
chrY	35250000	35500000	nan
chrY	35500000	35750000	nan
chrY	35750000	36000000	nan
chrY	36000000	36250000	nan
chrY	36250000	36500000	nan
chrY	36500000	36750000	nan
chrY	36750000	37000000	nan
chrY	37000000	37250000	nan
chrY	37250000	37500000	nan
chrY	37500000	37750000	nan
chrY	37750000	38000000	nan
chrY	38000000	38250000	nan
chrY	38250000	38500000	nan
chrY	38500000	38750000	nan
chrY	38750000	39000000	nan
chrY	39000000	39250000	nan
chrY	39250000	39500000	nan
chrY	39500000	39750000	nan
chrY	39750000	40000000	nan
chrY	40000000	40250000	nan
chrY	40250000	40500000	nan
chrY	40500000	40750000	nan
chrY	40750000	41000000	nan
chrY	41000000	41250000	nan
chrY	41250000	41500000	nan
chrY	41500000	41750000	nan
chrY	41750000	42000000	nan
chrY	42000000	42250000	nan
chrY	42250000	42500000	nan
chrY	42500000	42750000	nan
chrY	42750000	43000000	nan
chrY	43000000	43250000	nan
chrY	43250000	43500000	nan
chrY	43500000	43750000	nan
chrY	43750000	44000000	nan
chrY	44000000	44250000	nan
chrY	44250000	44500000	nan
chrY	44500000	44750000	nan
chrY	44750000	45000000	nan
chrY	45000000	45250000	nan
chrY	45250000	45500000	nan
chrY	45500000	45750000	nan
chrY	45750000	46000000	nan
chrY	46000000	46250000	nan
chrY	46250000	46500000	nan
chrY	46500000	46750000	nan
chrY	46750000	47000000	nan
chrY	47000000	47250000	nan
chrY	47250000	47500000	nan
chrY	47500000	47750000	nan
chrY	47750000	48000000	nan
chrY	48000000	48250000	nan
chrY	48250000	48500000	nan
chrY	48500000	48750000	nan
chrY	48750000	49000000	nan
chrY	49000000	49250000	nan
chrY	49250000	49500000	nan
chrY	49500000	49750000	nan
chrY	49750000	50000000	nan
chrY	50000000	50250000	nan
chrY	50250000	50500000	nan
chrY	50500000	50750000	nan
chrY	50750000	51000000	nan
chrY	51000000	51250000	nan
chrY	51250000	51500000	nan
chrY	51500000	51750000	nan
chrY	51750000	52000000	nan
chrY	52000000	52250000	nan
chrY	52250000	52500000	nan
chrY	52500000	52750000	nan
chrY	52750000	53000000	nan
chrY	53000000	53250000	nan
chrY	53250000	53500000	nan
chrY	53500000	53750000	nan
chrY	53750000	54000000	nan
chrY	54000000	54250000	nan
chrY	54250000	54500000	nan
chrY	54500000	54750000	nan
chrY	54750000	55000000	nan
chrY	55000000	55250000	nan
chrY	55250000	55500000	nan
chrY	55500000	55750000	nan
chrY	55750000	56000000	nan
chrY	56000000	56250000	nan
chrY	56250000	56500000	nan
chrY	56500000	56750000	nan
chrY	56750000	57000000	-0.0132993
chrY	57000000	57227415	nan
