#bedGraph section chr1:0-248956422
chr1	0	250000	nan
chr1	250000	500000	nan
chr1	500000	750000	nan
chr1	750000	1000000	nan
chr1	1000000	1250000	0.641679
chr1	1250000	1500000	nan
chr1	1500000	1750000	0.798593
chr1	1750000	2000000	0.77462
chr1	2000000	2250000	0.729726
chr1	2250000	2500000	0.600392
chr1	2500000	2750000	nan
chr1	2750000	3000000	nan
chr1	3000000	3250000	0.457785
chr1	3250000	3500000	0.536308
chr1	3500000	3750000	0.618588
chr1	3750000	4000000	0.503777
chr1	4000000	4250000	0.319117
chr1	4250000	4500000	0.25005
chr1	4500000	4750000	0.373857
chr1	4750000	5000000	0.362219
chr1	5000000	5250000	0.366118
chr1	5250000	5500000	0.382053
chr1	5500000	5750000	0.329281
chr1	5750000	6000000	0.451808
chr1	6000000	6250000	0.570456
chr1	6250000	6500000	0.646543
chr1	6500000	6750000	0.624308
chr1	6750000	7000000	0.543746
chr1	7000000	7250000	0.502819
chr1	7250000	7500000	0.464983
chr1	7500000	7750000	0.524994
chr1	7750000	8000000	0.546567
chr1	8000000	8250000	0.675444
chr1	8250000	8500000	0.583356
chr1	8500000	8750000	0.679029
chr1	8750000	9000000	0.673594
chr1	9000000	9250000	0.550759
chr1	9250000	9500000	0.708693
chr1	9500000	9750000	0.645398
chr1	9750000	10000000	0.619179
chr1	10000000	10250000	0.70175
chr1	10250000	10500000	0.684625
chr1	10500000	10750000	0.679489
chr1	10750000	11000000	0.64265
chr1	11000000	11250000	0.621971
chr1	11250000	11500000	0.648045
chr1	11500000	11750000	0.661054
chr1	11750000	12000000	0.708961
chr1	12000000	12250000	0.341221
chr1	12250000	12500000	0.145314
chr1	12500000	12750000	-0.0356936
chr1	12750000	13000000	nan
chr1	13000000	13250000	nan
chr1	13250000	13500000	nan
chr1	13500000	13750000	-0.0627603
chr1	13750000	14000000	-0.0989745
chr1	14000000	14250000	-0.111271
chr1	14250000	14500000	-0.0421966
chr1	14500000	14750000	0.11049
chr1	14750000	15000000	0.156968
chr1	15000000	15250000	0.180189
chr1	15250000	15500000	0.386022
chr1	15500000	15750000	0.722801
chr1	15750000	16000000	0.802162
chr1	16000000	16250000	0.759063
chr1	16250000	16500000	0.850156
chr1	16500000	16750000	0.832166
chr1	16750000	17000000	0.778284
chr1	17000000	17250000	0.649699
chr1	17250000	17500000	0.661137
chr1	17500000	17750000	0.615868
chr1	17750000	18000000	0.555855
chr1	18000000	18250000	0.54554
chr1	18250000	18500000	0.557215
chr1	18500000	18750000	0.595788
chr1	18750000	19000000	0.593386
chr1	19000000	19250000	0.72379
chr1	19250000	19500000	0.671788
chr1	19500000	19750000	0.614379
chr1	19750000	20000000	0.527504
chr1	20000000	20250000	0.591263
chr1	20250000	20500000	0.58761
chr1	20500000	20750000	0.534468
chr1	20750000	21000000	0.657843
chr1	21000000	21250000	0.555404
chr1	21250000	21500000	0.564683
chr1	21500000	21750000	0.586663
chr1	21750000	22000000	0.637785
chr1	22000000	22250000	0.600332
chr1	22250000	22500000	0.571117
chr1	22500000	22750000	0.571934
chr1	22750000	23000000	0.570496
chr1	23000000	23250000	0.590294
chr1	23250000	23500000	0.616825
chr1	23500000	23750000	0.702166
chr1	23750000	24000000	0.669431
chr1	24000000	24250000	0.594353
chr1	24250000	24500000	0.654155
chr1	24500000	24750000	0.600203
chr1	24750000	25000000	0.508357
chr1	25000000	25250000	0.587557
chr1	25250000	25500000	0.630459
chr1	25500000	25750000	0.599441
chr1	25750000	26000000	0.605958
chr1	26000000	26250000	0.578833
chr1	26250000	26500000	0.678792
chr1	26500000	26750000	0.674788
chr1	26750000	27000000	0.682522
chr1	27000000	27250000	0.564498
chr1	27250000	27500000	0.569261
chr1	27500000	27750000	0.666461
chr1	27750000	28000000	0.64191
chr1	28000000	28250000	0.586034
chr1	28250000	28500000	0.629121
chr1	28500000	28750000	0.534917
chr1	28750000	29000000	0.541814
chr1	29000000	29250000	0.495812
chr1	29250000	29500000	0.416397
chr1	29500000	29750000	0.427895
chr1	29750000	30000000	0.418643
chr1	30000000	30250000	0.408231
chr1	30250000	30500000	0.420785
chr1	30500000	30750000	0.491011
chr1	30750000	31000000	0.552236
chr1	31000000	31250000	0.509394
chr1	31250000	31500000	0.617305
chr1	31500000	31750000	0.650716
chr1	31750000	32000000	0.609272
chr1	32000000	32250000	0.691611
chr1	32250000	32500000	0.662543
chr1	32500000	32750000	0.611971
chr1	32750000	33000000	0.605747
chr1	33000000	33250000	0.511174
chr1	33250000	33500000	0.536852
chr1	33500000	33750000	0.414617
chr1	33750000	34000000	0.413696
chr1	34000000	34250000	0.428555
chr1	34250000	34500000	0.386885
chr1	34500000	34750000	0.404651
chr1	34750000	35000000	0.512989
chr1	35000000	35250000	nan
chr1	35250000	35500000	0.613145
chr1	35500000	35750000	0.624817
chr1	35750000	36000000	0.638186
chr1	36000000	36250000	0.710106
chr1	36250000	36500000	0.705078
chr1	36500000	36750000	0.543286
chr1	36750000	37000000	0.5231
chr1	37000000	37250000	0.500334
chr1	37250000	37500000	0.498101
chr1	37500000	37750000	0.641032
chr1	37750000	38000000	0.638751
chr1	38000000	38250000	0.511276
chr1	38250000	38500000	0.538363
chr1	38500000	38750000	0.502658
chr1	38750000	39000000	0.540085
chr1	39000000	39250000	0.64379
chr1	39250000	39500000	0.686672
chr1	39500000	39750000	0.648403
chr1	39750000	40000000	0.69585
chr1	40000000	40250000	0.72564
chr1	40250000	40500000	0.635471
chr1	40500000	40750000	0.622838
chr1	40750000	41000000	0.637993
chr1	41000000	41250000	0.565702
chr1	41250000	41500000	0.54955
chr1	41500000	41750000	0.48072
chr1	41750000	42000000	0.485856
chr1	42000000	42250000	0.433898
chr1	42250000	42500000	0.518684
chr1	42500000	42750000	0.502757
chr1	42750000	43000000	0.627998
chr1	43000000	43250000	0.607296
chr1	43250000	43500000	0.762225
chr1	43500000	43750000	0.725534
chr1	43750000	44000000	0.686451
chr1	44000000	44250000	0.744448
chr1	44250000	44500000	0.756337
chr1	44500000	44750000	0.83294
chr1	44750000	45000000	0.788739
chr1	45000000	45250000	0.62974
chr1	45250000	45500000	0.731239
chr1	45500000	45750000	0.820911
chr1	45750000	46000000	0.742249
chr1	46000000	46250000	0.73744
chr1	46250000	46500000	0.81026
chr1	46500000	46750000	0.670273
chr1	46750000	47000000	0.520101
chr1	47000000	47250000	0.490286
chr1	47250000	47500000	0.457259
chr1	47500000	47750000	0.259295
chr1	47750000	48000000	0.0305347
chr1	48000000	48250000	0.030485
chr1	48250000	48500000	-0.17249
chr1	48500000	48750000	-0.343586
chr1	48750000	49000000	-0.518907
chr1	49000000	49250000	-0.666656
chr1	49250000	49500000	-0.628445
chr1	49500000	49750000	-0.623056
chr1	49750000	50000000	-0.648995
chr1	50000000	50250000	-0.506899
chr1	50250000	50500000	-0.395157
chr1	50500000	50750000	-0.249288
chr1	50750000	51000000	-0.286359
chr1	51000000	51250000	-0.201961
chr1	51250000	51500000	0.120254
chr1	51500000	51750000	0.339659
chr1	51750000	52000000	0.543882
chr1	52000000	52250000	0.675925
chr1	52250000	52500000	0.744066
chr1	52500000	52750000	0.806179
chr1	52750000	53000000	0.721855
chr1	53000000	53250000	0.731701
chr1	53250000	53500000	0.823848
chr1	53500000	53750000	0.747039
chr1	53750000	54000000	0.705063
chr1	54000000	54250000	0.657973
chr1	54250000	54500000	0.679398
chr1	54500000	54750000	0.641751
chr1	54750000	55000000	0.524673
chr1	55000000	55250000	0.424946
chr1	55250000	55500000	0.117213
chr1	55500000	55750000	0.00319911
chr1	55750000	56000000	0.00559993
chr1	56000000	56250000	-0.0255162
chr1	56250000	56500000	0.112133
chr1	56500000	56750000	0.0733321
chr1	56750000	57000000	0.191504
chr1	57000000	57250000	0.0670492
chr1	57250000	57500000	0.124598
chr1	57500000	57750000	0.116722
chr1	57750000	58000000	0.0722987
chr1	58000000	58250000	0.0220223
chr1	58250000	58500000	0.0675745
chr1	58500000	58750000	0.0521322
chr1	58750000	59000000	0.0156032
chr1	59000000	59250000	-0.0289832
chr1	59250000	59500000	-0.08287
chr1	59500000	59750000	-0.0500159
chr1	59750000	60000000	-0.325438
chr1	60000000	60250000	-0.65029
chr1	60250000	60500000	-0.810576
chr1	60500000	60750000	-0.759528
chr1	60750000	61000000	-0.533572
chr1	61000000	61250000	-0.423452
chr1	61250000	61500000	-0.380984
chr1	61500000	61750000	-0.324774
chr1	61750000	62000000	-0.180561
chr1	62000000	62250000	0.000806317
chr1	62250000	62500000	0.175916
chr1	62500000	62750000	0.17387
chr1	62750000	63000000	0.086501
chr1	63000000	63250000	0.0713923
chr1	63250000	63500000	0.0901291
chr1	63500000	63750000	0.0283237
chr1	63750000	64000000	0.0206256
chr1	64000000	64250000	-0.0214055
chr1	64250000	64500000	-0.034516
chr1	64500000	64750000	-0.0356265
chr1	64750000	65000000	-0.140507
chr1	65000000	65250000	-0.288464
chr1	65250000	65500000	-0.519821
chr1	65500000	65750000	-0.681221
chr1	65750000	66000000	-0.795033
chr1	66000000	66250000	-0.808409
chr1	66250000	66500000	-0.5574
chr1	66500000	66750000	-0.714544
chr1	66750000	67000000	-0.676289
chr1	67000000	67250000	-0.521318
chr1	67250000	67500000	-0.355012
chr1	67500000	67750000	-0.349447
chr1	67750000	68000000	-0.578542
chr1	68000000	68250000	-0.603607
chr1	68250000	68500000	-0.549632
chr1	68500000	68750000	-0.692884
chr1	68750000	69000000	-0.642595
chr1	69000000	69250000	-0.66862
chr1	69250000	69500000	-0.593176
chr1	69500000	69750000	-0.651556
chr1	69750000	70000000	-0.694313
chr1	70000000	70250000	-0.610018
chr1	70250000	70500000	-0.38049
chr1	70500000	70750000	-0.672491
chr1	70750000	71000000	-0.791743
chr1	71000000	71250000	-0.756103
chr1	71250000	71500000	-0.854617
chr1	71500000	71750000	-0.735526
chr1	71750000	72000000	-0.820628
chr1	72000000	72250000	-0.755621
chr1	72250000	72500000	-0.702265
chr1	72500000	72750000	-0.709817
chr1	72750000	73000000	-0.745173
chr1	73000000	73250000	-0.699659
chr1	73250000	73500000	-0.763716
chr1	73500000	73750000	-0.69663
chr1	73750000	74000000	-0.707422
chr1	74000000	74250000	-0.701758
chr1	74250000	74500000	-0.734131
chr1	74500000	74750000	-0.671658
chr1	74750000	75000000	-0.764925
chr1	75000000	75250000	-0.671144
chr1	75250000	75500000	-0.782153
chr1	75500000	75750000	-0.65933
chr1	75750000	76000000	-0.58017
chr1	76000000	76250000	-0.481042
chr1	76250000	76500000	-0.555293
chr1	76500000	76750000	-0.629348
chr1	76750000	77000000	-0.600402
chr1	77000000	77250000	-0.543874
chr1	77250000	77500000	-0.531003
chr1	77500000	77750000	-0.373897
chr1	77750000	78000000	-0.296534
chr1	78000000	78250000	-0.531176
chr1	78250000	78500000	-0.746677
chr1	78500000	78750000	-0.692069
chr1	78750000	79000000	-0.76195
chr1	79000000	79250000	-0.731291
chr1	79250000	79500000	-0.567474
chr1	79500000	79750000	-0.62323
chr1	79750000	80000000	-0.649669
chr1	80000000	80250000	-0.593359
chr1	80250000	80500000	-0.59802
chr1	80500000	80750000	-0.629299
chr1	80750000	81000000	-0.642586
chr1	81000000	81250000	-0.569932
chr1	81250000	81500000	-0.383371
chr1	81500000	81750000	-0.383924
chr1	81750000	82000000	-0.243568
chr1	82000000	82250000	-0.250938
chr1	82250000	82500000	-0.292573
chr1	82500000	82750000	-0.284173
chr1	82750000	83000000	-0.229377
chr1	83000000	83250000	-0.308014
chr1	83250000	83500000	-0.175862
chr1	83500000	83750000	-0.223305
chr1	83750000	84000000	-0.253665
chr1	84000000	84250000	-0.435291
chr1	84250000	84500000	-0.399987
chr1	84500000	84750000	-0.303363
chr1	84750000	85000000	-0.491943
chr1	85000000	85250000	-0.491207
chr1	85250000	85500000	-0.725152
chr1	85500000	85750000	-0.743391
chr1	85750000	86000000	-0.839725
chr1	86000000	86250000	-0.886348
chr1	86250000	86500000	-0.706416
chr1	86500000	86750000	-0.748482
chr1	86750000	87000000	-0.44886
chr1	87000000	87250000	-0.541362
chr1	87250000	87500000	-0.560784
chr1	87500000	87750000	-0.715486
chr1	87750000	88000000	-0.671158
chr1	88000000	88250000	-0.70722
chr1	88250000	88500000	-0.844583
chr1	88500000	88750000	-0.70149
chr1	88750000	89000000	-0.576423
chr1	89000000	89250000	-0.847583
chr1	89250000	89500000	-0.816178
chr1	89500000	89750000	-0.607917
chr1	89750000	90000000	-0.423031
chr1	90000000	90250000	-0.360659
chr1	90250000	90500000	-0.463313
chr1	90500000	90750000	-0.348261
chr1	90750000	91000000	-0.223642
chr1	91000000	91250000	-0.391896
chr1	91250000	91500000	-0.423702
chr1	91500000	91750000	-0.272766
chr1	91750000	92000000	-0.33371
chr1	92000000	92250000	-0.442717
chr1	92250000	92500000	-0.377567
chr1	92500000	92750000	-0.418972
chr1	92750000	93000000	-0.0669424
chr1	93000000	93250000	0.0416979
chr1	93250000	93500000	0.117398
chr1	93500000	93750000	0.135007
chr1	93750000	94000000	0.122869
chr1	94000000	94250000	0.172606
chr1	94250000	94500000	0.0249337
chr1	94500000	94750000	0.0923712
chr1	94750000	95000000	-0.0793697
chr1	95000000	95250000	-0.287762
chr1	95250000	95500000	-0.448184
chr1	95500000	95750000	-0.542579
chr1	95750000	96000000	-0.529207
chr1	96000000	96250000	-0.521559
chr1	96250000	96500000	-0.587635
chr1	96500000	96750000	-0.534466
chr1	96750000	97000000	-0.456528
chr1	97000000	97250000	-0.561339
chr1	97250000	97500000	-0.629293
chr1	97500000	97750000	-0.602717
chr1	97750000	98000000	-0.597751
chr1	98000000	98250000	-0.572823
chr1	98250000	98500000	-0.564884
chr1	98500000	98750000	-0.643266
chr1	98750000	99000000	-0.574443
chr1	99000000	99250000	-0.537124
chr1	99250000	99500000	-0.595232
chr1	99500000	99750000	-0.426125
chr1	99750000	100000000	-0.0930955
chr1	100000000	100250000	0.00865062
chr1	100250000	100500000	-0.0160577
chr1	100500000	100750000	-0.265085
chr1	100750000	101000000	-0.28866
chr1	101000000	101250000	-0.421134
chr1	101250000	101500000	-0.534827
chr1	101500000	101750000	-0.645861
chr1	101750000	102000000	-0.694045
chr1	102000000	102250000	-0.759303
chr1	102250000	102500000	-0.71888
chr1	102500000	102750000	-0.691399
chr1	102750000	103000000	-0.689039
chr1	103000000	103250000	-0.767398
chr1	103250000	103500000	-0.776021
chr1	103500000	103750000	nan
chr1	103750000	104000000	-0.744481
chr1	104000000	104250000	-0.74267
chr1	104250000	104500000	-0.82658
chr1	104500000	104750000	-0.697619
chr1	104750000	105000000	-0.693469
chr1	105000000	105250000	-0.722725
chr1	105250000	105500000	-0.780133
chr1	105500000	105750000	-0.673514
chr1	105750000	106000000	-0.635102
chr1	106000000	106250000	-0.734166
chr1	106250000	106500000	-0.668731
chr1	106500000	106750000	-0.729753
chr1	106750000	107000000	-0.718148
chr1	107000000	107250000	-0.638514
chr1	107250000	107500000	-0.616545
chr1	107500000	107750000	-0.61725
chr1	107750000	108000000	-0.503803
chr1	108000000	108250000	-0.424972
chr1	108250000	108500000	nan
chr1	108500000	108750000	-0.168697
chr1	108750000	109000000	0.292482
chr1	109000000	109250000	0.58385
chr1	109250000	109500000	0.651352
chr1	109500000	109750000	0.739188
chr1	109750000	110000000	0.734539
chr1	110000000	110250000	0.560163
chr1	110250000	110500000	0.398054
chr1	110500000	110750000	0.101252
chr1	110750000	111000000	-0.054207
chr1	111000000	111250000	0.0590792
chr1	111250000	111500000	0.196425
chr1	111500000	111750000	0.309004
chr1	111750000	112000000	0.365095
chr1	112000000	112250000	0.321659
chr1	112250000	112500000	0.404111
chr1	112500000	112750000	0.553226
chr1	112750000	113000000	0.710701
chr1	113000000	113250000	0.490808
chr1	113250000	113500000	0.404505
chr1	113500000	113750000	0.374026
chr1	113750000	114000000	0.500248
chr1	114000000	114250000	0.510774
chr1	114250000	114500000	0.401963
chr1	114500000	114750000	0.358158
chr1	114750000	115000000	0.180828
chr1	115000000	115250000	0.189394
chr1	115250000	115500000	0.262135
chr1	115500000	115750000	0.279411
chr1	115750000	116000000	0.262847
chr1	116000000	116250000	0.22432
chr1	116250000	116500000	0.366943
chr1	116500000	116750000	0.120144
chr1	116750000	117000000	0.0925656
chr1	117000000	117250000	-0.00606769
chr1	117250000	117500000	-0.173713
chr1	117500000	117750000	-0.280603
chr1	117750000	118000000	-0.503421
chr1	118000000	118250000	-0.596794
chr1	118250000	118500000	-0.814662
chr1	118500000	118750000	-0.883474
chr1	118750000	119000000	-0.783909
chr1	119000000	119250000	-0.647107
chr1	119250000	119500000	-0.537787
chr1	119500000	119750000	-0.377253
chr1	119750000	120000000	-0.134873
chr1	120000000	120250000	nan
chr1	120250000	120500000	nan
chr1	120500000	120750000	nan
chr1	120750000	121000000	nan
chr1	121000000	121250000	nan
chr1	121250000	121500000	nan
chr1	121500000	121750000	nan
chr1	121750000	122000000	nan
chr1	122000000	122250000	nan
chr1	122250000	122500000	nan
chr1	122500000	122750000	nan
chr1	122750000	123000000	nan
chr1	123000000	123250000	nan
chr1	123250000	123500000	nan
chr1	123500000	123750000	nan
chr1	123750000	124000000	nan
chr1	124000000	124250000	nan
chr1	124250000	124500000	nan
chr1	124500000	124750000	nan
chr1	124750000	125000000	nan
chr1	125000000	125250000	nan
chr1	125250000	125500000	nan
chr1	125500000	125750000	nan
chr1	125750000	126000000	nan
chr1	126000000	126250000	nan
chr1	126250000	126500000	nan
chr1	126500000	126750000	nan
chr1	126750000	127000000	nan
chr1	127000000	127250000	nan
chr1	127250000	127500000	nan
chr1	127500000	127750000	nan
chr1	127750000	128000000	nan
chr1	128000000	128250000	nan
chr1	128250000	128500000	nan
chr1	128500000	128750000	nan
chr1	128750000	129000000	nan
chr1	129000000	129250000	nan
chr1	129250000	129500000	nan
chr1	129500000	129750000	nan
chr1	129750000	130000000	nan
chr1	130000000	130250000	nan
chr1	130250000	130500000	nan
chr1	130500000	130750000	nan
chr1	130750000	131000000	nan
chr1	131000000	131250000	nan
chr1	131250000	131500000	nan
chr1	131500000	131750000	nan
chr1	131750000	132000000	nan
chr1	132000000	132250000	nan
chr1	132250000	132500000	nan
chr1	132500000	132750000	nan
chr1	132750000	133000000	nan
chr1	133000000	133250000	nan
chr1	133250000	133500000	nan
chr1	133500000	133750000	nan
chr1	133750000	134000000	nan
chr1	134000000	134250000	nan
chr1	134250000	134500000	nan
chr1	134500000	134750000	nan
chr1	134750000	135000000	nan
chr1	135000000	135250000	nan
chr1	135250000	135500000	nan
chr1	135500000	135750000	nan
chr1	135750000	136000000	nan
chr1	136000000	136250000	nan
chr1	136250000	136500000	nan
chr1	136500000	136750000	nan
chr1	136750000	137000000	nan
chr1	137000000	137250000	nan
chr1	137250000	137500000	nan
chr1	137500000	137750000	nan
chr1	137750000	138000000	nan
chr1	138000000	138250000	nan
chr1	138250000	138500000	nan
chr1	138500000	138750000	nan
chr1	138750000	139000000	nan
chr1	139000000	139250000	nan
chr1	139250000	139500000	nan
chr1	139500000	139750000	nan
chr1	139750000	140000000	nan
chr1	140000000	140250000	nan
chr1	140250000	140500000	nan
chr1	140500000	140750000	nan
chr1	140750000	141000000	nan
chr1	141000000	141250000	nan
chr1	141250000	141500000	nan
chr1	141500000	141750000	nan
chr1	141750000	142000000	nan
chr1	142000000	142250000	nan
chr1	142250000	142500000	nan
chr1	142500000	142750000	nan
chr1	142750000	143000000	nan
chr1	143000000	143250000	nan
chr1	143250000	143500000	nan
chr1	143500000	143750000	nan
chr1	143750000	144000000	nan
chr1	144000000	144250000	nan
chr1	144250000	144500000	nan
chr1	144500000	144750000	nan
chr1	144750000	145000000	nan
chr1	145000000	145250000	nan
chr1	145250000	145500000	nan
chr1	145500000	145750000	nan
chr1	145750000	146000000	1.0357
chr1	146000000	146250000	nan
chr1	146250000	146500000	nan
chr1	146500000	146750000	nan
chr1	146750000	147000000	nan
chr1	147000000	147250000	0.912257
chr1	147250000	147500000	0.79131
chr1	147500000	147750000	0.950887
chr1	147750000	148000000	0.926036
chr1	148000000	148250000	nan
chr1	148250000	148500000	nan
chr1	148500000	148750000	nan
chr1	148750000	149000000	nan
chr1	149000000	149250000	nan
chr1	149250000	149500000	nan
chr1	149500000	149750000	nan
chr1	149750000	150000000	1.08424
chr1	150000000	150250000	1.04282
chr1	150250000	150500000	1.04394
chr1	150500000	150750000	0.998348
chr1	150750000	151000000	0.994601
chr1	151000000	151250000	0.980722
chr1	151250000	151500000	0.687162
chr1	151500000	151750000	0.479657
chr1	151750000	152000000	0.0865161
chr1	152000000	152250000	-0.351641
chr1	152250000	152500000	-0.501889
chr1	152500000	152750000	-0.414991
chr1	152750000	153000000	-0.396626
chr1	153000000	153250000	-0.381163
chr1	153250000	153500000	-0.0593312
chr1	153500000	153750000	0.470532
chr1	153750000	154000000	0.68905
chr1	154000000	154250000	0.769604
chr1	154250000	154500000	0.890374
chr1	154500000	154750000	0.98718
chr1	154750000	155000000	0.990944
chr1	155000000	155250000	1.10933
chr1	155250000	155500000	1.14509
chr1	155500000	155750000	1.12297
chr1	155750000	156000000	1.10806
chr1	156000000	156250000	1.16571
chr1	156250000	156500000	1.10801
chr1	156500000	156750000	0.874748
chr1	156750000	157000000	0.533433
chr1	157000000	157250000	-0.063795
chr1	157250000	157500000	-0.402801
chr1	157500000	157750000	-0.702779
chr1	157750000	158000000	-0.699415
chr1	158000000	158250000	-0.5676
chr1	158250000	158500000	-0.86692
chr1	158500000	158750000	-0.844444
chr1	158750000	159000000	-0.802594
chr1	159000000	159250000	-0.684878
chr1	159250000	159500000	-0.822548
chr1	159500000	159750000	-0.840463
chr1	159750000	160000000	-0.308024
chr1	160000000	160250000	0.134511
chr1	160250000	160500000	0.383973
chr1	160500000	160750000	0.408618
chr1	160750000	161000000	0.579656
chr1	161000000	161250000	0.61547
chr1	161250000	161500000	0.63613
chr1	161500000	161750000	0.359661
chr1	161750000	162000000	0.0810131
chr1	162000000	162250000	0.0303564
chr1	162250000	162500000	-0.0116467
chr1	162500000	162750000	-0.104801
chr1	162750000	163000000	-0.266405
chr1	163000000	163250000	-0.343911
chr1	163250000	163500000	-0.36496
chr1	163500000	163750000	-0.417072
chr1	163750000	164000000	-0.57269
chr1	164000000	164250000	-0.562287
chr1	164250000	164500000	-0.551937
chr1	164500000	164750000	-0.342577
chr1	164750000	165000000	-0.261326
chr1	165000000	165250000	-0.256547
chr1	165250000	165500000	-0.133033
chr1	165500000	165750000	-0.165694
chr1	165750000	166000000	-0.151299
chr1	166000000	166250000	-0.33117
chr1	166250000	166500000	-0.286269
chr1	166500000	166750000	-0.545179
chr1	166750000	167000000	-0.272514
chr1	167000000	167250000	-0.098701
chr1	167250000	167500000	0.0264033
chr1	167500000	167750000	0.0863203
chr1	167750000	168000000	0.031369
chr1	168000000	168250000	-0.087499
chr1	168250000	168500000	-0.425424
chr1	168500000	168750000	-0.534402
chr1	168750000	169000000	-0.560379
chr1	169000000	169250000	-0.557339
chr1	169250000	169500000	-0.575788
chr1	169500000	169750000	-0.565084
chr1	169750000	170000000	-0.641965
chr1	170000000	170250000	-0.838219
chr1	170250000	170500000	-0.78823
chr1	170500000	170750000	-0.802118
chr1	170750000	171000000	-0.845857
chr1	171000000	171250000	-0.866984
chr1	171250000	171500000	-0.682438
chr1	171500000	171750000	-0.525628
chr1	171750000	172000000	-0.647156
chr1	172000000	172250000	-0.839617
chr1	172250000	172500000	-0.718372
chr1	172500000	172750000	-0.567149
chr1	172750000	173000000	-0.640005
chr1	173000000	173250000	-0.677936
chr1	173250000	173500000	-0.459822
chr1	173500000	173750000	-0.498584
chr1	173750000	174000000	-0.294873
chr1	174000000	174250000	-0.453674
chr1	174250000	174500000	-0.843281
chr1	174500000	174750000	-0.920486
chr1	174750000	175000000	-0.48493
chr1	175000000	175250000	-0.286956
chr1	175250000	175500000	-0.204271
chr1	175500000	175750000	-0.126419
chr1	175750000	176000000	-0.113546
chr1	176000000	176250000	-0.20357
chr1	176250000	176500000	-0.450833
chr1	176500000	176750000	-0.491964
chr1	176750000	177000000	-0.450583
chr1	177000000	177250000	-0.384429
chr1	177250000	177500000	-0.530559
chr1	177500000	177750000	-0.63222
chr1	177750000	178000000	-0.520581
chr1	178000000	178250000	-0.45804
chr1	178250000	178500000	-0.25409
chr1	178500000	178750000	-0.128549
chr1	178750000	179000000	-0.186683
chr1	179000000	179250000	-0.180597
chr1	179250000	179500000	-0.289779
chr1	179500000	179750000	-0.363493
chr1	179750000	180000000	-0.125376
chr1	180000000	180250000	0.0171387
chr1	180250000	180500000	0.0323343
chr1	180500000	180750000	0.188186
chr1	180750000	181000000	0.243459
chr1	181000000	181250000	0.358751
chr1	181250000	181500000	0.217908
chr1	181500000	181750000	0.188455
chr1	181750000	182000000	0.202711
chr1	182000000	182250000	0.417267
chr1	182250000	182500000	0.46189
chr1	182500000	182750000	0.508405
chr1	182750000	183000000	0.498677
chr1	183000000	183250000	0.398659
chr1	183250000	183500000	0.376507
chr1	183500000	183750000	0.296352
chr1	183750000	184000000	0.190748
chr1	184000000	184250000	0.106437
chr1	184250000	184500000	0.101602
chr1	184500000	184750000	0.0210822
chr1	184750000	185000000	-0.233168
chr1	185000000	185250000	-0.280818
chr1	185250000	185500000	-0.405636
chr1	185500000	185750000	-0.439381
chr1	185750000	186000000	-0.793536
chr1	186000000	186250000	-0.721825
chr1	186250000	186500000	-0.732453
chr1	186500000	186750000	-0.865306
chr1	186750000	187000000	-0.812813
chr1	187000000	187250000	-0.693172
chr1	187250000	187500000	-0.591168
chr1	187500000	187750000	-0.765858
chr1	187750000	188000000	-0.715392
chr1	188000000	188250000	-0.684899
chr1	188250000	188500000	-0.722151
chr1	188500000	188750000	-0.725314
chr1	188750000	189000000	-0.703141
chr1	189000000	189250000	-0.688854
chr1	189250000	189500000	-0.768701
chr1	189500000	189750000	-0.683508
chr1	189750000	190000000	-0.760679
chr1	190000000	190250000	-0.717109
chr1	190250000	190500000	-0.616581
chr1	190500000	190750000	-0.65996
chr1	190750000	191000000	-0.759188
chr1	191000000	191250000	-0.745651
chr1	191250000	191500000	-0.698671
chr1	191500000	191750000	-0.646305
chr1	191750000	192000000	-0.601042
chr1	192000000	192250000	-0.760826
chr1	192250000	192500000	-0.631333
chr1	192500000	192750000	-0.587711
chr1	192750000	193000000	-0.567988
chr1	193000000	193250000	-0.5352
chr1	193250000	193500000	-0.652356
chr1	193500000	193750000	-0.768766
chr1	193750000	194000000	-0.755154
chr1	194000000	194250000	-0.735398
chr1	194250000	194500000	-0.665518
chr1	194500000	194750000	-0.802523
chr1	194750000	195000000	-0.794075
chr1	195000000	195250000	-0.764525
chr1	195250000	195500000	-0.726294
chr1	195500000	195750000	-0.763075
chr1	195750000	196000000	-0.665207
chr1	196000000	196250000	-0.79296
chr1	196250000	196500000	-0.803456
chr1	196500000	196750000	-0.775187
chr1	196750000	197000000	nan
chr1	197000000	197250000	-0.879523
chr1	197250000	197500000	-0.78198
chr1	197500000	197750000	-0.738932
chr1	197750000	198000000	-0.696019
chr1	198000000	198250000	-0.632835
chr1	198250000	198500000	-0.705357
chr1	198500000	198750000	-0.766405
chr1	198750000	199000000	-0.883486
chr1	199000000	199250000	-1.02047
chr1	199250000	199500000	-0.881549
chr1	199500000	199750000	-0.841993
chr1	199750000	200000000	-0.761588
chr1	200000000	200250000	-0.562478
chr1	200250000	200500000	-0.427235
chr1	200500000	200750000	-0.280981
chr1	200750000	201000000	0.0552954
chr1	201000000	201250000	0.284485
chr1	201250000	201500000	0.533724
chr1	201500000	201750000	0.662051
chr1	201750000	202000000	0.870705
chr1	202000000	202250000	0.746732
chr1	202250000	202500000	0.88618
chr1	202500000	202750000	0.921332
chr1	202750000	203000000	1.0613
chr1	203000000	203250000	0.957257
chr1	203250000	203500000	0.95423
chr1	203500000	203750000	0.954352
chr1	203750000	204000000	0.927551
chr1	204000000	204250000	0.921349
chr1	204250000	204500000	1.01486
chr1	204500000	204750000	1.05153
chr1	204750000	205000000	0.963898
chr1	205000000	205250000	1.07353
chr1	205250000	205500000	1.02192
chr1	205500000	205750000	0.934981
chr1	205750000	206000000	0.880496
chr1	206000000	206250000	0.671918
chr1	206250000	206500000	nan
chr1	206500000	206750000	0.510692
chr1	206750000	207000000	0.452886
chr1	207000000	207250000	0.230807
chr1	207250000	207500000	0.139894
chr1	207500000	207750000	0.211914
chr1	207750000	208000000	0.231851
chr1	208000000	208250000	0.1308
chr1	208250000	208500000	0.257516
chr1	208500000	208750000	0.262772
chr1	208750000	209000000	0.211614
chr1	209000000	209250000	0.23771
chr1	209250000	209500000	0.270973
chr1	209500000	209750000	0.159258
chr1	209750000	210000000	-0.134097
chr1	210000000	210250000	-0.234794
chr1	210250000	210500000	-0.122803
chr1	210500000	210750000	-0.228768
chr1	210750000	211000000	-0.379183
chr1	211000000	211250000	-0.20198
chr1	211250000	211500000	0.169992
chr1	211500000	211750000	0.273194
chr1	211750000	212000000	0.374542
chr1	212000000	212250000	0.369104
chr1	212250000	212500000	0.392827
chr1	212500000	212750000	0.441095
chr1	212750000	213000000	0.344988
chr1	213000000	213250000	-0.00182798
chr1	213250000	213500000	-0.203969
chr1	213500000	213750000	-0.244329
chr1	213750000	214000000	-0.243625
chr1	214000000	214250000	-0.20151
chr1	214250000	214500000	-0.250397
chr1	214500000	214750000	-0.562733
chr1	214750000	215000000	-0.865279
chr1	215000000	215250000	-0.962235
chr1	215250000	215500000	-0.987219
chr1	215500000	215750000	-0.844011
chr1	215750000	216000000	-0.805233
chr1	216000000	216250000	-0.701771
chr1	216250000	216500000	-0.690056
chr1	216500000	216750000	-0.59849
chr1	216750000	217000000	-0.449307
chr1	217000000	217250000	-0.61355
chr1	217250000	217500000	-0.597912
chr1	217500000	217750000	-0.698269
chr1	217750000	218000000	-0.881467
chr1	218000000	218250000	-0.772043
chr1	218250000	218500000	-0.534502
chr1	218500000	218750000	-0.609452
chr1	218750000	219000000	-0.740662
chr1	219000000	219250000	-0.619862
chr1	219250000	219500000	-0.672595
chr1	219500000	219750000	-0.641735
chr1	219750000	220000000	-0.411052
chr1	220000000	220250000	-0.112831
chr1	220250000	220500000	-0.0961728
chr1	220500000	220750000	-0.0178819
chr1	220750000	221000000	0.176218
chr1	221000000	221250000	0.224382
chr1	221250000	221500000	0.259277
chr1	221500000	221750000	0.205674
chr1	221750000	222000000	0.282941
chr1	222000000	222250000	0.25562
chr1	222250000	222500000	0.254715
chr1	222500000	222750000	0.466194
chr1	222750000	223000000	0.468462
chr1	223000000	223250000	0.515361
chr1	223250000	223500000	0.591905
chr1	223500000	223750000	0.540304
chr1	223750000	224000000	0.66224
chr1	224000000	224250000	0.672879
chr1	224250000	224500000	0.697048
chr1	224500000	224750000	0.520162
chr1	224750000	225000000	0.471881
chr1	225000000	225250000	0.331497
chr1	225250000	225500000	0.586932
chr1	225500000	225750000	0.926667
chr1	225750000	226000000	0.919506
chr1	226000000	226250000	1.1026
chr1	226250000	226500000	0.928177
chr1	226500000	226750000	0.816875
chr1	226750000	227000000	0.68829
chr1	227000000	227250000	0.577553
chr1	227250000	227500000	0.556212
chr1	227500000	227750000	0.596009
chr1	227750000	228000000	0.699855
chr1	228000000	228250000	0.982558
chr1	228250000	228500000	1.01702
chr1	228500000	228750000	nan
chr1	228750000	229000000	0.789029
chr1	229000000	229250000	0.853564
chr1	229250000	229500000	0.860481
chr1	229500000	229750000	0.56979
chr1	229750000	230000000	0.370064
chr1	230000000	230250000	0.554986
chr1	230250000	230500000	0.452112
chr1	230500000	230750000	0.467869
chr1	230750000	231000000	0.487517
chr1	231000000	231250000	0.624254
chr1	231250000	231500000	0.445826
chr1	231500000	231750000	0.389125
chr1	231750000	232000000	0.446837
chr1	232000000	232250000	0.484099
chr1	232250000	232500000	0.45006
chr1	232500000	232750000	0.414471
chr1	232750000	233000000	0.312882
chr1	233000000	233250000	0.404751
chr1	233250000	233500000	0.222441
chr1	233500000	233750000	0.315095
chr1	233750000	234000000	0.155495
chr1	234000000	234250000	0.251944
chr1	234250000	234500000	0.317473
chr1	234500000	234750000	0.508308
chr1	234750000	235000000	0.735156
chr1	235000000	235250000	0.517656
chr1	235250000	235500000	0.47493
chr1	235500000	235750000	0.229837
chr1	235750000	236000000	0.0763372
chr1	236000000	236250000	-0.323747
chr1	236250000	236500000	-0.496498
chr1	236500000	236750000	-0.60218
chr1	236750000	237000000	-0.723125
chr1	237000000	237250000	-0.843531
chr1	237250000	237500000	-0.937556
chr1	237500000	237750000	-0.943373
chr1	237750000	238000000	-0.750233
chr1	238000000	238250000	-0.906916
chr1	238250000	238500000	-0.893171
chr1	238500000	238750000	-0.836383
chr1	238750000	239000000	-0.834873
chr1	239000000	239250000	-0.833495
chr1	239250000	239500000	-0.801409
chr1	239500000	239750000	-0.939728
chr1	239750000	240000000	-0.666931
chr1	240000000	240250000	-0.61508
chr1	240250000	240500000	-0.69246
chr1	240500000	240750000	-0.66459
chr1	240750000	241000000	-0.863912
chr1	241000000	241250000	-1.02516
chr1	241250000	241500000	-0.827846
chr1	241500000	241750000	-0.736161
chr1	241750000	242000000	-0.743996
chr1	242000000	242250000	-0.841146
chr1	242250000	242500000	-0.847615
chr1	242500000	242750000	-0.889822
chr1	242750000	243000000	-0.90776
chr1	243000000	243250000	nan
chr1	243250000	243500000	-0.534572
chr1	243500000	243750000	-0.703272
chr1	243750000	244000000	-0.516971
chr1	244000000	244250000	-0.49199
chr1	244250000	244500000	-0.50487
chr1	244500000	244750000	-0.343612
chr1	244750000	245000000	-0.0994483
chr1	245000000	245250000	-0.137135
chr1	245250000	245500000	-0.147335
chr1	245500000	245750000	-0.135323
chr1	245750000	246000000	-0.264111
chr1	246000000	246250000	-0.374813
chr1	246250000	246500000	-0.352843
chr1	246500000	246750000	-0.373078
chr1	246750000	247000000	-0.402592
chr1	247000000	247250000	-0.615836
chr1	247250000	247500000	-0.851472
chr1	247500000	247750000	-1.3512
chr1	247750000	248000000	-1.36511
chr1	248000000	248250000	nan
chr1	248250000	248500000	nan
chr1	248500000	248750000	nan
chr1	248750000	248956422	-1.03718
#bedGraph section chr10:0-133797422
chr10	0	250000	0.61853
chr10	250000	500000	0.792724
chr10	500000	750000	0.811918
chr10	750000	1000000	0.836477
chr10	1000000	1250000	0.253839
chr10	1250000	1500000	-0.151823
chr10	1500000	1750000	-0.400507
chr10	1750000	2000000	-0.787578
chr10	2000000	2250000	-0.745855
chr10	2250000	2500000	-0.740148
chr10	2500000	2750000	-0.614595
chr10	2750000	3000000	-0.606683
chr10	3000000	3250000	-0.130517
chr10	3250000	3500000	0.0897531
chr10	3500000	3750000	0.0401949
chr10	3750000	4000000	0.0552286
chr10	4000000	4250000	0.0199294
chr10	4250000	4500000	-0.218564
chr10	4500000	4750000	-0.299035
chr10	4750000	5000000	-0.450572
chr10	5000000	5250000	-0.778991
chr10	5250000	5500000	-0.428987
chr10	5500000	5750000	0.142031
chr10	5750000	6000000	0.4835
chr10	6000000	6250000	0.410583
chr10	6250000	6500000	0.330703
chr10	6500000	6750000	0.157051
chr10	6750000	7000000	-0.191592
chr10	7000000	7250000	-0.304247
chr10	7250000	7500000	-0.182079
chr10	7500000	7750000	0.0483247
chr10	7750000	8000000	-0.0911255
chr10	8000000	8250000	-0.00389816
chr10	8250000	8500000	-0.0359557
chr10	8500000	8750000	-0.445953
chr10	8750000	9000000	-0.388818
chr10	9000000	9250000	-0.33645
chr10	9250000	9500000	-0.390867
chr10	9500000	9750000	-0.501483
chr10	9750000	10000000	-0.643041
chr10	10000000	10250000	-0.582759
chr10	10250000	10500000	-0.528978
chr10	10500000	10750000	-0.282617
chr10	10750000	11000000	-0.199475
chr10	11000000	11250000	-0.21922
chr10	11250000	11500000	0.108598
chr10	11500000	11750000	0.394131
chr10	11750000	12000000	0.623206
chr10	12000000	12250000	0.85277
chr10	12250000	12500000	0.689708
chr10	12500000	12750000	0.625069
chr10	12750000	13000000	0.688635
chr10	13000000	13250000	0.813021
chr10	13250000	13500000	0.708332
chr10	13500000	13750000	0.787143
chr10	13750000	14000000	0.721549
chr10	14000000	14250000	0.619348
chr10	14250000	14500000	0.711588
chr10	14500000	14750000	0.67346
chr10	14750000	15000000	0.629571
chr10	15000000	15250000	0.612026
chr10	15250000	15500000	0.285152
chr10	15500000	15750000	-0.00573252
chr10	15750000	16000000	-0.291478
chr10	16000000	16250000	-0.651825
chr10	16250000	16500000	-0.643288
chr10	16500000	16750000	-0.430246
chr10	16750000	17000000	-0.030615
chr10	17000000	17250000	0.0677358
chr10	17250000	17500000	-0.0865786
chr10	17500000	17750000	-0.105555
chr10	17750000	18000000	-0.172776
chr10	18000000	18250000	-0.290719
chr10	18250000	18500000	-0.441036
chr10	18500000	18750000	-0.50936
chr10	18750000	19000000	-0.762514
chr10	19000000	19250000	-0.857987
chr10	19250000	19500000	-0.588021
chr10	19500000	19750000	-0.573873
chr10	19750000	20000000	-0.370445
chr10	20000000	20250000	-0.483689
chr10	20250000	20500000	-0.554051
chr10	20500000	20750000	-0.487146
chr10	20750000	21000000	-0.0579509
chr10	21000000	21250000	-0.00822938
chr10	21250000	21500000	0.305419
chr10	21500000	21750000	0.420792
chr10	21750000	22000000	0.127548
chr10	22000000	22250000	0.00532976
chr10	22250000	22500000	-0.0734884
chr10	22500000	22750000	-0.180224
chr10	22750000	23000000	-0.26591
chr10	23000000	23250000	-0.303138
chr10	23250000	23500000	-0.472678
chr10	23500000	23750000	-0.681715
chr10	23750000	24000000	-0.721424
chr10	24000000	24250000	-0.639332
chr10	24250000	24500000	-0.486252
chr10	24500000	24750000	-0.3456
chr10	24750000	25000000	-0.297279
chr10	25000000	25250000	-0.409294
chr10	25250000	25500000	-0.581057
chr10	25500000	25750000	-0.314085
chr10	25750000	26000000	-0.0968683
chr10	26000000	26250000	-0.168327
chr10	26250000	26500000	-0.0715366
chr10	26500000	26750000	0.0588678
chr10	26750000	27000000	0.212948
chr10	27000000	27250000	0.233479
chr10	27250000	27500000	-0.0403919
chr10	27500000	27750000	-0.100083
chr10	27750000	28000000	-0.273906
chr10	28000000	28250000	-0.220645
chr10	28250000	28500000	0.113247
chr10	28500000	28750000	0.578957
chr10	28750000	29000000	0.601631
chr10	29000000	29250000	0.623471
chr10	29250000	29500000	0.533804
chr10	29500000	29750000	0.591183
chr10	29750000	30000000	0.507729
chr10	30000000	30250000	0.515289
chr10	30250000	30500000	0.393969
chr10	30500000	30750000	0.21079
chr10	30750000	31000000	-0.307983
chr10	31000000	31250000	-0.347348
chr10	31250000	31500000	-0.37414
chr10	31500000	31750000	-0.325434
chr10	31750000	32000000	0.0439091
chr10	32000000	32250000	0.141009
chr10	32250000	32500000	-0.365228
chr10	32500000	32750000	-0.875143
chr10	32750000	33000000	-0.399861
chr10	33000000	33250000	-0.0810189
chr10	33250000	33500000	0.0296503
chr10	33500000	33750000	-0.0755426
chr10	33750000	34000000	-0.0624723
chr10	34000000	34250000	0.121747
chr10	34250000	34500000	0.317733
chr10	34500000	34750000	0.435042
chr10	34750000	35000000	0.481267
chr10	35000000	35250000	0.0762683
chr10	35250000	35500000	0.0951804
chr10	35500000	35750000	-0.0391564
chr10	35750000	36000000	-0.08775
chr10	36000000	36250000	-0.277389
chr10	36250000	36500000	-0.436605
chr10	36500000	36750000	-0.272162
chr10	36750000	37000000	-0.551465
chr10	37000000	37250000	-0.868984
chr10	37250000	37500000	-0.768615
chr10	37500000	37750000	-0.718003
chr10	37750000	38000000	-0.600704
chr10	38000000	38250000	-0.599375
chr10	38250000	38500000	nan
chr10	38500000	38750000	nan
chr10	38750000	39000000	nan
chr10	39000000	39250000	-0.512763
chr10	39250000	39500000	-0.580149
chr10	39500000	39750000	nan
chr10	39750000	40000000	nan
chr10	40000000	40250000	nan
chr10	40250000	40500000	nan
chr10	40500000	40750000	nan
chr10	40750000	41000000	nan
chr10	41000000	41250000	nan
chr10	41250000	41500000	nan
chr10	41500000	41750000	nan
chr10	41750000	42000000	-0.486155
chr10	42000000	42250000	nan
chr10	42250000	42500000	nan
chr10	42500000	42750000	-0.987457
chr10	42750000	43000000	-0.498397
chr10	43000000	43250000	-0.229724
chr10	43250000	43500000	-0.184088
chr10	43500000	43750000	-0.634253
chr10	43750000	44000000	-0.681327
chr10	44000000	44250000	-0.51735
chr10	44250000	44500000	-0.47121
chr10	44500000	44750000	-0.795278
chr10	44750000	45000000	-0.362306
chr10	45000000	45250000	-0.187486
chr10	45250000	45500000	-0.26847
chr10	45500000	45750000	-0.175278
chr10	45750000	46000000	nan
chr10	46000000	46250000	0.570287
chr10	46250000	46500000	0.548666
chr10	46500000	46750000	0.54065
chr10	46750000	47000000	nan
chr10	47000000	47250000	0.512764
chr10	47250000	47500000	0.579927
chr10	47500000	47750000	nan
chr10	47750000	48000000	nan
chr10	48000000	48250000	nan
chr10	48250000	48500000	0.469875
chr10	48500000	48750000	0.145954
chr10	48750000	49000000	-0.139999
chr10	49000000	49250000	-0.114722
chr10	49250000	49500000	-0.158488
chr10	49500000	49750000	-0.0372095
chr10	49750000	50000000	0.0509855
chr10	50000000	50250000	-0.12872
chr10	50250000	50500000	-0.312127
chr10	50500000	50750000	-0.19512
chr10	50750000	51000000	-0.625214
chr10	51000000	51250000	-0.643343
chr10	51250000	51500000	-0.573263
chr10	51500000	51750000	-0.525246
chr10	51750000	52000000	-0.421735
chr10	52000000	52250000	-0.519683
chr10	52250000	52500000	-0.417758
chr10	52500000	52750000	-0.648275
chr10	52750000	53000000	-0.50029
chr10	53000000	53250000	-0.545958
chr10	53250000	53500000	-0.332609
chr10	53500000	53750000	-0.356188
chr10	53750000	54000000	-0.5676
chr10	54000000	54250000	-0.686649
chr10	54250000	54500000	-0.621933
chr10	54500000	54750000	-0.6232
chr10	54750000	55000000	-0.606032
chr10	55000000	55250000	-0.578241
chr10	55250000	55500000	-0.623637
chr10	55500000	55750000	-0.530712
chr10	55750000	56000000	-0.66177
chr10	56000000	56250000	-0.692627
chr10	56250000	56500000	-0.691085
chr10	56500000	56750000	-0.735831
chr10	56750000	57000000	-0.666839
chr10	57000000	57250000	-0.607218
chr10	57250000	57500000	-0.575902
chr10	57500000	57750000	-0.580594
chr10	57750000	58000000	-0.693782
chr10	58000000	58250000	-0.526029
chr10	58250000	58500000	-0.418199
chr10	58500000	58750000	-0.702233
chr10	58750000	59000000	-0.598353
chr10	59000000	59250000	-0.469316
chr10	59250000	59500000	-0.60442
chr10	59500000	59750000	-0.449238
chr10	59750000	60000000	-0.398198
chr10	60000000	60250000	-0.281957
chr10	60250000	60500000	-0.255977
chr10	60500000	60750000	-0.430383
chr10	60750000	61000000	-0.543097
chr10	61000000	61250000	-0.787807
chr10	61250000	61500000	-0.835116
chr10	61500000	61750000	-0.728678
chr10	61750000	62000000	-0.623366
chr10	62000000	62250000	-0.65588
chr10	62250000	62500000	-0.806529
chr10	62500000	62750000	-0.716297
chr10	62750000	63000000	-0.553662
chr10	63000000	63250000	-0.247595
chr10	63250000	63500000	0.262441
chr10	63500000	63750000	-0.073641
chr10	63750000	64000000	-0.450723
chr10	64000000	64250000	-0.441873
chr10	64250000	64500000	-0.476446
chr10	64500000	64750000	-0.63191
chr10	64750000	65000000	-0.628975
chr10	65000000	65250000	-0.616917
chr10	65250000	65500000	-0.550172
chr10	65500000	65750000	-0.663993
chr10	65750000	66000000	-0.727789
chr10	66000000	66250000	-0.588849
chr10	66250000	66500000	-0.659157
chr10	66500000	66750000	-0.662125
chr10	66750000	67000000	-0.635906
chr10	67000000	67250000	-0.915447
chr10	67250000	67500000	-0.80818
chr10	67500000	67750000	-0.687991
chr10	67750000	68000000	-0.0778848
chr10	68000000	68250000	0.231393
chr10	68250000	68500000	0.492638
chr10	68500000	68750000	0.785394
chr10	68750000	69000000	0.888185
chr10	69000000	69250000	0.828455
chr10	69250000	69500000	0.803243
chr10	69500000	69750000	0.850932
chr10	69750000	70000000	0.847748
chr10	70000000	70250000	0.832409
chr10	70250000	70500000	0.837251
chr10	70500000	70750000	0.775413
chr10	70750000	71000000	0.715884
chr10	71000000	71250000	0.742554
chr10	71250000	71500000	0.691808
chr10	71500000	71750000	0.70753
chr10	71750000	72000000	0.743327
chr10	72000000	72250000	0.747455
chr10	72250000	72500000	0.703093
chr10	72500000	72750000	0.660602
chr10	72750000	73000000	0.614946
chr10	73000000	73250000	0.762002
chr10	73250000	73500000	0.83368
chr10	73500000	73750000	0.893195
chr10	73750000	74000000	0.836378
chr10	74000000	74250000	0.758518
chr10	74250000	74500000	0.281706
chr10	74500000	74750000	0.195188
chr10	74750000	75000000	0.365559
chr10	75000000	75250000	0.375
chr10	75250000	75500000	-0.0408902
chr10	75500000	75750000	-0.20172
chr10	75750000	76000000	-0.216202
chr10	76000000	76250000	-0.145988
chr10	76250000	76500000	-0.223859
chr10	76500000	76750000	-0.362729
chr10	76750000	77000000	-0.307937
chr10	77000000	77250000	0.0824851
chr10	77250000	77500000	0.370727
chr10	77500000	77750000	0.371287
chr10	77750000	78000000	0.671228
chr10	78000000	78250000	0.668603
chr10	78250000	78500000	0.666258
chr10	78500000	78750000	0.572191
chr10	78750000	79000000	0.681001
chr10	79000000	79250000	0.678563
chr10	79250000	79500000	0.547986
chr10	79500000	79750000	0.132751
chr10	79750000	80000000	0.210899
chr10	80000000	80250000	0.362968
chr10	80250000	80500000	-0.0693582
chr10	80500000	80750000	-0.396844
chr10	80750000	81000000	-0.639579
chr10	81000000	81250000	-0.878197
chr10	81250000	81500000	-0.954329
chr10	81500000	81750000	-0.976727
chr10	81750000	82000000	-0.697781
chr10	82000000	82250000	-0.687186
chr10	82250000	82500000	-0.607545
chr10	82500000	82750000	-0.625841
chr10	82750000	83000000	-0.54416
chr10	83000000	83250000	-0.513397
chr10	83250000	83500000	-0.603375
chr10	83500000	83750000	-0.565724
chr10	83750000	84000000	-0.422674
chr10	84000000	84250000	-0.190768
chr10	84250000	84500000	0.0464572
chr10	84500000	84750000	-0.0696236
chr10	84750000	85000000	-0.26123
chr10	85000000	85250000	-0.440765
chr10	85250000	85500000	-0.383299
chr10	85500000	85750000	-0.2623
chr10	85750000	86000000	-0.383764
chr10	86000000	86250000	-0.13713
chr10	86250000	86500000	0.155638
chr10	86500000	86750000	0.472872
chr10	86750000	87000000	0.636362
chr10	87000000	87250000	0.645556
chr10	87250000	87500000	nan
chr10	87500000	87750000	0.316807
chr10	87750000	88000000	0.132514
chr10	88000000	88250000	0.0956482
chr10	88250000	88500000	-0.0473241
chr10	88500000	88750000	-0.10501
chr10	88750000	89000000	-0.105368
chr10	89000000	89250000	-0.103515
chr10	89250000	89500000	0.0203726
chr10	89500000	89750000	-0.0825389
chr10	89750000	90000000	-0.436398
chr10	90000000	90250000	-0.456433
chr10	90250000	90500000	-0.378777
chr10	90500000	90750000	-0.317721
chr10	90750000	91000000	-0.0358643
chr10	91000000	91250000	-0.0320873
chr10	91250000	91500000	-0.109931
chr10	91500000	91750000	-0.101659
chr10	91750000	92000000	0.320327
chr10	92000000	92250000	0.463705
chr10	92250000	92500000	0.59019
chr10	92500000	92750000	0.650758
chr10	92750000	93000000	0.622036
chr10	93000000	93250000	0.718806
chr10	93250000	93500000	0.673461
chr10	93500000	93750000	0.597646
chr10	93750000	94000000	0.490406
chr10	94000000	94250000	0.501632
chr10	94250000	94500000	0.417508
chr10	94500000	94750000	0.0674584
chr10	94750000	95000000	-0.230882
chr10	95000000	95250000	-0.0463238
chr10	95250000	95500000	0.251315
chr10	95500000	95750000	0.229358
chr10	95750000	96000000	0.325783
chr10	96000000	96250000	0.423281
chr10	96250000	96500000	0.48095
chr10	96500000	96750000	0.57119
chr10	96750000	97000000	0.614104
chr10	97000000	97250000	0.654357
chr10	97250000	97500000	0.701039
chr10	97500000	97750000	0.706667
chr10	97750000	98000000	0.584731
chr10	98000000	98250000	0.443715
chr10	98250000	98500000	0.227242
chr10	98500000	98750000	0.172974
chr10	98750000	99000000	-0.0706194
chr10	99000000	99250000	0.00597766
chr10	99250000	99500000	0.308324
chr10	99500000	99750000	0.54563
chr10	99750000	100000000	0.648017
chr10	100000000	100250000	0.620367
chr10	100250000	100500000	0.623964
chr10	100500000	100750000	0.664158
chr10	100750000	101000000	0.710507
chr10	101000000	101250000	0.695169
chr10	101250000	101500000	0.724421
chr10	101500000	101750000	0.698167
chr10	101750000	102000000	0.752622
chr10	102000000	102250000	0.697575
chr10	102250000	102500000	0.779468
chr10	102500000	102750000	0.839909
chr10	102750000	103000000	0.797247
chr10	103000000	103250000	0.867834
chr10	103250000	103500000	0.876977
chr10	103500000	103750000	0.742979
chr10	103750000	104000000	0.716648
chr10	104000000	104250000	0.589619
chr10	104250000	104500000	0.298726
chr10	104500000	104750000	0.00889842
chr10	104750000	105000000	-0.288768
chr10	105000000	105250000	-0.540318
chr10	105250000	105500000	-0.624417
chr10	105500000	105750000	-0.516253
chr10	105750000	106000000	-0.63746
chr10	106000000	106250000	-0.671151
chr10	106250000	106500000	-0.657805
chr10	106500000	106750000	-0.460548
chr10	106750000	107000000	-0.446969
chr10	107000000	107250000	-0.411513
chr10	107250000	107500000	-0.485585
chr10	107500000	107750000	-0.656208
chr10	107750000	108000000	-0.523196
chr10	108000000	108250000	-0.609725
chr10	108250000	108500000	-0.531297
chr10	108500000	108750000	-0.57786
chr10	108750000	109000000	-0.666681
chr10	109000000	109250000	-0.661495
chr10	109250000	109500000	-0.538672
chr10	109500000	109750000	-0.941216
chr10	109750000	110000000	-0.404106
chr10	110000000	110250000	0.104527
chr10	110250000	110500000	0.401732
chr10	110500000	110750000	0.43426
chr10	110750000	111000000	0.290263
chr10	111000000	111250000	-0.115527
chr10	111250000	111500000	-0.313073
chr10	111500000	111750000	-0.335485
chr10	111750000	112000000	-0.258098
chr10	112000000	112250000	-0.117639
chr10	112250000	112500000	0.119086
chr10	112500000	112750000	0.256754
chr10	112750000	113000000	0.463116
chr10	113000000	113250000	0.415221
chr10	113250000	113500000	0.449114
chr10	113500000	113750000	0.230297
chr10	113750000	114000000	0.18028
chr10	114000000	114250000	0.0630882
chr10	114250000	114500000	-0.0759117
chr10	114500000	114750000	-0.152129
chr10	114750000	115000000	-0.477226
chr10	115000000	115250000	-0.671998
chr10	115250000	115500000	-0.909681
chr10	115500000	115750000	-0.897076
chr10	115750000	116000000	-0.715184
chr10	116000000	116250000	-0.62803
chr10	116250000	116500000	-0.584283
chr10	116500000	116750000	-0.168442
chr10	116750000	117000000	0.0330398
chr10	117000000	117250000	0.118101
chr10	117250000	117500000	0.291755
chr10	117500000	117750000	0.13719
chr10	117750000	118000000	0.114554
chr10	118000000	118250000	-0.0315311
chr10	118250000	118500000	0.243038
chr10	118500000	118750000	0.448172
chr10	118750000	119000000	0.520282
chr10	119000000	119250000	0.738438
chr10	119250000	119500000	0.795403
chr10	119500000	119750000	0.82124
chr10	119750000	120000000	0.704999
chr10	120000000	120250000	0.565361
chr10	120250000	120500000	0.526761
chr10	120500000	120750000	0.523748
chr10	120750000	121000000	0.581496
chr10	121000000	121250000	0.636676
chr10	121250000	121500000	0.654808
chr10	121500000	121750000	0.678346
chr10	121750000	122000000	0.577052
chr10	122000000	122250000	0.708027
chr10	122250000	122500000	0.630976
chr10	122500000	122750000	0.420212
chr10	122750000	123000000	0.426858
chr10	123000000	123250000	0.369439
chr10	123250000	123500000	0.402024
chr10	123500000	123750000	0.319988
chr10	123750000	124000000	0.334025
chr10	124000000	124250000	0.412948
chr10	124250000	124500000	0.404385
chr10	124500000	124750000	0.601558
chr10	124750000	125000000	0.643456
chr10	125000000	125250000	0.28492
chr10	125250000	125500000	0.134005
chr10	125500000	125750000	0.150098
chr10	125750000	126000000	0.185815
chr10	126000000	126250000	0.0416045
chr10	126250000	126500000	-0.0153011
chr10	126500000	126750000	0.012178
chr10	126750000	127000000	0.10083
chr10	127000000	127250000	0.0381436
chr10	127250000	127500000	0.00688091
chr10	127500000	127750000	-0.141006
chr10	127750000	128000000	0.0972681
chr10	128000000	128250000	0.0883329
chr10	128250000	128500000	-0.262211
chr10	128500000	128750000	-0.161555
chr10	128750000	129000000	-0.294226
chr10	129000000	129250000	-0.313119
chr10	129250000	129500000	-0.160763
chr10	129500000	129750000	-0.107358
chr10	129750000	130000000	-0.088292
chr10	130000000	130250000	-0.0128882
chr10	130250000	130500000	-0.35567
chr10	130500000	130750000	-0.205506
chr10	130750000	131000000	-0.13198
chr10	131000000	131250000	0.00517802
chr10	131250000	131500000	-0.0251746
chr10	131500000	131750000	0.0472712
chr10	131750000	132000000	0.325384
chr10	132000000	132250000	0.654859
chr10	132250000	132500000	0.664802
chr10	132500000	132750000	0.760218
chr10	132750000	133000000	0.664677
chr10	133000000	133250000	0.719783
chr10	133250000	133500000	0.0691166
chr10	133500000	133750000	nan
chr10	133750000	133797422	nan
#bedGraph section chr11:0-135086622
chr11	0	250000	nan
chr11	250000	500000	0.71811
chr11	500000	750000	nan
chr11	750000	1000000	0.959314
chr11	1000000	1250000	0.869324
chr11	1250000	1500000	0.857143
chr11	1500000	1750000	0.832469
chr11	1750000	2000000	nan
chr11	2000000	2250000	0.780384
chr11	2250000	2500000	0.760876
chr11	2500000	2750000	0.606676
chr11	2750000	3000000	0.783896
chr11	3000000	3250000	0.714464
chr11	3250000	3500000	nan
chr11	3500000	3750000	0.34459
chr11	3750000	4000000	-0.101871
chr11	4000000	4250000	-0.542128
chr11	4250000	4500000	-0.920962
chr11	4500000	4750000	-0.586837
chr11	4750000	5000000	-0.672597
chr11	5000000	5250000	-0.588504
chr11	5250000	5500000	-0.602856
chr11	5500000	5750000	-0.720025
chr11	5750000	6000000	-0.649137
chr11	6000000	6250000	-0.353904
chr11	6250000	6500000	-0.156709
chr11	6500000	6750000	-0.134952
chr11	6750000	7000000	-0.404849
chr11	7000000	7250000	-0.418979
chr11	7250000	7500000	-0.294714
chr11	7500000	7750000	-0.0921599
chr11	7750000	8000000	-0.0332791
chr11	8000000	8250000	0.315871
chr11	8250000	8500000	0.302098
chr11	8500000	8750000	0.49714
chr11	8750000	9000000	0.652111
chr11	9000000	9250000	0.654759
chr11	9250000	9500000	0.730865
chr11	9500000	9750000	0.627575
chr11	9750000	10000000	0.582559
chr11	10000000	10250000	0.559607
chr11	10250000	10500000	0.577376
chr11	10500000	10750000	0.590256
chr11	10750000	11000000	0.631088
chr11	11000000	11250000	0.502949
chr11	11250000	11500000	0.494143
chr11	11500000	11750000	0.497526
chr11	11750000	12000000	0.466223
chr11	12000000	12250000	0.494822
chr11	12250000	12500000	0.322002
chr11	12500000	12750000	0.3381
chr11	12750000	13000000	0.326808
chr11	13000000	13250000	0.273942
chr11	13250000	13500000	0.197616
chr11	13500000	13750000	-0.139831
chr11	13750000	14000000	-0.103972
chr11	14000000	14250000	-0.178639
chr11	14250000	14500000	0.065332
chr11	14500000	14750000	-0.351373
chr11	14750000	15000000	-0.45818
chr11	15000000	15250000	-0.376322
chr11	15250000	15500000	-0.293845
chr11	15500000	15750000	-0.289325
chr11	15750000	16000000	-0.359392
chr11	16000000	16250000	-0.610428
chr11	16250000	16500000	-0.740627
chr11	16500000	16750000	-0.443991
chr11	16750000	17000000	0.0906583
chr11	17000000	17250000	0.19681
chr11	17250000	17500000	0.258807
chr11	17500000	17750000	0.22947
chr11	17750000	18000000	0.258337
chr11	18000000	18250000	0.227649
chr11	18250000	18500000	0.438923
chr11	18500000	18750000	0.405964
chr11	18750000	19000000	0.277291
chr11	19000000	19250000	0.12438
chr11	19250000	19500000	0.179791
chr11	19500000	19750000	0.166711
chr11	19750000	20000000	0.0729301
chr11	20000000	20250000	0.0328496
chr11	20250000	20500000	-0.171538
chr11	20500000	20750000	-0.559213
chr11	20750000	21000000	-0.686296
chr11	21000000	21250000	-0.679293
chr11	21250000	21500000	-0.582617
chr11	21500000	21750000	-0.655004
chr11	21750000	22000000	-0.799039
chr11	22000000	22250000	-0.737572
chr11	22250000	22500000	-0.79025
chr11	22500000	22750000	-0.732234
chr11	22750000	23000000	-0.627332
chr11	23000000	23250000	-0.68252
chr11	23250000	23500000	-0.78661
chr11	23500000	23750000	-0.591887
chr11	23750000	24000000	-0.638044
chr11	24000000	24250000	-0.704007
chr11	24250000	24500000	-0.66054
chr11	24500000	24750000	-0.594276
chr11	24750000	25000000	-0.64864
chr11	25000000	25250000	-0.691394
chr11	25250000	25500000	-0.612646
chr11	25500000	25750000	-0.561967
chr11	25750000	26000000	-0.551959
chr11	26000000	26250000	-0.708021
chr11	26250000	26500000	-0.787062
chr11	26500000	26750000	-0.651988
chr11	26750000	27000000	-0.727712
chr11	27000000	27250000	-0.53952
chr11	27250000	27500000	-0.474719
chr11	27500000	27750000	-0.522315
chr11	27750000	28000000	-0.694427
chr11	28000000	28250000	-0.616027
chr11	28250000	28500000	-0.716942
chr11	28500000	28750000	-0.508067
chr11	28750000	29000000	-0.76778
chr11	29000000	29250000	-0.674175
chr11	29250000	29500000	-0.621372
chr11	29500000	29750000	-0.871174
chr11	29750000	30000000	-0.94509
chr11	30000000	30250000	-0.720505
chr11	30250000	30500000	-0.604267
chr11	30500000	30750000	-0.597375
chr11	30750000	31000000	-0.635206
chr11	31000000	31250000	-0.551356
chr11	31250000	31500000	-0.564229
chr11	31500000	31750000	-0.585965
chr11	31750000	32000000	-0.364628
chr11	32000000	32250000	-0.359745
chr11	32250000	32500000	-0.46643
chr11	32500000	32750000	-0.47982
chr11	32750000	33000000	-0.206985
chr11	33000000	33250000	0.158514
chr11	33250000	33500000	0.050271
chr11	33500000	33750000	0.0567827
chr11	33750000	34000000	0.280237
chr11	34000000	34250000	0.422272
chr11	34250000	34500000	0.294437
chr11	34500000	34750000	0.140948
chr11	34750000	35000000	0.0672979
chr11	35000000	35250000	0.0572024
chr11	35250000	35500000	0.0597061
chr11	35500000	35750000	0.00857829
chr11	35750000	36000000	-0.0855478
chr11	36000000	36250000	-0.0790731
chr11	36250000	36500000	-0.258955
chr11	36500000	36750000	-0.83031
chr11	36750000	37000000	-0.855764
chr11	37000000	37250000	-0.813379
chr11	37250000	37500000	-0.732089
chr11	37500000	37750000	-0.506494
chr11	37750000	38000000	-0.612599
chr11	38000000	38250000	-0.556593
chr11	38250000	38500000	-0.608371
chr11	38500000	38750000	-0.693013
chr11	38750000	39000000	-0.601408
chr11	39000000	39250000	-0.691575
chr11	39250000	39500000	-0.554603
chr11	39500000	39750000	-0.689563
chr11	39750000	40000000	-0.767623
chr11	40000000	40250000	-0.515334
chr11	40250000	40500000	-0.626446
chr11	40500000	40750000	-0.720235
chr11	40750000	41000000	-0.685705
chr11	41000000	41250000	-0.612335
chr11	41250000	41500000	-0.511519
chr11	41500000	41750000	-0.629856
chr11	41750000	42000000	-0.730081
chr11	42000000	42250000	-0.722091
chr11	42250000	42500000	-0.660267
chr11	42500000	42750000	-0.581131
chr11	42750000	43000000	-0.833325
chr11	43000000	43250000	-0.836339
chr11	43250000	43500000	-0.504185
chr11	43500000	43750000	-0.183319
chr11	43750000	44000000	0.0555475
chr11	44000000	44250000	0.300022
chr11	44250000	44500000	0.415906
chr11	44500000	44750000	0.486152
chr11	44750000	45000000	0.539787
chr11	45000000	45250000	0.624893
chr11	45250000	45500000	0.671043
chr11	45500000	45750000	0.700444
chr11	45750000	46000000	0.787944
chr11	46000000	46250000	0.847089
chr11	46250000	46500000	0.869562
chr11	46500000	46750000	0.881948
chr11	46750000	47000000	0.799401
chr11	47000000	47250000	0.693583
chr11	47250000	47500000	0.661743
chr11	47500000	47750000	0.37518
chr11	47750000	48000000	-0.39931
chr11	48000000	48250000	-0.971111
chr11	48250000	48500000	-1.31696
chr11	48500000	48750000	-1.16964
chr11	48750000	49000000	nan
chr11	49000000	49250000	nan
chr11	49250000	49500000	-1.34636
chr11	49500000	49750000	nan
chr11	49750000	50000000	nan
chr11	50000000	50250000	-1.01593
chr11	50250000	50500000	-1.03555
chr11	50500000	50750000	-0.967593
chr11	50750000	51000000	nan
chr11	51000000	51250000	nan
chr11	51250000	51500000	nan
chr11	51500000	51750000	nan
chr11	51750000	52000000	nan
chr11	52000000	52250000	nan
chr11	52250000	52500000	nan
chr11	52500000	52750000	nan
chr11	52750000	53000000	nan
chr11	53000000	53250000	nan
chr11	53250000	53500000	nan
chr11	53500000	53750000	nan
chr11	53750000	54000000	nan
chr11	54000000	54250000	nan
chr11	54250000	54500000	nan
chr11	54500000	54750000	nan
chr11	54750000	55000000	-0.830467
chr11	55000000	55250000	-0.894046
chr11	55250000	55500000	-0.887484
chr11	55500000	55750000	nan
chr11	55750000	56000000	-0.863742
chr11	56000000	56250000	-1.18307
chr11	56250000	56500000	-1.13849
chr11	56500000	56750000	-1.07213
chr11	56750000	57000000	-1.02481
chr11	57000000	57250000	-0.844637
chr11	57250000	57500000	-0.463011
chr11	57500000	57750000	-0.341365
chr11	57750000	58000000	-0.595059
chr11	58000000	58250000	-0.909467
chr11	58250000	58500000	-0.967357
chr11	58500000	58750000	-0.85454
chr11	58750000	59000000	-1.01074
chr11	59000000	59250000	-0.901797
chr11	59250000	59500000	-1.08442
chr11	59500000	59750000	-0.683
chr11	59750000	60000000	-0.959895
chr11	60000000	60250000	-1.00846
chr11	60250000	60500000	-1.03883
chr11	60500000	60750000	-0.952832
chr11	60750000	61000000	-0.196807
chr11	61000000	61250000	0.181289
chr11	61250000	61500000	0.678568
chr11	61500000	61750000	0.772845
chr11	61750000	62000000	0.781319
chr11	62000000	62250000	0.678236
chr11	62250000	62500000	0.636291
chr11	62500000	62750000	0.726787
chr11	62750000	63000000	0.542023
chr11	63000000	63250000	0.325973
chr11	63250000	63500000	0.317434
chr11	63500000	63750000	0.480223
chr11	63750000	64000000	0.644906
chr11	64000000	64250000	0.741654
chr11	64250000	64500000	0.733236
chr11	64500000	64750000	0.634878
chr11	64750000	65000000	0.70476
chr11	65000000	65250000	0.653691
chr11	65250000	65500000	0.712868
chr11	65500000	65750000	0.62592
chr11	65750000	66000000	0.652307
chr11	66000000	66250000	0.654474
chr11	66250000	66500000	0.670813
chr11	66500000	66750000	0.647346
chr11	66750000	67000000	0.689147
chr11	67000000	67250000	0.652027
chr11	67250000	67500000	nan
chr11	67500000	67750000	0.643172
chr11	67750000	68000000	nan
chr11	68000000	68250000	0.677164
chr11	68250000	68500000	0.635427
chr11	68500000	68750000	0.711563
chr11	68750000	69000000	0.645172
chr11	69000000	69250000	0.556536
chr11	69250000	69500000	0.60985
chr11	69500000	69750000	0.60785
chr11	69750000	70000000	0.629362
chr11	70000000	70250000	0.701335
chr11	70250000	70500000	0.706352
chr11	70500000	70750000	0.677692
chr11	70750000	71000000	0.58553
chr11	71000000	71250000	0.58803
chr11	71250000	71500000	0.607647
chr11	71500000	71750000	0.653379
chr11	71750000	72000000	0.671277
chr11	72000000	72250000	0.743497
chr11	72250000	72500000	0.702987
chr11	72500000	72750000	0.720125
chr11	72750000	73000000	0.661853
chr11	73000000	73250000	0.633549
chr11	73250000	73500000	0.659833
chr11	73500000	73750000	0.717453
chr11	73750000	74000000	0.679763
chr11	74000000	74250000	0.596036
chr11	74250000	74500000	0.580885
chr11	74500000	74750000	0.626219
chr11	74750000	75000000	0.587736
chr11	75000000	75250000	0.592243
chr11	75250000	75500000	0.721066
chr11	75500000	75750000	0.684579
chr11	75750000	76000000	0.620216
chr11	76000000	76250000	0.553014
chr11	76250000	76500000	0.644443
chr11	76500000	76750000	0.610986
chr11	76750000	77000000	0.604142
chr11	77000000	77250000	0.53954
chr11	77250000	77500000	0.557256
chr11	77500000	77750000	0.596235
chr11	77750000	78000000	0.522604
chr11	78000000	78250000	0.448584
chr11	78250000	78500000	0.344192
chr11	78500000	78750000	0.232601
chr11	78750000	79000000	0.0875726
chr11	79000000	79250000	0.0219758
chr11	79250000	79500000	-0.0627503
chr11	79500000	79750000	-0.194084
chr11	79750000	80000000	-0.246918
chr11	80000000	80250000	-0.210017
chr11	80250000	80500000	-0.380065
chr11	80500000	80750000	-0.335273
chr11	80750000	81000000	-0.303384
chr11	81000000	81250000	-0.270932
chr11	81250000	81500000	-0.452114
chr11	81500000	81750000	-0.603441
chr11	81750000	82000000	-0.7819
chr11	82000000	82250000	-0.746438
chr11	82250000	82500000	-0.74341
chr11	82500000	82750000	-0.586529
chr11	82750000	83000000	-0.251455
chr11	83000000	83250000	-0.0888934
chr11	83250000	83500000	-0.11913
chr11	83500000	83750000	-0.175739
chr11	83750000	84000000	-0.36443
chr11	84000000	84250000	-0.549283
chr11	84250000	84500000	-0.377219
chr11	84500000	84750000	-0.404146
chr11	84750000	85000000	-0.44896
chr11	85000000	85250000	-0.577724
chr11	85250000	85500000	-0.642776
chr11	85500000	85750000	-0.305978
chr11	85750000	86000000	0.00206171
chr11	86000000	86250000	0.0971611
chr11	86250000	86500000	-0.0615259
chr11	86500000	86750000	-0.0661099
chr11	86750000	87000000	-0.238631
chr11	87000000	87250000	-0.473569
chr11	87250000	87500000	-0.639444
chr11	87500000	87750000	-1.00418
chr11	87750000	88000000	-0.832808
chr11	88000000	88250000	-0.688124
chr11	88250000	88500000	-0.680242
chr11	88500000	88750000	-0.662822
chr11	88750000	89000000	-0.887678
chr11	89000000	89250000	-0.83946
chr11	89250000	89500000	-0.922283
chr11	89500000	89750000	-0.69325
chr11	89750000	90000000	nan
chr11	90000000	90250000	-0.736843
chr11	90250000	90500000	-0.711821
chr11	90500000	90750000	-0.794869
chr11	90750000	91000000	-0.783442
chr11	91000000	91250000	-0.731143
chr11	91250000	91500000	-0.547736
chr11	91500000	91750000	-0.514482
chr11	91750000	92000000	-0.507149
chr11	92000000	92250000	-0.400144
chr11	92250000	92500000	-0.279936
chr11	92500000	92750000	-0.383948
chr11	92750000	93000000	-0.359856
chr11	93000000	93250000	-0.298261
chr11	93250000	93500000	-0.453837
chr11	93500000	93750000	-0.220853
chr11	93750000	94000000	-0.319313
chr11	94000000	94250000	-0.665306
chr11	94250000	94500000	-0.531751
chr11	94500000	94750000	-0.130955
chr11	94750000	95000000	-0.132161
chr11	95000000	95250000	-0.201202
chr11	95250000	95500000	-0.16308
chr11	95500000	95750000	-0.21301
chr11	95750000	96000000	-0.179871
chr11	96000000	96250000	-0.21486
chr11	96250000	96500000	-0.307779
chr11	96500000	96750000	-0.552074
chr11	96750000	97000000	-0.645652
chr11	97000000	97250000	-0.494809
chr11	97250000	97500000	-0.522647
chr11	97500000	97750000	-0.510822
chr11	97750000	98000000	-0.522751
chr11	98000000	98250000	-0.550323
chr11	98250000	98500000	-0.510018
chr11	98500000	98750000	-0.639491
chr11	98750000	99000000	-0.623629
chr11	99000000	99250000	-0.489224
chr11	99250000	99500000	-0.657387
chr11	99500000	99750000	-0.555082
chr11	99750000	100000000	-0.647249
chr11	100000000	100250000	-0.701712
chr11	100250000	100500000	-0.684891
chr11	100500000	100750000	-0.405704
chr11	100750000	101000000	-0.407757
chr11	101000000	101250000	-0.860547
chr11	101250000	101500000	-0.757465
chr11	101500000	101750000	-0.864883
chr11	101750000	102000000	-0.70502
chr11	102000000	102250000	-0.50483
chr11	102250000	102500000	-0.378419
chr11	102500000	102750000	-0.587894
chr11	102750000	103000000	-0.800632
chr11	103000000	103250000	-0.678117
chr11	103250000	103500000	-0.658271
chr11	103500000	103750000	-0.62134
chr11	103750000	104000000	-0.624032
chr11	104000000	104250000	-0.606532
chr11	104250000	104500000	-0.718143
chr11	104500000	104750000	-0.659232
chr11	104750000	105000000	-0.667703
chr11	105000000	105250000	-0.684551
chr11	105250000	105500000	-0.720882
chr11	105500000	105750000	-0.770191
chr11	105750000	106000000	-0.665479
chr11	106000000	106250000	-0.704956
chr11	106250000	106500000	-0.815669
chr11	106500000	106750000	-0.845219
chr11	106750000	107000000	-0.798654
chr11	107000000	107250000	-0.828531
chr11	107250000	107500000	-0.820162
chr11	107500000	107750000	-0.66479
chr11	107750000	108000000	-0.366789
chr11	108000000	108250000	-0.315599
chr11	108250000	108500000	-0.481506
chr11	108500000	108750000	-0.417808
chr11	108750000	109000000	-0.587309
chr11	109000000	109250000	-0.739391
chr11	109250000	109500000	-0.881381
chr11	109500000	109750000	-0.735344
chr11	109750000	110000000	-0.573154
chr11	110000000	110250000	-0.367191
chr11	110250000	110500000	-0.0984282
chr11	110500000	110750000	-0.250607
chr11	110750000	111000000	-0.181584
chr11	111000000	111250000	-0.260594
chr11	111250000	111500000	-0.0715996
chr11	111500000	111750000	0.12099
chr11	111750000	112000000	0.1794
chr11	112000000	112250000	0.242195
chr11	112250000	112500000	0.101757
chr11	112500000	112750000	0.110431
chr11	112750000	113000000	0.160634
chr11	113000000	113250000	0.177647
chr11	113250000	113500000	0.352894
chr11	113500000	113750000	0.366514
chr11	113750000	114000000	0.435787
chr11	114000000	114250000	0.442015
chr11	114250000	114500000	0.38056
chr11	114500000	114750000	0.211805
chr11	114750000	115000000	0.368096
chr11	115000000	115250000	0.407527
chr11	115250000	115500000	0.448358
chr11	115500000	115750000	0.46148
chr11	115750000	116000000	0.47193
chr11	116000000	116250000	0.546172
chr11	116250000	116500000	0.552862
chr11	116500000	116750000	0.669152
chr11	116750000	117000000	0.81746
chr11	117000000	117250000	0.823442
chr11	117250000	117500000	0.852074
chr11	117500000	117750000	0.785299
chr11	117750000	118000000	0.790479
chr11	118000000	118250000	0.814089
chr11	118250000	118500000	0.849201
chr11	118500000	118750000	0.911409
chr11	118750000	119000000	0.903891
chr11	119000000	119250000	0.885286
chr11	119250000	119500000	0.857296
chr11	119500000	119750000	0.722809
chr11	119750000	120000000	0.763939
chr11	120000000	120250000	0.778251
chr11	120250000	120500000	0.672887
chr11	120500000	120750000	0.565935
chr11	120750000	121000000	0.454784
chr11	121000000	121250000	0.441406
chr11	121250000	121500000	0.368745
chr11	121500000	121750000	0.241734
chr11	121750000	122000000	0.11955
chr11	122000000	122250000	0.121411
chr11	122250000	122500000	0.154436
chr11	122500000	122750000	0.27768
chr11	122750000	123000000	0.358151
chr11	123000000	123250000	0.356288
chr11	123250000	123500000	0.417526
chr11	123500000	123750000	0.280537
chr11	123750000	124000000	0.0402065
chr11	124000000	124250000	0.0833538
chr11	124250000	124500000	-0.0263638
chr11	124500000	124750000	0.0663867
chr11	124750000	125000000	0.278036
chr11	125000000	125250000	0.349362
chr11	125250000	125500000	0.439956
chr11	125500000	125750000	0.303656
chr11	125750000	126000000	0.247761
chr11	126000000	126250000	0.36718
chr11	126250000	126500000	0.405389
chr11	126500000	126750000	0.314161
chr11	126750000	127000000	0.212649
chr11	127000000	127250000	0.242551
chr11	127250000	127500000	0.133803
chr11	127500000	127750000	0.129247
chr11	127750000	128000000	0.204872
chr11	128000000	128250000	0.153809
chr11	128250000	128500000	0.157749
chr11	128500000	128750000	0.245017
chr11	128750000	129000000	0.159229
chr11	129000000	129250000	0.0208526
chr11	129250000	129500000	0.0142231
chr11	129500000	129750000	-0.100602
chr11	129750000	130000000	0.19276
chr11	130000000	130250000	0.50102
chr11	130250000	130500000	0.322307
chr11	130500000	130750000	0.243076
chr11	130750000	131000000	0.280797
chr11	131000000	131250000	0.213662
chr11	131250000	131500000	0.266957
chr11	131500000	131750000	0.21092
chr11	131750000	132000000	0.126198
chr11	132000000	132250000	0.0755024
chr11	132250000	132500000	0.12839
chr11	132500000	132750000	0.0521422
chr11	132750000	133000000	0.119174
chr11	133000000	133250000	0.0788065
chr11	133250000	133500000	-0.0345387
chr11	133500000	133750000	0.0807358
chr11	133750000	134000000	0.182855
chr11	134000000	134250000	0.43752
chr11	134250000	134500000	0.45195
chr11	134500000	134750000	0.411966
chr11	134750000	135000000	0.378522
chr11	135000000	135086622	nan
#bedGraph section chr12:0-133275309
chr12	0	250000	0.591413
chr12	250000	500000	0.67481
chr12	500000	750000	0.659154
chr12	750000	1000000	0.679997
chr12	1000000	1250000	0.583524
chr12	1250000	1500000	0.551236
chr12	1500000	1750000	0.632156
chr12	1750000	2000000	0.691966
chr12	2000000	2250000	0.615114
chr12	2250000	2500000	0.642367
chr12	2500000	2750000	0.660917
chr12	2750000	3000000	0.725554
chr12	3000000	3250000	0.795406
chr12	3250000	3500000	0.665048
chr12	3500000	3750000	0.683776
chr12	3750000	4000000	0.719036
chr12	4000000	4250000	0.703373
chr12	4250000	4500000	0.717973
chr12	4500000	4750000	0.660193
chr12	4750000	5000000	0.654076
chr12	5000000	5250000	0.634366
chr12	5250000	5500000	0.63767
chr12	5500000	5750000	0.717235
chr12	5750000	6000000	0.838233
chr12	6000000	6250000	0.852078
chr12	6250000	6500000	0.971522
chr12	6500000	6750000	0.989976
chr12	6750000	7000000	0.8599
chr12	7000000	7250000	0.506069
chr12	7250000	7500000	0.171212
chr12	7500000	7750000	0.346594
chr12	7750000	8000000	0.436758
chr12	8000000	8250000	0.273771
chr12	8250000	8500000	0.0479071
chr12	8500000	8750000	-0.0138033
chr12	8750000	9000000	-0.0288188
chr12	9000000	9250000	-0.445902
chr12	9250000	9500000	-0.530463
chr12	9500000	9750000	-0.687355
chr12	9750000	10000000	-0.681819
chr12	10000000	10250000	-0.663495
chr12	10250000	10500000	-0.684893
chr12	10500000	10750000	-0.600343
chr12	10750000	11000000	-0.684388
chr12	11000000	11250000	-0.705693
chr12	11250000	11500000	-0.691851
chr12	11500000	11750000	-0.225748
chr12	11750000	12000000	-0.0914152
chr12	12000000	12250000	0.0574906
chr12	12250000	12500000	0.076633
chr12	12500000	12750000	0.119415
chr12	12750000	13000000	0.118557
chr12	13000000	13250000	0.0531984
chr12	13250000	13500000	0.00286879
chr12	13500000	13750000	0.00552434
chr12	13750000	14000000	-0.00354424
chr12	14000000	14250000	-0.143436
chr12	14250000	14500000	-0.271355
chr12	14500000	14750000	-0.388508
chr12	14750000	15000000	-0.590927
chr12	15000000	15250000	-0.682302
chr12	15250000	15500000	-0.699923
chr12	15500000	15750000	-0.523773
chr12	15750000	16000000	-0.477542
chr12	16000000	16250000	-0.605819
chr12	16250000	16500000	-0.571579
chr12	16500000	16750000	-0.635071
chr12	16750000	17000000	-0.564377
chr12	17000000	17250000	-0.588061
chr12	17250000	17500000	-0.595913
chr12	17500000	17750000	-0.581273
chr12	17750000	18000000	-0.683769
chr12	18000000	18250000	-0.581101
chr12	18250000	18500000	-0.508231
chr12	18500000	18750000	-0.423045
chr12	18750000	19000000	-0.391839
chr12	19000000	19250000	-0.35579
chr12	19250000	19500000	-0.310354
chr12	19500000	19750000	-0.522723
chr12	19750000	20000000	-0.634038
chr12	20000000	20250000	-0.648857
chr12	20250000	20500000	-0.65947
chr12	20500000	20750000	-0.661876
chr12	20750000	21000000	-0.708547
chr12	21000000	21250000	-0.738268
chr12	21250000	21500000	-0.574153
chr12	21500000	21750000	-0.493656
chr12	21750000	22000000	-0.700659
chr12	22000000	22250000	-0.538663
chr12	22250000	22500000	-0.416066
chr12	22500000	22750000	-0.24125
chr12	22750000	23000000	-0.108156
chr12	23000000	23250000	-0.179569
chr12	23250000	23500000	-0.367871
chr12	23500000	23750000	-0.298688
chr12	23750000	24000000	-0.230669
chr12	24000000	24250000	-0.197341
chr12	24250000	24500000	-0.220335
chr12	24500000	24750000	-0.200931
chr12	24750000	25000000	-0.0791524
chr12	25000000	25250000	-0.0284999
chr12	25250000	25500000	-0.0570291
chr12	25500000	25750000	-0.0273357
chr12	25750000	26000000	0.0676981
chr12	26000000	26250000	-0.0358982
chr12	26250000	26500000	-0.209246
chr12	26500000	26750000	-0.200073
chr12	26750000	27000000	-0.277775
chr12	27000000	27250000	-0.300108
chr12	27250000	27500000	-0.389999
chr12	27500000	27750000	-0.459972
chr12	27750000	28000000	-0.680807
chr12	28000000	28250000	-0.793828
chr12	28250000	28500000	-0.832527
chr12	28500000	28750000	-0.929266
chr12	28750000	29000000	-0.726175
chr12	29000000	29250000	-0.712756
chr12	29250000	29500000	-0.536018
chr12	29500000	29750000	-0.427911
chr12	29750000	30000000	-0.418273
chr12	30000000	30250000	-0.548832
chr12	30250000	30500000	-0.569271
chr12	30500000	30750000	-0.449243
chr12	30750000	31000000	-0.363651
chr12	31000000	31250000	-0.232239
chr12	31250000	31500000	-0.093352
chr12	31500000	31750000	-0.0936171
chr12	31750000	32000000	-0.0370926
chr12	32000000	32250000	0.00720181
chr12	32250000	32500000	-0.0950332
chr12	32500000	32750000	-0.137492
chr12	32750000	33000000	-0.59346
chr12	33000000	33250000	-0.721705
chr12	33250000	33500000	-0.798708
chr12	33500000	33750000	-0.98155
chr12	33750000	34000000	-0.957357
chr12	34000000	34250000	-0.643031
chr12	34250000	34500000	-0.634754
chr12	34500000	34750000	-0.692549
chr12	34750000	35000000	nan
chr12	35000000	35250000	nan
chr12	35250000	35500000	nan
chr12	35500000	35750000	nan
chr12	35750000	36000000	nan
chr12	36000000	36250000	nan
chr12	36250000	36500000	nan
chr12	36500000	36750000	nan
chr12	36750000	37000000	nan
chr12	37000000	37250000	nan
chr12	37250000	37500000	nan
chr12	37500000	37750000	nan
chr12	37750000	38000000	-0.809222
chr12	38000000	38250000	-0.754228
chr12	38250000	38500000	-0.86296
chr12	38500000	38750000	-1.01967
chr12	38750000	39000000	-0.970745
chr12	39000000	39250000	-0.90817
chr12	39250000	39500000	-0.901508
chr12	39500000	39750000	-1.00726
chr12	39750000	40000000	-1.05834
chr12	40000000	40250000	-0.946567
chr12	40250000	40500000	-0.911138
chr12	40500000	40750000	-0.852676
chr12	40750000	41000000	-0.811556
chr12	41000000	41250000	-0.731628
chr12	41250000	41500000	-0.602288
chr12	41500000	41750000	-0.695017
chr12	41750000	42000000	-0.682423
chr12	42000000	42250000	-0.52702
chr12	42250000	42500000	-0.450225
chr12	42500000	42750000	-0.454599
chr12	42750000	43000000	-0.469111
chr12	43000000	43250000	-0.562816
chr12	43250000	43500000	-0.621314
chr12	43500000	43750000	-0.968421
chr12	43750000	44000000	-0.827772
chr12	44000000	44250000	-0.899773
chr12	44250000	44500000	-0.863166
chr12	44500000	44750000	-0.92357
chr12	44750000	45000000	-0.770495
chr12	45000000	45250000	-0.592432
chr12	45250000	45500000	-0.601513
chr12	45500000	45750000	-0.524374
chr12	45750000	46000000	-0.482448
chr12	46000000	46250000	-0.565003
chr12	46250000	46500000	-0.523463
chr12	46500000	46750000	-0.604259
chr12	46750000	47000000	-0.671091
chr12	47000000	47250000	-0.547221
chr12	47250000	47500000	-0.68353
chr12	47500000	47750000	-0.544351
chr12	47750000	48000000	-0.0251951
chr12	48000000	48250000	-0.13629
chr12	48250000	48500000	-0.400097
chr12	48500000	48750000	-0.215634
chr12	48750000	49000000	0.574136
chr12	49000000	49250000	0.909415
chr12	49250000	49500000	0.881252
chr12	49500000	49750000	0.952797
chr12	49750000	50000000	0.970624
chr12	50000000	50250000	0.944293
chr12	50250000	50500000	0.911946
chr12	50500000	50750000	0.865972
chr12	50750000	51000000	0.810856
chr12	51000000	51250000	0.812623
chr12	51250000	51500000	0.870983
chr12	51500000	51750000	0.787407
chr12	51750000	52000000	0.866604
chr12	52000000	52250000	0.85772
chr12	52250000	52500000	0.856648
chr12	52500000	52750000	0.847732
chr12	52750000	53000000	0.880241
chr12	53000000	53250000	0.902903
chr12	53250000	53500000	0.961352
chr12	53500000	53750000	0.866836
chr12	53750000	54000000	0.682512
chr12	54000000	54250000	0.615467
chr12	54250000	54500000	0.486847
chr12	54500000	54750000	-0.0182392
chr12	54750000	55000000	-0.24442
chr12	55000000	55250000	-0.322681
chr12	55250000	55500000	-0.532177
chr12	55500000	55750000	-0.170001
chr12	55750000	56000000	0.403036
chr12	56000000	56250000	0.682485
chr12	56250000	56500000	0.849592
chr12	56500000	56750000	0.773806
chr12	56750000	57000000	0.480026
chr12	57000000	57250000	0.752156
chr12	57250000	57500000	0.727276
chr12	57500000	57750000	0.436269
chr12	57750000	58000000	-0.0710001
chr12	58000000	58250000	-0.58971
chr12	58250000	58500000	-0.497854
chr12	58500000	58750000	-0.536424
chr12	58750000	59000000	-0.422444
chr12	59000000	59250000	-0.473657
chr12	59250000	59500000	-0.596581
chr12	59500000	59750000	-0.794809
chr12	59750000	60000000	-0.72414
chr12	60000000	60250000	-0.800079
chr12	60250000	60500000	-0.72383
chr12	60500000	60750000	-0.673501
chr12	60750000	61000000	-0.763363
chr12	61000000	61250000	-0.703384
chr12	61250000	61500000	-0.665148
chr12	61500000	61750000	-0.694029
chr12	61750000	62000000	-0.782913
chr12	62000000	62250000	-0.625831
chr12	62250000	62500000	-0.644808
chr12	62500000	62750000	-0.41692
chr12	62750000	63000000	-0.582473
chr12	63000000	63250000	-0.822385
chr12	63250000	63500000	-0.907389
chr12	63500000	63750000	-0.953774
chr12	63750000	64000000	-0.716964
chr12	64000000	64250000	-0.729686
chr12	64250000	64500000	-0.585211
chr12	64500000	64750000	-0.236888
chr12	64750000	65000000	-0.271747
chr12	65000000	65250000	-0.248822
chr12	65250000	65500000	-0.134411
chr12	65500000	65750000	-0.0260353
chr12	65750000	66000000	-0.0569155
chr12	66000000	66250000	-0.066423
chr12	66250000	66500000	-0.16493
chr12	66500000	66750000	-0.21045
chr12	66750000	67000000	-0.126588
chr12	67000000	67250000	-0.121017
chr12	67250000	67500000	0.0664978
chr12	67500000	67750000	0.11141
chr12	67750000	68000000	0.0583898
chr12	68000000	68250000	0.0524403
chr12	68250000	68500000	0.0467832
chr12	68500000	68750000	0.0619697
chr12	68750000	69000000	-0.0668309
chr12	69000000	69250000	-0.114279
chr12	69250000	69500000	-0.14491
chr12	69500000	69750000	-0.363555
chr12	69750000	70000000	-0.625822
chr12	70000000	70250000	-0.734453
chr12	70250000	70500000	-0.760279
chr12	70500000	70750000	-0.698548
chr12	70750000	71000000	-0.783436
chr12	71000000	71250000	-0.851471
chr12	71250000	71500000	-0.749389
chr12	71500000	71750000	-0.593569
chr12	71750000	72000000	-0.816937
chr12	72000000	72250000	-0.822155
chr12	72250000	72500000	-0.59287
chr12	72500000	72750000	-0.726758
chr12	72750000	73000000	-0.664138
chr12	73000000	73250000	-0.679687
chr12	73250000	73500000	-0.660372
chr12	73500000	73750000	-0.661945
chr12	73750000	74000000	-0.638668
chr12	74000000	74250000	-0.666269
chr12	74250000	74500000	-0.723505
chr12	74500000	74750000	-0.783773
chr12	74750000	75000000	-1.0607
chr12	75000000	75250000	-1.04126
chr12	75250000	75500000	-0.815193
chr12	75500000	75750000	-0.511637
chr12	75750000	76000000	-0.44461
chr12	76000000	76250000	-0.388549
chr12	76250000	76500000	-0.431708
chr12	76500000	76750000	-0.522132
chr12	76750000	77000000	-0.68262
chr12	77000000	77250000	-0.884889
chr12	77250000	77500000	-0.929646
chr12	77500000	77750000	-0.930523
chr12	77750000	78000000	-0.966191
chr12	78000000	78250000	-0.76409
chr12	78250000	78500000	-0.829207
chr12	78500000	78750000	-0.736752
chr12	78750000	79000000	-0.834054
chr12	79000000	79250000	-0.753212
chr12	79250000	79500000	-0.584786
chr12	79500000	79750000	-0.416718
chr12	79750000	80000000	-0.474617
chr12	80000000	80250000	-0.542444
chr12	80250000	80500000	-0.644771
chr12	80500000	80750000	-0.62725
chr12	80750000	81000000	-0.528302
chr12	81000000	81250000	-0.570303
chr12	81250000	81500000	-0.661865
chr12	81500000	81750000	-0.742408
chr12	81750000	82000000	-0.75215
chr12	82000000	82250000	-0.85455
chr12	82250000	82500000	-0.781342
chr12	82500000	82750000	-0.609463
chr12	82750000	83000000	-0.610728
chr12	83000000	83250000	-0.676863
chr12	83250000	83500000	-0.578209
chr12	83500000	83750000	-0.718867
chr12	83750000	84000000	-0.638391
chr12	84000000	84250000	-0.800472
chr12	84250000	84500000	-0.706091
chr12	84500000	84750000	-0.767671
chr12	84750000	85000000	-0.703217
chr12	85000000	85250000	-0.642786
chr12	85250000	85500000	-0.661599
chr12	85500000	85750000	-0.736239
chr12	85750000	86000000	-0.613512
chr12	86000000	86250000	-0.626756
chr12	86250000	86500000	-0.710815
chr12	86500000	86750000	-0.687698
chr12	86750000	87000000	-0.625294
chr12	87000000	87250000	-0.628731
chr12	87250000	87500000	-0.62897
chr12	87500000	87750000	-0.65142
chr12	87750000	88000000	-0.531004
chr12	88000000	88250000	-0.685343
chr12	88250000	88500000	-0.701653
chr12	88500000	88750000	-0.717304
chr12	88750000	89000000	-0.652615
chr12	89000000	89250000	-0.490912
chr12	89250000	89500000	-0.451123
chr12	89500000	89750000	-0.533234
chr12	89750000	90000000	-0.555899
chr12	90000000	90250000	-0.675978
chr12	90250000	90500000	-0.799152
chr12	90500000	90750000	-0.887224
chr12	90750000	91000000	-0.711759
chr12	91000000	91250000	-0.798434
chr12	91250000	91500000	-0.627722
chr12	91500000	91750000	-0.889456
chr12	91750000	92000000	-0.809545
chr12	92000000	92250000	-0.630381
chr12	92250000	92500000	-0.661756
chr12	92500000	92750000	-0.476312
chr12	92750000	93000000	-0.12013
chr12	93000000	93250000	0.0458441
chr12	93250000	93500000	0.067909
chr12	93500000	93750000	0.0994285
chr12	93750000	94000000	0.0351047
chr12	94000000	94250000	0.165594
chr12	94250000	94500000	0.14744
chr12	94500000	94750000	0.220726
chr12	94750000	95000000	0.268662
chr12	95000000	95250000	0.484482
chr12	95250000	95500000	0.361078
chr12	95500000	95750000	0.329756
chr12	95750000	96000000	0.225511
chr12	96000000	96250000	0.16338
chr12	96250000	96500000	0.174067
chr12	96500000	96750000	-0.158999
chr12	96750000	97000000	-0.167369
chr12	97000000	97250000	-0.117625
chr12	97250000	97500000	-0.0425431
chr12	97500000	97750000	-0.11249
chr12	97750000	98000000	-0.142084
chr12	98000000	98250000	-0.115112
chr12	98250000	98500000	-0.0722344
chr12	98500000	98750000	-0.0436616
chr12	98750000	99000000	-0.261042
chr12	99000000	99250000	-0.647387
chr12	99250000	99500000	-0.751939
chr12	99500000	99750000	-0.698425
chr12	99750000	100000000	-0.495019
chr12	100000000	100250000	-0.429644
chr12	100250000	100500000	-0.375692
chr12	100500000	100750000	-0.434685
chr12	100750000	101000000	-0.556179
chr12	101000000	101250000	-0.733927
chr12	101250000	101500000	-0.615614
chr12	101500000	101750000	-0.786475
chr12	101750000	102000000	-0.654664
chr12	102000000	102250000	-0.803357
chr12	102250000	102500000	-0.958062
chr12	102500000	102750000	-0.842439
chr12	102750000	103000000	-0.641741
chr12	103000000	103250000	-0.881759
chr12	103250000	103500000	-0.850576
chr12	103500000	103750000	-0.667788
chr12	103750000	104000000	-0.162091
chr12	104000000	104250000	0.106252
chr12	104250000	104500000	0.14784
chr12	104500000	104750000	0.0267444
chr12	104750000	105000000	0.0368511
chr12	105000000	105250000	0.207532
chr12	105250000	105500000	0.324835
chr12	105500000	105750000	0.211238
chr12	105750000	106000000	0.201072
chr12	106000000	106250000	0.247122
chr12	106250000	106500000	0.27946
chr12	106500000	106750000	0.20633
chr12	106750000	107000000	0.261953
chr12	107000000	107250000	0.390639
chr12	107250000	107500000	0.336252
chr12	107500000	107750000	0.42311
chr12	107750000	108000000	0.595069
chr12	108000000	108250000	0.560329
chr12	108250000	108500000	0.58774
chr12	108500000	108750000	0.660657
chr12	108750000	109000000	0.651715
chr12	109000000	109250000	0.661699
chr12	109250000	109500000	0.732745
chr12	109500000	109750000	0.804949
chr12	109750000	110000000	0.784844
chr12	110000000	110250000	0.87396
chr12	110250000	110500000	0.749771
chr12	110500000	110750000	0.78481
chr12	110750000	111000000	0.657233
chr12	111000000	111250000	0.730079
chr12	111250000	111500000	0.720345
chr12	111500000	111750000	0.806486
chr12	111750000	112000000	0.758237
chr12	112000000	112250000	0.762225
chr12	112250000	112500000	0.767129
chr12	112500000	112750000	0.710048
chr12	112750000	113000000	0.692999
chr12	113000000	113250000	0.696619
chr12	113250000	113500000	0.683941
chr12	113500000	113750000	0.637263
chr12	113750000	114000000	0.567504
chr12	114000000	114250000	0.564052
chr12	114250000	114500000	0.538576
chr12	114500000	114750000	0.485905
chr12	114750000	115000000	0.412878
chr12	115000000	115250000	0.458673
chr12	115250000	115500000	0.526977
chr12	115500000	115750000	0.506602
chr12	115750000	116000000	0.517698
chr12	116000000	116250000	0.602329
chr12	116250000	116500000	0.584838
chr12	116500000	116750000	0.589143
chr12	116750000	117000000	0.611159
chr12	117000000	117250000	0.606545
chr12	117250000	117500000	0.464352
chr12	117500000	117750000	0.49384
chr12	117750000	118000000	0.509234
chr12	118000000	118250000	0.615742
chr12	118250000	118500000	0.450498
chr12	118500000	118750000	0.441919
chr12	118750000	119000000	0.453163
chr12	119000000	119250000	0.466638
chr12	119250000	119500000	0.517644
chr12	119500000	119750000	0.567229
chr12	119750000	120000000	0.674511
chr12	120000000	120250000	0.860626
chr12	120250000	120500000	0.761777
chr12	120500000	120750000	0.732667
chr12	120750000	121000000	0.688302
chr12	121000000	121250000	0.761587
chr12	121250000	121500000	0.766555
chr12	121500000	121750000	0.7283
chr12	121750000	122000000	0.724341
chr12	122000000	122250000	0.724882
chr12	122250000	122500000	0.810364
chr12	122500000	122750000	0.762827
chr12	122750000	123000000	0.745008
chr12	123000000	123250000	0.739395
chr12	123250000	123500000	0.792238
chr12	123500000	123750000	0.668009
chr12	123750000	124000000	0.682857
chr12	124000000	124250000	0.574273
chr12	124250000	124500000	0.610674
chr12	124500000	124750000	0.505744
chr12	124750000	125000000	0.506889
chr12	125000000	125250000	0.233657
chr12	125250000	125500000	-0.0289114
chr12	125500000	125750000	-0.154894
chr12	125750000	126000000	-0.224112
chr12	126000000	126250000	-0.275057
chr12	126250000	126500000	-0.349274
chr12	126500000	126750000	-0.228855
chr12	126750000	127000000	-0.154631
chr12	127000000	127250000	-0.194178
chr12	127250000	127500000	-0.0918274
chr12	127500000	127750000	-0.161435
chr12	127750000	128000000	-0.331932
chr12	128000000	128250000	-0.208354
chr12	128250000	128500000	-0.0839741
chr12	128500000	128750000	0.0301061
chr12	128750000	129000000	0.164279
chr12	129000000	129250000	0.067719
chr12	129250000	129500000	0.0453031
chr12	129500000	129750000	0.0688768
chr12	129750000	130000000	0.0977419
chr12	130000000	130250000	0.244474
chr12	130250000	130500000	0.237472
chr12	130500000	130750000	0.338124
chr12	130750000	131000000	0.503462
chr12	131000000	131250000	0.599826
chr12	131250000	131500000	0.468906
chr12	131500000	131750000	0.589062
chr12	131750000	132000000	0.694293
chr12	132000000	132250000	0.848026
chr12	132250000	132500000	0.79034
chr12	132500000	132750000	0.739799
chr12	132750000	133000000	0.5681
chr12	133000000	133250000	0.23116
chr12	133250000	133275309	nan
#bedGraph section chr13:0-114364328
chr13	0	250000	nan
chr13	250000	500000	nan
chr13	500000	750000	nan
chr13	750000	1000000	nan
chr13	1000000	1250000	nan
chr13	1250000	1500000	nan
chr13	1500000	1750000	nan
chr13	1750000	2000000	nan
chr13	2000000	2250000	nan
chr13	2250000	2500000	nan
chr13	2500000	2750000	nan
chr13	2750000	3000000	nan
chr13	3000000	3250000	nan
chr13	3250000	3500000	nan
chr13	3500000	3750000	nan
chr13	3750000	4000000	nan
chr13	4000000	4250000	nan
chr13	4250000	4500000	nan
chr13	4500000	4750000	nan
chr13	4750000	5000000	nan
chr13	5000000	5250000	nan
chr13	5250000	5500000	nan
chr13	5500000	5750000	nan
chr13	5750000	6000000	nan
chr13	6000000	6250000	nan
chr13	6250000	6500000	nan
chr13	6500000	6750000	nan
chr13	6750000	7000000	nan
chr13	7000000	7250000	nan
chr13	7250000	7500000	nan
chr13	7500000	7750000	nan
chr13	7750000	8000000	nan
chr13	8000000	8250000	nan
chr13	8250000	8500000	nan
chr13	8500000	8750000	nan
chr13	8750000	9000000	nan
chr13	9000000	9250000	nan
chr13	9250000	9500000	nan
chr13	9500000	9750000	nan
chr13	9750000	10000000	nan
chr13	10000000	10250000	nan
chr13	10250000	10500000	nan
chr13	10500000	10750000	nan
chr13	10750000	11000000	nan
chr13	11000000	11250000	nan
chr13	11250000	11500000	nan
chr13	11500000	11750000	nan
chr13	11750000	12000000	nan
chr13	12000000	12250000	nan
chr13	12250000	12500000	nan
chr13	12500000	12750000	nan
chr13	12750000	13000000	nan
chr13	13000000	13250000	nan
chr13	13250000	13500000	nan
chr13	13500000	13750000	nan
chr13	13750000	14000000	nan
chr13	14000000	14250000	nan
chr13	14250000	14500000	nan
chr13	14500000	14750000	nan
chr13	14750000	15000000	nan
chr13	15000000	15250000	nan
chr13	15250000	15500000	nan
chr13	15500000	15750000	nan
chr13	15750000	16000000	nan
chr13	16000000	16250000	nan
chr13	16250000	16500000	nan
chr13	16500000	16750000	nan
chr13	16750000	17000000	nan
chr13	17000000	17250000	nan
chr13	17250000	17500000	nan
chr13	17500000	17750000	nan
chr13	17750000	18000000	nan
chr13	18000000	18250000	nan
chr13	18250000	18500000	nan
chr13	18500000	18750000	nan
chr13	18750000	19000000	nan
chr13	19000000	19250000	-0.418368
chr13	19250000	19500000	nan
chr13	19500000	19750000	-0.265998
chr13	19750000	20000000	0.160104
chr13	20000000	20250000	0.353852
chr13	20250000	20500000	0.237176
chr13	20500000	20750000	0.283382
chr13	20750000	21000000	0.408603
chr13	21000000	21250000	0.415386
chr13	21250000	21500000	0.203978
chr13	21500000	21750000	-0.147594
chr13	21750000	22000000	-0.337182
chr13	22000000	22250000	-0.391513
chr13	22250000	22500000	-0.658916
chr13	22500000	22750000	-0.486123
chr13	22750000	23000000	-0.384472
chr13	23000000	23250000	-0.454739
chr13	23250000	23500000	-0.29454
chr13	23500000	23750000	0.0615026
chr13	23750000	24000000	0.0417332
chr13	24000000	24250000	0.31313
chr13	24250000	24500000	0.340702
chr13	24500000	24750000	0.510982
chr13	24750000	25000000	0.499031
chr13	25000000	25250000	0.529214
chr13	25250000	25500000	0.5906
chr13	25500000	25750000	0.474603
chr13	25750000	26000000	0.514503
chr13	26000000	26250000	0.525617
chr13	26250000	26500000	0.462356
chr13	26500000	26750000	0.575525
chr13	26750000	27000000	0.588734
chr13	27000000	27250000	0.664533
chr13	27250000	27500000	0.618035
chr13	27500000	27750000	0.549552
chr13	27750000	28000000	0.638059
chr13	28000000	28250000	0.650389
chr13	28250000	28500000	0.622774
chr13	28500000	28750000	0.619644
chr13	28750000	29000000	0.43661
chr13	29000000	29250000	0.386747
chr13	29250000	29500000	0.453809
chr13	29500000	29750000	0.503012
chr13	29750000	30000000	0.534264
chr13	30000000	30250000	0.614129
chr13	30250000	30500000	0.528932
chr13	30500000	30750000	0.617118
chr13	30750000	31000000	0.485909
chr13	31000000	31250000	0.155247
chr13	31250000	31500000	-0.404049
chr13	31500000	31750000	-0.242607
chr13	31750000	32000000	-0.0305865
chr13	32000000	32250000	-0.17426
chr13	32250000	32500000	0.146909
chr13	32500000	32750000	0.188355
chr13	32750000	33000000	0.100108
chr13	33000000	33250000	0.058799
chr13	33250000	33500000	-0.0636207
chr13	33500000	33750000	-0.046075
chr13	33750000	34000000	-0.215702
chr13	34000000	34250000	-0.277683
chr13	34250000	34500000	-0.296232
chr13	34500000	34750000	-0.110029
chr13	34750000	35000000	-0.162075
chr13	35000000	35250000	-0.218723
chr13	35250000	35500000	-0.358074
chr13	35500000	35750000	-0.161287
chr13	35750000	36000000	-0.274452
chr13	36000000	36250000	-0.385164
chr13	36250000	36500000	-0.277383
chr13	36500000	36750000	-0.473383
chr13	36750000	37000000	-0.0595549
chr13	37000000	37250000	-0.24032
chr13	37250000	37500000	-0.37759
chr13	37500000	37750000	-0.352076
chr13	37750000	38000000	-0.466109
chr13	38000000	38250000	-0.542627
chr13	38250000	38500000	-0.604843
chr13	38500000	38750000	-0.301556
chr13	38750000	39000000	-0.232692
chr13	39000000	39250000	0.0327359
chr13	39250000	39500000	0.0711339
chr13	39500000	39750000	0.128493
chr13	39750000	40000000	0.0643301
chr13	40000000	40250000	0.303465
chr13	40250000	40500000	0.379653
chr13	40500000	40750000	0.27407
chr13	40750000	41000000	-0.00517416
chr13	41000000	41250000	0.14857
chr13	41250000	41500000	0.209859
chr13	41500000	41750000	0.285382
chr13	41750000	42000000	0.272132
chr13	42000000	42250000	0.324456
chr13	42250000	42500000	0.353004
chr13	42500000	42750000	0.410937
chr13	42750000	43000000	0.423314
chr13	43000000	43250000	0.567333
chr13	43250000	43500000	0.392555
chr13	43500000	43750000	0.296396
chr13	43750000	44000000	0.584851
chr13	44000000	44250000	0.655266
chr13	44250000	44500000	0.631973
chr13	44500000	44750000	0.601227
chr13	44750000	45000000	0.661176
chr13	45000000	45250000	0.700851
chr13	45250000	45500000	0.731569
chr13	45500000	45750000	0.564658
chr13	45750000	46000000	0.487666
chr13	46000000	46250000	0.308767
chr13	46250000	46500000	-0.0249694
chr13	46500000	46750000	0.0412602
chr13	46750000	47000000	-0.376192
chr13	47000000	47250000	-0.568148
chr13	47250000	47500000	-0.645741
chr13	47500000	47750000	-0.593364
chr13	47750000	48000000	-0.373601
chr13	48000000	48250000	-0.00754583
chr13	48250000	48500000	-0.0400463
chr13	48500000	48750000	-0.0322927
chr13	48750000	49000000	0.0561495
chr13	49000000	49250000	0.254184
chr13	49250000	49500000	0.382639
chr13	49500000	49750000	0.46213
chr13	49750000	50000000	0.462936
chr13	50000000	50250000	0.422329
chr13	50250000	50500000	0.249374
chr13	50500000	50750000	0.343869
chr13	50750000	51000000	0.38187
chr13	51000000	51250000	0.543301
chr13	51250000	51500000	0.56357
chr13	51500000	51750000	0.430955
chr13	51750000	52000000	0.595759
chr13	52000000	52250000	0.506965
chr13	52250000	52500000	0.345247
chr13	52500000	52750000	0.230383
chr13	52750000	53000000	0.219622
chr13	53000000	53250000	0.0189222
chr13	53250000	53500000	-0.510375
chr13	53500000	53750000	-0.744059
chr13	53750000	54000000	-0.408556
chr13	54000000	54250000	-0.27177
chr13	54250000	54500000	-0.105405
chr13	54500000	54750000	-0.224215
chr13	54750000	55000000	-0.237415
chr13	55000000	55250000	-0.201298
chr13	55250000	55500000	-0.257746
chr13	55500000	55750000	-0.284663
chr13	55750000	56000000	-0.431358
chr13	56000000	56250000	-0.390673
chr13	56250000	56500000	-0.496918
chr13	56500000	56750000	-0.53359
chr13	56750000	57000000	-0.654203
chr13	57000000	57250000	-0.709194
chr13	57250000	57500000	-0.606692
chr13	57500000	57750000	-0.46837
chr13	57750000	58000000	-0.66967
chr13	58000000	58250000	-0.647164
chr13	58250000	58500000	-0.576961
chr13	58500000	58750000	-0.450637
chr13	58750000	59000000	-0.435286
chr13	59000000	59250000	-0.278981
chr13	59250000	59500000	0.000797515
chr13	59500000	59750000	0.0598827
chr13	59750000	60000000	0.194162
chr13	60000000	60250000	0.248218
chr13	60250000	60500000	-0.033569
chr13	60500000	60750000	-0.329252
chr13	60750000	61000000	-0.417706
chr13	61000000	61250000	-0.227426
chr13	61250000	61500000	-0.460495
chr13	61500000	61750000	-0.645553
chr13	61750000	62000000	-0.709944
chr13	62000000	62250000	-0.649774
chr13	62250000	62500000	-0.50605
chr13	62500000	62750000	-0.508289
chr13	62750000	63000000	-0.514995
chr13	63000000	63250000	-0.38806
chr13	63250000	63500000	-0.347455
chr13	63500000	63750000	-0.490988
chr13	63750000	64000000	nan
chr13	64000000	64250000	-0.607744
chr13	64250000	64500000	-0.546742
chr13	64500000	64750000	-0.38331
chr13	64750000	65000000	-0.506759
chr13	65000000	65250000	-0.537926
chr13	65250000	65500000	-0.534835
chr13	65500000	65750000	-0.265806
chr13	65750000	66000000	-0.446991
chr13	66000000	66250000	-0.458894
chr13	66250000	66500000	-0.364936
chr13	66500000	66750000	-0.386668
chr13	66750000	67000000	-0.418692
chr13	67000000	67250000	-0.31469
chr13	67250000	67500000	-0.597216
chr13	67500000	67750000	-0.634833
chr13	67750000	68000000	-0.514786
chr13	68000000	68250000	-0.663404
chr13	68250000	68500000	-0.426898
chr13	68500000	68750000	-0.581954
chr13	68750000	69000000	-0.433242
chr13	69000000	69250000	-0.585905
chr13	69250000	69500000	-0.595425
chr13	69500000	69750000	-0.503033
chr13	69750000	70000000	-0.365727
chr13	70000000	70250000	-0.624807
chr13	70250000	70500000	-0.428295
chr13	70500000	70750000	-0.531134
chr13	70750000	71000000	-0.647108
chr13	71000000	71250000	-0.424495
chr13	71250000	71500000	-0.450266
chr13	71500000	71750000	-0.325495
chr13	71750000	72000000	-0.314799
chr13	72000000	72250000	-0.512924
chr13	72250000	72500000	-0.660558
chr13	72500000	72750000	-0.464339
chr13	72750000	73000000	-0.0200719
chr13	73000000	73250000	0.286371
chr13	73250000	73500000	0.0486978
chr13	73500000	73750000	0.0339724
chr13	73750000	74000000	-0.0809557
chr13	74000000	74250000	-0.31229
chr13	74250000	74500000	-0.292468
chr13	74500000	74750000	-0.328369
chr13	74750000	75000000	-0.434494
chr13	75000000	75250000	-0.400813
chr13	75250000	75500000	-0.229151
chr13	75500000	75750000	-0.218049
chr13	75750000	76000000	-0.37355
chr13	76000000	76250000	-0.548497
chr13	76250000	76500000	-0.61098
chr13	76500000	76750000	-0.553775
chr13	76750000	77000000	-0.31095
chr13	77000000	77250000	-0.301909
chr13	77250000	77500000	-0.309367
chr13	77500000	77750000	-0.224891
chr13	77750000	78000000	-0.219306
chr13	78000000	78250000	-0.239547
chr13	78250000	78500000	-0.3443
chr13	78500000	78750000	-0.120885
chr13	78750000	79000000	-0.191751
chr13	79000000	79250000	-0.124476
chr13	79250000	79500000	0.0168244
chr13	79500000	79750000	-0.150832
chr13	79750000	80000000	-0.108296
chr13	80000000	80250000	-0.18543
chr13	80250000	80500000	-0.222877
chr13	80500000	80750000	-0.488617
chr13	80750000	81000000	-0.42378
chr13	81000000	81250000	-0.257154
chr13	81250000	81500000	-0.339155
chr13	81500000	81750000	-0.235692
chr13	81750000	82000000	-0.211537
chr13	82000000	82250000	-0.325233
chr13	82250000	82500000	-0.194405
chr13	82500000	82750000	-0.276993
chr13	82750000	83000000	-0.404173
chr13	83000000	83250000	-0.506572
chr13	83250000	83500000	-0.431087
chr13	83500000	83750000	-0.471625
chr13	83750000	84000000	-0.461075
chr13	84000000	84250000	-0.501612
chr13	84250000	84500000	-0.519122
chr13	84500000	84750000	-0.531252
chr13	84750000	85000000	-0.545898
chr13	85000000	85250000	-0.68429
chr13	85250000	85500000	-0.714968
chr13	85500000	85750000	-0.617506
chr13	85750000	86000000	-0.564357
chr13	86000000	86250000	-0.656528
chr13	86250000	86500000	-0.591495
chr13	86500000	86750000	-0.500187
chr13	86750000	87000000	-0.340299
chr13	87000000	87250000	-0.23883
chr13	87250000	87500000	-0.401555
chr13	87500000	87750000	-0.60643
chr13	87750000	88000000	-0.548857
chr13	88000000	88250000	-0.523719
chr13	88250000	88500000	-0.62267
chr13	88500000	88750000	-0.598871
chr13	88750000	89000000	-0.437836
chr13	89000000	89250000	-0.500482
chr13	89250000	89500000	-0.518032
chr13	89500000	89750000	-0.443725
chr13	89750000	90000000	-0.374787
chr13	90000000	90250000	-0.558914
chr13	90250000	90500000	-0.364561
chr13	90500000	90750000	-0.460411
chr13	90750000	91000000	-0.409624
chr13	91000000	91250000	-0.577587
chr13	91250000	91500000	-0.750968
chr13	91500000	91750000	-0.971805
chr13	91750000	92000000	-0.838904
chr13	92000000	92250000	-0.7731
chr13	92250000	92500000	-0.692853
chr13	92500000	92750000	-0.519636
chr13	92750000	93000000	-0.429893
chr13	93000000	93250000	-0.248033
chr13	93250000	93500000	-0.162006
chr13	93500000	93750000	-0.272547
chr13	93750000	94000000	-0.356281
chr13	94000000	94250000	-0.411245
chr13	94250000	94500000	-0.20358
chr13	94500000	94750000	0.313703
chr13	94750000	95000000	0.440439
chr13	95000000	95250000	0.499678
chr13	95250000	95500000	0.447315
chr13	95500000	95750000	0.144275
chr13	95750000	96000000	0.0204537
chr13	96000000	96250000	-0.0781832
chr13	96250000	96500000	-0.2734
chr13	96500000	96750000	-0.359572
chr13	96750000	97000000	-0.116355
chr13	97000000	97250000	0.1137
chr13	97250000	97500000	0.0609598
chr13	97500000	97750000	0.294897
chr13	97750000	98000000	0.482986
chr13	98000000	98250000	0.685313
chr13	98250000	98500000	0.801267
chr13	98500000	98750000	0.801628
chr13	98750000	99000000	0.718589
chr13	99000000	99250000	0.656033
chr13	99250000	99500000	0.582406
chr13	99500000	99750000	0.516276
chr13	99750000	100000000	0.540454
chr13	100000000	100250000	0.60271
chr13	100250000	100500000	0.440792
chr13	100500000	100750000	0.0918811
chr13	100750000	101000000	-0.416355
chr13	101000000	101250000	-0.472417
chr13	101250000	101500000	-0.751447
chr13	101500000	101750000	-0.821767
chr13	101750000	102000000	-0.49494
chr13	102000000	102250000	-0.760715
chr13	102250000	102500000	-0.627442
chr13	102500000	102750000	-0.269643
chr13	102750000	103000000	-0.367632
chr13	103000000	103250000	-0.418001
chr13	103250000	103500000	-0.421509
chr13	103500000	103750000	-0.573316
chr13	103750000	104000000	-0.388414
chr13	104000000	104250000	-0.493489
chr13	104250000	104500000	-0.552989
chr13	104500000	104750000	-0.386657
chr13	104750000	105000000	-0.465867
chr13	105000000	105250000	-0.439549
chr13	105250000	105500000	-0.364359
chr13	105500000	105750000	-0.453786
chr13	105750000	106000000	-0.29738
chr13	106000000	106250000	-0.132681
chr13	106250000	106500000	-0.033325
chr13	106500000	106750000	-0.156088
chr13	106750000	107000000	-0.238567
chr13	107000000	107250000	-0.511306
chr13	107250000	107500000	-0.667544
chr13	107500000	107750000	-0.631234
chr13	107750000	108000000	-0.690956
chr13	108000000	108250000	-0.737172
chr13	108250000	108500000	-0.632189
chr13	108500000	108750000	-0.731118
chr13	108750000	109000000	-0.440771
chr13	109000000	109250000	-0.225093
chr13	109250000	109500000	-0.0897
chr13	109500000	109750000	-0.164354
chr13	109750000	110000000	-0.255985
chr13	110000000	110250000	0.0449338
chr13	110250000	110500000	0.39147
chr13	110500000	110750000	0.774763
chr13	110750000	111000000	0.723278
chr13	111000000	111250000	0.720479
chr13	111250000	111500000	0.738729
chr13	111500000	111750000	0.584375
chr13	111750000	112000000	0.553351
chr13	112000000	112250000	0.537776
chr13	112250000	112500000	0.586697
chr13	112500000	112750000	0.724039
chr13	112750000	113000000	0.807999
chr13	113000000	113250000	0.861885
chr13	113250000	113500000	0.849263
chr13	113500000	113750000	0.762619
chr13	113750000	114000000	0.722616
chr13	114000000	114250000	0.67441
chr13	114250000	114364328	nan
#bedGraph section chr14:0-107043718
chr14	0	250000	nan
chr14	250000	500000	nan
chr14	500000	750000	nan
chr14	750000	1000000	nan
chr14	1000000	1250000	nan
chr14	1250000	1500000	nan
chr14	1500000	1750000	nan
chr14	1750000	2000000	nan
chr14	2000000	2250000	nan
chr14	2250000	2500000	nan
chr14	2500000	2750000	nan
chr14	2750000	3000000	nan
chr14	3000000	3250000	nan
chr14	3250000	3500000	nan
chr14	3500000	3750000	nan
chr14	3750000	4000000	nan
chr14	4000000	4250000	nan
chr14	4250000	4500000	nan
chr14	4500000	4750000	nan
chr14	4750000	5000000	nan
chr14	5000000	5250000	nan
chr14	5250000	5500000	nan
chr14	5500000	5750000	nan
chr14	5750000	6000000	nan
chr14	6000000	6250000	nan
chr14	6250000	6500000	nan
chr14	6500000	6750000	nan
chr14	6750000	7000000	nan
chr14	7000000	7250000	nan
chr14	7250000	7500000	nan
chr14	7500000	7750000	nan
chr14	7750000	8000000	nan
chr14	8000000	8250000	nan
chr14	8250000	8500000	nan
chr14	8500000	8750000	nan
chr14	8750000	9000000	nan
chr14	9000000	9250000	nan
chr14	9250000	9500000	nan
chr14	9500000	9750000	nan
chr14	9750000	10000000	nan
chr14	10000000	10250000	nan
chr14	10250000	10500000	nan
chr14	10500000	10750000	nan
chr14	10750000	11000000	nan
chr14	11000000	11250000	nan
chr14	11250000	11500000	nan
chr14	11500000	11750000	nan
chr14	11750000	12000000	nan
chr14	12000000	12250000	nan
chr14	12250000	12500000	nan
chr14	12500000	12750000	nan
chr14	12750000	13000000	nan
chr14	13000000	13250000	nan
chr14	13250000	13500000	nan
chr14	13500000	13750000	nan
chr14	13750000	14000000	nan
chr14	14000000	14250000	nan
chr14	14250000	14500000	nan
chr14	14500000	14750000	nan
chr14	14750000	15000000	nan
chr14	15000000	15250000	nan
chr14	15250000	15500000	nan
chr14	15500000	15750000	nan
chr14	15750000	16000000	nan
chr14	16000000	16250000	nan
chr14	16250000	16500000	nan
chr14	16500000	16750000	nan
chr14	16750000	17000000	nan
chr14	17000000	17250000	nan
chr14	17250000	17500000	nan
chr14	17500000	17750000	nan
chr14	17750000	18000000	nan
chr14	18000000	18250000	nan
chr14	18250000	18500000	nan
chr14	18500000	18750000	nan
chr14	18750000	19000000	nan
chr14	19000000	19250000	nan
chr14	19250000	19500000	nan
chr14	19500000	19750000	nan
chr14	19750000	20000000	nan
chr14	20000000	20250000	nan
chr14	20250000	20500000	-0.321159
chr14	20500000	20750000	0.0241139
chr14	20750000	21000000	0.157249
chr14	21000000	21250000	0.447534
chr14	21250000	21500000	0.45281
chr14	21500000	21750000	-0.095063
chr14	21750000	22000000	-0.203642
chr14	22000000	22250000	-0.207648
chr14	22250000	22500000	0.13318
chr14	22500000	22750000	0.438172
chr14	22750000	23000000	0.699254
chr14	23000000	23250000	0.775312
chr14	23250000	23500000	0.654633
chr14	23500000	23750000	0.373151
chr14	23750000	24000000	0.172367
chr14	24000000	24250000	0.397655
chr14	24250000	24500000	-0.19915
chr14	24500000	24750000	-0.917613
chr14	24750000	25000000	-0.881659
chr14	25000000	25250000	-0.872087
chr14	25250000	25500000	-0.90583
chr14	25500000	25750000	-0.923296
chr14	25750000	26000000	-0.704186
chr14	26000000	26250000	-0.555414
chr14	26250000	26500000	-0.511631
chr14	26500000	26750000	-0.659372
chr14	26750000	27000000	-0.590051
chr14	27000000	27250000	-0.671844
chr14	27250000	27500000	-0.767194
chr14	27500000	27750000	-0.666398
chr14	27750000	28000000	-0.698117
chr14	28000000	28250000	-0.582362
chr14	28250000	28500000	-0.748159
chr14	28500000	28750000	-0.770599
chr14	28750000	29000000	-0.715406
chr14	29000000	29250000	-0.80267
chr14	29250000	29500000	-0.801018
chr14	29500000	29750000	-0.561702
chr14	29750000	30000000	-0.740848
chr14	30000000	30250000	-0.73435
chr14	30250000	30500000	-0.585245
chr14	30500000	30750000	-0.358881
chr14	30750000	31000000	0.0486339
chr14	31000000	31250000	0.0991247
chr14	31250000	31500000	-0.308186
chr14	31500000	31750000	-0.629989
chr14	31750000	32000000	-0.690305
chr14	32000000	32250000	-0.404051
chr14	32250000	32500000	-0.492575
chr14	32500000	32750000	-0.459571
chr14	32750000	33000000	-0.68809
chr14	33000000	33250000	-0.642148
chr14	33250000	33500000	-0.561049
chr14	33500000	33750000	-0.47989
chr14	33750000	34000000	-0.292038
chr14	34000000	34250000	-0.272662
chr14	34250000	34500000	-0.23505
chr14	34500000	34750000	0.168821
chr14	34750000	35000000	0.176015
chr14	35000000	35250000	0.321383
chr14	35250000	35500000	0.32878
chr14	35500000	35750000	-0.0389355
chr14	35750000	36000000	-0.204783
chr14	36000000	36250000	-0.217304
chr14	36250000	36500000	-0.137371
chr14	36500000	36750000	-0.0967093
chr14	36750000	37000000	-0.0886201
chr14	37000000	37250000	-0.276897
chr14	37250000	37500000	-0.601802
chr14	37500000	37750000	-0.661956
chr14	37750000	38000000	-0.657006
chr14	38000000	38250000	-0.560822
chr14	38250000	38500000	-0.727959
chr14	38500000	38750000	-0.652055
chr14	38750000	39000000	-0.684501
chr14	39000000	39250000	-0.452495
chr14	39250000	39500000	-0.620741
chr14	39500000	39750000	-0.892934
chr14	39750000	40000000	-0.892629
chr14	40000000	40250000	-0.84847
chr14	40250000	40500000	-0.67764
chr14	40500000	40750000	-0.731572
chr14	40750000	41000000	-0.734321
chr14	41000000	41250000	-0.706158
chr14	41250000	41500000	-0.705493
chr14	41500000	41750000	-0.765354
chr14	41750000	42000000	-0.775539
chr14	42000000	42250000	-0.629621
chr14	42250000	42500000	-0.686129
chr14	42500000	42750000	-0.713615
chr14	42750000	43000000	-0.551325
chr14	43000000	43250000	-0.792965
chr14	43250000	43500000	-0.772782
chr14	43500000	43750000	-0.684681
chr14	43750000	44000000	-0.677954
chr14	44000000	44250000	-0.665888
chr14	44250000	44500000	-0.769921
chr14	44500000	44750000	-0.730114
chr14	44750000	45000000	-0.659429
chr14	45000000	45250000	-0.48451
chr14	45250000	45500000	-0.839558
chr14	45500000	45750000	-0.943485
chr14	45750000	46000000	-0.953377
chr14	46000000	46250000	-0.883474
chr14	46250000	46500000	-0.806543
chr14	46500000	46750000	-0.780741
chr14	46750000	47000000	-0.845189
chr14	47000000	47250000	-0.671278
chr14	47250000	47500000	-0.695709
chr14	47500000	47750000	-0.623557
chr14	47750000	48000000	-0.614543
chr14	48000000	48250000	-0.660309
chr14	48250000	48500000	-0.562118
chr14	48500000	48750000	-0.712011
chr14	48750000	49000000	-0.831444
chr14	49000000	49250000	-0.85428
chr14	49250000	49500000	-0.872125
chr14	49500000	49750000	-0.285061
chr14	49750000	50000000	0.163403
chr14	50000000	50250000	0.102657
chr14	50250000	50500000	0.182333
chr14	50500000	50750000	0.00934496
chr14	50750000	51000000	0.0642377
chr14	51000000	51250000	-0.0308321
chr14	51250000	51500000	-0.0329226
chr14	51500000	51750000	-0.0596015
chr14	51750000	52000000	-0.037242
chr14	52000000	52250000	-0.0950561
chr14	52250000	52500000	-0.180092
chr14	52500000	52750000	-0.0490779
chr14	52750000	53000000	0.300029
chr14	53000000	53250000	0.15981
chr14	53250000	53500000	0.127624
chr14	53500000	53750000	0.13007
chr14	53750000	54000000	0.0227047
chr14	54000000	54250000	0.116741
chr14	54250000	54500000	0.245476
chr14	54500000	54750000	0.377047
chr14	54750000	55000000	0.487601
chr14	55000000	55250000	0.683629
chr14	55250000	55500000	0.626997
chr14	55500000	55750000	0.578498
chr14	55750000	56000000	0.40816
chr14	56000000	56250000	0.429195
chr14	56250000	56500000	0.435273
chr14	56500000	56750000	0.620953
chr14	56750000	57000000	0.620684
chr14	57000000	57250000	0.583251
chr14	57250000	57500000	0.486103
chr14	57500000	57750000	0.261011
chr14	57750000	58000000	0.311207
chr14	58000000	58250000	0.382521
chr14	58250000	58500000	0.275015
chr14	58500000	58750000	0.0292078
chr14	58750000	59000000	-0.0175849
chr14	59000000	59250000	-0.0221546
chr14	59250000	59500000	-0.079984
chr14	59500000	59750000	-0.325064
chr14	59750000	60000000	-0.367838
chr14	60000000	60250000	-0.333737
chr14	60250000	60500000	-0.414888
chr14	60500000	60750000	-0.305026
chr14	60750000	61000000	-0.432624
chr14	61000000	61250000	-0.335845
chr14	61250000	61500000	-0.249573
chr14	61500000	61750000	-0.150885
chr14	61750000	62000000	-0.442303
chr14	62000000	62250000	-0.666559
chr14	62250000	62500000	-0.792848
chr14	62500000	62750000	-0.809039
chr14	62750000	63000000	-0.826893
chr14	63000000	63250000	-0.686243
chr14	63250000	63500000	-0.396525
chr14	63500000	63750000	-0.132993
chr14	63750000	64000000	-0.272677
chr14	64000000	64250000	-0.135997
chr14	64250000	64500000	0.0743654
chr14	64500000	64750000	0.257188
chr14	64750000	65000000	0.256319
chr14	65000000	65250000	0.104477
chr14	65250000	65500000	-0.00670958
chr14	65500000	65750000	-0.201583
chr14	65750000	66000000	-0.0908142
chr14	66000000	66250000	-0.218257
chr14	66250000	66500000	-0.445277
chr14	66500000	66750000	-0.640546
chr14	66750000	67000000	-0.909366
chr14	67000000	67250000	-0.67342
chr14	67250000	67500000	-0.0380796
chr14	67500000	67750000	0.26271
chr14	67750000	68000000	0.388559
chr14	68000000	68250000	0.293726
chr14	68250000	68500000	0.377676
chr14	68500000	68750000	0.397785
chr14	68750000	69000000	0.510535
chr14	69000000	69250000	0.596306
chr14	69250000	69500000	0.703974
chr14	69500000	69750000	0.680755
chr14	69750000	70000000	0.631223
chr14	70000000	70250000	0.541688
chr14	70250000	70500000	0.50183
chr14	70500000	70750000	0.515628
chr14	70750000	71000000	0.586167
chr14	71000000	71250000	0.501362
chr14	71250000	71500000	0.444736
chr14	71500000	71750000	0.458713
chr14	71750000	72000000	0.38699
chr14	72000000	72250000	0.278262
chr14	72250000	72500000	0.331044
chr14	72500000	72750000	0.424991
chr14	72750000	73000000	0.505368
chr14	73000000	73250000	0.681766
chr14	73250000	73500000	0.617465
chr14	73500000	73750000	0.609369
chr14	73750000	74000000	0.708116
chr14	74000000	74250000	0.760891
chr14	74250000	74500000	0.735854
chr14	74500000	74750000	0.746903
chr14	74750000	75000000	0.747107
chr14	75000000	75250000	0.727582
chr14	75250000	75500000	0.681244
chr14	75500000	75750000	0.668557
chr14	75750000	76000000	0.611579
chr14	76000000	76250000	0.579313
chr14	76250000	76500000	0.61678
chr14	76500000	76750000	0.638298
chr14	76750000	77000000	0.646028
chr14	77000000	77250000	0.661302
chr14	77250000	77500000	0.543926
chr14	77500000	77750000	0.312773
chr14	77750000	78000000	0.111718
chr14	78000000	78250000	-0.0877919
chr14	78250000	78500000	-0.126235
chr14	78500000	78750000	-0.137416
chr14	78750000	79000000	-0.354421
chr14	79000000	79250000	-0.453778
chr14	79250000	79500000	-0.372542
chr14	79500000	79750000	-0.415281
chr14	79750000	80000000	-0.657213
chr14	80000000	80250000	-0.755918
chr14	80250000	80500000	-0.837111
chr14	80500000	80750000	-0.837228
chr14	80750000	81000000	-0.677025
chr14	81000000	81250000	-0.623753
chr14	81250000	81500000	-0.494812
chr14	81500000	81750000	-0.802861
chr14	81750000	82000000	-0.917272
chr14	82000000	82250000	-0.808394
chr14	82250000	82500000	-0.94272
chr14	82500000	82750000	-0.815498
chr14	82750000	83000000	-0.811903
chr14	83000000	83250000	-0.763641
chr14	83250000	83500000	-0.755844
chr14	83500000	83750000	-0.674065
chr14	83750000	84000000	-0.74409
chr14	84000000	84250000	-0.694982
chr14	84250000	84500000	-0.600657
chr14	84500000	84750000	-0.58217
chr14	84750000	85000000	-0.662398
chr14	85000000	85250000	-0.536525
chr14	85250000	85500000	-0.65341
chr14	85500000	85750000	-0.622775
chr14	85750000	86000000	-0.757301
chr14	86000000	86250000	-0.756238
chr14	86250000	86500000	-0.789264
chr14	86500000	86750000	-0.856371
chr14	86750000	87000000	-0.782321
chr14	87000000	87250000	-0.631771
chr14	87250000	87500000	-0.602596
chr14	87500000	87750000	-0.657311
chr14	87750000	88000000	-0.438422
chr14	88000000	88250000	-0.213745
chr14	88250000	88500000	-0.171767
chr14	88500000	88750000	-0.106392
chr14	88750000	89000000	-0.253874
chr14	89000000	89250000	-0.0221658
chr14	89250000	89500000	-0.0390472
chr14	89500000	89750000	-0.162939
chr14	89750000	90000000	0.00856848
chr14	90000000	90250000	0.185574
chr14	90250000	90500000	0.343822
chr14	90500000	90750000	0.364521
chr14	90750000	91000000	0.241469
chr14	91000000	91250000	0.193944
chr14	91250000	91500000	0.283457
chr14	91500000	91750000	-0.157021
chr14	91750000	92000000	-0.0295036
chr14	92000000	92250000	0.358822
chr14	92250000	92500000	0.360697
chr14	92500000	92750000	0.481256
chr14	92750000	93000000	0.540397
chr14	93000000	93250000	0.591924
chr14	93250000	93500000	0.417445
chr14	93500000	93750000	0.382512
chr14	93750000	94000000	0.501085
chr14	94000000	94250000	0.56168
chr14	94250000	94500000	0.450475
chr14	94500000	94750000	0.598381
chr14	94750000	95000000	0.601092
chr14	95000000	95250000	0.565967
chr14	95250000	95500000	0.608348
chr14	95500000	95750000	0.566345
chr14	95750000	96000000	0.522678
chr14	96000000	96250000	0.523977
chr14	96250000	96500000	0.569824
chr14	96500000	96750000	0.447987
chr14	96750000	97000000	0.315353
chr14	97000000	97250000	0.192612
chr14	97250000	97500000	0.150292
chr14	97500000	97750000	0.154963
chr14	97750000	98000000	0.12508
chr14	98000000	98250000	0.121641
chr14	98250000	98500000	0.0980781
chr14	98500000	98750000	0.0480856
chr14	98750000	99000000	0.19145
chr14	99000000	99250000	0.271073
chr14	99250000	99500000	0.501451
chr14	99500000	99750000	0.550163
chr14	99750000	100000000	0.66356
chr14	100000000	100250000	0.667272
chr14	100250000	100500000	0.665392
chr14	100500000	100750000	0.657837
chr14	100750000	101000000	0.569762
chr14	101000000	101250000	0.588861
chr14	101250000	101500000	0.632529
chr14	101500000	101750000	0.631037
chr14	101750000	102000000	0.74093
chr14	102000000	102250000	0.758906
chr14	102250000	102500000	0.732397
chr14	102500000	102750000	0.709786
chr14	102750000	103000000	0.6694
chr14	103000000	103250000	0.627869
chr14	103250000	103500000	0.641819
chr14	103500000	103750000	0.745875
chr14	103750000	104000000	0.588141
chr14	104000000	104250000	0.545149
chr14	104250000	104500000	0.485475
chr14	104500000	104750000	0.527221
chr14	104750000	105000000	0.591641
chr14	105000000	105250000	0.427063
chr14	105250000	105500000	0.21815
chr14	105500000	105750000	nan
chr14	105750000	106000000	nan
chr14	106000000	106250000	nan
chr14	106250000	106500000	nan
chr14	106500000	106750000	nan
chr14	106750000	107000000	nan
chr14	107000000	107043718	nan
#bedGraph section chr15:0-101991189
chr15	0	250000	nan
chr15	250000	500000	nan
chr15	500000	750000	nan
chr15	750000	1000000	nan
chr15	1000000	1250000	nan
chr15	1250000	1500000	nan
chr15	1500000	1750000	nan
chr15	1750000	2000000	nan
chr15	2000000	2250000	nan
chr15	2250000	2500000	nan
chr15	2500000	2750000	nan
chr15	2750000	3000000	nan
chr15	3000000	3250000	nan
chr15	3250000	3500000	nan
chr15	3500000	3750000	nan
chr15	3750000	4000000	nan
chr15	4000000	4250000	nan
chr15	4250000	4500000	nan
chr15	4500000	4750000	nan
chr15	4750000	5000000	nan
chr15	5000000	5250000	nan
chr15	5250000	5500000	nan
chr15	5500000	5750000	nan
chr15	5750000	6000000	nan
chr15	6000000	6250000	nan
chr15	6250000	6500000	nan
chr15	6500000	6750000	nan
chr15	6750000	7000000	nan
chr15	7000000	7250000	nan
chr15	7250000	7500000	nan
chr15	7500000	7750000	nan
chr15	7750000	8000000	nan
chr15	8000000	8250000	nan
chr15	8250000	8500000	nan
chr15	8500000	8750000	nan
chr15	8750000	9000000	nan
chr15	9000000	9250000	nan
chr15	9250000	9500000	nan
chr15	9500000	9750000	nan
chr15	9750000	10000000	nan
chr15	10000000	10250000	nan
chr15	10250000	10500000	nan
chr15	10500000	10750000	nan
chr15	10750000	11000000	nan
chr15	11000000	11250000	nan
chr15	11250000	11500000	nan
chr15	11500000	11750000	nan
chr15	11750000	12000000	nan
chr15	12000000	12250000	nan
chr15	12250000	12500000	nan
chr15	12500000	12750000	nan
chr15	12750000	13000000	nan
chr15	13000000	13250000	nan
chr15	13250000	13500000	nan
chr15	13500000	13750000	nan
chr15	13750000	14000000	nan
chr15	14000000	14250000	nan
chr15	14250000	14500000	nan
chr15	14500000	14750000	nan
chr15	14750000	15000000	nan
chr15	15000000	15250000	nan
chr15	15250000	15500000	nan
chr15	15500000	15750000	nan
chr15	15750000	16000000	nan
chr15	16000000	16250000	nan
chr15	16250000	16500000	nan
chr15	16500000	16750000	nan
chr15	16750000	17000000	nan
chr15	17000000	17250000	nan
chr15	17250000	17500000	nan
chr15	17500000	17750000	nan
chr15	17750000	18000000	nan
chr15	18000000	18250000	nan
chr15	18250000	18500000	nan
chr15	18500000	18750000	nan
chr15	18750000	19000000	nan
chr15	19000000	19250000	nan
chr15	19250000	19500000	nan
chr15	19500000	19750000	nan
chr15	19750000	20000000	nan
chr15	20000000	20250000	nan
chr15	20250000	20500000	nan
chr15	20500000	20750000	nan
chr15	20750000	21000000	nan
chr15	21000000	21250000	nan
chr15	21250000	21500000	nan
chr15	21500000	21750000	nan
chr15	21750000	22000000	nan
chr15	22000000	22250000	nan
chr15	22250000	22500000	nan
chr15	22500000	22750000	nan
chr15	22750000	23000000	-0.485861
chr15	23000000	23250000	nan
chr15	23250000	23500000	nan
chr15	23500000	23750000	-0.594479
chr15	23750000	24000000	-0.704677
chr15	24000000	24250000	-0.67999
chr15	24250000	24500000	nan
chr15	24500000	24750000	-0.549093
chr15	24750000	25000000	-0.446407
chr15	25000000	25250000	-0.342167
chr15	25250000	25500000	-0.54366
chr15	25500000	25750000	-0.533295
chr15	25750000	26000000	-0.416882
chr15	26000000	26250000	-0.42098
chr15	26250000	26500000	-0.352144
chr15	26500000	26750000	-0.428177
chr15	26750000	27000000	-0.509507
chr15	27000000	27250000	-0.638338
chr15	27250000	27500000	-0.688029
chr15	27500000	27750000	-0.69275
chr15	27750000	28000000	-0.740804
chr15	28000000	28250000	-0.414814
chr15	28250000	28500000	nan
chr15	28500000	28750000	nan
chr15	28750000	29000000	0.0592401
chr15	29000000	29250000	0.02294
chr15	29250000	29500000	0.0322215
chr15	29500000	29750000	0.0454838
chr15	29750000	30000000	0.158721
chr15	30000000	30250000	nan
chr15	30250000	30500000	nan
chr15	30500000	30750000	nan
chr15	30750000	31000000	-0.215585
chr15	31000000	31250000	-0.201034
chr15	31250000	31500000	-0.1838
chr15	31500000	31750000	-0.412474
chr15	31750000	32000000	-0.49739
chr15	32000000	32250000	-0.442101
chr15	32250000	32500000	nan
chr15	32500000	32750000	-0.319352
chr15	32750000	33000000	-0.347353
chr15	33000000	33250000	-0.283437
chr15	33250000	33500000	-0.316055
chr15	33500000	33750000	-0.345022
chr15	33750000	34000000	-0.2448
chr15	34000000	34250000	-0.351691
chr15	34250000	34500000	-0.356303
chr15	34500000	34750000	-0.731102
chr15	34750000	35000000	-0.710014
chr15	35000000	35250000	-0.88574
chr15	35250000	35500000	-0.880107
chr15	35500000	35750000	-0.80476
chr15	35750000	36000000	-0.73897
chr15	36000000	36250000	-0.721097
chr15	36250000	36500000	-0.650617
chr15	36500000	36750000	-0.642547
chr15	36750000	37000000	-0.634456
chr15	37000000	37250000	-0.67481
chr15	37250000	37500000	-0.751349
chr15	37500000	37750000	-0.900071
chr15	37750000	38000000	-0.751691
chr15	38000000	38250000	-0.556253
chr15	38250000	38500000	-0.558639
chr15	38500000	38750000	-0.486102
chr15	38750000	39000000	-0.608483
chr15	39000000	39250000	-0.572104
chr15	39250000	39500000	-0.568464
chr15	39500000	39750000	-0.425712
chr15	39750000	40000000	-0.210707
chr15	40000000	40250000	0.165978
chr15	40250000	40500000	0.470796
chr15	40500000	40750000	0.579052
chr15	40750000	41000000	0.678789
chr15	41000000	41250000	0.708812
chr15	41250000	41500000	0.843461
chr15	41500000	41750000	0.892912
chr15	41750000	42000000	0.791277
chr15	42000000	42250000	0.705615
chr15	42250000	42500000	0.748685
chr15	42500000	42750000	0.664175
chr15	42750000	43000000	0.66996
chr15	43000000	43250000	0.685022
chr15	43250000	43500000	0.622769
chr15	43500000	43750000	nan
chr15	43750000	44000000	0.312199
chr15	44000000	44250000	0.174418
chr15	44250000	44500000	0.214434
chr15	44500000	44750000	0.105465
chr15	44750000	45000000	-0.207825
chr15	45000000	45250000	-0.279853
chr15	45250000	45500000	-0.363196
chr15	45500000	45750000	-0.818145
chr15	45750000	46000000	-1.05333
chr15	46000000	46250000	-1.05696
chr15	46250000	46500000	-0.887008
chr15	46500000	46750000	-1.01408
chr15	46750000	47000000	-0.886337
chr15	47000000	47250000	-0.74848
chr15	47250000	47500000	-0.621489
chr15	47500000	47750000	-0.588986
chr15	47750000	48000000	-0.505522
chr15	48000000	48250000	-0.572275
chr15	48250000	48500000	-0.710267
chr15	48500000	48750000	-0.701744
chr15	48750000	49000000	-0.536728
chr15	49000000	49250000	-0.585517
chr15	49250000	49500000	-0.73815
chr15	49500000	49750000	-0.878061
chr15	49750000	50000000	-0.804408
chr15	50000000	50250000	-0.650506
chr15	50250000	50500000	-0.407018
chr15	50500000	50750000	-0.0949748
chr15	50750000	51000000	-0.302671
chr15	51000000	51250000	-0.335251
chr15	51250000	51500000	-0.425709
chr15	51500000	51750000	-0.368089
chr15	51750000	52000000	-0.239714
chr15	52000000	52250000	-0.169731
chr15	52250000	52500000	-0.368205
chr15	52500000	52750000	-0.408883
chr15	52750000	53000000	-0.557631
chr15	53000000	53250000	-0.555194
chr15	53250000	53500000	-0.602737
chr15	53500000	53750000	-0.580111
chr15	53750000	54000000	-0.695891
chr15	54000000	54250000	-0.836879
chr15	54250000	54500000	-0.814171
chr15	54500000	54750000	-0.878976
chr15	54750000	55000000	-0.813533
chr15	55000000	55250000	-0.782117
chr15	55250000	55500000	-0.671484
chr15	55500000	55750000	-0.509882
chr15	55750000	56000000	-0.581881
chr15	56000000	56250000	-0.61769
chr15	56250000	56500000	-0.579634
chr15	56500000	56750000	-0.307962
chr15	56750000	57000000	-0.174749
chr15	57000000	57250000	-0.149591
chr15	57250000	57500000	0.0188695
chr15	57500000	57750000	-0.0427516
chr15	57750000	58000000	-0.0777681
chr15	58000000	58250000	-0.0166712
chr15	58250000	58500000	0.192286
chr15	58500000	58750000	0.14843
chr15	58750000	59000000	0.297656
chr15	59000000	59250000	0.215833
chr15	59250000	59500000	0.103959
chr15	59500000	59750000	0.290243
chr15	59750000	60000000	0.276781
chr15	60000000	60250000	0.189525
chr15	60250000	60500000	0.26762
chr15	60500000	60750000	0.182383
chr15	60750000	61000000	0.0841237
chr15	61000000	61250000	0.0854259
chr15	61250000	61500000	-0.104156
chr15	61500000	61750000	-0.0755994
chr15	61750000	62000000	0.102214
chr15	62000000	62250000	0.136376
chr15	62250000	62500000	0.275231
chr15	62500000	62750000	0.320953
chr15	62750000	63000000	0.361047
chr15	63000000	63250000	0.499879
chr15	63250000	63500000	0.516115
chr15	63500000	63750000	0.591732
chr15	63750000	64000000	0.547689
chr15	64000000	64250000	0.589251
chr15	64250000	64500000	0.619247
chr15	64500000	64750000	0.637628
chr15	64750000	65000000	0.664946
chr15	65000000	65250000	0.623718
chr15	65250000	65500000	0.649409
chr15	65500000	65750000	0.600134
chr15	65750000	66000000	0.584092
chr15	66000000	66250000	0.539635
chr15	66250000	66500000	0.616697
chr15	66500000	66750000	0.555171
chr15	66750000	67000000	0.482703
chr15	67000000	67250000	0.523583
chr15	67250000	67500000	0.478971
chr15	67500000	67750000	0.459329
chr15	67750000	68000000	0.484513
chr15	68000000	68250000	0.482707
chr15	68250000	68500000	0.50709
chr15	68500000	68750000	0.482293
chr15	68750000	69000000	0.468398
chr15	69000000	69250000	0.51231
chr15	69250000	69500000	0.538424
chr15	69500000	69750000	0.487661
chr15	69750000	70000000	0.416907
chr15	70000000	70250000	0.484922
chr15	70250000	70500000	0.448347
chr15	70500000	70750000	0.432596
chr15	70750000	71000000	0.226767
chr15	71000000	71250000	0.210706
chr15	71250000	71500000	0.121247
chr15	71500000	71750000	0.163193
chr15	71750000	72000000	0.251149
chr15	72000000	72250000	0.346288
chr15	72250000	72500000	0.434395
chr15	72500000	72750000	0.50342
chr15	72750000	73000000	0.408442
chr15	73000000	73250000	0.463353
chr15	73250000	73500000	0.45422
chr15	73500000	73750000	0.4851
chr15	73750000	74000000	0.588879
chr15	74000000	74250000	0.673769
chr15	74250000	74500000	0.609167
chr15	74500000	74750000	0.732092
chr15	74750000	75000000	0.740442
chr15	75000000	75250000	0.539729
chr15	75250000	75500000	0.722403
chr15	75500000	75750000	0.572993
chr15	75750000	76000000	0.542832
chr15	76000000	76250000	0.400654
chr15	76250000	76500000	0.216004
chr15	76500000	76750000	0.121414
chr15	76750000	77000000	0.285113
chr15	77000000	77250000	0.272266
chr15	77250000	77500000	0.223333
chr15	77500000	77750000	0.42276
chr15	77750000	78000000	0.498515
chr15	78000000	78250000	0.541849
chr15	78250000	78500000	0.580615
chr15	78500000	78750000	0.582793
chr15	78750000	79000000	0.518061
chr15	79000000	79250000	0.359349
chr15	79250000	79500000	0.159874
chr15	79500000	79750000	0.139766
chr15	79750000	80000000	0.210234
chr15	80000000	80250000	0.286413
chr15	80250000	80500000	0.201324
chr15	80500000	80750000	0.139273
chr15	80750000	81000000	0.120797
chr15	81000000	81250000	0.178195
chr15	81250000	81500000	0.14075
chr15	81500000	81750000	0.028367
chr15	81750000	82000000	0.0996422
chr15	82000000	82250000	0.24434
chr15	82250000	82500000	nan
chr15	82500000	82750000	0.357676
chr15	82750000	83000000	0.28227
chr15	83000000	83250000	0.178741
chr15	83250000	83500000	-0.0123992
chr15	83500000	83750000	-0.118512
chr15	83750000	84000000	-0.202458
chr15	84000000	84250000	nan
chr15	84250000	84500000	nan
chr15	84500000	84750000	0.470122
chr15	84750000	85000000	0.482364
chr15	85000000	85250000	0.298406
chr15	85250000	85500000	0.422201
chr15	85500000	85750000	0.31092
chr15	85750000	86000000	0.157076
chr15	86000000	86250000	0.0357056
chr15	86250000	86500000	-0.0352465
chr15	86500000	86750000	-0.0364323
chr15	86750000	87000000	-0.00951227
chr15	87000000	87250000	-0.135295
chr15	87250000	87500000	-0.118338
chr15	87500000	87750000	-0.0370976
chr15	87750000	88000000	0.126969
chr15	88000000	88250000	0.0845141
chr15	88250000	88500000	0.157086
chr15	88500000	88750000	0.355848
chr15	88750000	89000000	0.469503
chr15	89000000	89250000	0.612628
chr15	89250000	89500000	0.668355
chr15	89500000	89750000	0.642955
chr15	89750000	90000000	0.673333
chr15	90000000	90250000	0.636964
chr15	90250000	90500000	0.472404
chr15	90500000	90750000	0.477824
chr15	90750000	91000000	0.434666
chr15	91000000	91250000	0.162682
chr15	91250000	91500000	0.0253982
chr15	91500000	91750000	0.0283881
chr15	91750000	92000000	0.0187897
chr15	92000000	92250000	0.0327543
chr15	92250000	92500000	0.0516037
chr15	92500000	92750000	0.0817863
chr15	92750000	93000000	-0.107701
chr15	93000000	93250000	-0.436309
chr15	93250000	93500000	-0.398342
chr15	93500000	93750000	-0.595144
chr15	93750000	94000000	-0.566687
chr15	94000000	94250000	-0.579395
chr15	94250000	94500000	-0.796436
chr15	94500000	94750000	-0.809371
chr15	94750000	95000000	-0.869224
chr15	95000000	95250000	-0.812762
chr15	95250000	95500000	-0.689438
chr15	95500000	95750000	-0.778831
chr15	95750000	96000000	-0.550534
chr15	96000000	96250000	-0.557805
chr15	96250000	96500000	-0.515391
chr15	96500000	96750000	-0.633156
chr15	96750000	97000000	-0.68514
chr15	97000000	97250000	-0.730913
chr15	97250000	97500000	-0.837963
chr15	97500000	97750000	-0.823801
chr15	97750000	98000000	-0.859828
chr15	98000000	98250000	-0.865873
chr15	98250000	98500000	-0.679052
chr15	98500000	98750000	-0.196283
chr15	98750000	99000000	-0.350408
chr15	99000000	99250000	-0.397967
chr15	99250000	99500000	-0.438769
chr15	99500000	99750000	-0.547153
chr15	99750000	100000000	-0.652153
chr15	100000000	100250000	-0.673132
chr15	100250000	100500000	-0.746254
chr15	100500000	100750000	-0.504971
chr15	100750000	101000000	-0.421689
chr15	101000000	101250000	-0.236778
chr15	101250000	101500000	-0.246098
chr15	101500000	101750000	-0.404755
chr15	101750000	101991189	nan
#bedGraph section chr16:0-90338345
chr16	0	250000	0.392875
chr16	250000	500000	0.312352
chr16	500000	750000	0.301707
chr16	750000	1000000	0.222819
chr16	1000000	1250000	nan
chr16	1250000	1500000	0.337353
chr16	1500000	1750000	0.40316
chr16	1750000	2000000	0.451355
chr16	2000000	2250000	0.360399
chr16	2250000	2500000	0.479065
chr16	2500000	2750000	nan
chr16	2750000	3000000	0.546354
chr16	3000000	3250000	0.555006
chr16	3250000	3500000	0.45899
chr16	3500000	3750000	0.596089
chr16	3750000	4000000	0.609522
chr16	4000000	4250000	0.617887
chr16	4250000	4500000	0.738333
chr16	4500000	4750000	0.739049
chr16	4750000	5000000	0.773691
chr16	5000000	5250000	0.433939
chr16	5250000	5500000	0.241403
chr16	5500000	5750000	0.187009
chr16	5750000	6000000	0.219189
chr16	6000000	6250000	0.0748305
chr16	6250000	6500000	0.127714
chr16	6500000	6750000	-0.0271907
chr16	6750000	7000000	0.023703
chr16	7000000	7250000	0.0948048
chr16	7250000	7500000	-0.0217625
chr16	7500000	7750000	0.0226619
chr16	7750000	8000000	-0.0439173
chr16	8000000	8250000	-0.0467106
chr16	8250000	8500000	0.0495098
chr16	8500000	8750000	0.350515
chr16	8750000	9000000	0.459328
chr16	9000000	9250000	0.354479
chr16	9250000	9500000	0.213644
chr16	9500000	9750000	0.204251
chr16	9750000	10000000	0.259167
chr16	10000000	10250000	0.19796
chr16	10250000	10500000	0.285477
chr16	10500000	10750000	0.358463
chr16	10750000	11000000	0.445144
chr16	11000000	11250000	0.627776
chr16	11250000	11500000	0.47362
chr16	11500000	11750000	0.531097
chr16	11750000	12000000	0.628404
chr16	12000000	12250000	0.375822
chr16	12250000	12500000	0.366923
chr16	12500000	12750000	0.28316
chr16	12750000	13000000	0.188224
chr16	13000000	13250000	0.197415
chr16	13250000	13500000	0.232591
chr16	13500000	13750000	0.208826
chr16	13750000	14000000	0.213446
chr16	14000000	14250000	0.56491
chr16	14250000	14500000	0.561662
chr16	14500000	14750000	0.60296
chr16	14750000	15000000	nan
chr16	15000000	15250000	nan
chr16	15250000	15500000	nan
chr16	15500000	15750000	0.727502
chr16	15750000	16000000	0.769531
chr16	16000000	16250000	0.692506
chr16	16250000	16500000	nan
chr16	16500000	16750000	nan
chr16	16750000	17000000	0.370732
chr16	17000000	17250000	0.374131
chr16	17250000	17500000	0.45423
chr16	17500000	17750000	0.35346
chr16	17750000	18000000	0.327149
chr16	18000000	18250000	nan
chr16	18250000	18500000	nan
chr16	18500000	18750000	nan
chr16	18750000	19000000	0.769332
chr16	19000000	19250000	0.646172
chr16	19250000	19500000	0.535957
chr16	19500000	19750000	0.453543
chr16	19750000	20000000	0.262077
chr16	20000000	20250000	0.258518
chr16	20250000	20500000	0.192994
chr16	20500000	20750000	0.201892
chr16	20750000	21000000	0.398227
chr16	21000000	21250000	0.410384
chr16	21250000	21500000	0.516855
chr16	21500000	21750000	0.557611
chr16	21750000	22000000	nan
chr16	22000000	22250000	0.473942
chr16	22250000	22500000	0.638349
chr16	22500000	22750000	0.565523
chr16	22750000	23000000	0.63995
chr16	23000000	23250000	0.602605
chr16	23250000	23500000	0.540985
chr16	23500000	23750000	0.714486
chr16	23750000	24000000	0.458282
chr16	24000000	24250000	0.499559
chr16	24250000	24500000	0.445731
chr16	24500000	24750000	0.466962
chr16	24750000	25000000	0.496364
chr16	25000000	25250000	0.528848
chr16	25250000	25500000	0.176274
chr16	25500000	25750000	0.0903995
chr16	25750000	26000000	0.101529
chr16	26000000	26250000	0.0732053
chr16	26250000	26500000	0.0613701
chr16	26500000	26750000	0.123089
chr16	26750000	27000000	0.162385
chr16	27000000	27250000	0.325976
chr16	27250000	27500000	0.555866
chr16	27500000	27750000	0.863194
chr16	27750000	28000000	0.748471
chr16	28000000	28250000	0.855306
chr16	28250000	28500000	nan
chr16	28500000	28750000	nan
chr16	28750000	29000000	1.15005
chr16	29000000	29250000	nan
chr16	29250000	29500000	nan
chr16	29500000	29750000	nan
chr16	29750000	30000000	1.22738
chr16	30000000	30250000	nan
chr16	30250000	30500000	1.14897
chr16	30500000	30750000	1.13396
chr16	30750000	31000000	0.977234
chr16	31000000	31250000	0.409591
chr16	31250000	31500000	0.151084
chr16	31500000	31750000	-0.555592
chr16	31750000	32000000	nan
chr16	32000000	32250000	nan
chr16	32250000	32500000	nan
chr16	32500000	32750000	nan
chr16	32750000	33000000	nan
chr16	33000000	33250000	nan
chr16	33250000	33500000	nan
chr16	33500000	33750000	nan
chr16	33750000	34000000	nan
chr16	34000000	34250000	nan
chr16	34250000	34500000	nan
chr16	34500000	34750000	nan
chr16	34750000	35000000	nan
chr16	35000000	35250000	nan
chr16	35250000	35500000	-0.700605
chr16	35500000	35750000	nan
chr16	35750000	36000000	nan
chr16	36000000	36250000	nan
chr16	36250000	36500000	nan
chr16	36500000	36750000	nan
chr16	36750000	37000000	nan
chr16	37000000	37250000	nan
chr16	37250000	37500000	nan
chr16	37500000	37750000	nan
chr16	37750000	38000000	nan
chr16	38000000	38250000	nan
chr16	38250000	38500000	nan
chr16	38500000	38750000	nan
chr16	38750000	39000000	nan
chr16	39000000	39250000	nan
chr16	39250000	39500000	nan
chr16	39500000	39750000	nan
chr16	39750000	40000000	nan
chr16	40000000	40250000	nan
chr16	40250000	40500000	nan
chr16	40500000	40750000	nan
chr16	40750000	41000000	nan
chr16	41000000	41250000	nan
chr16	41250000	41500000	nan
chr16	41500000	41750000	nan
chr16	41750000	42000000	nan
chr16	42000000	42250000	nan
chr16	42250000	42500000	nan
chr16	42500000	42750000	nan
chr16	42750000	43000000	nan
chr16	43000000	43250000	nan
chr16	43250000	43500000	nan
chr16	43500000	43750000	nan
chr16	43750000	44000000	nan
chr16	44000000	44250000	nan
chr16	44250000	44500000	nan
chr16	44500000	44750000	nan
chr16	44750000	45000000	nan
chr16	45000000	45250000	nan
chr16	45250000	45500000	nan
chr16	45500000	45750000	nan
chr16	45750000	46000000	nan
chr16	46000000	46250000	nan
chr16	46250000	46500000	-0.299768
chr16	46500000	46750000	-0.093253
chr16	46750000	47000000	0.123405
chr16	47000000	47250000	-0.256482
chr16	47250000	47500000	-0.313218
chr16	47500000	47750000	-0.253599
chr16	47750000	48000000	-0.175698
chr16	48000000	48250000	-0.22848
chr16	48250000	48500000	0.037964
chr16	48500000	48750000	-0.198755
chr16	48750000	49000000	-0.345017
chr16	49000000	49250000	-0.308043
chr16	49250000	49500000	-0.255407
chr16	49500000	49750000	0.296955
chr16	49750000	50000000	0.228088
chr16	50000000	50250000	0.328467
chr16	50250000	50500000	0.321925
chr16	50500000	50750000	0.317848
chr16	50750000	51000000	-0.0372657
chr16	51000000	51250000	0.00350544
chr16	51250000	51500000	-0.0289406
chr16	51500000	51750000	0.0495816
chr16	51750000	52000000	-0.150538
chr16	52000000	52250000	-0.454502
chr16	52250000	52500000	-0.437945
chr16	52500000	52750000	-0.373143
chr16	52750000	53000000	-0.375066
chr16	53000000	53250000	-0.0680533
chr16	53250000	53500000	-0.0594137
chr16	53500000	53750000	-0.213595
chr16	53750000	54000000	-0.22179
chr16	54000000	54250000	-0.143469
chr16	54250000	54500000	-0.088186
chr16	54500000	54750000	-0.195885
chr16	54750000	55000000	-0.133168
chr16	55000000	55250000	-0.0499867
chr16	55250000	55500000	-0.137318
chr16	55500000	55750000	-0.158178
chr16	55750000	56000000	-0.0486172
chr16	56000000	56250000	0.0353198
chr16	56250000	56500000	0.266021
chr16	56500000	56750000	0.550037
chr16	56750000	57000000	0.704637
chr16	57000000	57250000	0.902646
chr16	57250000	57500000	0.886903
chr16	57500000	57750000	0.750538
chr16	57750000	58000000	0.594531
chr16	58000000	58250000	0.366711
chr16	58250000	58500000	0.112132
chr16	58500000	58750000	-0.148314
chr16	58750000	59000000	-1.16019
chr16	59000000	59250000	-1.14955
chr16	59250000	59500000	-1.09101
chr16	59500000	59750000	-0.905883
chr16	59750000	60000000	-0.97365
chr16	60000000	60250000	-0.866387
chr16	60250000	60500000	-0.787239
chr16	60500000	60750000	-0.826803
chr16	60750000	61000000	-1.00631
chr16	61000000	61250000	-0.978396
chr16	61250000	61500000	-0.973071
chr16	61500000	61750000	-0.801274
chr16	61750000	62000000	-0.881979
chr16	62000000	62250000	-1.05042
chr16	62250000	62500000	-0.971929
chr16	62500000	62750000	-0.863795
chr16	62750000	63000000	-0.862828
chr16	63000000	63250000	-0.823615
chr16	63250000	63500000	-0.995391
chr16	63500000	63750000	-0.887534
chr16	63750000	64000000	-0.937336
chr16	64000000	64250000	-0.860428
chr16	64250000	64500000	-0.801317
chr16	64500000	64750000	-0.830826
chr16	64750000	65000000	-0.922712
chr16	65000000	65250000	-0.912184
chr16	65250000	65500000	-0.806932
chr16	65500000	65750000	-0.716024
chr16	65750000	66000000	-0.720671
chr16	66000000	66250000	-0.718983
chr16	66250000	66500000	-0.379614
chr16	66500000	66750000	0.391378
chr16	66750000	67000000	0.662088
chr16	67000000	67250000	0.889828
chr16	67250000	67500000	0.903009
chr16	67500000	67750000	0.986451
chr16	67750000	68000000	1.0813
chr16	68000000	68250000	0.914322
chr16	68250000	68500000	0.857851
chr16	68500000	68750000	0.681934
chr16	68750000	69000000	0.708558
chr16	69000000	69250000	0.7657
chr16	69250000	69500000	0.704769
chr16	69500000	69750000	0.707507
chr16	69750000	70000000	0.775798
chr16	70000000	70250000	0.785688
chr16	70250000	70500000	0.880645
chr16	70500000	70750000	0.718392
chr16	70750000	71000000	0.516877
chr16	71000000	71250000	0.407976
chr16	71250000	71500000	0.3998
chr16	71500000	71750000	0.476304
chr16	71750000	72000000	0.549306
chr16	72000000	72250000	0.0615896
chr16	72250000	72500000	-0.176281
chr16	72500000	72750000	-0.26004
chr16	72750000	73000000	-0.218183
chr16	73000000	73250000	-0.139654
chr16	73250000	73500000	-0.260302
chr16	73500000	73750000	-0.287718
chr16	73750000	74000000	-0.333283
chr16	74000000	74250000	-0.246453
chr16	74250000	74500000	0.150471
chr16	74500000	74750000	0.407255
chr16	74750000	75000000	0.336613
chr16	75000000	75250000	0.310985
chr16	75250000	75500000	0.15036
chr16	75500000	75750000	-0.0618067
chr16	75750000	76000000	-0.272282
chr16	76000000	76250000	-0.418136
chr16	76250000	76500000	-0.356837
chr16	76500000	76750000	-0.379039
chr16	76750000	77000000	-0.489461
chr16	77000000	77250000	-0.419144
chr16	77250000	77500000	-0.165362
chr16	77500000	77750000	-0.185308
chr16	77750000	78000000	-0.0835372
chr16	78000000	78250000	-0.133957
chr16	78250000	78500000	0.0193912
chr16	78500000	78750000	-0.0464213
chr16	78750000	79000000	-0.0312865
chr16	79000000	79250000	-0.0595658
chr16	79250000	79500000	-0.0693669
chr16	79500000	79750000	-0.113099
chr16	79750000	80000000	-0.10178
chr16	80000000	80250000	-0.100406
chr16	80250000	80500000	-0.217316
chr16	80500000	80750000	-0.203052
chr16	80750000	81000000	-0.117057
chr16	81000000	81250000	0.149932
chr16	81250000	81500000	0.393847
chr16	81500000	81750000	0.38074
chr16	81750000	82000000	0.190648
chr16	82000000	82250000	0.0409191
chr16	82250000	82500000	-0.0236633
chr16	82500000	82750000	0.0610843
chr16	82750000	83000000	-0.047311
chr16	83000000	83250000	-0.0692613
chr16	83250000	83500000	0.0252516
chr16	83500000	83750000	0.162034
chr16	83750000	84000000	0.431611
chr16	84000000	84250000	0.55832
chr16	84250000	84500000	0.627493
chr16	84500000	84750000	0.640205
chr16	84750000	85000000	0.786574
chr16	85000000	85250000	0.72491
chr16	85250000	85500000	0.693754
chr16	85500000	85750000	0.756021
chr16	85750000	86000000	0.547844
chr16	86000000	86250000	0.496198
chr16	86250000	86500000	0.4802
chr16	86500000	86750000	0.413905
chr16	86750000	87000000	0.483857
chr16	87000000	87250000	0.450408
chr16	87250000	87500000	0.625224
chr16	87500000	87750000	0.637752
chr16	87750000	88000000	0.716415
chr16	88000000	88250000	0.592778
chr16	88250000	88500000	0.668615
chr16	88500000	88750000	0.749856
chr16	88750000	89000000	0.619097
chr16	89000000	89250000	0.655515
chr16	89250000	89500000	0.827078
chr16	89500000	89750000	0.798633
chr16	89750000	90000000	0.743982
chr16	90000000	90250000	nan
chr16	90250000	90338345	nan
#bedGraph section chr17:0-83257441
chr17	0	250000	nan
chr17	250000	500000	0.224737
chr17	500000	750000	0.257219
chr17	750000	1000000	0.449058
chr17	1000000	1250000	0.40731
chr17	1250000	1500000	0.610099
chr17	1500000	1750000	0.638406
chr17	1750000	2000000	0.613875
chr17	2000000	2250000	0.500191
chr17	2250000	2500000	0.523305
chr17	2500000	2750000	0.405943
chr17	2750000	3000000	0.178083
chr17	3000000	3250000	-0.037538
chr17	3250000	3500000	-0.0798183
chr17	3500000	3750000	0.106295
chr17	3750000	4000000	0.424364
chr17	4000000	4250000	0.504678
chr17	4250000	4500000	0.545426
chr17	4500000	4750000	0.589457
chr17	4750000	5000000	0.539656
chr17	5000000	5250000	0.593345
chr17	5250000	5500000	0.6355
chr17	5500000	5750000	0.287917
chr17	5750000	6000000	0.279438
chr17	6000000	6250000	0.238177
chr17	6250000	6500000	0.224446
chr17	6500000	6750000	0.540855
chr17	6750000	7000000	0.59429
chr17	7000000	7250000	0.816767
chr17	7250000	7500000	0.927443
chr17	7500000	7750000	0.848506
chr17	7750000	8000000	0.996186
chr17	8000000	8250000	0.960386
chr17	8250000	8500000	0.87178
chr17	8500000	8750000	0.690687
chr17	8750000	9000000	0.545044
chr17	9000000	9250000	0.494256
chr17	9250000	9500000	0.248092
chr17	9500000	9750000	0.220192
chr17	9750000	10000000	0.149212
chr17	10000000	10250000	0.0417694
chr17	10250000	10500000	-0.0618972
chr17	10500000	10750000	-0.136171
chr17	10750000	11000000	-0.271191
chr17	11000000	11250000	-0.196948
chr17	11250000	11500000	-0.230262
chr17	11500000	11750000	-0.262392
chr17	11750000	12000000	-0.30789
chr17	12000000	12250000	-0.304105
chr17	12250000	12500000	-0.31157
chr17	12500000	12750000	-0.239985
chr17	12750000	13000000	-0.27606
chr17	13000000	13250000	-0.425828
chr17	13250000	13500000	-0.443251
chr17	13500000	13750000	-0.338239
chr17	13750000	14000000	-0.356903
chr17	14000000	14250000	-0.389495
chr17	14250000	14500000	-0.337303
chr17	14500000	14750000	-0.315707
chr17	14750000	15000000	-0.413903
chr17	15000000	15250000	-0.416539
chr17	15250000	15500000	-0.107105
chr17	15500000	15750000	0.0648234
chr17	15750000	16000000	0.212102
chr17	16000000	16250000	0.531011
chr17	16250000	16500000	0.666663
chr17	16500000	16750000	0.576002
chr17	16750000	17000000	0.636738
chr17	17000000	17250000	0.670918
chr17	17250000	17500000	0.678774
chr17	17500000	17750000	0.774138
chr17	17750000	18000000	0.947837
chr17	18000000	18250000	1.22616
chr17	18250000	18500000	1.00202
chr17	18500000	18750000	nan
chr17	18750000	19000000	0.799406
chr17	19000000	19250000	nan
chr17	19250000	19500000	0.671926
chr17	19500000	19750000	0.61027
chr17	19750000	20000000	0.463354
chr17	20000000	20250000	0.216491
chr17	20250000	20500000	nan
chr17	20500000	20750000	0.011957
chr17	20750000	21000000	0.0926836
chr17	21000000	21250000	-0.0468614
chr17	21250000	21500000	-0.41225
chr17	21500000	21750000	-0.60126
chr17	21750000	22000000	nan
chr17	22000000	22250000	nan
chr17	22250000	22500000	nan
chr17	22500000	22750000	nan
chr17	22750000	23000000	nan
chr17	23000000	23250000	nan
chr17	23250000	23500000	nan
chr17	23500000	23750000	nan
chr17	23750000	24000000	nan
chr17	24000000	24250000	nan
chr17	24250000	24500000	nan
chr17	24500000	24750000	nan
chr17	24750000	25000000	nan
chr17	25000000	25250000	nan
chr17	25250000	25500000	nan
chr17	25500000	25750000	nan
chr17	25750000	26000000	nan
chr17	26000000	26250000	nan
chr17	26250000	26500000	nan
chr17	26500000	26750000	-0.765558
chr17	26750000	27000000	nan
chr17	27000000	27250000	-0.902663
chr17	27250000	27500000	-0.450201
chr17	27500000	27750000	-0.357617
chr17	27750000	28000000	-0.0721984
chr17	28000000	28250000	0.133093
chr17	28250000	28500000	0.40469
chr17	28500000	28750000	1.01564
chr17	28750000	29000000	1.02246
chr17	29000000	29250000	0.980876
chr17	29250000	29500000	0.838348
chr17	29500000	29750000	0.748001
chr17	29750000	30000000	0.629549
chr17	30000000	30250000	0.624821
chr17	30250000	30500000	0.662743
chr17	30500000	30750000	0.771997
chr17	30750000	31000000	0.598461
chr17	31000000	31250000	0.638556
chr17	31250000	31500000	0.54891
chr17	31500000	31750000	0.488648
chr17	31750000	32000000	0.507572
chr17	32000000	32250000	0.635583
chr17	32250000	32500000	0.586616
chr17	32500000	32750000	0.277608
chr17	32750000	33000000	0.177792
chr17	33000000	33250000	-0.0199277
chr17	33250000	33500000	0.011868
chr17	33500000	33750000	-0.0724745
chr17	33750000	34000000	0.0695849
chr17	34000000	34250000	0.121713
chr17	34250000	34500000	0.0956975
chr17	34500000	34750000	0.114982
chr17	34750000	35000000	0.15272
chr17	35000000	35250000	0.217128
chr17	35250000	35500000	0.0890742
chr17	35500000	35750000	0.336926
chr17	35750000	36000000	0.287026
chr17	36000000	36250000	0.197208
chr17	36250000	36500000	nan
chr17	36500000	36750000	0.451204
chr17	36750000	37000000	0.540243
chr17	37000000	37250000	0.519038
chr17	37250000	37500000	0.605838
chr17	37500000	37750000	0.531441
chr17	37750000	38000000	0.297385
chr17	38000000	38250000	nan
chr17	38250000	38500000	0.71406
chr17	38500000	38750000	0.755016
chr17	38750000	39000000	0.676149
chr17	39000000	39250000	0.588865
chr17	39250000	39500000	0.634563
chr17	39500000	39750000	0.593283
chr17	39750000	40000000	0.608919
chr17	40000000	40250000	0.676623
chr17	40250000	40500000	0.533187
chr17	40500000	40750000	0.308362
chr17	40750000	41000000	0.137481
chr17	41000000	41250000	0.022816
chr17	41250000	41500000	0.0312864
chr17	41500000	41750000	0.370947
chr17	41750000	42000000	0.600345
chr17	42000000	42250000	0.740331
chr17	42250000	42500000	0.65733
chr17	42500000	42750000	0.717665
chr17	42750000	43000000	0.671987
chr17	43000000	43250000	0.648803
chr17	43250000	43500000	0.600929
chr17	43500000	43750000	0.628607
chr17	43750000	44000000	0.671068
chr17	44000000	44250000	0.727227
chr17	44250000	44500000	0.757881
chr17	44500000	44750000	0.670075
chr17	44750000	45000000	0.672614
chr17	45000000	45250000	0.589233
chr17	45250000	45500000	0.565706
chr17	45500000	45750000	0.446081
chr17	45750000	46000000	0.498242
chr17	46000000	46250000	0.472063
chr17	46250000	46500000	nan
chr17	46500000	46750000	nan
chr17	46750000	47000000	0.365535
chr17	47000000	47250000	0.464484
chr17	47250000	47500000	0.535999
chr17	47500000	47750000	0.763673
chr17	47750000	48000000	0.682538
chr17	48000000	48250000	0.527579
chr17	48250000	48500000	0.464003
chr17	48500000	48750000	0.495243
chr17	48750000	49000000	0.545348
chr17	49000000	49250000	0.695717
chr17	49250000	49500000	0.644173
chr17	49500000	49750000	0.726835
chr17	49750000	50000000	0.700087
chr17	50000000	50250000	0.682555
chr17	50250000	50500000	0.675948
chr17	50500000	50750000	0.495391
chr17	50750000	51000000	0.36001
chr17	51000000	51250000	0.0616191
chr17	51250000	51500000	-0.836736
chr17	51500000	51750000	-0.931496
chr17	51750000	52000000	-1.03164
chr17	52000000	52250000	-1.12058
chr17	52250000	52500000	-1.09733
chr17	52500000	52750000	-1.10172
chr17	52750000	53000000	-1.10148
chr17	53000000	53250000	-1.03202
chr17	53250000	53500000	-1.02012
chr17	53500000	53750000	-0.976723
chr17	53750000	54000000	-0.927623
chr17	54000000	54250000	-0.984298
chr17	54250000	54500000	-1.07994
chr17	54500000	54750000	-1.08596
chr17	54750000	55000000	-1.06502
chr17	55000000	55250000	-1.0075
chr17	55250000	55500000	-0.918788
chr17	55500000	55750000	-0.666795
chr17	55750000	56000000	-0.780544
chr17	56000000	56250000	-0.734691
chr17	56250000	56500000	-0.818993
chr17	56500000	56750000	-0.727042
chr17	56750000	57000000	-0.41241
chr17	57000000	57250000	-0.0778648
chr17	57250000	57500000	0.0205208
chr17	57500000	57750000	-0.0586848
chr17	57750000	58000000	0.223595
chr17	58000000	58250000	0.244039
chr17	58250000	58500000	0.309235
chr17	58500000	58750000	0.207573
chr17	58750000	59000000	-0.103816
chr17	59000000	59250000	0.284649
chr17	59250000	59500000	0.554626
chr17	59500000	59750000	0.488243
chr17	59750000	60000000	0.389509
chr17	60000000	60250000	0.182065
chr17	60250000	60500000	0.123124
chr17	60500000	60750000	-0.103581
chr17	60750000	61000000	-0.320935
chr17	61000000	61250000	-0.328539
chr17	61250000	61500000	-0.268301
chr17	61500000	61750000	-0.335293
chr17	61750000	62000000	-0.0953285
chr17	62000000	62250000	0.0221876
chr17	62250000	62500000	-0.102418
chr17	62500000	62750000	0.261075
chr17	62750000	63000000	-0.0157936
chr17	63000000	63250000	-0.107667
chr17	63250000	63500000	0.02055
chr17	63500000	63750000	0.394821
chr17	63750000	64000000	0.676222
chr17	64000000	64250000	0.581917
chr17	64250000	64500000	0.518014
chr17	64500000	64750000	0.498284
chr17	64750000	65000000	0.575799
chr17	65000000	65250000	0.0855094
chr17	65250000	65500000	-0.200557
chr17	65500000	65750000	-0.0944457
chr17	65750000	66000000	-0.233004
chr17	66000000	66250000	-0.238334
chr17	66250000	66500000	-0.191222
chr17	66500000	66750000	-0.181904
chr17	66750000	67000000	-0.0725323
chr17	67000000	67250000	0.0962832
chr17	67250000	67500000	0.240198
chr17	67500000	67750000	0.128053
chr17	67750000	68000000	0.304627
chr17	68000000	68250000	-0.0808463
chr17	68250000	68500000	-0.303605
chr17	68500000	68750000	-0.551999
chr17	68750000	69000000	-0.792702
chr17	69000000	69250000	-0.685145
chr17	69250000	69500000	-0.727646
chr17	69500000	69750000	-0.893697
chr17	69750000	70000000	-0.866942
chr17	70000000	70250000	-0.768348
chr17	70250000	70500000	-0.860309
chr17	70500000	70750000	-0.903141
chr17	70750000	71000000	-0.939253
chr17	71000000	71250000	-0.853094
chr17	71250000	71500000	-0.803635
chr17	71500000	71750000	-0.860287
chr17	71750000	72000000	-0.836941
chr17	72000000	72250000	-0.814327
chr17	72250000	72500000	-0.780468
chr17	72500000	72750000	-0.716072
chr17	72750000	73000000	-0.564464
chr17	73000000	73250000	-0.414335
chr17	73250000	73500000	-0.123287
chr17	73500000	73750000	0.0839413
chr17	73750000	74000000	0.114939
chr17	74000000	74250000	0.244292
chr17	74250000	74500000	0.597393
chr17	74500000	74750000	0.740601
chr17	74750000	75000000	0.8516
chr17	75000000	75250000	1.00103
chr17	75250000	75500000	0.957126
chr17	75500000	75750000	1.09787
chr17	75750000	76000000	1.08662
chr17	76000000	76250000	1.01684
chr17	76250000	76500000	0.921691
chr17	76500000	76750000	0.856551
chr17	76750000	77000000	0.573546
chr17	77000000	77250000	0.522402
chr17	77250000	77500000	0.544977
chr17	77500000	77750000	0.483492
chr17	77750000	78000000	0.509709
chr17	78000000	78250000	0.619336
chr17	78250000	78500000	0.697883
chr17	78500000	78750000	0.545624
chr17	78750000	79000000	0.549665
chr17	79000000	79250000	0.493394
chr17	79250000	79500000	0.336653
chr17	79500000	79750000	0.427746
chr17	79750000	80000000	0.639849
chr17	80000000	80250000	0.662857
chr17	80250000	80500000	0.571087
chr17	80500000	80750000	0.616229
chr17	80750000	81000000	0.513636
chr17	81000000	81250000	0.694033
chr17	81250000	81500000	0.74046
chr17	81500000	81750000	0.845129
chr17	81750000	82000000	nan
chr17	82000000	82250000	nan
chr17	82250000	82500000	0.869413
chr17	82500000	82750000	0.747298
chr17	82750000	83000000	0.4854
chr17	83000000	83250000	0.183546
chr17	83250000	83257441	nan
#bedGraph section chr18:0-80373285
chr18	0	250000	0.252015
chr18	250000	500000	0.233156
chr18	500000	750000	0.41495
chr18	750000	1000000	-0.0273355
chr18	1000000	1250000	-0.544803
chr18	1250000	1500000	-0.561672
chr18	1500000	1750000	-0.2344
chr18	1750000	2000000	-0.369766
chr18	2000000	2250000	-0.134128
chr18	2250000	2500000	-0.187138
chr18	2500000	2750000	0.197033
chr18	2750000	3000000	0.581499
chr18	3000000	3250000	0.568502
chr18	3250000	3500000	0.577648
chr18	3500000	3750000	0.412262
chr18	3750000	4000000	0.206186
chr18	4000000	4250000	-0.0957944
chr18	4250000	4500000	-0.186977
chr18	4500000	4750000	-0.230793
chr18	4750000	5000000	-0.18645
chr18	5000000	5250000	0.0227628
chr18	5250000	5500000	0.0759995
chr18	5500000	5750000	-0.0591859
chr18	5750000	6000000	0.0543927
chr18	6000000	6250000	-0.183747
chr18	6250000	6500000	-0.0186898
chr18	6500000	6750000	0.303901
chr18	6750000	7000000	0.392839
chr18	7000000	7250000	0.595199
chr18	7250000	7500000	0.431013
chr18	7500000	7750000	0.433012
chr18	7750000	8000000	0.396621
chr18	8000000	8250000	0.335463
chr18	8250000	8500000	0.464895
chr18	8500000	8750000	0.548687
chr18	8750000	9000000	0.622015
chr18	9000000	9250000	0.549001
chr18	9250000	9500000	0.582044
chr18	9500000	9750000	0.570573
chr18	9750000	10000000	0.530123
chr18	10000000	10250000	0.477886
chr18	10250000	10500000	0.486955
chr18	10500000	10750000	0.353001
chr18	10750000	11000000	0.14905
chr18	11000000	11250000	0.316486
chr18	11250000	11500000	0.113667
chr18	11500000	11750000	0.316529
chr18	11750000	12000000	0.531482
chr18	12000000	12250000	0.350806
chr18	12250000	12500000	0.495276
chr18	12500000	12750000	0.492974
chr18	12750000	13000000	0.570371
chr18	13000000	13250000	0.477487
chr18	13250000	13500000	0.265408
chr18	13500000	13750000	0.206731
chr18	13750000	14000000	-0.285806
chr18	14000000	14250000	-0.491443
chr18	14250000	14500000	nan
chr18	14500000	14750000	nan
chr18	14750000	15000000	nan
chr18	15000000	15250000	nan
chr18	15250000	15500000	nan
chr18	15500000	15750000	nan
chr18	15750000	16000000	nan
chr18	16000000	16250000	nan
chr18	16250000	16500000	nan
chr18	16500000	16750000	nan
chr18	16750000	17000000	nan
chr18	17000000	17250000	nan
chr18	17250000	17500000	nan
chr18	17500000	17750000	nan
chr18	17750000	18000000	nan
chr18	18000000	18250000	nan
chr18	18250000	18500000	nan
chr18	18500000	18750000	nan
chr18	18750000	19000000	nan
chr18	19000000	19250000	nan
chr18	19250000	19500000	nan
chr18	19500000	19750000	nan
chr18	19750000	20000000	nan
chr18	20000000	20250000	nan
chr18	20250000	20500000	nan
chr18	20500000	20750000	nan
chr18	20750000	21000000	nan
chr18	21000000	21250000	-0.678608
chr18	21250000	21500000	-0.0386374
chr18	21500000	21750000	0.345204
chr18	21750000	22000000	0.524807
chr18	22000000	22250000	0.580607
chr18	22250000	22500000	0.475671
chr18	22500000	22750000	0.326249
chr18	22750000	23000000	0.403391
chr18	23000000	23250000	0.574988
chr18	23250000	23500000	0.578918
chr18	23500000	23750000	0.627404
chr18	23750000	24000000	0.557903
chr18	24000000	24250000	0.515248
chr18	24250000	24500000	0.440396
chr18	24500000	24750000	0.122766
chr18	24750000	25000000	0.176815
chr18	25000000	25250000	0.167573
chr18	25250000	25500000	0.0521019
chr18	25500000	25750000	0.0399718
chr18	25750000	26000000	0.0413667
chr18	26000000	26250000	0.151276
chr18	26250000	26500000	0.135874
chr18	26500000	26750000	0.146186
chr18	26750000	27000000	-0.0564033
chr18	27000000	27250000	-0.190468
chr18	27250000	27500000	-0.335017
chr18	27500000	27750000	-0.240255
chr18	27750000	28000000	-0.0290951
chr18	28000000	28250000	-0.201417
chr18	28250000	28500000	-0.707105
chr18	28500000	28750000	-0.706016
chr18	28750000	29000000	-0.580791
chr18	29000000	29250000	-0.540436
chr18	29250000	29500000	-0.68137
chr18	29500000	29750000	-0.789853
chr18	29750000	30000000	-0.769037
chr18	30000000	30250000	-0.770887
chr18	30250000	30500000	-0.671264
chr18	30500000	30750000	-0.806008
chr18	30750000	31000000	-0.613071
chr18	31000000	31250000	-0.210029
chr18	31250000	31500000	-0.273612
chr18	31500000	31750000	0.0156258
chr18	31750000	32000000	0.209545
chr18	32000000	32250000	-0.173835
chr18	32250000	32500000	-0.337031
chr18	32500000	32750000	-0.446534
chr18	32750000	33000000	-0.478546
chr18	33000000	33250000	-0.867835
chr18	33250000	33500000	-0.958806
chr18	33500000	33750000	-0.880386
chr18	33750000	34000000	-0.816104
chr18	34000000	34250000	-0.803856
chr18	34250000	34500000	-0.687194
chr18	34500000	34750000	-0.288268
chr18	34750000	35000000	-0.314909
chr18	35000000	35250000	-0.127871
chr18	35250000	35500000	0.31461
chr18	35500000	35750000	0.171258
chr18	35750000	36000000	0.218693
chr18	36000000	36250000	0.295967
chr18	36250000	36500000	0.146686
chr18	36500000	36750000	0.0191722
chr18	36750000	37000000	-0.29781
chr18	37000000	37250000	-0.355008
chr18	37250000	37500000	-0.071765
chr18	37500000	37750000	-0.136355
chr18	37750000	38000000	-0.27611
chr18	38000000	38250000	-0.372182
chr18	38250000	38500000	-0.434804
chr18	38500000	38750000	-0.497362
chr18	38750000	39000000	-0.480361
chr18	39000000	39250000	-0.478583
chr18	39250000	39500000	-0.348637
chr18	39500000	39750000	-0.277556
chr18	39750000	40000000	-0.370727
chr18	40000000	40250000	-0.452353
chr18	40250000	40500000	-0.564064
chr18	40500000	40750000	-0.757568
chr18	40750000	41000000	-0.585042
chr18	41000000	41250000	-0.703689
chr18	41250000	41500000	-0.587121
chr18	41500000	41750000	-0.584108
chr18	41750000	42000000	-0.496352
chr18	42000000	42250000	-0.592939
chr18	42250000	42500000	-0.642433
chr18	42500000	42750000	-0.525344
chr18	42750000	43000000	-0.36673
chr18	43000000	43250000	-0.616075
chr18	43250000	43500000	-0.687306
chr18	43500000	43750000	-0.626929
chr18	43750000	44000000	-0.785268
chr18	44000000	44250000	-0.637055
chr18	44250000	44500000	-0.591723
chr18	44500000	44750000	-0.299967
chr18	44750000	45000000	-0.232218
chr18	45000000	45250000	-0.406218
chr18	45250000	45500000	-0.421928
chr18	45500000	45750000	-0.0713959
chr18	45750000	46000000	0.245278
chr18	46000000	46250000	0.508733
chr18	46250000	46500000	0.599232
chr18	46500000	46750000	0.516287
chr18	46750000	47000000	0.516165
chr18	47000000	47250000	0.491664
chr18	47250000	47500000	0.408695
chr18	47500000	47750000	0.366009
chr18	47750000	48000000	0.630589
chr18	48000000	48250000	0.650507
chr18	48250000	48500000	0.621968
chr18	48500000	48750000	0.578827
chr18	48750000	49000000	0.545084
chr18	49000000	49250000	0.495249
chr18	49250000	49500000	0.42613
chr18	49500000	49750000	0.636108
chr18	49750000	50000000	0.735492
chr18	50000000	50250000	0.58851
chr18	50250000	50500000	0.687075
chr18	50500000	50750000	0.457028
chr18	50750000	51000000	0.424486
chr18	51000000	51250000	0.124494
chr18	51250000	51500000	0.0889013
chr18	51500000	51750000	-0.196762
chr18	51750000	52000000	-0.527551
chr18	52000000	52250000	-0.495208
chr18	52250000	52500000	-0.295238
chr18	52500000	52750000	-0.490569
chr18	52750000	53000000	-0.455311
chr18	53000000	53250000	-0.743073
chr18	53250000	53500000	-0.639213
chr18	53500000	53750000	-0.586152
chr18	53750000	54000000	-0.674982
chr18	54000000	54250000	-0.420029
chr18	54250000	54500000	-0.220767
chr18	54500000	54750000	-0.30199
chr18	54750000	55000000	-0.305405
chr18	55000000	55250000	-0.210442
chr18	55250000	55500000	-0.0799204
chr18	55500000	55750000	-0.203681
chr18	55750000	56000000	-0.205827
chr18	56000000	56250000	-0.570837
chr18	56250000	56500000	-0.451385
chr18	56500000	56750000	-0.0963496
chr18	56750000	57000000	0.278091
chr18	57000000	57250000	0.336617
chr18	57250000	57500000	0.28516
chr18	57500000	57750000	0.485969
chr18	57750000	58000000	0.586686
chr18	58000000	58250000	0.636886
chr18	58250000	58500000	0.650799
chr18	58500000	58750000	0.789538
chr18	58750000	59000000	0.790293
chr18	59000000	59250000	0.682121
chr18	59250000	59500000	0.422965
chr18	59500000	59750000	0.135908
chr18	59750000	60000000	-0.174415
chr18	60000000	60250000	-0.825532
chr18	60250000	60500000	-0.879995
chr18	60500000	60750000	-0.568242
chr18	60750000	61000000	-0.811885
chr18	61000000	61250000	-0.854719
chr18	61250000	61500000	-0.597804
chr18	61500000	61750000	-0.0353876
chr18	61750000	62000000	-0.0271502
chr18	62000000	62250000	-0.0900197
chr18	62250000	62500000	0.136697
chr18	62500000	62750000	0.1598
chr18	62750000	63000000	0.310648
chr18	63000000	63250000	-0.0400519
chr18	63250000	63500000	-0.0535167
chr18	63500000	63750000	-0.38826
chr18	63750000	64000000	-0.47977
chr18	64000000	64250000	-0.517936
chr18	64250000	64500000	-0.637026
chr18	64500000	64750000	-0.597881
chr18	64750000	65000000	-0.753465
chr18	65000000	65250000	-0.671133
chr18	65250000	65500000	-0.61093
chr18	65500000	65750000	-0.495549
chr18	65750000	66000000	-0.364982
chr18	66000000	66250000	-0.485432
chr18	66250000	66500000	-0.65428
chr18	66500000	66750000	-0.416966
chr18	66750000	67000000	-0.44024
chr18	67000000	67250000	-0.407782
chr18	67250000	67500000	-0.395651
chr18	67500000	67750000	-0.458681
chr18	67750000	68000000	-0.618454
chr18	68000000	68250000	-0.604637
chr18	68250000	68500000	-0.686671
chr18	68500000	68750000	-0.493148
chr18	68750000	69000000	-0.538825
chr18	69000000	69250000	-0.62368
chr18	69250000	69500000	-0.570381
chr18	69500000	69750000	-0.591353
chr18	69750000	70000000	-0.589635
chr18	70000000	70250000	-0.319659
chr18	70250000	70500000	-0.0983927
chr18	70500000	70750000	-0.720628
chr18	70750000	71000000	-0.670611
chr18	71000000	71250000	-0.684023
chr18	71250000	71500000	-0.472901
chr18	71500000	71750000	-0.727049
chr18	71750000	72000000	-0.673358
chr18	72000000	72250000	-0.577581
chr18	72250000	72500000	-0.626179
chr18	72500000	72750000	-0.375248
chr18	72750000	73000000	-0.60521
chr18	73000000	73250000	-0.588186
chr18	73250000	73500000	-0.546111
chr18	73500000	73750000	-0.620768
chr18	73750000	74000000	-0.546575
chr18	74000000	74250000	-0.340878
chr18	74250000	74500000	0.102728
chr18	74500000	74750000	-0.0539141
chr18	74750000	75000000	-0.219625
chr18	75000000	75250000	-0.208373
chr18	75250000	75500000	-0.359853
chr18	75500000	75750000	-0.529753
chr18	75750000	76000000	-0.534204
chr18	76000000	76250000	-0.547194
chr18	76250000	76500000	-0.0525803
chr18	76500000	76750000	0.161769
chr18	76750000	77000000	0.0746535
chr18	77000000	77250000	-0.099964
chr18	77250000	77500000	-0.533598
chr18	77500000	77750000	-0.419716
chr18	77750000	78000000	-0.455003
chr18	78000000	78250000	-0.500668
chr18	78250000	78500000	-0.580684
chr18	78500000	78750000	-0.295707
chr18	78750000	79000000	-0.191273
chr18	79000000	79250000	-0.231368
chr18	79250000	79500000	0.32924
chr18	79500000	79750000	0.602252
chr18	79750000	80000000	0.626215
chr18	80000000	80250000	0.613133
chr18	80250000	80373285	nan
#bedGraph section chr19:0-58617616
chr19	0	250000	nan
chr19	250000	500000	0.0736013
chr19	500000	750000	0.475164
chr19	750000	1000000	nan
chr19	1000000	1250000	0.482778
chr19	1250000	1500000	0.491083
chr19	1500000	1750000	0.515123
chr19	1750000	2000000	0.534457
chr19	2000000	2250000	0.46703
chr19	2250000	2500000	0.498065
chr19	2500000	2750000	0.410725
chr19	2750000	3000000	0.324972
chr19	3000000	3250000	0.406305
chr19	3250000	3500000	0.390383
chr19	3500000	3750000	0.479075
chr19	3750000	4000000	0.446324
chr19	4000000	4250000	0.480151
chr19	4250000	4500000	0.468125
chr19	4500000	4750000	0.444711
chr19	4750000	5000000	0.459247
chr19	5000000	5250000	0.409371
chr19	5250000	5500000	0.339507
chr19	5500000	5750000	0.434163
chr19	5750000	6000000	0.278837
chr19	6000000	6250000	-0.00286898
chr19	6250000	6500000	-0.0572775
chr19	6500000	6750000	-0.00378936
chr19	6750000	7000000	-0.734284
chr19	7000000	7250000	-0.133174
chr19	7250000	7500000	0.0965334
chr19	7500000	7750000	0.281873
chr19	7750000	8000000	0.379847
chr19	8000000	8250000	0.419789
chr19	8250000	8500000	0.349628
chr19	8500000	8750000	-0.339983
chr19	8750000	9000000	-1.39813
chr19	9000000	9250000	-0.992419
chr19	9250000	9500000	-1.337
chr19	9500000	9750000	-0.660734
chr19	9750000	10000000	-0.0835276
chr19	10000000	10250000	0.22092
chr19	10250000	10500000	0.477616
chr19	10500000	10750000	0.519217
chr19	10750000	11000000	0.470266
chr19	11000000	11250000	0.459542
chr19	11250000	11500000	0.380244
chr19	11500000	11750000	0.0507501
chr19	11750000	12000000	-0.305529
chr19	12000000	12250000	-0.338922
chr19	12250000	12500000	-0.320757
chr19	12500000	12750000	0.189898
chr19	12750000	13000000	0.474474
chr19	13000000	13250000	0.391853
chr19	13250000	13500000	0.116248
chr19	13500000	13750000	0.186149
chr19	13750000	14000000	0.347297
chr19	14000000	14250000	0.343278
chr19	14250000	14500000	0.30424
chr19	14500000	14750000	-0.749684
chr19	14750000	15000000	-1.07058
chr19	15000000	15250000	-0.313263
chr19	15250000	15500000	-0.199462
chr19	15500000	15750000	-1.23073
chr19	15750000	16000000	-1.33668
chr19	16000000	16250000	-0.369027
chr19	16250000	16500000	0.0951453
chr19	16500000	16750000	0.265283
chr19	16750000	17000000	0.195224
chr19	17000000	17250000	0.319617
chr19	17250000	17500000	0.438606
chr19	17500000	17750000	0.376572
chr19	17750000	18000000	0.377497
chr19	18000000	18250000	0.495952
chr19	18250000	18500000	0.431907
chr19	18500000	18750000	0.481406
chr19	18750000	19000000	0.400859
chr19	19000000	19250000	0.380291
chr19	19250000	19500000	0.305659
chr19	19500000	19750000	-0.0365114
chr19	19750000	20000000	-0.352189
chr19	20000000	20250000	-0.286976
chr19	20250000	20500000	-0.32368
chr19	20500000	20750000	-0.636225
chr19	20750000	21000000	-0.788514
chr19	21000000	21250000	-0.406564
chr19	21250000	21500000	-0.610016
chr19	21500000	21750000	-0.860877
chr19	21750000	22000000	-1.25299
chr19	22000000	22250000	-1.47405
chr19	22250000	22500000	-1.31842
chr19	22500000	22750000	-1.32985
chr19	22750000	23000000	-1.19238
chr19	23000000	23250000	-0.799005
chr19	23250000	23500000	-0.859117
chr19	23500000	23750000	-0.940177
chr19	23750000	24000000	-1.17989
chr19	24000000	24250000	-1.38799
chr19	24250000	24500000	-1.18211
chr19	24500000	24750000	nan
chr19	24750000	25000000	nan
chr19	25000000	25250000	nan
chr19	25250000	25500000	nan
chr19	25500000	25750000	nan
chr19	25750000	26000000	nan
chr19	26000000	26250000	nan
chr19	26250000	26500000	nan
chr19	26500000	26750000	nan
chr19	26750000	27000000	nan
chr19	27000000	27250000	nan
chr19	27250000	27500000	-1.71784
chr19	27500000	27750000	-1.77282
chr19	27750000	28000000	-1.11573
chr19	28000000	28250000	-0.584271
chr19	28250000	28500000	-0.588986
chr19	28500000	28750000	-0.597984
chr19	28750000	29000000	-0.531864
chr19	29000000	29250000	-0.466298
chr19	29250000	29500000	-0.4816
chr19	29500000	29750000	-0.230766
chr19	29750000	30000000	-0.0900656
chr19	30000000	30250000	-0.0680779
chr19	30250000	30500000	-0.0431174
chr19	30500000	30750000	-0.0729381
chr19	30750000	31000000	-0.203195
chr19	31000000	31250000	-0.168927
chr19	31250000	31500000	-0.141165
chr19	31500000	31750000	-0.145041
chr19	31750000	32000000	-0.398532
chr19	32000000	32250000	-0.305669
chr19	32250000	32500000	-0.136908
chr19	32500000	32750000	-0.0633098
chr19	32750000	33000000	-0.012975
chr19	33000000	33250000	0.117146
chr19	33250000	33500000	0.167658
chr19	33500000	33750000	0.0867401
chr19	33750000	34000000	0.11016
chr19	34000000	34250000	0.102423
chr19	34250000	34500000	0.149002
chr19	34500000	34750000	-0.813705
chr19	34750000	35000000	-0.610459
chr19	35000000	35250000	0.0746922
chr19	35250000	35500000	0.275003
chr19	35500000	35750000	0.384677
chr19	35750000	36000000	0.277168
chr19	36000000	36250000	0.103361
chr19	36250000	36500000	-0.385301
chr19	36500000	36750000	-0.594071
chr19	36750000	37000000	-1.06346
chr19	37000000	37250000	-1.22329
chr19	37250000	37500000	-0.969988
chr19	37500000	37750000	-0.811219
chr19	37750000	38000000	-0.363672
chr19	38000000	38250000	0.054672
chr19	38250000	38500000	0.244845
chr19	38500000	38750000	0.234308
chr19	38750000	39000000	0.331432
chr19	39000000	39250000	0.269433
chr19	39250000	39500000	0.372976
chr19	39500000	39750000	0.0290479
chr19	39750000	40000000	-0.0174741
chr19	40000000	40250000	-0.178418
chr19	40250000	40500000	0.314844
chr19	40500000	40750000	0.329255
chr19	40750000	41000000	0.170039
chr19	41000000	41250000	0.0784201
chr19	41250000	41500000	-0.157101
chr19	41500000	41750000	-1.1161
chr19	41750000	42000000	-0.33021
chr19	42000000	42250000	0.0828182
chr19	42250000	42500000	-0.294614
chr19	42500000	42750000	-1.65294
chr19	42750000	43000000	-2.14731
chr19	43000000	43250000	-2.05777
chr19	43250000	43500000	-1.25166
chr19	43500000	43750000	-0.385233
chr19	43750000	44000000	-1.24203
chr19	44000000	44250000	-1.0162
chr19	44250000	44500000	-1.48836
chr19	44500000	44750000	-0.525635
chr19	44750000	45000000	0.184445
chr19	45000000	45250000	0.355872
chr19	45250000	45500000	0.419672
chr19	45500000	45750000	0.509426
chr19	45750000	46000000	0.523347
chr19	46000000	46250000	0.462265
chr19	46250000	46500000	0.459932
chr19	46500000	46750000	0.409071
chr19	46750000	47000000	0.451292
chr19	47000000	47250000	0.507384
chr19	47250000	47500000	0.421442
chr19	47500000	47750000	0.410194
chr19	47750000	48000000	0.406217
chr19	48000000	48250000	0.378365
chr19	48250000	48500000	0.460121
chr19	48500000	48750000	0.487929
chr19	48750000	49000000	0.525187
chr19	49000000	49250000	0.481648
chr19	49250000	49500000	0.520719
chr19	49500000	49750000	0.521097
chr19	49750000	50000000	0.290298
chr19	50000000	50250000	-0.409067
chr19	50250000	50500000	0.136476
chr19	50500000	50750000	0.243979
chr19	50750000	51000000	0.166619
chr19	51000000	51250000	0.0365099
chr19	51250000	51500000	-0.244449
chr19	51500000	51750000	-0.569917
chr19	51750000	52000000	-0.460853
chr19	52000000	52250000	-0.205066
chr19	52250000	52500000	-0.369768
chr19	52500000	52750000	0.0182296
chr19	52750000	53000000	0.0203533
chr19	53000000	53250000	-0.0540507
chr19	53250000	53500000	-0.0537735
chr19	53500000	53750000	0.213241
chr19	53750000	54000000	0.352173
chr19	54000000	54250000	0.28197
chr19	54250000	54500000	-0.198049
chr19	54500000	54750000	-1.66925
chr19	54750000	55000000	-0.819519
chr19	55000000	55250000	0.0469013
chr19	55250000	55500000	0.322895
chr19	55500000	55750000	-0.219157
chr19	55750000	56000000	-1.80158
chr19	56000000	56250000	-0.851592
chr19	56250000	56500000	-0.895278
chr19	56500000	56750000	-1.29494
chr19	56750000	57000000	-1.35461
chr19	57000000	57250000	-1.03291
chr19	57250000	57500000	-0.204733
chr19	57500000	57750000	-0.151732
chr19	57750000	58000000	0.0911826
chr19	58000000	58250000	-0.242323
chr19	58250000	58500000	0.135214
chr19	58500000	58617616	nan
#bedGraph section chr2:0-242193529
chr2	0	250000	0.0779462
chr2	250000	500000	-0.0268596
chr2	500000	750000	0.0674897
chr2	750000	1000000	-0.0349985
chr2	1000000	1250000	-0.373456
chr2	1250000	1500000	-0.40159
chr2	1500000	1750000	0.347149
chr2	1750000	2000000	-0.0719833
chr2	2000000	2250000	-0.371515
chr2	2250000	2500000	-0.520738
chr2	2500000	2750000	-0.245754
chr2	2750000	3000000	-0.328832
chr2	3000000	3250000	-0.086194
chr2	3250000	3500000	0.186205
chr2	3500000	3750000	0.0846653
chr2	3750000	4000000	-0.445602
chr2	4000000	4250000	-0.729369
chr2	4250000	4500000	-0.839498
chr2	4500000	4750000	-0.679606
chr2	4750000	5000000	-0.599141
chr2	5000000	5250000	-0.399634
chr2	5250000	5500000	-0.312768
chr2	5500000	5750000	-0.242779
chr2	5750000	6000000	-0.399752
chr2	6000000	6250000	-0.363283
chr2	6250000	6500000	-0.489451
chr2	6500000	6750000	-0.546106
chr2	6750000	7000000	-0.29105
chr2	7000000	7250000	-0.0601511
chr2	7250000	7500000	-0.128225
chr2	7500000	7750000	-0.113104
chr2	7750000	8000000	0.0758291
chr2	8000000	8250000	0.0999808
chr2	8250000	8500000	0.307566
chr2	8500000	8750000	0.245314
chr2	8750000	9000000	0.467309
chr2	9000000	9250000	0.6472
chr2	9250000	9500000	0.863492
chr2	9500000	9750000	1.06233
chr2	9750000	10000000	1.06019
chr2	10000000	10250000	1.03067
chr2	10250000	10500000	1.11309
chr2	10500000	10750000	1.10593
chr2	10750000	11000000	1.12816
chr2	11000000	11250000	1.01411
chr2	11250000	11500000	1.04112
chr2	11500000	11750000	0.813315
chr2	11750000	12000000	0.226135
chr2	12000000	12250000	0.146362
chr2	12250000	12500000	0.074198
chr2	12500000	12750000	0.134277
chr2	12750000	13000000	-0.0229972
chr2	13000000	13250000	-0.514838
chr2	13250000	13500000	-0.744889
chr2	13500000	13750000	-0.680109
chr2	13750000	14000000	-0.689154
chr2	14000000	14250000	-0.638742
chr2	14250000	14500000	-0.596927
chr2	14500000	14750000	-0.591354
chr2	14750000	15000000	-0.582553
chr2	15000000	15250000	-0.400003
chr2	15250000	15500000	-0.491524
chr2	15500000	15750000	-0.033816
chr2	15750000	16000000	0.204834
chr2	16000000	16250000	0.328609
chr2	16250000	16500000	0.105774
chr2	16500000	16750000	0.0569401
chr2	16750000	17000000	0.00645266
chr2	17000000	17250000	-0.0216616
chr2	17250000	17500000	-0.0183039
chr2	17500000	17750000	0.119037
chr2	17750000	18000000	-0.0523091
chr2	18000000	18250000	-0.192903
chr2	18250000	18500000	-0.158445
chr2	18500000	18750000	-0.130561
chr2	18750000	19000000	-0.0446386
chr2	19000000	19250000	-0.116522
chr2	19250000	19500000	-0.148493
chr2	19500000	19750000	-0.0753855
chr2	19750000	20000000	0.167154
chr2	20000000	20250000	0.634106
chr2	20250000	20500000	0.568693
chr2	20500000	20750000	0.171616
chr2	20750000	21000000	-0.271467
chr2	21000000	21250000	-0.0982235
chr2	21250000	21500000	-0.0472374
chr2	21500000	21750000	-0.0458204
chr2	21750000	22000000	-0.291019
chr2	22000000	22250000	-0.273308
chr2	22250000	22500000	-0.137389
chr2	22500000	22750000	-0.160759
chr2	22750000	23000000	-0.0449961
chr2	23000000	23250000	-0.00054206
chr2	23250000	23500000	0.225911
chr2	23500000	23750000	0.475988
chr2	23750000	24000000	0.694582
chr2	24000000	24250000	0.782887
chr2	24250000	24500000	0.792391
chr2	24500000	24750000	0.816892
chr2	24750000	25000000	0.796055
chr2	25000000	25250000	0.880766
chr2	25250000	25500000	0.892308
chr2	25500000	25750000	0.890403
chr2	25750000	26000000	0.896167
chr2	26000000	26250000	0.948961
chr2	26250000	26500000	0.866472
chr2	26500000	26750000	0.854219
chr2	26750000	27000000	0.871923
chr2	27000000	27250000	0.893953
chr2	27250000	27500000	0.961199
chr2	27500000	27750000	0.817334
chr2	27750000	28000000	0.52535
chr2	28000000	28250000	0.430583
chr2	28250000	28500000	0.469208
chr2	28500000	28750000	0.768691
chr2	28750000	29000000	0.704199
chr2	29000000	29250000	0.672672
chr2	29250000	29500000	0.497256
chr2	29500000	29750000	0.479672
chr2	29750000	30000000	0.478575
chr2	30000000	30250000	0.549226
chr2	30250000	30500000	0.574983
chr2	30500000	30750000	0.440001
chr2	30750000	31000000	0.309616
chr2	31000000	31250000	0.259513
chr2	31250000	31500000	0.0986871
chr2	31500000	31750000	-0.229921
chr2	31750000	32000000	0.0246882
chr2	32000000	32250000	0.299868
chr2	32250000	32500000	0.347231
chr2	32500000	32750000	0.0523269
chr2	32750000	33000000	-0.151844
chr2	33000000	33250000	-0.259422
chr2	33250000	33500000	-0.236925
chr2	33500000	33750000	-0.287801
chr2	33750000	34000000	-0.547105
chr2	34000000	34250000	-0.385471
chr2	34250000	34500000	-0.478888
chr2	34500000	34750000	-0.473168
chr2	34750000	35000000	-0.451836
chr2	35000000	35250000	-0.376696
chr2	35250000	35500000	-0.24789
chr2	35500000	35750000	-0.326474
chr2	35750000	36000000	-0.142248
chr2	36000000	36250000	-0.328008
chr2	36250000	36500000	-0.0998896
chr2	36500000	36750000	0.0910303
chr2	36750000	37000000	0.494838
chr2	37000000	37250000	0.75018
chr2	37250000	37500000	0.667329
chr2	37500000	37750000	0.690323
chr2	37750000	38000000	0.593505
chr2	38000000	38250000	0.667158
chr2	38250000	38500000	0.770586
chr2	38500000	38750000	0.803117
chr2	38750000	39000000	0.581229
chr2	39000000	39250000	0.407509
chr2	39250000	39500000	0.194161
chr2	39500000	39750000	-0.109169
chr2	39750000	40000000	-0.388231
chr2	40000000	40250000	-0.494616
chr2	40250000	40500000	-0.303203
chr2	40500000	40750000	-0.53702
chr2	40750000	41000000	-0.567436
chr2	41000000	41250000	-0.721832
chr2	41250000	41500000	-0.644294
chr2	41500000	41750000	-0.650486
chr2	41750000	42000000	0.1104
chr2	42000000	42250000	0.386651
chr2	42250000	42500000	0.604785
chr2	42500000	42750000	0.790981
chr2	42750000	43000000	0.681394
chr2	43000000	43250000	0.81748
chr2	43250000	43500000	0.704999
chr2	43500000	43750000	0.715452
chr2	43750000	44000000	0.821475
chr2	44000000	44250000	0.73244
chr2	44250000	44500000	0.721166
chr2	44500000	44750000	0.697653
chr2	44750000	45000000	0.696018
chr2	45000000	45250000	0.657935
chr2	45250000	45500000	0.743303
chr2	45500000	45750000	0.746424
chr2	45750000	46000000	0.673577
chr2	46000000	46250000	0.674248
chr2	46250000	46500000	0.700161
chr2	46500000	46750000	0.735856
chr2	46750000	47000000	0.748612
chr2	47000000	47250000	0.882632
chr2	47250000	47500000	0.817396
chr2	47500000	47750000	0.811457
chr2	47750000	48000000	0.668084
chr2	48000000	48250000	0.48948
chr2	48250000	48500000	0.435172
chr2	48500000	48750000	0.00736733
chr2	48750000	49000000	-0.243564
chr2	49000000	49250000	-0.317206
chr2	49250000	49500000	-0.342765
chr2	49500000	49750000	-0.455927
chr2	49750000	50000000	-0.273791
chr2	50000000	50250000	-0.364649
chr2	50250000	50500000	-0.354038
chr2	50500000	50750000	-0.443487
chr2	50750000	51000000	-0.37875
chr2	51000000	51250000	-0.586219
chr2	51250000	51500000	-0.618214
chr2	51500000	51750000	-0.585179
chr2	51750000	52000000	-0.617518
chr2	52000000	52250000	-0.581541
chr2	52250000	52500000	-0.481229
chr2	52500000	52750000	-0.584654
chr2	52750000	53000000	-0.651131
chr2	53000000	53250000	-0.56023
chr2	53250000	53500000	-0.657538
chr2	53500000	53750000	-0.473538
chr2	53750000	54000000	0.318632
chr2	54000000	54250000	0.254966
chr2	54250000	54500000	0.416127
chr2	54500000	54750000	0.352477
chr2	54750000	55000000	0.280236
chr2	55000000	55250000	0.487103
chr2	55250000	55500000	0.239441
chr2	55500000	55750000	0.0453447
chr2	55750000	56000000	-0.38078
chr2	56000000	56250000	-0.513285
chr2	56250000	56500000	-0.707057
chr2	56500000	56750000	-0.754608
chr2	56750000	57000000	-0.724862
chr2	57000000	57250000	-0.690695
chr2	57250000	57500000	-0.55763
chr2	57500000	57750000	-0.552656
chr2	57750000	58000000	-0.414824
chr2	58000000	58250000	-0.278973
chr2	58250000	58500000	-0.193394
chr2	58500000	58750000	-0.359685
chr2	58750000	59000000	-0.474104
chr2	59000000	59250000	-0.519305
chr2	59250000	59500000	-0.449574
chr2	59500000	59750000	-0.505741
chr2	59750000	60000000	-0.408425
chr2	60000000	60250000	-0.381931
chr2	60250000	60500000	-0.0879627
chr2	60500000	60750000	0.16026
chr2	60750000	61000000	0.488242
chr2	61000000	61250000	0.645285
chr2	61250000	61500000	0.933072
chr2	61500000	61750000	0.75244
chr2	61750000	62000000	0.449786
chr2	62000000	62250000	0.4193
chr2	62250000	62500000	0.240032
chr2	62500000	62750000	-0.0744829
chr2	62750000	63000000	-0.110656
chr2	63000000	63250000	-0.173382
chr2	63250000	63500000	-0.170937
chr2	63500000	63750000	-0.02389
chr2	63750000	64000000	0.161049
chr2	64000000	64250000	0.530074
chr2	64250000	64500000	0.577997
chr2	64500000	64750000	0.567416
chr2	64750000	65000000	0.599473
chr2	65000000	65250000	0.617827
chr2	65250000	65500000	0.579933
chr2	65500000	65750000	0.261499
chr2	65750000	66000000	0.127711
chr2	66000000	66250000	0.183358
chr2	66250000	66500000	0.17788
chr2	66500000	66750000	-0.0453688
chr2	66750000	67000000	-0.168978
chr2	67000000	67250000	-0.171218
chr2	67250000	67500000	-0.0648432
chr2	67500000	67750000	-0.103168
chr2	67750000	68000000	0.0587039
chr2	68000000	68250000	0.227146
chr2	68250000	68500000	0.147219
chr2	68500000	68750000	0.116076
chr2	68750000	69000000	0.246438
chr2	69000000	69250000	0.333809
chr2	69250000	69500000	0.5996
chr2	69500000	69750000	0.774931
chr2	69750000	70000000	0.825154
chr2	70000000	70250000	0.867927
chr2	70250000	70500000	0.821509
chr2	70500000	70750000	0.841063
chr2	70750000	71000000	0.737009
chr2	71000000	71250000	0.730274
chr2	71250000	71500000	0.610913
chr2	71500000	71750000	0.163037
chr2	71750000	72000000	0.114308
chr2	72000000	72250000	0.0523499
chr2	72250000	72500000	-0.062979
chr2	72500000	72750000	0.0738475
chr2	72750000	73000000	0.392464
chr2	73000000	73250000	0.647088
chr2	73250000	73500000	0.565066
chr2	73500000	73750000	0.531972
chr2	73750000	74000000	0.805143
chr2	74000000	74250000	0.966986
chr2	74250000	74500000	0.973
chr2	74500000	74750000	0.845927
chr2	74750000	75000000	0.53865
chr2	75000000	75250000	0.1551
chr2	75250000	75500000	0.0501806
chr2	75500000	75750000	-0.0129152
chr2	75750000	76000000	-0.494016
chr2	76000000	76250000	-0.629683
chr2	76250000	76500000	-0.452561
chr2	76500000	76750000	-0.451526
chr2	76750000	77000000	-0.492077
chr2	77000000	77250000	-0.428832
chr2	77250000	77500000	-0.398375
chr2	77500000	77750000	-0.444801
chr2	77750000	78000000	-0.420884
chr2	78000000	78250000	-0.535428
chr2	78250000	78500000	-0.492486
chr2	78500000	78750000	-0.393007
chr2	78750000	79000000	-0.302551
chr2	79000000	79250000	-0.184341
chr2	79250000	79500000	-0.144528
chr2	79500000	79750000	-0.370045
chr2	79750000	80000000	-0.263804
chr2	80000000	80250000	-0.171314
chr2	80250000	80500000	-0.176641
chr2	80500000	80750000	-0.412147
chr2	80750000	81000000	-0.343527
chr2	81000000	81250000	-0.291204
chr2	81250000	81500000	-0.262194
chr2	81500000	81750000	-0.370509
chr2	81750000	82000000	-0.370252
chr2	82000000	82250000	-0.385189
chr2	82250000	82500000	-0.496068
chr2	82500000	82750000	-0.585825
chr2	82750000	83000000	-0.59686
chr2	83000000	83250000	-0.592678
chr2	83250000	83500000	-0.631598
chr2	83500000	83750000	-0.605539
chr2	83750000	84000000	-0.463785
chr2	84000000	84250000	-0.586108
chr2	84250000	84500000	-0.313042
chr2	84500000	84750000	-0.186655
chr2	84750000	85000000	0.185329
chr2	85000000	85250000	0.713404
chr2	85250000	85500000	0.910942
chr2	85500000	85750000	1.15741
chr2	85750000	86000000	1.06869
chr2	86000000	86250000	0.986759
chr2	86250000	86500000	0.761959
chr2	86500000	86750000	0.51683
chr2	86750000	87000000	nan
chr2	87000000	87250000	nan
chr2	87250000	87500000	nan
chr2	87500000	87750000	nan
chr2	87750000	88000000	nan
chr2	88000000	88250000	0.453584
chr2	88250000	88500000	0.548148
chr2	88500000	88750000	0.318475
chr2	88750000	89000000	-0.259712
chr2	89000000	89250000	nan
chr2	89250000	89500000	nan
chr2	89500000	89750000	nan
chr2	89750000	90000000	nan
chr2	90000000	90250000	nan
chr2	90250000	90500000	nan
chr2	90500000	90750000	nan
chr2	90750000	91000000	nan
chr2	91000000	91250000	nan
chr2	91250000	91500000	nan
chr2	91500000	91750000	nan
chr2	91750000	92000000	nan
chr2	92000000	92250000	nan
chr2	92250000	92500000	nan
chr2	92500000	92750000	nan
chr2	92750000	93000000	nan
chr2	93000000	93250000	nan
chr2	93250000	93500000	nan
chr2	93500000	93750000	nan
chr2	93750000	94000000	nan
chr2	94000000	94250000	nan
chr2	94250000	94500000	nan
chr2	94500000	94750000	nan
chr2	94750000	95000000	nan
chr2	95000000	95250000	-0.0876831
chr2	95250000	95500000	nan
chr2	95500000	95750000	-0.0781937
chr2	95750000	96000000	nan
chr2	96000000	96250000	0.890284
chr2	96250000	96500000	1.05078
chr2	96500000	96750000	1.12284
chr2	96750000	97000000	1.0685
chr2	97000000	97250000	0.97209
chr2	97250000	97500000	nan
chr2	97500000	97750000	nan
chr2	97750000	98000000	0.864587
chr2	98000000	98250000	0.886901
chr2	98250000	98500000	0.848665
chr2	98500000	98750000	0.664722
chr2	98750000	99000000	0.375862
chr2	99000000	99250000	0.327982
chr2	99250000	99500000	0.526489
chr2	99500000	99750000	0.187535
chr2	99750000	100000000	0.205663
chr2	100000000	100250000	0.308349
chr2	100250000	100500000	0.12844
chr2	100500000	100750000	0.0854867
chr2	100750000	101000000	0.144057
chr2	101000000	101250000	0.228955
chr2	101250000	101500000	0.190045
chr2	101500000	101750000	0.158389
chr2	101750000	102000000	0.0645545
chr2	102000000	102250000	-0.170741
chr2	102250000	102500000	-0.248026
chr2	102500000	102750000	-0.387275
chr2	102750000	103000000	-0.447782
chr2	103000000	103250000	-0.539829
chr2	103250000	103500000	-0.62095
chr2	103500000	103750000	-0.712856
chr2	103750000	104000000	-0.602086
chr2	104000000	104250000	-0.574509
chr2	104250000	104500000	-0.563311
chr2	104500000	104750000	-0.566126
chr2	104750000	105000000	-0.427694
chr2	105000000	105250000	-0.232358
chr2	105250000	105500000	0.113147
chr2	105500000	105750000	0.241315
chr2	105750000	106000000	0.275017
chr2	106000000	106250000	-0.0010319
chr2	106250000	106500000	-0.188858
chr2	106500000	106750000	-0.314255
chr2	106750000	107000000	-0.283815
chr2	107000000	107250000	-0.377933
chr2	107250000	107500000	-0.48883
chr2	107500000	107750000	-0.549391
chr2	107750000	108000000	nan
chr2	108000000	108250000	-0.66483
chr2	108250000	108500000	-0.254228
chr2	108500000	108750000	0.198315
chr2	108750000	109000000	0.497249
chr2	109000000	109250000	0.694681
chr2	109250000	109500000	0.717743
chr2	109500000	109750000	0.895454
chr2	109750000	110000000	nan
chr2	110000000	110250000	nan
chr2	110250000	110500000	nan
chr2	110500000	110750000	0.944625
chr2	110750000	111000000	0.552234
chr2	111000000	111250000	0.571337
chr2	111250000	111500000	nan
chr2	111500000	111750000	0.567707
chr2	111750000	112000000	0.867418
chr2	112000000	112250000	0.910701
chr2	112250000	112500000	0.793231
chr2	112500000	112750000	0.980537
chr2	112750000	113000000	0.756621
chr2	113000000	113250000	0.658633
chr2	113250000	113500000	0.659618
chr2	113500000	113750000	nan
chr2	113750000	114000000	0.183652
chr2	114000000	114250000	-0.47084
chr2	114250000	114500000	-0.5254
chr2	114500000	114750000	-0.440413
chr2	114750000	115000000	-0.583867
chr2	115000000	115250000	-0.511966
chr2	115250000	115500000	-0.551548
chr2	115500000	115750000	-0.606051
chr2	115750000	116000000	-0.564682
chr2	116000000	116250000	-0.59254
chr2	116250000	116500000	-0.594194
chr2	116500000	116750000	-0.67464
chr2	116750000	117000000	-0.662879
chr2	117000000	117250000	-0.671635
chr2	117250000	117500000	-0.628307
chr2	117500000	117750000	-0.568904
chr2	117750000	118000000	-0.0536809
chr2	118000000	118250000	0.252169
chr2	118250000	118500000	0.251565
chr2	118500000	118750000	0.340011
chr2	118750000	119000000	0.267166
chr2	119000000	119250000	0.423594
chr2	119250000	119500000	0.429586
chr2	119500000	119750000	0.64525
chr2	119750000	120000000	0.66256
chr2	120000000	120250000	0.625194
chr2	120250000	120500000	0.792622
chr2	120500000	120750000	0.760636
chr2	120750000	121000000	0.773671
chr2	121000000	121250000	0.676065
chr2	121250000	121500000	0.715949
chr2	121500000	121750000	0.59229
chr2	121750000	122000000	-0.103384
chr2	122000000	122250000	-0.138869
chr2	122250000	122500000	-0.381
chr2	122500000	122750000	-0.392758
chr2	122750000	123000000	-0.454113
chr2	123000000	123250000	-0.546283
chr2	123250000	123500000	-0.609154
chr2	123500000	123750000	-0.443378
chr2	123750000	124000000	-0.399955
chr2	124000000	124250000	-0.29104
chr2	124250000	124500000	-0.301104
chr2	124500000	124750000	-0.318175
chr2	124750000	125000000	-0.50265
chr2	125000000	125250000	-0.676173
chr2	125250000	125500000	-0.616065
chr2	125500000	125750000	-0.502363
chr2	125750000	126000000	-0.566746
chr2	126000000	126250000	-0.558239
chr2	126250000	126500000	-0.511801
chr2	126500000	126750000	-0.314735
chr2	126750000	127000000	-0.0936628
chr2	127000000	127250000	0.373472
chr2	127250000	127500000	0.850257
chr2	127500000	127750000	1.01297
chr2	127750000	128000000	0.960404
chr2	128000000	128250000	0.694198
chr2	128250000	128500000	0.507577
chr2	128500000	128750000	0.364463
chr2	128750000	129000000	0.0747189
chr2	129000000	129250000	0.00574015
chr2	129250000	129500000	0.0570545
chr2	129500000	129750000	0.15304
chr2	129750000	130000000	0.281779
chr2	130000000	130250000	nan
chr2	130250000	130500000	0.577179
chr2	130500000	130750000	nan
chr2	130750000	131000000	0.563279
chr2	131000000	131250000	0.379665
chr2	131250000	131500000	0.117803
chr2	131500000	131750000	-0.245227
chr2	131750000	132000000	nan
chr2	132000000	132250000	nan
chr2	132250000	132500000	-0.0463816
chr2	132500000	132750000	-0.111597
chr2	132750000	133000000	-0.119124
chr2	133000000	133250000	-0.182092
chr2	133250000	133500000	-0.0749109
chr2	133500000	133750000	-0.084697
chr2	133750000	134000000	-0.0393375
chr2	134000000	134250000	0.241555
chr2	134250000	134500000	0.0711968
chr2	134500000	134750000	0.141103
chr2	134750000	135000000	0.205867
chr2	135000000	135250000	0.297977
chr2	135250000	135500000	0.0800298
chr2	135500000	135750000	0.301133
chr2	135750000	136000000	0.475611
chr2	136000000	136250000	0.624253
chr2	136250000	136500000	0.356078
chr2	136500000	136750000	-0.134024
chr2	136750000	137000000	-0.13734
chr2	137000000	137250000	-0.211357
chr2	137250000	137500000	-0.338139
chr2	137500000	137750000	-0.185318
chr2	137750000	138000000	-0.131036
chr2	138000000	138250000	-0.0271326
chr2	138250000	138500000	-0.0874051
chr2	138500000	138750000	-0.035376
chr2	138750000	139000000	-0.37182
chr2	139000000	139250000	-0.592955
chr2	139250000	139500000	-0.584557
chr2	139500000	139750000	-0.546648
chr2	139750000	140000000	-0.491439
chr2	140000000	140250000	-0.51662
chr2	140250000	140500000	-0.465765
chr2	140500000	140750000	-0.465852
chr2	140750000	141000000	-0.389678
chr2	141000000	141250000	-0.505817
chr2	141250000	141500000	-0.425933
chr2	141500000	141750000	-0.447059
chr2	141750000	142000000	-0.389612
chr2	142000000	142250000	-0.371318
chr2	142250000	142500000	-0.653557
chr2	142500000	142750000	-0.572603
chr2	142750000	143000000	-0.53443
chr2	143000000	143250000	-0.378937
chr2	143250000	143500000	-0.469486
chr2	143500000	143750000	-0.389239
chr2	143750000	144000000	-0.318742
chr2	144000000	144250000	-0.331082
chr2	144250000	144500000	-0.0710405
chr2	144500000	144750000	-0.284645
chr2	144750000	145000000	-0.532955
chr2	145000000	145250000	-0.492611
chr2	145250000	145500000	-0.428306
chr2	145500000	145750000	-0.374871
chr2	145750000	146000000	-0.309114
chr2	146000000	146250000	-0.53572
chr2	146250000	146500000	-0.463457
chr2	146500000	146750000	-0.3828
chr2	146750000	147000000	-0.0967299
chr2	147000000	147250000	-0.154134
chr2	147250000	147500000	0.0290393
chr2	147500000	147750000	0.0874161
chr2	147750000	148000000	-0.0055306
chr2	148000000	148250000	-0.218522
chr2	148250000	148500000	-0.375893
chr2	148500000	148750000	0.0453454
chr2	148750000	149000000	0.1774
chr2	149000000	149250000	0.389668
chr2	149250000	149500000	0.287282
chr2	149500000	149750000	-0.220379
chr2	149750000	150000000	-0.325439
chr2	150000000	150250000	-0.252732
chr2	150250000	150500000	-0.196795
chr2	150500000	150750000	-0.34105
chr2	150750000	151000000	-0.421815
chr2	151000000	151250000	-0.358517
chr2	151250000	151500000	-0.0699593
chr2	151500000	151750000	-0.0748048
chr2	151750000	152000000	0.0760156
chr2	152000000	152250000	0.099474
chr2	152250000	152500000	0.423929
chr2	152500000	152750000	0.174437
chr2	152750000	153000000	-0.380068
chr2	153000000	153250000	-0.45546
chr2	153250000	153500000	-0.437743
chr2	153500000	153750000	-0.505662
chr2	153750000	154000000	-0.669475
chr2	154000000	154250000	-0.783188
chr2	154250000	154500000	-0.519089
chr2	154500000	154750000	-0.214829
chr2	154750000	155000000	-0.450745
chr2	155000000	155250000	-0.432812
chr2	155250000	155500000	-0.537407
chr2	155500000	155750000	-0.716668
chr2	155750000	156000000	-0.662683
chr2	156000000	156250000	-0.549699
chr2	156250000	156500000	-0.151156
chr2	156500000	156750000	-0.207013
chr2	156750000	157000000	-0.448483
chr2	157000000	157250000	-0.557763
chr2	157250000	157500000	-0.5309
chr2	157500000	157750000	-0.443387
chr2	157750000	158000000	-0.190243
chr2	158000000	158250000	-0.327104
chr2	158250000	158500000	-0.409767
chr2	158500000	158750000	-0.218695
chr2	158750000	159000000	0.215032
chr2	159000000	159250000	0.415545
chr2	159250000	159500000	0.372995
chr2	159500000	159750000	0.461738
chr2	159750000	160000000	0.366132
chr2	160000000	160250000	0.0377053
chr2	160250000	160500000	0.137872
chr2	160500000	160750000	-0.0553512
chr2	160750000	161000000	-0.178723
chr2	161000000	161250000	-0.214543
chr2	161250000	161500000	-0.337895
chr2	161500000	161750000	-0.719231
chr2	161750000	162000000	-0.685909
chr2	162000000	162250000	-0.43735
chr2	162250000	162500000	-0.625188
chr2	162500000	162750000	-0.732536
chr2	162750000	163000000	-0.569689
chr2	163000000	163250000	-0.505126
chr2	163250000	163500000	-0.370352
chr2	163500000	163750000	-0.310589
chr2	163750000	164000000	-0.487234
chr2	164000000	164250000	-0.558082
chr2	164250000	164500000	-0.482234
chr2	164500000	164750000	-0.424327
chr2	164750000	165000000	-0.213806
chr2	165000000	165250000	-0.467665
chr2	165250000	165500000	-0.276036
chr2	165500000	165750000	-0.356492
chr2	165750000	166000000	-0.358004
chr2	166000000	166250000	-0.590979
chr2	166250000	166500000	-0.569463
chr2	166500000	166750000	-0.623573
chr2	166750000	167000000	-0.721201
chr2	167000000	167250000	-0.683354
chr2	167250000	167500000	-0.271404
chr2	167500000	167750000	-0.207313
chr2	167750000	168000000	-0.145588
chr2	168000000	168250000	-0.04846
chr2	168250000	168500000	0.278944
chr2	168500000	168750000	0.359248
chr2	168750000	169000000	0.337218
chr2	169000000	169250000	0.506814
chr2	169250000	169500000	0.679878
chr2	169500000	169750000	0.886288
chr2	169750000	170000000	0.788382
chr2	170000000	170250000	0.781202
chr2	170250000	170500000	0.738016
chr2	170500000	170750000	0.843955
chr2	170750000	171000000	0.760758
chr2	171000000	171250000	0.984075
chr2	171250000	171500000	0.867698
chr2	171500000	171750000	0.703849
chr2	171750000	172000000	0.711081
chr2	172000000	172250000	0.661186
chr2	172250000	172500000	0.71518
chr2	172500000	172750000	0.478909
chr2	172750000	173000000	0.292531
chr2	173000000	173250000	0.419974
chr2	173250000	173500000	0.323359
chr2	173500000	173750000	0.243502
chr2	173750000	174000000	0.449787
chr2	174000000	174250000	0.493546
chr2	174250000	174500000	0.427335
chr2	174500000	174750000	0.469599
chr2	174750000	175000000	0.500194
chr2	175000000	175250000	0.46518
chr2	175250000	175500000	0.365272
chr2	175500000	175750000	0.285209
chr2	175750000	176000000	0.240737
chr2	176000000	176250000	0.328128
chr2	176250000	176500000	0.466943
chr2	176500000	176750000	0.466393
chr2	176750000	177000000	0.456091
chr2	177000000	177250000	0.557441
chr2	177250000	177500000	0.784091
chr2	177500000	177750000	0.830712
chr2	177750000	178000000	0.674753
chr2	178000000	178250000	0.727823
chr2	178250000	178500000	0.822028
chr2	178500000	178750000	0.934693
chr2	178750000	179000000	0.760278
chr2	179000000	179250000	0.435521
chr2	179250000	179500000	0.211424
chr2	179500000	179750000	0.140697
chr2	179750000	180000000	0.0834057
chr2	180000000	180250000	-0.171531
chr2	180250000	180500000	-0.444205
chr2	180500000	180750000	-0.461108
chr2	180750000	181000000	-0.424633
chr2	181000000	181250000	-0.378058
chr2	181250000	181500000	-0.397137
chr2	181500000	181750000	-0.32609
chr2	181750000	182000000	-0.388245
chr2	182000000	182250000	-0.482077
chr2	182250000	182500000	-0.690471
chr2	182500000	182750000	-0.398633
chr2	182750000	183000000	0.276196
chr2	183000000	183250000	-0.0983505
chr2	183250000	183500000	-0.527423
chr2	183500000	183750000	-0.589028
chr2	183750000	184000000	-0.565688
chr2	184000000	184250000	-0.461016
chr2	184250000	184500000	-0.546118
chr2	184500000	184750000	-0.59727
chr2	184750000	185000000	-0.671872
chr2	185000000	185250000	-0.634832
chr2	185250000	185500000	-0.541724
chr2	185500000	185750000	-0.52054
chr2	185750000	186000000	-0.702635
chr2	186000000	186250000	-0.792164
chr2	186250000	186500000	-0.544538
chr2	186500000	186750000	0.00726579
chr2	186750000	187000000	-0.426604
chr2	187000000	187250000	-0.658969
chr2	187250000	187500000	-0.620976
chr2	187500000	187750000	-0.400725
chr2	187750000	188000000	-0.268783
chr2	188000000	188250000	0.0116278
chr2	188250000	188500000	-0.123003
chr2	188500000	188750000	-0.578405
chr2	188750000	189000000	-0.699577
chr2	189000000	189250000	-0.263747
chr2	189250000	189500000	-0.234021
chr2	189500000	189750000	0.239763
chr2	189750000	190000000	0.373268
chr2	190000000	190250000	0.2344
chr2	190250000	190500000	0.341466
chr2	190500000	190750000	0.391654
chr2	190750000	191000000	0.400768
chr2	191000000	191250000	0.26678
chr2	191250000	191500000	0.354853
chr2	191500000	191750000	-0.0968462
chr2	191750000	192000000	-0.413834
chr2	192000000	192250000	-0.447804
chr2	192250000	192500000	-0.597661
chr2	192500000	192750000	-0.618054
chr2	192750000	193000000	-0.740165
chr2	193000000	193250000	-0.692883
chr2	193250000	193500000	-0.608682
chr2	193500000	193750000	-0.582566
chr2	193750000	194000000	-0.666956
chr2	194000000	194250000	-0.629491
chr2	194250000	194500000	-0.679828
chr2	194500000	194750000	-0.666587
chr2	194750000	195000000	-0.551692
chr2	195000000	195250000	-0.570133
chr2	195250000	195500000	-0.456764
chr2	195500000	195750000	-0.227546
chr2	195750000	196000000	-0.521689
chr2	196000000	196250000	-0.537503
chr2	196250000	196500000	-0.442518
chr2	196500000	196750000	-0.309059
chr2	196750000	197000000	0.134369
chr2	197000000	197250000	0.238744
chr2	197250000	197500000	0.297123
chr2	197500000	197750000	0.161151
chr2	197750000	198000000	-0.346621
chr2	198000000	198250000	-0.411799
chr2	198250000	198500000	-0.45725
chr2	198500000	198750000	-0.639486
chr2	198750000	199000000	-0.524279
chr2	199000000	199250000	-0.427059
chr2	199250000	199500000	-0.339115
chr2	199500000	199750000	-0.258825
chr2	199750000	200000000	0.086577
chr2	200000000	200250000	0.504233
chr2	200250000	200500000	0.453672
chr2	200500000	200750000	0.682191
chr2	200750000	201000000	0.895161
chr2	201000000	201250000	0.96106
chr2	201250000	201500000	0.826783
chr2	201500000	201750000	0.782138
chr2	201750000	202000000	1.05328
chr2	202000000	202250000	0.985804
chr2	202250000	202500000	0.932549
chr2	202500000	202750000	0.695175
chr2	202750000	203000000	0.56582
chr2	203000000	203250000	0.547496
chr2	203250000	203500000	0.53898
chr2	203500000	203750000	0.489023
chr2	203750000	204000000	0.36501
chr2	204000000	204250000	0.141124
chr2	204250000	204500000	0.0312474
chr2	204500000	204750000	-0.0511642
chr2	204750000	205000000	0.0105798
chr2	205000000	205250000	0.161797
chr2	205250000	205500000	0.195523
chr2	205500000	205750000	0.20645
chr2	205750000	206000000	0.304326
chr2	206000000	206250000	0.573741
chr2	206250000	206500000	0.475319
chr2	206500000	206750000	0.377266
chr2	206750000	207000000	0.431623
chr2	207000000	207250000	0.595579
chr2	207250000	207500000	0.566787
chr2	207500000	207750000	0.681075
chr2	207750000	208000000	0.923545
chr2	208000000	208250000	0.602083
chr2	208250000	208500000	-0.104504
chr2	208500000	208750000	-0.582583
chr2	208750000	209000000	-0.530146
chr2	209000000	209250000	-0.406521
chr2	209250000	209500000	-0.545982
chr2	209500000	209750000	-0.398881
chr2	209750000	210000000	-0.509372
chr2	210000000	210250000	-0.264132
chr2	210250000	210500000	-0.525662
chr2	210500000	210750000	-0.53833
chr2	210750000	211000000	-0.543273
chr2	211000000	211250000	-0.421039
chr2	211250000	211500000	-0.186785
chr2	211500000	211750000	-0.169353
chr2	211750000	212000000	-0.52073
chr2	212000000	212250000	-0.479481
chr2	212250000	212500000	-0.54479
chr2	212500000	212750000	-0.380283
chr2	212750000	213000000	-0.365388
chr2	213000000	213250000	-0.354306
chr2	213250000	213500000	-0.551537
chr2	213500000	213750000	-0.582541
chr2	213750000	214000000	-0.594091
chr2	214000000	214250000	-0.612609
chr2	214250000	214500000	-0.536825
chr2	214500000	214750000	-0.412961
chr2	214750000	215000000	-0.457021
chr2	215000000	215250000	-0.588239
chr2	215250000	215500000	-0.00459903
chr2	215500000	215750000	0.114225
chr2	215750000	216000000	0.079486
chr2	216000000	216250000	0.687256
chr2	216250000	216500000	0.923311
chr2	216500000	216750000	0.740393
chr2	216750000	217000000	0.745772
chr2	217000000	217250000	0.749907
chr2	217250000	217500000	0.80492
chr2	217500000	217750000	0.718737
chr2	217750000	218000000	0.940754
chr2	218000000	218250000	1.05977
chr2	218250000	218500000	1.09027
chr2	218500000	218750000	1.07106
chr2	218750000	219000000	1.05363
chr2	219000000	219250000	1.13262
chr2	219250000	219500000	0.935234
chr2	219500000	219750000	0.487543
chr2	219750000	220000000	0.0696153
chr2	220000000	220250000	-0.00911775
chr2	220250000	220500000	-0.177393
chr2	220500000	220750000	-0.210652
chr2	220750000	221000000	-0.0883713
chr2	221000000	221250000	-0.155477
chr2	221250000	221500000	0.0543184
chr2	221500000	221750000	0.124231
chr2	221750000	222000000	0.216668
chr2	222000000	222250000	0.318984
chr2	222250000	222500000	0.30742
chr2	222500000	222750000	0.238437
chr2	222750000	223000000	0.113174
chr2	223000000	223250000	-0.150238
chr2	223250000	223500000	-0.259131
chr2	223500000	223750000	-0.108985
chr2	223750000	224000000	0.118114
chr2	224000000	224250000	0.292904
chr2	224250000	224500000	0.063927
chr2	224500000	224750000	-0.178592
chr2	224750000	225000000	-0.510525
chr2	225000000	225250000	-0.642055
chr2	225250000	225500000	-0.649465
chr2	225500000	225750000	-0.528875
chr2	225750000	226000000	-0.614965
chr2	226000000	226250000	-0.467651
chr2	226250000	226500000	-0.385474
chr2	226500000	226750000	-0.333397
chr2	226750000	227000000	-0.279035
chr2	227000000	227250000	-0.143548
chr2	227250000	227500000	0.025494
chr2	227500000	227750000	0.113948
chr2	227750000	228000000	-0.366374
chr2	228000000	228250000	-0.592032
chr2	228250000	228500000	-0.683186
chr2	228500000	228750000	-0.534063
chr2	228750000	229000000	-0.721982
chr2	229000000	229250000	-0.666748
chr2	229250000	229500000	-0.551082
chr2	229500000	229750000	-0.435068
chr2	229750000	230000000	0.0231746
chr2	230000000	230250000	-0.343152
chr2	230250000	230500000	-0.529456
chr2	230500000	230750000	-0.185224
chr2	230750000	231000000	0.500872
chr2	231000000	231250000	0.942986
chr2	231250000	231500000	1.08958
chr2	231500000	231750000	1.11586
chr2	231750000	232000000	0.886296
chr2	232000000	232250000	0.816251
chr2	232250000	232500000	0.827896
chr2	232500000	232750000	0.824175
chr2	232750000	233000000	0.783723
chr2	233000000	233250000	0.645509
chr2	233250000	233500000	0.507513
chr2	233500000	233750000	0.274345
chr2	233750000	234000000	0.205661
chr2	234000000	234250000	0.309518
chr2	234250000	234500000	0.44435
chr2	234500000	234750000	0.382854
chr2	234750000	235000000	0.409935
chr2	235000000	235250000	0.360694
chr2	235250000	235500000	0.420389
chr2	235500000	235750000	0.461702
chr2	235750000	236000000	0.539524
chr2	236000000	236250000	0.509555
chr2	236250000	236500000	0.534778
chr2	236500000	236750000	0.592661
chr2	236750000	237000000	0.574537
chr2	237000000	237250000	0.486142
chr2	237250000	237500000	0.540917
chr2	237500000	237750000	0.576755
chr2	237750000	238000000	0.585642
chr2	238000000	238250000	0.583764
chr2	238250000	238500000	0.488622
chr2	238500000	238750000	0.371488
chr2	238750000	239000000	0.386016
chr2	239000000	239250000	0.398774
chr2	239250000	239500000	0.368898
chr2	239500000	239750000	0.343187
chr2	239750000	240000000	0.406615
chr2	240000000	240250000	0.409573
chr2	240250000	240500000	0.434916
chr2	240500000	240750000	0.411082
chr2	240750000	241000000	0.504824
chr2	241000000	241250000	0.472364
chr2	241250000	241500000	0.577962
chr2	241500000	241750000	0.506882
chr2	241750000	242000000	0.357119
chr2	242000000	242193529	nan
#bedGraph section chr20:0-64444167
chr20	0	250000	nan
chr20	250000	500000	-0.604444
chr20	500000	750000	-0.206167
chr20	750000	1000000	-0.0474853
chr20	1000000	1250000	-0.0889968
chr20	1250000	1500000	0.0273733
chr20	1500000	1750000	0.0299039
chr20	1750000	2000000	0.177665
chr20	2000000	2250000	0.280844
chr20	2250000	2500000	0.327413
chr20	2500000	2750000	0.482356
chr20	2750000	3000000	0.648558
chr20	3000000	3250000	0.624936
chr20	3250000	3500000	0.399873
chr20	3500000	3750000	0.190936
chr20	3750000	4000000	0.225222
chr20	4000000	4250000	-0.0685253
chr20	4250000	4500000	-0.402305
chr20	4500000	4750000	-0.294112
chr20	4750000	5000000	-0.326248
chr20	5000000	5250000	-0.341871
chr20	5250000	5500000	-0.709584
chr20	5500000	5750000	-0.672673
chr20	5750000	6000000	-0.76739
chr20	6000000	6250000	-1.04031
chr20	6250000	6500000	-0.996229
chr20	6500000	6750000	-0.797733
chr20	6750000	7000000	-0.721005
chr20	7000000	7250000	-0.770605
chr20	7250000	7500000	-0.69652
chr20	7500000	7750000	-0.862669
chr20	7750000	8000000	-0.828931
chr20	8000000	8250000	-0.798283
chr20	8250000	8500000	-0.832355
chr20	8500000	8750000	-0.798773
chr20	8750000	9000000	-0.86194
chr20	9000000	9250000	-0.940474
chr20	9250000	9500000	-0.87768
chr20	9500000	9750000	-0.911107
chr20	9750000	10000000	-0.805141
chr20	10000000	10250000	-0.859765
chr20	10250000	10500000	-0.707961
chr20	10500000	10750000	-0.668716
chr20	10750000	11000000	-0.683835
chr20	11000000	11250000	-0.662474
chr20	11250000	11500000	-0.685799
chr20	11500000	11750000	-0.750618
chr20	11750000	12000000	-0.746642
chr20	12000000	12250000	-0.670481
chr20	12250000	12500000	-0.748959
chr20	12500000	12750000	-0.847438
chr20	12750000	13000000	-0.911125
chr20	13000000	13250000	-0.880494
chr20	13250000	13500000	-0.890026
chr20	13500000	13750000	-0.834793
chr20	13750000	14000000	-0.902561
chr20	14000000	14250000	-0.779439
chr20	14250000	14500000	-0.651649
chr20	14500000	14750000	-0.659925
chr20	14750000	15000000	-0.601
chr20	15000000	15250000	-0.602322
chr20	15250000	15500000	-0.633039
chr20	15500000	15750000	-0.529235
chr20	15750000	16000000	-0.568795
chr20	16000000	16250000	-0.632802
chr20	16250000	16500000	-0.739257
chr20	16500000	16750000	-0.772474
chr20	16750000	17000000	-0.802721
chr20	17000000	17250000	-0.795141
chr20	17250000	17500000	-0.80286
chr20	17500000	17750000	-0.452646
chr20	17750000	18000000	-0.329384
chr20	18000000	18250000	-0.349003
chr20	18250000	18500000	-0.537205
chr20	18500000	18750000	-0.766557
chr20	18750000	19000000	-0.826214
chr20	19000000	19250000	-0.842828
chr20	19250000	19500000	-0.809315
chr20	19500000	19750000	-0.758687
chr20	19750000	20000000	-0.69546
chr20	20000000	20250000	-0.54312
chr20	20250000	20500000	-0.587714
chr20	20500000	20750000	-0.497391
chr20	20750000	21000000	-0.346928
chr20	21000000	21250000	-0.322906
chr20	21250000	21500000	-0.365058
chr20	21500000	21750000	-0.407182
chr20	21750000	22000000	-0.548726
chr20	22000000	22250000	-0.575649
chr20	22250000	22500000	-0.300535
chr20	22500000	22750000	-0.261174
chr20	22750000	23000000	-0.314445
chr20	23000000	23250000	-0.218286
chr20	23250000	23500000	-0.24354
chr20	23500000	23750000	-0.436731
chr20	23750000	24000000	-0.458412
chr20	24000000	24250000	-0.535644
chr20	24250000	24500000	-0.469151
chr20	24500000	24750000	-0.564862
chr20	24750000	25000000	-0.640132
chr20	25000000	25250000	-0.753059
chr20	25250000	25500000	-0.817393
chr20	25500000	25750000	-0.988388
chr20	25750000	26000000	nan
chr20	26000000	26250000	nan
chr20	26250000	26500000	nan
chr20	26500000	26750000	nan
chr20	26750000	27000000	nan
chr20	27000000	27250000	nan
chr20	27250000	27500000	nan
chr20	27500000	27750000	nan
chr20	27750000	28000000	nan
chr20	28000000	28250000	nan
chr20	28250000	28500000	nan
chr20	28500000	28750000	nan
chr20	28750000	29000000	nan
chr20	29000000	29250000	nan
chr20	29250000	29500000	-0.550185
chr20	29500000	29750000	nan
chr20	29750000	30000000	nan
chr20	30000000	30250000	nan
chr20	30250000	30500000	nan
chr20	30500000	30750000	nan
chr20	30750000	31000000	nan
chr20	31000000	31250000	nan
chr20	31250000	31500000	-1.05876
chr20	31500000	31750000	-0.695437
chr20	31750000	32000000	-0.12309
chr20	32000000	32250000	0.145463
chr20	32250000	32500000	0.410901
chr20	32500000	32750000	0.493302
chr20	32750000	33000000	0.528331
chr20	33000000	33250000	0.544936
chr20	33250000	33500000	0.601873
chr20	33500000	33750000	0.536512
chr20	33750000	34000000	0.605661
chr20	34000000	34250000	0.631434
chr20	34250000	34500000	0.630912
chr20	34500000	34750000	0.598542
chr20	34750000	35000000	0.669221
chr20	35000000	35250000	0.644995
chr20	35250000	35500000	0.723593
chr20	35500000	35750000	0.659589
chr20	35750000	36000000	0.696649
chr20	36000000	36250000	0.660339
chr20	36250000	36500000	0.645224
chr20	36500000	36750000	0.699232
chr20	36750000	37000000	0.655255
chr20	37000000	37250000	0.68782
chr20	37250000	37500000	0.632297
chr20	37500000	37750000	0.601782
chr20	37750000	38000000	0.580693
chr20	38000000	38250000	0.563373
chr20	38250000	38500000	0.59139
chr20	38500000	38750000	0.569135
chr20	38750000	39000000	0.408395
chr20	39000000	39250000	0.223405
chr20	39250000	39500000	0.0345101
chr20	39500000	39750000	0.0536754
chr20	39750000	40000000	0.0887658
chr20	40000000	40250000	0.0909523
chr20	40250000	40500000	0.191883
chr20	40500000	40750000	0.153123
chr20	40750000	41000000	0.217434
chr20	41000000	41250000	0.369093
chr20	41250000	41500000	0.395484
chr20	41500000	41750000	0.355379
chr20	41750000	42000000	0.214117
chr20	42000000	42250000	0.206917
chr20	42250000	42500000	0.114117
chr20	42500000	42750000	0.204306
chr20	42750000	43000000	0.129469
chr20	43000000	43250000	0.196973
chr20	43250000	43500000	0.310142
chr20	43500000	43750000	0.534477
chr20	43750000	44000000	0.383884
chr20	44000000	44250000	0.510246
chr20	44250000	44500000	0.544599
chr20	44500000	44750000	0.544648
chr20	44750000	45000000	0.541639
chr20	45000000	45250000	0.559549
chr20	45250000	45500000	0.537515
chr20	45500000	45750000	0.475702
chr20	45750000	46000000	0.622701
chr20	46000000	46250000	0.621466
chr20	46250000	46500000	0.631097
chr20	46500000	46750000	0.61171
chr20	46750000	47000000	0.481371
chr20	47000000	47250000	0.512673
chr20	47250000	47500000	0.592569
chr20	47500000	47750000	0.554785
chr20	47750000	48000000	0.487438
chr20	48000000	48250000	0.448451
chr20	48250000	48500000	0.515826
chr20	48500000	48750000	0.56335
chr20	48750000	49000000	0.585298
chr20	49000000	49250000	0.697255
chr20	49250000	49500000	0.611286
chr20	49500000	49750000	0.570609
chr20	49750000	50000000	0.562107
chr20	50000000	50250000	0.576122
chr20	50250000	50500000	0.418811
chr20	50500000	50750000	0.366787
chr20	50750000	51000000	0.122706
chr20	51000000	51250000	-0.0118708
chr20	51250000	51500000	-0.0214142
chr20	51500000	51750000	-0.0739602
chr20	51750000	52000000	-0.0246078
chr20	52000000	52250000	-0.361962
chr20	52250000	52500000	-0.766915
chr20	52500000	52750000	-0.761369
chr20	52750000	53000000	-0.685828
chr20	53000000	53250000	-0.604022
chr20	53250000	53500000	-0.592047
chr20	53500000	53750000	-0.45801
chr20	53750000	54000000	-0.458885
chr20	54000000	54250000	-0.689512
chr20	54250000	54500000	-0.663708
chr20	54500000	54750000	-0.609986
chr20	54750000	55000000	-0.689124
chr20	55000000	55250000	-0.716318
chr20	55250000	55500000	-0.780804
chr20	55500000	55750000	-0.67794
chr20	55750000	56000000	-0.818016
chr20	56000000	56250000	-0.86127
chr20	56250000	56500000	-0.725322
chr20	56500000	56750000	-0.296016
chr20	56750000	57000000	-0.20024
chr20	57000000	57250000	-0.111222
chr20	57250000	57500000	0.0181915
chr20	57500000	57750000	0.182597
chr20	57750000	58000000	0.22934
chr20	58000000	58250000	0.206877
chr20	58250000	58500000	0.262076
chr20	58500000	58750000	0.140248
chr20	58750000	59000000	0.175416
chr20	59000000	59250000	-0.0134642
chr20	59250000	59500000	0.00985974
chr20	59500000	59750000	-0.259335
chr20	59750000	60000000	-0.240624
chr20	60000000	60250000	-0.175684
chr20	60250000	60500000	-0.22911
chr20	60500000	60750000	-0.304367
chr20	60750000	61000000	-0.199868
chr20	61000000	61250000	-0.141233
chr20	61250000	61500000	-0.0306559
chr20	61500000	61750000	0.128466
chr20	61750000	62000000	0.190669
chr20	62000000	62250000	0.654319
chr20	62250000	62500000	0.707295
chr20	62500000	62750000	0.779423
chr20	62750000	63000000	0.844167
chr20	63000000	63250000	0.77842
chr20	63250000	63500000	0.764918
chr20	63500000	63750000	0.774133
chr20	63750000	64000000	0.743384
chr20	64000000	64250000	0.644187
chr20	64250000	64444167	nan
#bedGraph section chr21:0-46709983
chr21	0	250000	nan
chr21	250000	500000	nan
chr21	500000	750000	nan
chr21	750000	1000000	nan
chr21	1000000	1250000	nan
chr21	1250000	1500000	nan
chr21	1500000	1750000	nan
chr21	1750000	2000000	nan
chr21	2000000	2250000	nan
chr21	2250000	2500000	nan
chr21	2500000	2750000	nan
chr21	2750000	3000000	nan
chr21	3000000	3250000	nan
chr21	3250000	3500000	nan
chr21	3500000	3750000	nan
chr21	3750000	4000000	nan
chr21	4000000	4250000	nan
chr21	4250000	4500000	nan
chr21	4500000	4750000	nan
chr21	4750000	5000000	nan
chr21	5000000	5250000	nan
chr21	5250000	5500000	nan
chr21	5500000	5750000	nan
chr21	5750000	6000000	nan
chr21	6000000	6250000	nan
chr21	6250000	6500000	nan
chr21	6500000	6750000	nan
chr21	6750000	7000000	nan
chr21	7000000	7250000	nan
chr21	7250000	7500000	nan
chr21	7500000	7750000	nan
chr21	7750000	8000000	nan
chr21	8000000	8250000	nan
chr21	8250000	8500000	nan
chr21	8500000	8750000	nan
chr21	8750000	9000000	nan
chr21	9000000	9250000	nan
chr21	9250000	9500000	nan
chr21	9500000	9750000	nan
chr21	9750000	10000000	nan
chr21	10000000	10250000	nan
chr21	10250000	10500000	0.387731
chr21	10500000	10750000	0.573373
chr21	10750000	11000000	nan
chr21	11000000	11250000	nan
chr21	11250000	11500000	nan
chr21	11500000	11750000	nan
chr21	11750000	12000000	nan
chr21	12000000	12250000	nan
chr21	12250000	12500000	nan
chr21	12500000	12750000	nan
chr21	12750000	13000000	nan
chr21	13000000	13250000	nan
chr21	13250000	13500000	nan
chr21	13500000	13750000	nan
chr21	13750000	14000000	nan
chr21	14000000	14250000	-0.823743
chr21	14250000	14500000	-1.04539
chr21	14500000	14750000	-1.07458
chr21	14750000	15000000	-0.747878
chr21	15000000	15250000	-0.360593
chr21	15250000	15500000	-0.391443
chr21	15500000	15750000	-0.624989
chr21	15750000	16000000	-0.714776
chr21	16000000	16250000	-0.770168
chr21	16250000	16500000	-0.746947
chr21	16500000	16750000	-0.6905
chr21	16750000	17000000	-0.750249
chr21	17000000	17250000	-0.756416
chr21	17250000	17500000	-0.687982
chr21	17500000	17750000	-0.710411
chr21	17750000	18000000	-0.856626
chr21	18000000	18250000	-1.09296
chr21	18250000	18500000	-1.08178
chr21	18500000	18750000	-0.95528
chr21	18750000	19000000	-0.817298
chr21	19000000	19250000	-0.670607
chr21	19250000	19500000	-0.514089
chr21	19500000	19750000	-0.617147
chr21	19750000	20000000	-0.559837
chr21	20000000	20250000	-0.583722
chr21	20250000	20500000	-0.591117
chr21	20500000	20750000	-0.723542
chr21	20750000	21000000	-0.849148
chr21	21000000	21250000	-1.01466
chr21	21250000	21500000	-0.916433
chr21	21500000	21750000	-0.78441
chr21	21750000	22000000	-0.684778
chr21	22000000	22250000	-0.609002
chr21	22250000	22500000	-0.650045
chr21	22500000	22750000	-0.57682
chr21	22750000	23000000	-0.626052
chr21	23000000	23250000	-0.5783
chr21	23250000	23500000	-0.781468
chr21	23500000	23750000	-0.757005
chr21	23750000	24000000	-0.812397
chr21	24000000	24250000	-0.871962
chr21	24250000	24500000	-0.697859
chr21	24500000	24750000	-0.79156
chr21	24750000	25000000	-0.768446
chr21	25000000	25250000	-0.808307
chr21	25250000	25500000	-0.957339
chr21	25500000	25750000	-0.728292
chr21	25750000	26000000	-0.449215
chr21	26000000	26250000	-0.321865
chr21	26250000	26500000	-0.701605
chr21	26500000	26750000	-0.751914
chr21	26750000	27000000	-0.57383
chr21	27000000	27250000	-0.626931
chr21	27250000	27500000	-0.630509
chr21	27500000	27750000	-0.651724
chr21	27750000	28000000	-0.690419
chr21	28000000	28250000	-0.561824
chr21	28250000	28500000	-0.7159
chr21	28500000	28750000	-0.916842
chr21	28750000	29000000	-0.680525
chr21	29000000	29250000	-0.702462
chr21	29250000	29500000	-0.786413
chr21	29500000	29750000	-0.867719
chr21	29750000	30000000	-0.956268
chr21	30000000	30250000	-1.07794
chr21	30250000	30500000	-1.03283
chr21	30500000	30750000	-1.27149
chr21	30750000	31000000	-1.2056
chr21	31000000	31250000	-0.825589
chr21	31250000	31500000	-0.479741
chr21	31500000	31750000	-0.397172
chr21	31750000	32000000	-0.215755
chr21	32000000	32250000	-0.331726
chr21	32250000	32500000	0.0265866
chr21	32500000	32750000	0.143312
chr21	32750000	33000000	0.194078
chr21	33000000	33250000	0.230543
chr21	33250000	33500000	0.271249
chr21	33500000	33750000	0.3581
chr21	33750000	34000000	0.382024
chr21	34000000	34250000	0.254943
chr21	34250000	34500000	0.179244
chr21	34500000	34750000	0.103001
chr21	34750000	35000000	0.117619
chr21	35000000	35250000	-0.124744
chr21	35250000	35500000	-0.0179669
chr21	35500000	35750000	-0.245064
chr21	35750000	36000000	0.00541558
chr21	36000000	36250000	0.241434
chr21	36250000	36500000	0.25697
chr21	36500000	36750000	0.2557
chr21	36750000	37000000	0.23758
chr21	37000000	37250000	0.311795
chr21	37250000	37500000	0.0934034
chr21	37500000	37750000	0.0816757
chr21	37750000	38000000	-0.216243
chr21	38000000	38250000	-0.197339
chr21	38250000	38500000	-0.120438
chr21	38500000	38750000	-0.036525
chr21	38750000	39000000	0.105808
chr21	39000000	39250000	0.227383
chr21	39250000	39500000	0.150969
chr21	39500000	39750000	0.0847618
chr21	39750000	40000000	-0.0653852
chr21	40000000	40250000	-0.188829
chr21	40250000	40500000	-0.138583
chr21	40500000	40750000	-0.084248
chr21	40750000	41000000	-0.0112659
chr21	41000000	41250000	0.114775
chr21	41250000	41500000	0.231684
chr21	41500000	41750000	0.439526
chr21	41750000	42000000	0.371961
chr21	42000000	42250000	0.429372
chr21	42250000	42500000	0.39498
chr21	42500000	42750000	0.343971
chr21	42750000	43000000	0.453766
chr21	43000000	43250000	nan
chr21	43250000	43500000	nan
chr21	43500000	43750000	0.483957
chr21	43750000	44000000	0.568817
chr21	44000000	44250000	nan
chr21	44250000	44500000	0.57101
chr21	44500000	44750000	0.229067
chr21	44750000	45000000	0.42987
chr21	45000000	45250000	0.486751
chr21	45250000	45500000	0.545361
chr21	45500000	45750000	0.361487
chr21	45750000	46000000	0.305747
chr21	46000000	46250000	0.384353
chr21	46250000	46500000	0.239113
chr21	46500000	46709983	-0.218657
#bedGraph section chr22:0-50818468
chr22	0	250000	nan
chr22	250000	500000	nan
chr22	500000	750000	nan
chr22	750000	1000000	nan
chr22	1000000	1250000	nan
chr22	1250000	1500000	nan
chr22	1500000	1750000	nan
chr22	1750000	2000000	nan
chr22	2000000	2250000	nan
chr22	2250000	2500000	nan
chr22	2500000	2750000	nan
chr22	2750000	3000000	nan
chr22	3000000	3250000	nan
chr22	3250000	3500000	nan
chr22	3500000	3750000	nan
chr22	3750000	4000000	nan
chr22	4000000	4250000	nan
chr22	4250000	4500000	nan
chr22	4500000	4750000	nan
chr22	4750000	5000000	nan
chr22	5000000	5250000	nan
chr22	5250000	5500000	nan
chr22	5500000	5750000	nan
chr22	5750000	6000000	nan
chr22	6000000	6250000	nan
chr22	6250000	6500000	nan
chr22	6500000	6750000	nan
chr22	6750000	7000000	nan
chr22	7000000	7250000	nan
chr22	7250000	7500000	nan
chr22	7500000	7750000	nan
chr22	7750000	8000000	nan
chr22	8000000	8250000	nan
chr22	8250000	8500000	nan
chr22	8500000	8750000	nan
chr22	8750000	9000000	nan
chr22	9000000	9250000	nan
chr22	9250000	9500000	nan
chr22	9500000	9750000	nan
chr22	9750000	10000000	nan
chr22	10000000	10250000	nan
chr22	10250000	10500000	nan
chr22	10500000	10750000	nan
chr22	10750000	11000000	nan
chr22	11000000	11250000	nan
chr22	11250000	11500000	nan
chr22	11500000	11750000	nan
chr22	11750000	12000000	nan
chr22	12000000	12250000	nan
chr22	12250000	12500000	nan
chr22	12500000	12750000	nan
chr22	12750000	13000000	nan
chr22	13000000	13250000	nan
chr22	13250000	13500000	nan
chr22	13500000	13750000	nan
chr22	13750000	14000000	nan
chr22	14000000	14250000	nan
chr22	14250000	14500000	nan
chr22	14500000	14750000	nan
chr22	14750000	15000000	nan
chr22	15000000	15250000	nan
chr22	15250000	15500000	nan
chr22	15500000	15750000	nan
chr22	15750000	16000000	nan
chr22	16000000	16250000	nan
chr22	16250000	16500000	nan
chr22	16500000	16750000	nan
chr22	16750000	17000000	-0.126773
chr22	17000000	17250000	-0.0508481
chr22	17250000	17500000	0.144523
chr22	17500000	17750000	0.0302907
chr22	17750000	18000000	0.146304
chr22	18000000	18250000	0.0865275
chr22	18250000	18500000	nan
chr22	18500000	18750000	nan
chr22	18750000	19000000	nan
chr22	19000000	19250000	0.327795
chr22	19250000	19500000	0.212886
chr22	19500000	19750000	0.0976363
chr22	19750000	20000000	0.231956
chr22	20000000	20250000	0.288428
chr22	20250000	20500000	0.154427
chr22	20500000	20750000	0.161739
chr22	20750000	21000000	0.0600447
chr22	21000000	21250000	nan
chr22	21250000	21500000	nan
chr22	21500000	21750000	0.099225
chr22	21750000	22000000	0.0885381
chr22	22000000	22250000	0.291247
chr22	22250000	22500000	0.160246
chr22	22500000	22750000	0.121825
chr22	22750000	23000000	0.11287
chr22	23000000	23250000	0.106298
chr22	23250000	23500000	0.197671
chr22	23500000	23750000	0.17136
chr22	23750000	24000000	0.226497
chr22	24000000	24250000	0.108601
chr22	24250000	24500000	-0.0339441
chr22	24500000	24750000	-0.163722
chr22	24750000	25000000	-0.0206514
chr22	25000000	25250000	-0.0619839
chr22	25250000	25500000	-0.044818
chr22	25500000	25750000	0.11408
chr22	25750000	26000000	-0.223498
chr22	26000000	26250000	-0.0688639
chr22	26250000	26500000	-0.0441804
chr22	26500000	26750000	-0.262337
chr22	26750000	27000000	-0.447194
chr22	27000000	27250000	-0.234257
chr22	27250000	27500000	-0.396166
chr22	27500000	27750000	-0.379303
chr22	27750000	28000000	-0.278938
chr22	28000000	28250000	-0.318297
chr22	28250000	28500000	-0.16694
chr22	28500000	28750000	-0.460076
chr22	28750000	29000000	-0.317477
chr22	29000000	29250000	-0.174432
chr22	29250000	29500000	-0.0446357
chr22	29500000	29750000	0.0461749
chr22	29750000	30000000	0.0233888
chr22	30000000	30250000	0.104535
chr22	30250000	30500000	0.170189
chr22	30500000	30750000	0.181229
chr22	30750000	31000000	0.0224863
chr22	31000000	31250000	0.101137
chr22	31250000	31500000	0.186433
chr22	31500000	31750000	0.0567079
chr22	31750000	32000000	-0.17225
chr22	32000000	32250000	-0.195007
chr22	32250000	32500000	-0.0756676
chr22	32500000	32750000	-0.194092
chr22	32750000	33000000	-0.0456968
chr22	33000000	33250000	-0.392268
chr22	33250000	33500000	-0.404624
chr22	33500000	33750000	-0.447943
chr22	33750000	34000000	-0.452753
chr22	34000000	34250000	-0.528097
chr22	34250000	34500000	-0.385802
chr22	34500000	34750000	-0.302636
chr22	34750000	35000000	-0.462246
chr22	35000000	35250000	-0.803514
chr22	35250000	35500000	-0.154234
chr22	35500000	35750000	-0.131721
chr22	35750000	36000000	-0.091788
chr22	36000000	36250000	-0.190145
chr22	36250000	36500000	-0.0758731
chr22	36500000	36750000	0.0919936
chr22	36750000	37000000	0.166057
chr22	37000000	37250000	0.0715857
chr22	37250000	37500000	0.148797
chr22	37500000	37750000	0.185268
chr22	37750000	38000000	0.161507
chr22	38000000	38250000	0.133067
chr22	38250000	38500000	0.132359
chr22	38500000	38750000	0.18057
chr22	38750000	39000000	0.0360208
chr22	39000000	39250000	-0.16421
chr22	39250000	39500000	-0.180323
chr22	39500000	39750000	-0.0380502
chr22	39750000	40000000	-0.0838162
chr22	40000000	40250000	-0.151886
chr22	40250000	40500000	-0.146824
chr22	40500000	40750000	-0.24683
chr22	40750000	41000000	-0.220773
chr22	41000000	41250000	-0.186981
chr22	41250000	41500000	0.0652563
chr22	41500000	41750000	0.07214
chr22	41750000	42000000	0.0555696
chr22	42000000	42250000	0.0870025
chr22	42250000	42500000	0.059083
chr22	42500000	42750000	0.226557
chr22	42750000	43000000	0.251045
chr22	43000000	43250000	0.27026
chr22	43250000	43500000	0.32267
chr22	43500000	43750000	0.284819
chr22	43750000	44000000	0.30996
chr22	44000000	44250000	0.171885
chr22	44250000	44500000	0.177886
chr22	44500000	44750000	0.211084
chr22	44750000	45000000	0.375725
chr22	45000000	45250000	0.346402
chr22	45250000	45500000	0.174396
chr22	45500000	45750000	0.219446
chr22	45750000	46000000	0.136081
chr22	46000000	46250000	0.452859
chr22	46250000	46500000	0.573905
chr22	46500000	46750000	0.779757
chr22	46750000	47000000	1.2018
chr22	47000000	47250000	0.956806
chr22	47250000	47500000	0.481956
chr22	47500000	47750000	0.356146
chr22	47750000	48000000	0.506795
chr22	48000000	48250000	0.684964
chr22	48250000	48500000	0.714952
chr22	48500000	48750000	0.959454
chr22	48750000	49000000	0.726402
chr22	49000000	49250000	0.689878
chr22	49250000	49500000	0.775904
chr22	49500000	49750000	0.867469
chr22	49750000	50000000	0.909627
chr22	50000000	50250000	0.481059
chr22	50250000	50500000	0.0991831
chr22	50500000	50750000	0.427942
chr22	50750000	50818468	nan
#bedGraph section chr3:0-198295559
chr3	0	250000	-0.925332
chr3	250000	500000	-1.01833
chr3	500000	750000	-1.20756
chr3	750000	1000000	-0.992019
chr3	1000000	1250000	-0.778524
chr3	1250000	1500000	-0.805897
chr3	1500000	1750000	-0.877088
chr3	1750000	2000000	-0.88918
chr3	2000000	2250000	-0.826966
chr3	2250000	2500000	-1.07797
chr3	2500000	2750000	-0.916819
chr3	2750000	3000000	-0.724561
chr3	3000000	3250000	-0.507241
chr3	3250000	3500000	-0.591748
chr3	3500000	3750000	-0.521433
chr3	3750000	4000000	-0.565632
chr3	4000000	4250000	-0.604159
chr3	4250000	4500000	-0.470927
chr3	4500000	4750000	-0.377092
chr3	4750000	5000000	-0.375173
chr3	5000000	5250000	-0.370809
chr3	5250000	5500000	-0.737416
chr3	5500000	5750000	-0.866395
chr3	5750000	6000000	-0.698957
chr3	6000000	6250000	-0.795045
chr3	6250000	6500000	-0.787814
chr3	6500000	6750000	-0.817062
chr3	6750000	7000000	-0.64767
chr3	7000000	7250000	-0.650429
chr3	7250000	7500000	-0.53193
chr3	7500000	7750000	-0.482285
chr3	7750000	8000000	-0.577405
chr3	8000000	8250000	-0.426893
chr3	8250000	8500000	-0.345115
chr3	8500000	8750000	-0.070925
chr3	8750000	9000000	0.243562
chr3	9000000	9250000	0.485091
chr3	9250000	9500000	0.642901
chr3	9500000	9750000	0.7795
chr3	9750000	10000000	0.873653
chr3	10000000	10250000	0.862142
chr3	10250000	10500000	0.818302
chr3	10500000	10750000	0.675085
chr3	10750000	11000000	0.662308
chr3	11000000	11250000	0.649555
chr3	11250000	11500000	0.641117
chr3	11500000	11750000	0.622188
chr3	11750000	12000000	0.618475
chr3	12000000	12250000	0.596593
chr3	12250000	12500000	0.590459
chr3	12500000	12750000	0.821034
chr3	12750000	13000000	0.881205
chr3	13000000	13250000	0.816264
chr3	13250000	13500000	0.799676
chr3	13500000	13750000	0.668065
chr3	13750000	14000000	0.586401
chr3	14000000	14250000	0.587328
chr3	14250000	14500000	0.713297
chr3	14500000	14750000	0.701274
chr3	14750000	15000000	0.699074
chr3	15000000	15250000	0.582988
chr3	15250000	15500000	0.444933
chr3	15500000	15750000	0.186475
chr3	15750000	16000000	-0.0544309
chr3	16000000	16250000	-0.0368782
chr3	16250000	16500000	0.0124184
chr3	16500000	16750000	-0.0735007
chr3	16750000	17000000	-0.128815
chr3	17000000	17250000	-0.123863
chr3	17250000	17500000	-0.0882296
chr3	17500000	17750000	-0.0903909
chr3	17750000	18000000	-0.0435806
chr3	18000000	18250000	-0.126198
chr3	18250000	18500000	-0.217708
chr3	18500000	18750000	-0.588314
chr3	18750000	19000000	-0.560025
chr3	19000000	19250000	-0.628795
chr3	19250000	19500000	-0.786548
chr3	19500000	19750000	-0.89649
chr3	19750000	20000000	-0.6775
chr3	20000000	20250000	-0.374025
chr3	20250000	20500000	-0.462085
chr3	20500000	20750000	-0.616085
chr3	20750000	21000000	-0.568107
chr3	21000000	21250000	-0.390083
chr3	21250000	21500000	-0.452699
chr3	21500000	21750000	-0.427665
chr3	21750000	22000000	-0.478739
chr3	22000000	22250000	-0.593499
chr3	22250000	22500000	-0.771463
chr3	22500000	22750000	-0.700244
chr3	22750000	23000000	-0.566031
chr3	23000000	23250000	-0.497642
chr3	23250000	23500000	-0.567643
chr3	23500000	23750000	-0.371727
chr3	23750000	24000000	-0.216425
chr3	24000000	24250000	-0.389585
chr3	24250000	24500000	-0.467205
chr3	24500000	24750000	-0.448825
chr3	24750000	25000000	-0.258981
chr3	25000000	25250000	-0.250196
chr3	25250000	25500000	-0.183121
chr3	25500000	25750000	-0.336602
chr3	25750000	26000000	-0.550408
chr3	26000000	26250000	-0.73409
chr3	26250000	26500000	-0.764453
chr3	26500000	26750000	-0.643296
chr3	26750000	27000000	-0.773727
chr3	27000000	27250000	-0.74443
chr3	27250000	27500000	-0.553783
chr3	27500000	27750000	-0.431981
chr3	27750000	28000000	-0.643128
chr3	28000000	28250000	-0.767354
chr3	28250000	28500000	-0.772916
chr3	28500000	28750000	-0.858344
chr3	28750000	29000000	-0.663803
chr3	29000000	29250000	-0.848002
chr3	29250000	29500000	-0.856936
chr3	29500000	29750000	-0.832524
chr3	29750000	30000000	-0.737894
chr3	30000000	30250000	-0.44372
chr3	30250000	30500000	-0.579934
chr3	30500000	30750000	-0.419102
chr3	30750000	31000000	-0.260089
chr3	31000000	31250000	-0.210158
chr3	31250000	31500000	-0.0995774
chr3	31500000	31750000	0.0351813
chr3	31750000	32000000	0.0922572
chr3	32000000	32250000	0.165202
chr3	32250000	32500000	0.289269
chr3	32500000	32750000	0.452849
chr3	32750000	33000000	0.399107
chr3	33000000	33250000	0.243494
chr3	33250000	33500000	0.182593
chr3	33500000	33750000	0.00798906
chr3	33750000	34000000	-0.242571
chr3	34000000	34250000	-0.445335
chr3	34250000	34500000	-0.599737
chr3	34500000	34750000	-0.562569
chr3	34750000	35000000	-0.672579
chr3	35000000	35250000	-0.791601
chr3	35250000	35500000	-0.761651
chr3	35500000	35750000	-0.628932
chr3	35750000	36000000	-0.556858
chr3	36000000	36250000	-0.72749
chr3	36250000	36500000	-0.75496
chr3	36500000	36750000	-0.598101
chr3	36750000	37000000	-0.238482
chr3	37000000	37250000	-0.0128323
chr3	37250000	37500000	0.162301
chr3	37500000	37750000	0.251088
chr3	37750000	38000000	0.295149
chr3	38000000	38250000	0.504948
chr3	38250000	38500000	0.492343
chr3	38500000	38750000	0.30913
chr3	38750000	39000000	0.188745
chr3	39000000	39250000	0.301839
chr3	39250000	39500000	0.288151
chr3	39500000	39750000	0.0464672
chr3	39750000	40000000	-0.0882283
chr3	40000000	40250000	0.0492285
chr3	40250000	40500000	0.226883
chr3	40500000	40750000	0.297525
chr3	40750000	41000000	0.298285
chr3	41000000	41250000	0.283418
chr3	41250000	41500000	0.178526
chr3	41500000	41750000	0.0880012
chr3	41750000	42000000	0.239252
chr3	42000000	42250000	0.412622
chr3	42250000	42500000	0.514739
chr3	42500000	42750000	0.616098
chr3	42750000	43000000	0.625406
chr3	43000000	43250000	0.56674
chr3	43250000	43500000	0.544984
chr3	43500000	43750000	0.588643
chr3	43750000	44000000	0.578785
chr3	44000000	44250000	0.567789
chr3	44250000	44500000	0.579133
chr3	44500000	44750000	0.654517
chr3	44750000	45000000	0.692966
chr3	45000000	45250000	0.725562
chr3	45250000	45500000	0.712768
chr3	45500000	45750000	0.754129
chr3	45750000	46000000	0.771175
chr3	46000000	46250000	0.696547
chr3	46250000	46500000	0.748481
chr3	46500000	46750000	0.77548
chr3	46750000	47000000	0.745159
chr3	47000000	47250000	0.842962
chr3	47250000	47500000	0.750519
chr3	47500000	47750000	0.768605
chr3	47750000	48000000	0.8075
chr3	48000000	48250000	0.763571
chr3	48250000	48500000	0.80247
chr3	48500000	48750000	0.744418
chr3	48750000	49000000	0.780476
chr3	49000000	49250000	0.761859
chr3	49250000	49500000	nan
chr3	49500000	49750000	0.77302
chr3	49750000	50000000	0.777553
chr3	50000000	50250000	0.783689
chr3	50250000	50500000	0.793798
chr3	50500000	50750000	0.605835
chr3	50750000	51000000	0.600116
chr3	51000000	51250000	0.544378
chr3	51250000	51500000	0.606669
chr3	51500000	51750000	0.793257
chr3	51750000	52000000	0.851016
chr3	52000000	52250000	0.823164
chr3	52250000	52500000	0.855415
chr3	52500000	52750000	0.883579
chr3	52750000	53000000	0.782408
chr3	53000000	53250000	0.762851
chr3	53250000	53500000	0.492331
chr3	53500000	53750000	0.46019
chr3	53750000	54000000	0.440399
chr3	54000000	54250000	0.245871
chr3	54250000	54500000	0.190784
chr3	54500000	54750000	0.0602061
chr3	54750000	55000000	0.0809909
chr3	55000000	55250000	0.00873045
chr3	55250000	55500000	0.0749431
chr3	55500000	55750000	0.159702
chr3	55750000	56000000	0.0577878
chr3	56000000	56250000	0.0847997
chr3	56250000	56500000	0.229529
chr3	56500000	56750000	0.514892
chr3	56750000	57000000	0.545134
chr3	57000000	57250000	0.63643
chr3	57250000	57500000	0.652871
chr3	57500000	57750000	0.68123
chr3	57750000	58000000	0.663663
chr3	58000000	58250000	0.652895
chr3	58250000	58500000	0.524962
chr3	58500000	58750000	0.226923
chr3	58750000	59000000	-0.00940155
chr3	59000000	59250000	0.0238423
chr3	59250000	59500000	-0.0172076
chr3	59500000	59750000	0.00661818
chr3	59750000	60000000	-0.0281531
chr3	60000000	60250000	-0.0716715
chr3	60250000	60500000	-0.101061
chr3	60500000	60750000	-0.0810412
chr3	60750000	61000000	-0.140572
chr3	61000000	61250000	-0.198636
chr3	61250000	61500000	-0.0562552
chr3	61500000	61750000	0.161883
chr3	61750000	62000000	0.114183
chr3	62000000	62250000	0.148309
chr3	62250000	62500000	0.137536
chr3	62500000	62750000	0.178173
chr3	62750000	63000000	0.233889
chr3	63000000	63250000	0.322546
chr3	63250000	63500000	0.269868
chr3	63500000	63750000	0.307196
chr3	63750000	64000000	0.409364
chr3	64000000	64250000	0.378902
chr3	64250000	64500000	0.402349
chr3	64500000	64750000	0.298168
chr3	64750000	65000000	0.26645
chr3	65000000	65250000	0.276011
chr3	65250000	65500000	0.19851
chr3	65500000	65750000	0.075007
chr3	65750000	66000000	0.109786
chr3	66000000	66250000	0.0575802
chr3	66250000	66500000	-0.141757
chr3	66500000	66750000	-0.17136
chr3	66750000	67000000	-0.324284
chr3	67000000	67250000	-0.608807
chr3	67250000	67500000	-0.63998
chr3	67500000	67750000	-0.665796
chr3	67750000	68000000	-0.553947
chr3	68000000	68250000	-0.734463
chr3	68250000	68500000	-0.679578
chr3	68500000	68750000	-0.659948
chr3	68750000	69000000	-0.387119
chr3	69000000	69250000	-0.221485
chr3	69250000	69500000	-0.363581
chr3	69500000	69750000	-0.415465
chr3	69750000	70000000	-0.538776
chr3	70000000	70250000	-0.654563
chr3	70250000	70500000	-0.726426
chr3	70500000	70750000	-0.707341
chr3	70750000	71000000	-0.57512
chr3	71000000	71250000	-0.304796
chr3	71250000	71500000	-0.340198
chr3	71500000	71750000	-0.196755
chr3	71750000	72000000	0.14288
chr3	72000000	72250000	0.228502
chr3	72250000	72500000	0.260744
chr3	72500000	72750000	0.284327
chr3	72750000	73000000	0.222475
chr3	73000000	73250000	0.0389743
chr3	73250000	73500000	-0.085264
chr3	73500000	73750000	-0.208406
chr3	73750000	74000000	-0.435255
chr3	74000000	74250000	-0.652072
chr3	74250000	74500000	-0.710277
chr3	74500000	74750000	-0.688246
chr3	74750000	75000000	-0.567693
chr3	75000000	75250000	-0.541373
chr3	75250000	75500000	-0.373416
chr3	75500000	75750000	-0.412013
chr3	75750000	76000000	-0.753339
chr3	76000000	76250000	-0.731912
chr3	76250000	76500000	-0.82987
chr3	76500000	76750000	-0.632746
chr3	76750000	77000000	-0.630942
chr3	77000000	77250000	-0.499765
chr3	77250000	77500000	-0.411622
chr3	77500000	77750000	-0.560413
chr3	77750000	78000000	-0.484745
chr3	78000000	78250000	-0.467662
chr3	78250000	78500000	-0.509285
chr3	78500000	78750000	-0.324605
chr3	78750000	79000000	-0.282812
chr3	79000000	79250000	-0.452527
chr3	79250000	79500000	-0.467629
chr3	79500000	79750000	-0.490805
chr3	79750000	80000000	-0.597184
chr3	80000000	80250000	-0.610712
chr3	80250000	80500000	-0.564631
chr3	80500000	80750000	-0.539995
chr3	80750000	81000000	-0.590535
chr3	81000000	81250000	-0.593927
chr3	81250000	81500000	-0.4243
chr3	81500000	81750000	-0.376493
chr3	81750000	82000000	-0.461213
chr3	82000000	82250000	-0.447825
chr3	82250000	82500000	-0.538915
chr3	82500000	82750000	-0.41986
chr3	82750000	83000000	-0.495101
chr3	83000000	83250000	-0.585046
chr3	83250000	83500000	-0.473544
chr3	83500000	83750000	-0.433816
chr3	83750000	84000000	-0.506699
chr3	84000000	84250000	-0.535288
chr3	84250000	84500000	-0.498323
chr3	84500000	84750000	-0.530699
chr3	84750000	85000000	-0.530501
chr3	85000000	85250000	-0.567564
chr3	85250000	85500000	-0.486387
chr3	85500000	85750000	-0.490527
chr3	85750000	86000000	-0.635435
chr3	86000000	86250000	-0.725264
chr3	86250000	86500000	-0.660539
chr3	86500000	86750000	-0.713721
chr3	86750000	87000000	-0.738625
chr3	87000000	87250000	-0.661874
chr3	87250000	87500000	-0.635376
chr3	87500000	87750000	-0.769184
chr3	87750000	88000000	-0.549306
chr3	88000000	88250000	-0.459186
chr3	88250000	88500000	-0.551446
chr3	88500000	88750000	-0.573307
chr3	88750000	89000000	-0.576241
chr3	89000000	89250000	-0.440572
chr3	89250000	89500000	-0.395477
chr3	89500000	89750000	-0.469075
chr3	89750000	90000000	-0.404282
chr3	90000000	90250000	-0.433582
chr3	90250000	90500000	-0.798228
chr3	90500000	90750000	-0.726855
chr3	90750000	91000000	nan
chr3	91000000	91250000	nan
chr3	91250000	91500000	nan
chr3	91500000	91750000	nan
chr3	91750000	92000000	nan
chr3	92000000	92250000	nan
chr3	92250000	92500000	nan
chr3	92500000	92750000	nan
chr3	92750000	93000000	nan
chr3	93000000	93250000	nan
chr3	93250000	93500000	nan
chr3	93500000	93750000	nan
chr3	93750000	94000000	-0.808487
chr3	94000000	94250000	-0.507989
chr3	94250000	94500000	-0.41927
chr3	94500000	94750000	-0.487403
chr3	94750000	95000000	-0.470863
chr3	95000000	95250000	-0.510614
chr3	95250000	95500000	-0.50789
chr3	95500000	95750000	-0.484295
chr3	95750000	96000000	-0.570698
chr3	96000000	96250000	-0.582588
chr3	96250000	96500000	-0.604314
chr3	96500000	96750000	-0.539331
chr3	96750000	97000000	-0.417881
chr3	97000000	97250000	-0.631251
chr3	97250000	97500000	-0.655721
chr3	97500000	97750000	-0.524042
chr3	97750000	98000000	-0.47341
chr3	98000000	98250000	-0.635206
chr3	98250000	98500000	-0.716504
chr3	98500000	98750000	-0.59485
chr3	98750000	99000000	-0.596732
chr3	99000000	99250000	-0.654513
chr3	99250000	99500000	-0.729554
chr3	99500000	99750000	-0.591089
chr3	99750000	100000000	-0.374888
chr3	100000000	100250000	-0.426169
chr3	100250000	100500000	-0.0970183
chr3	100500000	100750000	-0.0597601
chr3	100750000	101000000	-0.30253
chr3	101000000	101250000	-0.384946
chr3	101250000	101500000	-0.247059
chr3	101500000	101750000	-0.210306
chr3	101750000	102000000	-0.580474
chr3	102000000	102250000	-0.613367
chr3	102250000	102500000	-0.571281
chr3	102500000	102750000	-0.410076
chr3	102750000	103000000	-0.581874
chr3	103000000	103250000	-0.640276
chr3	103250000	103500000	-0.661303
chr3	103500000	103750000	-0.654591
chr3	103750000	104000000	-0.596839
chr3	104000000	104250000	-0.423132
chr3	104250000	104500000	-0.446033
chr3	104500000	104750000	-0.469845
chr3	104750000	105000000	-0.585115
chr3	105000000	105250000	-0.534243
chr3	105250000	105500000	-0.336201
chr3	105500000	105750000	-0.293463
chr3	105750000	106000000	-0.344099
chr3	106000000	106250000	-0.340852
chr3	106250000	106500000	-0.355508
chr3	106500000	106750000	-0.416451
chr3	106750000	107000000	-0.421499
chr3	107000000	107250000	-0.324571
chr3	107250000	107500000	-0.369362
chr3	107500000	107750000	-0.336506
chr3	107750000	108000000	-0.437669
chr3	108000000	108250000	-0.459406
chr3	108250000	108500000	-0.585635
chr3	108500000	108750000	-0.635472
chr3	108750000	109000000	-0.798785
chr3	109000000	109250000	-0.672995
chr3	109250000	109500000	-0.480027
chr3	109500000	109750000	-0.509897
chr3	109750000	110000000	-0.581588
chr3	110000000	110250000	-0.644794
chr3	110250000	110500000	-0.455884
chr3	110500000	110750000	-0.488844
chr3	110750000	111000000	-0.477625
chr3	111000000	111250000	-0.485963
chr3	111250000	111500000	-0.546798
chr3	111500000	111750000	-0.385299
chr3	111750000	112000000	-0.254587
chr3	112000000	112250000	-0.383936
chr3	112250000	112500000	-0.363682
chr3	112500000	112750000	-0.428184
chr3	112750000	113000000	-0.596316
chr3	113000000	113250000	-0.429702
chr3	113250000	113500000	-0.568314
chr3	113500000	113750000	-0.564746
chr3	113750000	114000000	-0.600005
chr3	114000000	114250000	-0.643543
chr3	114250000	114500000	-0.613131
chr3	114500000	114750000	-0.687985
chr3	114750000	115000000	-0.56004
chr3	115000000	115250000	-0.362192
chr3	115250000	115500000	-0.467599
chr3	115500000	115750000	-0.308582
chr3	115750000	116000000	-0.337421
chr3	116000000	116250000	-0.349073
chr3	116250000	116500000	-0.358578
chr3	116500000	116750000	-0.372709
chr3	116750000	117000000	-0.345191
chr3	117000000	117250000	-0.384362
chr3	117250000	117500000	-0.382077
chr3	117500000	117750000	-0.346668
chr3	117750000	118000000	-0.397063
chr3	118000000	118250000	-0.622345
chr3	118250000	118500000	-0.691465
chr3	118500000	118750000	-0.486395
chr3	118750000	119000000	-0.336925
chr3	119000000	119250000	-0.237179
chr3	119250000	119500000	-0.0842485
chr3	119500000	119750000	-0.135212
chr3	119750000	120000000	-0.288321
chr3	120000000	120250000	-0.211801
chr3	120250000	120500000	-0.35362
chr3	120500000	120750000	-0.438623
chr3	120750000	121000000	-0.607322
chr3	121000000	121250000	-0.853943
chr3	121250000	121500000	-0.707532
chr3	121500000	121750000	-0.243686
chr3	121750000	122000000	-0.387534
chr3	122000000	122250000	-0.449938
chr3	122250000	122500000	-0.100495
chr3	122500000	122750000	0.0446354
chr3	122750000	123000000	0.236593
chr3	123000000	123250000	0.404999
chr3	123250000	123500000	0.48982
chr3	123500000	123750000	0.591176
chr3	123750000	124000000	0.631735
chr3	124000000	124250000	0.667927
chr3	124250000	124500000	0.641415
chr3	124500000	124750000	0.780774
chr3	124750000	125000000	0.809399
chr3	125000000	125250000	0.923848
chr3	125250000	125500000	0.815547
chr3	125500000	125750000	0.859671
chr3	125750000	126000000	0.837143
chr3	126000000	126250000	0.840095
chr3	126250000	126500000	0.872761
chr3	126500000	126750000	0.846684
chr3	126750000	127000000	0.883816
chr3	127000000	127250000	0.849655
chr3	127250000	127500000	0.826036
chr3	127500000	127750000	0.881788
chr3	127750000	128000000	0.815734
chr3	128000000	128250000	0.944211
chr3	128250000	128500000	0.948947
chr3	128500000	128750000	0.922266
chr3	128750000	129000000	0.908509
chr3	129000000	129250000	0.952979
chr3	129250000	129500000	0.831941
chr3	129500000	129750000	0.667783
chr3	129750000	130000000	0.575691
chr3	130000000	130250000	0.297126
chr3	130250000	130500000	-0.0275897
chr3	130500000	130750000	0.0042657
chr3	130750000	131000000	0.0792371
chr3	131000000	131250000	-0.117926
chr3	131250000	131500000	-0.104266
chr3	131500000	131750000	-0.11617
chr3	131750000	132000000	-0.101113
chr3	132000000	132250000	-0.0567064
chr3	132250000	132500000	0.120038
chr3	132500000	132750000	0.219243
chr3	132750000	133000000	-0.0538965
chr3	133000000	133250000	-0.0053799
chr3	133250000	133500000	0.104498
chr3	133500000	133750000	0.23256
chr3	133750000	134000000	0.350783
chr3	134000000	134250000	0.442268
chr3	134250000	134500000	0.572205
chr3	134500000	134750000	0.54844
chr3	134750000	135000000	0.454451
chr3	135000000	135250000	0.441497
chr3	135250000	135500000	0.40912
chr3	135500000	135750000	0.383941
chr3	135750000	136000000	0.360684
chr3	136000000	136250000	0.487111
chr3	136250000	136500000	0.510057
chr3	136500000	136750000	0.501834
chr3	136750000	137000000	0.459682
chr3	137000000	137250000	0.419593
chr3	137250000	137500000	0.356059
chr3	137500000	137750000	0.375487
chr3	137750000	138000000	0.443518
chr3	138000000	138250000	0.527886
chr3	138250000	138500000	0.534029
chr3	138500000	138750000	0.539016
chr3	138750000	139000000	0.487286
chr3	139000000	139250000	0.263769
chr3	139250000	139500000	0.351645
chr3	139500000	139750000	0.303389
chr3	139750000	140000000	0.28689
chr3	140000000	140250000	0.372014
chr3	140250000	140500000	0.40647
chr3	140500000	140750000	0.327203
chr3	140750000	141000000	0.436553
chr3	141000000	141250000	0.448602
chr3	141250000	141500000	0.493093
chr3	141500000	141750000	0.383894
chr3	141750000	142000000	0.344879
chr3	142000000	142250000	0.150752
chr3	142250000	142500000	0.0924309
chr3	142500000	142750000	-0.130412
chr3	142750000	143000000	-0.122146
chr3	143000000	143250000	-0.41976
chr3	143250000	143500000	-0.586738
chr3	143500000	143750000	-0.556599
chr3	143750000	144000000	-0.488971
chr3	144000000	144250000	-0.769184
chr3	144250000	144500000	-0.659993
chr3	144500000	144750000	-0.572702
chr3	144750000	145000000	-0.552223
chr3	145000000	145250000	-0.547705
chr3	145250000	145500000	-0.612234
chr3	145500000	145750000	-0.555941
chr3	145750000	146000000	-0.447762
chr3	146000000	146250000	-0.456637
chr3	146250000	146500000	-0.462039
chr3	146500000	146750000	-0.507631
chr3	146750000	147000000	-0.824309
chr3	147000000	147250000	-0.719291
chr3	147250000	147500000	-0.602732
chr3	147500000	147750000	-0.845661
chr3	147750000	148000000	-0.923187
chr3	148000000	148250000	-0.711614
chr3	148250000	148500000	-0.864775
chr3	148500000	148750000	-0.934536
chr3	148750000	149000000	-0.791809
chr3	149000000	149250000	-0.384084
chr3	149250000	149500000	-0.278317
chr3	149500000	149750000	-0.0608805
chr3	149750000	150000000	-0.0901607
chr3	150000000	150250000	0.207916
chr3	150250000	150500000	0.196868
chr3	150500000	150750000	0.234887
chr3	150750000	151000000	0.0691948
chr3	151000000	151250000	0.0835706
chr3	151250000	151500000	-0.084121
chr3	151500000	151750000	-0.138289
chr3	151750000	152000000	-0.119753
chr3	152000000	152250000	-0.0965133
chr3	152250000	152500000	-0.106783
chr3	152500000	152750000	-0.205596
chr3	152750000	153000000	-0.261343
chr3	153000000	153250000	-0.193391
chr3	153250000	153500000	-0.419137
chr3	153500000	153750000	-0.30141
chr3	153750000	154000000	-0.361793
chr3	154000000	154250000	-0.275407
chr3	154250000	154500000	-0.403341
chr3	154500000	154750000	-0.416329
chr3	154750000	155000000	-0.330354
chr3	155000000	155250000	-0.245307
chr3	155250000	155500000	-0.204965
chr3	155500000	155750000	-0.0900271
chr3	155750000	156000000	-0.00383839
chr3	156000000	156250000	-0.122093
chr3	156250000	156500000	-0.16003
chr3	156500000	156750000	-0.0206744
chr3	156750000	157000000	-0.159728
chr3	157000000	157250000	-0.193409
chr3	157250000	157500000	-0.569564
chr3	157500000	157750000	-0.688509
chr3	157750000	158000000	-0.834831
chr3	158000000	158250000	-0.79914
chr3	158250000	158500000	-0.763756
chr3	158500000	158750000	-0.631215
chr3	158750000	159000000	-0.495763
chr3	159000000	159250000	-0.537814
chr3	159250000	159500000	-0.670421
chr3	159500000	159750000	-0.560171
chr3	159750000	160000000	-0.421602
chr3	160000000	160250000	-0.344348
chr3	160250000	160500000	-0.313378
chr3	160500000	160750000	-0.307713
chr3	160750000	161000000	-0.541953
chr3	161000000	161250000	-0.615644
chr3	161250000	161500000	-0.489808
chr3	161500000	161750000	-0.53128
chr3	161750000	162000000	-0.578365
chr3	162000000	162250000	-0.593739
chr3	162250000	162500000	-0.608662
chr3	162500000	162750000	-0.531855
chr3	162750000	163000000	nan
chr3	163000000	163250000	-0.56545
chr3	163250000	163500000	-0.674841
chr3	163500000	163750000	-0.533864
chr3	163750000	164000000	-0.448075
chr3	164000000	164250000	-0.0261358
chr3	164250000	164500000	-0.262879
chr3	164500000	164750000	-0.398451
chr3	164750000	165000000	-0.448072
chr3	165000000	165250000	-0.443368
chr3	165250000	165500000	-0.632159
chr3	165500000	165750000	-0.798734
chr3	165750000	166000000	-0.676679
chr3	166000000	166250000	-0.755671
chr3	166250000	166500000	-0.699906
chr3	166500000	166750000	-0.814457
chr3	166750000	167000000	-0.767858
chr3	167000000	167250000	-0.6311
chr3	167250000	167500000	-0.573762
chr3	167500000	167750000	-0.502305
chr3	167750000	168000000	-0.518411
chr3	168000000	168250000	-0.454794
chr3	168250000	168500000	-0.577567
chr3	168500000	168750000	-0.621201
chr3	168750000	169000000	-0.510274
chr3	169000000	169250000	-0.260513
chr3	169250000	169500000	-0.197624
chr3	169500000	169750000	-0.243109
chr3	169750000	170000000	-0.0523385
chr3	170000000	170250000	0.147483
chr3	170250000	170500000	0.409041
chr3	170500000	170750000	0.403847
chr3	170750000	171000000	0.301172
chr3	171000000	171250000	0.267387
chr3	171250000	171500000	0.33932
chr3	171500000	171750000	0.203528
chr3	171750000	172000000	0.205425
chr3	172000000	172250000	0.227134
chr3	172250000	172500000	0.0553019
chr3	172500000	172750000	-0.077191
chr3	172750000	173000000	-0.523689
chr3	173000000	173250000	-0.605011
chr3	173250000	173500000	-0.560724
chr3	173500000	173750000	-0.478909
chr3	173750000	174000000	-0.505788
chr3	174000000	174250000	-0.423452
chr3	174250000	174500000	-0.482067
chr3	174500000	174750000	-0.581047
chr3	174750000	175000000	-0.460809
chr3	175000000	175250000	-0.507902
chr3	175250000	175500000	-0.487765
chr3	175500000	175750000	-0.579105
chr3	175750000	176000000	-0.503465
chr3	176000000	176250000	-0.539694
chr3	176250000	176500000	-0.38238
chr3	176500000	176750000	-0.315706
chr3	176750000	177000000	-0.153904
chr3	177000000	177250000	0.122591
chr3	177250000	177500000	0.0705259
chr3	177500000	177750000	0.0149099
chr3	177750000	178000000	-0.149748
chr3	178000000	178250000	-0.0958338
chr3	178250000	178500000	-0.154343
chr3	178500000	178750000	-0.279035
chr3	178750000	179000000	-0.257606
chr3	179000000	179250000	-0.188684
chr3	179250000	179500000	-0.0805213
chr3	179500000	179750000	0.0448027
chr3	179750000	180000000	-0.101741
chr3	180000000	180250000	-0.199079
chr3	180250000	180500000	-0.262647
chr3	180500000	180750000	-0.121875
chr3	180750000	181000000	-0.0780404
chr3	181000000	181250000	-0.0888314
chr3	181250000	181500000	-0.120334
chr3	181500000	181750000	-0.0519701
chr3	181750000	182000000	0.0922312
chr3	182000000	182250000	0.0547902
chr3	182250000	182500000	0.0148443
chr3	182500000	182750000	0.103025
chr3	182750000	183000000	0.396708
chr3	183000000	183250000	0.571413
chr3	183250000	183500000	0.654218
chr3	183500000	183750000	0.806833
chr3	183750000	184000000	0.889409
chr3	184000000	184250000	0.940369
chr3	184250000	184500000	0.955086
chr3	184500000	184750000	0.938653
chr3	184750000	185000000	0.843824
chr3	185000000	185250000	0.710781
chr3	185250000	185500000	0.730097
chr3	185500000	185750000	0.793404
chr3	185750000	186000000	0.859782
chr3	186000000	186250000	0.766714
chr3	186250000	186500000	0.734426
chr3	186500000	186750000	0.74262
chr3	186750000	187000000	0.664124
chr3	187000000	187250000	0.556579
chr3	187250000	187500000	0.455007
chr3	187500000	187750000	0.392213
chr3	187750000	188000000	0.316374
chr3	188000000	188250000	0.320488
chr3	188250000	188500000	0.337595
chr3	188500000	188750000	0.196137
chr3	188750000	189000000	0.219662
chr3	189000000	189250000	0.138763
chr3	189250000	189500000	-0.00346628
chr3	189500000	189750000	-0.101762
chr3	189750000	190000000	0.0663203
chr3	190000000	190250000	0.052396
chr3	190250000	190500000	-0.101982
chr3	190500000	190750000	-0.523444
chr3	190750000	191000000	-0.523706
chr3	191000000	191250000	-0.484599
chr3	191250000	191500000	-0.338433
chr3	191500000	191750000	-0.354242
chr3	191750000	192000000	-0.278938
chr3	192000000	192250000	-0.297578
chr3	192250000	192500000	-0.266696
chr3	192500000	192750000	-0.222323
chr3	192750000	193000000	-0.100465
chr3	193000000	193250000	-0.153421
chr3	193250000	193500000	-0.18648
chr3	193500000	193750000	0.0905911
chr3	193750000	194000000	0.38409
chr3	194000000	194250000	0.385286
chr3	194250000	194500000	0.551835
chr3	194500000	194750000	0.652004
chr3	194750000	195000000	0.686383
chr3	195000000	195250000	0.702318
chr3	195250000	195500000	0.739185
chr3	195500000	195750000	0.861052
chr3	195750000	196000000	0.898724
chr3	196000000	196250000	0.862113
chr3	196250000	196500000	0.910188
chr3	196500000	196750000	0.8724
chr3	196750000	197000000	0.807097
chr3	197000000	197250000	0.775536
chr3	197250000	197500000	0.805699
chr3	197500000	197750000	0.851438
chr3	197750000	198000000	0.747394
chr3	198000000	198250000	nan
chr3	198250000	198295559	nan
#bedGraph section chr4:0-190214555
chr4	0	250000	0.165016
chr4	250000	500000	0.281719
chr4	500000	750000	0.375559
chr4	750000	1000000	0.503138
chr4	1000000	1250000	0.447918
chr4	1250000	1500000	0.385043
chr4	1500000	1750000	0.340846
chr4	1750000	2000000	0.475095
chr4	2000000	2250000	0.484396
chr4	2250000	2500000	0.43757
chr4	2500000	2750000	0.558528
chr4	2750000	3000000	0.496763
chr4	3000000	3250000	0.51858
chr4	3250000	3500000	0.508054
chr4	3500000	3750000	0.367662
chr4	3750000	4000000	0.615911
chr4	4000000	4250000	0.708321
chr4	4250000	4500000	0.646362
chr4	4500000	4750000	0.652767
chr4	4750000	5000000	0.36414
chr4	5000000	5250000	0.2893
chr4	5250000	5500000	0.158912
chr4	5500000	5750000	0.355375
chr4	5750000	6000000	0.499766
chr4	6000000	6250000	0.77747
chr4	6250000	6500000	0.627229
chr4	6500000	6750000	0.610171
chr4	6750000	7000000	0.768387
chr4	7000000	7250000	0.67098
chr4	7250000	7500000	0.541811
chr4	7500000	7750000	0.624704
chr4	7750000	8000000	0.715373
chr4	8000000	8250000	0.790732
chr4	8250000	8500000	0.823719
chr4	8500000	8750000	0.790034
chr4	8750000	9000000	0.360276
chr4	9000000	9250000	nan
chr4	9250000	9500000	nan
chr4	9500000	9750000	0.0879567
chr4	9750000	10000000	0.153826
chr4	10000000	10250000	0.36994
chr4	10250000	10500000	0.279771
chr4	10500000	10750000	0.168589
chr4	10750000	11000000	0.298802
chr4	11000000	11250000	0.213252
chr4	11250000	11500000	0.100761
chr4	11500000	11750000	-0.0146522
chr4	11750000	12000000	-0.229151
chr4	12000000	12250000	-0.474504
chr4	12250000	12500000	-0.233634
chr4	12500000	12750000	-0.158038
chr4	12750000	13000000	-0.0411885
chr4	13000000	13250000	-0.197576
chr4	13250000	13500000	-0.0793411
chr4	13500000	13750000	-0.119592
chr4	13750000	14000000	-0.101649
chr4	14000000	14250000	0.0443545
chr4	14250000	14500000	-0.0751291
chr4	14500000	14750000	-0.0459213
chr4	14750000	15000000	-0.0797974
chr4	15000000	15250000	-0.0080551
chr4	15250000	15500000	0.142286
chr4	15500000	15750000	0.272478
chr4	15750000	16000000	0.0819824
chr4	16000000	16250000	0.397819
chr4	16250000	16500000	0.009281
chr4	16500000	16750000	0.166244
chr4	16750000	17000000	0.238201
chr4	17000000	17250000	0.0709339
chr4	17250000	17500000	0.007371
chr4	17500000	17750000	0.0834515
chr4	17750000	18000000	-0.104691
chr4	18000000	18250000	-0.44429
chr4	18250000	18500000	-0.37893
chr4	18500000	18750000	-0.243395
chr4	18750000	19000000	-0.443895
chr4	19000000	19250000	-0.26668
chr4	19250000	19500000	-0.365924
chr4	19500000	19750000	-0.386739
chr4	19750000	20000000	-0.424967
chr4	20000000	20250000	-0.372213
chr4	20250000	20500000	0.032225
chr4	20500000	20750000	-0.19815
chr4	20750000	21000000	-0.362289
chr4	21000000	21250000	-0.189262
chr4	21250000	21500000	-0.0954804
chr4	21500000	21750000	-0.332879
chr4	21750000	22000000	-0.439258
chr4	22000000	22250000	-0.473255
chr4	22250000	22500000	-0.109421
chr4	22500000	22750000	-0.214844
chr4	22750000	23000000	-0.281839
chr4	23000000	23250000	-0.287758
chr4	23250000	23500000	-0.0576791
chr4	23500000	23750000	-0.0681237
chr4	23750000	24000000	0.149757
chr4	24000000	24250000	0.249538
chr4	24250000	24500000	0.267461
chr4	24500000	24750000	0.526733
chr4	24750000	25000000	0.511205
chr4	25000000	25250000	0.77865
chr4	25250000	25500000	0.70469
chr4	25500000	25750000	0.790664
chr4	25750000	26000000	0.724624
chr4	26000000	26250000	0.458638
chr4	26250000	26500000	0.42616
chr4	26500000	26750000	0.0686977
chr4	26750000	27000000	0.307837
chr4	27000000	27250000	0.125007
chr4	27250000	27500000	0.0691152
chr4	27500000	27750000	-0.100333
chr4	27750000	28000000	-0.157855
chr4	28000000	28250000	-0.30262
chr4	28250000	28500000	-0.315167
chr4	28500000	28750000	-0.282196
chr4	28750000	29000000	-0.0471134
chr4	29000000	29250000	-0.189667
chr4	29250000	29500000	-0.388781
chr4	29500000	29750000	-0.399216
chr4	29750000	30000000	-0.317071
chr4	30000000	30250000	-0.318153
chr4	30250000	30500000	-0.236039
chr4	30500000	30750000	-0.0877294
chr4	30750000	31000000	0.102711
chr4	31000000	31250000	-0.128519
chr4	31250000	31500000	-0.227088
chr4	31500000	31750000	-0.267603
chr4	31750000	32000000	-0.355327
chr4	32000000	32250000	-0.375331
chr4	32250000	32500000	-0.397579
chr4	32500000	32750000	-0.369933
chr4	32750000	33000000	-0.313956
chr4	33000000	33250000	-0.360442
chr4	33250000	33500000	-0.426668
chr4	33500000	33750000	-0.35741
chr4	33750000	34000000	-0.419977
chr4	34000000	34250000	-0.438245
chr4	34250000	34500000	-0.389639
chr4	34500000	34750000	-0.299412
chr4	34750000	35000000	-0.28702
chr4	35000000	35250000	-0.326787
chr4	35250000	35500000	-0.432079
chr4	35500000	35750000	-0.395533
chr4	35750000	36000000	-0.401591
chr4	36000000	36250000	-0.165848
chr4	36250000	36500000	-0.0800102
chr4	36500000	36750000	-0.0222035
chr4	36750000	37000000	0.0742829
chr4	37000000	37250000	-0.0190475
chr4	37250000	37500000	0.0334512
chr4	37500000	37750000	0.296365
chr4	37750000	38000000	0.30892
chr4	38000000	38250000	0.265308
chr4	38250000	38500000	-0.0697883
chr4	38500000	38750000	0.0730088
chr4	38750000	39000000	0.172169
chr4	39000000	39250000	0.40164
chr4	39250000	39500000	0.56874
chr4	39500000	39750000	0.848352
chr4	39750000	40000000	0.763525
chr4	40000000	40250000	0.70305
chr4	40250000	40500000	0.774477
chr4	40500000	40750000	0.742154
chr4	40750000	41000000	0.771055
chr4	41000000	41250000	0.843129
chr4	41250000	41500000	0.852425
chr4	41500000	41750000	0.750014
chr4	41750000	42000000	0.658941
chr4	42000000	42250000	0.253218
chr4	42250000	42500000	0.173848
chr4	42500000	42750000	-0.152805
chr4	42750000	43000000	-0.453719
chr4	43000000	43250000	-0.427843
chr4	43250000	43500000	-0.360481
chr4	43500000	43750000	-0.480967
chr4	43750000	44000000	-0.470822
chr4	44000000	44250000	-0.446541
chr4	44250000	44500000	-0.237234
chr4	44500000	44750000	-0.177513
chr4	44750000	45000000	-0.365288
chr4	45000000	45250000	-0.487866
chr4	45250000	45500000	-0.436554
chr4	45500000	45750000	-0.340112
chr4	45750000	46000000	-0.142683
chr4	46000000	46250000	-0.308522
chr4	46250000	46500000	-0.369917
chr4	46500000	46750000	-0.533214
chr4	46750000	47000000	-0.509971
chr4	47000000	47250000	-0.507871
chr4	47250000	47500000	-0.296813
chr4	47500000	47750000	-0.0759725
chr4	47750000	48000000	0.195956
chr4	48000000	48250000	0.377534
chr4	48250000	48500000	0.573362
chr4	48500000	48750000	0.48244
chr4	48750000	49000000	0.180107
chr4	49000000	49250000	nan
chr4	49250000	49500000	nan
chr4	49500000	49750000	nan
chr4	49750000	50000000	nan
chr4	50000000	50250000	nan
chr4	50250000	50500000	nan
chr4	50500000	50750000	nan
chr4	50750000	51000000	nan
chr4	51000000	51250000	nan
chr4	51250000	51500000	nan
chr4	51500000	51750000	nan
chr4	51750000	52000000	-0.244064
chr4	52000000	52250000	-0.17702
chr4	52250000	52500000	0.0476601
chr4	52500000	52750000	0.207519
chr4	52750000	53000000	0.400679
chr4	53000000	53250000	-0.177343
chr4	53250000	53500000	0.0543425
chr4	53500000	53750000	0.190819
chr4	53750000	54000000	0.235464
chr4	54000000	54250000	0.476358
chr4	54250000	54500000	0.270393
chr4	54500000	54750000	0.374747
chr4	54750000	55000000	0.26704
chr4	55000000	55250000	0.581412
chr4	55250000	55500000	0.541927
chr4	55500000	55750000	0.596924
chr4	55750000	56000000	0.685313
chr4	56000000	56250000	0.853916
chr4	56250000	56500000	0.840124
chr4	56500000	56750000	0.946738
chr4	56750000	57000000	0.871683
chr4	57000000	57250000	0.0773773
chr4	57250000	57500000	-0.249802
chr4	57500000	57750000	-0.138985
chr4	57750000	58000000	-0.139654
chr4	58000000	58250000	-0.0887415
chr4	58250000	58500000	-0.182101
chr4	58500000	58750000	-0.247163
chr4	58750000	59000000	nan
chr4	59000000	59250000	-0.450177
chr4	59250000	59500000	-0.569528
chr4	59500000	59750000	-0.507119
chr4	59750000	60000000	-0.493926
chr4	60000000	60250000	-0.403972
chr4	60250000	60500000	-0.411437
chr4	60500000	60750000	-0.255514
chr4	60750000	61000000	-0.124839
chr4	61000000	61250000	-0.116631
chr4	61250000	61500000	0.00991163
chr4	61500000	61750000	-0.0703092
chr4	61750000	62000000	-0.132686
chr4	62000000	62250000	-0.28849
chr4	62250000	62500000	-0.195395
chr4	62500000	62750000	-0.244555
chr4	62750000	63000000	-0.526795
chr4	63000000	63250000	-0.468402
chr4	63250000	63500000	-0.583749
chr4	63500000	63750000	-0.38866
chr4	63750000	64000000	-0.405844
chr4	64000000	64250000	-0.367646
chr4	64250000	64500000	-0.404394
chr4	64500000	64750000	-0.220143
chr4	64750000	65000000	-0.277149
chr4	65000000	65250000	-0.397762
chr4	65250000	65500000	-0.304947
chr4	65500000	65750000	-0.207696
chr4	65750000	66000000	-0.230119
chr4	66000000	66250000	-0.357995
chr4	66250000	66500000	-0.469587
chr4	66500000	66750000	-0.171901
chr4	66750000	67000000	0.0356437
chr4	67000000	67250000	-0.00519636
chr4	67250000	67500000	0.0239254
chr4	67500000	67750000	0.154587
chr4	67750000	68000000	-0.224863
chr4	68000000	68250000	-0.257187
chr4	68250000	68500000	0.285654
chr4	68500000	68750000	-0.274355
chr4	68750000	69000000	-0.24972
chr4	69000000	69250000	-0.248663
chr4	69250000	69500000	-0.188378
chr4	69500000	69750000	-0.320267
chr4	69750000	70000000	-0.446767
chr4	70000000	70250000	-0.572349
chr4	70250000	70500000	-0.463397
chr4	70500000	70750000	0.0426748
chr4	70750000	71000000	0.61029
chr4	71000000	71250000	0.054872
chr4	71250000	71500000	-0.250807
chr4	71500000	71750000	-0.0364947
chr4	71750000	72000000	-0.511521
chr4	72000000	72250000	-0.527931
chr4	72250000	72500000	-0.472834
chr4	72500000	72750000	-0.407127
chr4	72750000	73000000	-0.333191
chr4	73000000	73250000	0.246461
chr4	73250000	73500000	0.043172
chr4	73500000	73750000	0.06492
chr4	73750000	74000000	-0.0574293
chr4	74000000	74250000	0.00638022
chr4	74250000	74500000	-0.012202
chr4	74500000	74750000	-0.0734678
chr4	74750000	75000000	-0.0642463
chr4	75000000	75250000	-0.0986471
chr4	75250000	75500000	-0.164344
chr4	75500000	75750000	0.532151
chr4	75750000	76000000	0.75045
chr4	76000000	76250000	0.787587
chr4	76250000	76500000	0.461364
chr4	76500000	76750000	0.728259
chr4	76750000	77000000	0.712708
chr4	77000000	77250000	0.395861
chr4	77250000	77500000	-0.1586
chr4	77500000	77750000	-0.237873
chr4	77750000	78000000	0.309597
chr4	78000000	78250000	0.655376
chr4	78250000	78500000	0.659639
chr4	78500000	78750000	0.504041
chr4	78750000	79000000	0.363247
chr4	79000000	79250000	-0.164845
chr4	79250000	79500000	0.0552884
chr4	79500000	79750000	-0.0297326
chr4	79750000	80000000	-0.0775515
chr4	80000000	80250000	0.0575713
chr4	80250000	80500000	-0.0282017
chr4	80500000	80750000	-0.25334
chr4	80750000	81000000	-0.354731
chr4	81000000	81250000	-0.0277739
chr4	81250000	81500000	0.111474
chr4	81500000	81750000	0.362338
chr4	81750000	82000000	0.249926
chr4	82000000	82250000	0.133993
chr4	82250000	82500000	0.666218
chr4	82500000	82750000	0.935921
chr4	82750000	83000000	0.785028
chr4	83000000	83250000	0.481389
chr4	83250000	83500000	0.404509
chr4	83500000	83750000	0.109259
chr4	83750000	84000000	-0.0837806
chr4	84000000	84250000	-0.174502
chr4	84250000	84500000	-0.238026
chr4	84500000	84750000	0.310834
chr4	84750000	85000000	0.61355
chr4	85000000	85250000	0.0346524
chr4	85250000	85500000	0.0233216
chr4	85500000	85750000	-0.0280027
chr4	85750000	86000000	0.266922
chr4	86000000	86250000	0.149556
chr4	86250000	86500000	0.448178
chr4	86500000	86750000	0.829201
chr4	86750000	87000000	0.795027
chr4	87000000	87250000	0.741072
chr4	87250000	87500000	0.478067
chr4	87500000	87750000	0.228888
chr4	87750000	88000000	0.503119
chr4	88000000	88250000	0.555973
chr4	88250000	88500000	0.596565
chr4	88500000	88750000	0.385581
chr4	88750000	89000000	0.241762
chr4	89000000	89250000	0.236394
chr4	89250000	89500000	0.133777
chr4	89500000	89750000	0.328109
chr4	89750000	90000000	0.169686
chr4	90000000	90250000	0.0609678
chr4	90250000	90500000	-0.225057
chr4	90500000	90750000	-0.370198
chr4	90750000	91000000	-0.334277
chr4	91000000	91250000	-0.340299
chr4	91250000	91500000	-0.564315
chr4	91500000	91750000	-0.524215
chr4	91750000	92000000	-0.5694
chr4	92000000	92250000	-0.3779
chr4	92250000	92500000	0.138544
chr4	92500000	92750000	0.11015
chr4	92750000	93000000	0.105134
chr4	93000000	93250000	0.0982395
chr4	93250000	93500000	-0.00767516
chr4	93500000	93750000	-0.107331
chr4	93750000	94000000	0.0610014
chr4	94000000	94250000	0.231985
chr4	94250000	94500000	0.617115
chr4	94500000	94750000	0.580476
chr4	94750000	95000000	0.424749
chr4	95000000	95250000	0.102849
chr4	95250000	95500000	-0.0274045
chr4	95500000	95750000	-0.234739
chr4	95750000	96000000	-0.506508
chr4	96000000	96250000	-0.532112
chr4	96250000	96500000	-0.388797
chr4	96500000	96750000	-0.381879
chr4	96750000	97000000	-0.429866
chr4	97000000	97250000	-0.397515
chr4	97250000	97500000	-0.487077
chr4	97500000	97750000	-0.535792
chr4	97750000	98000000	-0.440485
chr4	98000000	98250000	-0.307413
chr4	98250000	98500000	0.0161212
chr4	98500000	98750000	0.429401
chr4	98750000	99000000	0.325836
chr4	99000000	99250000	-0.178766
chr4	99250000	99500000	-0.196364
chr4	99500000	99750000	-0.363571
chr4	99750000	100000000	-0.19632
chr4	100000000	100250000	-0.0774145
chr4	100250000	100500000	0.0149134
chr4	100500000	100750000	-0.0811043
chr4	100750000	101000000	-0.0949177
chr4	101000000	101250000	0.128619
chr4	101250000	101500000	0.0304621
chr4	101500000	101750000	-0.0160572
chr4	101750000	102000000	-0.0332983
chr4	102000000	102250000	-0.19827
chr4	102250000	102500000	0.0390761
chr4	102500000	102750000	0.112248
chr4	102750000	103000000	0.0650739
chr4	103000000	103250000	-0.14912
chr4	103250000	103500000	-0.472721
chr4	103500000	103750000	-0.418713
chr4	103750000	104000000	-0.455745
chr4	104000000	104250000	-0.53836
chr4	104250000	104500000	-0.324029
chr4	104500000	104750000	-0.378275
chr4	104750000	105000000	-0.500151
chr4	105000000	105250000	-0.413128
chr4	105250000	105500000	-0.291747
chr4	105500000	105750000	-0.0824981
chr4	105750000	106000000	-0.391809
chr4	106000000	106250000	-0.455881
chr4	106250000	106500000	-0.282899
chr4	106500000	106750000	-0.516498
chr4	106750000	107000000	-0.52994
chr4	107000000	107250000	-0.198925
chr4	107250000	107500000	-0.249419
chr4	107500000	107750000	-0.0287542
chr4	107750000	108000000	-0.17657
chr4	108000000	108250000	0.331695
chr4	108250000	108500000	0.087206
chr4	108500000	108750000	0.481519
chr4	108750000	109000000	0.488355
chr4	109000000	109250000	0.436231
chr4	109250000	109500000	0.540416
chr4	109500000	109750000	0.791172
chr4	109750000	110000000	0.764273
chr4	110000000	110250000	0.883305
chr4	110250000	110500000	0.716052
chr4	110500000	110750000	0.307469
chr4	110750000	111000000	0.156752
chr4	111000000	111250000	-0.0936405
chr4	111250000	111500000	-0.294251
chr4	111500000	111750000	0.00901567
chr4	111750000	112000000	0.374999
chr4	112000000	112250000	0.605266
chr4	112250000	112500000	0.625256
chr4	112500000	112750000	0.881245
chr4	112750000	113000000	1.08526
chr4	113000000	113250000	0.783467
chr4	113250000	113500000	0.438499
chr4	113500000	113750000	0.388199
chr4	113750000	114000000	0.10034
chr4	114000000	114250000	-0.17228
chr4	114250000	114500000	-0.2204
chr4	114500000	114750000	-0.179052
chr4	114750000	115000000	-0.270663
chr4	115000000	115250000	-0.218237
chr4	115250000	115500000	-0.416558
chr4	115500000	115750000	-0.521193
chr4	115750000	116000000	-0.435515
chr4	116000000	116250000	-0.387383
chr4	116250000	116500000	-0.538412
chr4	116500000	116750000	-0.467411
chr4	116750000	117000000	-0.483048
chr4	117000000	117250000	-0.301918
chr4	117250000	117500000	-0.339332
chr4	117500000	117750000	-0.270237
chr4	117750000	118000000	-0.287259
chr4	118000000	118250000	-0.284958
chr4	118250000	118500000	0.0389699
chr4	118500000	118750000	0.312662
chr4	118750000	119000000	0.320118
chr4	119000000	119250000	0.37467
chr4	119250000	119500000	0.143585
chr4	119500000	119750000	0.00150904
chr4	119750000	120000000	-0.161798
chr4	120000000	120250000	-0.219875
chr4	120250000	120500000	-0.385318
chr4	120500000	120750000	-0.524795
chr4	120750000	121000000	-0.244937
chr4	121000000	121250000	-0.18915
chr4	121250000	121500000	-0.00315266
chr4	121500000	121750000	0.219454
chr4	121750000	122000000	0.23057
chr4	122000000	122250000	0.0903279
chr4	122250000	122500000	-0.128743
chr4	122500000	122750000	-0.068681
chr4	122750000	123000000	0.0764658
chr4	123000000	123250000	-0.22095
chr4	123250000	123500000	0.161562
chr4	123500000	123750000	0.244101
chr4	123750000	124000000	-0.201529
chr4	124000000	124250000	-0.235242
chr4	124250000	124500000	0.0852005
chr4	124500000	124750000	0.151638
chr4	124750000	125000000	-0.192589
chr4	125000000	125250000	-0.251238
chr4	125250000	125500000	-0.245928
chr4	125500000	125750000	-0.282104
chr4	125750000	126000000	-0.39657
chr4	126000000	126250000	-0.506424
chr4	126250000	126500000	-0.441883
chr4	126500000	126750000	-0.393727
chr4	126750000	127000000	-0.528525
chr4	127000000	127250000	-0.557591
chr4	127250000	127500000	-0.412696
chr4	127500000	127750000	-0.0347271
chr4	127750000	128000000	0.381857
chr4	128000000	128250000	0.627758
chr4	128250000	128500000	0.652109
chr4	128500000	128750000	0.720722
chr4	128750000	129000000	0.28365
chr4	129000000	129250000	-0.115425
chr4	129250000	129500000	-0.356841
chr4	129500000	129750000	-0.436444
chr4	129750000	130000000	-0.112515
chr4	130000000	130250000	-0.138048
chr4	130250000	130500000	-0.128434
chr4	130500000	130750000	-0.13395
chr4	130750000	131000000	-0.18894
chr4	131000000	131250000	-0.314989
chr4	131250000	131500000	-0.491213
chr4	131500000	131750000	-0.455221
chr4	131750000	132000000	nan
chr4	132000000	132250000	-0.321834
chr4	132250000	132500000	-0.457976
chr4	132500000	132750000	-0.410311
chr4	132750000	133000000	-0.484524
chr4	133000000	133250000	-0.0310656
chr4	133250000	133500000	0.419206
chr4	133500000	133750000	0.176554
chr4	133750000	134000000	-0.0733569
chr4	134000000	134250000	-0.140961
chr4	134250000	134500000	-0.339572
chr4	134500000	134750000	-0.29031
chr4	134750000	135000000	-0.42015
chr4	135000000	135250000	-0.471521
chr4	135250000	135500000	-0.349432
chr4	135500000	135750000	-0.462328
chr4	135750000	136000000	-0.20242
chr4	136000000	136250000	-0.184586
chr4	136250000	136500000	-0.179766
chr4	136500000	136750000	-0.157815
chr4	136750000	137000000	-0.283006
chr4	137000000	137250000	-0.26793
chr4	137250000	137500000	-0.221673
chr4	137500000	137750000	-0.254697
chr4	137750000	138000000	-0.466192
chr4	138000000	138250000	0.0273494
chr4	138250000	138500000	0.0197163
chr4	138500000	138750000	0.0963344
chr4	138750000	139000000	0.32808
chr4	139000000	139250000	0.987499
chr4	139250000	139500000	1.02502
chr4	139500000	139750000	1.00458
chr4	139750000	140000000	0.842812
chr4	140000000	140250000	0.997282
chr4	140250000	140500000	0.797699
chr4	140500000	140750000	0.744293
chr4	140750000	141000000	0.383993
chr4	141000000	141250000	-0.0461036
chr4	141250000	141500000	-0.512555
chr4	141500000	141750000	-0.503914
chr4	141750000	142000000	-0.439002
chr4	142000000	142250000	-0.522612
chr4	142250000	142500000	-0.319711
chr4	142500000	142750000	-0.473931
chr4	142750000	143000000	-0.430861
chr4	143000000	143250000	-0.239061
chr4	143250000	143500000	0.119976
chr4	143500000	143750000	-0.230394
chr4	143750000	144000000	0.0465009
chr4	144000000	144250000	0.120729
chr4	144250000	144500000	-0.0188397
chr4	144500000	144750000	0.19424
chr4	144750000	145000000	-0.182644
chr4	145000000	145250000	0.30547
chr4	145250000	145500000	0.40417
chr4	145500000	145750000	0.488379
chr4	145750000	146000000	0.420364
chr4	146000000	146250000	0.239743
chr4	146250000	146500000	-0.0246815
chr4	146500000	146750000	-0.155794
chr4	146750000	147000000	-0.164976
chr4	147000000	147250000	0.119853
chr4	147250000	147500000	0.0532722
chr4	147500000	147750000	0.310952
chr4	147750000	148000000	0.181768
chr4	148000000	148250000	-0.00313396
chr4	148250000	148500000	-0.155601
chr4	148500000	148750000	-0.274579
chr4	148750000	149000000	-0.179174
chr4	149000000	149250000	-0.37167
chr4	149250000	149500000	-0.599028
chr4	149500000	149750000	-0.658776
chr4	149750000	150000000	-0.455835
chr4	150000000	150250000	-0.159226
chr4	150250000	150500000	0.402862
chr4	150500000	150750000	0.479651
chr4	150750000	151000000	0.549381
chr4	151000000	151250000	0.737692
chr4	151250000	151500000	0.799465
chr4	151500000	151750000	0.664746
chr4	151750000	152000000	0.751641
chr4	152000000	152250000	0.839508
chr4	152250000	152500000	0.756193
chr4	152500000	152750000	0.857998
chr4	152750000	153000000	0.788922
chr4	153000000	153250000	0.748685
chr4	153250000	153500000	0.544511
chr4	153500000	153750000	0.468618
chr4	153750000	154000000	-0.196064
chr4	154000000	154250000	-0.346842
chr4	154250000	154500000	-0.199714
chr4	154500000	154750000	0.0697321
chr4	154750000	155000000	-0.0234711
chr4	155000000	155250000	-0.346128
chr4	155250000	155500000	-0.114854
chr4	155500000	155750000	0.347353
chr4	155750000	156000000	-0.177171
chr4	156000000	156250000	-0.215128
chr4	156250000	156500000	-0.189811
chr4	156500000	156750000	-0.128835
chr4	156750000	157000000	-0.352941
chr4	157000000	157250000	-0.332118
chr4	157250000	157500000	-0.516961
chr4	157500000	157750000	-0.574899
chr4	157750000	158000000	-0.442995
chr4	158000000	158250000	-0.0744367
chr4	158250000	158500000	-0.426594
chr4	158500000	158750000	-0.0447878
chr4	158750000	159000000	0.629494
chr4	159000000	159250000	0.626888
chr4	159250000	159500000	0.296661
chr4	159500000	159750000	-0.122421
chr4	159750000	160000000	-0.223511
chr4	160000000	160250000	-0.245545
chr4	160250000	160500000	-0.486237
chr4	160500000	160750000	-0.51333
chr4	160750000	161000000	-0.459998
chr4	161000000	161250000	-0.379522
chr4	161250000	161500000	-0.356525
chr4	161500000	161750000	-0.277405
chr4	161750000	162000000	-0.242009
chr4	162000000	162250000	-0.21865
chr4	162250000	162500000	-0.279323
chr4	162500000	162750000	-0.0703106
chr4	162750000	163000000	0.106109
chr4	163000000	163250000	0.0327732
chr4	163250000	163500000	-0.030778
chr4	163500000	163750000	-0.261306
chr4	163750000	164000000	-0.292383
chr4	164000000	164250000	-0.194707
chr4	164250000	164500000	-0.369297
chr4	164500000	164750000	-0.355407
chr4	164750000	165000000	0.219083
chr4	165000000	165250000	0.36653
chr4	165250000	165500000	0.360529
chr4	165500000	165750000	0.00498575
chr4	165750000	166000000	-0.23656
chr4	166000000	166250000	-0.305974
chr4	166250000	166500000	-0.504634
chr4	166500000	166750000	-0.314596
chr4	166750000	167000000	-0.352062
chr4	167000000	167250000	-0.306466
chr4	167250000	167500000	-0.314303
chr4	167500000	167750000	-0.47227
chr4	167750000	168000000	-0.386631
chr4	168000000	168250000	-0.374653
chr4	168250000	168500000	0.0357782
chr4	168500000	168750000	0.41598
chr4	168750000	169000000	0.41544
chr4	169000000	169250000	0.609763
chr4	169250000	169500000	0.551396
chr4	169500000	169750000	0.500389
chr4	169750000	170000000	0.735266
chr4	170000000	170250000	0.406998
chr4	170250000	170500000	-0.270851
chr4	170500000	170750000	-0.254099
chr4	170750000	171000000	-0.372755
chr4	171000000	171250000	-0.36669
chr4	171250000	171500000	-0.555371
chr4	171500000	171750000	-0.397985
chr4	171750000	172000000	-0.164158
chr4	172000000	172250000	-0.209909
chr4	172250000	172500000	-0.353074
chr4	172500000	172750000	-0.29311
chr4	172750000	173000000	-0.217315
chr4	173000000	173250000	0.296429
chr4	173250000	173500000	0.321433
chr4	173500000	173750000	-0.212758
chr4	173750000	174000000	-0.0118604
chr4	174000000	174250000	0.0686881
chr4	174250000	174500000	-0.0831843
chr4	174500000	174750000	-0.284728
chr4	174750000	175000000	-0.404517
chr4	175000000	175250000	-0.588616
chr4	175250000	175500000	-0.333622
chr4	175500000	175750000	-0.355494
chr4	175750000	176000000	-0.34081
chr4	176000000	176250000	0.027964
chr4	176250000	176500000	-0.127358
chr4	176500000	176750000	-0.305493
chr4	176750000	177000000	-0.279108
chr4	177000000	177250000	-0.35532
chr4	177250000	177500000	-0.0458923
chr4	177500000	177750000	-0.105425
chr4	177750000	178000000	-0.288427
chr4	178000000	178250000	-0.465873
chr4	178250000	178500000	-0.438656
chr4	178500000	178750000	-0.434027
chr4	178750000	179000000	-0.168023
chr4	179000000	179250000	-0.142126
chr4	179250000	179500000	-0.301156
chr4	179500000	179750000	-0.245717
chr4	179750000	180000000	-0.256407
chr4	180000000	180250000	-0.213543
chr4	180250000	180500000	-0.357708
chr4	180500000	180750000	-0.266203
chr4	180750000	181000000	-0.326968
chr4	181000000	181250000	-0.0145831
chr4	181250000	181500000	-0.00613496
chr4	181500000	181750000	-0.0308378
chr4	181750000	182000000	0.0819938
chr4	182000000	182250000	0.321603
chr4	182250000	182500000	0.446732
chr4	182500000	182750000	0.505833
chr4	182750000	183000000	0.551322
chr4	183000000	183250000	0.850407
chr4	183250000	183500000	0.86451
chr4	183500000	183750000	0.990913
chr4	183750000	184000000	0.881603
chr4	184000000	184250000	0.866376
chr4	184250000	184500000	0.894115
chr4	184500000	184750000	0.949284
chr4	184750000	185000000	0.977413
chr4	185000000	185250000	1.00224
chr4	185250000	185500000	0.983871
chr4	185500000	185750000	0.940161
chr4	185750000	186000000	0.984533
chr4	186000000	186250000	0.772016
chr4	186250000	186500000	-0.0182125
chr4	186500000	186750000	0.143331
chr4	186750000	187000000	-0.345348
chr4	187000000	187250000	-0.589436
chr4	187250000	187500000	-0.547072
chr4	187500000	187750000	-0.503306
chr4	187750000	188000000	-0.398542
chr4	188000000	188250000	0.12356
chr4	188250000	188500000	-0.159465
chr4	188500000	188750000	-0.353502
chr4	188750000	189000000	-0.530332
chr4	189000000	189250000	-0.347426
chr4	189250000	189500000	-0.505598
chr4	189500000	189750000	-0.294267
chr4	189750000	190000000	-0.260736
chr4	190000000	190214555	nan
#bedGraph section chr5:0-181538259
chr5	0	250000	0.865275
chr5	250000	500000	0.879427
chr5	500000	750000	1.00945
chr5	750000	1000000	1.01513
chr5	1000000	1250000	0.822866
chr5	1250000	1500000	0.768417
chr5	1500000	1750000	0.666122
chr5	1750000	2000000	0.421293
chr5	2000000	2250000	0.155037
chr5	2250000	2500000	-0.0852003
chr5	2500000	2750000	0.0183321
chr5	2750000	3000000	-0.167454
chr5	3000000	3250000	-0.091647
chr5	3250000	3500000	-0.0552813
chr5	3500000	3750000	-0.108186
chr5	3750000	4000000	-0.223967
chr5	4000000	4250000	-0.129533
chr5	4250000	4500000	-0.222196
chr5	4500000	4750000	-0.056716
chr5	4750000	5000000	-0.166051
chr5	5000000	5250000	-0.240927
chr5	5250000	5500000	0.0166182
chr5	5500000	5750000	-0.214179
chr5	5750000	6000000	-0.263785
chr5	6000000	6250000	-0.295758
chr5	6250000	6500000	-0.0454493
chr5	6500000	6750000	0.147601
chr5	6750000	7000000	-0.091601
chr5	7000000	7250000	-0.0115837
chr5	7250000	7500000	0.230864
chr5	7500000	7750000	0.101762
chr5	7750000	8000000	-0.0450943
chr5	8000000	8250000	-0.347658
chr5	8250000	8500000	-0.316106
chr5	8500000	8750000	-0.308284
chr5	8750000	9000000	-0.272848
chr5	9000000	9250000	-0.037638
chr5	9250000	9500000	0.167791
chr5	9500000	9750000	0.372615
chr5	9750000	10000000	0.251701
chr5	10000000	10250000	0.295805
chr5	10250000	10500000	0.414977
chr5	10500000	10750000	0.241314
chr5	10750000	11000000	0.043799
chr5	11000000	11250000	-0.190098
chr5	11250000	11500000	-0.364849
chr5	11500000	11750000	-0.467394
chr5	11750000	12000000	-0.448058
chr5	12000000	12250000	-0.348562
chr5	12250000	12500000	-0.371894
chr5	12500000	12750000	-0.386645
chr5	12750000	13000000	-0.310376
chr5	13000000	13250000	-0.34614
chr5	13250000	13500000	-0.425863
chr5	13500000	13750000	-0.367119
chr5	13750000	14000000	-0.200152
chr5	14000000	14250000	0.213775
chr5	14250000	14500000	0.235042
chr5	14500000	14750000	-0.00224995
chr5	14750000	15000000	-0.0468353
chr5	15000000	15250000	-0.327435
chr5	15250000	15500000	-0.229495
chr5	15500000	15750000	-0.083832
chr5	15750000	16000000	-0.201776
chr5	16000000	16250000	-0.06563
chr5	16250000	16500000	0.202307
chr5	16500000	16750000	0.314646
chr5	16750000	17000000	0.432622
chr5	17000000	17250000	0.235347
chr5	17250000	17500000	-0.120832
chr5	17500000	17750000	nan
chr5	17750000	18000000	-0.451469
chr5	18000000	18250000	-0.457621
chr5	18250000	18500000	-0.25622
chr5	18500000	18750000	-0.335371
chr5	18750000	19000000	-0.251549
chr5	19000000	19250000	-0.297847
chr5	19250000	19500000	-0.318228
chr5	19500000	19750000	-0.287843
chr5	19750000	20000000	-0.333245
chr5	20000000	20250000	-0.435481
chr5	20250000	20500000	-0.370743
chr5	20500000	20750000	-0.262351
chr5	20750000	21000000	nan
chr5	21000000	21250000	-0.173914
chr5	21250000	21500000	nan
chr5	21500000	21750000	-0.197289
chr5	21750000	22000000	-0.220438
chr5	22000000	22250000	-0.176962
chr5	22250000	22500000	-0.315488
chr5	22500000	22750000	-0.396591
chr5	22750000	23000000	-0.358115
chr5	23000000	23250000	-0.257287
chr5	23250000	23500000	-0.291124
chr5	23500000	23750000	-0.351629
chr5	23750000	24000000	-0.235736
chr5	24000000	24250000	-0.322471
chr5	24250000	24500000	-0.221314
chr5	24500000	24750000	-0.251886
chr5	24750000	25000000	-0.257886
chr5	25000000	25250000	-0.174231
chr5	25250000	25500000	-0.131709
chr5	25500000	25750000	-0.233606
chr5	25750000	26000000	-0.272493
chr5	26000000	26250000	-0.285578
chr5	26250000	26500000	-0.309274
chr5	26500000	26750000	-0.234753
chr5	26750000	27000000	-0.254144
chr5	27000000	27250000	-0.412976
chr5	27250000	27500000	-0.420695
chr5	27500000	27750000	-0.28138
chr5	27750000	28000000	-0.400794
chr5	28000000	28250000	-0.334288
chr5	28250000	28500000	-0.175247
chr5	28500000	28750000	-0.340399
chr5	28750000	29000000	-0.257579
chr5	29000000	29250000	-0.161862
chr5	29250000	29500000	-0.358031
chr5	29500000	29750000	-0.445697
chr5	29750000	30000000	-0.426747
chr5	30000000	30250000	-0.38623
chr5	30250000	30500000	-0.436478
chr5	30500000	30750000	-0.400573
chr5	30750000	31000000	-0.329819
chr5	31000000	31250000	-0.234933
chr5	31250000	31500000	0.0352414
chr5	31500000	31750000	0.2984
chr5	31750000	32000000	0.290601
chr5	32000000	32250000	0.466507
chr5	32250000	32500000	0.448733
chr5	32500000	32750000	0.0496208
chr5	32750000	33000000	-0.277032
chr5	33000000	33250000	-0.222904
chr5	33250000	33500000	0.0624943
chr5	33500000	33750000	0.137525
chr5	33750000	34000000	0.212475
chr5	34000000	34250000	0.123119
chr5	34250000	34500000	0.0500803
chr5	34500000	34750000	0.280035
chr5	34750000	35000000	0.268258
chr5	35000000	35250000	0.078612
chr5	35250000	35500000	0.0740687
chr5	35500000	35750000	0.0559123
chr5	35750000	36000000	0.129801
chr5	36000000	36250000	0.290021
chr5	36250000	36500000	0.368167
chr5	36500000	36750000	0.444935
chr5	36750000	37000000	0.385255
chr5	37000000	37250000	0.607571
chr5	37250000	37500000	0.306601
chr5	37500000	37750000	0.00968857
chr5	37750000	38000000	0.140353
chr5	38000000	38250000	0.113844
chr5	38250000	38500000	0.267262
chr5	38500000	38750000	0.385936
chr5	38750000	39000000	0.115692
chr5	39000000	39250000	-0.240421
chr5	39250000	39500000	-0.398716
chr5	39500000	39750000	-0.265102
chr5	39750000	40000000	-0.445029
chr5	40000000	40250000	-0.572463
chr5	40250000	40500000	-0.506913
chr5	40500000	40750000	-0.417504
chr5	40750000	41000000	-0.22078
chr5	41000000	41250000	-0.55578
chr5	41250000	41500000	-0.312742
chr5	41500000	41750000	-0.268434
chr5	41750000	42000000	-0.290874
chr5	42000000	42250000	-0.45942
chr5	42250000	42500000	-0.425298
chr5	42500000	42750000	-0.254254
chr5	42750000	43000000	-0.138988
chr5	43000000	43250000	0.271482
chr5	43250000	43500000	0.190767
chr5	43500000	43750000	-0.12555
chr5	43750000	44000000	-0.446923
chr5	44000000	44250000	-0.572217
chr5	44250000	44500000	-0.249673
chr5	44500000	44750000	-0.279024
chr5	44750000	45000000	-0.298616
chr5	45000000	45250000	-0.496915
chr5	45250000	45500000	-0.593146
chr5	45500000	45750000	-0.382879
chr5	45750000	46000000	-0.481788
chr5	46000000	46250000	-0.574996
chr5	46250000	46500000	-0.567512
chr5	46500000	46750000	nan
chr5	46750000	47000000	nan
chr5	47000000	47250000	nan
chr5	47250000	47500000	nan
chr5	47500000	47750000	nan
chr5	47750000	48000000	nan
chr5	48000000	48250000	nan
chr5	48250000	48500000	nan
chr5	48500000	48750000	nan
chr5	48750000	49000000	nan
chr5	49000000	49250000	nan
chr5	49250000	49500000	nan
chr5	49500000	49750000	nan
chr5	49750000	50000000	nan
chr5	50000000	50250000	nan
chr5	50250000	50500000	-0.88767
chr5	50500000	50750000	-0.757358
chr5	50750000	51000000	-0.536792
chr5	51000000	51250000	-0.45407
chr5	51250000	51500000	-0.546327
chr5	51500000	51750000	-0.756597
chr5	51750000	52000000	-0.726073
chr5	52000000	52250000	-0.679977
chr5	52250000	52500000	-0.792926
chr5	52500000	52750000	-0.725858
chr5	52750000	53000000	-0.554939
chr5	53000000	53250000	-0.362917
chr5	53250000	53500000	-0.0771075
chr5	53500000	53750000	-0.0279228
chr5	53750000	54000000	0.0159957
chr5	54000000	54250000	0.0224075
chr5	54250000	54500000	0.0314809
chr5	54500000	54750000	0.141785
chr5	54750000	55000000	0.217102
chr5	55000000	55250000	0.278679
chr5	55250000	55500000	0.624315
chr5	55500000	55750000	0.560201
chr5	55750000	56000000	0.385147
chr5	56000000	56250000	0.579983
chr5	56250000	56500000	0.565822
chr5	56500000	56750000	0.585428
chr5	56750000	57000000	0.484753
chr5	57000000	57250000	0.598889
chr5	57250000	57500000	0.146596
chr5	57500000	57750000	0.0770457
chr5	57750000	58000000	0.000298522
chr5	58000000	58250000	0.0812657
chr5	58250000	58500000	0.0408517
chr5	58500000	58750000	-0.110913
chr5	58750000	59000000	0.0332349
chr5	59000000	59250000	-0.0173104
chr5	59250000	59500000	0.00102486
chr5	59500000	59750000	0.119416
chr5	59750000	60000000	-0.310747
chr5	60000000	60250000	-0.363086
chr5	60250000	60500000	-0.264512
chr5	60500000	60750000	-0.215891
chr5	60750000	61000000	-0.108421
chr5	61000000	61250000	-0.0628547
chr5	61250000	61500000	0.153393
chr5	61500000	61750000	0.0207166
chr5	61750000	62000000	-0.0760728
chr5	62000000	62250000	-0.107549
chr5	62250000	62500000	-0.141434
chr5	62500000	62750000	-0.505742
chr5	62750000	63000000	-0.707611
chr5	63000000	63250000	-0.588048
chr5	63250000	63500000	-0.632235
chr5	63500000	63750000	-0.805225
chr5	63750000	64000000	-0.625443
chr5	64000000	64250000	-0.602824
chr5	64250000	64500000	-0.713452
chr5	64500000	64750000	-0.380064
chr5	64750000	65000000	-0.278361
chr5	65000000	65250000	-0.278628
chr5	65250000	65500000	-0.469775
chr5	65500000	65750000	0.0468609
chr5	65750000	66000000	0.218066
chr5	66000000	66250000	0.102493
chr5	66250000	66500000	-0.255674
chr5	66500000	66750000	-0.19757
chr5	66750000	67000000	-0.0257479
chr5	67000000	67250000	-0.0290496
chr5	67250000	67500000	-0.254243
chr5	67500000	67750000	-0.291032
chr5	67750000	68000000	-0.216712
chr5	68000000	68250000	-0.0993927
chr5	68250000	68500000	-0.170872
chr5	68500000	68750000	-0.487036
chr5	68750000	69000000	-0.419909
chr5	69000000	69250000	0.292762
chr5	69250000	69500000	0.648911
chr5	69500000	69750000	nan
chr5	69750000	70000000	nan
chr5	70000000	70250000	nan
chr5	70250000	70500000	nan
chr5	70500000	70750000	nan
chr5	70750000	71000000	nan
chr5	71000000	71250000	nan
chr5	71250000	71500000	nan
chr5	71500000	71750000	0.846111
chr5	71750000	72000000	0.710486
chr5	72000000	72250000	0.757572
chr5	72250000	72500000	0.802245
chr5	72500000	72750000	0.784839
chr5	72750000	73000000	0.822583
chr5	73000000	73250000	0.831838
chr5	73250000	73500000	0.836864
chr5	73500000	73750000	0.743153
chr5	73750000	74000000	0.606264
chr5	74000000	74250000	0.623973
chr5	74250000	74500000	0.667661
chr5	74500000	74750000	0.694505
chr5	74750000	75000000	0.688698
chr5	75000000	75250000	0.485754
chr5	75250000	75500000	0.542965
chr5	75500000	75750000	0.380165
chr5	75750000	76000000	0.0215448
chr5	76000000	76250000	0.0642587
chr5	76250000	76500000	0.4135
chr5	76500000	76750000	0.52016
chr5	76750000	77000000	0.678866
chr5	77000000	77250000	0.779542
chr5	77250000	77500000	0.745996
chr5	77500000	77750000	0.699537
chr5	77750000	78000000	0.83353
chr5	78000000	78250000	0.688522
chr5	78250000	78500000	0.739927
chr5	78500000	78750000	0.761576
chr5	78750000	79000000	0.710172
chr5	79000000	79250000	0.678956
chr5	79250000	79500000	0.722849
chr5	79500000	79750000	0.611266
chr5	79750000	80000000	0.644246
chr5	80000000	80250000	0.776323
chr5	80250000	80500000	0.578718
chr5	80500000	80750000	0.337546
chr5	80750000	81000000	0.159888
chr5	81000000	81250000	0.122418
chr5	81250000	81500000	-0.227197
chr5	81500000	81750000	-0.480481
chr5	81750000	82000000	-0.199647
chr5	82000000	82250000	-0.216734
chr5	82250000	82500000	-0.449705
chr5	82500000	82750000	-0.666569
chr5	82750000	83000000	-0.643957
chr5	83000000	83250000	-0.592643
chr5	83250000	83500000	-0.520335
chr5	83500000	83750000	-0.367986
chr5	83750000	84000000	-0.347957
chr5	84000000	84250000	-0.468033
chr5	84250000	84500000	-0.424709
chr5	84500000	84750000	-0.508158
chr5	84750000	85000000	-0.638807
chr5	85000000	85250000	-0.535007
chr5	85250000	85500000	-0.677537
chr5	85500000	85750000	-0.728177
chr5	85750000	86000000	-0.665136
chr5	86000000	86250000	-0.638812
chr5	86250000	86500000	-0.486211
chr5	86500000	86750000	-0.5023
chr5	86750000	87000000	-0.412846
chr5	87000000	87250000	-0.469075
chr5	87250000	87500000	-0.341459
chr5	87500000	87750000	-0.495483
chr5	87750000	88000000	-0.468032
chr5	88000000	88250000	-0.354135
chr5	88250000	88500000	-0.477625
chr5	88500000	88750000	-0.337757
chr5	88750000	89000000	-0.376377
chr5	89000000	89250000	-0.477322
chr5	89250000	89500000	-0.498182
chr5	89500000	89750000	-0.539371
chr5	89750000	90000000	-0.482947
chr5	90000000	90250000	-0.315295
chr5	90250000	90500000	-0.160167
chr5	90500000	90750000	-0.206198
chr5	90750000	91000000	-0.299172
chr5	91000000	91250000	-0.149576
chr5	91250000	91500000	-0.215963
chr5	91500000	91750000	-0.622954
chr5	91750000	92000000	-0.725264
chr5	92000000	92250000	-0.751439
chr5	92250000	92500000	-0.664477
chr5	92500000	92750000	-0.609347
chr5	92750000	93000000	-0.446418
chr5	93000000	93250000	-0.469731
chr5	93250000	93500000	-0.587439
chr5	93500000	93750000	-0.367401
chr5	93750000	94000000	-0.33216
chr5	94000000	94250000	-0.411183
chr5	94250000	94500000	-0.455119
chr5	94500000	94750000	-0.330537
chr5	94750000	95000000	-0.468009
chr5	95000000	95250000	-0.715112
chr5	95250000	95500000	-0.338441
chr5	95500000	95750000	0.274908
chr5	95750000	96000000	0.307798
chr5	96000000	96250000	0.159609
chr5	96250000	96500000	-0.021132
chr5	96500000	96750000	-0.0238535
chr5	96750000	97000000	0.0830647
chr5	97000000	97250000	0.0250575
chr5	97250000	97500000	-0.102036
chr5	97500000	97750000	-0.165565
chr5	97750000	98000000	-0.173476
chr5	98000000	98250000	0.0587785
chr5	98250000	98500000	0.107276
chr5	98500000	98750000	0.190291
chr5	98750000	99000000	0.0280496
chr5	99000000	99250000	-0.487313
chr5	99250000	99500000	-0.799103
chr5	99500000	99750000	nan
chr5	99750000	100000000	-0.84304
chr5	100000000	100250000	-0.909368
chr5	100250000	100500000	-0.647179
chr5	100500000	100750000	-0.548272
chr5	100750000	101000000	-0.496116
chr5	101000000	101250000	-0.51096
chr5	101250000	101500000	-0.553636
chr5	101500000	101750000	-0.53899
chr5	101750000	102000000	-0.752302
chr5	102000000	102250000	-0.696342
chr5	102250000	102500000	-0.901284
chr5	102500000	102750000	-0.641628
chr5	102750000	103000000	-0.436758
chr5	103000000	103250000	-0.412647
chr5	103250000	103500000	-0.353019
chr5	103500000	103750000	-0.407345
chr5	103750000	104000000	-0.42071
chr5	104000000	104250000	-0.588847
chr5	104250000	104500000	-0.654619
chr5	104500000	104750000	-0.666919
chr5	104750000	105000000	-0.668262
chr5	105000000	105250000	-0.71815
chr5	105250000	105500000	-0.659524
chr5	105500000	105750000	-0.616144
chr5	105750000	106000000	-0.714392
chr5	106000000	106250000	-0.681266
chr5	106250000	106500000	-0.705615
chr5	106500000	106750000	-0.714275
chr5	106750000	107000000	-0.565514
chr5	107000000	107250000	-0.541638
chr5	107250000	107500000	-0.360306
chr5	107500000	107750000	-0.206082
chr5	107750000	108000000	-0.162694
chr5	108000000	108250000	-0.315141
chr5	108250000	108500000	-0.428607
chr5	108500000	108750000	-0.371799
chr5	108750000	109000000	-0.327779
chr5	109000000	109250000	-0.437752
chr5	109250000	109500000	-0.243536
chr5	109500000	109750000	-0.192462
chr5	109750000	110000000	-0.0912419
chr5	110000000	110250000	-0.316793
chr5	110250000	110500000	-0.352607
chr5	110500000	110750000	-0.599182
chr5	110750000	111000000	-0.949048
chr5	111000000	111250000	-0.736543
chr5	111250000	111500000	-0.662004
chr5	111500000	111750000	-0.299848
chr5	111750000	112000000	-0.165301
chr5	112000000	112250000	-0.151365
chr5	112250000	112500000	-0.0462461
chr5	112500000	112750000	0.0835817
chr5	112750000	113000000	0.217001
chr5	113000000	113250000	0.128025
chr5	113250000	113500000	0.0130265
chr5	113500000	113750000	-0.347926
chr5	113750000	114000000	-0.679066
chr5	114000000	114250000	-0.745762
chr5	114250000	114500000	-0.547703
chr5	114500000	114750000	-0.863481
chr5	114750000	115000000	-0.805665
chr5	115000000	115250000	-0.622118
chr5	115250000	115500000	-0.364725
chr5	115500000	115750000	-0.405067
chr5	115750000	116000000	-0.588391
chr5	116000000	116250000	-0.444755
chr5	116250000	116500000	-0.422763
chr5	116500000	116750000	-0.288613
chr5	116750000	117000000	-0.266205
chr5	117000000	117250000	-0.405576
chr5	117250000	117500000	-0.512611
chr5	117500000	117750000	-0.60228
chr5	117750000	118000000	-0.578966
chr5	118000000	118250000	-0.561834
chr5	118250000	118500000	-0.684228
chr5	118500000	118750000	-0.618355
chr5	118750000	119000000	-0.513927
chr5	119000000	119250000	-0.142889
chr5	119250000	119500000	-0.19356
chr5	119500000	119750000	-0.499298
chr5	119750000	120000000	-0.56514
chr5	120000000	120250000	-0.713239
chr5	120250000	120500000	-0.799441
chr5	120500000	120750000	-0.484058
chr5	120750000	121000000	-0.504635
chr5	121000000	121250000	-0.590021
chr5	121250000	121500000	-0.642213
chr5	121500000	121750000	-0.698734
chr5	121750000	122000000	-0.551857
chr5	122000000	122250000	-0.421981
chr5	122250000	122500000	-0.386414
chr5	122500000	122750000	-0.226726
chr5	122750000	123000000	-0.0880088
chr5	123000000	123250000	-0.245736
chr5	123250000	123500000	-0.213626
chr5	123500000	123750000	-0.0566236
chr5	123750000	124000000	-0.0172954
chr5	124000000	124250000	-0.0525457
chr5	124250000	124500000	0.12579
chr5	124500000	124750000	0.194163
chr5	124750000	125000000	0.17775
chr5	125000000	125250000	0.136352
chr5	125250000	125500000	0.145708
chr5	125500000	125750000	0.102296
chr5	125750000	126000000	0.0760129
chr5	126000000	126250000	0.0381734
chr5	126250000	126500000	0.132314
chr5	126500000	126750000	0.245632
chr5	126750000	127000000	0.397614
chr5	127000000	127250000	0.360669
chr5	127250000	127500000	0.29901
chr5	127500000	127750000	-0.129405
chr5	127750000	128000000	-0.116368
chr5	128000000	128250000	-0.245805
chr5	128250000	128500000	-0.473665
chr5	128500000	128750000	-0.481063
chr5	128750000	129000000	-0.550429
chr5	129000000	129250000	-0.667485
chr5	129250000	129500000	-0.733349
chr5	129500000	129750000	-0.753891
chr5	129750000	130000000	-0.80029
chr5	130000000	130250000	-0.908374
chr5	130250000	130500000	-0.934824
chr5	130500000	130750000	-0.954092
chr5	130750000	131000000	-0.798399
chr5	131000000	131250000	-0.652871
chr5	131250000	131500000	-0.454011
chr5	131500000	131750000	-0.351229
chr5	131750000	132000000	-0.595541
chr5	132000000	132250000	-0.348333
chr5	132250000	132500000	0.316345
chr5	132500000	132750000	0.5014
chr5	132750000	133000000	0.770599
chr5	133000000	133250000	0.795226
chr5	133250000	133500000	0.72896
chr5	133500000	133750000	0.762852
chr5	133750000	134000000	0.765464
chr5	134000000	134250000	0.894231
chr5	134250000	134500000	0.861942
chr5	134500000	134750000	0.897371
chr5	134750000	135000000	0.905894
chr5	135000000	135250000	0.801392
chr5	135250000	135500000	0.76303
chr5	135500000	135750000	0.668637
chr5	135750000	136000000	0.627369
chr5	136000000	136250000	0.588052
chr5	136250000	136500000	0.401963
chr5	136500000	136750000	0.458798
chr5	136750000	137000000	0.396472
chr5	137000000	137250000	0.450301
chr5	137250000	137500000	0.468792
chr5	137500000	137750000	0.52619
chr5	137750000	138000000	0.734998
chr5	138000000	138250000	0.810369
chr5	138250000	138500000	0.758524
chr5	138500000	138750000	0.70531
chr5	138750000	139000000	0.805186
chr5	139000000	139250000	0.774333
chr5	139250000	139500000	0.801966
chr5	139500000	139750000	0.792233
chr5	139750000	140000000	0.810387
chr5	140000000	140250000	0.797405
chr5	140250000	140500000	0.657246
chr5	140500000	140750000	0.526755
chr5	140750000	141000000	0.360838
chr5	141000000	141250000	0.387301
chr5	141250000	141500000	0.300768
chr5	141500000	141750000	0.529138
chr5	141750000	142000000	0.70491
chr5	142000000	142250000	0.62687
chr5	142250000	142500000	0.656051
chr5	142500000	142750000	0.541331
chr5	142750000	143000000	0.456661
chr5	143000000	143250000	0.264412
chr5	143250000	143500000	0.23262
chr5	143500000	143750000	0.230689
chr5	143750000	144000000	0.164967
chr5	144000000	144250000	0.098768
chr5	144250000	144500000	-0.0242416
chr5	144500000	144750000	-0.151066
chr5	144750000	145000000	-0.227955
chr5	145000000	145250000	-0.129409
chr5	145250000	145500000	-0.156718
chr5	145500000	145750000	-0.178072
chr5	145750000	146000000	0.0991562
chr5	146000000	146250000	0.345593
chr5	146250000	146500000	0.554585
chr5	146500000	146750000	0.414943
chr5	146750000	147000000	0.397205
chr5	147000000	147250000	0.443995
chr5	147250000	147500000	0.455062
chr5	147500000	147750000	0.489681
chr5	147750000	148000000	0.389327
chr5	148000000	148250000	0.322235
chr5	148250000	148500000	0.365845
chr5	148500000	148750000	0.350085
chr5	148750000	149000000	0.555425
chr5	149000000	149250000	0.564841
chr5	149250000	149500000	0.759402
chr5	149500000	149750000	0.762077
chr5	149750000	150000000	0.786014
chr5	150000000	150250000	0.849219
chr5	150250000	150500000	0.914928
chr5	150500000	150750000	0.776751
chr5	150750000	151000000	0.482402
chr5	151000000	151250000	0.668496
chr5	151250000	151500000	0.698396
chr5	151500000	151750000	0.675878
chr5	151750000	152000000	0.520768
chr5	152000000	152250000	0.552121
chr5	152250000	152500000	0.461865
chr5	152500000	152750000	0.340074
chr5	152750000	153000000	0.306022
chr5	153000000	153250000	0.304367
chr5	153250000	153500000	0.284649
chr5	153500000	153750000	0.432079
chr5	153750000	154000000	0.388083
chr5	154000000	154250000	0.53805
chr5	154250000	154500000	0.504951
chr5	154500000	154750000	0.489551
chr5	154750000	155000000	0.372915
chr5	155000000	155250000	-0.291982
chr5	155250000	155500000	-0.438664
chr5	155500000	155750000	-0.4665
chr5	155750000	156000000	-0.552348
chr5	156000000	156250000	-0.629484
chr5	156250000	156500000	-0.662657
chr5	156500000	156750000	-0.537497
chr5	156750000	157000000	-0.490363
chr5	157000000	157250000	-0.273558
chr5	157250000	157500000	0.190127
chr5	157500000	157750000	0.362378
chr5	157750000	158000000	0.414379
chr5	158000000	158250000	0.255149
chr5	158250000	158500000	0.124407
chr5	158500000	158750000	0.14501
chr5	158750000	159000000	0.128752
chr5	159000000	159250000	0.316895
chr5	159250000	159500000	0.23597
chr5	159500000	159750000	0.158451
chr5	159750000	160000000	0.231128
chr5	160000000	160250000	0.416647
chr5	160250000	160500000	0.143806
chr5	160500000	160750000	-0.318048
chr5	160750000	161000000	-0.348177
chr5	161000000	161250000	-0.456571
chr5	161250000	161500000	-0.406831
chr5	161500000	161750000	-0.571268
chr5	161750000	162000000	-0.632058
chr5	162000000	162250000	-0.675629
chr5	162250000	162500000	-0.8677
chr5	162500000	162750000	-0.861882
chr5	162750000	163000000	-0.725245
chr5	163000000	163250000	-0.883431
chr5	163250000	163500000	-0.436372
chr5	163500000	163750000	-0.682039
chr5	163750000	164000000	-0.900805
chr5	164000000	164250000	-0.964694
chr5	164250000	164500000	-0.81745
chr5	164500000	164750000	-0.747327
chr5	164750000	165000000	-0.779617
chr5	165000000	165250000	-0.771861
chr5	165250000	165500000	-0.822314
chr5	165500000	165750000	-0.727767
chr5	165750000	166000000	-0.766976
chr5	166000000	166250000	-0.760178
chr5	166250000	166500000	-0.613591
chr5	166500000	166750000	-0.708386
chr5	166750000	167000000	-0.641701
chr5	167000000	167250000	-0.685401
chr5	167250000	167500000	-0.571029
chr5	167500000	167750000	-0.267056
chr5	167750000	168000000	-0.207364
chr5	168000000	168250000	-0.179406
chr5	168250000	168500000	0.275513
chr5	168500000	168750000	0.439294
chr5	168750000	169000000	0.460099
chr5	169000000	169250000	0.475012
chr5	169250000	169500000	0.323597
chr5	169500000	169750000	0.509865
chr5	169750000	170000000	0.486657
chr5	170000000	170250000	0.626166
chr5	170250000	170500000	0.53751
chr5	170500000	170750000	0.539468
chr5	170750000	171000000	0.311722
chr5	171000000	171250000	0.213361
chr5	171250000	171500000	0.527086
chr5	171500000	171750000	0.709344
chr5	171750000	172000000	0.724887
chr5	172000000	172250000	0.762551
chr5	172250000	172500000	0.815521
chr5	172500000	172750000	0.725267
chr5	172750000	173000000	0.7194
chr5	173000000	173250000	0.745911
chr5	173250000	173500000	0.688202
chr5	173500000	173750000	0.616027
chr5	173750000	174000000	0.676401
chr5	174000000	174250000	0.719023
chr5	174250000	174500000	0.645005
chr5	174500000	174750000	0.671488
chr5	174750000	175000000	0.613071
chr5	175000000	175250000	0.596481
chr5	175250000	175500000	0.672437
chr5	175500000	175750000	0.627017
chr5	175750000	176000000	0.694365
chr5	176000000	176250000	0.650249
chr5	176250000	176500000	0.676231
chr5	176500000	176750000	0.65047
chr5	176750000	177000000	0.643714
chr5	177000000	177250000	0.641816
chr5	177250000	177500000	0.642705
chr5	177500000	177750000	0.557896
chr5	177750000	178000000	nan
chr5	178000000	178250000	0.521404
chr5	178250000	178500000	0.539534
chr5	178500000	178750000	0.428199
chr5	178750000	179000000	0.313364
chr5	179000000	179250000	0.298671
chr5	179250000	179500000	0.452072
chr5	179500000	179750000	0.60132
chr5	179750000	180000000	0.595604
chr5	180000000	180250000	0.611468
chr5	180250000	180500000	0.597389
chr5	180500000	180750000	0.476435
chr5	180750000	181000000	0.46712
chr5	181000000	181250000	0.435658
chr5	181250000	181500000	nan
chr5	181500000	181538259	nan
#bedGraph section chr6:0-170805979
chr6	0	250000	nan
chr6	250000	500000	0.0858278
chr6	500000	750000	-0.0312929
chr6	750000	1000000	-0.116329
chr6	1000000	1250000	-0.079685
chr6	1250000	1500000	0.0639885
chr6	1500000	1750000	-0.126687
chr6	1750000	2000000	-0.231737
chr6	2000000	2250000	-0.172703
chr6	2250000	2500000	-0.254061
chr6	2500000	2750000	-0.0498262
chr6	2750000	3000000	0.381677
chr6	3000000	3250000	0.549561
chr6	3250000	3500000	0.444163
chr6	3500000	3750000	0.354437
chr6	3750000	4000000	0.342472
chr6	4000000	4250000	0.199976
chr6	4250000	4500000	-0.0403175
chr6	4500000	4750000	-0.0176817
chr6	4750000	5000000	0.0811966
chr6	5000000	5250000	-0.0585224
chr6	5250000	5500000	-0.143344
chr6	5500000	5750000	-0.262426
chr6	5750000	6000000	-0.22387
chr6	6000000	6250000	-0.355263
chr6	6250000	6500000	-0.481559
chr6	6500000	6750000	0.0446853
chr6	6750000	7000000	0.223754
chr6	7000000	7250000	0.254064
chr6	7250000	7500000	0.205585
chr6	7500000	7750000	0.0973496
chr6	7750000	8000000	-0.165223
chr6	8000000	8250000	-0.389143
chr6	8250000	8500000	-0.680121
chr6	8500000	8750000	-0.783084
chr6	8750000	9000000	-0.753279
chr6	9000000	9250000	-0.750385
chr6	9250000	9500000	-0.72196
chr6	9500000	9750000	-0.809749
chr6	9750000	10000000	-0.861958
chr6	10000000	10250000	-0.756841
chr6	10250000	10500000	-0.435887
chr6	10500000	10750000	-0.0790847
chr6	10750000	11000000	0.179539
chr6	11000000	11250000	0.128243
chr6	11250000	11500000	0.0879998
chr6	11500000	11750000	0.17765
chr6	11750000	12000000	0.0606255
chr6	12000000	12250000	0.143409
chr6	12250000	12500000	0.0950186
chr6	12500000	12750000	0.10427
chr6	12750000	13000000	0.175523
chr6	13000000	13250000	0.178855
chr6	13250000	13500000	0.3758
chr6	13500000	13750000	0.495472
chr6	13750000	14000000	0.457121
chr6	14000000	14250000	0.490396
chr6	14250000	14500000	0.466798
chr6	14500000	14750000	0.457959
chr6	14750000	15000000	0.474761
chr6	15000000	15250000	0.420177
chr6	15250000	15500000	0.509772
chr6	15500000	15750000	0.366857
chr6	15750000	16000000	0.0156517
chr6	16000000	16250000	0.156867
chr6	16250000	16500000	0.133794
chr6	16500000	16750000	-0.000837471
chr6	16750000	17000000	-0.0145414
chr6	17000000	17250000	0.105475
chr6	17250000	17500000	0.202684
chr6	17500000	17750000	0.200661
chr6	17750000	18000000	0.127667
chr6	18000000	18250000	-0.00708923
chr6	18250000	18500000	-0.191681
chr6	18500000	18750000	-0.528883
chr6	18750000	19000000	-0.568366
chr6	19000000	19250000	-0.582588
chr6	19250000	19500000	-0.550256
chr6	19500000	19750000	-0.645141
chr6	19750000	20000000	-0.360084
chr6	20000000	20250000	-0.20437
chr6	20250000	20500000	0.117374
chr6	20500000	20750000	0.298317
chr6	20750000	21000000	0.305104
chr6	21000000	21250000	0.274905
chr6	21250000	21500000	0.324303
chr6	21500000	21750000	0.391775
chr6	21750000	22000000	0.390439
chr6	22000000	22250000	0.350331
chr6	22250000	22500000	0.183416
chr6	22500000	22750000	0.155905
chr6	22750000	23000000	0.167133
chr6	23000000	23250000	0.0244866
chr6	23250000	23500000	0.0220072
chr6	23500000	23750000	0.0886117
chr6	23750000	24000000	-0.0962307
chr6	24000000	24250000	0.0449653
chr6	24250000	24500000	0.155433
chr6	24500000	24750000	0.324559
chr6	24750000	25000000	0.264126
chr6	25000000	25250000	0.306848
chr6	25250000	25500000	0.356725
chr6	25500000	25750000	0.275905
chr6	25750000	26000000	0.366956
chr6	26000000	26250000	0.643423
chr6	26250000	26500000	0.615302
chr6	26500000	26750000	0.669338
chr6	26750000	27000000	nan
chr6	27000000	27250000	0.629695
chr6	27250000	27500000	0.50143
chr6	27500000	27750000	0.568166
chr6	27750000	28000000	0.574498
chr6	28000000	28250000	0.513982
chr6	28250000	28500000	0.479977
chr6	28500000	28750000	0.481815
chr6	28750000	29000000	0.400029
chr6	29000000	29250000	-0.0316587
chr6	29250000	29500000	-0.0496867
chr6	29500000	29750000	0.255501
chr6	29750000	30000000	0.487169
chr6	30000000	30250000	0.607201
chr6	30250000	30500000	0.663063
chr6	30500000	30750000	0.751069
chr6	30750000	31000000	0.678102
chr6	31000000	31250000	0.697531
chr6	31250000	31500000	0.701718
chr6	31500000	31750000	0.703304
chr6	31750000	32000000	0.656814
chr6	32000000	32250000	nan
chr6	32250000	32500000	0.632647
chr6	32500000	32750000	0.591095
chr6	32750000	33000000	0.649413
chr6	33000000	33250000	0.644927
chr6	33250000	33500000	0.727592
chr6	33500000	33750000	0.669535
chr6	33750000	34000000	0.660322
chr6	34000000	34250000	0.664154
chr6	34250000	34500000	0.725495
chr6	34500000	34750000	0.65589
chr6	34750000	35000000	0.771195
chr6	35000000	35250000	0.716767
chr6	35250000	35500000	0.626401
chr6	35500000	35750000	0.683358
chr6	35750000	36000000	0.67349
chr6	36000000	36250000	0.69673
chr6	36250000	36500000	0.706144
chr6	36500000	36750000	0.69127
chr6	36750000	37000000	0.664103
chr6	37000000	37250000	0.721806
chr6	37250000	37500000	0.744946
chr6	37500000	37750000	0.699815
chr6	37750000	38000000	0.676298
chr6	38000000	38250000	0.612931
chr6	38250000	38500000	0.603393
chr6	38500000	38750000	0.636404
chr6	38750000	39000000	0.632629
chr6	39000000	39250000	0.60042
chr6	39250000	39500000	0.549861
chr6	39500000	39750000	0.434083
chr6	39750000	40000000	0.521995
chr6	40000000	40250000	0.492767
chr6	40250000	40500000	0.588649
chr6	40500000	40750000	0.6241
chr6	40750000	41000000	0.639936
chr6	41000000	41250000	0.708866
chr6	41250000	41500000	0.711018
chr6	41500000	41750000	0.791252
chr6	41750000	42000000	0.785415
chr6	42000000	42250000	0.777906
chr6	42250000	42500000	0.730469
chr6	42500000	42750000	0.818858
chr6	42750000	43000000	0.827317
chr6	43000000	43250000	0.801006
chr6	43250000	43500000	0.793735
chr6	43500000	43750000	0.817553
chr6	43750000	44000000	0.763983
chr6	44000000	44250000	0.732201
chr6	44250000	44500000	0.58733
chr6	44500000	44750000	0.275951
chr6	44750000	45000000	0.124681
chr6	45000000	45250000	0.139541
chr6	45250000	45500000	0.26044
chr6	45500000	45750000	0.265045
chr6	45750000	46000000	0.255519
chr6	46000000	46250000	0.149814
chr6	46250000	46500000	0.0347462
chr6	46500000	46750000	0.0708947
chr6	46750000	47000000	0.160627
chr6	47000000	47250000	0.165715
chr6	47250000	47500000	0.0374976
chr6	47500000	47750000	-0.112097
chr6	47750000	48000000	-0.269682
chr6	48000000	48250000	-0.329016
chr6	48250000	48500000	-0.331844
chr6	48500000	48750000	-0.311208
chr6	48750000	49000000	-0.517516
chr6	49000000	49250000	-0.612475
chr6	49250000	49500000	-0.499752
chr6	49500000	49750000	-0.420831
chr6	49750000	50000000	-0.483118
chr6	50000000	50250000	-0.450152
chr6	50250000	50500000	-0.63104
chr6	50500000	50750000	-0.409669
chr6	50750000	51000000	-0.182185
chr6	51000000	51250000	-0.348115
chr6	51250000	51500000	-0.196798
chr6	51500000	51750000	-0.220188
chr6	51750000	52000000	-0.180066
chr6	52000000	52250000	-0.190154
chr6	52250000	52500000	0.134767
chr6	52500000	52750000	0.200949
chr6	52750000	53000000	0.161457
chr6	53000000	53250000	0.0722106
chr6	53250000	53500000	0.0868016
chr6	53500000	53750000	0.00767734
chr6	53750000	54000000	-0.36494
chr6	54000000	54250000	-0.499852
chr6	54250000	54500000	-0.579097
chr6	54500000	54750000	-0.453158
chr6	54750000	55000000	-0.527204
chr6	55000000	55250000	-0.432625
chr6	55250000	55500000	-0.4092
chr6	55500000	55750000	-0.508268
chr6	55750000	56000000	-0.413674
chr6	56000000	56250000	-0.542009
chr6	56250000	56500000	-0.196094
chr6	56500000	56750000	-0.0422216
chr6	56750000	57000000	-0.05924
chr6	57000000	57250000	-0.135175
chr6	57250000	57500000	-0.225944
chr6	57500000	57750000	nan
chr6	57750000	58000000	nan
chr6	58000000	58250000	nan
chr6	58250000	58500000	nan
chr6	58500000	58750000	nan
chr6	58750000	59000000	nan
chr6	59000000	59250000	nan
chr6	59250000	59500000	nan
chr6	59500000	59750000	nan
chr6	59750000	60000000	nan
chr6	60000000	60250000	nan
chr6	60250000	60500000	nan
chr6	60500000	60750000	-0.697292
chr6	60750000	61000000	nan
chr6	61000000	61250000	-0.849012
chr6	61250000	61500000	nan
chr6	61500000	61750000	-0.669334
chr6	61750000	62000000	-0.681221
chr6	62000000	62250000	-0.653833
chr6	62250000	62500000	-0.44638
chr6	62500000	62750000	-0.594282
chr6	62750000	63000000	-0.433132
chr6	63000000	63250000	-0.539119
chr6	63250000	63500000	-0.483929
chr6	63500000	63750000	-0.476582
chr6	63750000	64000000	-0.6845
chr6	64000000	64250000	-0.688124
chr6	64250000	64500000	-0.604977
chr6	64500000	64750000	-0.518735
chr6	64750000	65000000	-0.435656
chr6	65000000	65250000	-0.488153
chr6	65250000	65500000	-0.465832
chr6	65500000	65750000	-0.413205
chr6	65750000	66000000	-0.478942
chr6	66000000	66250000	-0.555282
chr6	66250000	66500000	-0.438282
chr6	66500000	66750000	-0.404428
chr6	66750000	67000000	-0.508272
chr6	67000000	67250000	-0.454856
chr6	67250000	67500000	-0.65798
chr6	67500000	67750000	-0.53785
chr6	67750000	68000000	-0.547952
chr6	68000000	68250000	-0.500141
chr6	68250000	68500000	-0.375303
chr6	68500000	68750000	-0.615613
chr6	68750000	69000000	-0.630258
chr6	69000000	69250000	-0.791364
chr6	69250000	69500000	-0.797172
chr6	69500000	69750000	-0.636405
chr6	69750000	70000000	-0.508606
chr6	70000000	70250000	-0.455507
chr6	70250000	70500000	-0.470099
chr6	70500000	70750000	-0.423604
chr6	70750000	71000000	-0.529051
chr6	71000000	71250000	-0.52486
chr6	71250000	71500000	-0.579613
chr6	71500000	71750000	-0.594723
chr6	71750000	72000000	-0.781986
chr6	72000000	72250000	-0.563449
chr6	72250000	72500000	-0.527201
chr6	72500000	72750000	-0.409904
chr6	72750000	73000000	-0.675229
chr6	73000000	73250000	-0.471783
chr6	73250000	73500000	-0.212784
chr6	73500000	73750000	-0.296213
chr6	73750000	74000000	-0.583224
chr6	74000000	74250000	-0.732851
chr6	74250000	74500000	-0.684635
chr6	74500000	74750000	-0.703214
chr6	74750000	75000000	-0.796348
chr6	75000000	75250000	-0.668044
chr6	75250000	75500000	-0.404756
chr6	75500000	75750000	-0.367364
chr6	75750000	76000000	-0.465406
chr6	76000000	76250000	-0.731642
chr6	76250000	76500000	-0.725476
chr6	76500000	76750000	-0.504125
chr6	76750000	77000000	-0.561049
chr6	77000000	77250000	-0.654486
chr6	77250000	77500000	-0.547276
chr6	77500000	77750000	-0.54421
chr6	77750000	78000000	-0.490848
chr6	78000000	78250000	-0.543938
chr6	78250000	78500000	-0.504401
chr6	78500000	78750000	-0.586413
chr6	78750000	79000000	-0.385027
chr6	79000000	79250000	-0.306723
chr6	79250000	79500000	-0.525026
chr6	79500000	79750000	-0.332252
chr6	79750000	80000000	-0.445314
chr6	80000000	80250000	-0.449423
chr6	80250000	80500000	-0.557879
chr6	80500000	80750000	-0.545114
chr6	80750000	81000000	-0.637039
chr6	81000000	81250000	-0.55403
chr6	81250000	81500000	-0.537973
chr6	81500000	81750000	-0.474478
chr6	81750000	82000000	-0.376879
chr6	82000000	82250000	-0.269989
chr6	82250000	82500000	-0.427501
chr6	82500000	82750000	-0.557743
chr6	82750000	83000000	-0.553079
chr6	83000000	83250000	-0.370662
chr6	83250000	83500000	-0.552126
chr6	83500000	83750000	-0.706115
chr6	83750000	84000000	-0.523498
chr6	84000000	84250000	-0.483432
chr6	84250000	84500000	-0.459346
chr6	84500000	84750000	-0.42024
chr6	84750000	85000000	-0.604044
chr6	85000000	85250000	-0.621646
chr6	85250000	85500000	-0.496856
chr6	85500000	85750000	-0.0653048
chr6	85750000	86000000	-0.0716409
chr6	86000000	86250000	-0.22213
chr6	86250000	86500000	-0.108167
chr6	86500000	86750000	-0.0801666
chr6	86750000	87000000	-0.0622283
chr6	87000000	87250000	0.00540834
chr6	87250000	87500000	0.0824537
chr6	87500000	87750000	0.138351
chr6	87750000	88000000	-0.102655
chr6	88000000	88250000	-0.278235
chr6	88250000	88500000	-0.317322
chr6	88500000	88750000	-0.170804
chr6	88750000	89000000	-0.0350241
chr6	89000000	89250000	0.205557
chr6	89250000	89500000	0.398762
chr6	89500000	89750000	0.449404
chr6	89750000	90000000	0.197034
chr6	90000000	90250000	-0.169688
chr6	90250000	90500000	0.00185426
chr6	90500000	90750000	-0.251353
chr6	90750000	91000000	-0.409205
chr6	91000000	91250000	-0.428173
chr6	91250000	91500000	-0.567361
chr6	91500000	91750000	-0.656037
chr6	91750000	92000000	-0.725653
chr6	92000000	92250000	-0.670903
chr6	92250000	92500000	-0.788423
chr6	92500000	92750000	-0.6835
chr6	92750000	93000000	-0.566099
chr6	93000000	93250000	-0.53873
chr6	93250000	93500000	-0.457498
chr6	93500000	93750000	-0.494599
chr6	93750000	94000000	-0.4871
chr6	94000000	94250000	-0.379508
chr6	94250000	94500000	-0.525965
chr6	94500000	94750000	-0.530664
chr6	94750000	95000000	-0.703919
chr6	95000000	95250000	-0.355633
chr6	95250000	95500000	-0.338959
chr6	95500000	95750000	-0.334666
chr6	95750000	96000000	-0.393439
chr6	96000000	96250000	-0.56066
chr6	96250000	96500000	-0.728719
chr6	96500000	96750000	-0.645555
chr6	96750000	97000000	-0.618593
chr6	97000000	97250000	-0.51228
chr6	97250000	97500000	-0.43062
chr6	97500000	97750000	-0.390429
chr6	97750000	98000000	-0.402416
chr6	98000000	98250000	-0.459588
chr6	98250000	98500000	-0.480647
chr6	98500000	98750000	-0.340849
chr6	98750000	99000000	-0.396702
chr6	99000000	99250000	-0.488153
chr6	99250000	99500000	-0.481158
chr6	99500000	99750000	-0.719695
chr6	99750000	100000000	-0.798869
chr6	100000000	100250000	-0.626486
chr6	100250000	100500000	-0.604748
chr6	100500000	100750000	-0.638464
chr6	100750000	101000000	-0.702578
chr6	101000000	101250000	-0.705404
chr6	101250000	101500000	-0.538349
chr6	101500000	101750000	-0.583296
chr6	101750000	102000000	-0.565346
chr6	102000000	102250000	-0.574436
chr6	102250000	102500000	-0.705497
chr6	102500000	102750000	-0.611745
chr6	102750000	103000000	-0.512799
chr6	103000000	103250000	-0.533302
chr6	103250000	103500000	-0.758105
chr6	103500000	103750000	-0.793581
chr6	103750000	104000000	-0.666178
chr6	104000000	104250000	-0.783417
chr6	104250000	104500000	-0.668714
chr6	104500000	104750000	-0.563258
chr6	104750000	105000000	-0.30725
chr6	105000000	105250000	-0.0257389
chr6	105250000	105500000	0.148004
chr6	105500000	105750000	0.379623
chr6	105750000	106000000	0.368176
chr6	106000000	106250000	0.386891
chr6	106250000	106500000	0.361417
chr6	106500000	106750000	0.330527
chr6	106750000	107000000	0.216507
chr6	107000000	107250000	0.529123
chr6	107250000	107500000	0.386078
chr6	107500000	107750000	0.469647
chr6	107750000	108000000	0.470567
chr6	108000000	108250000	0.559684
chr6	108250000	108500000	0.515263
chr6	108500000	108750000	0.523301
chr6	108750000	109000000	0.541358
chr6	109000000	109250000	0.508597
chr6	109250000	109500000	0.604676
chr6	109500000	109750000	0.486302
chr6	109750000	110000000	0.544178
chr6	110000000	110250000	0.577415
chr6	110250000	110500000	0.567959
chr6	110500000	110750000	0.579416
chr6	110750000	111000000	0.5436
chr6	111000000	111250000	0.464591
chr6	111250000	111500000	0.371828
chr6	111500000	111750000	0.274905
chr6	111750000	112000000	0.160367
chr6	112000000	112250000	-0.206681
chr6	112250000	112500000	-0.718564
chr6	112500000	112750000	-0.855571
chr6	112750000	113000000	-0.66594
chr6	113000000	113250000	-0.703306
chr6	113250000	113500000	-0.536983
chr6	113500000	113750000	-0.398863
chr6	113750000	114000000	-0.245826
chr6	114000000	114250000	-0.291169
chr6	114250000	114500000	-0.347872
chr6	114500000	114750000	-0.398981
chr6	114750000	115000000	-0.433789
chr6	115000000	115250000	-0.504794
chr6	115250000	115500000	-0.462681
chr6	115500000	115750000	-0.518347
chr6	115750000	116000000	-0.38269
chr6	116000000	116250000	-0.222815
chr6	116250000	116500000	-0.247129
chr6	116500000	116750000	-0.353884
chr6	116750000	117000000	-0.54499
chr6	117000000	117250000	-0.597008
chr6	117250000	117500000	-0.535832
chr6	117500000	117750000	-0.58224
chr6	117750000	118000000	-0.644614
chr6	118000000	118250000	-0.817554
chr6	118250000	118500000	-0.640437
chr6	118500000	118750000	-0.420523
chr6	118750000	119000000	-0.276204
chr6	119000000	119250000	-0.173544
chr6	119250000	119500000	-0.30103
chr6	119500000	119750000	-0.339796
chr6	119750000	120000000	-0.440128
chr6	120000000	120250000	-0.634108
chr6	120250000	120500000	-0.599144
chr6	120500000	120750000	-0.69855
chr6	120750000	121000000	-0.52919
chr6	121000000	121250000	-0.597748
chr6	121250000	121500000	-0.276281
chr6	121500000	121750000	-0.234109
chr6	121750000	122000000	-0.378742
chr6	122000000	122250000	-0.487791
chr6	122250000	122500000	-0.513144
chr6	122500000	122750000	-0.396227
chr6	122750000	123000000	-0.2956
chr6	123000000	123250000	-0.589422
chr6	123250000	123500000	-0.398267
chr6	123500000	123750000	-0.264288
chr6	123750000	124000000	-0.448092
chr6	124000000	124250000	-0.604219
chr6	124250000	124500000	-0.678086
chr6	124500000	124750000	-0.776951
chr6	124750000	125000000	-0.498677
chr6	125000000	125250000	-0.486565
chr6	125250000	125500000	-0.364401
chr6	125500000	125750000	-0.356151
chr6	125750000	126000000	-0.290204
chr6	126000000	126250000	-0.601083
chr6	126250000	126500000	-0.710863
chr6	126500000	126750000	-0.685593
chr6	126750000	127000000	-0.490454
chr6	127000000	127250000	-0.514169
chr6	127250000	127500000	-0.605024
chr6	127500000	127750000	-0.648991
chr6	127750000	128000000	-0.629948
chr6	128000000	128250000	-0.654255
chr6	128250000	128500000	-0.552143
chr6	128500000	128750000	-0.430442
chr6	128750000	129000000	-0.720754
chr6	129000000	129250000	-0.768424
chr6	129250000	129500000	-0.55469
chr6	129500000	129750000	-0.379843
chr6	129750000	130000000	-0.477651
chr6	130000000	130250000	-0.464032
chr6	130250000	130500000	-0.607383
chr6	130500000	130750000	-0.616449
chr6	130750000	131000000	-0.250944
chr6	131000000	131250000	-0.0325993
chr6	131250000	131500000	-0.0832907
chr6	131500000	131750000	-0.273951
chr6	131750000	132000000	-0.47056
chr6	132000000	132250000	-0.785886
chr6	132250000	132500000	-0.564422
chr6	132500000	132750000	-0.526663
chr6	132750000	133000000	-0.468079
chr6	133000000	133250000	-0.602563
chr6	133250000	133500000	-0.454174
chr6	133500000	133750000	-0.378615
chr6	133750000	134000000	-0.322535
chr6	134000000	134250000	-0.0660563
chr6	134250000	134500000	-0.10373
chr6	134500000	134750000	-0.197782
chr6	134750000	135000000	-0.138276
chr6	135000000	135250000	-0.158646
chr6	135250000	135500000	-0.138857
chr6	135500000	135750000	-0.48424
chr6	135750000	136000000	-0.590065
chr6	136000000	136250000	-0.477611
chr6	136250000	136500000	-0.24428
chr6	136500000	136750000	-0.314489
chr6	136750000	137000000	-0.160484
chr6	137000000	137250000	-0.217918
chr6	137250000	137500000	-0.140092
chr6	137500000	137750000	-0.157414
chr6	137750000	138000000	-0.0713373
chr6	138000000	138250000	0.0979713
chr6	138250000	138500000	0.0785142
chr6	138500000	138750000	0.00101525
chr6	138750000	139000000	-0.147837
chr6	139000000	139250000	-0.319185
chr6	139250000	139500000	-0.296342
chr6	139500000	139750000	-0.329777
chr6	139750000	140000000	-0.323271
chr6	140000000	140250000	-0.518522
chr6	140250000	140500000	-0.561699
chr6	140500000	140750000	-0.566319
chr6	140750000	141000000	-0.583425
chr6	141000000	141250000	-0.731409
chr6	141250000	141500000	-0.827335
chr6	141500000	141750000	-0.655272
chr6	141750000	142000000	-0.981429
chr6	142000000	142250000	-0.752909
chr6	142250000	142500000	-0.800722
chr6	142500000	142750000	-0.588269
chr6	142750000	143000000	-0.603456
chr6	143000000	143250000	-0.686556
chr6	143250000	143500000	-0.545363
chr6	143500000	143750000	0.129504
chr6	143750000	144000000	0.0809462
chr6	144000000	144250000	0.167176
chr6	144250000	144500000	0.203948
chr6	144500000	144750000	0.0453157
chr6	144750000	145000000	0.032204
chr6	145000000	145250000	-0.00954548
chr6	145250000	145500000	-0.144696
chr6	145500000	145750000	-0.131832
chr6	145750000	146000000	-0.355745
chr6	146000000	146250000	-0.501946
chr6	146250000	146500000	-0.567822
chr6	146500000	146750000	-0.500275
chr6	146750000	147000000	-0.575532
chr6	147000000	147250000	-0.720685
chr6	147250000	147500000	-0.380167
chr6	147500000	147750000	-0.367035
chr6	147750000	148000000	-0.430262
chr6	148000000	148250000	-0.400272
chr6	148250000	148500000	-0.185839
chr6	148500000	148750000	0.0445335
chr6	148750000	149000000	0.0972456
chr6	149000000	149250000	0.264253
chr6	149250000	149500000	0.330996
chr6	149500000	149750000	0.544391
chr6	149750000	150000000	0.518294
chr6	150000000	150250000	0.210349
chr6	150250000	150500000	0.119044
chr6	150500000	150750000	0.0924562
chr6	150750000	151000000	0.244447
chr6	151000000	151250000	0.225662
chr6	151250000	151500000	0.0906871
chr6	151500000	151750000	-0.320434
chr6	151750000	152000000	-0.749405
chr6	152000000	152250000	-0.570904
chr6	152250000	152500000	-0.390071
chr6	152500000	152750000	-0.473762
chr6	152750000	153000000	-0.617442
chr6	153000000	153250000	-0.621689
chr6	153250000	153500000	-0.793433
chr6	153500000	153750000	-0.820021
chr6	153750000	154000000	-0.805857
chr6	154000000	154250000	-0.843767
chr6	154250000	154500000	-0.69069
chr6	154500000	154750000	-0.354705
chr6	154750000	155000000	-0.128429
chr6	155000000	155250000	-0.186666
chr6	155250000	155500000	-0.565371
chr6	155500000	155750000	-0.748962
chr6	155750000	156000000	-0.913229
chr6	156000000	156250000	-0.918683
chr6	156250000	156500000	-0.892557
chr6	156500000	156750000	-0.578077
chr6	156750000	157000000	-0.282077
chr6	157000000	157250000	-0.201943
chr6	157250000	157500000	0.208673
chr6	157500000	157750000	0.281348
chr6	157750000	158000000	0.454351
chr6	158000000	158250000	0.454852
chr6	158250000	158500000	0.398083
chr6	158500000	158750000	0.435228
chr6	158750000	159000000	0.30589
chr6	159000000	159250000	-0.212597
chr6	159250000	159500000	-0.707599
chr6	159500000	159750000	-0.454506
chr6	159750000	160000000	-0.167953
chr6	160000000	160250000	-0.218089
chr6	160250000	160500000	-0.340379
chr6	160500000	160750000	-0.681316
chr6	160750000	161000000	-0.270319
chr6	161000000	161250000	-0.244019
chr6	161250000	161500000	-0.326855
chr6	161500000	161750000	-0.625468
chr6	161750000	162000000	-0.660996
chr6	162000000	162250000	-0.752584
chr6	162250000	162500000	-0.651498
chr6	162500000	162750000	-0.72232
chr6	162750000	163000000	-0.554249
chr6	163000000	163250000	-0.5472
chr6	163250000	163500000	-0.384074
chr6	163500000	163750000	-0.402353
chr6	163750000	164000000	-0.424154
chr6	164000000	164250000	-0.571798
chr6	164250000	164500000	-0.778317
chr6	164500000	164750000	-0.825594
chr6	164750000	165000000	-0.679148
chr6	165000000	165250000	-0.898908
chr6	165250000	165500000	-0.722979
chr6	165500000	165750000	-0.484678
chr6	165750000	166000000	-0.421971
chr6	166000000	166250000	-0.159038
chr6	166250000	166500000	0.253214
chr6	166500000	166750000	0.347984
chr6	166750000	167000000	0.45526
chr6	167000000	167250000	0.625161
chr6	167250000	167500000	0.646242
chr6	167500000	167750000	0.6801
chr6	167750000	168000000	0.770252
chr6	168000000	168250000	0.634299
chr6	168250000	168500000	0.555796
chr6	168500000	168750000	0.411154
chr6	168750000	169000000	0.300323
chr6	169000000	169250000	0.145497
chr6	169250000	169500000	0.172788
chr6	169500000	169750000	0.302432
chr6	169750000	170000000	0.470011
chr6	170000000	170250000	0.466565
chr6	170250000	170500000	0.399139
chr6	170500000	170750000	0.226438
chr6	170750000	170805979	nan
#bedGraph section chr7:0-159345973
chr7	0	250000	0.792894
chr7	250000	500000	0.806171
chr7	500000	750000	0.726103
chr7	750000	1000000	0.833381
chr7	1000000	1250000	0.858804
chr7	1250000	1500000	0.796855
chr7	1500000	1750000	0.749918
chr7	1750000	2000000	0.747448
chr7	2000000	2250000	0.787586
chr7	2250000	2500000	0.922575
chr7	2500000	2750000	0.890964
chr7	2750000	3000000	0.65419
chr7	3000000	3250000	0.569733
chr7	3250000	3500000	0.477046
chr7	3500000	3750000	0.350245
chr7	3750000	4000000	0.389917
chr7	4000000	4250000	0.393871
chr7	4250000	4500000	0.383829
chr7	4500000	4750000	0.668743
chr7	4750000	5000000	0.793149
chr7	5000000	5250000	0.847856
chr7	5250000	5500000	0.940943
chr7	5500000	5750000	1.11953
chr7	5750000	6000000	nan
chr7	6000000	6250000	0.978648
chr7	6250000	6500000	1.05835
chr7	6500000	6750000	0.745126
chr7	6750000	7000000	nan
chr7	7000000	7250000	0.170242
chr7	7250000	7500000	-0.0422918
chr7	7500000	7750000	-0.11006
chr7	7750000	8000000	-0.201829
chr7	8000000	8250000	-0.221627
chr7	8250000	8500000	-0.619498
chr7	8500000	8750000	-0.839414
chr7	8750000	9000000	-0.736944
chr7	9000000	9250000	-0.679135
chr7	9250000	9500000	-0.74936
chr7	9500000	9750000	-0.674605
chr7	9750000	10000000	-0.696637
chr7	10000000	10250000	-0.673819
chr7	10250000	10500000	-0.677497
chr7	10500000	10750000	-0.734102
chr7	10750000	11000000	-0.632789
chr7	11000000	11250000	-0.387629
chr7	11250000	11500000	-0.484153
chr7	11500000	11750000	-0.644869
chr7	11750000	12000000	-0.621082
chr7	12000000	12250000	-0.498269
chr7	12250000	12500000	-0.476928
chr7	12500000	12750000	-0.383728
chr7	12750000	13000000	-0.544097
chr7	13000000	13250000	-0.383809
chr7	13250000	13500000	-0.458234
chr7	13500000	13750000	-0.544594
chr7	13750000	14000000	-0.399297
chr7	14000000	14250000	-0.588472
chr7	14250000	14500000	-0.475679
chr7	14500000	14750000	-0.386192
chr7	14750000	15000000	-0.461503
chr7	15000000	15250000	-0.417242
chr7	15250000	15500000	-0.549139
chr7	15500000	15750000	-0.528538
chr7	15750000	16000000	-0.562156
chr7	16000000	16250000	-0.47554
chr7	16250000	16500000	-0.503277
chr7	16500000	16750000	-0.254789
chr7	16750000	17000000	-0.358357
chr7	17000000	17250000	-0.542021
chr7	17250000	17500000	-0.608196
chr7	17500000	17750000	-0.42595
chr7	17750000	18000000	-0.450101
chr7	18000000	18250000	-0.490606
chr7	18250000	18500000	-0.457969
chr7	18500000	18750000	-0.497969
chr7	18750000	19000000	-0.566209
chr7	19000000	19250000	-0.563153
chr7	19250000	19500000	-0.690845
chr7	19500000	19750000	-0.549565
chr7	19750000	20000000	-0.726388
chr7	20000000	20250000	-0.519512
chr7	20250000	20500000	-0.577793
chr7	20500000	20750000	-0.485073
chr7	20750000	21000000	-0.179351
chr7	21000000	21250000	-0.141607
chr7	21250000	21500000	-0.130582
chr7	21500000	21750000	-0.20151
chr7	21750000	22000000	-0.0367511
chr7	22000000	22250000	0.157534
chr7	22250000	22500000	0.169887
chr7	22500000	22750000	0.291248
chr7	22750000	23000000	0.486394
chr7	23000000	23250000	0.434866
chr7	23250000	23500000	0.554236
chr7	23500000	23750000	0.302015
chr7	23750000	24000000	0.0258558
chr7	24000000	24250000	-0.0990257
chr7	24250000	24500000	0.0137098
chr7	24500000	24750000	0.0579267
chr7	24750000	25000000	0.0304369
chr7	25000000	25250000	0.0607695
chr7	25250000	25500000	-0.0260859
chr7	25500000	25750000	0.0436613
chr7	25750000	26000000	0.163529
chr7	26000000	26250000	0.541785
chr7	26250000	26500000	0.221088
chr7	26500000	26750000	0.125142
chr7	26750000	27000000	-0.0462921
chr7	27000000	27250000	0.202363
chr7	27250000	27500000	0.334863
chr7	27500000	27750000	0.279246
chr7	27750000	28000000	0.253925
chr7	28000000	28250000	0.342337
chr7	28250000	28500000	0.393419
chr7	28500000	28750000	0.323154
chr7	28750000	29000000	0.367268
chr7	29000000	29250000	0.437659
chr7	29250000	29500000	0.426075
chr7	29500000	29750000	0.478996
chr7	29750000	30000000	0.418786
chr7	30000000	30250000	0.442207
chr7	30250000	30500000	0.449915
chr7	30500000	30750000	0.401394
chr7	30750000	31000000	0.156233
chr7	31000000	31250000	-0.0772615
chr7	31250000	31500000	-0.272105
chr7	31500000	31750000	-0.201068
chr7	31750000	32000000	-0.40024
chr7	32000000	32250000	-0.431455
chr7	32250000	32500000	-0.379283
chr7	32500000	32750000	-0.306889
chr7	32750000	33000000	-0.173943
chr7	33000000	33250000	-0.318099
chr7	33250000	33500000	-0.459492
chr7	33500000	33750000	-0.365883
chr7	33750000	34000000	-0.274242
chr7	34000000	34250000	-0.384531
chr7	34250000	34500000	-0.531021
chr7	34500000	34750000	-0.48438
chr7	34750000	35000000	-0.286744
chr7	35000000	35250000	-0.158357
chr7	35250000	35500000	-0.0668734
chr7	35500000	35750000	-0.0395226
chr7	35750000	36000000	0.157064
chr7	36000000	36250000	0.213449
chr7	36250000	36500000	0.141522
chr7	36500000	36750000	-0.0430139
chr7	36750000	37000000	-0.14152
chr7	37000000	37250000	-0.0350706
chr7	37250000	37500000	-0.0624973
chr7	37500000	37750000	-0.227527
chr7	37750000	38000000	-0.426872
chr7	38000000	38250000	-0.570702
chr7	38250000	38500000	-0.298735
chr7	38500000	38750000	-0.312135
chr7	38750000	39000000	-0.0759262
chr7	39000000	39250000	-0.101104
chr7	39250000	39500000	-0.105711
chr7	39500000	39750000	0.0313968
chr7	39750000	40000000	-0.0589097
chr7	40000000	40250000	-0.223142
chr7	40250000	40500000	-0.550774
chr7	40500000	40750000	-0.573097
chr7	40750000	41000000	-0.543481
chr7	41000000	41250000	-0.453692
chr7	41250000	41500000	-0.571245
chr7	41500000	41750000	-0.524242
chr7	41750000	42000000	-0.40731
chr7	42000000	42250000	-0.259007
chr7	42250000	42500000	-0.481757
chr7	42500000	42750000	-0.464147
chr7	42750000	43000000	-0.161154
chr7	43000000	43250000	0.000430877
chr7	43250000	43500000	0.0617772
chr7	43500000	43750000	0.222602
chr7	43750000	44000000	0.407623
chr7	44000000	44250000	0.768155
chr7	44250000	44500000	0.707934
chr7	44500000	44750000	0.666806
chr7	44750000	45000000	0.514653
chr7	45000000	45250000	0.180292
chr7	45250000	45500000	-0.297387
chr7	45500000	45750000	-0.16029
chr7	45750000	46000000	-0.222812
chr7	46000000	46250000	-0.433518
chr7	46250000	46500000	-0.352713
chr7	46500000	46750000	-0.36939
chr7	46750000	47000000	-0.291011
chr7	47000000	47250000	-0.160008
chr7	47250000	47500000	0.00809387
chr7	47500000	47750000	0.0416416
chr7	47750000	48000000	-0.113806
chr7	48000000	48250000	-0.347133
chr7	48250000	48500000	-0.497458
chr7	48500000	48750000	-0.689505
chr7	48750000	49000000	-0.524311
chr7	49000000	49250000	-0.539547
chr7	49250000	49500000	-0.588889
chr7	49500000	49750000	-0.614891
chr7	49750000	50000000	-0.526087
chr7	50000000	50250000	-0.60825
chr7	50250000	50500000	-0.379096
chr7	50500000	50750000	-0.108495
chr7	50750000	51000000	-0.123334
chr7	51000000	51250000	-0.193409
chr7	51250000	51500000	-0.261822
chr7	51500000	51750000	-0.394162
chr7	51750000	52000000	-0.471055
chr7	52000000	52250000	-0.401745
chr7	52250000	52500000	-0.451487
chr7	52500000	52750000	-0.376407
chr7	52750000	53000000	-0.407418
chr7	53000000	53250000	-0.32539
chr7	53250000	53500000	-0.443384
chr7	53500000	53750000	-0.531072
chr7	53750000	54000000	-0.586365
chr7	54000000	54250000	-0.574282
chr7	54250000	54500000	-0.595836
chr7	54500000	54750000	-0.490103
chr7	54750000	55000000	-0.497466
chr7	55000000	55250000	-0.482954
chr7	55250000	55500000	-0.37405
chr7	55500000	55750000	-0.392042
chr7	55750000	56000000	-0.434508
chr7	56000000	56250000	-0.255747
chr7	56250000	56500000	nan
chr7	56500000	56750000	nan
chr7	56750000	57000000	nan
chr7	57000000	57250000	nan
chr7	57250000	57500000	-0.472171
chr7	57500000	57750000	nan
chr7	57750000	58000000	nan
chr7	58000000	58250000	nan
chr7	58250000	58500000	nan
chr7	58500000	58750000	nan
chr7	58750000	59000000	nan
chr7	59000000	59250000	nan
chr7	59250000	59500000	nan
chr7	59500000	59750000	nan
chr7	59750000	60000000	nan
chr7	60000000	60250000	nan
chr7	60250000	60500000	nan
chr7	60500000	60750000	nan
chr7	60750000	61000000	nan
chr7	61000000	61250000	nan
chr7	61250000	61500000	nan
chr7	61500000	61750000	nan
chr7	61750000	62000000	-0.629219
chr7	62000000	62250000	nan
chr7	62250000	62500000	nan
chr7	62500000	62750000	-0.587873
chr7	62750000	63000000	-0.530371
chr7	63000000	63250000	nan
chr7	63250000	63500000	nan
chr7	63500000	63750000	nan
chr7	63750000	64000000	nan
chr7	64000000	64250000	nan
chr7	64250000	64500000	-0.689322
chr7	64500000	64750000	-0.663198
chr7	64750000	65000000	-0.525985
chr7	65000000	65250000	nan
chr7	65250000	65500000	-0.177758
chr7	65500000	65750000	nan
chr7	65750000	66000000	0.289833
chr7	66000000	66250000	0.707921
chr7	66250000	66500000	0.725677
chr7	66500000	66750000	0.905172
chr7	66750000	67000000	0.956521
chr7	67000000	67250000	0.941
chr7	67250000	67500000	0.802123
chr7	67500000	67750000	0.67267
chr7	67750000	68000000	0.657627
chr7	68000000	68250000	0.618533
chr7	68250000	68500000	0.59544
chr7	68500000	68750000	0.607713
chr7	68750000	69000000	0.620455
chr7	69000000	69250000	0.62126
chr7	69250000	69500000	0.573163
chr7	69500000	69750000	0.586784
chr7	69750000	70000000	0.578349
chr7	70000000	70250000	0.579902
chr7	70250000	70500000	0.562101
chr7	70500000	70750000	0.597994
chr7	70750000	71000000	0.634454
chr7	71000000	71250000	0.649512
chr7	71250000	71500000	0.690374
chr7	71500000	71750000	0.645527
chr7	71750000	72000000	0.618395
chr7	72000000	72250000	0.614698
chr7	72250000	72500000	0.634566
chr7	72500000	72750000	0.772529
chr7	72750000	73000000	1.00227
chr7	73000000	73250000	nan
chr7	73250000	73500000	1.06765
chr7	73500000	73750000	0.971797
chr7	73750000	74000000	0.910245
chr7	74000000	74250000	1.13865
chr7	74250000	74500000	0.97724
chr7	74500000	74750000	1.03637
chr7	74750000	75000000	nan
chr7	75000000	75250000	nan
chr7	75250000	75500000	nan
chr7	75500000	75750000	1.01659
chr7	75750000	76000000	1.12276
chr7	76000000	76250000	1.0737
chr7	76250000	76500000	0.947218
chr7	76500000	76750000	nan
chr7	76750000	77000000	nan
chr7	77000000	77250000	nan
chr7	77250000	77500000	0.248234
chr7	77500000	77750000	0.288594
chr7	77750000	78000000	-0.238044
chr7	78000000	78250000	-0.508703
chr7	78250000	78500000	-0.608661
chr7	78500000	78750000	-0.701522
chr7	78750000	79000000	-0.67579
chr7	79000000	79250000	-0.722357
chr7	79250000	79500000	-0.623442
chr7	79500000	79750000	-0.737109
chr7	79750000	80000000	-0.637405
chr7	80000000	80250000	-0.457043
chr7	80250000	80500000	-0.404863
chr7	80500000	80750000	-0.495632
chr7	80750000	81000000	-0.443186
chr7	81000000	81250000	-0.547982
chr7	81250000	81500000	-0.396611
chr7	81500000	81750000	-0.511754
chr7	81750000	82000000	-0.559369
chr7	82000000	82250000	-0.372963
chr7	82250000	82500000	-0.425377
chr7	82500000	82750000	-0.40328
chr7	82750000	83000000	-0.615207
chr7	83000000	83250000	-0.620813
chr7	83250000	83500000	-0.432288
chr7	83500000	83750000	-0.318116
chr7	83750000	84000000	-0.34253
chr7	84000000	84250000	-0.24972
chr7	84250000	84500000	-0.344967
chr7	84500000	84750000	-0.315508
chr7	84750000	85000000	-0.3002
chr7	85000000	85250000	-0.414174
chr7	85250000	85500000	-0.572617
chr7	85500000	85750000	-0.56209
chr7	85750000	86000000	-0.493728
chr7	86000000	86250000	-0.737435
chr7	86250000	86500000	-0.668623
chr7	86500000	86750000	-0.471752
chr7	86750000	87000000	-0.251516
chr7	87000000	87250000	-0.213919
chr7	87250000	87500000	-0.488026
chr7	87500000	87750000	-0.662908
chr7	87750000	88000000	-0.655929
chr7	88000000	88250000	-0.62896
chr7	88250000	88500000	-0.562888
chr7	88500000	88750000	-0.617855
chr7	88750000	89000000	-0.539765
chr7	89000000	89250000	-0.674664
chr7	89250000	89500000	-0.686539
chr7	89500000	89750000	-0.660601
chr7	89750000	90000000	-0.741652
chr7	90000000	90250000	-0.551988
chr7	90250000	90500000	-0.492819
chr7	90500000	90750000	-0.447561
chr7	90750000	91000000	-0.499951
chr7	91000000	91250000	-0.202653
chr7	91250000	91500000	-0.172778
chr7	91500000	91750000	-0.14236
chr7	91750000	92000000	-0.0684381
chr7	92000000	92250000	0.0567557
chr7	92250000	92500000	0.0510357
chr7	92500000	92750000	-0.0181759
chr7	92750000	93000000	-0.0462218
chr7	93000000	93250000	-0.23374
chr7	93250000	93500000	-0.313194
chr7	93500000	93750000	-0.189017
chr7	93750000	94000000	-0.292631
chr7	94000000	94250000	-0.237551
chr7	94250000	94500000	-0.158487
chr7	94500000	94750000	-0.401187
chr7	94750000	95000000	-0.488437
chr7	95000000	95250000	-0.381851
chr7	95250000	95500000	-0.444144
chr7	95500000	95750000	-0.389744
chr7	95750000	96000000	-0.215893
chr7	96000000	96250000	-0.30542
chr7	96250000	96500000	-0.282121
chr7	96500000	96750000	-0.421434
chr7	96750000	97000000	-0.450999
chr7	97000000	97250000	-0.391524
chr7	97250000	97500000	-0.579413
chr7	97500000	97750000	-0.6559
chr7	97750000	98000000	-0.298641
chr7	98000000	98250000	0.120832
chr7	98250000	98500000	0.438123
chr7	98500000	98750000	0.31599
chr7	98750000	99000000	0.64312
chr7	99000000	99250000	0.779079
chr7	99250000	99500000	0.982994
chr7	99500000	99750000	0.86753
chr7	99750000	100000000	0.890176
chr7	100000000	100250000	1.03282
chr7	100250000	100500000	1.00526
chr7	100500000	100750000	1.06785
chr7	100750000	101000000	1.0328
chr7	101000000	101250000	0.983398
chr7	101250000	101500000	1.0609
chr7	101500000	101750000	0.835907
chr7	101750000	102000000	0.807093
chr7	102000000	102250000	0.866188
chr7	102250000	102500000	1.00283
chr7	102500000	102750000	nan
chr7	102750000	103000000	-0.080896
chr7	103000000	103250000	-0.150167
chr7	103250000	103500000	-0.19019
chr7	103500000	103750000	-0.3881
chr7	103750000	104000000	-0.41715
chr7	104000000	104250000	-0.321514
chr7	104250000	104500000	-0.467983
chr7	104500000	104750000	-0.584337
chr7	104750000	105000000	-0.301873
chr7	105000000	105250000	0.284545
chr7	105250000	105500000	0.379316
chr7	105500000	105750000	0.240324
chr7	105750000	106000000	0.245546
chr7	106000000	106250000	0.139394
chr7	106250000	106500000	-0.133824
chr7	106500000	106750000	0.0110093
chr7	106750000	107000000	-0.109925
chr7	107000000	107250000	-0.0673604
chr7	107250000	107500000	-0.0815902
chr7	107500000	107750000	-0.0480051
chr7	107750000	108000000	-0.0347922
chr7	108000000	108250000	-0.0479271
chr7	108250000	108500000	-0.135564
chr7	108500000	108750000	-0.457254
chr7	108750000	109000000	-0.681653
chr7	109000000	109250000	-0.674619
chr7	109250000	109500000	-0.676256
chr7	109500000	109750000	-0.619559
chr7	109750000	110000000	-0.473692
chr7	110000000	110250000	-0.547031
chr7	110250000	110500000	-0.435507
chr7	110500000	110750000	-0.550021
chr7	110750000	111000000	-0.573071
chr7	111000000	111250000	-0.549901
chr7	111250000	111500000	-0.677397
chr7	111500000	111750000	-0.586241
chr7	111750000	112000000	-0.375248
chr7	112000000	112250000	-0.327851
chr7	112250000	112500000	-0.294029
chr7	112500000	112750000	-0.464033
chr7	112750000	113000000	-0.504249
chr7	113000000	113250000	-0.675678
chr7	113250000	113500000	-0.877264
chr7	113500000	113750000	-0.830927
chr7	113750000	114000000	-0.767125
chr7	114000000	114250000	-0.564907
chr7	114250000	114500000	-0.584164
chr7	114500000	114750000	-0.50312
chr7	114750000	115000000	-0.494343
chr7	115000000	115250000	-0.518606
chr7	115250000	115500000	-0.547465
chr7	115500000	115750000	-0.647907
chr7	115750000	116000000	-0.589426
chr7	116000000	116250000	-0.571104
chr7	116250000	116500000	-0.413274
chr7	116500000	116750000	-0.356878
chr7	116750000	117000000	-0.265604
chr7	117000000	117250000	-0.357179
chr7	117250000	117500000	-0.495455
chr7	117500000	117750000	-0.48642
chr7	117750000	118000000	-0.494561
chr7	118000000	118250000	-0.436165
chr7	118250000	118500000	-0.387816
chr7	118500000	118750000	-0.427062
chr7	118750000	119000000	-0.395532
chr7	119000000	119250000	-0.402228
chr7	119250000	119500000	-0.624163
chr7	119500000	119750000	-0.574201
chr7	119750000	120000000	-0.629395
chr7	120000000	120250000	-0.652925
chr7	120250000	120500000	-0.56305
chr7	120500000	120750000	-0.445914
chr7	120750000	121000000	-0.371524
chr7	121000000	121250000	-0.399308
chr7	121250000	121500000	-0.47138
chr7	121500000	121750000	-0.485792
chr7	121750000	122000000	-0.445077
chr7	122000000	122250000	-0.535836
chr7	122250000	122500000	-0.462439
chr7	122500000	122750000	-0.625996
chr7	122750000	123000000	-0.707843
chr7	123000000	123250000	-0.791544
chr7	123250000	123500000	-0.855856
chr7	123500000	123750000	-0.388737
chr7	123750000	124000000	-0.324174
chr7	124000000	124250000	-0.46253
chr7	124250000	124500000	-0.567749
chr7	124500000	124750000	-0.540598
chr7	124750000	125000000	-0.404346
chr7	125000000	125250000	-0.44337
chr7	125250000	125500000	-0.423633
chr7	125500000	125750000	-0.446952
chr7	125750000	126000000	-0.60033
chr7	126000000	126250000	-0.622323
chr7	126250000	126500000	-0.60323
chr7	126500000	126750000	-0.510785
chr7	126750000	127000000	-0.47607
chr7	127000000	127250000	-0.504774
chr7	127250000	127500000	-0.380804
chr7	127500000	127750000	-0.0420486
chr7	127750000	128000000	0.211629
chr7	128000000	128250000	0.334271
chr7	128250000	128500000	0.760679
chr7	128500000	128750000	1.03869
chr7	128750000	129000000	1.10207
chr7	129000000	129250000	1.034
chr7	129250000	129500000	0.844087
chr7	129500000	129750000	0.852631
chr7	129750000	130000000	0.88098
chr7	130000000	130250000	0.692392
chr7	130250000	130500000	0.657655
chr7	130500000	130750000	0.715582
chr7	130750000	131000000	0.570537
chr7	131000000	131250000	0.613444
chr7	131250000	131500000	0.672119
chr7	131500000	131750000	0.619426
chr7	131750000	132000000	0.514709
chr7	132000000	132250000	0.516593
chr7	132250000	132500000	0.501908
chr7	132500000	132750000	0.423758
chr7	132750000	133000000	0.316173
chr7	133000000	133250000	0.360063
chr7	133250000	133500000	0.25193
chr7	133500000	133750000	0.21815
chr7	133750000	134000000	0.222033
chr7	134000000	134250000	0.196272
chr7	134250000	134500000	0.146729
chr7	134500000	134750000	0.0795534
chr7	134750000	135000000	-0.0686805
chr7	135000000	135250000	-0.118132
chr7	135250000	135500000	0.000381932
chr7	135500000	135750000	0.0278612
chr7	135750000	136000000	-0.209295
chr7	136000000	136250000	-0.360931
chr7	136250000	136500000	-0.49806
chr7	136500000	136750000	-0.5787
chr7	136750000	137000000	-0.458542
chr7	137000000	137250000	-0.397973
chr7	137250000	137500000	-0.533336
chr7	137500000	137750000	-0.283631
chr7	137750000	138000000	-0.0934022
chr7	138000000	138250000	0.0633306
chr7	138250000	138500000	0.1458
chr7	138500000	138750000	0.119292
chr7	138750000	139000000	0.285263
chr7	139000000	139250000	0.558022
chr7	139250000	139500000	0.683279
chr7	139500000	139750000	0.638951
chr7	139750000	140000000	0.594364
chr7	140000000	140250000	0.68711
chr7	140250000	140500000	0.640454
chr7	140500000	140750000	0.404293
chr7	140750000	141000000	0.193258
chr7	141000000	141250000	0.0421485
chr7	141250000	141500000	-0.125662
chr7	141500000	141750000	-0.0763512
chr7	141750000	142000000	-0.382765
chr7	142000000	142250000	-0.439098
chr7	142250000	142500000	-0.267819
chr7	142500000	142750000	0.121032
chr7	142750000	143000000	0.109688
chr7	143000000	143250000	-0.211337
chr7	143250000	143500000	-0.000971863
chr7	143500000	143750000	nan
chr7	143750000	144000000	-0.510124
chr7	144000000	144250000	-0.670328
chr7	144250000	144500000	nan
chr7	144500000	144750000	-0.63453
chr7	144750000	145000000	-0.709557
chr7	145000000	145250000	-0.776038
chr7	145250000	145500000	-0.954048
chr7	145500000	145750000	-0.917272
chr7	145750000	146000000	-0.766696
chr7	146000000	146250000	-0.579747
chr7	146250000	146500000	-0.616417
chr7	146500000	146750000	-0.699469
chr7	146750000	147000000	-0.533279
chr7	147000000	147250000	-0.561478
chr7	147250000	147500000	-0.597099
chr7	147500000	147750000	-0.5326
chr7	147750000	148000000	-0.522607
chr7	148000000	148250000	-0.473557
chr7	148250000	148500000	-0.153502
chr7	148500000	148750000	0.134848
chr7	148750000	149000000	0.272021
chr7	149000000	149250000	0.554325
chr7	149250000	149500000	0.356706
chr7	149500000	149750000	0.523826
chr7	149750000	150000000	0.328051
chr7	150000000	150250000	nan
chr7	150250000	150500000	0.139798
chr7	150500000	150750000	-0.267011
chr7	150750000	151000000	0.195869
chr7	151000000	151250000	0.872923
chr7	151250000	151500000	0.914534
chr7	151500000	151750000	0.8042
chr7	151750000	152000000	0.578109
chr7	152000000	152250000	0.437263
chr7	152250000	152500000	0.352874
chr7	152500000	152750000	0.284347
chr7	152750000	153000000	0.116033
chr7	153000000	153250000	-0.100989
chr7	153250000	153500000	-0.19141
chr7	153500000	153750000	-0.208607
chr7	153750000	154000000	-0.1784
chr7	154000000	154250000	-0.193648
chr7	154250000	154500000	-0.231354
chr7	154500000	154750000	-0.245589
chr7	154750000	155000000	0.109878
chr7	155000000	155250000	0.227745
chr7	155250000	155500000	0.312431
chr7	155500000	155750000	0.412593
chr7	155750000	156000000	0.0287342
chr7	156000000	156250000	0.0223938
chr7	156250000	156500000	-0.0721003
chr7	156500000	156750000	0.105554
chr7	156750000	157000000	0.322914
chr7	157000000	157250000	0.458156
chr7	157250000	157500000	0.455268
chr7	157500000	157750000	0.257615
chr7	157750000	158000000	0.227667
chr7	158000000	158250000	0.107534
chr7	158250000	158500000	0.18494
chr7	158500000	158750000	0.325113
chr7	158750000	159000000	0.304175
chr7	159000000	159250000	0.152141
chr7	159250000	159345973	nan
#bedGraph section chr8:0-145138636
chr8	0	250000	nan
chr8	250000	500000	-0.22354
chr8	500000	750000	0.0552038
chr8	750000	1000000	0.172688
chr8	1000000	1250000	0.169046
chr8	1250000	1500000	0.217221
chr8	1500000	1750000	0.324015
chr8	1750000	2000000	0.586165
chr8	2000000	2250000	0.116776
chr8	2250000	2500000	nan
chr8	2500000	2750000	-0.304541
chr8	2750000	3000000	-0.504494
chr8	3000000	3250000	-0.452348
chr8	3250000	3500000	-0.656913
chr8	3500000	3750000	-0.495677
chr8	3750000	4000000	-0.829015
chr8	4000000	4250000	-0.648445
chr8	4250000	4500000	-0.517907
chr8	4500000	4750000	-0.531587
chr8	4750000	5000000	-0.559125
chr8	5000000	5250000	-0.647523
chr8	5250000	5500000	-0.815097
chr8	5500000	5750000	-0.789407
chr8	5750000	6000000	-0.898516
chr8	6000000	6250000	-0.769205
chr8	6250000	6500000	-0.401108
chr8	6500000	6750000	-0.0845288
chr8	6750000	7000000	0.366884
chr8	7000000	7250000	nan
chr8	7250000	7500000	nan
chr8	7500000	7750000	nan
chr8	7750000	8000000	nan
chr8	8000000	8250000	nan
chr8	8250000	8500000	0.762259
chr8	8500000	8750000	0.714268
chr8	8750000	9000000	0.770435
chr8	9000000	9250000	0.730558
chr8	9250000	9500000	0.596016
chr8	9500000	9750000	0.467673
chr8	9750000	10000000	0.528882
chr8	10000000	10250000	0.36219
chr8	10250000	10500000	0.467548
chr8	10500000	10750000	0.667349
chr8	10750000	11000000	0.696768
chr8	11000000	11250000	0.726726
chr8	11250000	11500000	0.750083
chr8	11500000	11750000	0.785435
chr8	11750000	12000000	0.829005
chr8	12000000	12250000	nan
chr8	12250000	12500000	nan
chr8	12500000	12750000	0.530062
chr8	12750000	13000000	0.0849232
chr8	13000000	13250000	-0.0960985
chr8	13250000	13500000	-0.279886
chr8	13500000	13750000	-0.43166
chr8	13750000	14000000	-0.743562
chr8	14000000	14250000	-0.834497
chr8	14250000	14500000	-0.607004
chr8	14500000	14750000	-0.641324
chr8	14750000	15000000	-0.619187
chr8	15000000	15250000	-0.816212
chr8	15250000	15500000	-0.61365
chr8	15500000	15750000	-0.374137
chr8	15750000	16000000	-0.432721
chr8	16000000	16250000	-0.283753
chr8	16250000	16500000	-0.497704
chr8	16500000	16750000	-0.361394
chr8	16750000	17000000	-0.14887
chr8	17000000	17250000	0.0178305
chr8	17250000	17500000	0.137104
chr8	17500000	17750000	0.161236
chr8	17750000	18000000	0.190101
chr8	18000000	18250000	-0.250828
chr8	18250000	18500000	-0.476444
chr8	18500000	18750000	-0.330978
chr8	18750000	19000000	-0.0776568
chr8	19000000	19250000	0.123529
chr8	19250000	19500000	0.216953
chr8	19500000	19750000	0.145296
chr8	19750000	20000000	0.167994
chr8	20000000	20250000	0.321256
chr8	20250000	20500000	0.529206
chr8	20500000	20750000	0.342071
chr8	20750000	21000000	0.312416
chr8	21000000	21250000	0.279759
chr8	21250000	21500000	0.282225
chr8	21500000	21750000	0.422754
chr8	21750000	22000000	0.660613
chr8	22000000	22250000	0.820519
chr8	22250000	22500000	0.863849
chr8	22500000	22750000	0.906369
chr8	22750000	23000000	0.826817
chr8	23000000	23250000	0.845008
chr8	23250000	23500000	0.661926
chr8	23500000	23750000	0.531043
chr8	23750000	24000000	0.423181
chr8	24000000	24250000	0.361732
chr8	24250000	24500000	0.216363
chr8	24500000	24750000	0.00285286
chr8	24750000	25000000	-0.017782
chr8	25000000	25250000	0.141928
chr8	25250000	25500000	0.156542
chr8	25500000	25750000	0.180499
chr8	25750000	26000000	0.174124
chr8	26000000	26250000	0.316465
chr8	26250000	26500000	0.459467
chr8	26500000	26750000	0.276376
chr8	26750000	27000000	-0.0138136
chr8	27000000	27250000	0.0443499
chr8	27250000	27500000	0.480737
chr8	27500000	27750000	0.638474
chr8	27750000	28000000	0.674024
chr8	28000000	28250000	0.681925
chr8	28250000	28500000	0.751445
chr8	28500000	28750000	0.775815
chr8	28750000	29000000	0.776157
chr8	29000000	29250000	0.804664
chr8	29250000	29500000	0.716815
chr8	29500000	29750000	0.76351
chr8	29750000	30000000	0.782644
chr8	30000000	30250000	0.731573
chr8	30250000	30500000	0.641015
chr8	30500000	30750000	0.581867
chr8	30750000	31000000	0.110427
chr8	31000000	31250000	-0.104293
chr8	31250000	31500000	-0.358644
chr8	31500000	31750000	-0.41676
chr8	31750000	32000000	-0.554093
chr8	32000000	32250000	-0.29506
chr8	32250000	32500000	-0.146615
chr8	32500000	32750000	-0.188524
chr8	32750000	33000000	-0.280738
chr8	33000000	33250000	-0.0798601
chr8	33250000	33500000	0.0868674
chr8	33500000	33750000	0.297658
chr8	33750000	34000000	0.0104748
chr8	34000000	34250000	-0.0510111
chr8	34250000	34500000	0.0372232
chr8	34500000	34750000	-0.0584051
chr8	34750000	35000000	0.0477993
chr8	35000000	35250000	0.124887
chr8	35250000	35500000	0.188232
chr8	35500000	35750000	0.197467
chr8	35750000	36000000	0.168155
chr8	36000000	36250000	0.0260413
chr8	36250000	36500000	-0.128829
chr8	36500000	36750000	-0.122688
chr8	36750000	37000000	0.143474
chr8	37000000	37250000	0.272267
chr8	37250000	37500000	0.396076
chr8	37500000	37750000	0.481172
chr8	37750000	38000000	0.751712
chr8	38000000	38250000	0.849076
chr8	38250000	38500000	0.779621
chr8	38500000	38750000	0.76458
chr8	38750000	39000000	0.295848
chr8	39000000	39250000	-0.451958
chr8	39250000	39500000	-0.712014
chr8	39500000	39750000	-0.639917
chr8	39750000	40000000	-0.10659
chr8	40000000	40250000	0.227831
chr8	40250000	40500000	0.216825
chr8	40500000	40750000	0.0722709
chr8	40750000	41000000	0.199258
chr8	41000000	41250000	0.31037
chr8	41250000	41500000	0.486104
chr8	41500000	41750000	0.705879
chr8	41750000	42000000	0.730612
chr8	42000000	42250000	0.631068
chr8	42250000	42500000	0.653279
chr8	42500000	42750000	0.490055
chr8	42750000	43000000	0.24428
chr8	43000000	43250000	-0.518995
chr8	43250000	43500000	-0.962509
chr8	43500000	43750000	-0.761918
chr8	43750000	44000000	-0.753109
chr8	44000000	44250000	nan
chr8	44250000	44500000	nan
chr8	44500000	44750000	nan
chr8	44750000	45000000	nan
chr8	45000000	45250000	nan
chr8	45250000	45500000	nan
chr8	45500000	45750000	nan
chr8	45750000	46000000	nan
chr8	46000000	46250000	-0.5817
chr8	46250000	46500000	-0.602227
chr8	46500000	46750000	-0.764998
chr8	46750000	47000000	-0.784609
chr8	47000000	47250000	-0.8098
chr8	47250000	47500000	-0.742496
chr8	47500000	47750000	-0.583896
chr8	47750000	48000000	-0.0831259
chr8	48000000	48250000	-0.197278
chr8	48250000	48500000	-0.172509
chr8	48500000	48750000	-0.13183
chr8	48750000	49000000	-0.323327
chr8	49000000	49250000	-0.788499
chr8	49250000	49500000	-0.54563
chr8	49500000	49750000	-0.608565
chr8	49750000	50000000	-0.484112
chr8	50000000	50250000	-0.476948
chr8	50250000	50500000	-0.540371
chr8	50500000	50750000	-0.562716
chr8	50750000	51000000	-0.60504
chr8	51000000	51250000	-0.589283
chr8	51250000	51500000	-0.573019
chr8	51500000	51750000	-0.43343
chr8	51750000	52000000	-0.359714
chr8	52000000	52250000	-0.595127
chr8	52250000	52500000	-0.540051
chr8	52500000	52750000	-0.373337
chr8	52750000	53000000	-0.406159
chr8	53000000	53250000	-0.468887
chr8	53250000	53500000	-0.470126
chr8	53500000	53750000	-0.361235
chr8	53750000	54000000	-0.0444495
chr8	54000000	54250000	0.159387
chr8	54250000	54500000	0.254677
chr8	54500000	54750000	-0.181869
chr8	54750000	55000000	-0.521207
chr8	55000000	55250000	-0.576647
chr8	55250000	55500000	-0.482238
chr8	55500000	55750000	-0.559702
chr8	55750000	56000000	-0.246157
chr8	56000000	56250000	-0.347903
chr8	56250000	56500000	-0.689368
chr8	56500000	56750000	-0.701336
chr8	56750000	57000000	-0.556292
chr8	57000000	57250000	-0.712665
chr8	57250000	57500000	-0.661112
chr8	57500000	57750000	-0.534552
chr8	57750000	58000000	-0.556793
chr8	58000000	58250000	-0.491049
chr8	58250000	58500000	-0.470493
chr8	58500000	58750000	-0.245525
chr8	58750000	59000000	-0.38944
chr8	59000000	59250000	-0.474694
chr8	59250000	59500000	-0.677673
chr8	59500000	59750000	-0.772591
chr8	59750000	60000000	-0.612637
chr8	60000000	60250000	-0.449596
chr8	60250000	60500000	-0.194723
chr8	60500000	60750000	0.0506938
chr8	60750000	61000000	0.27171
chr8	61000000	61250000	-0.0807524
chr8	61250000	61500000	-0.486843
chr8	61500000	61750000	-0.461717
chr8	61750000	62000000	-0.551371
chr8	62000000	62250000	-0.524049
chr8	62250000	62500000	-0.552544
chr8	62500000	62750000	-0.618783
chr8	62750000	63000000	-0.557042
chr8	63000000	63250000	-0.344862
chr8	63250000	63500000	-0.545111
chr8	63500000	63750000	-0.626264
chr8	63750000	64000000	-0.683431
chr8	64000000	64250000	-0.714731
chr8	64250000	64500000	-0.550339
chr8	64500000	64750000	-0.460778
chr8	64750000	65000000	-0.516996
chr8	65000000	65250000	-0.280684
chr8	65250000	65500000	-0.352491
chr8	65500000	65750000	-0.184661
chr8	65750000	66000000	-0.215304
chr8	66000000	66250000	-0.196329
chr8	66250000	66500000	-0.16355
chr8	66500000	66750000	0.152979
chr8	66750000	67000000	0.281509
chr8	67000000	67250000	0.298012
chr8	67250000	67500000	-0.0728976
chr8	67500000	67750000	-0.412926
chr8	67750000	68000000	-0.454504
chr8	68000000	68250000	-0.538214
chr8	68250000	68500000	-0.526606
chr8	68500000	68750000	-0.508604
chr8	68750000	69000000	-0.539638
chr8	69000000	69250000	-0.430731
chr8	69250000	69500000	-0.302376
chr8	69500000	69750000	-0.135944
chr8	69750000	70000000	-0.206968
chr8	70000000	70250000	0.0951813
chr8	70250000	70500000	0.173064
chr8	70500000	70750000	-0.233376
chr8	70750000	71000000	-0.45791
chr8	71000000	71250000	-0.444747
chr8	71250000	71500000	-0.284827
chr8	71500000	71750000	-0.196045
chr8	71750000	72000000	-0.226599
chr8	72000000	72250000	-0.161477
chr8	72250000	72500000	-0.299485
chr8	72500000	72750000	-0.192395
chr8	72750000	73000000	-0.0528787
chr8	73000000	73250000	0.0265417
chr8	73250000	73500000	0.275964
chr8	73500000	73750000	0.24272
chr8	73750000	74000000	0.359352
chr8	74000000	74250000	-0.0464591
chr8	74250000	74500000	-0.324944
chr8	74500000	74750000	-0.443533
chr8	74750000	75000000	-0.504918
chr8	75000000	75250000	-0.647642
chr8	75250000	75500000	-0.602342
chr8	75500000	75750000	-0.627716
chr8	75750000	76000000	-0.760562
chr8	76000000	76250000	-0.721151
chr8	76250000	76500000	-0.46499
chr8	76500000	76750000	-0.433443
chr8	76750000	77000000	-0.273543
chr8	77000000	77250000	-0.479262
chr8	77250000	77500000	-0.520048
chr8	77500000	77750000	-0.589142
chr8	77750000	78000000	-0.737111
chr8	78000000	78250000	-0.707559
chr8	78250000	78500000	-0.536876
chr8	78500000	78750000	-0.50741
chr8	78750000	79000000	-0.496219
chr8	79000000	79250000	-0.398262
chr8	79250000	79500000	-0.319269
chr8	79500000	79750000	-0.180448
chr8	79750000	80000000	0.171814
chr8	80000000	80250000	0.108827
chr8	80250000	80500000	0.285998
chr8	80500000	80750000	0.102575
chr8	80750000	81000000	-0.0865604
chr8	81000000	81250000	0.146719
chr8	81250000	81500000	0.206705
chr8	81500000	81750000	0.152146
chr8	81750000	82000000	-0.226979
chr8	82000000	82250000	-0.538102
chr8	82250000	82500000	-0.591224
chr8	82500000	82750000	-0.528565
chr8	82750000	83000000	-0.700328
chr8	83000000	83250000	-0.668941
chr8	83250000	83500000	-0.584371
chr8	83500000	83750000	-0.652433
chr8	83750000	84000000	-0.548493
chr8	84000000	84250000	-0.54242
chr8	84250000	84500000	-0.579269
chr8	84500000	84750000	-0.391295
chr8	84750000	85000000	-0.38254
chr8	85000000	85250000	-0.209536
chr8	85250000	85500000	-0.383807
chr8	85500000	85750000	-0.641791
chr8	85750000	86000000	-0.548743
chr8	86000000	86250000	-0.37853
chr8	86250000	86500000	-0.305718
chr8	86500000	86750000	-0.455422
chr8	86750000	87000000	-0.412839
chr8	87000000	87250000	-0.638792
chr8	87250000	87500000	-0.768309
chr8	87500000	87750000	-0.524937
chr8	87750000	88000000	-0.391085
chr8	88000000	88250000	-0.235027
chr8	88250000	88500000	-0.399738
chr8	88500000	88750000	-0.536511
chr8	88750000	89000000	-0.620223
chr8	89000000	89250000	-0.667199
chr8	89250000	89500000	-0.66828
chr8	89500000	89750000	-0.519105
chr8	89750000	90000000	-0.0768492
chr8	90000000	90250000	-0.224956
chr8	90250000	90500000	-0.308166
chr8	90500000	90750000	-0.233192
chr8	90750000	91000000	-0.432622
chr8	91000000	91250000	-0.554808
chr8	91250000	91500000	-0.570819
chr8	91500000	91750000	-0.557843
chr8	91750000	92000000	-0.334218
chr8	92000000	92250000	-0.141863
chr8	92250000	92500000	-0.360716
chr8	92500000	92750000	-0.364287
chr8	92750000	93000000	-0.273089
chr8	93000000	93250000	-0.204073
chr8	93250000	93500000	-0.0996454
chr8	93500000	93750000	0.0355144
chr8	93750000	94000000	0.205778
chr8	94000000	94250000	-0.150576
chr8	94250000	94500000	0.0898673
chr8	94500000	94750000	0.536873
chr8	94750000	95000000	0.458633
chr8	95000000	95250000	0.289697
chr8	95250000	95500000	-0.306697
chr8	95500000	95750000	-0.610137
chr8	95750000	96000000	-0.460866
chr8	96000000	96250000	-0.27
chr8	96250000	96500000	0.00412931
chr8	96500000	96750000	-0.262702
chr8	96750000	97000000	-0.32602
chr8	97000000	97250000	-0.144251
chr8	97250000	97500000	-0.13052
chr8	97500000	97750000	0.190755
chr8	97750000	98000000	0.682761
chr8	98000000	98250000	0.310687
chr8	98250000	98500000	-0.106752
chr8	98500000	98750000	-0.326782
chr8	98750000	99000000	-0.0491081
chr8	99000000	99250000	-0.32945
chr8	99250000	99500000	-0.449773
chr8	99500000	99750000	-0.745092
chr8	99750000	100000000	-0.54414
chr8	100000000	100250000	-0.00729339
chr8	100250000	100500000	0.408001
chr8	100500000	100750000	0.557608
chr8	100750000	101000000	0.716698
chr8	101000000	101250000	0.723232
chr8	101250000	101500000	0.598002
chr8	101500000	101750000	0.437526
chr8	101750000	102000000	0.346147
chr8	102000000	102250000	0.353764
chr8	102250000	102500000	0.748096
chr8	102500000	102750000	0.597845
chr8	102750000	103000000	0.532843
chr8	103000000	103250000	0.14097
chr8	103250000	103500000	-0.0316223
chr8	103500000	103750000	-0.405368
chr8	103750000	104000000	-0.524376
chr8	104000000	104250000	-0.425882
chr8	104250000	104500000	-0.143545
chr8	104500000	104750000	-0.281782
chr8	104750000	105000000	-0.36922
chr8	105000000	105250000	-0.552524
chr8	105250000	105500000	-0.42177
chr8	105500000	105750000	-0.279264
chr8	105750000	106000000	-0.544667
chr8	106000000	106250000	-0.646514
chr8	106250000	106500000	-0.718864
chr8	106500000	106750000	-0.454645
chr8	106750000	107000000	-0.327737
chr8	107000000	107250000	-0.426848
chr8	107250000	107500000	-0.396694
chr8	107500000	107750000	-0.470577
chr8	107750000	108000000	-0.47853
chr8	108000000	108250000	-0.333854
chr8	108250000	108500000	-0.38108
chr8	108500000	108750000	-0.415488
chr8	108750000	109000000	-0.297207
chr8	109000000	109250000	-0.30846
chr8	109250000	109500000	-0.22829
chr8	109500000	109750000	-0.207209
chr8	109750000	110000000	-0.564826
chr8	110000000	110250000	-0.628008
chr8	110250000	110500000	-0.615214
chr8	110500000	110750000	-0.601221
chr8	110750000	111000000	-0.593309
chr8	111000000	111250000	-0.579742
chr8	111250000	111500000	-0.498544
chr8	111500000	111750000	-0.713941
chr8	111750000	112000000	-0.44854
chr8	112000000	112250000	-0.64334
chr8	112250000	112500000	-0.47644
chr8	112500000	112750000	-0.451084
chr8	112750000	113000000	-0.198625
chr8	113000000	113250000	-0.294143
chr8	113250000	113500000	-0.301123
chr8	113500000	113750000	-0.682012
chr8	113750000	114000000	-0.657967
chr8	114000000	114250000	-0.444816
chr8	114250000	114500000	-0.414693
chr8	114500000	114750000	-0.489459
chr8	114750000	115000000	-0.588092
chr8	115000000	115250000	-0.554931
chr8	115250000	115500000	-0.545314
chr8	115500000	115750000	-0.51322
chr8	115750000	116000000	-0.649652
chr8	116000000	116250000	-0.623473
chr8	116250000	116500000	-0.452087
chr8	116500000	116750000	-0.154792
chr8	116750000	117000000	-0.140437
chr8	117000000	117250000	-0.365395
chr8	117250000	117500000	-0.326508
chr8	117500000	117750000	-0.199874
chr8	117750000	118000000	0.0376768
chr8	118000000	118250000	-0.00600451
chr8	118250000	118500000	-0.250491
chr8	118500000	118750000	-0.187686
chr8	118750000	119000000	-0.358036
chr8	119000000	119250000	-0.306123
chr8	119250000	119500000	-0.483568
chr8	119500000	119750000	-0.347831
chr8	119750000	120000000	-0.149703
chr8	120000000	120250000	-0.36793
chr8	120250000	120500000	-0.318273
chr8	120500000	120750000	-0.292889
chr8	120750000	121000000	-0.0129256
chr8	121000000	121250000	-0.124746
chr8	121250000	121500000	-0.0743494
chr8	121500000	121750000	0.188992
chr8	121750000	122000000	0.227791
chr8	122000000	122250000	0.14126
chr8	122250000	122500000	0.0613347
chr8	122500000	122750000	0.292916
chr8	122750000	123000000	0.351486
chr8	123000000	123250000	0.525885
chr8	123250000	123500000	0.608821
chr8	123500000	123750000	0.628507
chr8	123750000	124000000	0.570169
chr8	124000000	124250000	0.645336
chr8	124250000	124500000	0.621773
chr8	124500000	124750000	0.749357
chr8	124750000	125000000	0.712336
chr8	125000000	125250000	0.739681
chr8	125250000	125500000	0.686662
chr8	125500000	125750000	0.703554
chr8	125750000	126000000	0.515229
chr8	126000000	126250000	0.399243
chr8	126250000	126500000	0.480724
chr8	126500000	126750000	0.481135
chr8	126750000	127000000	0.43196
chr8	127000000	127250000	0.342759
chr8	127250000	127500000	0.350226
chr8	127500000	127750000	0.414567
chr8	127750000	128000000	0.577854
chr8	128000000	128250000	0.426864
chr8	128250000	128500000	0.51816
chr8	128500000	128750000	0.377066
chr8	128750000	129000000	0.380282
chr8	129000000	129250000	0.305777
chr8	129250000	129500000	0.333596
chr8	129500000	129750000	0.434175
chr8	129750000	130000000	0.389613
chr8	130000000	130250000	0.271154
chr8	130250000	130500000	0.151882
chr8	130500000	130750000	-0.13148
chr8	130750000	131000000	-0.487006
chr8	131000000	131250000	-0.489108
chr8	131250000	131500000	-0.438768
chr8	131500000	131750000	-0.527334
chr8	131750000	132000000	-0.244148
chr8	132000000	132250000	-0.272522
chr8	132250000	132500000	-0.202546
chr8	132500000	132750000	-0.315562
chr8	132750000	133000000	-0.0326277
chr8	133000000	133250000	0.127625
chr8	133250000	133500000	0.0750823
chr8	133500000	133750000	-0.225528
chr8	133750000	134000000	-0.314268
chr8	134000000	134250000	-0.660402
chr8	134250000	134500000	-0.66081
chr8	134500000	134750000	-0.351273
chr8	134750000	135000000	-0.0969408
chr8	135000000	135250000	-0.296199
chr8	135250000	135500000	-0.114252
chr8	135500000	135750000	-0.130599
chr8	135750000	136000000	-0.389621
chr8	136000000	136250000	-0.324517
chr8	136250000	136500000	-0.367082
chr8	136500000	136750000	-0.375211
chr8	136750000	137000000	-0.289064
chr8	137000000	137250000	-0.276876
chr8	137250000	137500000	-0.160206
chr8	137500000	137750000	-0.18942
chr8	137750000	138000000	-0.22758
chr8	138000000	138250000	-0.0645132
chr8	138250000	138500000	0.0314105
chr8	138500000	138750000	-0.0493853
chr8	138750000	139000000	-0.0174712
chr8	139000000	139250000	-0.28605
chr8	139250000	139500000	-0.0626787
chr8	139500000	139750000	-0.0147254
chr8	139750000	140000000	0.20947
chr8	140000000	140250000	0.19687
chr8	140250000	140500000	0.447142
chr8	140500000	140750000	0.786117
chr8	140750000	141000000	0.890266
chr8	141000000	141250000	0.821078
chr8	141250000	141500000	0.785888
chr8	141500000	141750000	0.698434
chr8	141750000	142000000	0.77157
chr8	142000000	142250000	0.701607
chr8	142250000	142500000	nan
chr8	142500000	142750000	0.710144
chr8	142750000	143000000	0.688969
chr8	143000000	143250000	0.65416
chr8	143250000	143500000	0.651925
chr8	143500000	143750000	0.578924
chr8	143750000	144000000	nan
chr8	144000000	144250000	0.601777
chr8	144250000	144500000	0.643954
chr8	144500000	144750000	0.698261
chr8	144750000	145000000	0.526532
chr8	145000000	145138636	nan
#bedGraph section chr9:0-138394717
chr9	0	250000	nan
chr9	250000	500000	-0.299786
chr9	500000	750000	-0.297616
chr9	750000	1000000	-0.396914
chr9	1000000	1250000	-0.832747
chr9	1250000	1500000	-0.844464
chr9	1500000	1750000	-0.882929
chr9	1750000	2000000	-0.716642
chr9	2000000	2250000	-0.52282
chr9	2250000	2500000	-0.577467
chr9	2500000	2750000	-0.399054
chr9	2750000	3000000	-0.528371
chr9	3000000	3250000	-0.874947
chr9	3250000	3500000	-0.668654
chr9	3500000	3750000	-0.547829
chr9	3750000	4000000	-0.392377
chr9	4000000	4250000	-0.443509
chr9	4250000	4500000	-0.372522
chr9	4500000	4750000	-0.424084
chr9	4750000	5000000	-0.572702
chr9	5000000	5250000	-0.624916
chr9	5250000	5500000	-0.645901
chr9	5500000	5750000	-0.49926
chr9	5750000	6000000	-0.172224
chr9	6000000	6250000	-0.254943
chr9	6250000	6500000	-0.171602
chr9	6500000	6750000	-0.0216138
chr9	6750000	7000000	-0.161189
chr9	7000000	7250000	-0.233687
chr9	7250000	7500000	-0.32597
chr9	7500000	7750000	-0.2346
chr9	7750000	8000000	-0.297466
chr9	8000000	8250000	-0.314806
chr9	8250000	8500000	-0.328855
chr9	8500000	8750000	-0.420669
chr9	8750000	9000000	-0.356923
chr9	9000000	9250000	-0.537273
chr9	9250000	9500000	-0.739462
chr9	9500000	9750000	-0.731549
chr9	9750000	10000000	-0.659105
chr9	10000000	10250000	-0.67129
chr9	10250000	10500000	-0.565102
chr9	10500000	10750000	-0.69633
chr9	10750000	11000000	-0.593665
chr9	11000000	11250000	-0.632279
chr9	11250000	11500000	-0.570373
chr9	11500000	11750000	-0.710855
chr9	11750000	12000000	-0.773136
chr9	12000000	12250000	-0.720169
chr9	12250000	12500000	-0.521354
chr9	12500000	12750000	-0.647455
chr9	12750000	13000000	-0.611928
chr9	13000000	13250000	-0.520167
chr9	13250000	13500000	-0.410556
chr9	13500000	13750000	-0.471375
chr9	13750000	14000000	-0.476683
chr9	14000000	14250000	-0.442593
chr9	14250000	14500000	-0.273872
chr9	14500000	14750000	-0.283141
chr9	14750000	15000000	-0.400003
chr9	15000000	15250000	-0.507182
chr9	15250000	15500000	-0.53353
chr9	15500000	15750000	-0.696923
chr9	15750000	16000000	-0.767879
chr9	16000000	16250000	-0.585468
chr9	16250000	16500000	-0.443742
chr9	16500000	16750000	-0.46417
chr9	16750000	17000000	-0.454647
chr9	17000000	17250000	-0.557897
chr9	17250000	17500000	-0.607137
chr9	17500000	17750000	-0.519869
chr9	17750000	18000000	-0.551416
chr9	18000000	18250000	-0.502283
chr9	18250000	18500000	-0.52769
chr9	18500000	18750000	-0.566677
chr9	18750000	19000000	-0.450281
chr9	19000000	19250000	-0.206436
chr9	19250000	19500000	-0.226607
chr9	19500000	19750000	-0.497569
chr9	19750000	20000000	-0.327973
chr9	20000000	20250000	-0.435868
chr9	20250000	20500000	-0.213617
chr9	20500000	20750000	-0.217017
chr9	20750000	21000000	-0.317574
chr9	21000000	21250000	-0.478732
chr9	21250000	21500000	-0.485322
chr9	21500000	21750000	-0.586918
chr9	21750000	22000000	-0.52034
chr9	22000000	22250000	-0.551582
chr9	22250000	22500000	-0.553471
chr9	22500000	22750000	-0.750502
chr9	22750000	23000000	-0.718292
chr9	23000000	23250000	-0.501977
chr9	23250000	23500000	-0.594433
chr9	23500000	23750000	-0.545618
chr9	23750000	24000000	-0.533862
chr9	24000000	24250000	-0.57008
chr9	24250000	24500000	-0.594954
chr9	24500000	24750000	-0.556192
chr9	24750000	25000000	-0.599576
chr9	25000000	25250000	-0.560312
chr9	25250000	25500000	-0.610395
chr9	25500000	25750000	-0.623601
chr9	25750000	26000000	-0.566822
chr9	26000000	26250000	-0.757019
chr9	26250000	26500000	-0.694809
chr9	26500000	26750000	-0.622934
chr9	26750000	27000000	-0.732352
chr9	27000000	27250000	-0.818598
chr9	27250000	27500000	-0.755907
chr9	27500000	27750000	-0.661575
chr9	27750000	28000000	-0.675807
chr9	28000000	28250000	-0.597732
chr9	28250000	28500000	-0.676947
chr9	28500000	28750000	-0.526865
chr9	28750000	29000000	-0.675781
chr9	29000000	29250000	-0.615762
chr9	29250000	29500000	-0.7607
chr9	29500000	29750000	-0.652089
chr9	29750000	30000000	-0.507289
chr9	30000000	30250000	-0.692472
chr9	30250000	30500000	-0.668939
chr9	30500000	30750000	-0.629402
chr9	30750000	31000000	-0.594045
chr9	31000000	31250000	-0.675797
chr9	31250000	31500000	-0.800011
chr9	31500000	31750000	-0.728723
chr9	31750000	32000000	-0.71796
chr9	32000000	32250000	-0.9188
chr9	32250000	32500000	-0.828884
chr9	32500000	32750000	-0.87084
chr9	32750000	33000000	-0.868482
chr9	33000000	33250000	-0.388334
chr9	33250000	33500000	0.185849
chr9	33500000	33750000	0.372792
chr9	33750000	34000000	0.66572
chr9	34000000	34250000	0.707321
chr9	34250000	34500000	0.843594
chr9	34500000	34750000	0.826435
chr9	34750000	35000000	0.651746
chr9	35000000	35250000	0.821867
chr9	35250000	35500000	0.807688
chr9	35500000	35750000	0.927265
chr9	35750000	36000000	0.971992
chr9	36000000	36250000	0.795997
chr9	36250000	36500000	0.727251
chr9	36500000	36750000	0.751733
chr9	36750000	37000000	0.529666
chr9	37000000	37250000	0.423468
chr9	37250000	37500000	0.363779
chr9	37500000	37750000	0.202033
chr9	37750000	38000000	0.0945682
chr9	38000000	38250000	-0.0226621
chr9	38250000	38500000	-0.213316
chr9	38500000	38750000	-0.646105
chr9	38750000	39000000	nan
chr9	39000000	39250000	nan
chr9	39250000	39500000	nan
chr9	39500000	39750000	nan
chr9	39750000	40000000	nan
chr9	40000000	40250000	nan
chr9	40250000	40500000	nan
chr9	40500000	40750000	nan
chr9	40750000	41000000	nan
chr9	41000000	41250000	nan
chr9	41250000	41500000	nan
chr9	41500000	41750000	nan
chr9	41750000	42000000	nan
chr9	42000000	42250000	nan
chr9	42250000	42500000	-1.09963
chr9	42500000	42750000	nan
chr9	42750000	43000000	nan
chr9	43000000	43250000	nan
chr9	43250000	43500000	nan
chr9	43500000	43750000	nan
chr9	43750000	44000000	nan
chr9	44000000	44250000	nan
chr9	44250000	44500000	nan
chr9	44500000	44750000	nan
chr9	44750000	45000000	nan
chr9	45000000	45250000	nan
chr9	45250000	45500000	nan
chr9	45500000	45750000	nan
chr9	45750000	46000000	nan
chr9	46000000	46250000	nan
chr9	46250000	46500000	nan
chr9	46500000	46750000	nan
chr9	46750000	47000000	nan
chr9	47000000	47250000	nan
chr9	47250000	47500000	nan
chr9	47500000	47750000	nan
chr9	47750000	48000000	nan
chr9	48000000	48250000	nan
chr9	48250000	48500000	nan
chr9	48500000	48750000	nan
chr9	48750000	49000000	nan
chr9	49000000	49250000	nan
chr9	49250000	49500000	nan
chr9	49500000	49750000	nan
chr9	49750000	50000000	nan
chr9	50000000	50250000	nan
chr9	50250000	50500000	nan
chr9	50500000	50750000	nan
chr9	50750000	51000000	nan
chr9	51000000	51250000	nan
chr9	51250000	51500000	nan
chr9	51500000	51750000	nan
chr9	51750000	52000000	nan
chr9	52000000	52250000	nan
chr9	52250000	52500000	nan
chr9	52500000	52750000	nan
chr9	52750000	53000000	nan
chr9	53000000	53250000	nan
chr9	53250000	53500000	nan
chr9	53500000	53750000	nan
chr9	53750000	54000000	nan
chr9	54000000	54250000	nan
chr9	54250000	54500000	nan
chr9	54500000	54750000	nan
chr9	54750000	55000000	nan
chr9	55000000	55250000	nan
chr9	55250000	55500000	nan
chr9	55500000	55750000	nan
chr9	55750000	56000000	nan
chr9	56000000	56250000	nan
chr9	56250000	56500000	nan
chr9	56500000	56750000	nan
chr9	56750000	57000000	nan
chr9	57000000	57250000	nan
chr9	57250000	57500000	nan
chr9	57500000	57750000	nan
chr9	57750000	58000000	nan
chr9	58000000	58250000	nan
chr9	58250000	58500000	nan
chr9	58500000	58750000	nan
chr9	58750000	59000000	nan
chr9	59000000	59250000	nan
chr9	59250000	59500000	nan
chr9	59500000	59750000	nan
chr9	59750000	60000000	nan
chr9	60000000	60250000	nan
chr9	60250000	60500000	nan
chr9	60500000	60750000	nan
chr9	60750000	61000000	nan
chr9	61000000	61250000	nan
chr9	61250000	61500000	nan
chr9	61500000	61750000	nan
chr9	61750000	62000000	nan
chr9	62000000	62250000	nan
chr9	62250000	62500000	nan
chr9	62500000	62750000	nan
chr9	62750000	63000000	nan
chr9	63000000	63250000	nan
chr9	63250000	63500000	nan
chr9	63500000	63750000	nan
chr9	63750000	64000000	nan
chr9	64000000	64250000	nan
chr9	64250000	64500000	nan
chr9	64500000	64750000	nan
chr9	64750000	65000000	nan
chr9	65000000	65250000	nan
chr9	65250000	65500000	nan
chr9	65500000	65750000	nan
chr9	65750000	66000000	nan
chr9	66000000	66250000	nan
chr9	66250000	66500000	nan
chr9	66500000	66750000	nan
chr9	66750000	67000000	nan
chr9	67000000	67250000	nan
chr9	67250000	67500000	nan
chr9	67500000	67750000	nan
chr9	67750000	68000000	nan
chr9	68000000	68250000	nan
chr9	68250000	68500000	nan
chr9	68500000	68750000	-0.248181
chr9	68750000	69000000	-0.371848
chr9	69000000	69250000	-0.227215
chr9	69250000	69500000	-0.30694
chr9	69500000	69750000	-0.416746
chr9	69750000	70000000	-0.447069
chr9	70000000	70250000	-0.424982
chr9	70250000	70500000	-0.409299
chr9	70500000	70750000	-0.430469
chr9	70750000	71000000	-0.444174
chr9	71000000	71250000	-0.556251
chr9	71250000	71500000	-0.566701
chr9	71500000	71750000	-0.520617
chr9	71750000	72000000	-0.537312
chr9	72000000	72250000	-0.598691
chr9	72250000	72500000	-0.623235
chr9	72500000	72750000	-0.683297
chr9	72750000	73000000	-0.664931
chr9	73000000	73250000	-0.566981
chr9	73250000	73500000	-0.84433
chr9	73500000	73750000	-0.638845
chr9	73750000	74000000	-0.693118
chr9	74000000	74250000	-0.757113
chr9	74250000	74500000	-0.759002
chr9	74500000	74750000	-0.628202
chr9	74750000	75000000	-0.680688
chr9	75000000	75250000	-0.671385
chr9	75250000	75500000	-0.754376
chr9	75500000	75750000	-0.889473
chr9	75750000	76000000	-0.618011
chr9	76000000	76250000	-0.599286
chr9	76250000	76500000	-0.419914
chr9	76500000	76750000	-0.404995
chr9	76750000	77000000	-0.445601
chr9	77000000	77250000	-0.506977
chr9	77250000	77500000	-0.446955
chr9	77500000	77750000	-0.532745
chr9	77750000	78000000	-0.436331
chr9	78000000	78250000	-0.427286
chr9	78250000	78500000	-0.516834
chr9	78500000	78750000	-0.664418
chr9	78750000	79000000	-0.674193
chr9	79000000	79250000	-0.628415
chr9	79250000	79500000	-0.480193
chr9	79500000	79750000	-0.493207
chr9	79750000	80000000	-0.624302
chr9	80000000	80250000	-0.50824
chr9	80250000	80500000	-0.532707
chr9	80500000	80750000	-0.453337
chr9	80750000	81000000	-0.484064
chr9	81000000	81250000	-0.451114
chr9	81250000	81500000	-0.308716
chr9	81500000	81750000	-0.342544
chr9	81750000	82000000	-0.38202
chr9	82000000	82250000	-0.42813
chr9	82250000	82500000	-0.485383
chr9	82500000	82750000	-0.522961
chr9	82750000	83000000	-0.5617
chr9	83000000	83250000	-0.712408
chr9	83250000	83500000	-0.866336
chr9	83500000	83750000	-0.723139
chr9	83750000	84000000	-0.514233
chr9	84000000	84250000	-0.52018
chr9	84250000	84500000	-0.378108
chr9	84500000	84750000	-0.359921
chr9	84750000	85000000	-0.384914
chr9	85000000	85250000	-0.297703
chr9	85250000	85500000	-0.280634
chr9	85500000	85750000	-0.258406
chr9	85750000	86000000	-0.149886
chr9	86000000	86250000	-0.0142032
chr9	86250000	86500000	0.125744
chr9	86500000	86750000	0.0352253
chr9	86750000	87000000	-0.0484866
chr9	87000000	87250000	0.00727322
chr9	87250000	87500000	0.158589
chr9	87500000	87750000	0.153533
chr9	87750000	88000000	0.184478
chr9	88000000	88250000	0.169043
chr9	88250000	88500000	0.232142
chr9	88500000	88750000	0.21101
chr9	88750000	89000000	0.147932
chr9	89000000	89250000	0.119939
chr9	89250000	89500000	0.368305
chr9	89500000	89750000	0.470296
chr9	89750000	90000000	0.377016
chr9	90000000	90250000	0.393364
chr9	90250000	90500000	0.279346
chr9	90500000	90750000	0.287834
chr9	90750000	91000000	0.34384
chr9	91000000	91250000	0.283216
chr9	91250000	91500000	0.350356
chr9	91500000	91750000	0.408082
chr9	91750000	92000000	0.521506
chr9	92000000	92250000	0.585569
chr9	92250000	92500000	0.496674
chr9	92500000	92750000	0.551447
chr9	92750000	93000000	0.662151
chr9	93000000	93250000	0.663511
chr9	93250000	93500000	0.583941
chr9	93500000	93750000	0.643931
chr9	93750000	94000000	0.50385
chr9	94000000	94250000	0.495898
chr9	94250000	94500000	0.594554
chr9	94500000	94750000	0.619065
chr9	94750000	95000000	0.497872
chr9	95000000	95250000	0.551873
chr9	95250000	95500000	0.572734
chr9	95500000	95750000	0.510968
chr9	95750000	96000000	0.546936
chr9	96000000	96250000	0.532974
chr9	96250000	96500000	0.593598
chr9	96500000	96750000	0.584599
chr9	96750000	97000000	0.523567
chr9	97000000	97250000	0.492846
chr9	97250000	97500000	0.576641
chr9	97500000	97750000	0.576986
chr9	97750000	98000000	0.523078
chr9	98000000	98250000	0.479761
chr9	98250000	98500000	0.313102
chr9	98500000	98750000	0.245676
chr9	98750000	99000000	0.244232
chr9	99000000	99250000	0.118939
chr9	99250000	99500000	0.00768633
chr9	99500000	99750000	-0.104472
chr9	99750000	100000000	0.0454034
chr9	100000000	100250000	-0.0862727
chr9	100250000	100500000	-0.268293
chr9	100500000	100750000	-0.572374
chr9	100750000	101000000	-0.881272
chr9	101000000	101250000	-0.70522
chr9	101250000	101500000	-0.767078
chr9	101500000	101750000	-0.912907
chr9	101750000	102000000	-0.865306
chr9	102000000	102250000	-0.916497
chr9	102250000	102500000	-0.795111
chr9	102500000	102750000	-0.79513
chr9	102750000	103000000	-0.800667
chr9	103000000	103250000	-0.623696
chr9	103250000	103500000	-0.67551
chr9	103500000	103750000	-0.776504
chr9	103750000	104000000	-0.779063
chr9	104000000	104250000	-0.751519
chr9	104250000	104500000	-0.793031
chr9	104500000	104750000	-0.805653
chr9	104750000	105000000	-0.603211
chr9	105000000	105250000	-0.551517
chr9	105250000	105500000	-0.651282
chr9	105500000	105750000	-0.688102
chr9	105750000	106000000	-0.627893
chr9	106000000	106250000	-0.74224
chr9	106250000	106500000	-0.696746
chr9	106500000	106750000	-0.665953
chr9	106750000	107000000	-0.543801
chr9	107000000	107250000	-0.495426
chr9	107250000	107500000	-0.212359
chr9	107500000	107750000	-0.0882678
chr9	107750000	108000000	-0.159171
chr9	108000000	108250000	-0.271837
chr9	108250000	108500000	-0.229191
chr9	108500000	108750000	-0.128831
chr9	108750000	109000000	-0.204156
chr9	109000000	109250000	-0.126602
chr9	109250000	109500000	-0.0803606
chr9	109500000	109750000	-0.277326
chr9	109750000	110000000	-0.315384
chr9	110000000	110250000	-0.250241
chr9	110250000	110500000	-0.302669
chr9	110500000	110750000	-0.282434
chr9	110750000	111000000	-0.398839
chr9	111000000	111250000	-0.315145
chr9	111250000	111500000	-0.176593
chr9	111500000	111750000	-0.0205366
chr9	111750000	112000000	-0.00766484
chr9	112000000	112250000	0.105528
chr9	112250000	112500000	0.146363
chr9	112500000	112750000	0.0965154
chr9	112750000	113000000	0.168912
chr9	113000000	113250000	0.142621
chr9	113250000	113500000	0.410021
chr9	113500000	113750000	0.401599
chr9	113750000	114000000	0.296553
chr9	114000000	114250000	0.317622
chr9	114250000	114500000	0.324364
chr9	114500000	114750000	0.0964518
chr9	114750000	115000000	0.0506184
chr9	115000000	115250000	-0.0493668
chr9	115250000	115500000	-0.100711
chr9	115500000	115750000	-0.279874
chr9	115750000	116000000	-0.437136
chr9	116000000	116250000	-0.373129
chr9	116250000	116500000	-0.385165
chr9	116500000	116750000	-0.235212
chr9	116750000	117000000	-0.293716
chr9	117000000	117250000	-0.401331
chr9	117250000	117500000	-0.399931
chr9	117500000	117750000	-0.510027
chr9	117750000	118000000	-0.688924
chr9	118000000	118250000	-0.628297
chr9	118250000	118500000	-0.639673
chr9	118500000	118750000	-0.582523
chr9	118750000	119000000	-0.582562
chr9	119000000	119250000	-0.512439
chr9	119250000	119500000	-0.348475
chr9	119500000	119750000	-0.444703
chr9	119750000	120000000	-0.483428
chr9	120000000	120250000	-0.537872
chr9	120250000	120500000	-0.438457
chr9	120500000	120750000	-0.0728388
chr9	120750000	121000000	-0.0470513
chr9	121000000	121250000	0.0743922
chr9	121250000	121500000	-0.0553204
chr9	121500000	121750000	-0.120003
chr9	121750000	122000000	-0.16998
chr9	122000000	122250000	-0.46128
chr9	122250000	122500000	-0.668143
chr9	122500000	122750000	-0.867954
chr9	122750000	123000000	-0.493933
chr9	123000000	123250000	-0.131967
chr9	123250000	123500000	0.00730709
chr9	123500000	123750000	0.0557477
chr9	123750000	124000000	-0.0266595
chr9	124000000	124250000	0.161595
chr9	124250000	124500000	0.275063
chr9	124500000	124750000	0.278785
chr9	124750000	125000000	0.454973
chr9	125000000	125250000	0.529445
chr9	125250000	125500000	0.587866
chr9	125500000	125750000	0.422624
chr9	125750000	126000000	0.403017
chr9	126000000	126250000	0.400914
chr9	126250000	126500000	0.500471
chr9	126500000	126750000	0.538459
chr9	126750000	127000000	0.620477
chr9	127000000	127250000	0.549771
chr9	127250000	127500000	0.660762
chr9	127500000	127750000	0.656636
chr9	127750000	128000000	0.595251
chr9	128000000	128250000	0.63405
chr9	128250000	128500000	nan
chr9	128500000	128750000	0.719199
chr9	128750000	129000000	0.662789
chr9	129000000	129250000	0.700914
chr9	129250000	129500000	0.578977
chr9	129500000	129750000	0.592052
chr9	129750000	130000000	0.601715
chr9	130000000	130250000	0.546424
chr9	130250000	130500000	0.620314
chr9	130500000	130750000	0.581225
chr9	130750000	131000000	0.588625
chr9	131000000	131250000	0.658304
chr9	131250000	131500000	0.563921
chr9	131500000	131750000	0.635693
chr9	131750000	132000000	0.570617
chr9	132000000	132250000	0.571963
chr9	132250000	132500000	0.689784
chr9	132500000	132750000	0.658928
chr9	132750000	133000000	0.567697
chr9	133000000	133250000	0.650047
chr9	133250000	133500000	0.617964
chr9	133500000	133750000	0.629842
chr9	133750000	134000000	0.612467
chr9	134000000	134250000	0.589779
chr9	134250000	134500000	0.556831
chr9	134500000	134750000	0.551017
chr9	134750000	135000000	0.627262
chr9	135000000	135250000	0.513375
chr9	135250000	135500000	0.604321
chr9	135500000	135750000	0.632123
chr9	135750000	136000000	0.630059
chr9	136000000	136250000	0.641104
chr9	136250000	136500000	0.650131
chr9	136500000	136750000	0.684255
chr9	136750000	137000000	0.665738
chr9	137000000	137250000	0.778154
chr9	137250000	137500000	0.626347
chr9	137500000	137750000	0.384455
chr9	137750000	138000000	0.0141148
chr9	138000000	138250000	nan
chr9	138250000	138394717	nan
#bedGraph section chrX:0-156040895
chrX	0	250000	nan
chrX	250000	500000	0.387157
chrX	500000	750000	0.496812
chrX	750000	1000000	0.35211
chrX	1000000	1250000	0.472493
chrX	1250000	1500000	0.474759
chrX	1500000	1750000	0.371962
chrX	1750000	2000000	0.336963
chrX	2000000	2250000	0.402625
chrX	2250000	2500000	0.390275
chrX	2500000	2750000	0.494566
chrX	2750000	3000000	0.977811
chrX	3000000	3250000	0.873737
chrX	3250000	3500000	0.845439
chrX	3500000	3750000	1.04855
chrX	3750000	4000000	0.488741
chrX	4000000	4250000	-0.418783
chrX	4250000	4500000	-0.240002
chrX	4500000	4750000	-0.252343
chrX	4750000	5000000	-0.424917
chrX	5000000	5250000	-0.217134
chrX	5250000	5500000	-0.121499
chrX	5500000	5750000	-0.101993
chrX	5750000	6000000	-0.0270623
chrX	6000000	6250000	0.148684
chrX	6250000	6500000	0.239931
chrX	6500000	6750000	0.132572
chrX	6750000	7000000	0.116408
chrX	7000000	7250000	-0.0136366
chrX	7250000	7500000	-0.172497
chrX	7500000	7750000	-0.199597
chrX	7750000	8000000	-0.0959834
chrX	8000000	8250000	-0.0235878
chrX	8250000	8500000	0.0511597
chrX	8500000	8750000	0.212021
chrX	8750000	9000000	0.260396
chrX	9000000	9250000	0.289359
chrX	9250000	9500000	0.397665
chrX	9500000	9750000	0.395538
chrX	9750000	10000000	0.676264
chrX	10000000	10250000	0.315873
chrX	10250000	10500000	0.172239
chrX	10500000	10750000	0.154935
chrX	10750000	11000000	-0.354768
chrX	11000000	11250000	-0.189565
chrX	11250000	11500000	-0.267278
chrX	11500000	11750000	-0.269261
chrX	11750000	12000000	-0.462722
chrX	12000000	12250000	-0.441412
chrX	12250000	12500000	-0.530843
chrX	12500000	12750000	-0.533737
chrX	12750000	13000000	-0.198691
chrX	13000000	13250000	0.208515
chrX	13250000	13500000	0.392319
chrX	13500000	13750000	0.24958
chrX	13750000	14000000	0.413195
chrX	14000000	14250000	-0.229373
chrX	14250000	14500000	-0.320733
chrX	14500000	14750000	-0.244791
chrX	14750000	15000000	-0.113844
chrX	15000000	15250000	0.0797051
chrX	15250000	15500000	0.180482
chrX	15500000	15750000	0.581588
chrX	15750000	16000000	0.710302
chrX	16000000	16250000	0.736358
chrX	16250000	16500000	0.571399
chrX	16500000	16750000	0.716472
chrX	16750000	17000000	0.766549
chrX	17000000	17250000	0.546043
chrX	17250000	17500000	0.639307
chrX	17500000	17750000	0.53184
chrX	17750000	18000000	0.547672
chrX	18000000	18250000	0.719187
chrX	18250000	18500000	0.626389
chrX	18500000	18750000	0.70055
chrX	18750000	19000000	0.727318
chrX	19000000	19250000	0.700251
chrX	19250000	19500000	0.784503
chrX	19500000	19750000	0.681673
chrX	19750000	20000000	0.70668
chrX	20000000	20250000	0.670017
chrX	20250000	20500000	0.239584
chrX	20500000	20750000	-0.245319
chrX	20750000	21000000	-0.536573
chrX	21000000	21250000	-0.613673
chrX	21250000	21500000	-0.426131
chrX	21500000	21750000	-0.362866
chrX	21750000	22000000	-0.0327769
chrX	22000000	22250000	-0.200791
chrX	22250000	22500000	-0.404514
chrX	22500000	22750000	-0.49523
chrX	22750000	23000000	-0.576721
chrX	23000000	23250000	-0.600382
chrX	23250000	23500000	-0.421339
chrX	23500000	23750000	-0.0844799
chrX	23750000	24000000	0.584948
chrX	24000000	24250000	0.750495
chrX	24250000	24500000	0.553471
chrX	24500000	24750000	0.484078
chrX	24750000	25000000	0.480307
chrX	25000000	25250000	-0.217473
chrX	25250000	25500000	-0.632961
chrX	25500000	25750000	-0.542679
chrX	25750000	26000000	-0.519877
chrX	26000000	26250000	-0.451386
chrX	26250000	26500000	-0.299294
chrX	26500000	26750000	-0.503428
chrX	26750000	27000000	-0.59477
chrX	27000000	27250000	-0.725696
chrX	27250000	27500000	-0.750493
chrX	27500000	27750000	-0.328629
chrX	27750000	28000000	-0.244327
chrX	28000000	28250000	-0.115251
chrX	28250000	28500000	-0.200231
chrX	28500000	28750000	-0.135792
chrX	28750000	29000000	-0.180005
chrX	29000000	29250000	-0.193843
chrX	29250000	29500000	-0.120628
chrX	29500000	29750000	-0.0537242
chrX	29750000	30000000	0.0368862
chrX	30000000	30250000	0.260202
chrX	30250000	30500000	0.452535
chrX	30500000	30750000	0.0370876
chrX	30750000	31000000	0.0983461
chrX	31000000	31250000	0.0703387
chrX	31250000	31500000	0.123295
chrX	31500000	31750000	-0.0500675
chrX	31750000	32000000	-0.20172
chrX	32000000	32250000	-0.317267
chrX	32250000	32500000	-0.313375
chrX	32500000	32750000	-0.417258
chrX	32750000	33000000	-0.456142
chrX	33000000	33250000	-0.245776
chrX	33250000	33500000	-0.420154
chrX	33500000	33750000	-0.494874
chrX	33750000	34000000	-0.601264
chrX	34000000	34250000	-0.495737
chrX	34250000	34500000	-0.272787
chrX	34500000	34750000	-0.226521
chrX	34750000	35000000	-0.126553
chrX	35000000	35250000	-0.305099
chrX	35250000	35500000	-0.230063
chrX	35500000	35750000	-0.0943412
chrX	35750000	36000000	-0.127591
chrX	36000000	36250000	-0.347497
chrX	36250000	36500000	-0.410843
chrX	36500000	36750000	-0.672312
chrX	36750000	37000000	-0.504167
chrX	37000000	37250000	nan
chrX	37250000	37500000	-0.407471
chrX	37500000	37750000	-0.0211912
chrX	37750000	38000000	0.126018
chrX	38000000	38250000	0.439108
chrX	38250000	38500000	0.613546
chrX	38500000	38750000	0.672051
chrX	38750000	39000000	0.615943
chrX	39000000	39250000	0.678541
chrX	39250000	39500000	0.856266
chrX	39500000	39750000	0.673413
chrX	39750000	40000000	0.735767
chrX	40000000	40250000	0.723876
chrX	40250000	40500000	0.788347
chrX	40500000	40750000	0.839826
chrX	40750000	41000000	0.921296
chrX	41000000	41250000	0.968662
chrX	41250000	41500000	0.92221
chrX	41500000	41750000	0.533162
chrX	41750000	42000000	0.203796
chrX	42000000	42250000	0.294049
chrX	42250000	42500000	0.244442
chrX	42500000	42750000	0.0953382
chrX	42750000	43000000	0.151278
chrX	43000000	43250000	0.221874
chrX	43250000	43500000	0.113232
chrX	43500000	43750000	0.241901
chrX	43750000	44000000	0.166924
chrX	44000000	44250000	0.155915
chrX	44250000	44500000	0.18835
chrX	44500000	44750000	0.306678
chrX	44750000	45000000	0.417274
chrX	45000000	45250000	0.451707
chrX	45250000	45500000	0.0992968
chrX	45500000	45750000	0.0397186
chrX	45750000	46000000	0.0511535
chrX	46000000	46250000	-0.0308057
chrX	46250000	46500000	0.353817
chrX	46500000	46750000	0.742922
chrX	46750000	47000000	0.996933
chrX	47000000	47250000	0.87132
chrX	47250000	47500000	1.02319
chrX	47500000	47750000	0.975907
chrX	47750000	48000000	0.827049
chrX	48000000	48250000	0.8012
chrX	48250000	48500000	0.838098
chrX	48500000	48750000	0.852018
chrX	48750000	49000000	1.11242
chrX	49000000	49250000	0.913075
chrX	49250000	49500000	nan
chrX	49500000	49750000	0.356417
chrX	49750000	50000000	0.551634
chrX	50000000	50250000	0.524406
chrX	50250000	50500000	0.495403
chrX	50500000	50750000	0.412398
chrX	50750000	51000000	0.324407
chrX	51000000	51250000	-0.0187159
chrX	51250000	51500000	-0.154269
chrX	51500000	51750000	-0.000373618
chrX	51750000	52000000	0.335626
chrX	52000000	52250000	nan
chrX	52250000	52500000	0.0823936
chrX	52500000	52750000	nan
chrX	52750000	53000000	nan
chrX	53000000	53250000	0.835405
chrX	53250000	53500000	0.92843
chrX	53500000	53750000	1.01094
chrX	53750000	54000000	0.907081
chrX	54000000	54250000	0.706417
chrX	54250000	54500000	0.761024
chrX	54500000	54750000	0.302423
chrX	54750000	55000000	0.0960714
chrX	55000000	55250000	-0.124804
chrX	55250000	55500000	-0.460617
chrX	55500000	55750000	-0.357278
chrX	55750000	56000000	-0.0717607
chrX	56000000	56250000	0.0369693
chrX	56250000	56500000	-0.430182
chrX	56500000	56750000	-0.379186
chrX	56750000	57000000	-0.287735
chrX	57000000	57250000	-0.399433
chrX	57250000	57500000	-0.648913
chrX	57500000	57750000	-0.63725
chrX	57750000	58000000	-0.613263
chrX	58000000	58250000	nan
chrX	58250000	58500000	-0.628549
chrX	58500000	58750000	nan
chrX	58750000	59000000	nan
chrX	59000000	59250000	nan
chrX	59250000	59500000	nan
chrX	59500000	59750000	nan
chrX	59750000	60000000	nan
chrX	60000000	60250000	nan
chrX	60250000	60500000	nan
chrX	60500000	60750000	nan
chrX	60750000	61000000	nan
chrX	61000000	61250000	nan
chrX	61250000	61500000	nan
chrX	61500000	61750000	nan
chrX	61750000	62000000	nan
chrX	62000000	62250000	nan
chrX	62250000	62500000	nan
chrX	62500000	62750000	-0.776061
chrX	62750000	63000000	-0.837237
chrX	63000000	63250000	nan
chrX	63250000	63500000	-0.325934
chrX	63500000	63750000	-0.323397
chrX	63750000	64000000	-0.279719
chrX	64000000	64250000	-0.439635
chrX	64250000	64500000	-0.518416
chrX	64500000	64750000	-0.480527
chrX	64750000	65000000	-0.219593
chrX	65000000	65250000	-0.0931815
chrX	65250000	65500000	-0.130775
chrX	65500000	65750000	0.0907708
chrX	65750000	66000000	-0.387737
chrX	66000000	66250000	-0.413214
chrX	66250000	66500000	-0.751315
chrX	66500000	66750000	-0.69162
chrX	66750000	67000000	-0.707265
chrX	67000000	67250000	-0.814445
chrX	67250000	67500000	-0.780394
chrX	67500000	67750000	-0.458262
chrX	67750000	68000000	-0.633208
chrX	68000000	68250000	-0.493353
chrX	68250000	68500000	-0.0956046
chrX	68500000	68750000	0.256999
chrX	68750000	69000000	0.611005
chrX	69000000	69250000	0.870052
chrX	69250000	69500000	0.630679
chrX	69500000	69750000	0.776956
chrX	69750000	70000000	0.497582
chrX	70000000	70250000	0.688077
chrX	70250000	70500000	0.898577
chrX	70500000	70750000	0.621896
chrX	70750000	71000000	0.714555
chrX	71000000	71250000	1.03187
chrX	71250000	71500000	1.29529
chrX	71500000	71750000	1.28025
chrX	71750000	72000000	0.879568
chrX	72000000	72250000	0.926501
chrX	72250000	72500000	0.380864
chrX	72500000	72750000	0.137511
chrX	72750000	73000000	nan
chrX	73000000	73250000	-0.482405
chrX	73250000	73500000	-0.643309
chrX	73500000	73750000	-0.39797
chrX	73750000	74000000	-0.139217
chrX	74000000	74250000	-0.00605873
chrX	74250000	74500000	0.186393
chrX	74500000	74750000	-0.180703
chrX	74750000	75000000	-0.439663
chrX	75000000	75250000	-0.385565
chrX	75250000	75500000	-0.454299
chrX	75500000	75750000	-0.578823
chrX	75750000	76000000	-0.72759
chrX	76000000	76250000	-0.492868
chrX	76250000	76500000	-0.537261
chrX	76500000	76750000	-0.653374
chrX	76750000	77000000	-0.498859
chrX	77000000	77250000	-0.407061
chrX	77250000	77500000	-0.158096
chrX	77500000	77750000	0.370757
chrX	77750000	78000000	0.202894
chrX	78000000	78250000	-0.180919
chrX	78250000	78500000	-0.495841
chrX	78500000	78750000	-0.310686
chrX	78750000	79000000	-0.394221
chrX	79000000	79250000	-0.523562
chrX	79250000	79500000	-0.420485
chrX	79500000	79750000	-0.534409
chrX	79750000	80000000	-0.69062
chrX	80000000	80250000	-0.600589
chrX	80250000	80500000	-0.400133
chrX	80500000	80750000	-0.274018
chrX	80750000	81000000	-0.514519
chrX	81000000	81250000	-0.5129
chrX	81250000	81500000	-0.442512
chrX	81500000	81750000	-0.658359
chrX	81750000	82000000	-0.691554
chrX	82000000	82250000	-0.575428
chrX	82250000	82500000	-0.517855
chrX	82500000	82750000	-0.329072
chrX	82750000	83000000	-0.323291
chrX	83000000	83250000	-0.292318
chrX	83250000	83500000	-0.395137
chrX	83500000	83750000	-0.426013
chrX	83750000	84000000	-0.424041
chrX	84000000	84250000	-0.167645
chrX	84250000	84500000	-0.458171
chrX	84500000	84750000	-0.502797
chrX	84750000	85000000	-0.452917
chrX	85000000	85250000	-0.406568
chrX	85250000	85500000	-0.555847
chrX	85500000	85750000	-0.504377
chrX	85750000	86000000	-0.231931
chrX	86000000	86250000	-0.108107
chrX	86250000	86500000	-0.579892
chrX	86500000	86750000	-0.566305
chrX	86750000	87000000	-0.53195
chrX	87000000	87250000	-0.512388
chrX	87250000	87500000	-0.318971
chrX	87500000	87750000	-0.187375
chrX	87750000	88000000	-0.519391
chrX	88000000	88250000	-0.389744
chrX	88250000	88500000	-0.431543
chrX	88500000	88750000	-0.387306
chrX	88750000	89000000	-0.0598879
chrX	89000000	89250000	-0.340469
chrX	89250000	89500000	nan
chrX	89500000	89750000	nan
chrX	89750000	90000000	nan
chrX	90000000	90250000	-0.166288
chrX	90250000	90500000	nan
chrX	90500000	90750000	nan
chrX	90750000	91000000	nan
chrX	91000000	91250000	nan
chrX	91250000	91500000	-0.548034
chrX	91500000	91750000	nan
chrX	91750000	92000000	nan
chrX	92000000	92250000	nan
chrX	92250000	92500000	nan
chrX	92500000	92750000	nan
chrX	92750000	93000000	nan
chrX	93000000	93250000	-0.572722
chrX	93250000	93500000	-0.498267
chrX	93500000	93750000	-0.402488
chrX	93750000	94000000	-0.427569
chrX	94000000	94250000	-0.53713
chrX	94250000	94500000	-0.323397
chrX	94500000	94750000	-0.383296
chrX	94750000	95000000	-0.46473
chrX	95000000	95250000	-0.423733
chrX	95250000	95500000	-0.553545
chrX	95500000	95750000	-0.641591
chrX	95750000	96000000	-0.34668
chrX	96000000	96250000	-0.38309
chrX	96250000	96500000	-0.0561568
chrX	96500000	96750000	0.17588
chrX	96750000	97000000	0.231034
chrX	97000000	97250000	0.279004
chrX	97250000	97500000	0.342479
chrX	97500000	97750000	0.239192
chrX	97750000	98000000	0.00986964
chrX	98000000	98250000	-0.0794832
chrX	98250000	98500000	-0.0857703
chrX	98500000	98750000	-0.134106
chrX	98750000	99000000	-0.227378
chrX	99000000	99250000	-0.0866659
chrX	99250000	99500000	-0.455585
chrX	99500000	99750000	-0.62879
chrX	99750000	100000000	-0.6142
chrX	100000000	100250000	-0.557201
chrX	100250000	100500000	-0.161465
chrX	100500000	100750000	0.198507
chrX	100750000	101000000	0.419002
chrX	101000000	101250000	0.504418
chrX	101250000	101500000	0.137857
chrX	101500000	101750000	-0.226889
chrX	101750000	102000000	-0.484604
chrX	102000000	102250000	-0.637578
chrX	102250000	102500000	nan
chrX	102500000	102750000	-0.215466
chrX	102750000	103000000	0.0385858
chrX	103000000	103250000	0.48468
chrX	103250000	103500000	1.17049
chrX	103500000	103750000	1.13254
chrX	103750000	104000000	0.942324
chrX	104000000	104250000	0.792316
chrX	104250000	104500000	0.0452536
chrX	104500000	104750000	-0.595177
chrX	104750000	105000000	-0.423814
chrX	105000000	105250000	-0.519205
chrX	105250000	105500000	-0.458308
chrX	105500000	105750000	-0.426135
chrX	105750000	106000000	-0.59629
chrX	106000000	106250000	-0.575949
chrX	106250000	106500000	-0.491015
chrX	106500000	106750000	-0.348269
chrX	106750000	107000000	0.0108356
chrX	107000000	107250000	0.142113
chrX	107250000	107500000	0.206112
chrX	107500000	107750000	0.429169
chrX	107750000	108000000	0.276462
chrX	108000000	108250000	0.228334
chrX	108250000	108500000	0.529116
chrX	108500000	108750000	0.321802
chrX	108750000	109000000	-0.577674
chrX	109000000	109250000	-0.291973
chrX	109250000	109500000	-0.162555
chrX	109500000	109750000	0.157661
chrX	109750000	110000000	0.371578
chrX	110000000	110250000	0.482142
chrX	110250000	110500000	0.21991
chrX	110500000	110750000	-0.26219
chrX	110750000	111000000	-0.18637
chrX	111000000	111250000	-0.0614634
chrX	111250000	111500000	0.0408557
chrX	111500000	111750000	0.0835192
chrX	111750000	112000000	0.0837334
chrX	112000000	112250000	0.12587
chrX	112250000	112500000	0.0510299
chrX	112500000	112750000	0.0832577
chrX	112750000	113000000	-0.032355
chrX	113000000	113250000	-0.285893
chrX	113250000	113500000	-0.348911
chrX	113500000	113750000	-0.289605
chrX	113750000	114000000	-0.103131
chrX	114000000	114250000	-0.0207933
chrX	114250000	114500000	-0.0315127
chrX	114500000	114750000	-0.158532
chrX	114750000	115000000	-0.382869
chrX	115000000	115250000	-0.118496
chrX	115250000	115500000	0.337884
chrX	115500000	115750000	0.394837
chrX	115750000	116000000	-0.0596273
chrX	116000000	116250000	-0.405024
chrX	116250000	116500000	-0.179834
chrX	116500000	116750000	-0.236661
chrX	116750000	117000000	-0.188301
chrX	117000000	117250000	-0.45618
chrX	117250000	117500000	-0.312
chrX	117500000	117750000	-0.327981
chrX	117750000	118000000	-0.35389
chrX	118000000	118250000	-0.246056
chrX	118250000	118500000	0.471237
chrX	118500000	118750000	0.69454
chrX	118750000	119000000	0.861611
chrX	119000000	119250000	0.843635
chrX	119250000	119500000	1.16959
chrX	119500000	119750000	1.14619
chrX	119750000	120000000	1.10405
chrX	120000000	120250000	0.486993
chrX	120250000	120500000	0.651776
chrX	120500000	120750000	0.147795
chrX	120750000	121000000	-0.351482
chrX	121000000	121250000	-0.370286
chrX	121250000	121500000	-0.270228
chrX	121500000	121750000	-0.251696
chrX	121750000	122000000	-0.243098
chrX	122000000	122250000	-0.261054
chrX	122250000	122500000	-0.169256
chrX	122500000	122750000	-0.22513
chrX	122750000	123000000	-0.236602
chrX	123000000	123250000	-0.0675464
chrX	123250000	123500000	0.164026
chrX	123500000	123750000	0.527729
chrX	123750000	124000000	0.738144
chrX	124000000	124250000	0.422173
chrX	124250000	124500000	-0.175068
chrX	124500000	124750000	-0.242902
chrX	124750000	125000000	-0.326497
chrX	125000000	125250000	-0.169703
chrX	125250000	125500000	-0.191642
chrX	125500000	125750000	-0.413874
chrX	125750000	126000000	-0.466261
chrX	126000000	126250000	-0.394227
chrX	126250000	126500000	-0.62996
chrX	126500000	126750000	-0.548012
chrX	126750000	127000000	-0.402837
chrX	127000000	127250000	-0.303171
chrX	127250000	127500000	-0.363468
chrX	127500000	127750000	-0.390127
chrX	127750000	128000000	-0.421359
chrX	128000000	128250000	-0.491617
chrX	128250000	128500000	-0.47261
chrX	128500000	128750000	-0.280021
chrX	128750000	129000000	-0.344456
chrX	129000000	129250000	-0.142825
chrX	129250000	129500000	0.032763
chrX	129500000	129750000	0.815878
chrX	129750000	130000000	0.970878
chrX	130000000	130250000	0.921019
chrX	130250000	130500000	0.067701
chrX	130500000	130750000	-0.0860424
chrX	130750000	131000000	-0.0489914
chrX	131000000	131250000	-0.230503
chrX	131250000	131500000	-0.17843
chrX	131500000	131750000	-0.10478
chrX	131750000	132000000	0.429493
chrX	132000000	132250000	0.501886
chrX	132250000	132500000	0.358982
chrX	132500000	132750000	0.303313
chrX	132750000	133000000	0.45733
chrX	133000000	133250000	0.345105
chrX	133250000	133500000	0.692479
chrX	133500000	133750000	0.599519
chrX	133750000	134000000	0.519306
chrX	134000000	134250000	0.543098
chrX	134250000	134500000	0.384074
chrX	134500000	134750000	0.601351
chrX	134750000	135000000	0.535203
chrX	135000000	135250000	0.160993
chrX	135250000	135500000	-0.418332
chrX	135500000	135750000	-0.785105
chrX	135750000	136000000	nan
chrX	136000000	136250000	0.208773
chrX	136250000	136500000	0.395197
chrX	136500000	136750000	0.481483
chrX	136750000	137000000	0.757234
chrX	137000000	137250000	0.657394
chrX	137250000	137500000	0.610402
chrX	137500000	137750000	0.669187
chrX	137750000	138000000	0.536529
chrX	138000000	138250000	0.474634
chrX	138250000	138500000	0.312228
chrX	138500000	138750000	0.300815
chrX	138750000	139000000	0.205047
chrX	139000000	139250000	0.301756
chrX	139250000	139500000	0.271129
chrX	139500000	139750000	0.330079
chrX	139750000	140000000	0.43944
chrX	140000000	140250000	0.202479
chrX	140250000	140500000	0.213339
chrX	140500000	140750000	0.0701809
chrX	140750000	141000000	-0.395314
chrX	141000000	141250000	-0.210117
chrX	141250000	141500000	-0.495846
chrX	141500000	141750000	-0.501784
chrX	141750000	142000000	-0.511596
chrX	142000000	142250000	-0.464355
chrX	142250000	142500000	-0.377898
chrX	142500000	142750000	-0.500107
chrX	142750000	143000000	-0.640443
chrX	143000000	143250000	-0.527308
chrX	143250000	143500000	-0.358782
chrX	143500000	143750000	-0.413699
chrX	143750000	144000000	-0.599551
chrX	144000000	144250000	-0.512518
chrX	144250000	144500000	-0.627747
chrX	144500000	144750000	-0.527281
chrX	144750000	145000000	-0.479658
chrX	145000000	145250000	-0.448436
chrX	145250000	145500000	-0.539816
chrX	145500000	145750000	-0.309836
chrX	145750000	146000000	-0.107699
chrX	146000000	146250000	-0.279487
chrX	146250000	146500000	-0.627757
chrX	146500000	146750000	-0.693363
chrX	146750000	147000000	-0.633964
chrX	147000000	147250000	-0.774805
chrX	147250000	147500000	-0.630819
chrX	147500000	147750000	-0.48365
chrX	147750000	148000000	-0.44343
chrX	148000000	148250000	-0.347949
chrX	148250000	148500000	-0.301515
chrX	148500000	148750000	-0.0769983
chrX	148750000	149000000	-0.0682016
chrX	149000000	149250000	-0.38169
chrX	149250000	149500000	-0.394479
chrX	149500000	149750000	0.633269
chrX	149750000	150000000	0.716888
chrX	150000000	150250000	0.689833
chrX	150250000	150500000	0.703102
chrX	150500000	150750000	0.593331
chrX	150750000	151000000	0.662506
chrX	151000000	151250000	0.164033
chrX	151250000	151500000	0.0763008
chrX	151500000	151750000	0.121767
chrX	151750000	152000000	0.0825116
chrX	152000000	152250000	-0.0989848
chrX	152250000	152500000	-0.207584
chrX	152500000	152750000	0.114252
chrX	152750000	153000000	0.851864
chrX	153000000	153250000	1.06952
chrX	153250000	153500000	1.04391
chrX	153500000	153750000	1.20582
chrX	153750000	154000000	1.13671
chrX	154000000	154250000	1.00758
chrX	154250000	154500000	0.808828
chrX	154500000	154750000	0.738635
chrX	154750000	155000000	0.774338
chrX	155000000	155250000	0.312859
chrX	155250000	155500000	nan
chrX	155500000	155750000	0.0882568
chrX	155750000	156000000	0.0508539
chrX	156000000	156040895	nan
#bedGraph section chrY:0-57227415
chrY	0	250000	nan
chrY	250000	500000	nan
chrY	500000	750000	nan
chrY	750000	1000000	nan
chrY	1000000	1250000	nan
chrY	1250000	1500000	nan
chrY	1500000	1750000	nan
chrY	1750000	2000000	nan
chrY	2000000	2250000	nan
chrY	2250000	2500000	nan
chrY	2500000	2750000	nan
chrY	2750000	3000000	0.544091
chrY	3000000	3250000	0.235797
chrY	3250000	3500000	0.303476
chrY	3500000	3750000	0.356619
chrY	3750000	4000000	0.262106
chrY	4000000	4250000	0.230882
chrY	4250000	4500000	0.423227
chrY	4500000	4750000	0.202091
chrY	4750000	5000000	0.411662
chrY	5000000	5250000	0.284342
chrY	5250000	5500000	0.359638
chrY	5500000	5750000	0.528848
chrY	5750000	6000000	0.499513
chrY	6000000	6250000	0.151255
chrY	6250000	6500000	nan
chrY	6500000	6750000	0.445089
chrY	6750000	7000000	0.0997303
chrY	7000000	7250000	0.201181
chrY	7250000	7500000	0.227598
chrY	7500000	7750000	0.34635
chrY	7750000	8000000	0.294295
chrY	8000000	8250000	0.447026
chrY	8250000	8500000	0.40212
chrY	8500000	8750000	0.389385
chrY	8750000	9000000	0.391181
chrY	9000000	9250000	0.60189
chrY	9250000	9500000	0.173913
chrY	9500000	9750000	0.956264
chrY	9750000	10000000	nan
chrY	10000000	10250000	1.08867
chrY	10250000	10500000	nan
chrY	10500000	10750000	nan
chrY	10750000	11000000	1.30894
chrY	11000000	11250000	0.992838
chrY	11250000	11500000	1.24575
chrY	11500000	11750000	nan
chrY	11750000	12000000	0.498554
chrY	12000000	12250000	0.306714
chrY	12250000	12500000	0.494922
chrY	12500000	12750000	0.265574
chrY	12750000	13000000	0.328187
chrY	13000000	13250000	0.21834
chrY	13250000	13500000	0.505847
chrY	13500000	13750000	0.264679
chrY	13750000	14000000	0.348032
chrY	14000000	14250000	0.339634
chrY	14250000	14500000	0.403425
chrY	14500000	14750000	0.41138
chrY	14750000	15000000	0.486965
chrY	15000000	15250000	0.393557
chrY	15250000	15500000	0.388296
chrY	15500000	15750000	0.356004
chrY	15750000	16000000	0.430223
chrY	16000000	16250000	0.34598
chrY	16250000	16500000	0.244508
chrY	16500000	16750000	0.2294
chrY	16750000	17000000	0.0255499
chrY	17000000	17250000	0.0760614
chrY	17250000	17500000	0.0295286
chrY	17500000	17750000	nan
chrY	17750000	18000000	nan
chrY	18000000	18250000	nan
chrY	18250000	18500000	nan
chrY	18500000	18750000	nan
chrY	18750000	19000000	0.100739
chrY	19000000	19250000	0.110487
chrY	19250000	19500000	0.49029
chrY	19500000	19750000	0.175324
chrY	19750000	20000000	0.432616
chrY	20000000	20250000	nan
chrY	20250000	20500000	0.62274
chrY	20500000	20750000	0.725143
chrY	20750000	21000000	-0.0287443
chrY	21000000	21250000	0.180618
chrY	21250000	21500000	0.270086
chrY	21500000	21750000	-0.210842
chrY	21750000	22000000	nan
chrY	22000000	22250000	nan
chrY	22250000	22500000	-0.169826
chrY	22500000	22750000	nan
chrY	22750000	23000000	nan
chrY	23000000	23250000	nan
chrY	23250000	23500000	nan
chrY	23500000	23750000	nan
chrY	23750000	24000000	nan
chrY	24000000	24250000	nan
chrY	24250000	24500000	nan
chrY	24500000	24750000	nan
chrY	24750000	25000000	nan
chrY	25000000	25250000	nan
chrY	25250000	25500000	nan
chrY	25500000	25750000	nan
chrY	25750000	26000000	nan
chrY	26000000	26250000	nan
chrY	26250000	26500000	-1.85089
chrY	26500000	26750000	-2.0579
chrY	26750000	27000000	nan
chrY	27000000	27250000	nan
chrY	27250000	27500000	nan
chrY	27500000	27750000	nan
chrY	27750000	28000000	nan
chrY	28000000	28250000	nan
chrY	28250000	28500000	nan
chrY	28500000	28750000	nan
chrY	28750000	29000000	nan
chrY	29000000	29250000	nan
chrY	29250000	29500000	nan
chrY	29500000	29750000	nan
chrY	29750000	30000000	nan
chrY	30000000	30250000	nan
chrY	30250000	30500000	nan
chrY	30500000	30750000	nan
chrY	30750000	31000000	nan
chrY	31000000	31250000	nan
chrY	31250000	31500000	nan
chrY	31500000	31750000	nan
chrY	31750000	32000000	nan
chrY	32000000	32250000	nan
chrY	32250000	32500000	nan
chrY	32500000	32750000	nan
chrY	32750000	33000000	nan
chrY	33000000	33250000	nan
chrY	33250000	33500000	nan
chrY	33500000	33750000	nan
chrY	33750000	34000000	nan
chrY	34000000	34250000	nan
chrY	34250000	34500000	nan
chrY	34500000	34750000	nan
chrY	34750000	35000000	nan
chrY	35000000	35250000	nan
chrY	35250000	35500000	nan
chrY	35500000	35750000	nan
chrY	35750000	36000000	nan
chrY	36000000	36250000	nan
chrY	36250000	36500000	nan
chrY	36500000	36750000	nan
chrY	36750000	37000000	nan
chrY	37000000	37250000	nan
chrY	37250000	37500000	nan
chrY	37500000	37750000	nan
chrY	37750000	38000000	nan
chrY	38000000	38250000	nan
chrY	38250000	38500000	nan
chrY	38500000	38750000	nan
chrY	38750000	39000000	nan
chrY	39000000	39250000	nan
chrY	39250000	39500000	nan
chrY	39500000	39750000	nan
chrY	39750000	40000000	nan
chrY	40000000	40250000	nan
chrY	40250000	40500000	nan
chrY	40500000	40750000	nan
chrY	40750000	41000000	nan
chrY	41000000	41250000	nan
chrY	41250000	41500000	nan
chrY	41500000	41750000	nan
chrY	41750000	42000000	nan
chrY	42000000	42250000	nan
chrY	42250000	42500000	nan
chrY	42500000	42750000	nan
chrY	42750000	43000000	nan
chrY	43000000	43250000	nan
chrY	43250000	43500000	nan
chrY	43500000	43750000	nan
chrY	43750000	44000000	nan
chrY	44000000	44250000	nan
chrY	44250000	44500000	nan
chrY	44500000	44750000	nan
chrY	44750000	45000000	nan
chrY	45000000	45250000	nan
chrY	45250000	45500000	nan
chrY	45500000	45750000	nan
chrY	45750000	46000000	nan
chrY	46000000	46250000	nan
chrY	46250000	46500000	nan
chrY	46500000	46750000	nan
chrY	46750000	47000000	nan
chrY	47000000	47250000	nan
chrY	47250000	47500000	nan
chrY	47500000	47750000	nan
chrY	47750000	48000000	nan
chrY	48000000	48250000	nan
chrY	48250000	48500000	nan
chrY	48500000	48750000	nan
chrY	48750000	49000000	nan
chrY	49000000	49250000	nan
chrY	49250000	49500000	nan
chrY	49500000	49750000	nan
chrY	49750000	50000000	nan
chrY	50000000	50250000	nan
chrY	50250000	50500000	nan
chrY	50500000	50750000	nan
chrY	50750000	51000000	nan
chrY	51000000	51250000	nan
chrY	51250000	51500000	nan
chrY	51500000	51750000	nan
chrY	51750000	52000000	nan
chrY	52000000	52250000	nan
chrY	52250000	52500000	nan
chrY	52500000	52750000	nan
chrY	52750000	53000000	nan
chrY	53000000	53250000	nan
chrY	53250000	53500000	nan
chrY	53500000	53750000	nan
chrY	53750000	54000000	nan
chrY	54000000	54250000	nan
chrY	54250000	54500000	nan
chrY	54500000	54750000	nan
chrY	54750000	55000000	nan
chrY	55000000	55250000	nan
chrY	55250000	55500000	nan
chrY	55500000	55750000	nan
chrY	55750000	56000000	nan
chrY	56000000	56250000	nan
chrY	56250000	56500000	nan
chrY	56500000	56750000	nan
chrY	56750000	57000000	0.120264
chrY	57000000	57227415	nan
