#bedGraph section chr1:0-248956422
chr1	0	250000	nan
chr1	250000	500000	nan
chr1	500000	750000	nan
chr1	750000	1000000	nan
chr1	1000000	1250000	0.926976
chr1	1250000	1500000	0.987323
chr1	1500000	1750000	0.987209
chr1	1750000	2000000	1.04564
chr1	2000000	2250000	0.997806
chr1	2250000	2500000	0.867689
chr1	2500000	2750000	nan
chr1	2750000	3000000	nan
chr1	3000000	3250000	0.754744
chr1	3250000	3500000	0.865217
chr1	3500000	3750000	0.906663
chr1	3750000	4000000	0.71427
chr1	4000000	4250000	0.466472
chr1	4250000	4500000	0.456765
chr1	4500000	4750000	0.429699
chr1	4750000	5000000	0.40123
chr1	5000000	5250000	0.360312
chr1	5250000	5500000	0.389792
chr1	5500000	5750000	0.477353
chr1	5750000	6000000	0.58443
chr1	6000000	6250000	0.809346
chr1	6250000	6500000	0.847169
chr1	6500000	6750000	0.790753
chr1	6750000	7000000	0.683195
chr1	7000000	7250000	0.573438
chr1	7250000	7500000	0.634658
chr1	7500000	7750000	0.599592
chr1	7750000	8000000	0.585995
chr1	8000000	8250000	0.611152
chr1	8250000	8500000	0.605591
chr1	8500000	8750000	0.68107
chr1	8750000	9000000	0.630916
chr1	9000000	9250000	0.685168
chr1	9250000	9500000	0.729955
chr1	9500000	9750000	0.672333
chr1	9750000	10000000	0.708188
chr1	10000000	10250000	0.73795
chr1	10250000	10500000	0.689696
chr1	10500000	10750000	0.746597
chr1	10750000	11000000	0.728462
chr1	11000000	11250000	0.75275
chr1	11250000	11500000	0.803417
chr1	11500000	11750000	0.804594
chr1	11750000	12000000	0.892443
chr1	12000000	12250000	0.729553
chr1	12250000	12500000	0.605258
chr1	12500000	12750000	0.46198
chr1	12750000	13000000	nan
chr1	13000000	13250000	nan
chr1	13250000	13500000	nan
chr1	13500000	13750000	0.299434
chr1	13750000	14000000	0.259035
chr1	14000000	14250000	0.161998
chr1	14250000	14500000	0.201605
chr1	14500000	14750000	0.346668
chr1	14750000	15000000	0.400559
chr1	15000000	15250000	0.522627
chr1	15250000	15500000	0.700181
chr1	15500000	15750000	0.951907
chr1	15750000	16000000	0.942212
chr1	16000000	16250000	0.998554
chr1	16250000	16500000	0.942605
chr1	16500000	16750000	0.901829
chr1	16750000	17000000	nan
chr1	17000000	17250000	0.729566
chr1	17250000	17500000	0.758584
chr1	17500000	17750000	0.693055
chr1	17750000	18000000	0.63589
chr1	18000000	18250000	0.633397
chr1	18250000	18500000	0.6143
chr1	18500000	18750000	0.635736
chr1	18750000	19000000	0.721208
chr1	19000000	19250000	0.805857
chr1	19250000	19500000	0.738162
chr1	19500000	19750000	0.660886
chr1	19750000	20000000	0.603672
chr1	20000000	20250000	0.597889
chr1	20250000	20500000	0.641077
chr1	20500000	20750000	0.647916
chr1	20750000	21000000	0.674596
chr1	21000000	21250000	0.628843
chr1	21250000	21500000	0.658592
chr1	21500000	21750000	0.636481
chr1	21750000	22000000	0.672109
chr1	22000000	22250000	0.588648
chr1	22250000	22500000	0.611986
chr1	22500000	22750000	0.598882
chr1	22750000	23000000	0.621791
chr1	23000000	23250000	0.589174
chr1	23250000	23500000	0.652805
chr1	23500000	23750000	0.673515
chr1	23750000	24000000	0.653017
chr1	24000000	24250000	0.628338
chr1	24250000	24500000	0.61606
chr1	24500000	24750000	0.613865
chr1	24750000	25000000	0.612013
chr1	25000000	25250000	0.599437
chr1	25250000	25500000	0.57408
chr1	25500000	25750000	0.650583
chr1	25750000	26000000	0.629994
chr1	26000000	26250000	0.677266
chr1	26250000	26500000	0.69215
chr1	26500000	26750000	0.691033
chr1	26750000	27000000	0.665551
chr1	27000000	27250000	0.610681
chr1	27250000	27500000	0.644415
chr1	27500000	27750000	0.637388
chr1	27750000	28000000	0.605643
chr1	28000000	28250000	0.604259
chr1	28250000	28500000	0.587911
chr1	28500000	28750000	0.598495
chr1	28750000	29000000	0.541088
chr1	29000000	29250000	0.528393
chr1	29250000	29500000	0.475654
chr1	29500000	29750000	0.456739
chr1	29750000	30000000	0.475204
chr1	30000000	30250000	0.461131
chr1	30250000	30500000	0.470582
chr1	30500000	30750000	0.454698
chr1	30750000	31000000	0.613629
chr1	31000000	31250000	0.615336
chr1	31250000	31500000	0.63047
chr1	31500000	31750000	0.677334
chr1	31750000	32000000	0.714792
chr1	32000000	32250000	0.740311
chr1	32250000	32500000	0.69982
chr1	32500000	32750000	0.703806
chr1	32750000	33000000	0.67514
chr1	33000000	33250000	0.616199
chr1	33250000	33500000	0.614225
chr1	33500000	33750000	0.429342
chr1	33750000	34000000	0.476923
chr1	34000000	34250000	0.442664
chr1	34250000	34500000	0.408586
chr1	34500000	34750000	0.413082
chr1	34750000	35000000	0.527943
chr1	35000000	35250000	0.584926
chr1	35250000	35500000	0.61181
chr1	35500000	35750000	0.637451
chr1	35750000	36000000	0.68259
chr1	36000000	36250000	0.759866
chr1	36250000	36500000	0.765341
chr1	36500000	36750000	0.518238
chr1	36750000	37000000	0.598899
chr1	37000000	37250000	0.525008
chr1	37250000	37500000	0.528233
chr1	37500000	37750000	0.679848
chr1	37750000	38000000	0.657104
chr1	38000000	38250000	0.545877
chr1	38250000	38500000	0.547692
chr1	38500000	38750000	0.522773
chr1	38750000	39000000	0.563698
chr1	39000000	39250000	0.728537
chr1	39250000	39500000	0.763603
chr1	39500000	39750000	0.77613
chr1	39750000	40000000	0.78938
chr1	40000000	40250000	0.740215
chr1	40250000	40500000	0.696558
chr1	40500000	40750000	0.710236
chr1	40750000	41000000	0.754029
chr1	41000000	41250000	0.655925
chr1	41250000	41500000	0.722739
chr1	41500000	41750000	0.624897
chr1	41750000	42000000	0.578032
chr1	42000000	42250000	0.514723
chr1	42250000	42500000	0.595526
chr1	42500000	42750000	0.56768
chr1	42750000	43000000	0.724098
chr1	43000000	43250000	0.747233
chr1	43250000	43500000	0.854865
chr1	43500000	43750000	0.871918
chr1	43750000	44000000	0.832984
chr1	44000000	44250000	0.776188
chr1	44250000	44500000	0.844741
chr1	44500000	44750000	0.805356
chr1	44750000	45000000	0.703207
chr1	45000000	45250000	0.554921
chr1	45250000	45500000	0.617497
chr1	45500000	45750000	0.774165
chr1	45750000	46000000	0.750812
chr1	46000000	46250000	0.788549
chr1	46250000	46500000	0.850254
chr1	46500000	46750000	0.630322
chr1	46750000	47000000	0.172178
chr1	47000000	47250000	0.239781
chr1	47250000	47500000	0.312365
chr1	47500000	47750000	0.325696
chr1	47750000	48000000	0.174829
chr1	48000000	48250000	-0.0695208
chr1	48250000	48500000	-0.425735
chr1	48500000	48750000	-0.26615
chr1	48750000	49000000	-0.509611
chr1	49000000	49250000	-0.712503
chr1	49250000	49500000	-0.752704
chr1	49500000	49750000	-0.774698
chr1	49750000	50000000	-0.768088
chr1	50000000	50250000	-0.662952
chr1	50250000	50500000	-0.450116
chr1	50500000	50750000	-0.435421
chr1	50750000	51000000	-0.41623
chr1	51000000	51250000	-0.368944
chr1	51250000	51500000	0.136262
chr1	51500000	51750000	0.321444
chr1	51750000	52000000	0.483686
chr1	52000000	52250000	0.555317
chr1	52250000	52500000	0.667314
chr1	52500000	52750000	0.7061
chr1	52750000	53000000	0.65134
chr1	53000000	53250000	0.762306
chr1	53250000	53500000	0.798388
chr1	53500000	53750000	0.799976
chr1	53750000	54000000	0.678363
chr1	54000000	54250000	0.704914
chr1	54250000	54500000	0.751271
chr1	54500000	54750000	0.665906
chr1	54750000	55000000	0.612125
chr1	55000000	55250000	0.509409
chr1	55250000	55500000	0.211508
chr1	55500000	55750000	0.262645
chr1	55750000	56000000	0.226435
chr1	56000000	56250000	0.226893
chr1	56250000	56500000	0.297545
chr1	56500000	56750000	0.227756
chr1	56750000	57000000	0.18731
chr1	57000000	57250000	0.202561
chr1	57250000	57500000	0.149539
chr1	57500000	57750000	0.183105
chr1	57750000	58000000	0.170291
chr1	58000000	58250000	0.133646
chr1	58250000	58500000	0.195659
chr1	58500000	58750000	0.190207
chr1	58750000	59000000	0.255208
chr1	59000000	59250000	0.238459
chr1	59250000	59500000	0.173894
chr1	59500000	59750000	0.131844
chr1	59750000	60000000	0.0200337
chr1	60000000	60250000	-0.263407
chr1	60250000	60500000	-0.348617
chr1	60500000	60750000	-0.336758
chr1	60750000	61000000	-0.144322
chr1	61000000	61250000	-0.0406556
chr1	61250000	61500000	-0.0324545
chr1	61500000	61750000	-0.0398794
chr1	61750000	62000000	-0.00121492
chr1	62000000	62250000	0.104929
chr1	62250000	62500000	0.235887
chr1	62500000	62750000	0.171469
chr1	62750000	63000000	0.0573159
chr1	63000000	63250000	-0.0236595
chr1	63250000	63500000	0.00842743
chr1	63500000	63750000	0.115915
chr1	63750000	64000000	0.206439
chr1	64000000	64250000	0.104282
chr1	64250000	64500000	0.147471
chr1	64500000	64750000	0.207395
chr1	64750000	65000000	0.171093
chr1	65000000	65250000	0.137298
chr1	65250000	65500000	0.127386
chr1	65500000	65750000	-0.0737003
chr1	65750000	66000000	-0.258443
chr1	66000000	66250000	-0.310469
chr1	66250000	66500000	-0.122754
chr1	66500000	66750000	-0.120053
chr1	66750000	67000000	-0.0893676
chr1	67000000	67250000	-0.0488518
chr1	67250000	67500000	-0.0014792
chr1	67500000	67750000	-0.0894441
chr1	67750000	68000000	-0.339227
chr1	68000000	68250000	-0.388964
chr1	68250000	68500000	-0.486785
chr1	68500000	68750000	-0.837633
chr1	68750000	69000000	-0.782802
chr1	69000000	69250000	-0.815796
chr1	69250000	69500000	-0.820406
chr1	69500000	69750000	-0.7742
chr1	69750000	70000000	-0.892856
chr1	70000000	70250000	-0.681654
chr1	70250000	70500000	-0.531118
chr1	70500000	70750000	-0.791072
chr1	70750000	71000000	-0.839973
chr1	71000000	71250000	-0.801991
chr1	71250000	71500000	-0.984985
chr1	71500000	71750000	-0.906714
chr1	71750000	72000000	-0.928527
chr1	72000000	72250000	-0.89529
chr1	72250000	72500000	-0.949347
chr1	72500000	72750000	-0.866625
chr1	72750000	73000000	-0.903203
chr1	73000000	73250000	-0.905225
chr1	73250000	73500000	-0.873764
chr1	73500000	73750000	-0.845873
chr1	73750000	74000000	-0.814563
chr1	74000000	74250000	-0.803511
chr1	74250000	74500000	-0.690849
chr1	74500000	74750000	-0.775417
chr1	74750000	75000000	-0.867881
chr1	75000000	75250000	-0.798901
chr1	75250000	75500000	-0.804856
chr1	75500000	75750000	-0.704672
chr1	75750000	76000000	-0.680984
chr1	76000000	76250000	-0.625682
chr1	76250000	76500000	-0.688793
chr1	76500000	76750000	-0.779669
chr1	76750000	77000000	-0.692235
chr1	77000000	77250000	-0.651692
chr1	77250000	77500000	-0.673275
chr1	77500000	77750000	-0.335762
chr1	77750000	78000000	-0.153204
chr1	78000000	78250000	-0.586076
chr1	78250000	78500000	-0.926569
chr1	78500000	78750000	-0.8416
chr1	78750000	79000000	-0.845558
chr1	79000000	79250000	-0.86731
chr1	79250000	79500000	-0.719895
chr1	79500000	79750000	-0.623403
chr1	79750000	80000000	-0.709137
chr1	80000000	80250000	-0.692599
chr1	80250000	80500000	-0.739441
chr1	80500000	80750000	-0.754448
chr1	80750000	81000000	-0.74621
chr1	81000000	81250000	-0.675507
chr1	81250000	81500000	-0.45897
chr1	81500000	81750000	-0.406036
chr1	81750000	82000000	-0.394357
chr1	82000000	82250000	-0.50694
chr1	82250000	82500000	-0.561775
chr1	82500000	82750000	-0.618266
chr1	82750000	83000000	-0.610443
chr1	83000000	83250000	-0.510469
chr1	83250000	83500000	nan
chr1	83500000	83750000	-0.514698
chr1	83750000	84000000	-0.49044
chr1	84000000	84250000	-0.467455
chr1	84250000	84500000	-0.465216
chr1	84500000	84750000	-0.309834
chr1	84750000	85000000	-0.361524
chr1	85000000	85250000	-0.246907
chr1	85250000	85500000	-0.370332
chr1	85500000	85750000	-0.375849
chr1	85750000	86000000	-0.664132
chr1	86000000	86250000	-0.639965
chr1	86250000	86500000	-0.473793
chr1	86500000	86750000	-0.393513
chr1	86750000	87000000	-0.125115
chr1	87000000	87250000	-0.23268
chr1	87250000	87500000	-0.20484
chr1	87500000	87750000	-0.300881
chr1	87750000	88000000	-0.318398
chr1	88000000	88250000	-0.334242
chr1	88250000	88500000	-0.363124
chr1	88500000	88750000	-0.215275
chr1	88750000	89000000	-0.0913192
chr1	89000000	89250000	-0.179398
chr1	89250000	89500000	-0.148638
chr1	89500000	89750000	-0.0710275
chr1	89750000	90000000	-0.0207476
chr1	90000000	90250000	-0.30987
chr1	90250000	90500000	-0.465781
chr1	90500000	90750000	-0.36551
chr1	90750000	91000000	-0.17452
chr1	91000000	91250000	-0.235452
chr1	91250000	91500000	-0.283381
chr1	91500000	91750000	-0.0795274
chr1	91750000	92000000	-0.164654
chr1	92000000	92250000	-0.241877
chr1	92250000	92500000	-0.113061
chr1	92500000	92750000	-0.102572
chr1	92750000	93000000	0.0248347
chr1	93000000	93250000	0.121936
chr1	93250000	93500000	0.0728507
chr1	93500000	93750000	0.240662
chr1	93750000	94000000	0.117089
chr1	94000000	94250000	0.0832441
chr1	94250000	94500000	0.0227656
chr1	94500000	94750000	-0.0227848
chr1	94750000	95000000	-0.0225861
chr1	95000000	95250000	-0.21574
chr1	95250000	95500000	-0.554237
chr1	95500000	95750000	-0.652505
chr1	95750000	96000000	-0.637365
chr1	96000000	96250000	-0.612201
chr1	96250000	96500000	-0.604003
chr1	96500000	96750000	-0.502909
chr1	96750000	97000000	-0.448713
chr1	97000000	97250000	-0.602264
chr1	97250000	97500000	-0.741389
chr1	97500000	97750000	-0.715076
chr1	97750000	98000000	-0.709173
chr1	98000000	98250000	-0.729501
chr1	98250000	98500000	-0.798309
chr1	98500000	98750000	-0.741968
chr1	98750000	99000000	-0.726324
chr1	99000000	99250000	-0.693804
chr1	99250000	99500000	-0.631702
chr1	99500000	99750000	-0.604184
chr1	99750000	100000000	-0.195106
chr1	100000000	100250000	-0.111922
chr1	100250000	100500000	-0.193902
chr1	100500000	100750000	-0.340162
chr1	100750000	101000000	-0.314269
chr1	101000000	101250000	-0.267149
chr1	101250000	101500000	-0.463499
chr1	101500000	101750000	-0.732498
chr1	101750000	102000000	-0.837111
chr1	102000000	102250000	-0.856201
chr1	102250000	102500000	-0.872335
chr1	102500000	102750000	-0.917135
chr1	102750000	103000000	-0.885653
chr1	103000000	103250000	-0.918642
chr1	103250000	103500000	-0.906919
chr1	103500000	103750000	nan
chr1	103750000	104000000	nan
chr1	104000000	104250000	-0.996341
chr1	104250000	104500000	-1.08371
chr1	104500000	104750000	-0.997591
chr1	104750000	105000000	nan
chr1	105000000	105250000	-1.02849
chr1	105250000	105500000	-1.04195
chr1	105500000	105750000	nan
chr1	105750000	106000000	-0.959372
chr1	106000000	106250000	-0.9798
chr1	106250000	106500000	-0.937496
chr1	106500000	106750000	-0.900216
chr1	106750000	107000000	-0.876366
chr1	107000000	107250000	-0.825506
chr1	107250000	107500000	-0.857971
chr1	107500000	107750000	-0.838111
chr1	107750000	108000000	-0.650977
chr1	108000000	108250000	-0.613217
chr1	108250000	108500000	nan
chr1	108500000	108750000	-0.409818
chr1	108750000	109000000	-0.0507755
chr1	109000000	109250000	0.329671
chr1	109250000	109500000	0.619196
chr1	109500000	109750000	0.733497
chr1	109750000	110000000	0.753794
chr1	110000000	110250000	0.686766
chr1	110250000	110500000	0.539909
chr1	110500000	110750000	0.167767
chr1	110750000	111000000	-0.089909
chr1	111000000	111250000	0.102334
chr1	111250000	111500000	0.369602
chr1	111500000	111750000	0.47788
chr1	111750000	112000000	0.538006
chr1	112000000	112250000	0.543063
chr1	112250000	112500000	0.59375
chr1	112500000	112750000	0.741116
chr1	112750000	113000000	0.735471
chr1	113000000	113250000	0.563613
chr1	113250000	113500000	0.468029
chr1	113500000	113750000	0.394748
chr1	113750000	114000000	0.5554
chr1	114000000	114250000	0.603163
chr1	114250000	114500000	0.548067
chr1	114500000	114750000	0.562431
chr1	114750000	115000000	0.351114
chr1	115000000	115250000	0.431256
chr1	115250000	115500000	0.39965
chr1	115500000	115750000	0.408766
chr1	115750000	116000000	0.377804
chr1	116000000	116250000	0.406685
chr1	116250000	116500000	0.620478
chr1	116500000	116750000	0.462127
chr1	116750000	117000000	0.437499
chr1	117000000	117250000	0.36276
chr1	117250000	117500000	0.246432
chr1	117500000	117750000	0.246601
chr1	117750000	118000000	0.0995267
chr1	118000000	118250000	-0.165453
chr1	118250000	118500000	-0.205844
chr1	118500000	118750000	-0.273402
chr1	118750000	119000000	-0.243124
chr1	119000000	119250000	-0.0882607
chr1	119250000	119500000	0.0621556
chr1	119500000	119750000	0.331193
chr1	119750000	120000000	0.394643
chr1	120000000	120250000	nan
chr1	120250000	120500000	nan
chr1	120500000	120750000	nan
chr1	120750000	121000000	nan
chr1	121000000	121250000	nan
chr1	121250000	121500000	nan
chr1	121500000	121750000	nan
chr1	121750000	122000000	nan
chr1	122000000	122250000	nan
chr1	122250000	122500000	nan
chr1	122500000	122750000	nan
chr1	122750000	123000000	nan
chr1	123000000	123250000	nan
chr1	123250000	123500000	nan
chr1	123500000	123750000	nan
chr1	123750000	124000000	nan
chr1	124000000	124250000	nan
chr1	124250000	124500000	nan
chr1	124500000	124750000	nan
chr1	124750000	125000000	nan
chr1	125000000	125250000	nan
chr1	125250000	125500000	nan
chr1	125500000	125750000	nan
chr1	125750000	126000000	nan
chr1	126000000	126250000	nan
chr1	126250000	126500000	nan
chr1	126500000	126750000	nan
chr1	126750000	127000000	nan
chr1	127000000	127250000	nan
chr1	127250000	127500000	nan
chr1	127500000	127750000	nan
chr1	127750000	128000000	nan
chr1	128000000	128250000	nan
chr1	128250000	128500000	nan
chr1	128500000	128750000	nan
chr1	128750000	129000000	nan
chr1	129000000	129250000	nan
chr1	129250000	129500000	nan
chr1	129500000	129750000	nan
chr1	129750000	130000000	nan
chr1	130000000	130250000	nan
chr1	130250000	130500000	nan
chr1	130500000	130750000	nan
chr1	130750000	131000000	nan
chr1	131000000	131250000	nan
chr1	131250000	131500000	nan
chr1	131500000	131750000	nan
chr1	131750000	132000000	nan
chr1	132000000	132250000	nan
chr1	132250000	132500000	nan
chr1	132500000	132750000	nan
chr1	132750000	133000000	nan
chr1	133000000	133250000	nan
chr1	133250000	133500000	nan
chr1	133500000	133750000	nan
chr1	133750000	134000000	nan
chr1	134000000	134250000	nan
chr1	134250000	134500000	nan
chr1	134500000	134750000	nan
chr1	134750000	135000000	nan
chr1	135000000	135250000	nan
chr1	135250000	135500000	nan
chr1	135500000	135750000	nan
chr1	135750000	136000000	nan
chr1	136000000	136250000	nan
chr1	136250000	136500000	nan
chr1	136500000	136750000	nan
chr1	136750000	137000000	nan
chr1	137000000	137250000	nan
chr1	137250000	137500000	nan
chr1	137500000	137750000	nan
chr1	137750000	138000000	nan
chr1	138000000	138250000	nan
chr1	138250000	138500000	nan
chr1	138500000	138750000	nan
chr1	138750000	139000000	nan
chr1	139000000	139250000	nan
chr1	139250000	139500000	nan
chr1	139500000	139750000	nan
chr1	139750000	140000000	nan
chr1	140000000	140250000	nan
chr1	140250000	140500000	nan
chr1	140500000	140750000	nan
chr1	140750000	141000000	nan
chr1	141000000	141250000	nan
chr1	141250000	141500000	nan
chr1	141500000	141750000	nan
chr1	141750000	142000000	nan
chr1	142000000	142250000	nan
chr1	142250000	142500000	nan
chr1	142500000	142750000	nan
chr1	142750000	143000000	nan
chr1	143000000	143250000	nan
chr1	143250000	143500000	nan
chr1	143500000	143750000	nan
chr1	143750000	144000000	nan
chr1	144000000	144250000	nan
chr1	144250000	144500000	nan
chr1	144500000	144750000	nan
chr1	144750000	145000000	nan
chr1	145000000	145250000	nan
chr1	145250000	145500000	nan
chr1	145500000	145750000	nan
chr1	145750000	146000000	1.31844
chr1	146000000	146250000	nan
chr1	146250000	146500000	nan
chr1	146500000	146750000	nan
chr1	146750000	147000000	nan
chr1	147000000	147250000	0.875724
chr1	147250000	147500000	0.74336
chr1	147500000	147750000	0.959183
chr1	147750000	148000000	0.8664
chr1	148000000	148250000	nan
chr1	148250000	148500000	0.979814
chr1	148500000	148750000	nan
chr1	148750000	149000000	nan
chr1	149000000	149250000	nan
chr1	149250000	149500000	nan
chr1	149500000	149750000	nan
chr1	149750000	150000000	nan
chr1	150000000	150250000	1.19508
chr1	150250000	150500000	1.18576
chr1	150500000	150750000	1.15167
chr1	150750000	151000000	1.08102
chr1	151000000	151250000	1.0904
chr1	151250000	151500000	0.917384
chr1	151500000	151750000	0.65021
chr1	151750000	152000000	0.380354
chr1	152000000	152250000	-0.256591
chr1	152250000	152500000	nan
chr1	152500000	152750000	nan
chr1	152750000	153000000	nan
chr1	153000000	153250000	-0.437527
chr1	153250000	153500000	-0.0689422
chr1	153500000	153750000	0.490235
chr1	153750000	154000000	0.717968
chr1	154000000	154250000	0.607087
chr1	154250000	154500000	0.88661
chr1	154500000	154750000	0.997838
chr1	154750000	155000000	1.07856
chr1	155000000	155250000	1.11109
chr1	155250000	155500000	1.08567
chr1	155500000	155750000	1.09571
chr1	155750000	156000000	1.12524
chr1	156000000	156250000	1.2002
chr1	156250000	156500000	1.18284
chr1	156500000	156750000	1.06942
chr1	156750000	157000000	0.821006
chr1	157000000	157250000	0.31895
chr1	157250000	157500000	-0.01567
chr1	157500000	157750000	-0.262923
chr1	157750000	158000000	-0.293624
chr1	158000000	158250000	-0.146453
chr1	158250000	158500000	-0.567845
chr1	158500000	158750000	-0.56668
chr1	158750000	159000000	-0.581278
chr1	159000000	159250000	-0.3483
chr1	159250000	159500000	-0.68951
chr1	159500000	159750000	-0.62882
chr1	159750000	160000000	-0.0622168
chr1	160000000	160250000	0.426755
chr1	160250000	160500000	0.583656
chr1	160500000	160750000	0.449009
chr1	160750000	161000000	0.565632
chr1	161000000	161250000	0.816014
chr1	161250000	161500000	0.792601
chr1	161500000	161750000	0.65686
chr1	161750000	162000000	0.509027
chr1	162000000	162250000	0.461579
chr1	162250000	162500000	0.394863
chr1	162500000	162750000	0.359383
chr1	162750000	163000000	0.22243
chr1	163000000	163250000	0.192398
chr1	163250000	163500000	0.0995294
chr1	163500000	163750000	-0.00139355
chr1	163750000	164000000	-0.0136437
chr1	164000000	164250000	0.0137232
chr1	164250000	164500000	0.0976787
chr1	164500000	164750000	0.264807
chr1	164750000	165000000	0.230887
chr1	165000000	165250000	0.158764
chr1	165250000	165500000	0.273951
chr1	165500000	165750000	0.269456
chr1	165750000	166000000	0.192041
chr1	166000000	166250000	0.0772665
chr1	166250000	166500000	0.0112467
chr1	166500000	166750000	-0.0174098
chr1	166750000	167000000	0.187439
chr1	167000000	167250000	0.306536
chr1	167250000	167500000	0.332382
chr1	167500000	167750000	0.460052
chr1	167750000	168000000	0.390856
chr1	168000000	168250000	0.283235
chr1	168250000	168500000	0.0440341
chr1	168500000	168750000	-0.0214731
chr1	168750000	169000000	-0.0449023
chr1	169000000	169250000	-0.0253853
chr1	169250000	169500000	-0.132003
chr1	169500000	169750000	-0.261381
chr1	169750000	170000000	-0.275923
chr1	170000000	170250000	-0.345146
chr1	170250000	170500000	-0.490638
chr1	170500000	170750000	-0.418869
chr1	170750000	171000000	-0.500306
chr1	171000000	171250000	-0.4865
chr1	171250000	171500000	-0.317847
chr1	171500000	171750000	-0.183798
chr1	171750000	172000000	-0.429833
chr1	172000000	172250000	-0.59267
chr1	172250000	172500000	-0.429629
chr1	172500000	172750000	-0.321964
chr1	172750000	173000000	-0.507956
chr1	173000000	173250000	-0.540204
chr1	173250000	173500000	-0.304663
chr1	173500000	173750000	-0.275475
chr1	173750000	174000000	-0.0860331
chr1	174000000	174250000	-0.153066
chr1	174250000	174500000	-0.45552
chr1	174500000	174750000	-0.479488
chr1	174750000	175000000	-0.336726
chr1	175000000	175250000	-0.140546
chr1	175250000	175500000	-0.0911541
chr1	175500000	175750000	0.0496871
chr1	175750000	176000000	0.0156823
chr1	176000000	176250000	-0.0580137
chr1	176250000	176500000	-0.180747
chr1	176500000	176750000	-0.0842696
chr1	176750000	177000000	-0.0489842
chr1	177000000	177250000	0.0210587
chr1	177250000	177500000	-0.0101494
chr1	177500000	177750000	-0.0838075
chr1	177750000	178000000	-0.083904
chr1	178000000	178250000	-0.0619998
chr1	178250000	178500000	-0.0527622
chr1	178500000	178750000	-0.00292216
chr1	178750000	179000000	-0.00254674
chr1	179000000	179250000	0.0200871
chr1	179250000	179500000	-0.13229
chr1	179500000	179750000	-0.19065
chr1	179750000	180000000	0.135829
chr1	180000000	180250000	0.277479
chr1	180250000	180500000	0.0822645
chr1	180500000	180750000	0.207923
chr1	180750000	181000000	0.27072
chr1	181000000	181250000	0.337651
chr1	181250000	181500000	0.163998
chr1	181500000	181750000	0.170634
chr1	181750000	182000000	0.0994443
chr1	182000000	182250000	0.238695
chr1	182250000	182500000	0.295096
chr1	182500000	182750000	0.298418
chr1	182750000	183000000	0.400608
chr1	183000000	183250000	0.432889
chr1	183250000	183500000	0.397177
chr1	183500000	183750000	0.343314
chr1	183750000	184000000	0.235096
chr1	184000000	184250000	0.0811722
chr1	184250000	184500000	0.0585488
chr1	184500000	184750000	0.00010266
chr1	184750000	185000000	-0.149389
chr1	185000000	185250000	-0.123594
chr1	185250000	185500000	-0.227497
chr1	185500000	185750000	-0.241425
chr1	185750000	186000000	-0.43131
chr1	186000000	186250000	-0.418425
chr1	186250000	186500000	-0.576189
chr1	186500000	186750000	-0.978637
chr1	186750000	187000000	-0.965577
chr1	187000000	187250000	-0.844819
chr1	187250000	187500000	-0.780332
chr1	187500000	187750000	-0.856334
chr1	187750000	188000000	-0.809493
chr1	188000000	188250000	-0.857895
chr1	188250000	188500000	-0.888325
chr1	188500000	188750000	-0.852481
chr1	188750000	189000000	-0.849149
chr1	189000000	189250000	-0.909324
chr1	189250000	189500000	-0.879332
chr1	189500000	189750000	-0.867821
chr1	189750000	190000000	-0.906471
chr1	190000000	190250000	-0.894813
chr1	190250000	190500000	-0.784317
chr1	190500000	190750000	-0.848999
chr1	190750000	191000000	-0.916442
chr1	191000000	191250000	-0.906357
chr1	191250000	191500000	-0.927126
chr1	191500000	191750000	-0.888478
chr1	191750000	192000000	-0.869698
chr1	192000000	192250000	-0.901282
chr1	192250000	192500000	-0.784406
chr1	192500000	192750000	-0.693187
chr1	192750000	193000000	-0.664489
chr1	193000000	193250000	-0.524232
chr1	193250000	193500000	-0.630704
chr1	193500000	193750000	-0.676544
chr1	193750000	194000000	-0.73687
chr1	194000000	194250000	-0.723512
chr1	194250000	194500000	-0.762976
chr1	194500000	194750000	-0.872691
chr1	194750000	195000000	-0.90484
chr1	195000000	195250000	-0.908591
chr1	195250000	195500000	-0.883714
chr1	195500000	195750000	-0.898128
chr1	195750000	196000000	-0.863563
chr1	196000000	196250000	-0.875715
chr1	196250000	196500000	-0.886512
chr1	196500000	196750000	-0.879951
chr1	196750000	197000000	-0.947471
chr1	197000000	197250000	-0.809435
chr1	197250000	197500000	-0.721928
chr1	197500000	197750000	-0.684922
chr1	197750000	198000000	-0.664623
chr1	198000000	198250000	-0.670004
chr1	198250000	198500000	-0.733753
chr1	198500000	198750000	-0.858991
chr1	198750000	199000000	-0.895271
chr1	199000000	199250000	-0.927612
chr1	199250000	199500000	-0.891014
chr1	199500000	199750000	-0.728523
chr1	199750000	200000000	-0.599983
chr1	200000000	200250000	-0.43974
chr1	200250000	200500000	-0.330369
chr1	200500000	200750000	0.0288722
chr1	200750000	201000000	0.409523
chr1	201000000	201250000	0.708985
chr1	201250000	201500000	0.956869
chr1	201500000	201750000	0.936068
chr1	201750000	202000000	0.989039
chr1	202000000	202250000	0.925067
chr1	202250000	202500000	0.878505
chr1	202500000	202750000	0.902094
chr1	202750000	203000000	1.01762
chr1	203000000	203250000	0.948056
chr1	203250000	203500000	0.913792
chr1	203500000	203750000	0.904797
chr1	203750000	204000000	0.846742
chr1	204000000	204250000	0.91703
chr1	204250000	204500000	1.03205
chr1	204500000	204750000	0.957974
chr1	204750000	205000000	0.922053
chr1	205000000	205250000	0.964684
chr1	205250000	205500000	0.925219
chr1	205500000	205750000	0.915248
chr1	205750000	206000000	0.84215
chr1	206000000	206250000	0.712644
chr1	206250000	206500000	nan
chr1	206500000	206750000	0.69025
chr1	206750000	207000000	0.562879
chr1	207000000	207250000	0.308121
chr1	207250000	207500000	0.244569
chr1	207500000	207750000	0.260141
chr1	207750000	208000000	0.340226
chr1	208000000	208250000	0.387106
chr1	208250000	208500000	0.304968
chr1	208500000	208750000	0.179001
chr1	208750000	209000000	0.150988
chr1	209000000	209250000	0.146843
chr1	209250000	209500000	0.246658
chr1	209500000	209750000	0.352621
chr1	209750000	210000000	0.194067
chr1	210000000	210250000	0.101762
chr1	210250000	210500000	0.185615
chr1	210500000	210750000	0.220401
chr1	210750000	211000000	0.162091
chr1	211000000	211250000	0.132589
chr1	211250000	211500000	0.396746
chr1	211500000	211750000	0.42768
chr1	211750000	212000000	0.42171
chr1	212000000	212250000	0.393525
chr1	212250000	212500000	0.401066
chr1	212500000	212750000	0.460964
chr1	212750000	213000000	0.354129
chr1	213000000	213250000	0.0580106
chr1	213250000	213500000	0.030433
chr1	213500000	213750000	0.0290938
chr1	213750000	214000000	0.0233168
chr1	214000000	214250000	-0.0088544
chr1	214250000	214500000	-0.0530524
chr1	214500000	214750000	-0.281112
chr1	214750000	215000000	-0.577989
chr1	215000000	215250000	-0.624272
chr1	215250000	215500000	-0.621311
chr1	215500000	215750000	-0.454422
chr1	215750000	216000000	-0.562833
chr1	216000000	216250000	-0.482593
chr1	216250000	216500000	-0.449109
chr1	216500000	216750000	-0.361723
chr1	216750000	217000000	-0.289789
chr1	217000000	217250000	-0.274729
chr1	217250000	217500000	-0.337518
chr1	217500000	217750000	-0.356864
chr1	217750000	218000000	-0.43102
chr1	218000000	218250000	-0.372949
chr1	218250000	218500000	-0.0102693
chr1	218500000	218750000	0.0492564
chr1	218750000	219000000	0.003346
chr1	219000000	219250000	-0.0309124
chr1	219250000	219500000	-0.0592861
chr1	219500000	219750000	-0.0399368
chr1	219750000	220000000	0.0539976
chr1	220000000	220250000	0.243125
chr1	220250000	220500000	0.250148
chr1	220500000	220750000	0.209299
chr1	220750000	221000000	0.166292
chr1	221000000	221250000	0.105012
chr1	221250000	221500000	0.0801472
chr1	221500000	221750000	0.208582
chr1	221750000	222000000	0.188067
chr1	222000000	222250000	0.159814
chr1	222250000	222500000	0.15988
chr1	222500000	222750000	0.398255
chr1	222750000	223000000	0.440445
chr1	223000000	223250000	0.466467
chr1	223250000	223500000	0.501046
chr1	223500000	223750000	0.508616
chr1	223750000	224000000	0.719505
chr1	224000000	224250000	0.704846
chr1	224250000	224500000	0.670095
chr1	224500000	224750000	0.493923
chr1	224750000	225000000	0.366216
chr1	225000000	225250000	0.261883
chr1	225250000	225500000	0.487746
chr1	225500000	225750000	0.811657
chr1	225750000	226000000	0.801134
chr1	226000000	226250000	0.951142
chr1	226250000	226500000	0.99046
chr1	226500000	226750000	0.911834
chr1	226750000	227000000	0.819529
chr1	227000000	227250000	0.725492
chr1	227250000	227500000	0.658148
chr1	227500000	227750000	0.734917
chr1	227750000	228000000	0.913681
chr1	228000000	228250000	1.21673
chr1	228250000	228500000	1.23794
chr1	228500000	228750000	0.768569
chr1	228750000	229000000	0.949628
chr1	229000000	229250000	0.859224
chr1	229250000	229500000	0.916936
chr1	229500000	229750000	0.738418
chr1	229750000	230000000	0.683327
chr1	230000000	230250000	0.789926
chr1	230250000	230500000	0.670461
chr1	230500000	230750000	0.678438
chr1	230750000	231000000	0.736573
chr1	231000000	231250000	0.697716
chr1	231250000	231500000	0.649401
chr1	231500000	231750000	0.522128
chr1	231750000	232000000	0.45625
chr1	232000000	232250000	0.530438
chr1	232250000	232500000	0.491077
chr1	232500000	232750000	0.466875
chr1	232750000	233000000	0.463428
chr1	233000000	233250000	0.392158
chr1	233250000	233500000	0.25372
chr1	233500000	233750000	0.337544
chr1	233750000	234000000	0.226183
chr1	234000000	234250000	0.308212
chr1	234250000	234500000	0.459277
chr1	234500000	234750000	0.711423
chr1	234750000	235000000	0.971871
chr1	235000000	235250000	0.617872
chr1	235250000	235500000	0.64227
chr1	235500000	235750000	0.444165
chr1	235750000	236000000	0.410307
chr1	236000000	236250000	0.295265
chr1	236250000	236500000	0.250761
chr1	236500000	236750000	0.386413
chr1	236750000	237000000	0.321257
chr1	237000000	237250000	0.116389
chr1	237250000	237500000	0.137563
chr1	237500000	237750000	0.187057
chr1	237750000	238000000	-0.44053
chr1	238000000	238250000	-0.748671
chr1	238250000	238500000	-0.778857
chr1	238500000	238750000	-0.740057
chr1	238750000	239000000	-0.733281
chr1	239000000	239250000	-0.72775
chr1	239250000	239500000	-0.702033
chr1	239500000	239750000	-0.759248
chr1	239750000	240000000	-0.595357
chr1	240000000	240250000	-0.425606
chr1	240250000	240500000	-0.5438
chr1	240500000	240750000	-0.557254
chr1	240750000	241000000	-0.677777
chr1	241000000	241250000	-0.741227
chr1	241250000	241500000	-0.648936
chr1	241500000	241750000	-0.526495
chr1	241750000	242000000	-0.475086
chr1	242000000	242250000	-0.525414
chr1	242250000	242500000	-0.566509
chr1	242500000	242750000	-0.546728
chr1	242750000	243000000	-0.398721
chr1	243000000	243250000	nan
chr1	243250000	243500000	-0.227293
chr1	243500000	243750000	-0.313025
chr1	243750000	244000000	-0.210687
chr1	244000000	244250000	-0.111019
chr1	244250000	244500000	-0.0630559
chr1	244500000	244750000	0.090148
chr1	244750000	245000000	0.302442
chr1	245000000	245250000	0.215387
chr1	245250000	245500000	0.241895
chr1	245500000	245750000	0.246169
chr1	245750000	246000000	0.202628
chr1	246000000	246250000	0.1195
chr1	246250000	246500000	0.0736265
chr1	246500000	246750000	0.0734687
chr1	246750000	247000000	-0.194661
chr1	247000000	247250000	-0.473392
chr1	247250000	247500000	-0.669312
chr1	247500000	247750000	-1.24681
chr1	247750000	248000000	nan
chr1	248000000	248250000	nan
chr1	248250000	248500000	nan
chr1	248500000	248750000	nan
chr1	248750000	248956422	-0.573914
#bedGraph section chr10:0-133797422
chr10	0	250000	0.463782
chr10	250000	500000	0.561598
chr10	500000	750000	0.610782
chr10	750000	1000000	0.56678
chr10	1000000	1250000	0.484255
chr10	1250000	1500000	0.351515
chr10	1500000	1750000	0.342547
chr10	1750000	2000000	0.102476
chr10	2000000	2250000	0.0560532
chr10	2250000	2500000	0.0398366
chr10	2500000	2750000	0.097651
chr10	2750000	3000000	0.221606
chr10	3000000	3250000	0.417085
chr10	3250000	3500000	0.286649
chr10	3500000	3750000	0.28836
chr10	3750000	4000000	0.283395
chr10	4000000	4250000	0.191957
chr10	4250000	4500000	0.174413
chr10	4500000	4750000	0.171885
chr10	4750000	5000000	0.276325
chr10	5000000	5250000	0.19449
chr10	5250000	5500000	0.32109
chr10	5500000	5750000	0.52586
chr10	5750000	6000000	0.585525
chr10	6000000	6250000	0.554554
chr10	6250000	6500000	0.492873
chr10	6500000	6750000	0.37185
chr10	6750000	7000000	0.297333
chr10	7000000	7250000	0.327986
chr10	7250000	7500000	0.353135
chr10	7500000	7750000	0.357394
chr10	7750000	8000000	0.252748
chr10	8000000	8250000	0.216406
chr10	8250000	8500000	0.167213
chr10	8500000	8750000	0.0683849
chr10	8750000	9000000	0.00428677
chr10	9000000	9250000	0.0429705
chr10	9250000	9500000	0.0788736
chr10	9500000	9750000	0.055137
chr10	9750000	10000000	0.0410245
chr10	10000000	10250000	0.0475752
chr10	10250000	10500000	0.0967313
chr10	10500000	10750000	0.135406
chr10	10750000	11000000	0.184423
chr10	11000000	11250000	0.228162
chr10	11250000	11500000	0.288688
chr10	11500000	11750000	0.417029
chr10	11750000	12000000	0.552923
chr10	12000000	12250000	0.599247
chr10	12250000	12500000	0.478896
chr10	12500000	12750000	0.474785
chr10	12750000	13000000	0.529565
chr10	13000000	13250000	0.48311
chr10	13250000	13500000	0.536386
chr10	13500000	13750000	0.49101
chr10	13750000	14000000	0.477047
chr10	14000000	14250000	0.435759
chr10	14250000	14500000	0.373766
chr10	14500000	14750000	0.447255
chr10	14750000	15000000	0.447808
chr10	15000000	15250000	0.398694
chr10	15250000	15500000	0.251816
chr10	15500000	15750000	0.116882
chr10	15750000	16000000	0.0109161
chr10	16000000	16250000	-0.0812878
chr10	16250000	16500000	-0.0119547
chr10	16500000	16750000	-0.00491332
chr10	16750000	17000000	0.0666123
chr10	17000000	17250000	0.154771
chr10	17250000	17500000	0.0810518
chr10	17500000	17750000	0.195182
chr10	17750000	18000000	0.152107
chr10	18000000	18250000	0.221587
chr10	18250000	18500000	0.154345
chr10	18500000	18750000	0.128543
chr10	18750000	19000000	-0.103312
chr10	19000000	19250000	-0.12642
chr10	19250000	19500000	-0.123653
chr10	19500000	19750000	-0.080764
chr10	19750000	20000000	0.0538752
chr10	20000000	20250000	0.0692346
chr10	20250000	20500000	0.0424331
chr10	20500000	20750000	0.0725584
chr10	20750000	21000000	0.298358
chr10	21000000	21250000	0.294356
chr10	21250000	21500000	0.333446
chr10	21500000	21750000	0.405113
chr10	21750000	22000000	0.261351
chr10	22000000	22250000	0.230876
chr10	22250000	22500000	0.258472
chr10	22500000	22750000	0.279779
chr10	22750000	23000000	0.200049
chr10	23000000	23250000	0.164747
chr10	23250000	23500000	0.145146
chr10	23500000	23750000	0.0429741
chr10	23750000	24000000	0.0703122
chr10	24000000	24250000	0.132033
chr10	24250000	24500000	0.184511
chr10	24500000	24750000	0.154186
chr10	24750000	25000000	0.123647
chr10	25000000	25250000	0.0754344
chr10	25250000	25500000	0.030678
chr10	25500000	25750000	0.0742495
chr10	25750000	26000000	0.0983889
chr10	26000000	26250000	0.0790023
chr10	26250000	26500000	0.181333
chr10	26500000	26750000	0.257391
chr10	26750000	27000000	0.377714
chr10	27000000	27250000	0.560152
chr10	27250000	27500000	0.367245
chr10	27500000	27750000	0.357531
chr10	27750000	28000000	0.311189
chr10	28000000	28250000	0.331495
chr10	28250000	28500000	0.454755
chr10	28500000	28750000	0.529312
chr10	28750000	29000000	0.586395
chr10	29000000	29250000	0.580617
chr10	29250000	29500000	0.540298
chr10	29500000	29750000	0.648753
chr10	29750000	30000000	0.617184
chr10	30000000	30250000	0.626035
chr10	30250000	30500000	0.526872
chr10	30500000	30750000	0.402209
chr10	30750000	31000000	0.220753
chr10	31000000	31250000	0.245797
chr10	31250000	31500000	0.202154
chr10	31500000	31750000	0.259053
chr10	31750000	32000000	0.347473
chr10	32000000	32250000	0.328948
chr10	32250000	32500000	0.161704
chr10	32500000	32750000	-0.0848617
chr10	32750000	33000000	0.0886352
chr10	33000000	33250000	0.152042
chr10	33250000	33500000	0.230631
chr10	33500000	33750000	0.264602
chr10	33750000	34000000	0.224049
chr10	34000000	34250000	0.20662
chr10	34250000	34500000	0.266208
chr10	34500000	34750000	0.273181
chr10	34750000	35000000	0.246416
chr10	35000000	35250000	0.219301
chr10	35250000	35500000	0.0586929
chr10	35500000	35750000	-0.0945104
chr10	35750000	36000000	-0.109644
chr10	36000000	36250000	-0.205283
chr10	36250000	36500000	-0.245402
chr10	36500000	36750000	-0.233108
chr10	36750000	37000000	-0.388576
chr10	37000000	37250000	nan
chr10	37250000	37500000	nan
chr10	37500000	37750000	nan
chr10	37750000	38000000	nan
chr10	38000000	38250000	-0.499017
chr10	38250000	38500000	nan
chr10	38500000	38750000	nan
chr10	38750000	39000000	nan
chr10	39000000	39250000	nan
chr10	39250000	39500000	nan
chr10	39500000	39750000	nan
chr10	39750000	40000000	nan
chr10	40000000	40250000	nan
chr10	40250000	40500000	nan
chr10	40500000	40750000	nan
chr10	40750000	41000000	nan
chr10	41000000	41250000	nan
chr10	41250000	41500000	nan
chr10	41500000	41750000	nan
chr10	41750000	42000000	nan
chr10	42000000	42250000	nan
chr10	42250000	42500000	nan
chr10	42500000	42750000	-0.982351
chr10	42750000	43000000	-0.431997
chr10	43000000	43250000	-0.221563
chr10	43250000	43500000	0.0300791
chr10	43500000	43750000	-0.164928
chr10	43750000	44000000	0.06142
chr10	44000000	44250000	0.0825772
chr10	44250000	44500000	0.0254066
chr10	44500000	44750000	-0.199396
chr10	44750000	45000000	0.0882986
chr10	45000000	45250000	0.00882354
chr10	45250000	45500000	0.136673
chr10	45500000	45750000	0.132413
chr10	45750000	46000000	nan
chr10	46000000	46250000	0.496521
chr10	46250000	46500000	nan
chr10	46500000	46750000	nan
chr10	46750000	47000000	nan
chr10	47000000	47250000	0.641017
chr10	47250000	47500000	0.682778
chr10	47500000	47750000	nan
chr10	47750000	48000000	nan
chr10	48000000	48250000	nan
chr10	48250000	48500000	0.490339
chr10	48500000	48750000	0.382389
chr10	48750000	49000000	0.289673
chr10	49000000	49250000	0.377354
chr10	49250000	49500000	0.314905
chr10	49500000	49750000	0.155674
chr10	49750000	50000000	0.208917
chr10	50000000	50250000	-0.151289
chr10	50250000	50500000	-0.328644
chr10	50500000	50750000	-0.353468
chr10	50750000	51000000	-0.95827
chr10	51000000	51250000	-1.02092
chr10	51250000	51500000	-1.01406
chr10	51500000	51750000	-1.01157
chr10	51750000	52000000	-0.993711
chr10	52000000	52250000	-0.974085
chr10	52250000	52500000	-0.952382
chr10	52500000	52750000	-0.99612
chr10	52750000	53000000	-1.00013
chr10	53000000	53250000	-1.04467
chr10	53250000	53500000	-0.912448
chr10	53500000	53750000	-0.876284
chr10	53750000	54000000	-0.924075
chr10	54000000	54250000	-0.979788
chr10	54250000	54500000	-0.932857
chr10	54500000	54750000	-1.00509
chr10	54750000	55000000	-1.00063
chr10	55000000	55250000	-0.974093
chr10	55250000	55500000	-0.975597
chr10	55500000	55750000	-0.869327
chr10	55750000	56000000	-0.919373
chr10	56000000	56250000	-0.91069
chr10	56250000	56500000	-0.90557
chr10	56500000	56750000	-0.939
chr10	56750000	57000000	-0.864771
chr10	57000000	57250000	-0.840749
chr10	57250000	57500000	-0.866274
chr10	57500000	57750000	-0.899442
chr10	57750000	58000000	-1.03493
chr10	58000000	58250000	-0.968171
chr10	58250000	58500000	-0.709119
chr10	58500000	58750000	-0.86333
chr10	58750000	59000000	-0.714536
chr10	59000000	59250000	-0.764089
chr10	59250000	59500000	-0.563999
chr10	59500000	59750000	-0.575537
chr10	59750000	60000000	-0.476776
chr10	60000000	60250000	-0.455593
chr10	60250000	60500000	-0.478301
chr10	60500000	60750000	-0.709176
chr10	60750000	61000000	-0.688794
chr10	61000000	61250000	-0.938704
chr10	61250000	61500000	-0.973829
chr10	61500000	61750000	-0.932533
chr10	61750000	62000000	-0.839309
chr10	62000000	62250000	-0.838544
chr10	62250000	62500000	-0.75756
chr10	62500000	62750000	-0.53276
chr10	62750000	63000000	-0.537044
chr10	63000000	63250000	-0.283685
chr10	63250000	63500000	0.0706863
chr10	63500000	63750000	-0.154213
chr10	63750000	64000000	-0.645395
chr10	64000000	64250000	-0.827494
chr10	64250000	64500000	-0.888819
chr10	64500000	64750000	-0.926375
chr10	64750000	65000000	-0.970737
chr10	65000000	65250000	-0.991452
chr10	65250000	65500000	-0.986179
chr10	65500000	65750000	-1.01875
chr10	65750000	66000000	-1.02548
chr10	66000000	66250000	-0.984573
chr10	66250000	66500000	-0.978638
chr10	66500000	66750000	-0.960576
chr10	66750000	67000000	-0.871082
chr10	67000000	67250000	-0.819394
chr10	67250000	67500000	-0.782599
chr10	67500000	67750000	-0.666437
chr10	67750000	68000000	-0.165251
chr10	68000000	68250000	0.0379156
chr10	68250000	68500000	0.269808
chr10	68500000	68750000	0.601705
chr10	68750000	69000000	0.618535
chr10	69000000	69250000	0.639836
chr10	69250000	69500000	0.694818
chr10	69500000	69750000	0.670759
chr10	69750000	70000000	0.63711
chr10	70000000	70250000	0.686536
chr10	70250000	70500000	0.704019
chr10	70500000	70750000	0.690222
chr10	70750000	71000000	0.650307
chr10	71000000	71250000	0.687523
chr10	71250000	71500000	0.652021
chr10	71500000	71750000	0.701003
chr10	71750000	72000000	0.640988
chr10	72000000	72250000	0.634933
chr10	72250000	72500000	0.516227
chr10	72500000	72750000	0.499547
chr10	72750000	73000000	0.508124
chr10	73000000	73250000	0.605095
chr10	73250000	73500000	0.620599
chr10	73500000	73750000	0.658456
chr10	73750000	74000000	0.661496
chr10	74000000	74250000	0.522907
chr10	74250000	74500000	0.336224
chr10	74500000	74750000	0.335765
chr10	74750000	75000000	0.368344
chr10	75000000	75250000	0.417872
chr10	75250000	75500000	0.365126
chr10	75500000	75750000	0.304174
chr10	75750000	76000000	0.30114
chr10	76000000	76250000	0.318315
chr10	76250000	76500000	0.261521
chr10	76500000	76750000	0.227168
chr10	76750000	77000000	0.247951
chr10	77000000	77250000	0.375363
chr10	77250000	77500000	0.544367
chr10	77500000	77750000	0.533928
chr10	77750000	78000000	0.62747
chr10	78000000	78250000	0.451851
chr10	78250000	78500000	0.454361
chr10	78500000	78750000	0.440094
chr10	78750000	79000000	0.471673
chr10	79000000	79250000	0.442713
chr10	79250000	79500000	0.415401
chr10	79500000	79750000	0.0450108
chr10	79750000	80000000	nan
chr10	80000000	80250000	0.0201836
chr10	80250000	80500000	-0.129482
chr10	80500000	80750000	-0.52939
chr10	80750000	81000000	-0.824284
chr10	81000000	81250000	-1.0313
chr10	81250000	81500000	-1.05743
chr10	81500000	81750000	-1.00893
chr10	81750000	82000000	-0.868572
chr10	82000000	82250000	-0.82818
chr10	82250000	82500000	-0.791106
chr10	82500000	82750000	-0.805985
chr10	82750000	83000000	-0.833226
chr10	83000000	83250000	-0.92154
chr10	83250000	83500000	-0.979947
chr10	83500000	83750000	-0.978161
chr10	83750000	84000000	-0.877296
chr10	84000000	84250000	-0.50289
chr10	84250000	84500000	-0.144037
chr10	84500000	84750000	-0.0797249
chr10	84750000	85000000	-0.0434548
chr10	85000000	85250000	-0.0727437
chr10	85250000	85500000	-0.0578594
chr10	85500000	85750000	-0.00960806
chr10	85750000	86000000	0.0519984
chr10	86000000	86250000	0.164024
chr10	86250000	86500000	0.292169
chr10	86500000	86750000	0.535743
chr10	86750000	87000000	0.63091
chr10	87000000	87250000	0.510668
chr10	87250000	87500000	nan
chr10	87500000	87750000	0.281267
chr10	87750000	88000000	0.259248
chr10	88000000	88250000	0.200791
chr10	88250000	88500000	0.145612
chr10	88500000	88750000	0.0471275
chr10	88750000	89000000	0.0825243
chr10	89000000	89250000	-0.101091
chr10	89250000	89500000	0.0547456
chr10	89500000	89750000	0.0645863
chr10	89750000	90000000	-0.300464
chr10	90000000	90250000	-0.373328
chr10	90250000	90500000	-0.404648
chr10	90500000	90750000	-0.333566
chr10	90750000	91000000	0.0103502
chr10	91000000	91250000	0.128546
chr10	91250000	91500000	0.0865097
chr10	91500000	91750000	0.189907
chr10	91750000	92000000	0.331057
chr10	92000000	92250000	0.351632
chr10	92250000	92500000	0.360675
chr10	92500000	92750000	0.371312
chr10	92750000	93000000	0.287058
chr10	93000000	93250000	0.286686
chr10	93250000	93500000	0.379827
chr10	93500000	93750000	0.159768
chr10	93750000	94000000	0.0425049
chr10	94000000	94250000	-0.0335001
chr10	94250000	94500000	-0.0812643
chr10	94500000	94750000	-0.374333
chr10	94750000	95000000	-0.526292
chr10	95000000	95250000	-0.374265
chr10	95250000	95500000	-0.00148818
chr10	95500000	95750000	0.064479
chr10	95750000	96000000	-0.0384129
chr10	96000000	96250000	0.120021
chr10	96250000	96500000	0.229302
chr10	96500000	96750000	0.420033
chr10	96750000	97000000	0.412106
chr10	97000000	97250000	0.534083
chr10	97250000	97500000	0.64559
chr10	97500000	97750000	0.656209
chr10	97750000	98000000	0.604963
chr10	98000000	98250000	0.484824
chr10	98250000	98500000	0.418754
chr10	98500000	98750000	0.282376
chr10	98750000	99000000	0.27911
chr10	99000000	99250000	0.250668
chr10	99250000	99500000	0.396105
chr10	99500000	99750000	0.545786
chr10	99750000	100000000	0.545806
chr10	100000000	100250000	0.542756
chr10	100250000	100500000	0.594998
chr10	100500000	100750000	0.671873
chr10	100750000	101000000	0.682887
chr10	101000000	101250000	0.633106
chr10	101250000	101500000	0.590196
chr10	101500000	101750000	0.593421
chr10	101750000	102000000	0.62953
chr10	102000000	102250000	0.641229
chr10	102250000	102500000	0.615068
chr10	102500000	102750000	0.682349
chr10	102750000	103000000	0.625568
chr10	103000000	103250000	0.646966
chr10	103250000	103500000	0.672243
chr10	103500000	103750000	0.55095
chr10	103750000	104000000	0.425941
chr10	104000000	104250000	0.253281
chr10	104250000	104500000	-0.0395426
chr10	104500000	104750000	-0.262292
chr10	104750000	105000000	-0.414331
chr10	105000000	105250000	-0.576224
chr10	105250000	105500000	-0.624606
chr10	105500000	105750000	-0.551579
chr10	105750000	106000000	-0.750258
chr10	106000000	106250000	-0.893744
chr10	106250000	106500000	-0.910977
chr10	106500000	106750000	-0.78807
chr10	106750000	107000000	-0.681103
chr10	107000000	107250000	-0.670742
chr10	107250000	107500000	-0.87089
chr10	107500000	107750000	-0.911157
chr10	107750000	108000000	-0.847478
chr10	108000000	108250000	-0.880005
chr10	108250000	108500000	-0.873637
chr10	108500000	108750000	-0.831063
chr10	108750000	109000000	-0.855233
chr10	109000000	109250000	-0.849646
chr10	109250000	109500000	-0.791999
chr10	109500000	109750000	-0.833022
chr10	109750000	110000000	-0.472554
chr10	110000000	110250000	-0.0670613
chr10	110250000	110500000	0.285282
chr10	110500000	110750000	0.257619
chr10	110750000	111000000	0.0992363
chr10	111000000	111250000	-0.2334
chr10	111250000	111500000	-0.360256
chr10	111500000	111750000	-0.440772
chr10	111750000	112000000	-0.422478
chr10	112000000	112250000	-0.218704
chr10	112250000	112500000	-0.106343
chr10	112500000	112750000	0.0279573
chr10	112750000	113000000	0.213969
chr10	113000000	113250000	0.166853
chr10	113250000	113500000	0.0516209
chr10	113500000	113750000	0.0539488
chr10	113750000	114000000	0.091831
chr10	114000000	114250000	0.0840017
chr10	114250000	114500000	0.0767062
chr10	114500000	114750000	0.0503818
chr10	114750000	115000000	-0.244915
chr10	115000000	115250000	-0.564609
chr10	115250000	115500000	-0.846934
chr10	115500000	115750000	-0.892026
chr10	115750000	116000000	-0.625548
chr10	116000000	116250000	-0.529227
chr10	116250000	116500000	-0.664912
chr10	116500000	116750000	-0.324317
chr10	116750000	117000000	-0.234763
chr10	117000000	117250000	-0.197883
chr10	117250000	117500000	0.0944325
chr10	117500000	117750000	0.0867407
chr10	117750000	118000000	0.00323136
chr10	118000000	118250000	-0.0796005
chr10	118250000	118500000	0.0832898
chr10	118500000	118750000	0.361001
chr10	118750000	119000000	0.465758
chr10	119000000	119250000	0.724457
chr10	119250000	119500000	0.73693
chr10	119500000	119750000	0.677162
chr10	119750000	120000000	0.592895
chr10	120000000	120250000	0.458854
chr10	120250000	120500000	0.419955
chr10	120500000	120750000	0.421693
chr10	120750000	121000000	0.472286
chr10	121000000	121250000	0.53897
chr10	121250000	121500000	0.58766
chr10	121500000	121750000	0.549552
chr10	121750000	122000000	0.57929
chr10	122000000	122250000	0.678459
chr10	122250000	122500000	0.666997
chr10	122500000	122750000	0.613602
chr10	122750000	123000000	0.529506
chr10	123000000	123250000	0.505179
chr10	123250000	123500000	0.520818
chr10	123500000	123750000	0.491684
chr10	123750000	124000000	0.506396
chr10	124000000	124250000	0.598703
chr10	124250000	124500000	0.58478
chr10	124500000	124750000	0.69107
chr10	124750000	125000000	0.636777
chr10	125000000	125250000	0.558202
chr10	125250000	125500000	0.40001
chr10	125500000	125750000	0.416183
chr10	125750000	126000000	0.469529
chr10	126000000	126250000	0.441124
chr10	126250000	126500000	0.403374
chr10	126500000	126750000	0.347758
chr10	126750000	127000000	0.416483
chr10	127000000	127250000	0.410611
chr10	127250000	127500000	0.431037
chr10	127500000	127750000	0.309656
chr10	127750000	128000000	0.375256
chr10	128000000	128250000	0.435953
chr10	128250000	128500000	0.327785
chr10	128500000	128750000	0.336868
chr10	128750000	129000000	0.276432
chr10	129000000	129250000	0.228037
chr10	129250000	129500000	0.26821
chr10	129500000	129750000	0.274684
chr10	129750000	130000000	0.358615
chr10	130000000	130250000	0.395123
chr10	130250000	130500000	0.381919
chr10	130500000	130750000	0.352492
chr10	130750000	131000000	0.374273
chr10	131000000	131250000	0.423587
chr10	131250000	131500000	0.389426
chr10	131500000	131750000	0.425311
chr10	131750000	132000000	0.54581
chr10	132000000	132250000	0.602752
chr10	132250000	132500000	0.67482
chr10	132500000	132750000	0.650615
chr10	132750000	133000000	0.60053
chr10	133000000	133250000	0.625805
chr10	133250000	133500000	0.364034
chr10	133500000	133750000	nan
chr10	133750000	133797422	nan
#bedGraph section chr11:0-135086622
chr11	0	250000	nan
chr11	250000	500000	0.94998
chr11	500000	750000	1.02907
chr11	750000	1000000	1.02992
chr11	1000000	1250000	0.971103
chr11	1250000	1500000	0.981295
chr11	1500000	1750000	0.882615
chr11	1750000	2000000	0.906687
chr11	2000000	2250000	0.817129
chr11	2250000	2500000	0.731748
chr11	2500000	2750000	0.595793
chr11	2750000	3000000	0.743118
chr11	3000000	3250000	0.796325
chr11	3250000	3500000	nan
chr11	3500000	3750000	0.523177
chr11	3750000	4000000	0.139838
chr11	4000000	4250000	-0.297133
chr11	4250000	4500000	-0.862394
chr11	4500000	4750000	-0.768724
chr11	4750000	5000000	-1.01364
chr11	5000000	5250000	-0.886602
chr11	5250000	5500000	-0.861159
chr11	5500000	5750000	-0.764799
chr11	5750000	6000000	-0.7826
chr11	6000000	6250000	-0.474796
chr11	6250000	6500000	-0.0809349
chr11	6500000	6750000	-0.0311807
chr11	6750000	7000000	-0.581468
chr11	7000000	7250000	-0.505813
chr11	7250000	7500000	-0.447738
chr11	7500000	7750000	-0.316413
chr11	7750000	8000000	-0.490328
chr11	8000000	8250000	-0.0194527
chr11	8250000	8500000	-0.00954494
chr11	8500000	8750000	0.195587
chr11	8750000	9000000	0.423138
chr11	9000000	9250000	0.571431
chr11	9250000	9500000	0.71093
chr11	9500000	9750000	0.609032
chr11	9750000	10000000	0.486014
chr11	10000000	10250000	0.404573
chr11	10250000	10500000	0.554112
chr11	10500000	10750000	0.631672
chr11	10750000	11000000	0.634178
chr11	11000000	11250000	0.592717
chr11	11250000	11500000	0.673199
chr11	11500000	11750000	0.614654
chr11	11750000	12000000	0.586081
chr11	12000000	12250000	0.664502
chr11	12250000	12500000	0.465948
chr11	12500000	12750000	0.495618
chr11	12750000	13000000	0.47148
chr11	13000000	13250000	0.385649
chr11	13250000	13500000	0.3119
chr11	13500000	13750000	0.207613
chr11	13750000	14000000	0.164845
chr11	14000000	14250000	0.175649
chr11	14250000	14500000	0.250081
chr11	14500000	14750000	-0.107113
chr11	14750000	15000000	-0.17667
chr11	15000000	15250000	-0.111762
chr11	15250000	15500000	-0.129775
chr11	15500000	15750000	-0.0734647
chr11	15750000	16000000	-0.0268857
chr11	16000000	16250000	-0.218347
chr11	16250000	16500000	-0.302074
chr11	16500000	16750000	-0.0445035
chr11	16750000	17000000	0.517746
chr11	17000000	17250000	0.540069
chr11	17250000	17500000	0.53339
chr11	17500000	17750000	0.515617
chr11	17750000	18000000	0.469874
chr11	18000000	18250000	0.363822
chr11	18250000	18500000	0.504631
chr11	18500000	18750000	0.48946
chr11	18750000	19000000	0.269186
chr11	19000000	19250000	0.281891
chr11	19250000	19500000	0.28511
chr11	19500000	19750000	0.341877
chr11	19750000	20000000	0.264708
chr11	20000000	20250000	0.0520368
chr11	20250000	20500000	-0.298214
chr11	20500000	20750000	-0.59708
chr11	20750000	21000000	-0.772527
chr11	21000000	21250000	-0.785018
chr11	21250000	21500000	-0.811208
chr11	21500000	21750000	-0.827009
chr11	21750000	22000000	-0.912838
chr11	22000000	22250000	-0.78468
chr11	22250000	22500000	-0.805602
chr11	22500000	22750000	-0.797361
chr11	22750000	23000000	-0.790178
chr11	23000000	23250000	-0.841651
chr11	23250000	23500000	-0.873962
chr11	23500000	23750000	-0.780329
chr11	23750000	24000000	-0.830604
chr11	24000000	24250000	-0.824938
chr11	24250000	24500000	-0.694404
chr11	24500000	24750000	-0.729401
chr11	24750000	25000000	-0.769991
chr11	25000000	25250000	-0.795514
chr11	25250000	25500000	-0.813962
chr11	25500000	25750000	-0.784453
chr11	25750000	26000000	-0.753355
chr11	26000000	26250000	-0.736476
chr11	26250000	26500000	-0.699451
chr11	26500000	26750000	-0.595501
chr11	26750000	27000000	-0.593025
chr11	27000000	27250000	-0.409959
chr11	27250000	27500000	-0.162881
chr11	27500000	27750000	-0.575238
chr11	27750000	28000000	-0.725005
chr11	28000000	28250000	-0.637156
chr11	28250000	28500000	-0.707253
chr11	28500000	28750000	-0.668571
chr11	28750000	29000000	-0.848498
chr11	29000000	29250000	-0.816701
chr11	29250000	29500000	-0.630377
chr11	29500000	29750000	-0.571231
chr11	29750000	30000000	-0.650335
chr11	30000000	30250000	-0.587548
chr11	30250000	30500000	-0.41196
chr11	30500000	30750000	-0.326477
chr11	30750000	31000000	-0.466897
chr11	31000000	31250000	-0.773099
chr11	31250000	31500000	-0.680506
chr11	31500000	31750000	-0.782174
chr11	31750000	32000000	-0.570539
chr11	32000000	32250000	-0.493313
chr11	32250000	32500000	-0.258711
chr11	32500000	32750000	-0.316588
chr11	32750000	33000000	0.0204884
chr11	33000000	33250000	0.432251
chr11	33250000	33500000	0.61477
chr11	33500000	33750000	0.534705
chr11	33750000	34000000	0.58792
chr11	34000000	34250000	0.662413
chr11	34250000	34500000	0.47827
chr11	34500000	34750000	0.33387
chr11	34750000	35000000	0.285586
chr11	35000000	35250000	0.358184
chr11	35250000	35500000	0.2373
chr11	35500000	35750000	0.0790571
chr11	35750000	36000000	0.0533601
chr11	36000000	36250000	0.0806487
chr11	36250000	36500000	-0.042565
chr11	36500000	36750000	-0.553968
chr11	36750000	37000000	-0.677425
chr11	37000000	37250000	-0.639111
chr11	37250000	37500000	-0.58567
chr11	37500000	37750000	-0.60349
chr11	37750000	38000000	-0.551778
chr11	38000000	38250000	-0.58303
chr11	38250000	38500000	-0.581683
chr11	38500000	38750000	-0.592807
chr11	38750000	39000000	-0.621406
chr11	39000000	39250000	-0.771042
chr11	39250000	39500000	-0.683706
chr11	39500000	39750000	-0.77961
chr11	39750000	40000000	-0.780552
chr11	40000000	40250000	-0.637554
chr11	40250000	40500000	-0.643424
chr11	40500000	40750000	-0.725867
chr11	40750000	41000000	-0.734563
chr11	41000000	41250000	-0.659933
chr11	41250000	41500000	-0.65972
chr11	41500000	41750000	-0.794872
chr11	41750000	42000000	-0.884705
chr11	42000000	42250000	-0.893947
chr11	42250000	42500000	-0.826845
chr11	42500000	42750000	-0.749239
chr11	42750000	43000000	-0.758849
chr11	43000000	43250000	-0.831305
chr11	43250000	43500000	-0.321069
chr11	43500000	43750000	0.0900276
chr11	43750000	44000000	0.297864
chr11	44000000	44250000	0.473451
chr11	44250000	44500000	0.598521
chr11	44500000	44750000	0.632711
chr11	44750000	45000000	0.697473
chr11	45000000	45250000	0.790818
chr11	45250000	45500000	0.853203
chr11	45500000	45750000	0.929859
chr11	45750000	46000000	0.970986
chr11	46000000	46250000	0.949565
chr11	46250000	46500000	1.06417
chr11	46500000	46750000	1.02683
chr11	46750000	47000000	0.921764
chr11	47000000	47250000	0.901156
chr11	47250000	47500000	0.957068
chr11	47500000	47750000	0.728375
chr11	47750000	48000000	-0.113675
chr11	48000000	48250000	-0.801373
chr11	48250000	48500000	nan
chr11	48500000	48750000	nan
chr11	48750000	49000000	nan
chr11	49000000	49250000	nan
chr11	49250000	49500000	nan
chr11	49500000	49750000	nan
chr11	49750000	50000000	nan
chr11	50000000	50250000	nan
chr11	50250000	50500000	nan
chr11	50500000	50750000	nan
chr11	50750000	51000000	nan
chr11	51000000	51250000	nan
chr11	51250000	51500000	nan
chr11	51500000	51750000	nan
chr11	51750000	52000000	nan
chr11	52000000	52250000	nan
chr11	52250000	52500000	nan
chr11	52500000	52750000	nan
chr11	52750000	53000000	nan
chr11	53000000	53250000	nan
chr11	53250000	53500000	nan
chr11	53500000	53750000	nan
chr11	53750000	54000000	nan
chr11	54000000	54250000	nan
chr11	54250000	54500000	nan
chr11	54500000	54750000	nan
chr11	54750000	55000000	nan
chr11	55000000	55250000	nan
chr11	55250000	55500000	nan
chr11	55500000	55750000	nan
chr11	55750000	56000000	-1.16581
chr11	56000000	56250000	-1.29438
chr11	56250000	56500000	-1.25905
chr11	56500000	56750000	-1.09633
chr11	56750000	57000000	-0.823298
chr11	57000000	57250000	-0.551388
chr11	57250000	57500000	-0.265146
chr11	57500000	57750000	-0.0521389
chr11	57750000	58000000	-0.48647
chr11	58000000	58250000	-0.945063
chr11	58250000	58500000	-1.03797
chr11	58500000	58750000	-0.733013
chr11	58750000	59000000	-1.0243
chr11	59000000	59250000	-0.792309
chr11	59250000	59500000	-0.9694
chr11	59500000	59750000	-0.523465
chr11	59750000	60000000	-0.786425
chr11	60000000	60250000	-0.900214
chr11	60250000	60500000	-0.918532
chr11	60500000	60750000	-0.81677
chr11	60750000	61000000	0.113178
chr11	61000000	61250000	0.377711
chr11	61250000	61500000	0.78112
chr11	61500000	61750000	0.896943
chr11	61750000	62000000	0.80574
chr11	62000000	62250000	0.672307
chr11	62250000	62500000	0.665012
chr11	62500000	62750000	0.74166
chr11	62750000	63000000	0.587844
chr11	63000000	63250000	0.351653
chr11	63250000	63500000	0.282537
chr11	63500000	63750000	0.449726
chr11	63750000	64000000	0.686155
chr11	64000000	64250000	0.78159
chr11	64250000	64500000	0.785337
chr11	64500000	64750000	0.815473
chr11	64750000	65000000	0.72381
chr11	65000000	65250000	0.692522
chr11	65250000	65500000	0.660087
chr11	65500000	65750000	0.632043
chr11	65750000	66000000	0.609397
chr11	66000000	66250000	0.620958
chr11	66250000	66500000	0.622097
chr11	66500000	66750000	0.617515
chr11	66750000	67000000	0.593423
chr11	67000000	67250000	0.617864
chr11	67250000	67500000	0.65422
chr11	67500000	67750000	0.647812
chr11	67750000	68000000	0.618663
chr11	68000000	68250000	0.641495
chr11	68250000	68500000	0.625751
chr11	68500000	68750000	0.617153
chr11	68750000	69000000	0.608409
chr11	69000000	69250000	0.593037
chr11	69250000	69500000	0.635608
chr11	69500000	69750000	0.579367
chr11	69750000	70000000	0.655567
chr11	70000000	70250000	0.666306
chr11	70250000	70500000	0.644568
chr11	70500000	70750000	0.685276
chr11	70750000	71000000	0.629408
chr11	71000000	71250000	0.60339
chr11	71250000	71500000	0.630407
chr11	71500000	71750000	0.681032
chr11	71750000	72000000	0.668223
chr11	72000000	72250000	0.742913
chr11	72250000	72500000	0.701744
chr11	72500000	72750000	0.758157
chr11	72750000	73000000	0.680611
chr11	73000000	73250000	0.662646
chr11	73250000	73500000	0.736843
chr11	73500000	73750000	0.683768
chr11	73750000	74000000	0.687966
chr11	74000000	74250000	0.642415
chr11	74250000	74500000	0.572316
chr11	74500000	74750000	0.60315
chr11	74750000	75000000	0.613648
chr11	75000000	75250000	0.688824
chr11	75250000	75500000	0.782918
chr11	75500000	75750000	0.75217
chr11	75750000	76000000	0.651281
chr11	76000000	76250000	0.669817
chr11	76250000	76500000	0.701426
chr11	76500000	76750000	0.721987
chr11	76750000	77000000	0.640298
chr11	77000000	77250000	0.634573
chr11	77250000	77500000	0.547354
chr11	77500000	77750000	0.593116
chr11	77750000	78000000	0.57982
chr11	78000000	78250000	0.589235
chr11	78250000	78500000	0.44461
chr11	78500000	78750000	0.286732
chr11	78750000	79000000	0.22015
chr11	79000000	79250000	0.23543
chr11	79250000	79500000	0.175003
chr11	79500000	79750000	-0.0160493
chr11	79750000	80000000	-0.16893
chr11	80000000	80250000	-0.114347
chr11	80250000	80500000	-0.127375
chr11	80500000	80750000	-0.105287
chr11	80750000	81000000	-0.162004
chr11	81000000	81250000	-0.172383
chr11	81250000	81500000	-0.359974
chr11	81500000	81750000	-0.469601
chr11	81750000	82000000	-0.480053
chr11	82000000	82250000	-0.435323
chr11	82250000	82500000	-0.531223
chr11	82500000	82750000	-0.4339
chr11	82750000	83000000	-0.196006
chr11	83000000	83250000	-0.0875263
chr11	83250000	83500000	-0.311886
chr11	83500000	83750000	-0.330972
chr11	83750000	84000000	-0.576491
chr11	84000000	84250000	-0.833919
chr11	84250000	84500000	-0.755297
chr11	84500000	84750000	-0.614269
chr11	84750000	85000000	-0.470555
chr11	85000000	85250000	-0.564393
chr11	85250000	85500000	-0.589481
chr11	85500000	85750000	-0.270747
chr11	85750000	86000000	-0.00356453
chr11	86000000	86250000	0.16837
chr11	86250000	86500000	-0.00533267
chr11	86500000	86750000	-0.0780646
chr11	86750000	87000000	-0.0931476
chr11	87000000	87250000	-0.0717309
chr11	87250000	87500000	-0.269767
chr11	87500000	87750000	-0.626891
chr11	87750000	88000000	-0.651349
chr11	88000000	88250000	-0.589745
chr11	88250000	88500000	-0.587051
chr11	88500000	88750000	-0.704334
chr11	88750000	89000000	-0.808161
chr11	89000000	89250000	-0.864993
chr11	89250000	89500000	-0.882535
chr11	89500000	89750000	-0.742145
chr11	89750000	90000000	nan
chr11	90000000	90250000	-0.641267
chr11	90250000	90500000	-0.744287
chr11	90500000	90750000	-0.910685
chr11	90750000	91000000	-0.929319
chr11	91000000	91250000	-0.865232
chr11	91250000	91500000	-0.78158
chr11	91500000	91750000	-0.713434
chr11	91750000	92000000	-0.588528
chr11	92000000	92250000	-0.48537
chr11	92250000	92500000	-0.343912
chr11	92500000	92750000	-0.442282
chr11	92750000	93000000	-0.418267
chr11	93000000	93250000	-0.307639
chr11	93250000	93500000	-0.23581
chr11	93500000	93750000	-0.101389
chr11	93750000	94000000	-0.301162
chr11	94000000	94250000	-0.568629
chr11	94250000	94500000	-0.489366
chr11	94500000	94750000	-0.109481
chr11	94750000	95000000	0.0487777
chr11	95000000	95250000	-0.0711968
chr11	95250000	95500000	-0.114954
chr11	95500000	95750000	-0.189649
chr11	95750000	96000000	-0.203871
chr11	96000000	96250000	-0.197611
chr11	96250000	96500000	-0.251799
chr11	96500000	96750000	-0.519786
chr11	96750000	97000000	-0.508837
chr11	97000000	97250000	-0.479966
chr11	97250000	97500000	-0.554822
chr11	97500000	97750000	-0.556877
chr11	97750000	98000000	-0.56772
chr11	98000000	98250000	-0.559256
chr11	98250000	98500000	-0.552554
chr11	98500000	98750000	-0.594211
chr11	98750000	99000000	-0.564578
chr11	99000000	99250000	-0.565718
chr11	99250000	99500000	-0.652598
chr11	99500000	99750000	-0.622972
chr11	99750000	100000000	-0.615471
chr11	100000000	100250000	-0.655366
chr11	100250000	100500000	-0.548197
chr11	100500000	100750000	-0.206128
chr11	100750000	101000000	-0.0793376
chr11	101000000	101250000	-0.627639
chr11	101250000	101500000	-0.683916
chr11	101500000	101750000	-0.775569
chr11	101750000	102000000	-0.632612
chr11	102000000	102250000	-0.243345
chr11	102250000	102500000	-0.281705
chr11	102500000	102750000	-0.677944
chr11	102750000	103000000	-0.811397
chr11	103000000	103250000	-0.752386
chr11	103250000	103500000	-0.904569
chr11	103500000	103750000	-0.758303
chr11	103750000	104000000	-0.805391
chr11	104000000	104250000	-0.691489
chr11	104250000	104500000	-0.712988
chr11	104500000	104750000	-0.71593
chr11	104750000	105000000	-0.722454
chr11	105000000	105250000	-0.760218
chr11	105250000	105500000	-0.810516
chr11	105500000	105750000	-0.800562
chr11	105750000	106000000	-0.74922
chr11	106000000	106250000	-0.706157
chr11	106250000	106500000	-0.841187
chr11	106500000	106750000	-0.859006
chr11	106750000	107000000	-0.617429
chr11	107000000	107250000	-0.860944
chr11	107250000	107500000	-0.857975
chr11	107500000	107750000	-0.60081
chr11	107750000	108000000	-0.422564
chr11	108000000	108250000	-0.00283373
chr11	108250000	108500000	-0.210437
chr11	108500000	108750000	-0.290023
chr11	108750000	109000000	-0.589428
chr11	109000000	109250000	-0.740748
chr11	109250000	109500000	-0.79089
chr11	109500000	109750000	-0.763892
chr11	109750000	110000000	-0.644775
chr11	110000000	110250000	-0.435757
chr11	110250000	110500000	-0.269812
chr11	110500000	110750000	-0.537484
chr11	110750000	111000000	-0.61723
chr11	111000000	111250000	-0.570602
chr11	111250000	111500000	-0.265526
chr11	111500000	111750000	0.123795
chr11	111750000	112000000	0.428471
chr11	112000000	112250000	0.59137
chr11	112250000	112500000	0.451731
chr11	112500000	112750000	0.481341
chr11	112750000	113000000	0.494967
chr11	113000000	113250000	0.454339
chr11	113250000	113500000	0.60928
chr11	113500000	113750000	0.591778
chr11	113750000	114000000	0.762615
chr11	114000000	114250000	0.752355
chr11	114250000	114500000	0.502588
chr11	114500000	114750000	0.378791
chr11	114750000	115000000	0.463332
chr11	115000000	115250000	0.519079
chr11	115250000	115500000	0.503185
chr11	115500000	115750000	0.566201
chr11	115750000	116000000	0.542749
chr11	116000000	116250000	0.578457
chr11	116250000	116500000	0.653663
chr11	116500000	116750000	0.685143
chr11	116750000	117000000	0.871484
chr11	117000000	117250000	0.924708
chr11	117250000	117500000	0.882678
chr11	117500000	117750000	0.928678
chr11	117750000	118000000	0.883207
chr11	118000000	118250000	0.860452
chr11	118250000	118500000	0.889311
chr11	118500000	118750000	0.964392
chr11	118750000	119000000	0.963355
chr11	119000000	119250000	1.00305
chr11	119250000	119500000	0.902448
chr11	119500000	119750000	0.831586
chr11	119750000	120000000	0.854454
chr11	120000000	120250000	0.791728
chr11	120250000	120500000	0.739339
chr11	120500000	120750000	0.682835
chr11	120750000	121000000	0.654422
chr11	121000000	121250000	0.573598
chr11	121250000	121500000	0.556071
chr11	121500000	121750000	0.426269
chr11	121750000	122000000	0.34491
chr11	122000000	122250000	0.364307
chr11	122250000	122500000	0.40976
chr11	122500000	122750000	0.449598
chr11	122750000	123000000	0.472179
chr11	123000000	123250000	0.501063
chr11	123250000	123500000	0.450816
chr11	123500000	123750000	0.203904
chr11	123750000	124000000	-0.172548
chr11	124000000	124250000	-0.191884
chr11	124250000	124500000	-0.221489
chr11	124500000	124750000	0.0445658
chr11	124750000	125000000	0.25278
chr11	125000000	125250000	0.384556
chr11	125250000	125500000	0.406227
chr11	125500000	125750000	0.28055
chr11	125750000	126000000	0.27095
chr11	126000000	126250000	0.510888
chr11	126250000	126500000	0.564818
chr11	126500000	126750000	0.421888
chr11	126750000	127000000	0.358993
chr11	127000000	127250000	0.186593
chr11	127250000	127500000	0.11395
chr11	127500000	127750000	-0.0381866
chr11	127750000	128000000	-0.0154628
chr11	128000000	128250000	0.146017
chr11	128250000	128500000	0.332915
chr11	128500000	128750000	0.362356
chr11	128750000	129000000	0.333694
chr11	129000000	129250000	0.199402
chr11	129250000	129500000	0.2735
chr11	129500000	129750000	0.292269
chr11	129750000	130000000	0.458766
chr11	130000000	130250000	0.540312
chr11	130250000	130500000	0.496973
chr11	130500000	130750000	0.543045
chr11	130750000	131000000	0.455667
chr11	131000000	131250000	0.398736
chr11	131250000	131500000	0.452903
chr11	131500000	131750000	0.424539
chr11	131750000	132000000	0.420774
chr11	132000000	132250000	0.350569
chr11	132250000	132500000	0.313697
chr11	132500000	132750000	0.285273
chr11	132750000	133000000	0.314762
chr11	133000000	133250000	0.349844
chr11	133250000	133500000	0.356487
chr11	133500000	133750000	0.412229
chr11	133750000	134000000	0.501797
chr11	134000000	134250000	0.700734
chr11	134250000	134500000	0.680216
chr11	134500000	134750000	0.658334
chr11	134750000	135000000	0.597128
chr11	135000000	135086622	nan
#bedGraph section chr12:0-133275309
chr12	0	250000	0.689437
chr12	250000	500000	0.834685
chr12	500000	750000	0.738776
chr12	750000	1000000	0.721523
chr12	1000000	1250000	0.629785
chr12	1250000	1500000	0.617131
chr12	1500000	1750000	0.63643
chr12	1750000	2000000	0.61973
chr12	2000000	2250000	0.540039
chr12	2250000	2500000	0.457627
chr12	2500000	2750000	0.547568
chr12	2750000	3000000	0.733153
chr12	3000000	3250000	0.74095
chr12	3250000	3500000	0.656698
chr12	3500000	3750000	0.664129
chr12	3750000	4000000	0.585389
chr12	4000000	4250000	0.601228
chr12	4250000	4500000	0.62425
chr12	4500000	4750000	0.661031
chr12	4750000	5000000	0.648791
chr12	5000000	5250000	0.644443
chr12	5250000	5500000	0.640288
chr12	5500000	5750000	0.653718
chr12	5750000	6000000	0.699885
chr12	6000000	6250000	0.821098
chr12	6250000	6500000	0.969382
chr12	6500000	6750000	1.08321
chr12	6750000	7000000	0.981596
chr12	7000000	7250000	0.684168
chr12	7250000	7500000	0.327744
chr12	7500000	7750000	0.425243
chr12	7750000	8000000	0.551354
chr12	8000000	8250000	0.513252
chr12	8250000	8500000	0.395726
chr12	8500000	8750000	0.26009
chr12	8750000	9000000	0.176067
chr12	9000000	9250000	-0.0919982
chr12	9250000	9500000	-0.038732
chr12	9500000	9750000	-0.179278
chr12	9750000	10000000	-0.30403
chr12	10000000	10250000	-0.221247
chr12	10250000	10500000	-0.348637
chr12	10500000	10750000	-0.259887
chr12	10750000	11000000	-0.31215
chr12	11000000	11250000	-0.260489
chr12	11250000	11500000	-0.284862
chr12	11500000	11750000	0.0800945
chr12	11750000	12000000	0.107089
chr12	12000000	12250000	0.155941
chr12	12250000	12500000	0.221082
chr12	12500000	12750000	0.273432
chr12	12750000	13000000	0.127987
chr12	13000000	13250000	0.0649563
chr12	13250000	13500000	-0.0541274
chr12	13500000	13750000	-0.0923789
chr12	13750000	14000000	-0.141594
chr12	14000000	14250000	-0.252805
chr12	14250000	14500000	-0.313159
chr12	14500000	14750000	-0.410048
chr12	14750000	15000000	-0.521115
chr12	15000000	15250000	-0.640776
chr12	15250000	15500000	-0.730281
chr12	15500000	15750000	-0.639913
chr12	15750000	16000000	-0.500265
chr12	16000000	16250000	-0.546054
chr12	16250000	16500000	-0.570723
chr12	16500000	16750000	-0.562482
chr12	16750000	17000000	-0.596667
chr12	17000000	17250000	-0.656762
chr12	17250000	17500000	-0.688845
chr12	17500000	17750000	-0.62352
chr12	17750000	18000000	-0.720824
chr12	18000000	18250000	-0.546971
chr12	18250000	18500000	-0.356686
chr12	18500000	18750000	-0.34549
chr12	18750000	19000000	-0.28626
chr12	19000000	19250000	-0.169685
chr12	19250000	19500000	-0.115613
chr12	19500000	19750000	-0.284259
chr12	19750000	20000000	-0.418694
chr12	20000000	20250000	-0.461467
chr12	20250000	20500000	-0.445853
chr12	20500000	20750000	-0.48255
chr12	20750000	21000000	-0.681185
chr12	21000000	21250000	-0.657569
chr12	21250000	21500000	-0.548297
chr12	21500000	21750000	-0.442665
chr12	21750000	22000000	-0.486838
chr12	22000000	22250000	-0.410476
chr12	22250000	22500000	-0.381854
chr12	22500000	22750000	-0.302638
chr12	22750000	23000000	-0.392012
chr12	23000000	23250000	-0.429105
chr12	23250000	23500000	-0.55335
chr12	23500000	23750000	-0.542462
chr12	23750000	24000000	-0.477773
chr12	24000000	24250000	-0.445911
chr12	24250000	24500000	-0.461272
chr12	24500000	24750000	-0.353839
chr12	24750000	25000000	-0.297461
chr12	25000000	25250000	-0.282981
chr12	25250000	25500000	-0.192701
chr12	25500000	25750000	-0.187149
chr12	25750000	26000000	-0.158522
chr12	26000000	26250000	-0.109253
chr12	26250000	26500000	-0.17247
chr12	26500000	26750000	-0.156656
chr12	26750000	27000000	-0.125862
chr12	27000000	27250000	-0.150619
chr12	27250000	27500000	-0.303973
chr12	27500000	27750000	-0.327669
chr12	27750000	28000000	-0.536523
chr12	28000000	28250000	-0.758146
chr12	28250000	28500000	-0.876923
chr12	28500000	28750000	-0.849291
chr12	28750000	29000000	-0.701099
chr12	29000000	29250000	-0.659849
chr12	29250000	29500000	-0.503813
chr12	29500000	29750000	-0.280507
chr12	29750000	30000000	-0.395695
chr12	30000000	30250000	-0.452481
chr12	30250000	30500000	-0.463615
chr12	30500000	30750000	-0.393265
chr12	30750000	31000000	-0.135941
chr12	31000000	31250000	-0.0217059
chr12	31250000	31500000	0.203943
chr12	31500000	31750000	0.119976
chr12	31750000	32000000	-0.105197
chr12	32000000	32250000	-0.0685168
chr12	32250000	32500000	-0.109541
chr12	32500000	32750000	-0.19819
chr12	32750000	33000000	-0.298387
chr12	33000000	33250000	-0.779563
chr12	33250000	33500000	-0.755249
chr12	33500000	33750000	-0.917484
chr12	33750000	34000000	-0.887661
chr12	34000000	34250000	-0.754277
chr12	34250000	34500000	nan
chr12	34500000	34750000	nan
chr12	34750000	35000000	nan
chr12	35000000	35250000	nan
chr12	35250000	35500000	nan
chr12	35500000	35750000	nan
chr12	35750000	36000000	nan
chr12	36000000	36250000	nan
chr12	36250000	36500000	nan
chr12	36500000	36750000	nan
chr12	36750000	37000000	nan
chr12	37000000	37250000	nan
chr12	37250000	37500000	nan
chr12	37500000	37750000	nan
chr12	37750000	38000000	nan
chr12	38000000	38250000	nan
chr12	38250000	38500000	-1.2087
chr12	38500000	38750000	-1.39124
chr12	38750000	39000000	-1.28076
chr12	39000000	39250000	-1.16909
chr12	39250000	39500000	-1.09573
chr12	39500000	39750000	-1.22209
chr12	39750000	40000000	-1.21582
chr12	40000000	40250000	-1.06187
chr12	40250000	40500000	-1.12662
chr12	40500000	40750000	-1.00396
chr12	40750000	41000000	-0.848526
chr12	41000000	41250000	-0.6358
chr12	41250000	41500000	-0.529609
chr12	41500000	41750000	-0.542474
chr12	41750000	42000000	-0.515962
chr12	42000000	42250000	-0.283016
chr12	42250000	42500000	-0.210355
chr12	42500000	42750000	-0.18725
chr12	42750000	43000000	-0.223983
chr12	43000000	43250000	-0.294256
chr12	43250000	43500000	-0.445049
chr12	43500000	43750000	-0.673064
chr12	43750000	44000000	-0.605318
chr12	44000000	44250000	-0.825736
chr12	44250000	44500000	-0.77885
chr12	44500000	44750000	-0.783405
chr12	44750000	45000000	-0.647473
chr12	45000000	45250000	-0.415733
chr12	45250000	45500000	-0.314152
chr12	45500000	45750000	-0.261536
chr12	45750000	46000000	-0.0378277
chr12	46000000	46250000	-0.0569749
chr12	46250000	46500000	-0.0549041
chr12	46500000	46750000	-0.165134
chr12	46750000	47000000	-0.199745
chr12	47000000	47250000	-0.118711
chr12	47250000	47500000	-0.146199
chr12	47500000	47750000	0.100648
chr12	47750000	48000000	0.53657
chr12	48000000	48250000	0.463306
chr12	48250000	48500000	0.183924
chr12	48500000	48750000	0.46449
chr12	48750000	49000000	0.87986
chr12	49000000	49250000	0.989609
chr12	49250000	49500000	0.936873
chr12	49500000	49750000	0.974499
chr12	49750000	50000000	0.98305
chr12	50000000	50250000	0.942157
chr12	50250000	50500000	0.864004
chr12	50500000	50750000	0.798616
chr12	50750000	51000000	0.757519
chr12	51000000	51250000	0.831635
chr12	51250000	51500000	0.774671
chr12	51500000	51750000	0.760169
chr12	51750000	52000000	0.866226
chr12	52000000	52250000	0.950194
chr12	52250000	52500000	0.966891
chr12	52500000	52750000	0.994683
chr12	52750000	53000000	0.949989
chr12	53000000	53250000	1.00833
chr12	53250000	53500000	0.975852
chr12	53500000	53750000	0.84841
chr12	53750000	54000000	0.693556
chr12	54000000	54250000	0.726764
chr12	54250000	54500000	0.529258
chr12	54500000	54750000	0.189673
chr12	54750000	55000000	-0.0643302
chr12	55000000	55250000	-0.0948098
chr12	55250000	55500000	-0.271292
chr12	55500000	55750000	0.113238
chr12	55750000	56000000	0.541272
chr12	56000000	56250000	0.78242
chr12	56250000	56500000	0.823927
chr12	56500000	56750000	0.777659
chr12	56750000	57000000	0.59002
chr12	57000000	57250000	0.783926
chr12	57250000	57500000	0.656907
chr12	57500000	57750000	0.399305
chr12	57750000	58000000	-0.314444
chr12	58000000	58250000	-0.998824
chr12	58250000	58500000	-0.929442
chr12	58500000	58750000	-0.928221
chr12	58750000	59000000	-0.886263
chr12	59000000	59250000	-0.795806
chr12	59250000	59500000	-0.849382
chr12	59500000	59750000	-0.975145
chr12	59750000	60000000	-0.876303
chr12	60000000	60250000	-0.999854
chr12	60250000	60500000	-0.956847
chr12	60500000	60750000	-0.96695
chr12	60750000	61000000	-0.98708
chr12	61000000	61250000	-1.0044
chr12	61250000	61500000	-0.948656
chr12	61500000	61750000	-0.967074
chr12	61750000	62000000	-1.01374
chr12	62000000	62250000	-0.76917
chr12	62250000	62500000	-0.679483
chr12	62500000	62750000	-0.292724
chr12	62750000	63000000	-0.494399
chr12	63000000	63250000	-0.688288
chr12	63250000	63500000	-0.797301
chr12	63500000	63750000	-0.654718
chr12	63750000	64000000	-0.527851
chr12	64000000	64250000	-0.585284
chr12	64250000	64500000	-0.323658
chr12	64500000	64750000	-0.0164648
chr12	64750000	65000000	-0.0971418
chr12	65000000	65250000	-0.107164
chr12	65250000	65500000	0.00623598
chr12	65500000	65750000	0.0336384
chr12	65750000	66000000	0.0374989
chr12	66000000	66250000	0.00673852
chr12	66250000	66500000	-0.117818
chr12	66500000	66750000	-0.206763
chr12	66750000	67000000	-0.146155
chr12	67000000	67250000	-0.0608902
chr12	67250000	67500000	0.151383
chr12	67500000	67750000	0.223074
chr12	67750000	68000000	0.233389
chr12	68000000	68250000	0.113461
chr12	68250000	68500000	0.0736814
chr12	68500000	68750000	0.120342
chr12	68750000	69000000	0.126571
chr12	69000000	69250000	0.0460491
chr12	69250000	69500000	-0.0173022
chr12	69500000	69750000	-0.137372
chr12	69750000	70000000	-0.443464
chr12	70000000	70250000	-0.624875
chr12	70250000	70500000	-0.47679
chr12	70500000	70750000	-0.502258
chr12	70750000	71000000	-0.602943
chr12	71000000	71250000	-0.687024
chr12	71250000	71500000	-0.66139
chr12	71500000	71750000	-0.479498
chr12	71750000	72000000	-0.811789
chr12	72000000	72250000	-1.04893
chr12	72250000	72500000	-0.860667
chr12	72500000	72750000	-0.887296
chr12	72750000	73000000	-0.904076
chr12	73000000	73250000	-0.871329
chr12	73250000	73500000	-0.885127
chr12	73500000	73750000	-0.909598
chr12	73750000	74000000	-0.897645
chr12	74000000	74250000	-0.976749
chr12	74250000	74500000	-0.928612
chr12	74500000	74750000	-0.990424
chr12	74750000	75000000	-1.07654
chr12	75000000	75250000	-1.10583
chr12	75250000	75500000	-0.847037
chr12	75500000	75750000	-0.444106
chr12	75750000	76000000	-0.415134
chr12	76000000	76250000	-0.456138
chr12	76250000	76500000	-0.564997
chr12	76500000	76750000	-0.624373
chr12	76750000	77000000	-0.618404
chr12	77000000	77250000	-0.847921
chr12	77250000	77500000	-0.969669
chr12	77500000	77750000	-0.995074
chr12	77750000	78000000	-1.04042
chr12	78000000	78250000	-0.910962
chr12	78250000	78500000	-0.95029
chr12	78500000	78750000	-0.875421
chr12	78750000	79000000	-0.899113
chr12	79000000	79250000	-0.822448
chr12	79250000	79500000	-0.628542
chr12	79500000	79750000	-0.460721
chr12	79750000	80000000	-0.407195
chr12	80000000	80250000	-0.542702
chr12	80250000	80500000	-0.603472
chr12	80500000	80750000	-0.749357
chr12	80750000	81000000	-0.662505
chr12	81000000	81250000	-0.61716
chr12	81250000	81500000	-0.517717
chr12	81500000	81750000	-0.474393
chr12	81750000	82000000	-0.690874
chr12	82000000	82250000	-0.767726
chr12	82250000	82500000	-0.58484
chr12	82500000	82750000	-0.52851
chr12	82750000	83000000	-0.475343
chr12	83000000	83250000	-0.513149
chr12	83250000	83500000	-0.538405
chr12	83500000	83750000	-0.641036
chr12	83750000	84000000	-0.592591
chr12	84000000	84250000	-0.698953
chr12	84250000	84500000	-0.662381
chr12	84500000	84750000	-0.620915
chr12	84750000	85000000	-0.576374
chr12	85000000	85250000	-0.693596
chr12	85250000	85500000	-0.678407
chr12	85500000	85750000	-0.837159
chr12	85750000	86000000	-0.710475
chr12	86000000	86250000	-0.77569
chr12	86250000	86500000	-0.785308
chr12	86500000	86750000	-0.850569
chr12	86750000	87000000	-0.774909
chr12	87000000	87250000	-0.707676
chr12	87250000	87500000	-0.878604
chr12	87500000	87750000	-0.893133
chr12	87750000	88000000	-0.704975
chr12	88000000	88250000	-0.668602
chr12	88250000	88500000	-0.813524
chr12	88500000	88750000	-0.788095
chr12	88750000	89000000	-0.743865
chr12	89000000	89250000	-0.321444
chr12	89250000	89500000	-0.263089
chr12	89500000	89750000	-0.269356
chr12	89750000	90000000	-0.297842
chr12	90000000	90250000	-0.441416
chr12	90250000	90500000	-0.685444
chr12	90500000	90750000	-0.789557
chr12	90750000	91000000	-0.563252
chr12	91000000	91250000	-0.552505
chr12	91250000	91500000	-0.323419
chr12	91500000	91750000	-0.333338
chr12	91750000	92000000	-0.21039
chr12	92000000	92250000	-0.149543
chr12	92250000	92500000	-0.18332
chr12	92500000	92750000	-0.142979
chr12	92750000	93000000	0.0728226
chr12	93000000	93250000	0.17747
chr12	93250000	93500000	0.223492
chr12	93500000	93750000	0.19642
chr12	93750000	94000000	0.139178
chr12	94000000	94250000	0.188047
chr12	94250000	94500000	0.166366
chr12	94500000	94750000	0.202617
chr12	94750000	95000000	0.235022
chr12	95000000	95250000	0.40436
chr12	95250000	95500000	0.320405
chr12	95500000	95750000	0.114701
chr12	95750000	96000000	0.0192322
chr12	96000000	96250000	-0.0403758
chr12	96250000	96500000	-0.1305
chr12	96500000	96750000	-0.428207
chr12	96750000	97000000	-0.491826
chr12	97000000	97250000	-0.525713
chr12	97250000	97500000	-0.505289
chr12	97500000	97750000	-0.584849
chr12	97750000	98000000	-0.608312
chr12	98000000	98250000	-0.553313
chr12	98250000	98500000	-0.442332
chr12	98500000	98750000	-0.447073
chr12	98750000	99000000	-0.7875
chr12	99000000	99250000	-0.963865
chr12	99250000	99500000	-1.12849
chr12	99500000	99750000	-1.11087
chr12	99750000	100000000	-1.00894
chr12	100000000	100250000	-0.725177
chr12	100250000	100500000	-0.737367
chr12	100500000	100750000	-0.827945
chr12	100750000	101000000	-0.800721
chr12	101000000	101250000	-0.845362
chr12	101250000	101500000	-0.59774
chr12	101500000	101750000	-0.605136
chr12	101750000	102000000	-0.606517
chr12	102000000	102250000	-0.883409
chr12	102250000	102500000	-0.98449
chr12	102500000	102750000	-0.894485
chr12	102750000	103000000	-0.677342
chr12	103000000	103250000	-0.980321
chr12	103250000	103500000	-0.931122
chr12	103500000	103750000	-0.467614
chr12	103750000	104000000	-0.00259256
chr12	104000000	104250000	0.18535
chr12	104250000	104500000	0.203031
chr12	104500000	104750000	0.170621
chr12	104750000	105000000	0.0801292
chr12	105000000	105250000	0.339866
chr12	105250000	105500000	0.371505
chr12	105500000	105750000	0.31296
chr12	105750000	106000000	0.323622
chr12	106000000	106250000	0.366904
chr12	106250000	106500000	0.415003
chr12	106500000	106750000	0.374242
chr12	106750000	107000000	0.414465
chr12	107000000	107250000	0.486995
chr12	107250000	107500000	0.551859
chr12	107500000	107750000	0.595492
chr12	107750000	108000000	0.651524
chr12	108000000	108250000	0.73649
chr12	108250000	108500000	0.724526
chr12	108500000	108750000	0.797002
chr12	108750000	109000000	0.769036
chr12	109000000	109250000	0.805326
chr12	109250000	109500000	0.821671
chr12	109500000	109750000	0.877353
chr12	109750000	110000000	0.837165
chr12	110000000	110250000	0.802256
chr12	110250000	110500000	0.779903
chr12	110500000	110750000	0.75775
chr12	110750000	111000000	0.707355
chr12	111000000	111250000	0.75626
chr12	111250000	111500000	0.768579
chr12	111500000	111750000	0.786281
chr12	111750000	112000000	0.776365
chr12	112000000	112250000	0.814831
chr12	112250000	112500000	0.776581
chr12	112500000	112750000	0.749432
chr12	112750000	113000000	0.752618
chr12	113000000	113250000	0.786493
chr12	113250000	113500000	0.746728
chr12	113500000	113750000	0.731636
chr12	113750000	114000000	0.67086
chr12	114000000	114250000	0.600527
chr12	114250000	114500000	0.603516
chr12	114500000	114750000	0.514595
chr12	114750000	115000000	0.49029
chr12	115000000	115250000	0.493788
chr12	115250000	115500000	0.484941
chr12	115500000	115750000	0.508515
chr12	115750000	116000000	0.519208
chr12	116000000	116250000	0.323111
chr12	116250000	116500000	0.566581
chr12	116500000	116750000	0.567542
chr12	116750000	117000000	0.628697
chr12	117000000	117250000	0.632252
chr12	117250000	117500000	0.582641
chr12	117500000	117750000	0.571651
chr12	117750000	118000000	0.550194
chr12	118000000	118250000	0.551264
chr12	118250000	118500000	0.491441
chr12	118500000	118750000	0.509438
chr12	118750000	119000000	0.531407
chr12	119000000	119250000	0.585877
chr12	119250000	119500000	0.561499
chr12	119500000	119750000	0.595686
chr12	119750000	120000000	0.723587
chr12	120000000	120250000	0.87585
chr12	120250000	120500000	0.804208
chr12	120500000	120750000	0.757463
chr12	120750000	121000000	0.700984
chr12	121000000	121250000	0.706622
chr12	121250000	121500000	0.759824
chr12	121500000	121750000	0.756291
chr12	121750000	122000000	0.766781
chr12	122000000	122250000	0.76682
chr12	122250000	122500000	0.721415
chr12	122500000	122750000	0.721561
chr12	122750000	123000000	0.740117
chr12	123000000	123250000	0.755165
chr12	123250000	123500000	0.767321
chr12	123500000	123750000	0.763255
chr12	123750000	124000000	0.695754
chr12	124000000	124250000	0.634745
chr12	124250000	124500000	0.699324
chr12	124500000	124750000	0.701072
chr12	124750000	125000000	0.650588
chr12	125000000	125250000	0.498779
chr12	125250000	125500000	0.323327
chr12	125500000	125750000	0.190107
chr12	125750000	126000000	0.142603
chr12	126000000	126250000	0.112932
chr12	126250000	126500000	0.0452021
chr12	126500000	126750000	0.100242
chr12	126750000	127000000	0.135977
chr12	127000000	127250000	0.16043
chr12	127250000	127500000	0.18474
chr12	127500000	127750000	0.150544
chr12	127750000	128000000	0.121279
chr12	128000000	128250000	0.233513
chr12	128250000	128500000	0.331247
chr12	128500000	128750000	0.342155
chr12	128750000	129000000	0.35253
chr12	129000000	129250000	0.323145
chr12	129250000	129500000	0.268576
chr12	129500000	129750000	0.250826
chr12	129750000	130000000	0.316373
chr12	130000000	130250000	0.487046
chr12	130250000	130500000	0.509321
chr12	130500000	130750000	0.596797
chr12	130750000	131000000	0.672123
chr12	131000000	131250000	0.690378
chr12	131250000	131500000	0.707664
chr12	131500000	131750000	0.74745
chr12	131750000	132000000	0.858597
chr12	132000000	132250000	0.910703
chr12	132250000	132500000	0.909796
chr12	132500000	132750000	0.893843
chr12	132750000	133000000	0.595311
chr12	133000000	133250000	0.334259
chr12	133250000	133275309	nan
#bedGraph section chr13:0-114364328
chr13	0	250000	nan
chr13	250000	500000	nan
chr13	500000	750000	nan
chr13	750000	1000000	nan
chr13	1000000	1250000	nan
chr13	1250000	1500000	nan
chr13	1500000	1750000	nan
chr13	1750000	2000000	nan
chr13	2000000	2250000	nan
chr13	2250000	2500000	nan
chr13	2500000	2750000	nan
chr13	2750000	3000000	nan
chr13	3000000	3250000	nan
chr13	3250000	3500000	nan
chr13	3500000	3750000	nan
chr13	3750000	4000000	nan
chr13	4000000	4250000	nan
chr13	4250000	4500000	nan
chr13	4500000	4750000	nan
chr13	4750000	5000000	nan
chr13	5000000	5250000	nan
chr13	5250000	5500000	nan
chr13	5500000	5750000	nan
chr13	5750000	6000000	nan
chr13	6000000	6250000	nan
chr13	6250000	6500000	nan
chr13	6500000	6750000	nan
chr13	6750000	7000000	nan
chr13	7000000	7250000	nan
chr13	7250000	7500000	nan
chr13	7500000	7750000	nan
chr13	7750000	8000000	nan
chr13	8000000	8250000	nan
chr13	8250000	8500000	nan
chr13	8500000	8750000	nan
chr13	8750000	9000000	nan
chr13	9000000	9250000	nan
chr13	9250000	9500000	nan
chr13	9500000	9750000	nan
chr13	9750000	10000000	nan
chr13	10000000	10250000	nan
chr13	10250000	10500000	nan
chr13	10500000	10750000	nan
chr13	10750000	11000000	nan
chr13	11000000	11250000	nan
chr13	11250000	11500000	nan
chr13	11500000	11750000	nan
chr13	11750000	12000000	nan
chr13	12000000	12250000	nan
chr13	12250000	12500000	nan
chr13	12500000	12750000	nan
chr13	12750000	13000000	nan
chr13	13000000	13250000	nan
chr13	13250000	13500000	nan
chr13	13500000	13750000	nan
chr13	13750000	14000000	nan
chr13	14000000	14250000	nan
chr13	14250000	14500000	nan
chr13	14500000	14750000	nan
chr13	14750000	15000000	nan
chr13	15000000	15250000	nan
chr13	15250000	15500000	nan
chr13	15500000	15750000	nan
chr13	15750000	16000000	nan
chr13	16000000	16250000	nan
chr13	16250000	16500000	nan
chr13	16500000	16750000	nan
chr13	16750000	17000000	nan
chr13	17000000	17250000	nan
chr13	17250000	17500000	nan
chr13	17500000	17750000	nan
chr13	17750000	18000000	nan
chr13	18000000	18250000	nan
chr13	18250000	18500000	nan
chr13	18500000	18750000	nan
chr13	18750000	19000000	nan
chr13	19000000	19250000	nan
chr13	19250000	19500000	nan
chr13	19500000	19750000	-0.594022
chr13	19750000	20000000	-0.0757347
chr13	20000000	20250000	0.455423
chr13	20250000	20500000	0.409191
chr13	20500000	20750000	0.439448
chr13	20750000	21000000	0.524909
chr13	21000000	21250000	0.48989
chr13	21250000	21500000	0.453086
chr13	21500000	21750000	0.346159
chr13	21750000	22000000	0.254167
chr13	22000000	22250000	0.180652
chr13	22250000	22500000	0.131881
chr13	22500000	22750000	0.130492
chr13	22750000	23000000	0.237999
chr13	23000000	23250000	0.0719017
chr13	23250000	23500000	0.243557
chr13	23500000	23750000	0.33221
chr13	23750000	24000000	0.399526
chr13	24000000	24250000	0.515359
chr13	24250000	24500000	0.519545
chr13	24500000	24750000	0.511877
chr13	24750000	25000000	0.414581
chr13	25000000	25250000	0.54551
chr13	25250000	25500000	0.57825
chr13	25500000	25750000	0.484372
chr13	25750000	26000000	0.495797
chr13	26000000	26250000	0.546944
chr13	26250000	26500000	0.505421
chr13	26500000	26750000	0.58072
chr13	26750000	27000000	0.616472
chr13	27000000	27250000	0.621947
chr13	27250000	27500000	0.647302
chr13	27500000	27750000	0.553838
chr13	27750000	28000000	0.619511
chr13	28000000	28250000	0.638492
chr13	28250000	28500000	0.622053
chr13	28500000	28750000	0.615453
chr13	28750000	29000000	0.513685
chr13	29000000	29250000	0.476048
chr13	29250000	29500000	0.570984
chr13	29500000	29750000	0.559176
chr13	29750000	30000000	0.508467
chr13	30000000	30250000	0.579933
chr13	30250000	30500000	0.567799
chr13	30500000	30750000	0.592059
chr13	30750000	31000000	0.577482
chr13	31000000	31250000	0.388516
chr13	31250000	31500000	-0.0797998
chr13	31500000	31750000	-0.227038
chr13	31750000	32000000	0.0813907
chr13	32000000	32250000	0.0780013
chr13	32250000	32500000	0.211258
chr13	32500000	32750000	0.224944
chr13	32750000	33000000	0.0754011
chr13	33000000	33250000	0.0109195
chr13	33250000	33500000	-0.0871349
chr13	33500000	33750000	-0.089158
chr13	33750000	34000000	-0.261442
chr13	34000000	34250000	-0.347914
chr13	34250000	34500000	-0.343678
chr13	34500000	34750000	-0.223815
chr13	34750000	35000000	-0.27849
chr13	35000000	35250000	-0.372615
chr13	35250000	35500000	-0.569158
chr13	35500000	35750000	-0.379069
chr13	35750000	36000000	-0.316657
chr13	36000000	36250000	-0.458132
chr13	36250000	36500000	-0.36179
chr13	36500000	36750000	-0.526326
chr13	36750000	37000000	-0.100074
chr13	37000000	37250000	-0.452309
chr13	37250000	37500000	-0.706077
chr13	37500000	37750000	-0.665874
chr13	37750000	38000000	-0.867005
chr13	38000000	38250000	-0.911277
chr13	38250000	38500000	-0.767788
chr13	38500000	38750000	-0.641485
chr13	38750000	39000000	-0.489717
chr13	39000000	39250000	-0.0147844
chr13	39250000	39500000	-0.036065
chr13	39500000	39750000	-0.00437512
chr13	39750000	40000000	-0.0861574
chr13	40000000	40250000	0.158938
chr13	40250000	40500000	0.184611
chr13	40500000	40750000	0.222766
chr13	40750000	41000000	0.159912
chr13	41000000	41250000	0.270477
chr13	41250000	41500000	0.415996
chr13	41500000	41750000	0.353807
chr13	41750000	42000000	0.344405
chr13	42000000	42250000	0.393677
chr13	42250000	42500000	0.476659
chr13	42500000	42750000	0.480481
chr13	42750000	43000000	0.496758
chr13	43000000	43250000	0.563679
chr13	43250000	43500000	0.476452
chr13	43500000	43750000	0.431662
chr13	43750000	44000000	0.620805
chr13	44000000	44250000	0.681744
chr13	44250000	44500000	0.699773
chr13	44500000	44750000	0.631766
chr13	44750000	45000000	0.69452
chr13	45000000	45250000	0.650443
chr13	45250000	45500000	0.737026
chr13	45500000	45750000	0.695424
chr13	45750000	46000000	0.653344
chr13	46000000	46250000	0.533922
chr13	46250000	46500000	0.482797
chr13	46500000	46750000	0.401832
chr13	46750000	47000000	0.000202457
chr13	47000000	47250000	-0.273454
chr13	47250000	47500000	-0.332545
chr13	47500000	47750000	-0.240055
chr13	47750000	48000000	-0.0158939
chr13	48000000	48250000	0.198326
chr13	48250000	48500000	0.177694
chr13	48500000	48750000	0.265345
chr13	48750000	49000000	0.324255
chr13	49000000	49250000	0.436361
chr13	49250000	49500000	0.538022
chr13	49500000	49750000	0.603369
chr13	49750000	50000000	0.621681
chr13	50000000	50250000	0.484385
chr13	50250000	50500000	0.391778
chr13	50500000	50750000	0.431117
chr13	50750000	51000000	0.523416
chr13	51000000	51250000	0.615355
chr13	51250000	51500000	0.617322
chr13	51500000	51750000	0.460209
chr13	51750000	52000000	0.564005
chr13	52000000	52250000	0.484502
chr13	52250000	52500000	0.375609
chr13	52500000	52750000	0.28772
chr13	52750000	53000000	0.122723
chr13	53000000	53250000	-0.0745498
chr13	53250000	53500000	-0.593148
chr13	53500000	53750000	-0.816823
chr13	53750000	54000000	-0.642696
chr13	54000000	54250000	-0.606017
chr13	54250000	54500000	-0.566079
chr13	54500000	54750000	-0.516088
chr13	54750000	55000000	-0.582209
chr13	55000000	55250000	-0.573217
chr13	55250000	55500000	-0.578516
chr13	55500000	55750000	-0.610823
chr13	55750000	56000000	-0.65674
chr13	56000000	56250000	-0.663219
chr13	56250000	56500000	-0.690121
chr13	56500000	56750000	-0.729063
chr13	56750000	57000000	-0.712481
chr13	57000000	57250000	-0.650789
chr13	57250000	57500000	-0.668595
chr13	57500000	57750000	-0.37573
chr13	57750000	58000000	-0.41004
chr13	58000000	58250000	-0.451325
chr13	58250000	58500000	-0.43173
chr13	58500000	58750000	-0.410316
chr13	58750000	59000000	-0.334085
chr13	59000000	59250000	-0.208339
chr13	59250000	59500000	0.0430405
chr13	59500000	59750000	0.0741585
chr13	59750000	60000000	-0.0159565
chr13	60000000	60250000	0.0934635
chr13	60250000	60500000	-0.0571029
chr13	60500000	60750000	-0.408626
chr13	60750000	61000000	-0.486005
chr13	61000000	61250000	-0.553556
chr13	61250000	61500000	-0.606452
chr13	61500000	61750000	-0.732667
chr13	61750000	62000000	-0.832024
chr13	62000000	62250000	-0.829561
chr13	62250000	62500000	-0.730308
chr13	62500000	62750000	-0.762269
chr13	62750000	63000000	-0.766307
chr13	63000000	63250000	-0.609414
chr13	63250000	63500000	-0.681415
chr13	63500000	63750000	-0.628028
chr13	63750000	64000000	-0.593939
chr13	64000000	64250000	-0.62994
chr13	64250000	64500000	-0.580507
chr13	64500000	64750000	-0.560387
chr13	64750000	65000000	-0.590761
chr13	65000000	65250000	-0.541508
chr13	65250000	65500000	-0.493611
chr13	65500000	65750000	-0.441363
chr13	65750000	66000000	-0.487016
chr13	66000000	66250000	-0.488488
chr13	66250000	66500000	-0.396958
chr13	66500000	66750000	-0.417071
chr13	66750000	67000000	-0.49591
chr13	67000000	67250000	-0.37296
chr13	67250000	67500000	-0.594559
chr13	67500000	67750000	-0.715856
chr13	67750000	68000000	-0.731386
chr13	68000000	68250000	-0.731813
chr13	68250000	68500000	-0.670547
chr13	68500000	68750000	-0.710669
chr13	68750000	69000000	-0.630399
chr13	69000000	69250000	-0.697728
chr13	69250000	69500000	-0.689836
chr13	69500000	69750000	-0.635323
chr13	69750000	70000000	-0.648468
chr13	70000000	70250000	-0.716396
chr13	70250000	70500000	-0.639726
chr13	70500000	70750000	-0.591495
chr13	70750000	71000000	-0.675232
chr13	71000000	71250000	-0.599658
chr13	71250000	71500000	-0.48512
chr13	71500000	71750000	-0.358479
chr13	71750000	72000000	-0.330822
chr13	72000000	72250000	-0.560756
chr13	72250000	72500000	-0.588796
chr13	72500000	72750000	-0.385435
chr13	72750000	73000000	-0.202846
chr13	73000000	73250000	-0.302431
chr13	73250000	73500000	-0.538722
chr13	73500000	73750000	-0.376574
chr13	73750000	74000000	0.0467861
chr13	74000000	74250000	-4.12151e-05
chr13	74250000	74500000	-0.216447
chr13	74500000	74750000	-0.295465
chr13	74750000	75000000	-0.437576
chr13	75000000	75250000	-0.367668
chr13	75250000	75500000	-0.00925822
chr13	75500000	75750000	0.210044
chr13	75750000	76000000	0.421358
chr13	76000000	76250000	0.332559
chr13	76250000	76500000	0.337176
chr13	76500000	76750000	0.320707
chr13	76750000	77000000	0.349804
chr13	77000000	77250000	0.0775065
chr13	77250000	77500000	-0.186405
chr13	77500000	77750000	-0.26089
chr13	77750000	78000000	-0.259365
chr13	78000000	78250000	-0.406145
chr13	78250000	78500000	-0.479579
chr13	78500000	78750000	-0.241625
chr13	78750000	79000000	-0.419753
chr13	79000000	79250000	-0.386826
chr13	79250000	79500000	0.072369
chr13	79500000	79750000	0.0560637
chr13	79750000	80000000	0.139421
chr13	80000000	80250000	0.0709332
chr13	80250000	80500000	-0.106555
chr13	80500000	80750000	-0.471407
chr13	80750000	81000000	-0.480706
chr13	81000000	81250000	-0.449238
chr13	81250000	81500000	-0.4987
chr13	81500000	81750000	-0.561297
chr13	81750000	82000000	-0.440092
chr13	82000000	82250000	-0.513783
chr13	82250000	82500000	-0.394708
chr13	82500000	82750000	-0.37989
chr13	82750000	83000000	-0.454092
chr13	83000000	83250000	-0.480882
chr13	83250000	83500000	-0.56171
chr13	83500000	83750000	-0.594093
chr13	83750000	84000000	-0.557837
chr13	84000000	84250000	-0.632962
chr13	84250000	84500000	-0.686862
chr13	84500000	84750000	-0.695872
chr13	84750000	85000000	-0.604863
chr13	85000000	85250000	-0.713639
chr13	85250000	85500000	-0.605102
chr13	85500000	85750000	-0.586527
chr13	85750000	86000000	-0.517231
chr13	86000000	86250000	-0.683223
chr13	86250000	86500000	-0.680879
chr13	86500000	86750000	-0.698418
chr13	86750000	87000000	-0.507303
chr13	87000000	87250000	-0.429908
chr13	87250000	87500000	-0.568574
chr13	87500000	87750000	-0.554323
chr13	87750000	88000000	-0.51583
chr13	88000000	88250000	-0.480879
chr13	88250000	88500000	-0.456892
chr13	88500000	88750000	-0.434789
chr13	88750000	89000000	-0.432794
chr13	89000000	89250000	-0.455726
chr13	89250000	89500000	-0.545919
chr13	89500000	89750000	-0.51628
chr13	89750000	90000000	-0.482046
chr13	90000000	90250000	-0.561499
chr13	90250000	90500000	-0.50279
chr13	90500000	90750000	-0.464188
chr13	90750000	91000000	-0.394068
chr13	91000000	91250000	-0.464253
chr13	91250000	91500000	-0.552272
chr13	91500000	91750000	-0.788198
chr13	91750000	92000000	-0.783407
chr13	92000000	92250000	-0.802236
chr13	92250000	92500000	-0.844184
chr13	92500000	92750000	-0.659568
chr13	92750000	93000000	-0.675834
chr13	93000000	93250000	-0.497417
chr13	93250000	93500000	-0.347847
chr13	93500000	93750000	-0.433351
chr13	93750000	94000000	-0.47378
chr13	94000000	94250000	-0.439602
chr13	94250000	94500000	-0.315161
chr13	94500000	94750000	-0.167291
chr13	94750000	95000000	-0.439627
chr13	95000000	95250000	-0.250271
chr13	95250000	95500000	-0.0261871
chr13	95500000	95750000	0.154159
chr13	95750000	96000000	0.00682234
chr13	96000000	96250000	-0.0413627
chr13	96250000	96500000	-0.25084
chr13	96500000	96750000	-0.304642
chr13	96750000	97000000	-0.0784972
chr13	97000000	97250000	0.191765
chr13	97250000	97500000	0.236106
chr13	97500000	97750000	0.196288
chr13	97750000	98000000	0.404898
chr13	98000000	98250000	0.711059
chr13	98250000	98500000	0.806138
chr13	98500000	98750000	0.878305
chr13	98750000	99000000	0.78212
chr13	99000000	99250000	0.735931
chr13	99250000	99500000	0.670043
chr13	99500000	99750000	0.500099
chr13	99750000	100000000	0.403731
chr13	100000000	100250000	0.329841
chr13	100250000	100500000	0.301526
chr13	100500000	100750000	0.156206
chr13	100750000	101000000	-0.225062
chr13	101000000	101250000	-0.404471
chr13	101250000	101500000	-0.770742
chr13	101500000	101750000	-0.731723
chr13	101750000	102000000	-0.629878
chr13	102000000	102250000	-0.81657
chr13	102250000	102500000	-0.729764
chr13	102500000	102750000	-0.186496
chr13	102750000	103000000	-0.106267
chr13	103000000	103250000	-0.190002
chr13	103250000	103500000	-0.298141
chr13	103500000	103750000	-0.400413
chr13	103750000	104000000	-0.417738
chr13	104000000	104250000	-0.689226
chr13	104250000	104500000	-0.719552
chr13	104500000	104750000	-0.527141
chr13	104750000	105000000	-0.594301
chr13	105000000	105250000	-0.548167
chr13	105250000	105500000	-0.36344
chr13	105500000	105750000	-0.337798
chr13	105750000	106000000	-0.258245
chr13	106000000	106250000	-0.152406
chr13	106250000	106500000	-0.0872699
chr13	106500000	106750000	-0.137775
chr13	106750000	107000000	-0.270126
chr13	107000000	107250000	-0.446607
chr13	107250000	107500000	-0.765114
chr13	107500000	107750000	-0.821805
chr13	107750000	108000000	-0.808215
chr13	108000000	108250000	-0.636295
chr13	108250000	108500000	-0.580238
chr13	108500000	108750000	-0.655667
chr13	108750000	109000000	-0.423372
chr13	109000000	109250000	-0.122604
chr13	109250000	109500000	-0.0828731
chr13	109500000	109750000	0.00488384
chr13	109750000	110000000	0.0444615
chr13	110000000	110250000	0.295904
chr13	110250000	110500000	0.637217
chr13	110500000	110750000	0.728534
chr13	110750000	111000000	0.73109
chr13	111000000	111250000	0.748584
chr13	111250000	111500000	0.790881
chr13	111500000	111750000	0.727534
chr13	111750000	112000000	nan
chr13	112000000	112250000	0.682101
chr13	112250000	112500000	0.687209
chr13	112500000	112750000	0.835581
chr13	112750000	113000000	0.859303
chr13	113000000	113250000	0.872536
chr13	113250000	113500000	0.850341
chr13	113500000	113750000	0.817278
chr13	113750000	114000000	0.805323
chr13	114000000	114250000	0.783251
chr13	114250000	114364328	nan
#bedGraph section chr14:0-107043718
chr14	0	250000	nan
chr14	250000	500000	nan
chr14	500000	750000	nan
chr14	750000	1000000	nan
chr14	1000000	1250000	nan
chr14	1250000	1500000	nan
chr14	1500000	1750000	nan
chr14	1750000	2000000	nan
chr14	2000000	2250000	nan
chr14	2250000	2500000	nan
chr14	2500000	2750000	nan
chr14	2750000	3000000	nan
chr14	3000000	3250000	nan
chr14	3250000	3500000	nan
chr14	3500000	3750000	nan
chr14	3750000	4000000	nan
chr14	4000000	4250000	nan
chr14	4250000	4500000	nan
chr14	4500000	4750000	nan
chr14	4750000	5000000	nan
chr14	5000000	5250000	nan
chr14	5250000	5500000	nan
chr14	5500000	5750000	nan
chr14	5750000	6000000	nan
chr14	6000000	6250000	nan
chr14	6250000	6500000	nan
chr14	6500000	6750000	nan
chr14	6750000	7000000	nan
chr14	7000000	7250000	nan
chr14	7250000	7500000	nan
chr14	7500000	7750000	nan
chr14	7750000	8000000	nan
chr14	8000000	8250000	nan
chr14	8250000	8500000	nan
chr14	8500000	8750000	nan
chr14	8750000	9000000	nan
chr14	9000000	9250000	nan
chr14	9250000	9500000	nan
chr14	9500000	9750000	nan
chr14	9750000	10000000	nan
chr14	10000000	10250000	nan
chr14	10250000	10500000	nan
chr14	10500000	10750000	nan
chr14	10750000	11000000	nan
chr14	11000000	11250000	nan
chr14	11250000	11500000	nan
chr14	11500000	11750000	nan
chr14	11750000	12000000	nan
chr14	12000000	12250000	nan
chr14	12250000	12500000	nan
chr14	12500000	12750000	nan
chr14	12750000	13000000	nan
chr14	13000000	13250000	nan
chr14	13250000	13500000	nan
chr14	13500000	13750000	nan
chr14	13750000	14000000	nan
chr14	14000000	14250000	nan
chr14	14250000	14500000	nan
chr14	14500000	14750000	nan
chr14	14750000	15000000	nan
chr14	15000000	15250000	nan
chr14	15250000	15500000	nan
chr14	15500000	15750000	nan
chr14	15750000	16000000	nan
chr14	16000000	16250000	nan
chr14	16250000	16500000	nan
chr14	16500000	16750000	nan
chr14	16750000	17000000	nan
chr14	17000000	17250000	nan
chr14	17250000	17500000	nan
chr14	17500000	17750000	nan
chr14	17750000	18000000	nan
chr14	18000000	18250000	nan
chr14	18250000	18500000	nan
chr14	18500000	18750000	nan
chr14	18750000	19000000	nan
chr14	19000000	19250000	nan
chr14	19250000	19500000	nan
chr14	19500000	19750000	nan
chr14	19750000	20000000	-1.18162
chr14	20000000	20250000	nan
chr14	20250000	20500000	-0.0163371
chr14	20500000	20750000	0.0568939
chr14	20750000	21000000	0.105601
chr14	21000000	21250000	0.408242
chr14	21250000	21500000	0.401381
chr14	21500000	21750000	-0.310019
chr14	21750000	22000000	-0.763161
chr14	22000000	22250000	-0.631649
chr14	22250000	22500000	0.013525
chr14	22500000	22750000	0.415712
chr14	22750000	23000000	0.654318
chr14	23000000	23250000	0.787046
chr14	23250000	23500000	0.64345
chr14	23500000	23750000	0.566561
chr14	23750000	24000000	0.485991
chr14	24000000	24250000	0.838802
chr14	24250000	24500000	0.614086
chr14	24500000	24750000	-0.228123
chr14	24750000	25000000	-0.380065
chr14	25000000	25250000	-0.489025
chr14	25250000	25500000	-0.760232
chr14	25500000	25750000	-0.849242
chr14	25750000	26000000	-0.814974
chr14	26000000	26250000	-0.689537
chr14	26250000	26500000	-0.561037
chr14	26500000	26750000	-0.562576
chr14	26750000	27000000	-0.717186
chr14	27000000	27250000	-0.839528
chr14	27250000	27500000	-0.889512
chr14	27500000	27750000	-0.848412
chr14	27750000	28000000	-0.862834
chr14	28000000	28250000	-0.775704
chr14	28250000	28500000	-0.881096
chr14	28500000	28750000	-0.814539
chr14	28750000	29000000	-0.823464
chr14	29000000	29250000	-0.963359
chr14	29250000	29500000	-0.866675
chr14	29500000	29750000	-0.438623
chr14	29750000	30000000	-0.677943
chr14	30000000	30250000	-0.765261
chr14	30250000	30500000	-0.678947
chr14	30500000	30750000	-0.234584
chr14	30750000	31000000	0.0784889
chr14	31000000	31250000	0.294125
chr14	31250000	31500000	0.0188846
chr14	31500000	31750000	-0.331264
chr14	31750000	32000000	-0.227772
chr14	32000000	32250000	0.0956774
chr14	32250000	32500000	-0.148815
chr14	32500000	32750000	-0.286582
chr14	32750000	33000000	-0.505739
chr14	33000000	33250000	-0.523707
chr14	33250000	33500000	-0.397023
chr14	33500000	33750000	-0.347677
chr14	33750000	34000000	-0.0634725
chr14	34000000	34250000	-0.0723804
chr14	34250000	34500000	0.0205871
chr14	34500000	34750000	0.356434
chr14	34750000	35000000	0.266757
chr14	35000000	35250000	0.353316
chr14	35250000	35500000	0.297355
chr14	35500000	35750000	-0.0704788
chr14	35750000	36000000	-0.299513
chr14	36000000	36250000	-0.492113
chr14	36250000	36500000	-0.387338
chr14	36500000	36750000	-0.315134
chr14	36750000	37000000	-0.492398
chr14	37000000	37250000	-0.581843
chr14	37250000	37500000	-0.954452
chr14	37500000	37750000	-0.883927
chr14	37750000	38000000	-0.848454
chr14	38000000	38250000	-0.786292
chr14	38250000	38500000	-0.845397
chr14	38500000	38750000	-0.766325
chr14	38750000	39000000	-0.696862
chr14	39000000	39250000	-0.162961
chr14	39250000	39500000	-0.333899
chr14	39500000	39750000	-0.857899
chr14	39750000	40000000	-0.900969
chr14	40000000	40250000	-0.916526
chr14	40250000	40500000	-0.838319
chr14	40500000	40750000	-0.838653
chr14	40750000	41000000	-0.72036
chr14	41000000	41250000	-0.651432
chr14	41250000	41500000	-0.774783
chr14	41500000	41750000	-0.748729
chr14	41750000	42000000	-0.826749
chr14	42000000	42250000	-0.688269
chr14	42250000	42500000	-0.789788
chr14	42500000	42750000	-0.775744
chr14	42750000	43000000	-0.782584
chr14	43000000	43250000	-0.777172
chr14	43250000	43500000	-0.724945
chr14	43500000	43750000	-0.701934
chr14	43750000	44000000	-0.731525
chr14	44000000	44250000	-0.803769
chr14	44250000	44500000	-0.810162
chr14	44500000	44750000	-0.813974
chr14	44750000	45000000	-0.583668
chr14	45000000	45250000	-0.261415
chr14	45250000	45500000	-0.788299
chr14	45500000	45750000	-0.889861
chr14	45750000	46000000	-0.929631
chr14	46000000	46250000	-0.859466
chr14	46250000	46500000	-0.800407
chr14	46500000	46750000	-0.816087
chr14	46750000	47000000	-0.885015
chr14	47000000	47250000	-0.777726
chr14	47250000	47500000	-0.710862
chr14	47500000	47750000	-0.616284
chr14	47750000	48000000	-0.601492
chr14	48000000	48250000	-0.681081
chr14	48250000	48500000	-0.650771
chr14	48500000	48750000	-0.756689
chr14	48750000	49000000	-0.790904
chr14	49000000	49250000	-0.793233
chr14	49250000	49500000	-0.739549
chr14	49500000	49750000	-0.0893116
chr14	49750000	50000000	0.415804
chr14	50000000	50250000	0.441741
chr14	50250000	50500000	0.496972
chr14	50500000	50750000	0.454338
chr14	50750000	51000000	0.462727
chr14	51000000	51250000	0.377257
chr14	51250000	51500000	0.332683
chr14	51500000	51750000	0.346177
chr14	51750000	52000000	0.351652
chr14	52000000	52250000	0.367057
chr14	52250000	52500000	0.14804
chr14	52500000	52750000	0.262639
chr14	52750000	53000000	0.418638
chr14	53000000	53250000	0.292732
chr14	53250000	53500000	0.211432
chr14	53500000	53750000	0.0916258
chr14	53750000	54000000	0.104475
chr14	54000000	54250000	0.151244
chr14	54250000	54500000	0.367018
chr14	54500000	54750000	0.513159
chr14	54750000	55000000	0.443742
chr14	55000000	55250000	0.556274
chr14	55250000	55500000	0.503171
chr14	55500000	55750000	0.479194
chr14	55750000	56000000	0.282461
chr14	56000000	56250000	0.315479
chr14	56250000	56500000	0.302335
chr14	56500000	56750000	0.361263
chr14	56750000	57000000	0.364105
chr14	57000000	57250000	0.350332
chr14	57250000	57500000	0.335313
chr14	57500000	57750000	0.109818
chr14	57750000	58000000	0.168137
chr14	58000000	58250000	0.466498
chr14	58250000	58500000	0.553603
chr14	58500000	58750000	0.297301
chr14	58750000	59000000	0.220673
chr14	59000000	59250000	0.216329
chr14	59250000	59500000	0.207067
chr14	59500000	59750000	-0.195441
chr14	59750000	60000000	-0.301525
chr14	60000000	60250000	-0.134137
chr14	60250000	60500000	-0.192509
chr14	60500000	60750000	-0.0346182
chr14	60750000	61000000	-0.0410997
chr14	61000000	61250000	-0.0303144
chr14	61250000	61500000	0.0720301
chr14	61500000	61750000	0.138206
chr14	61750000	62000000	-0.212203
chr14	62000000	62250000	-0.478383
chr14	62250000	62500000	-0.706052
chr14	62500000	62750000	-0.678609
chr14	62750000	63000000	-0.66477
chr14	63000000	63250000	-0.487505
chr14	63250000	63500000	-0.170003
chr14	63500000	63750000	0.00467612
chr14	63750000	64000000	0.0185279
chr14	64000000	64250000	0.105748
chr14	64250000	64500000	0.270497
chr14	64500000	64750000	0.416872
chr14	64750000	65000000	0.36082
chr14	65000000	65250000	0.0852372
chr14	65250000	65500000	-0.139213
chr14	65500000	65750000	-0.415355
chr14	65750000	66000000	-0.250607
chr14	66000000	66250000	-0.383411
chr14	66250000	66500000	-0.536419
chr14	66500000	66750000	-0.721398
chr14	66750000	67000000	-0.865731
chr14	67000000	67250000	-0.574033
chr14	67250000	67500000	0.0162481
chr14	67500000	67750000	0.29582
chr14	67750000	68000000	0.400718
chr14	68000000	68250000	0.359453
chr14	68250000	68500000	0.409937
chr14	68500000	68750000	0.44139
chr14	68750000	69000000	0.525856
chr14	69000000	69250000	0.6024
chr14	69250000	69500000	0.64486
chr14	69500000	69750000	0.6524
chr14	69750000	70000000	0.591252
chr14	70000000	70250000	0.498646
chr14	70250000	70500000	0.436792
chr14	70500000	70750000	0.472886
chr14	70750000	71000000	0.513827
chr14	71000000	71250000	0.473676
chr14	71250000	71500000	0.414285
chr14	71500000	71750000	0.426589
chr14	71750000	72000000	0.351225
chr14	72000000	72250000	0.30084
chr14	72250000	72500000	0.386611
chr14	72500000	72750000	0.580343
chr14	72750000	73000000	0.593859
chr14	73000000	73250000	0.656205
chr14	73250000	73500000	0.625512
chr14	73500000	73750000	0.633451
chr14	73750000	74000000	0.719505
chr14	74000000	74250000	0.687516
chr14	74250000	74500000	0.726969
chr14	74500000	74750000	0.745319
chr14	74750000	75000000	0.74738
chr14	75000000	75250000	0.728806
chr14	75250000	75500000	0.716928
chr14	75500000	75750000	0.709169
chr14	75750000	76000000	0.692537
chr14	76000000	76250000	0.641826
chr14	76250000	76500000	0.65245
chr14	76500000	76750000	0.644995
chr14	76750000	77000000	0.768732
chr14	77000000	77250000	0.785632
chr14	77250000	77500000	0.674355
chr14	77500000	77750000	0.509396
chr14	77750000	78000000	0.345089
chr14	78000000	78250000	0.134679
chr14	78250000	78500000	0.0406802
chr14	78500000	78750000	-0.00983364
chr14	78750000	79000000	-0.207201
chr14	79000000	79250000	-0.332987
chr14	79250000	79500000	-0.204718
chr14	79500000	79750000	-0.227461
chr14	79750000	80000000	-0.386916
chr14	80000000	80250000	-0.602866
chr14	80250000	80500000	-0.708772
chr14	80500000	80750000	-0.713089
chr14	80750000	81000000	-0.481048
chr14	81000000	81250000	-0.4831
chr14	81250000	81500000	-0.364555
chr14	81500000	81750000	-0.766537
chr14	81750000	82000000	-1.02288
chr14	82000000	82250000	-1.08079
chr14	82250000	82500000	-1.1027
chr14	82500000	82750000	-0.981049
chr14	82750000	83000000	-0.862131
chr14	83000000	83250000	-0.85675
chr14	83250000	83500000	-0.837909
chr14	83500000	83750000	-0.923154
chr14	83750000	84000000	-0.817927
chr14	84000000	84250000	-0.717764
chr14	84250000	84500000	-0.752565
chr14	84500000	84750000	-0.721245
chr14	84750000	85000000	-0.724944
chr14	85000000	85250000	-0.643892
chr14	85250000	85500000	-0.62693
chr14	85500000	85750000	-0.660744
chr14	85750000	86000000	-0.933238
chr14	86000000	86250000	-0.943586
chr14	86250000	86500000	-1.02044
chr14	86500000	86750000	-0.915363
chr14	86750000	87000000	-0.87852
chr14	87000000	87250000	-0.92283
chr14	87250000	87500000	-1.08383
chr14	87500000	87750000	-0.884479
chr14	87750000	88000000	-0.573508
chr14	88000000	88250000	-0.400307
chr14	88250000	88500000	-0.294993
chr14	88500000	88750000	-0.0585231
chr14	88750000	89000000	-0.083953
chr14	89000000	89250000	0.0922589
chr14	89250000	89500000	0.217724
chr14	89500000	89750000	0.081288
chr14	89750000	90000000	0.122914
chr14	90000000	90250000	0.277501
chr14	90250000	90500000	0.495137
chr14	90500000	90750000	0.491907
chr14	90750000	91000000	0.422546
chr14	91000000	91250000	0.470521
chr14	91250000	91500000	0.56149
chr14	91500000	91750000	0.167797
chr14	91750000	92000000	0.277685
chr14	92000000	92250000	0.587548
chr14	92250000	92500000	0.535064
chr14	92500000	92750000	0.598884
chr14	92750000	93000000	0.627168
chr14	93000000	93250000	0.596697
chr14	93250000	93500000	0.360399
chr14	93500000	93750000	0.422878
chr14	93750000	94000000	0.566555
chr14	94000000	94250000	0.486051
chr14	94250000	94500000	0.306046
chr14	94500000	94750000	0.405659
chr14	94750000	95000000	0.41425
chr14	95000000	95250000	0.493564
chr14	95250000	95500000	0.49995
chr14	95500000	95750000	0.449349
chr14	95750000	96000000	0.456049
chr14	96000000	96250000	0.491971
chr14	96250000	96500000	0.51921
chr14	96500000	96750000	0.44578
chr14	96750000	97000000	0.30262
chr14	97000000	97250000	0.233475
chr14	97250000	97500000	0.161668
chr14	97500000	97750000	0.120625
chr14	97750000	98000000	0.153551
chr14	98000000	98250000	0.121583
chr14	98250000	98500000	0.0452587
chr14	98500000	98750000	0.0594023
chr14	98750000	99000000	0.175296
chr14	99000000	99250000	0.284877
chr14	99250000	99500000	0.503914
chr14	99500000	99750000	0.718724
chr14	99750000	100000000	0.635567
chr14	100000000	100250000	0.684513
chr14	100250000	100500000	0.660993
chr14	100500000	100750000	0.588821
chr14	100750000	101000000	0.481399
chr14	101000000	101250000	0.455505
chr14	101250000	101500000	0.445654
chr14	101500000	101750000	0.571857
chr14	101750000	102000000	0.759473
chr14	102000000	102250000	0.803048
chr14	102250000	102500000	0.754771
chr14	102500000	102750000	0.737966
chr14	102750000	103000000	0.744113
chr14	103000000	103250000	0.749155
chr14	103250000	103500000	0.779988
chr14	103500000	103750000	0.797706
chr14	103750000	104000000	0.729369
chr14	104000000	104250000	0.668467
chr14	104250000	104500000	0.655451
chr14	104500000	104750000	0.71368
chr14	104750000	105000000	0.669452
chr14	105000000	105250000	0.559103
chr14	105250000	105500000	0.421336
chr14	105500000	105750000	nan
chr14	105750000	106000000	nan
chr14	106000000	106250000	nan
chr14	106250000	106500000	-1.23166
chr14	106500000	106750000	nan
chr14	106750000	107000000	nan
chr14	107000000	107043718	nan
#bedGraph section chr15:0-101991189
chr15	0	250000	nan
chr15	250000	500000	nan
chr15	500000	750000	nan
chr15	750000	1000000	nan
chr15	1000000	1250000	nan
chr15	1250000	1500000	nan
chr15	1500000	1750000	nan
chr15	1750000	2000000	nan
chr15	2000000	2250000	nan
chr15	2250000	2500000	nan
chr15	2500000	2750000	nan
chr15	2750000	3000000	nan
chr15	3000000	3250000	nan
chr15	3250000	3500000	nan
chr15	3500000	3750000	nan
chr15	3750000	4000000	nan
chr15	4000000	4250000	nan
chr15	4250000	4500000	nan
chr15	4500000	4750000	nan
chr15	4750000	5000000	nan
chr15	5000000	5250000	nan
chr15	5250000	5500000	nan
chr15	5500000	5750000	nan
chr15	5750000	6000000	nan
chr15	6000000	6250000	nan
chr15	6250000	6500000	nan
chr15	6500000	6750000	nan
chr15	6750000	7000000	nan
chr15	7000000	7250000	nan
chr15	7250000	7500000	nan
chr15	7500000	7750000	nan
chr15	7750000	8000000	nan
chr15	8000000	8250000	nan
chr15	8250000	8500000	nan
chr15	8500000	8750000	nan
chr15	8750000	9000000	nan
chr15	9000000	9250000	nan
chr15	9250000	9500000	nan
chr15	9500000	9750000	nan
chr15	9750000	10000000	nan
chr15	10000000	10250000	nan
chr15	10250000	10500000	nan
chr15	10500000	10750000	nan
chr15	10750000	11000000	nan
chr15	11000000	11250000	nan
chr15	11250000	11500000	nan
chr15	11500000	11750000	nan
chr15	11750000	12000000	nan
chr15	12000000	12250000	nan
chr15	12250000	12500000	nan
chr15	12500000	12750000	nan
chr15	12750000	13000000	nan
chr15	13000000	13250000	nan
chr15	13250000	13500000	nan
chr15	13500000	13750000	nan
chr15	13750000	14000000	nan
chr15	14000000	14250000	nan
chr15	14250000	14500000	nan
chr15	14500000	14750000	nan
chr15	14750000	15000000	nan
chr15	15000000	15250000	nan
chr15	15250000	15500000	nan
chr15	15500000	15750000	nan
chr15	15750000	16000000	nan
chr15	16000000	16250000	nan
chr15	16250000	16500000	nan
chr15	16500000	16750000	nan
chr15	16750000	17000000	nan
chr15	17000000	17250000	nan
chr15	17250000	17500000	nan
chr15	17500000	17750000	nan
chr15	17750000	18000000	nan
chr15	18000000	18250000	nan
chr15	18250000	18500000	nan
chr15	18500000	18750000	nan
chr15	18750000	19000000	nan
chr15	19000000	19250000	nan
chr15	19250000	19500000	nan
chr15	19500000	19750000	nan
chr15	19750000	20000000	nan
chr15	20000000	20250000	nan
chr15	20250000	20500000	-1.60731
chr15	20500000	20750000	nan
chr15	20750000	21000000	nan
chr15	21000000	21250000	nan
chr15	21250000	21500000	nan
chr15	21500000	21750000	nan
chr15	21750000	22000000	nan
chr15	22000000	22250000	nan
chr15	22250000	22500000	nan
chr15	22500000	22750000	nan
chr15	22750000	23000000	-1.09713
chr15	23000000	23250000	nan
chr15	23250000	23500000	nan
chr15	23500000	23750000	-1.35978
chr15	23750000	24000000	-1.26914
chr15	24000000	24250000	nan
chr15	24250000	24500000	nan
chr15	24500000	24750000	nan
chr15	24750000	25000000	-0.855984
chr15	25000000	25250000	-0.781687
chr15	25250000	25500000	-0.816955
chr15	25500000	25750000	-0.759794
chr15	25750000	26000000	-0.736218
chr15	26000000	26250000	-0.77828
chr15	26250000	26500000	-0.86048
chr15	26500000	26750000	-0.78663
chr15	26750000	27000000	-0.754344
chr15	27000000	27250000	-0.780109
chr15	27250000	27500000	-0.744123
chr15	27500000	27750000	-0.747725
chr15	27750000	28000000	-0.819592
chr15	28000000	28250000	-0.424941
chr15	28250000	28500000	nan
chr15	28500000	28750000	nan
chr15	28750000	29000000	-0.351159
chr15	29000000	29250000	-0.331047
chr15	29250000	29500000	-0.402555
chr15	29500000	29750000	-0.238538
chr15	29750000	30000000	0.0299374
chr15	30000000	30250000	nan
chr15	30250000	30500000	nan
chr15	30500000	30750000	nan
chr15	30750000	31000000	-0.213544
chr15	31000000	31250000	-0.235037
chr15	31250000	31500000	-0.0913388
chr15	31500000	31750000	-0.48078
chr15	31750000	32000000	-0.503316
chr15	32000000	32250000	-0.42115
chr15	32250000	32500000	nan
chr15	32500000	32750000	nan
chr15	32750000	33000000	-0.420832
chr15	33000000	33250000	-0.355846
chr15	33250000	33500000	-0.338769
chr15	33500000	33750000	-0.411353
chr15	33750000	34000000	-0.265702
chr15	34000000	34250000	0.00863666
chr15	34250000	34500000	0.139957
chr15	34500000	34750000	0.183557
chr15	34750000	35000000	0.306362
chr15	35000000	35250000	-0.139209
chr15	35250000	35500000	-0.110823
chr15	35500000	35750000	-0.0594337
chr15	35750000	36000000	-0.113355
chr15	36000000	36250000	-0.145719
chr15	36250000	36500000	-0.0888724
chr15	36500000	36750000	-0.0157801
chr15	36750000	37000000	-0.0881781
chr15	37000000	37250000	-0.0989332
chr15	37250000	37500000	-0.373498
chr15	37500000	37750000	-0.411245
chr15	37750000	38000000	-0.223432
chr15	38000000	38250000	-0.177655
chr15	38250000	38500000	-0.0745975
chr15	38500000	38750000	-0.00797766
chr15	38750000	39000000	-0.0528717
chr15	39000000	39250000	0.0671941
chr15	39250000	39500000	0.0635238
chr15	39500000	39750000	0.100528
chr15	39750000	40000000	0.213822
chr15	40000000	40250000	0.425221
chr15	40250000	40500000	0.540613
chr15	40500000	40750000	0.511962
chr15	40750000	41000000	0.605311
chr15	41000000	41250000	0.551379
chr15	41250000	41500000	0.624403
chr15	41500000	41750000	0.606253
chr15	41750000	42000000	0.645266
chr15	42000000	42250000	0.561445
chr15	42250000	42500000	0.565689
chr15	42500000	42750000	0.510334
chr15	42750000	43000000	0.461523
chr15	43000000	43250000	0.502502
chr15	43250000	43500000	0.554044
chr15	43500000	43750000	nan
chr15	43750000	44000000	0.277072
chr15	44000000	44250000	0.0749619
chr15	44250000	44500000	0.192401
chr15	44500000	44750000	0.149755
chr15	44750000	45000000	-0.261639
chr15	45000000	45250000	-0.269323
chr15	45250000	45500000	-0.440548
chr15	45500000	45750000	-0.595565
chr15	45750000	46000000	-0.824118
chr15	46000000	46250000	-0.889757
chr15	46250000	46500000	-0.666851
chr15	46500000	46750000	-0.662486
chr15	46750000	47000000	-0.591853
chr15	47000000	47250000	-0.487814
chr15	47250000	47500000	-0.334704
chr15	47500000	47750000	-0.318868
chr15	47750000	48000000	-0.375534
chr15	48000000	48250000	-0.507762
chr15	48250000	48500000	-0.508958
chr15	48500000	48750000	-0.552711
chr15	48750000	49000000	-0.359055
chr15	49000000	49250000	-0.225232
chr15	49250000	49500000	-0.36589
chr15	49500000	49750000	-0.495577
chr15	49750000	50000000	-0.497664
chr15	50000000	50250000	-0.452458
chr15	50250000	50500000	-0.178805
chr15	50500000	50750000	0.124973
chr15	50750000	51000000	-0.0913789
chr15	51000000	51250000	-0.417737
chr15	51250000	51500000	-0.506628
chr15	51500000	51750000	-0.510803
chr15	51750000	52000000	-0.42996
chr15	52000000	52250000	-0.445572
chr15	52250000	52500000	-0.546642
chr15	52500000	52750000	-0.505138
chr15	52750000	53000000	-0.961784
chr15	53000000	53250000	-0.931666
chr15	53250000	53500000	-0.946305
chr15	53500000	53750000	-0.929487
chr15	53750000	54000000	-1.10669
chr15	54000000	54250000	-1.08116
chr15	54250000	54500000	-1.07077
chr15	54500000	54750000	-1.05143
chr15	54750000	55000000	-1.00588
chr15	55000000	55250000	-1.06145
chr15	55250000	55500000	-0.82739
chr15	55500000	55750000	-0.524399
chr15	55750000	56000000	-0.599711
chr15	56000000	56250000	-0.656267
chr15	56250000	56500000	-0.502299
chr15	56500000	56750000	-0.438677
chr15	56750000	57000000	-0.134103
chr15	57000000	57250000	-0.0503616
chr15	57250000	57500000	0.112741
chr15	57500000	57750000	0.063699
chr15	57750000	58000000	-0.165286
chr15	58000000	58250000	-0.0426063
chr15	58250000	58500000	0.139126
chr15	58500000	58750000	0.139121
chr15	58750000	59000000	0.257541
chr15	59000000	59250000	0.190798
chr15	59250000	59500000	0.0426342
chr15	59500000	59750000	0.0787953
chr15	59750000	60000000	-0.174454
chr15	60000000	60250000	-0.218889
chr15	60250000	60500000	0.0264486
chr15	60500000	60750000	-0.0262671
chr15	60750000	61000000	-0.09735
chr15	61000000	61250000	-0.0654706
chr15	61250000	61500000	-0.227573
chr15	61500000	61750000	-0.154768
chr15	61750000	62000000	-0.0190555
chr15	62000000	62250000	0.00664974
chr15	62250000	62500000	0.204537
chr15	62500000	62750000	0.270539
chr15	62750000	63000000	0.412568
chr15	63000000	63250000	0.46341
chr15	63250000	63500000	0.43448
chr15	63500000	63750000	0.586575
chr15	63750000	64000000	0.448191
chr15	64000000	64250000	0.533506
chr15	64250000	64500000	0.544432
chr15	64500000	64750000	0.545442
chr15	64750000	65000000	0.616223
chr15	65000000	65250000	0.673962
chr15	65250000	65500000	0.678985
chr15	65500000	65750000	0.573375
chr15	65750000	66000000	0.463776
chr15	66000000	66250000	0.418728
chr15	66250000	66500000	0.504399
chr15	66500000	66750000	0.446265
chr15	66750000	67000000	0.330696
chr15	67000000	67250000	0.369257
chr15	67250000	67500000	0.234107
chr15	67500000	67750000	0.225402
chr15	67750000	68000000	0.276352
chr15	68000000	68250000	0.339242
chr15	68250000	68500000	0.339405
chr15	68500000	68750000	0.377315
chr15	68750000	69000000	0.352152
chr15	69000000	69250000	0.315126
chr15	69250000	69500000	0.379295
chr15	69500000	69750000	0.282337
chr15	69750000	70000000	0.25567
chr15	70000000	70250000	0.366739
chr15	70250000	70500000	0.356096
chr15	70500000	70750000	0.325151
chr15	70750000	71000000	0.294154
chr15	71000000	71250000	0.156911
chr15	71250000	71500000	0.154054
chr15	71500000	71750000	0.152068
chr15	71750000	72000000	0.327005
chr15	72000000	72250000	0.410409
chr15	72250000	72500000	0.438041
chr15	72500000	72750000	0.485797
chr15	72750000	73000000	0.319953
chr15	73000000	73250000	0.363673
chr15	73250000	73500000	0.459638
chr15	73500000	73750000	0.465579
chr15	73750000	74000000	0.492723
chr15	74000000	74250000	0.523447
chr15	74250000	74500000	0.564947
chr15	74500000	74750000	0.57119
chr15	74750000	75000000	0.592114
chr15	75000000	75250000	0.510906
chr15	75250000	75500000	0.659603
chr15	75500000	75750000	0.557213
chr15	75750000	76000000	0.442219
chr15	76000000	76250000	0.264396
chr15	76250000	76500000	0.162541
chr15	76500000	76750000	0.085041
chr15	76750000	77000000	0.254559
chr15	77000000	77250000	0.329131
chr15	77250000	77500000	0.288886
chr15	77500000	77750000	0.426492
chr15	77750000	78000000	0.502519
chr15	78000000	78250000	0.510439
chr15	78250000	78500000	0.552393
chr15	78500000	78750000	0.500286
chr15	78750000	79000000	0.451849
chr15	79000000	79250000	0.213205
chr15	79250000	79500000	0.118549
chr15	79500000	79750000	-0.0367321
chr15	79750000	80000000	0.157692
chr15	80000000	80250000	0.185602
chr15	80250000	80500000	0.0376177
chr15	80500000	80750000	-0.0103915
chr15	80750000	81000000	0.0294632
chr15	81000000	81250000	-0.0400892
chr15	81250000	81500000	-0.00730476
chr15	81500000	81750000	-0.203218
chr15	81750000	82000000	-0.0788497
chr15	82000000	82250000	0.114153
chr15	82250000	82500000	nan
chr15	82500000	82750000	0.261242
chr15	82750000	83000000	0.30948
chr15	83000000	83250000	0.267633
chr15	83250000	83500000	0.0724944
chr15	83500000	83750000	-0.0227808
chr15	83750000	84000000	-0.178398
chr15	84000000	84250000	0.0719226
chr15	84250000	84500000	nan
chr15	84500000	84750000	0.476691
chr15	84750000	85000000	0.468832
chr15	85000000	85250000	0.277721
chr15	85250000	85500000	0.269328
chr15	85500000	85750000	0.23494
chr15	85750000	86000000	-0.0620794
chr15	86000000	86250000	-0.247715
chr15	86250000	86500000	-0.332952
chr15	86500000	86750000	-0.200861
chr15	86750000	87000000	-0.168517
chr15	87000000	87250000	-0.374391
chr15	87250000	87500000	-0.362193
chr15	87500000	87750000	-0.209398
chr15	87750000	88000000	-0.187085
chr15	88000000	88250000	-0.147954
chr15	88250000	88500000	0.00307982
chr15	88500000	88750000	0.0661167
chr15	88750000	89000000	0.117485
chr15	89000000	89250000	0.279169
chr15	89250000	89500000	0.375352
chr15	89500000	89750000	0.443734
chr15	89750000	90000000	0.445205
chr15	90000000	90250000	0.537835
chr15	90250000	90500000	0.431366
chr15	90500000	90750000	0.356153
chr15	90750000	91000000	0.367141
chr15	91000000	91250000	-0.0614445
chr15	91250000	91500000	-0.229478
chr15	91500000	91750000	-0.269399
chr15	91750000	92000000	-0.0678241
chr15	92000000	92250000	-0.118696
chr15	92250000	92500000	-0.114699
chr15	92500000	92750000	-0.0595407
chr15	92750000	93000000	0.231818
chr15	93000000	93250000	-0.214863
chr15	93250000	93500000	-0.378698
chr15	93500000	93750000	-0.475608
chr15	93750000	94000000	-0.361484
chr15	94000000	94250000	-0.363006
chr15	94250000	94500000	-0.528606
chr15	94500000	94750000	-0.52351
chr15	94750000	95000000	-0.595241
chr15	95000000	95250000	-0.536975
chr15	95250000	95500000	-0.371547
chr15	95500000	95750000	-0.39482
chr15	95750000	96000000	-0.291852
chr15	96000000	96250000	-0.257163
chr15	96250000	96500000	-0.278583
chr15	96500000	96750000	-0.428785
chr15	96750000	97000000	-0.475898
chr15	97000000	97250000	-0.434643
chr15	97250000	97500000	-0.494998
chr15	97500000	97750000	-0.544228
chr15	97750000	98000000	-0.512074
chr15	98000000	98250000	-0.584775
chr15	98250000	98500000	-0.39724
chr15	98500000	98750000	-0.0227037
chr15	98750000	99000000	0.0272167
chr15	99000000	99250000	0.0543038
chr15	99250000	99500000	0.108222
chr15	99500000	99750000	0.177821
chr15	99750000	100000000	-0.17256
chr15	100000000	100250000	-0.312817
chr15	100250000	100500000	-0.381505
chr15	100500000	100750000	-0.310882
chr15	100750000	101000000	-0.295529
chr15	101000000	101250000	0.0334421
chr15	101250000	101500000	-0.0556704
chr15	101500000	101750000	-0.0952125
chr15	101750000	101991189	nan
#bedGraph section chr16:0-90338345
chr16	0	250000	0.338078
chr16	250000	500000	0.337353
chr16	500000	750000	0.264475
chr16	750000	1000000	0.265753
chr16	1000000	1250000	0.243725
chr16	1250000	1500000	0.263221
chr16	1500000	1750000	0.307509
chr16	1750000	2000000	0.362844
chr16	2000000	2250000	0.441281
chr16	2250000	2500000	0.494198
chr16	2500000	2750000	nan
chr16	2750000	3000000	0.61311
chr16	3000000	3250000	0.655421
chr16	3250000	3500000	0.587703
chr16	3500000	3750000	0.694441
chr16	3750000	4000000	0.718104
chr16	4000000	4250000	0.752107
chr16	4250000	4500000	0.886339
chr16	4500000	4750000	1.01588
chr16	4750000	5000000	1.08621
chr16	5000000	5250000	0.799756
chr16	5250000	5500000	0.447958
chr16	5500000	5750000	0.338358
chr16	5750000	6000000	0.232451
chr16	6000000	6250000	0.135142
chr16	6250000	6500000	0.162969
chr16	6500000	6750000	0.0740211
chr16	6750000	7000000	0.0515046
chr16	7000000	7250000	-0.0152253
chr16	7250000	7500000	0.124023
chr16	7500000	7750000	0.0440352
chr16	7750000	8000000	-0.0633834
chr16	8000000	8250000	-0.0777435
chr16	8250000	8500000	0.0574795
chr16	8500000	8750000	0.411565
chr16	8750000	9000000	0.636893
chr16	9000000	9250000	0.316774
chr16	9250000	9500000	0.153007
chr16	9500000	9750000	0.17064
chr16	9750000	10000000	0.105042
chr16	10000000	10250000	0.117852
chr16	10250000	10500000	0.300283
chr16	10500000	10750000	0.420221
chr16	10750000	11000000	0.393765
chr16	11000000	11250000	0.52083
chr16	11250000	11500000	0.376032
chr16	11500000	11750000	0.515351
chr16	11750000	12000000	0.593517
chr16	12000000	12250000	0.37664
chr16	12250000	12500000	0.238737
chr16	12500000	12750000	0.218656
chr16	12750000	13000000	0.125774
chr16	13000000	13250000	0.109037
chr16	13250000	13500000	0.0794828
chr16	13500000	13750000	0.0812741
chr16	13750000	14000000	0.218442
chr16	14000000	14250000	0.469597
chr16	14250000	14500000	0.555153
chr16	14500000	14750000	0.580923
chr16	14750000	15000000	nan
chr16	15000000	15250000	nan
chr16	15250000	15500000	0.600273
chr16	15500000	15750000	0.697888
chr16	15750000	16000000	0.704362
chr16	16000000	16250000	0.677831
chr16	16250000	16500000	nan
chr16	16500000	16750000	nan
chr16	16750000	17000000	0.288651
chr16	17000000	17250000	0.336099
chr16	17250000	17500000	0.457769
chr16	17500000	17750000	0.356042
chr16	17750000	18000000	0.28375
chr16	18000000	18250000	nan
chr16	18250000	18500000	nan
chr16	18500000	18750000	nan
chr16	18750000	19000000	0.766225
chr16	19000000	19250000	0.537927
chr16	19250000	19500000	0.437808
chr16	19500000	19750000	0.536635
chr16	19750000	20000000	0.431644
chr16	20000000	20250000	0.287695
chr16	20250000	20500000	0.248315
chr16	20500000	20750000	0.30422
chr16	20750000	21000000	0.570877
chr16	21000000	21250000	0.431126
chr16	21250000	21500000	nan
chr16	21500000	21750000	0.554021
chr16	21750000	22000000	nan
chr16	22000000	22250000	0.643066
chr16	22250000	22500000	0.721148
chr16	22500000	22750000	0.389246
chr16	22750000	23000000	0.4006
chr16	23000000	23250000	0.503291
chr16	23250000	23500000	0.564935
chr16	23500000	23750000	0.705817
chr16	23750000	24000000	0.366012
chr16	24000000	24250000	0.327423
chr16	24250000	24500000	0.297413
chr16	24500000	24750000	0.49816
chr16	24750000	25000000	0.553355
chr16	25000000	25250000	0.498591
chr16	25250000	25500000	0.113208
chr16	25500000	25750000	0.0739412
chr16	25750000	26000000	0.0153874
chr16	26000000	26250000	0.114857
chr16	26250000	26500000	0.00937134
chr16	26500000	26750000	0.0667647
chr16	26750000	27000000	0.172573
chr16	27000000	27250000	0.385015
chr16	27250000	27500000	0.618518
chr16	27500000	27750000	0.833725
chr16	27750000	28000000	0.779471
chr16	28000000	28250000	0.86735
chr16	28250000	28500000	nan
chr16	28500000	28750000	nan
chr16	28750000	29000000	1.19875
chr16	29000000	29250000	1.09983
chr16	29250000	29500000	nan
chr16	29500000	29750000	nan
chr16	29750000	30000000	1.04751
chr16	30000000	30250000	1.06523
chr16	30250000	30500000	1.03489
chr16	30500000	30750000	1.03784
chr16	30750000	31000000	0.865506
chr16	31000000	31250000	0.553008
chr16	31250000	31500000	0.353515
chr16	31500000	31750000	-0.061245
chr16	31750000	32000000	nan
chr16	32000000	32250000	nan
chr16	32250000	32500000	nan
chr16	32500000	32750000	nan
chr16	32750000	33000000	nan
chr16	33000000	33250000	nan
chr16	33250000	33500000	nan
chr16	33500000	33750000	nan
chr16	33750000	34000000	nan
chr16	34000000	34250000	nan
chr16	34250000	34500000	nan
chr16	34500000	34750000	-0.373436
chr16	34750000	35000000	nan
chr16	35000000	35250000	nan
chr16	35250000	35500000	nan
chr16	35500000	35750000	nan
chr16	35750000	36000000	nan
chr16	36000000	36250000	nan
chr16	36250000	36500000	nan
chr16	36500000	36750000	nan
chr16	36750000	37000000	nan
chr16	37000000	37250000	nan
chr16	37250000	37500000	nan
chr16	37500000	37750000	nan
chr16	37750000	38000000	nan
chr16	38000000	38250000	nan
chr16	38250000	38500000	nan
chr16	38500000	38750000	nan
chr16	38750000	39000000	nan
chr16	39000000	39250000	nan
chr16	39250000	39500000	nan
chr16	39500000	39750000	nan
chr16	39750000	40000000	nan
chr16	40000000	40250000	nan
chr16	40250000	40500000	nan
chr16	40500000	40750000	nan
chr16	40750000	41000000	nan
chr16	41000000	41250000	nan
chr16	41250000	41500000	nan
chr16	41500000	41750000	nan
chr16	41750000	42000000	nan
chr16	42000000	42250000	nan
chr16	42250000	42500000	nan
chr16	42500000	42750000	nan
chr16	42750000	43000000	nan
chr16	43000000	43250000	nan
chr16	43250000	43500000	nan
chr16	43500000	43750000	nan
chr16	43750000	44000000	nan
chr16	44000000	44250000	nan
chr16	44250000	44500000	nan
chr16	44500000	44750000	nan
chr16	44750000	45000000	nan
chr16	45000000	45250000	nan
chr16	45250000	45500000	nan
chr16	45500000	45750000	nan
chr16	45750000	46000000	nan
chr16	46000000	46250000	nan
chr16	46250000	46500000	-0.171241
chr16	46500000	46750000	0.16558
chr16	46750000	47000000	0.399755
chr16	47000000	47250000	-0.129019
chr16	47250000	47500000	-0.106575
chr16	47500000	47750000	-0.134587
chr16	47750000	48000000	-0.245018
chr16	48000000	48250000	-0.149684
chr16	48250000	48500000	0.189446
chr16	48500000	48750000	0.0383403
chr16	48750000	49000000	0.0634095
chr16	49000000	49250000	0.0933212
chr16	49250000	49500000	0.118159
chr16	49500000	49750000	0.491296
chr16	49750000	50000000	0.493372
chr16	50000000	50250000	0.443659
chr16	50250000	50500000	0.397532
chr16	50500000	50750000	0.320757
chr16	50750000	51000000	0.0428815
chr16	51000000	51250000	0.0173721
chr16	51250000	51500000	-0.0642348
chr16	51500000	51750000	-0.0402332
chr16	51750000	52000000	-0.145858
chr16	52000000	52250000	-0.295818
chr16	52250000	52500000	-0.265566
chr16	52500000	52750000	-0.182601
chr16	52750000	53000000	-0.199152
chr16	53000000	53250000	0.226906
chr16	53250000	53500000	0.329759
chr16	53500000	53750000	0.0563159
chr16	53750000	54000000	0.00246332
chr16	54000000	54250000	0.0376859
chr16	54250000	54500000	0.0962628
chr16	54500000	54750000	0.0673054
chr16	54750000	55000000	-0.00115477
chr16	55000000	55250000	0.00325616
chr16	55250000	55500000	-0.0152394
chr16	55500000	55750000	0.0825072
chr16	55750000	56000000	0.0939044
chr16	56000000	56250000	0.252282
chr16	56250000	56500000	0.46278
chr16	56500000	56750000	0.501524
chr16	56750000	57000000	0.586888
chr16	57000000	57250000	0.68764
chr16	57250000	57500000	0.678323
chr16	57500000	57750000	0.585248
chr16	57750000	58000000	0.421429
chr16	58000000	58250000	0.323261
chr16	58250000	58500000	0.0382704
chr16	58500000	58750000	-0.0147758
chr16	58750000	59000000	-1.08858
chr16	59000000	59250000	-1.09721
chr16	59250000	59500000	-1.0043
chr16	59500000	59750000	-0.870586
chr16	59750000	60000000	-0.896114
chr16	60000000	60250000	-0.879337
chr16	60250000	60500000	-0.862109
chr16	60500000	60750000	-0.866961
chr16	60750000	61000000	-0.941388
chr16	61000000	61250000	-0.896656
chr16	61250000	61500000	-0.89458
chr16	61500000	61750000	-0.837344
chr16	61750000	62000000	-0.825894
chr16	62000000	62250000	-0.967313
chr16	62250000	62500000	-0.890468
chr16	62500000	62750000	-0.829002
chr16	62750000	63000000	-0.842271
chr16	63000000	63250000	-0.891445
chr16	63250000	63500000	-0.978754
chr16	63500000	63750000	-0.805191
chr16	63750000	64000000	-0.792314
chr16	64000000	64250000	-0.768804
chr16	64250000	64500000	-0.664505
chr16	64500000	64750000	-0.691282
chr16	64750000	65000000	-0.813974
chr16	65000000	65250000	-0.672796
chr16	65250000	65500000	-0.536297
chr16	65500000	65750000	-0.544258
chr16	65750000	66000000	-0.551722
chr16	66000000	66250000	-0.573406
chr16	66250000	66500000	-0.313177
chr16	66500000	66750000	0.282209
chr16	66750000	67000000	0.59706
chr16	67000000	67250000	0.778835
chr16	67250000	67500000	0.746866
chr16	67500000	67750000	0.766848
chr16	67750000	68000000	0.82009
chr16	68000000	68250000	0.686001
chr16	68250000	68500000	0.67859
chr16	68500000	68750000	0.535189
chr16	68750000	69000000	0.451867
chr16	69000000	69250000	0.486366
chr16	69250000	69500000	0.57836
chr16	69500000	69750000	0.596889
chr16	69750000	70000000	0.688777
chr16	70000000	70250000	0.750836
chr16	70250000	70500000	0.816016
chr16	70500000	70750000	0.695682
chr16	70750000	71000000	nan
chr16	71000000	71250000	nan
chr16	71250000	71500000	0.437159
chr16	71500000	71750000	0.531611
chr16	71750000	72000000	0.575538
chr16	72000000	72250000	0.0575344
chr16	72250000	72500000	-0.207515
chr16	72500000	72750000	-0.111161
chr16	72750000	73000000	0.0222455
chr16	73000000	73250000	-0.0985031
chr16	73250000	73500000	-0.176291
chr16	73500000	73750000	-0.196468
chr16	73750000	74000000	-0.223997
chr16	74000000	74250000	-0.179203
chr16	74250000	74500000	0.368107
chr16	74500000	74750000	0.439785
chr16	74750000	75000000	0.389425
chr16	75000000	75250000	0.324773
chr16	75250000	75500000	0.325116
chr16	75500000	75750000	0.0722971
chr16	75750000	76000000	-0.465893
chr16	76000000	76250000	-0.501679
chr16	76250000	76500000	-0.460516
chr16	76500000	76750000	-0.506307
chr16	76750000	77000000	-0.520721
chr16	77000000	77250000	-0.442993
chr16	77250000	77500000	-0.229647
chr16	77500000	77750000	-0.247277
chr16	77750000	78000000	-0.102106
chr16	78000000	78250000	-0.315989
chr16	78250000	78500000	-0.270518
chr16	78500000	78750000	-0.241002
chr16	78750000	79000000	-0.208189
chr16	79000000	79250000	-0.141744
chr16	79250000	79500000	-0.165067
chr16	79500000	79750000	-0.297813
chr16	79750000	80000000	-0.304568
chr16	80000000	80250000	-0.341125
chr16	80250000	80500000	-0.392443
chr16	80500000	80750000	-0.415632
chr16	80750000	81000000	-0.206291
chr16	81000000	81250000	0.318047
chr16	81250000	81500000	0.41217
chr16	81500000	81750000	0.511808
chr16	81750000	82000000	0.225893
chr16	82000000	82250000	0.169756
chr16	82250000	82500000	0.028474
chr16	82500000	82750000	0.0664388
chr16	82750000	83000000	0.0824248
chr16	83000000	83250000	0.0100501
chr16	83250000	83500000	0.0191438
chr16	83500000	83750000	0.190999
chr16	83750000	84000000	0.501815
chr16	84000000	84250000	0.771768
chr16	84250000	84500000	0.666666
chr16	84500000	84750000	0.802999
chr16	84750000	85000000	0.741942
chr16	85000000	85250000	0.762901
chr16	85250000	85500000	0.746021
chr16	85500000	85750000	0.730717
chr16	85750000	86000000	0.478475
chr16	86000000	86250000	0.436499
chr16	86250000	86500000	0.433794
chr16	86500000	86750000	0.302427
chr16	86750000	87000000	0.429148
chr16	87000000	87250000	0.365981
chr16	87250000	87500000	0.605831
chr16	87500000	87750000	0.680535
chr16	87750000	88000000	0.65647
chr16	88000000	88250000	0.684007
chr16	88250000	88500000	0.628498
chr16	88500000	88750000	0.732718
chr16	88750000	89000000	0.754532
chr16	89000000	89250000	0.689827
chr16	89250000	89500000	0.784511
chr16	89500000	89750000	0.865801
chr16	89750000	90000000	0.911625
chr16	90000000	90250000	nan
chr16	90250000	90338345	nan
#bedGraph section chr17:0-83257441
chr17	0	250000	nan
chr17	250000	500000	0.318187
chr17	500000	750000	0.348301
chr17	750000	1000000	0.437272
chr17	1000000	1250000	0.488618
chr17	1250000	1500000	0.617199
chr17	1500000	1750000	0.64817
chr17	1750000	2000000	0.600191
chr17	2000000	2250000	0.594266
chr17	2250000	2500000	0.559789
chr17	2500000	2750000	0.401695
chr17	2750000	3000000	0.145654
chr17	3000000	3250000	-0.151763
chr17	3250000	3500000	-0.179586
chr17	3500000	3750000	0.223693
chr17	3750000	4000000	0.431909
chr17	4000000	4250000	0.410056
chr17	4250000	4500000	0.498767
chr17	4500000	4750000	0.650033
chr17	4750000	5000000	0.680882
chr17	5000000	5250000	0.511505
chr17	5250000	5500000	0.61189
chr17	5500000	5750000	0.00248517
chr17	5750000	6000000	-0.081505
chr17	6000000	6250000	-0.182094
chr17	6250000	6500000	-0.0329926
chr17	6500000	6750000	0.341406
chr17	6750000	7000000	0.24639
chr17	7000000	7250000	0.63997
chr17	7250000	7500000	0.931247
chr17	7500000	7750000	0.87315
chr17	7750000	8000000	0.809303
chr17	8000000	8250000	0.832494
chr17	8250000	8500000	0.728697
chr17	8500000	8750000	0.495246
chr17	8750000	9000000	0.115978
chr17	9000000	9250000	-0.043046
chr17	9250000	9500000	-0.0765006
chr17	9500000	9750000	-0.162978
chr17	9750000	10000000	-0.254907
chr17	10000000	10250000	-0.234973
chr17	10250000	10500000	-0.403489
chr17	10500000	10750000	-0.31966
chr17	10750000	11000000	-0.413711
chr17	11000000	11250000	-0.438389
chr17	11250000	11500000	-0.354993
chr17	11500000	11750000	-0.393796
chr17	11750000	12000000	-0.443926
chr17	12000000	12250000	-0.224967
chr17	12250000	12500000	-0.174356
chr17	12500000	12750000	-0.124841
chr17	12750000	13000000	-0.166993
chr17	13000000	13250000	-0.497898
chr17	13250000	13500000	-0.522079
chr17	13500000	13750000	-0.465464
chr17	13750000	14000000	-0.359613
chr17	14000000	14250000	-0.401324
chr17	14250000	14500000	-0.479404
chr17	14500000	14750000	-0.536017
chr17	14750000	15000000	-0.59857
chr17	15000000	15250000	-0.525347
chr17	15250000	15500000	-0.19211
chr17	15500000	15750000	-0.0314976
chr17	15750000	16000000	0.0883529
chr17	16000000	16250000	0.502902
chr17	16250000	16500000	0.501453
chr17	16500000	16750000	0.290834
chr17	16750000	17000000	0.271366
chr17	17000000	17250000	0.526351
chr17	17250000	17500000	0.516394
chr17	17500000	17750000	0.668216
chr17	17750000	18000000	0.714706
chr17	18000000	18250000	0.783894
chr17	18250000	18500000	0.617846
chr17	18500000	18750000	nan
chr17	18750000	19000000	0.515164
chr17	19000000	19250000	nan
chr17	19250000	19500000	0.417259
chr17	19500000	19750000	0.397914
chr17	19750000	20000000	0.267004
chr17	20000000	20250000	-0.0577761
chr17	20250000	20500000	nan
chr17	20500000	20750000	nan
chr17	20750000	21000000	-0.160025
chr17	21000000	21250000	-0.0300624
chr17	21250000	21500000	-0.189516
chr17	21500000	21750000	nan
chr17	21750000	22000000	nan
chr17	22000000	22250000	nan
chr17	22250000	22500000	nan
chr17	22500000	22750000	nan
chr17	22750000	23000000	nan
chr17	23000000	23250000	nan
chr17	23250000	23500000	nan
chr17	23500000	23750000	nan
chr17	23750000	24000000	nan
chr17	24000000	24250000	nan
chr17	24250000	24500000	nan
chr17	24500000	24750000	nan
chr17	24750000	25000000	nan
chr17	25000000	25250000	nan
chr17	25250000	25500000	nan
chr17	25500000	25750000	nan
chr17	25750000	26000000	nan
chr17	26000000	26250000	nan
chr17	26250000	26500000	nan
chr17	26500000	26750000	nan
chr17	26750000	27000000	nan
chr17	27000000	27250000	nan
chr17	27250000	27500000	-0.244192
chr17	27500000	27750000	-0.251926
chr17	27750000	28000000	-0.165267
chr17	28000000	28250000	-0.0156164
chr17	28250000	28500000	0.494971
chr17	28500000	28750000	1.23719
chr17	28750000	29000000	1.25059
chr17	29000000	29250000	1.16796
chr17	29250000	29500000	0.917853
chr17	29500000	29750000	0.84169
chr17	29750000	30000000	0.633609
chr17	30000000	30250000	0.615246
chr17	30250000	30500000	0.677125
chr17	30500000	30750000	0.798054
chr17	30750000	31000000	0.641697
chr17	31000000	31250000	0.564369
chr17	31250000	31500000	0.51668
chr17	31500000	31750000	0.376493
chr17	31750000	32000000	0.477493
chr17	32000000	32250000	0.619218
chr17	32250000	32500000	0.53858
chr17	32500000	32750000	0.105235
chr17	32750000	33000000	0.156497
chr17	33000000	33250000	-0.266883
chr17	33250000	33500000	-0.284544
chr17	33500000	33750000	-0.320592
chr17	33750000	34000000	-0.320155
chr17	34000000	34250000	-0.331455
chr17	34250000	34500000	-0.248812
chr17	34500000	34750000	-0.0228935
chr17	34750000	35000000	-0.0414174
chr17	35000000	35250000	0.279499
chr17	35250000	35500000	-0.00279974
chr17	35500000	35750000	0.377378
chr17	35750000	36000000	0.288642
chr17	36000000	36250000	0.101096
chr17	36250000	36500000	nan
chr17	36500000	36750000	0.437546
chr17	36750000	37000000	0.436345
chr17	37000000	37250000	0.406944
chr17	37250000	37500000	0.534413
chr17	37500000	37750000	0.498746
chr17	37750000	38000000	nan
chr17	38000000	38250000	nan
chr17	38250000	38500000	0.736315
chr17	38500000	38750000	0.83137
chr17	38750000	39000000	0.787532
chr17	39000000	39250000	0.654978
chr17	39250000	39500000	0.705446
chr17	39500000	39750000	0.794992
chr17	39750000	40000000	0.6374
chr17	40000000	40250000	0.770599
chr17	40250000	40500000	0.606006
chr17	40500000	40750000	0.265876
chr17	40750000	41000000	-0.00188325
chr17	41000000	41250000	-0.103427
chr17	41250000	41500000	-0.0482017
chr17	41500000	41750000	0.147567
chr17	41750000	42000000	0.77303
chr17	42000000	42250000	0.756754
chr17	42250000	42500000	0.730369
chr17	42500000	42750000	0.802478
chr17	42750000	43000000	0.695008
chr17	43000000	43250000	0.589307
chr17	43250000	43500000	0.455739
chr17	43500000	43750000	0.522922
chr17	43750000	44000000	0.657229
chr17	44000000	44250000	0.83283
chr17	44250000	44500000	0.73214
chr17	44500000	44750000	0.677272
chr17	44750000	45000000	0.794652
chr17	45000000	45250000	0.750356
chr17	45250000	45500000	0.551882
chr17	45500000	45750000	0.317554
chr17	45750000	46000000	0.337773
chr17	46000000	46250000	0.443109
chr17	46250000	46500000	nan
chr17	46500000	46750000	nan
chr17	46750000	47000000	0.457352
chr17	47000000	47250000	0.592165
chr17	47250000	47500000	0.488827
chr17	47500000	47750000	0.724668
chr17	47750000	48000000	0.646064
chr17	48000000	48250000	0.401415
chr17	48250000	48500000	0.321826
chr17	48500000	48750000	0.416596
chr17	48750000	49000000	0.563883
chr17	49000000	49250000	0.576305
chr17	49250000	49500000	0.575747
chr17	49500000	49750000	0.715571
chr17	49750000	50000000	0.736862
chr17	50000000	50250000	0.801252
chr17	50250000	50500000	0.779315
chr17	50500000	50750000	0.768308
chr17	50750000	51000000	0.611106
chr17	51000000	51250000	0.377657
chr17	51250000	51500000	-0.634025
chr17	51500000	51750000	-0.779641
chr17	51750000	52000000	-0.871311
chr17	52000000	52250000	-0.900558
chr17	52250000	52500000	-0.921886
chr17	52500000	52750000	-0.874859
chr17	52750000	53000000	-0.865314
chr17	53000000	53250000	-0.852555
chr17	53250000	53500000	-0.84193
chr17	53500000	53750000	-0.800049
chr17	53750000	54000000	-0.806118
chr17	54000000	54250000	-0.838787
chr17	54250000	54500000	-0.843095
chr17	54500000	54750000	-0.849833
chr17	54750000	55000000	-0.792686
chr17	55000000	55250000	-0.673558
chr17	55250000	55500000	-0.60938
chr17	55500000	55750000	-0.572401
chr17	55750000	56000000	-0.590754
chr17	56000000	56250000	-0.627114
chr17	56250000	56500000	-0.645998
chr17	56500000	56750000	-0.321483
chr17	56750000	57000000	-0.190012
chr17	57000000	57250000	-0.0752779
chr17	57250000	57500000	0.0538427
chr17	57500000	57750000	-0.0780489
chr17	57750000	58000000	0.213051
chr17	58000000	58250000	0.124689
chr17	58250000	58500000	0.247845
chr17	58500000	58750000	0.169632
chr17	58750000	59000000	-0.108586
chr17	59000000	59250000	0.339173
chr17	59250000	59500000	0.489293
chr17	59500000	59750000	0.565178
chr17	59750000	60000000	0.660127
chr17	60000000	60250000	0.487302
chr17	60250000	60500000	0.40094
chr17	60500000	60750000	0.202972
chr17	60750000	61000000	0.0497908
chr17	61000000	61250000	0.100238
chr17	61250000	61500000	0.128803
chr17	61500000	61750000	-0.0546508
chr17	61750000	62000000	0.265773
chr17	62000000	62250000	0.155156
chr17	62250000	62500000	0.0925648
chr17	62500000	62750000	0.336295
chr17	62750000	63000000	0.253796
chr17	63000000	63250000	0.134571
chr17	63250000	63500000	0.227544
chr17	63500000	63750000	0.624126
chr17	63750000	64000000	0.779691
chr17	64000000	64250000	0.525609
chr17	64250000	64500000	0.459624
chr17	64500000	64750000	0.575431
chr17	64750000	65000000	0.464651
chr17	65000000	65250000	0.131418
chr17	65250000	65500000	-0.185993
chr17	65500000	65750000	-0.0998646
chr17	65750000	66000000	-0.186936
chr17	66000000	66250000	-0.205631
chr17	66250000	66500000	-0.0186079
chr17	66500000	66750000	-0.0868415
chr17	66750000	67000000	0.022185
chr17	67000000	67250000	0.266754
chr17	67250000	67500000	0.222924
chr17	67500000	67750000	0.224007
chr17	67750000	68000000	0.446613
chr17	68000000	68250000	0.184735
chr17	68250000	68500000	-0.00419902
chr17	68500000	68750000	-0.0372045
chr17	68750000	69000000	-0.458177
chr17	69000000	69250000	-0.488201
chr17	69250000	69500000	-0.502847
chr17	69500000	69750000	-0.779063
chr17	69750000	70000000	-0.746442
chr17	70000000	70250000	-0.72194
chr17	70250000	70500000	-0.704909
chr17	70500000	70750000	-0.760575
chr17	70750000	71000000	-0.662681
chr17	71000000	71250000	-0.681497
chr17	71250000	71500000	-0.687042
chr17	71500000	71750000	-0.72147
chr17	71750000	72000000	-0.659365
chr17	72000000	72250000	-0.641354
chr17	72250000	72500000	-0.575689
chr17	72500000	72750000	-0.485508
chr17	72750000	73000000	-0.448069
chr17	73000000	73250000	-0.280898
chr17	73250000	73500000	0.0822386
chr17	73500000	73750000	0.123511
chr17	73750000	74000000	0.0684842
chr17	74000000	74250000	0.161574
chr17	74250000	74500000	0.531772
chr17	74500000	74750000	0.463135
chr17	74750000	75000000	0.890708
chr17	75000000	75250000	1.15739
chr17	75250000	75500000	1.08503
chr17	75500000	75750000	1.11131
chr17	75750000	76000000	1.10682
chr17	76000000	76250000	1.00871
chr17	76250000	76500000	0.915056
chr17	76500000	76750000	0.833321
chr17	76750000	77000000	0.541624
chr17	77000000	77250000	0.583868
chr17	77250000	77500000	0.557419
chr17	77500000	77750000	0.35163
chr17	77750000	78000000	0.390721
chr17	78000000	78250000	0.563528
chr17	78250000	78500000	0.63707
chr17	78500000	78750000	0.387671
chr17	78750000	79000000	0.528937
chr17	79000000	79250000	0.339156
chr17	79250000	79500000	0.206859
chr17	79500000	79750000	0.267111
chr17	79750000	80000000	0.629336
chr17	80000000	80250000	0.667138
chr17	80250000	80500000	0.549069
chr17	80500000	80750000	0.508471
chr17	80750000	81000000	0.556844
chr17	81000000	81250000	0.756436
chr17	81250000	81500000	0.913744
chr17	81500000	81750000	0.953664
chr17	81750000	82000000	0.985235
chr17	82000000	82250000	0.932579
chr17	82250000	82500000	0.875987
chr17	82500000	82750000	0.842605
chr17	82750000	83000000	0.722716
chr17	83000000	83250000	0.665128
chr17	83250000	83257441	nan
#bedGraph section chr18:0-80373285
chr18	0	250000	0.39357
chr18	250000	500000	0.332736
chr18	500000	750000	0.350121
chr18	750000	1000000	0.160124
chr18	1000000	1250000	-0.243725
chr18	1250000	1500000	-0.313758
chr18	1500000	1750000	-0.19774
chr18	1750000	2000000	-0.225088
chr18	2000000	2250000	-0.124109
chr18	2250000	2500000	-0.0868532
chr18	2500000	2750000	0.359967
chr18	2750000	3000000	0.573172
chr18	3000000	3250000	0.587251
chr18	3250000	3500000	0.495133
chr18	3500000	3750000	0.478428
chr18	3750000	4000000	0.361158
chr18	4000000	4250000	0.292849
chr18	4250000	4500000	0.183376
chr18	4500000	4750000	0.0489349
chr18	4750000	5000000	0.0488311
chr18	5000000	5250000	0.318485
chr18	5250000	5500000	0.39185
chr18	5500000	5750000	0.474937
chr18	5750000	6000000	0.482041
chr18	6000000	6250000	0.44227
chr18	6250000	6500000	0.471866
chr18	6500000	6750000	0.522287
chr18	6750000	7000000	0.585183
chr18	7000000	7250000	0.655931
chr18	7250000	7500000	0.528049
chr18	7500000	7750000	0.519237
chr18	7750000	8000000	0.482453
chr18	8000000	8250000	0.454242
chr18	8250000	8500000	0.546574
chr18	8500000	8750000	0.593952
chr18	8750000	9000000	0.554462
chr18	9000000	9250000	0.594401
chr18	9250000	9500000	0.536095
chr18	9500000	9750000	0.605387
chr18	9750000	10000000	0.6078
chr18	10000000	10250000	0.495061
chr18	10250000	10500000	0.497929
chr18	10500000	10750000	0.504634
chr18	10750000	11000000	0.355277
chr18	11000000	11250000	0.346184
chr18	11250000	11500000	0.24284
chr18	11500000	11750000	0.425053
chr18	11750000	12000000	0.543169
chr18	12000000	12250000	0.489912
chr18	12250000	12500000	0.504821
chr18	12500000	12750000	0.376811
chr18	12750000	13000000	0.305916
chr18	13000000	13250000	0.12492
chr18	13250000	13500000	-0.0972164
chr18	13500000	13750000	-0.0231411
chr18	13750000	14000000	-0.571621
chr18	14000000	14250000	nan
chr18	14250000	14500000	nan
chr18	14500000	14750000	nan
chr18	14750000	15000000	nan
chr18	15000000	15250000	nan
chr18	15250000	15500000	nan
chr18	15500000	15750000	nan
chr18	15750000	16000000	nan
chr18	16000000	16250000	nan
chr18	16250000	16500000	nan
chr18	16500000	16750000	nan
chr18	16750000	17000000	nan
chr18	17000000	17250000	nan
chr18	17250000	17500000	nan
chr18	17500000	17750000	nan
chr18	17750000	18000000	nan
chr18	18000000	18250000	nan
chr18	18250000	18500000	nan
chr18	18500000	18750000	nan
chr18	18750000	19000000	nan
chr18	19000000	19250000	nan
chr18	19250000	19500000	nan
chr18	19500000	19750000	nan
chr18	19750000	20000000	nan
chr18	20000000	20250000	nan
chr18	20250000	20500000	nan
chr18	20500000	20750000	nan
chr18	20750000	21000000	nan
chr18	21000000	21250000	-0.935897
chr18	21250000	21500000	-0.660482
chr18	21500000	21750000	-0.0586944
chr18	21750000	22000000	0.351359
chr18	22000000	22250000	0.394118
chr18	22250000	22500000	0.378604
chr18	22500000	22750000	0.316911
chr18	22750000	23000000	0.329876
chr18	23000000	23250000	0.367594
chr18	23250000	23500000	0.422304
chr18	23500000	23750000	0.290418
chr18	23750000	24000000	0.15253
chr18	24000000	24250000	0.156083
chr18	24250000	24500000	0.008458
chr18	24500000	24750000	-0.136497
chr18	24750000	25000000	-0.0776218
chr18	25000000	25250000	-0.029604
chr18	25250000	25500000	-0.0589012
chr18	25500000	25750000	-0.267476
chr18	25750000	26000000	-0.179668
chr18	26000000	26250000	-0.244081
chr18	26250000	26500000	-0.216004
chr18	26500000	26750000	-0.143249
chr18	26750000	27000000	-0.252304
chr18	27000000	27250000	-0.377995
chr18	27250000	27500000	-0.453781
chr18	27500000	27750000	-0.290732
chr18	27750000	28000000	-0.262683
chr18	28000000	28250000	-0.270307
chr18	28250000	28500000	-0.730073
chr18	28500000	28750000	-0.723695
chr18	28750000	29000000	-0.717542
chr18	29000000	29250000	-0.854188
chr18	29250000	29500000	-0.908164
chr18	29500000	29750000	-0.897896
chr18	29750000	30000000	-0.794869
chr18	30000000	30250000	-0.960821
chr18	30250000	30500000	-0.836725
chr18	30500000	30750000	-0.939284
chr18	30750000	31000000	-0.760616
chr18	31000000	31250000	-0.342556
chr18	31250000	31500000	-0.338766
chr18	31500000	31750000	-0.181825
chr18	31750000	32000000	-0.123632
chr18	32000000	32250000	-0.341751
chr18	32250000	32500000	-0.626049
chr18	32500000	32750000	-0.663892
chr18	32750000	33000000	-0.724744
chr18	33000000	33250000	-0.935037
chr18	33250000	33500000	-0.971842
chr18	33500000	33750000	-0.774975
chr18	33750000	34000000	-0.985978
chr18	34000000	34250000	-0.98077
chr18	34250000	34500000	-0.994987
chr18	34500000	34750000	-0.953137
chr18	34750000	35000000	-0.714239
chr18	35000000	35250000	-0.322682
chr18	35250000	35500000	0.0106243
chr18	35500000	35750000	0.0664723
chr18	35750000	36000000	0.176032
chr18	36000000	36250000	0.233263
chr18	36250000	36500000	0.170739
chr18	36500000	36750000	0.0643286
chr18	36750000	37000000	-0.313355
chr18	37000000	37250000	-0.541152
chr18	37250000	37500000	-0.0750279
chr18	37500000	37750000	-0.09593
chr18	37750000	38000000	-0.203621
chr18	38000000	38250000	-0.291789
chr18	38250000	38500000	-0.274927
chr18	38500000	38750000	-0.284095
chr18	38750000	39000000	-0.309213
chr18	39000000	39250000	-0.325626
chr18	39250000	39500000	-0.270188
chr18	39500000	39750000	-0.151952
chr18	39750000	40000000	-0.172412
chr18	40000000	40250000	-0.171204
chr18	40250000	40500000	-0.0565933
chr18	40500000	40750000	-0.12578
chr18	40750000	41000000	-0.0993083
chr18	41000000	41250000	-0.136129
chr18	41250000	41500000	-0.0977489
chr18	41500000	41750000	-0.038009
chr18	41750000	42000000	-0.156179
chr18	42000000	42250000	-0.402101
chr18	42250000	42500000	-0.568396
chr18	42500000	42750000	-0.61504
chr18	42750000	43000000	-0.72345
chr18	43000000	43250000	-0.698741
chr18	43250000	43500000	-0.539037
chr18	43500000	43750000	-0.429445
chr18	43750000	44000000	-0.56505
chr18	44000000	44250000	-0.400635
chr18	44250000	44500000	-0.341793
chr18	44500000	44750000	-0.0831678
chr18	44750000	45000000	-0.0414127
chr18	45000000	45250000	-0.209902
chr18	45250000	45500000	-0.141297
chr18	45500000	45750000	0.061444
chr18	45750000	46000000	0.19755
chr18	46000000	46250000	0.39948
chr18	46250000	46500000	0.460103
chr18	46500000	46750000	0.428794
chr18	46750000	47000000	0.44796
chr18	47000000	47250000	0.455748
chr18	47250000	47500000	0.363524
chr18	47500000	47750000	0.390486
chr18	47750000	48000000	0.543256
chr18	48000000	48250000	0.505086
chr18	48250000	48500000	0.504014
chr18	48500000	48750000	0.544504
chr18	48750000	49000000	0.531998
chr18	49000000	49250000	0.432869
chr18	49250000	49500000	0.412824
chr18	49500000	49750000	0.419372
chr18	49750000	50000000	0.426883
chr18	50000000	50250000	0.345589
chr18	50250000	50500000	0.357959
chr18	50500000	50750000	0.163196
chr18	50750000	51000000	0.103362
chr18	51000000	51250000	-0.0679324
chr18	51250000	51500000	-0.329636
chr18	51500000	51750000	-0.39267
chr18	51750000	52000000	-0.818636
chr18	52000000	52250000	-0.810375
chr18	52250000	52500000	-0.455425
chr18	52500000	52750000	-0.567582
chr18	52750000	53000000	-0.634664
chr18	53000000	53250000	-0.889179
chr18	53250000	53500000	-0.809282
chr18	53500000	53750000	-0.760218
chr18	53750000	54000000	-0.919835
chr18	54000000	54250000	-0.617059
chr18	54250000	54500000	-0.558166
chr18	54500000	54750000	-0.713875
chr18	54750000	55000000	-0.657875
chr18	55000000	55250000	-0.324034
chr18	55250000	55500000	-0.0391934
chr18	55500000	55750000	-0.0741187
chr18	55750000	56000000	-0.128687
chr18	56000000	56250000	-0.231482
chr18	56250000	56500000	-0.239268
chr18	56500000	56750000	-0.0100166
chr18	56750000	57000000	0.00924422
chr18	57000000	57250000	0.0477937
chr18	57250000	57500000	0.0794252
chr18	57500000	57750000	0.190741
chr18	57750000	58000000	0.194645
chr18	58000000	58250000	0.284584
chr18	58250000	58500000	0.288638
chr18	58500000	58750000	0.357748
chr18	58750000	59000000	0.453744
chr18	59000000	59250000	0.277361
chr18	59250000	59500000	0.152793
chr18	59500000	59750000	0.0663454
chr18	59750000	60000000	-0.232918
chr18	60000000	60250000	-0.826813
chr18	60250000	60500000	-0.847856
chr18	60500000	60750000	-0.894167
chr18	60750000	61000000	-1.08512
chr18	61000000	61250000	-0.984461
chr18	61250000	61500000	-0.653191
chr18	61500000	61750000	-0.305381
chr18	61750000	62000000	-0.276602
chr18	62000000	62250000	-0.318604
chr18	62250000	62500000	-0.139207
chr18	62500000	62750000	0.0337759
chr18	62750000	63000000	0.0977814
chr18	63000000	63250000	-0.0101824
chr18	63250000	63500000	-0.106922
chr18	63500000	63750000	-0.728773
chr18	63750000	64000000	-0.699025
chr18	64000000	64250000	-0.541172
chr18	64250000	64500000	-0.624603
chr18	64500000	64750000	-0.599435
chr18	64750000	65000000	-0.609975
chr18	65000000	65250000	-0.578533
chr18	65250000	65500000	-0.723366
chr18	65500000	65750000	-0.695817
chr18	65750000	66000000	-0.769154
chr18	66000000	66250000	-0.912674
chr18	66250000	66500000	-0.88139
chr18	66500000	66750000	-0.867571
chr18	66750000	67000000	-0.994053
chr18	67000000	67250000	-0.861981
chr18	67250000	67500000	-0.817908
chr18	67500000	67750000	-0.758871
chr18	67750000	68000000	-0.830013
chr18	68000000	68250000	-0.84881
chr18	68250000	68500000	-0.83674
chr18	68500000	68750000	-0.673803
chr18	68750000	69000000	-0.696791
chr18	69000000	69250000	-0.809325
chr18	69250000	69500000	-0.773931
chr18	69500000	69750000	-0.803853
chr18	69750000	70000000	-0.835438
chr18	70000000	70250000	-0.755274
chr18	70250000	70500000	-0.816489
chr18	70500000	70750000	-1.30345
chr18	70750000	71000000	nan
chr18	71000000	71250000	nan
chr18	71250000	71500000	nan
chr18	71500000	71750000	nan
chr18	71750000	72000000	nan
chr18	72000000	72250000	-1.25918
chr18	72250000	72500000	-1.24862
chr18	72500000	72750000	-0.814935
chr18	72750000	73000000	-0.506425
chr18	73000000	73250000	-0.631317
chr18	73250000	73500000	-0.627947
chr18	73500000	73750000	-0.455086
chr18	73750000	74000000	-0.423379
chr18	74000000	74250000	-0.300754
chr18	74250000	74500000	-0.155037
chr18	74500000	74750000	-0.0779352
chr18	74750000	75000000	-0.196914
chr18	75000000	75250000	-0.0322202
chr18	75250000	75500000	-0.15663
chr18	75500000	75750000	-0.321129
chr18	75750000	76000000	-0.339344
chr18	76000000	76250000	-0.396363
chr18	76250000	76500000	0.0476789
chr18	76500000	76750000	0.186959
chr18	76750000	77000000	0.0339112
chr18	77000000	77250000	-0.0901503
chr18	77250000	77500000	-0.395388
chr18	77500000	77750000	-0.325213
chr18	77750000	78000000	-0.277821
chr18	78000000	78250000	-0.328287
chr18	78250000	78500000	-0.275611
chr18	78500000	78750000	-0.0869104
chr18	78750000	79000000	-0.0286245
chr18	79000000	79250000	-0.0553791
chr18	79250000	79500000	0.284985
chr18	79500000	79750000	0.443604
chr18	79750000	80000000	0.445513
chr18	80000000	80250000	0.437231
chr18	80250000	80373285	nan
#bedGraph section chr19:0-58617616
chr19	0	250000	nan
chr19	250000	500000	0.22426
chr19	500000	750000	0.353734
chr19	750000	1000000	0.40285
chr19	1000000	1250000	0.409172
chr19	1250000	1500000	0.429629
chr19	1500000	1750000	0.414539
chr19	1750000	2000000	0.410818
chr19	2000000	2250000	0.423993
chr19	2250000	2500000	0.415699
chr19	2500000	2750000	0.387025
chr19	2750000	3000000	0.283045
chr19	3000000	3250000	0.386039
chr19	3250000	3500000	0.410913
chr19	3500000	3750000	0.438317
chr19	3750000	4000000	0.395237
chr19	4000000	4250000	0.424608
chr19	4250000	4500000	0.422695
chr19	4500000	4750000	0.426841
chr19	4750000	5000000	0.410394
chr19	5000000	5250000	0.428327
chr19	5250000	5500000	0.408333
chr19	5500000	5750000	0.38227
chr19	5750000	6000000	0.277273
chr19	6000000	6250000	0.0647286
chr19	6250000	6500000	0.0489935
chr19	6500000	6750000	-0.13199
chr19	6750000	7000000	-0.53261
chr19	7000000	7250000	-0.257035
chr19	7250000	7500000	-0.0718839
chr19	7500000	7750000	0.0855623
chr19	7750000	8000000	0.170319
chr19	8000000	8250000	0.168714
chr19	8250000	8500000	0.0797587
chr19	8500000	8750000	-0.538532
chr19	8750000	9000000	-1.49328
chr19	9000000	9250000	-1.10625
chr19	9250000	9500000	-1.56009
chr19	9500000	9750000	-0.998609
chr19	9750000	10000000	-0.325334
chr19	10000000	10250000	0.0103899
chr19	10250000	10500000	0.241609
chr19	10500000	10750000	0.330596
chr19	10750000	11000000	0.344317
chr19	11000000	11250000	0.309379
chr19	11250000	11500000	0.212422
chr19	11500000	11750000	-0.194584
chr19	11750000	12000000	-0.50997
chr19	12000000	12250000	-0.585323
chr19	12250000	12500000	-0.545923
chr19	12500000	12750000	-0.110625
chr19	12750000	13000000	0.161266
chr19	13000000	13250000	0.0567695
chr19	13250000	13500000	-0.372829
chr19	13500000	13750000	-0.311375
chr19	13750000	14000000	0.0799845
chr19	14000000	14250000	0.0880625
chr19	14250000	14500000	-0.00560508
chr19	14500000	14750000	-0.937727
chr19	14750000	15000000	-1.44191
chr19	15000000	15250000	-0.780798
chr19	15250000	15500000	-0.616276
chr19	15500000	15750000	-1.59774
chr19	15750000	16000000	-1.82854
chr19	16000000	16250000	-0.66411
chr19	16250000	16500000	-0.0995285
chr19	16500000	16750000	0.11494
chr19	16750000	17000000	0.149246
chr19	17000000	17250000	0.24969
chr19	17250000	17500000	0.328186
chr19	17500000	17750000	0.314652
chr19	17750000	18000000	0.309632
chr19	18000000	18250000	0.343885
chr19	18250000	18500000	0.392626
chr19	18500000	18750000	0.321808
chr19	18750000	19000000	0.280899
chr19	19000000	19250000	0.103406
chr19	19250000	19500000	-0.0851977
chr19	19500000	19750000	-0.603217
chr19	19750000	20000000	-1.15019
chr19	20000000	20250000	-0.895922
chr19	20250000	20500000	-0.691927
chr19	20500000	20750000	-1.00611
chr19	20750000	21000000	-1.02477
chr19	21000000	21250000	-0.771838
chr19	21250000	21500000	-0.960888
chr19	21500000	21750000	nan
chr19	21750000	22000000	-1.15786
chr19	22000000	22250000	nan
chr19	22250000	22500000	nan
chr19	22500000	22750000	nan
chr19	22750000	23000000	nan
chr19	23000000	23250000	-1.20186
chr19	23250000	23500000	-1.21839
chr19	23500000	23750000	-1.11645
chr19	23750000	24000000	nan
chr19	24000000	24250000	-1.07781
chr19	24250000	24500000	nan
chr19	24500000	24750000	nan
chr19	24750000	25000000	nan
chr19	25000000	25250000	nan
chr19	25250000	25500000	nan
chr19	25500000	25750000	nan
chr19	25750000	26000000	nan
chr19	26000000	26250000	nan
chr19	26250000	26500000	nan
chr19	26500000	26750000	nan
chr19	26750000	27000000	nan
chr19	27000000	27250000	nan
chr19	27250000	27500000	nan
chr19	27500000	27750000	nan
chr19	27750000	28000000	-1.13845
chr19	28000000	28250000	-0.40817
chr19	28250000	28500000	-0.345768
chr19	28500000	28750000	-0.349506
chr19	28750000	29000000	-0.283199
chr19	29000000	29250000	-0.258093
chr19	29250000	29500000	-0.151269
chr19	29500000	29750000	0.00442407
chr19	29750000	30000000	0.0977096
chr19	30000000	30250000	0.17962
chr19	30250000	30500000	0.234956
chr19	30500000	30750000	0.319642
chr19	30750000	31000000	0.273391
chr19	31000000	31250000	0.306037
chr19	31250000	31500000	0.297312
chr19	31500000	31750000	0.277154
chr19	31750000	32000000	0.210634
chr19	32000000	32250000	0.303398
chr19	32250000	32500000	0.231851
chr19	32500000	32750000	0.202606
chr19	32750000	33000000	0.166002
chr19	33000000	33250000	0.202147
chr19	33250000	33500000	0.154603
chr19	33500000	33750000	0.118068
chr19	33750000	34000000	0.109168
chr19	34000000	34250000	0.117581
chr19	34250000	34500000	-0.00249678
chr19	34500000	34750000	-0.77331
chr19	34750000	35000000	-0.637854
chr19	35000000	35250000	-0.0503888
chr19	35250000	35500000	0.00941071
chr19	35500000	35750000	0.0396227
chr19	35750000	36000000	0.0155778
chr19	36000000	36250000	-0.258104
chr19	36250000	36500000	-0.792349
chr19	36500000	36750000	-1.09947
chr19	36750000	37000000	-1.4334
chr19	37000000	37250000	-1.51136
chr19	37250000	37500000	-1.27461
chr19	37500000	37750000	-1.11136
chr19	37750000	38000000	-0.664245
chr19	38000000	38250000	-0.228127
chr19	38250000	38500000	0.0420328
chr19	38500000	38750000	0.199293
chr19	38750000	39000000	0.209775
chr19	39000000	39250000	0.134029
chr19	39250000	39500000	0.130845
chr19	39500000	39750000	-0.252819
chr19	39750000	40000000	-0.290337
chr19	40000000	40250000	-0.405762
chr19	40250000	40500000	0.0428799
chr19	40500000	40750000	0.039167
chr19	40750000	41000000	-0.169715
chr19	41000000	41250000	-0.21648
chr19	41250000	41500000	-0.59503
chr19	41500000	41750000	-1.90839
chr19	41750000	42000000	-0.923386
chr19	42000000	42250000	-0.452476
chr19	42250000	42500000	-0.55667
chr19	42500000	42750000	-1.64229
chr19	42750000	43000000	nan
chr19	43000000	43250000	nan
chr19	43250000	43500000	-1.21343
chr19	43500000	43750000	-0.644549
chr19	43750000	44000000	-1.33051
chr19	44000000	44250000	-1.18536
chr19	44250000	44500000	-1.5797
chr19	44500000	44750000	-0.546294
chr19	44750000	45000000	0.0314219
chr19	45000000	45250000	0.284336
chr19	45250000	45500000	0.372244
chr19	45500000	45750000	0.422919
chr19	45750000	46000000	0.435324
chr19	46000000	46250000	0.358056
chr19	46250000	46500000	0.431288
chr19	46500000	46750000	0.460216
chr19	46750000	47000000	0.473364
chr19	47000000	47250000	0.476237
chr19	47250000	47500000	0.460477
chr19	47500000	47750000	0.432249
chr19	47750000	48000000	0.350532
chr19	48000000	48250000	0.2779
chr19	48250000	48500000	0.420678
chr19	48500000	48750000	0.450208
chr19	48750000	49000000	0.461002
chr19	49000000	49250000	0.431756
chr19	49250000	49500000	0.360535
chr19	49500000	49750000	0.250256
chr19	49750000	50000000	-0.306879
chr19	50000000	50250000	-1.40523
chr19	50250000	50500000	-0.56296
chr19	50500000	50750000	-0.296884
chr19	50750000	51000000	-0.363638
chr19	51000000	51250000	-0.529199
chr19	51250000	51500000	-0.706898
chr19	51500000	51750000	-0.990785
chr19	51750000	52000000	-1.15632
chr19	52000000	52250000	-0.815711
chr19	52250000	52500000	-0.857444
chr19	52500000	52750000	-0.357995
chr19	52750000	53000000	-0.312096
chr19	53000000	53250000	-0.436346
chr19	53250000	53500000	-0.516025
chr19	53500000	53750000	-0.259701
chr19	53750000	54000000	-0.0996029
chr19	54000000	54250000	-0.29993
chr19	54250000	54500000	-0.974567
chr19	54500000	54750000	-1.91166
chr19	54750000	55000000	-1.47199
chr19	55000000	55250000	-0.513869
chr19	55250000	55500000	-0.140932
chr19	55500000	55750000	-0.521666
chr19	55750000	56000000	-1.70226
chr19	56000000	56250000	-1.06142
chr19	56250000	56500000	-1.3228
chr19	56500000	56750000	-1.71913
chr19	56750000	57000000	-1.85448
chr19	57000000	57250000	-1.45593
chr19	57250000	57500000	-0.668159
chr19	57500000	57750000	-0.703873
chr19	57750000	58000000	-0.548703
chr19	58000000	58250000	-1.2276
chr19	58250000	58500000	-0.398077
chr19	58500000	58617616	nan
#bedGraph section chr2:0-242193529
chr2	0	250000	0.406834
chr2	250000	500000	0.412579
chr2	500000	750000	0.407306
chr2	750000	1000000	0.450373
chr2	1000000	1250000	0.326339
chr2	1250000	1500000	0.348447
chr2	1500000	1750000	0.58964
chr2	1750000	2000000	0.406656
chr2	2000000	2250000	0.266265
chr2	2250000	2500000	0.177633
chr2	2500000	2750000	0.328796
chr2	2750000	3000000	0.345115
chr2	3000000	3250000	0.4264
chr2	3250000	3500000	0.523207
chr2	3500000	3750000	0.439503
chr2	3750000	4000000	0.0116125
chr2	4000000	4250000	-0.169003
chr2	4250000	4500000	-0.189787
chr2	4500000	4750000	-0.162816
chr2	4750000	5000000	-0.116012
chr2	5000000	5250000	-0.0310554
chr2	5250000	5500000	0.020472
chr2	5500000	5750000	0.100618
chr2	5750000	6000000	0.0319151
chr2	6000000	6250000	-0.0276218
chr2	6250000	6500000	-0.0710207
chr2	6500000	6750000	-0.0634799
chr2	6750000	7000000	0.230537
chr2	7000000	7250000	0.312769
chr2	7250000	7500000	0.309984
chr2	7500000	7750000	0.264469
chr2	7750000	8000000	0.326325
chr2	8000000	8250000	0.327403
chr2	8250000	8500000	0.429657
chr2	8500000	8750000	0.536056
chr2	8750000	9000000	0.609115
chr2	9000000	9250000	0.716852
chr2	9250000	9500000	0.840993
chr2	9500000	9750000	0.908313
chr2	9750000	10000000	0.927663
chr2	10000000	10250000	0.942976
chr2	10250000	10500000	0.942793
chr2	10500000	10750000	0.893667
chr2	10750000	11000000	0.830719
chr2	11000000	11250000	0.820321
chr2	11250000	11500000	0.807476
chr2	11500000	11750000	0.627189
chr2	11750000	12000000	0.13846
chr2	12000000	12250000	0.0109322
chr2	12250000	12500000	0.0152028
chr2	12500000	12750000	0.0419567
chr2	12750000	13000000	-0.0276319
chr2	13000000	13250000	-0.453274
chr2	13250000	13500000	-0.742761
chr2	13500000	13750000	-0.747053
chr2	13750000	14000000	-0.739429
chr2	14000000	14250000	-0.704741
chr2	14250000	14500000	-0.6192
chr2	14500000	14750000	-0.508485
chr2	14750000	15000000	-0.421039
chr2	15000000	15250000	-0.241703
chr2	15250000	15500000	-0.169257
chr2	15500000	15750000	0.16532
chr2	15750000	16000000	0.357915
chr2	16000000	16250000	0.359283
chr2	16250000	16500000	0.368344
chr2	16500000	16750000	0.258012
chr2	16750000	17000000	0.083429
chr2	17000000	17250000	0.119677
chr2	17250000	17500000	0.121359
chr2	17500000	17750000	0.321709
chr2	17750000	18000000	0.291212
chr2	18000000	18250000	0.242096
chr2	18250000	18500000	0.23917
chr2	18500000	18750000	0.236484
chr2	18750000	19000000	0.287188
chr2	19000000	19250000	0.229049
chr2	19250000	19500000	0.214122
chr2	19500000	19750000	0.264843
chr2	19750000	20000000	0.447074
chr2	20000000	20250000	0.745718
chr2	20250000	20500000	0.711816
chr2	20500000	20750000	0.562397
chr2	20750000	21000000	0.26712
chr2	21000000	21250000	0.20927
chr2	21250000	21500000	0.157301
chr2	21500000	21750000	0.0293326
chr2	21750000	22000000	-0.0604298
chr2	22000000	22250000	-0.0564627
chr2	22250000	22500000	0.0665161
chr2	22500000	22750000	0.128411
chr2	22750000	23000000	0.184131
chr2	23000000	23250000	0.297289
chr2	23250000	23500000	0.341274
chr2	23500000	23750000	0.513586
chr2	23750000	24000000	0.609083
chr2	24000000	24250000	0.705772
chr2	24250000	24500000	0.619833
chr2	24500000	24750000	0.668181
chr2	24750000	25000000	0.677208
chr2	25000000	25250000	0.737568
chr2	25250000	25500000	0.770639
chr2	25500000	25750000	0.735072
chr2	25750000	26000000	0.763843
chr2	26000000	26250000	0.794627
chr2	26250000	26500000	0.780469
chr2	26500000	26750000	0.824874
chr2	26750000	27000000	0.799762
chr2	27000000	27250000	0.829987
chr2	27250000	27500000	0.851765
chr2	27500000	27750000	0.747325
chr2	27750000	28000000	0.599603
chr2	28000000	28250000	0.629571
chr2	28250000	28500000	0.626264
chr2	28500000	28750000	0.743663
chr2	28750000	29000000	0.678106
chr2	29000000	29250000	0.615804
chr2	29250000	29500000	0.548926
chr2	29500000	29750000	0.592749
chr2	29750000	30000000	0.51514
chr2	30000000	30250000	0.512653
chr2	30250000	30500000	0.642123
chr2	30500000	30750000	0.541004
chr2	30750000	31000000	0.365819
chr2	31000000	31250000	0.497532
chr2	31250000	31500000	0.436106
chr2	31500000	31750000	0.331967
chr2	31750000	32000000	0.440258
chr2	32000000	32250000	0.560021
chr2	32250000	32500000	0.612191
chr2	32500000	32750000	0.425492
chr2	32750000	33000000	0.147376
chr2	33000000	33250000	0.313072
chr2	33250000	33500000	0.253665
chr2	33500000	33750000	0.00968525
chr2	33750000	34000000	-0.271667
chr2	34000000	34250000	-0.270922
chr2	34250000	34500000	-0.248483
chr2	34500000	34750000	-0.197772
chr2	34750000	35000000	-0.325192
chr2	35000000	35250000	-0.364478
chr2	35250000	35500000	-0.359468
chr2	35500000	35750000	-0.424084
chr2	35750000	36000000	-0.347709
chr2	36000000	36250000	-0.33448
chr2	36250000	36500000	-0.0707868
chr2	36500000	36750000	0.0105658
chr2	36750000	37000000	0.266124
chr2	37000000	37250000	0.471177
chr2	37250000	37500000	0.44488
chr2	37500000	37750000	0.500441
chr2	37750000	38000000	0.430971
chr2	38000000	38250000	0.445269
chr2	38250000	38500000	0.580162
chr2	38500000	38750000	0.675168
chr2	38750000	39000000	0.63317
chr2	39000000	39250000	0.565165
chr2	39250000	39500000	0.437301
chr2	39500000	39750000	0.326235
chr2	39750000	40000000	0.0309453
chr2	40000000	40250000	-0.120461
chr2	40250000	40500000	0.115449
chr2	40500000	40750000	0.0728824
chr2	40750000	41000000	-0.131759
chr2	41000000	41250000	-0.139486
chr2	41250000	41500000	-0.0784317
chr2	41500000	41750000	-0.093427
chr2	41750000	42000000	0.402494
chr2	42000000	42250000	0.577331
chr2	42250000	42500000	0.588562
chr2	42500000	42750000	0.634098
chr2	42750000	43000000	0.600097
chr2	43000000	43250000	0.737054
chr2	43250000	43500000	0.606646
chr2	43500000	43750000	0.552004
chr2	43750000	44000000	0.677591
chr2	44000000	44250000	0.598298
chr2	44250000	44500000	0.529594
chr2	44500000	44750000	0.463077
chr2	44750000	45000000	0.477383
chr2	45000000	45250000	0.596748
chr2	45250000	45500000	0.557456
chr2	45500000	45750000	0.606223
chr2	45750000	46000000	0.64849
chr2	46000000	46250000	0.613738
chr2	46250000	46500000	0.634542
chr2	46500000	46750000	0.6933
chr2	46750000	47000000	0.638903
chr2	47000000	47250000	0.721873
chr2	47250000	47500000	0.585459
chr2	47500000	47750000	0.513921
chr2	47750000	48000000	0.321622
chr2	48000000	48250000	0.089937
chr2	48250000	48500000	0.105022
chr2	48500000	48750000	-0.1344
chr2	48750000	49000000	-0.277222
chr2	49000000	49250000	-0.366695
chr2	49250000	49500000	-0.412472
chr2	49500000	49750000	-0.383902
chr2	49750000	50000000	-0.290293
chr2	50000000	50250000	-0.334447
chr2	50250000	50500000	-0.350045
chr2	50500000	50750000	-0.586768
chr2	50750000	51000000	-0.722415
chr2	51000000	51250000	-0.746521
chr2	51250000	51500000	-0.744862
chr2	51500000	51750000	-0.730405
chr2	51750000	52000000	-0.729657
chr2	52000000	52250000	-0.735643
chr2	52250000	52500000	-0.637872
chr2	52500000	52750000	-0.667241
chr2	52750000	53000000	-0.62176
chr2	53000000	53250000	-0.486607
chr2	53250000	53500000	-0.425307
chr2	53500000	53750000	-0.320719
chr2	53750000	54000000	0.187348
chr2	54000000	54250000	0.163632
chr2	54250000	54500000	0.265959
chr2	54500000	54750000	0.312849
chr2	54750000	55000000	0.250691
chr2	55000000	55250000	0.398191
chr2	55250000	55500000	0.212047
chr2	55500000	55750000	-0.110214
chr2	55750000	56000000	-0.664001
chr2	56000000	56250000	-0.768298
chr2	56250000	56500000	-0.958423
chr2	56500000	56750000	-0.961799
chr2	56750000	57000000	nan
chr2	57000000	57250000	nan
chr2	57250000	57500000	-0.826531
chr2	57500000	57750000	-0.675164
chr2	57750000	58000000	-0.635168
chr2	58000000	58250000	-0.559186
chr2	58250000	58500000	-0.523
chr2	58500000	58750000	-0.548797
chr2	58750000	59000000	-0.55857
chr2	59000000	59250000	-0.547939
chr2	59250000	59500000	-0.508908
chr2	59500000	59750000	-0.495767
chr2	59750000	60000000	-0.392157
chr2	60000000	60250000	-0.389287
chr2	60250000	60500000	-0.17239
chr2	60500000	60750000	-0.125365
chr2	60750000	61000000	0.201433
chr2	61000000	61250000	0.499326
chr2	61250000	61500000	0.688723
chr2	61500000	61750000	0.507949
chr2	61750000	62000000	0.404582
chr2	62000000	62250000	0.319797
chr2	62250000	62500000	0.232842
chr2	62500000	62750000	0.130251
chr2	62750000	63000000	0.0100761
chr2	63000000	63250000	-0.15724
chr2	63250000	63500000	-0.201671
chr2	63500000	63750000	0.0360668
chr2	63750000	64000000	0.21485
chr2	64000000	64250000	0.462562
chr2	64250000	64500000	0.541365
chr2	64500000	64750000	0.574645
chr2	64750000	65000000	0.580656
chr2	65000000	65250000	0.591554
chr2	65250000	65500000	0.614456
chr2	65500000	65750000	0.370492
chr2	65750000	66000000	0.336215
chr2	66000000	66250000	0.335384
chr2	66250000	66500000	0.360535
chr2	66500000	66750000	0.304583
chr2	66750000	67000000	0.281514
chr2	67000000	67250000	0.213713
chr2	67250000	67500000	0.276523
chr2	67500000	67750000	0.266726
chr2	67750000	68000000	0.323225
chr2	68000000	68250000	0.505625
chr2	68250000	68500000	0.552906
chr2	68500000	68750000	0.530582
chr2	68750000	69000000	0.593711
chr2	69000000	69250000	0.646771
chr2	69250000	69500000	0.702422
chr2	69500000	69750000	0.784971
chr2	69750000	70000000	0.795135
chr2	70000000	70250000	0.825168
chr2	70250000	70500000	0.754037
chr2	70500000	70750000	0.777367
chr2	70750000	71000000	0.797786
chr2	71000000	71250000	0.814645
chr2	71250000	71500000	0.788464
chr2	71500000	71750000	0.633877
chr2	71750000	72000000	0.562758
chr2	72000000	72250000	0.509543
chr2	72250000	72500000	0.456876
chr2	72500000	72750000	0.50421
chr2	72750000	73000000	0.689344
chr2	73000000	73250000	0.813352
chr2	73250000	73500000	0.728089
chr2	73500000	73750000	0.696543
chr2	73750000	74000000	0.78461
chr2	74000000	74250000	0.825293
chr2	74250000	74500000	0.807445
chr2	74500000	74750000	0.54606
chr2	74750000	75000000	0.258049
chr2	75000000	75250000	-0.0251313
chr2	75250000	75500000	-0.0950381
chr2	75500000	75750000	-0.151273
chr2	75750000	76000000	-0.581818
chr2	76000000	76250000	-0.669837
chr2	76250000	76500000	-0.649487
chr2	76500000	76750000	-0.511653
chr2	76750000	77000000	-0.492117
chr2	77000000	77250000	-0.592155
chr2	77250000	77500000	-0.53473
chr2	77500000	77750000	-0.501727
chr2	77750000	78000000	-0.61016
chr2	78000000	78250000	-0.648032
chr2	78250000	78500000	-0.636784
chr2	78500000	78750000	-0.634984
chr2	78750000	79000000	-0.520598
chr2	79000000	79250000	-0.401737
chr2	79250000	79500000	-0.488799
chr2	79500000	79750000	-0.520279
chr2	79750000	80000000	-0.415966
chr2	80000000	80250000	-0.303194
chr2	80250000	80500000	-0.235048
chr2	80500000	80750000	-0.360432
chr2	80750000	81000000	-0.428032
chr2	81000000	81250000	-0.510105
chr2	81250000	81500000	-0.519136
chr2	81500000	81750000	-0.523148
chr2	81750000	82000000	-0.529413
chr2	82000000	82250000	-0.581628
chr2	82250000	82500000	-0.659974
chr2	82500000	82750000	-0.718972
chr2	82750000	83000000	-0.702487
chr2	83000000	83250000	-0.64757
chr2	83250000	83500000	-0.710657
chr2	83500000	83750000	-0.731022
chr2	83750000	84000000	-0.648858
chr2	84000000	84250000	-0.608983
chr2	84250000	84500000	-0.400576
chr2	84500000	84750000	-0.470203
chr2	84750000	85000000	-0.0689975
chr2	85000000	85250000	0.431141
chr2	85250000	85500000	0.733022
chr2	85500000	85750000	0.909742
chr2	85750000	86000000	0.927016
chr2	86000000	86250000	0.9892
chr2	86250000	86500000	0.897078
chr2	86500000	86750000	0.654138
chr2	86750000	87000000	nan
chr2	87000000	87250000	nan
chr2	87250000	87500000	nan
chr2	87500000	87750000	nan
chr2	87750000	88000000	nan
chr2	88000000	88250000	0.386916
chr2	88250000	88500000	-0.0173784
chr2	88500000	88750000	-0.174992
chr2	88750000	89000000	nan
chr2	89000000	89250000	nan
chr2	89250000	89500000	nan
chr2	89500000	89750000	nan
chr2	89750000	90000000	nan
chr2	90000000	90250000	nan
chr2	90250000	90500000	nan
chr2	90500000	90750000	nan
chr2	90750000	91000000	nan
chr2	91000000	91250000	nan
chr2	91250000	91500000	nan
chr2	91500000	91750000	nan
chr2	91750000	92000000	nan
chr2	92000000	92250000	nan
chr2	92250000	92500000	nan
chr2	92500000	92750000	nan
chr2	92750000	93000000	nan
chr2	93000000	93250000	nan
chr2	93250000	93500000	nan
chr2	93500000	93750000	nan
chr2	93750000	94000000	nan
chr2	94000000	94250000	nan
chr2	94250000	94500000	nan
chr2	94500000	94750000	nan
chr2	94750000	95000000	nan
chr2	95000000	95250000	-0.012168
chr2	95250000	95500000	0.250461
chr2	95500000	95750000	0.114652
chr2	95750000	96000000	0.413206
chr2	96000000	96250000	0.870455
chr2	96250000	96500000	0.943578
chr2	96500000	96750000	1.01675
chr2	96750000	97000000	1.06049
chr2	97000000	97250000	0.862582
chr2	97250000	97500000	nan
chr2	97500000	97750000	0.896561
chr2	97750000	98000000	0.777627
chr2	98000000	98250000	0.808468
chr2	98250000	98500000	0.708963
chr2	98500000	98750000	0.700217
chr2	98750000	99000000	0.619983
chr2	99000000	99250000	0.610516
chr2	99250000	99500000	0.754436
chr2	99500000	99750000	0.465851
chr2	99750000	100000000	0.53732
chr2	100000000	100250000	0.556565
chr2	100250000	100500000	0.477988
chr2	100500000	100750000	0.506585
chr2	100750000	101000000	0.53858
chr2	101000000	101250000	0.555148
chr2	101250000	101500000	0.431837
chr2	101500000	101750000	0.372742
chr2	101750000	102000000	0.315431
chr2	102000000	102250000	0.103416
chr2	102250000	102500000	-0.0743199
chr2	102500000	102750000	-0.238031
chr2	102750000	103000000	-0.480745
chr2	103000000	103250000	-0.614597
chr2	103250000	103500000	-0.717749
chr2	103500000	103750000	-0.870959
chr2	103750000	104000000	-0.749638
chr2	104000000	104250000	-0.687484
chr2	104250000	104500000	-0.522752
chr2	104500000	104750000	-0.490403
chr2	104750000	105000000	-0.352636
chr2	105000000	105250000	-0.0800472
chr2	105250000	105500000	0.346177
chr2	105500000	105750000	0.280373
chr2	105750000	106000000	0.277435
chr2	106000000	106250000	0.225699
chr2	106250000	106500000	0.105004
chr2	106500000	106750000	-0.0138231
chr2	106750000	107000000	-0.101477
chr2	107000000	107250000	-0.172559
chr2	107250000	107500000	-0.185499
chr2	107500000	107750000	-0.177242
chr2	107750000	108000000	-0.159738
chr2	108000000	108250000	-0.143845
chr2	108250000	108500000	0.233512
chr2	108500000	108750000	0.577957
chr2	108750000	109000000	0.726694
chr2	109000000	109250000	0.815946
chr2	109250000	109500000	0.883409
chr2	109500000	109750000	0.897393
chr2	109750000	110000000	nan
chr2	110000000	110250000	nan
chr2	110250000	110500000	nan
chr2	110500000	110750000	nan
chr2	110750000	111000000	0.86328
chr2	111000000	111250000	0.839673
chr2	111250000	111500000	nan
chr2	111500000	111750000	0.785641
chr2	111750000	112000000	0.833488
chr2	112000000	112250000	0.780508
chr2	112250000	112500000	0.738088
chr2	112500000	112750000	0.695894
chr2	112750000	113000000	0.488433
chr2	113000000	113250000	0.479441
chr2	113250000	113500000	0.455245
chr2	113500000	113750000	0.134658
chr2	113750000	114000000	-0.0725353
chr2	114000000	114250000	-0.593407
chr2	114250000	114500000	-0.676212
chr2	114500000	114750000	-0.572126
chr2	114750000	115000000	-0.708803
chr2	115000000	115250000	-0.714047
chr2	115250000	115500000	-0.835669
chr2	115500000	115750000	-0.800908
chr2	115750000	116000000	-0.689735
chr2	116000000	116250000	-0.73179
chr2	116250000	116500000	-0.791089
chr2	116500000	116750000	-0.759649
chr2	116750000	117000000	-0.776002
chr2	117000000	117250000	-0.72867
chr2	117250000	117500000	-0.701974
chr2	117500000	117750000	-0.625571
chr2	117750000	118000000	-0.253459
chr2	118000000	118250000	0.119622
chr2	118250000	118500000	0.162457
chr2	118500000	118750000	0.221829
chr2	118750000	119000000	0.191663
chr2	119000000	119250000	0.355042
chr2	119250000	119500000	0.478037
chr2	119500000	119750000	0.490478
chr2	119750000	120000000	0.513965
chr2	120000000	120250000	0.557232
chr2	120250000	120500000	0.648393
chr2	120500000	120750000	0.676553
chr2	120750000	121000000	0.76046
chr2	121000000	121250000	0.534094
chr2	121250000	121500000	0.535748
chr2	121500000	121750000	0.457467
chr2	121750000	122000000	-0.101173
chr2	122000000	122250000	-0.230993
chr2	122250000	122500000	-0.442356
chr2	122500000	122750000	-0.504166
chr2	122750000	123000000	-0.548714
chr2	123000000	123250000	-0.571936
chr2	123250000	123500000	-0.614509
chr2	123500000	123750000	-0.572361
chr2	123750000	124000000	-0.565112
chr2	124000000	124250000	-0.408047
chr2	124250000	124500000	-0.435361
chr2	124500000	124750000	-0.424777
chr2	124750000	125000000	-0.428067
chr2	125000000	125250000	-0.592817
chr2	125250000	125500000	-0.55299
chr2	125500000	125750000	-0.483127
chr2	125750000	126000000	-0.506021
chr2	126000000	126250000	-0.4973
chr2	126250000	126500000	-0.425511
chr2	126500000	126750000	-0.233341
chr2	126750000	127000000	-0.0935704
chr2	127000000	127250000	0.383622
chr2	127250000	127500000	0.73281
chr2	127500000	127750000	0.920671
chr2	127750000	128000000	0.981935
chr2	128000000	128250000	0.817672
chr2	128250000	128500000	0.721023
chr2	128500000	128750000	0.623923
chr2	128750000	129000000	0.488159
chr2	129000000	129250000	0.427082
chr2	129250000	129500000	0.454534
chr2	129500000	129750000	0.492473
chr2	129750000	130000000	0.55025
chr2	130000000	130250000	0.74341
chr2	130250000	130500000	0.787711
chr2	130500000	130750000	nan
chr2	130750000	131000000	0.685516
chr2	131000000	131250000	0.585502
chr2	131250000	131500000	0.311444
chr2	131500000	131750000	0.0626494
chr2	131750000	132000000	nan
chr2	132000000	132250000	nan
chr2	132250000	132500000	0.0549913
chr2	132500000	132750000	-0.00451066
chr2	132750000	133000000	-0.148669
chr2	133000000	133250000	-0.169787
chr2	133250000	133500000	-0.112792
chr2	133500000	133750000	-0.0634231
chr2	133750000	134000000	0.0615713
chr2	134000000	134250000	0.227599
chr2	134250000	134500000	0.192945
chr2	134500000	134750000	0.276207
chr2	134750000	135000000	0.204028
chr2	135000000	135250000	0.0487774
chr2	135250000	135500000	-0.18789
chr2	135500000	135750000	0.0945669
chr2	135750000	136000000	0.100949
chr2	136000000	136250000	-0.00560815
chr2	136250000	136500000	-0.23376
chr2	136500000	136750000	-0.669457
chr2	136750000	137000000	-0.723619
chr2	137000000	137250000	-0.778375
chr2	137250000	137500000	-0.85419
chr2	137500000	137750000	-0.826052
chr2	137750000	138000000	-0.497255
chr2	138000000	138250000	-0.436867
chr2	138250000	138500000	-0.432349
chr2	138500000	138750000	-0.376324
chr2	138750000	139000000	-0.589096
chr2	139000000	139250000	-0.847201
chr2	139250000	139500000	-0.86942
chr2	139500000	139750000	-0.845052
chr2	139750000	140000000	-0.767167
chr2	140000000	140250000	-0.757287
chr2	140250000	140500000	-0.694379
chr2	140500000	140750000	-0.694294
chr2	140750000	141000000	-0.628426
chr2	141000000	141250000	-0.617528
chr2	141250000	141500000	-0.654803
chr2	141500000	141750000	-0.620143
chr2	141750000	142000000	-0.686728
chr2	142000000	142250000	-0.64264
chr2	142250000	142500000	-0.875795
chr2	142500000	142750000	-0.860067
chr2	142750000	143000000	-0.80386
chr2	143000000	143250000	-0.706284
chr2	143250000	143500000	-0.676541
chr2	143500000	143750000	-0.485145
chr2	143750000	144000000	-0.442097
chr2	144000000	144250000	-0.439136
chr2	144250000	144500000	-0.253464
chr2	144500000	144750000	-0.425944
chr2	144750000	145000000	-0.57288
chr2	145000000	145250000	-0.587443
chr2	145250000	145500000	-0.632383
chr2	145500000	145750000	-0.658991
chr2	145750000	146000000	-0.687332
chr2	146000000	146250000	-0.808735
chr2	146250000	146500000	-0.798729
chr2	146500000	146750000	-0.688352
chr2	146750000	147000000	-0.570516
chr2	147000000	147250000	-0.548315
chr2	147250000	147500000	-0.412422
chr2	147500000	147750000	-0.376452
chr2	147750000	148000000	-0.265641
chr2	148000000	148250000	-0.211408
chr2	148250000	148500000	-0.301305
chr2	148500000	148750000	0.00318123
chr2	148750000	149000000	0.00554748
chr2	149000000	149250000	0.0407357
chr2	149250000	149500000	0.013735
chr2	149500000	149750000	-0.330806
chr2	149750000	150000000	-0.527153
chr2	150000000	150250000	-0.525655
chr2	150250000	150500000	-0.436851
chr2	150500000	150750000	-0.502051
chr2	150750000	151000000	-0.612618
chr2	151000000	151250000	-0.511837
chr2	151250000	151500000	-0.255942
chr2	151500000	151750000	-0.171735
chr2	151750000	152000000	-0.123403
chr2	152000000	152250000	-0.20848
chr2	152250000	152500000	-0.167394
chr2	152500000	152750000	-0.18922
chr2	152750000	153000000	-0.738017
chr2	153000000	153250000	-0.838141
chr2	153250000	153500000	-0.76914
chr2	153500000	153750000	-0.81284
chr2	153750000	154000000	-0.873454
chr2	154000000	154250000	-0.908931
chr2	154250000	154500000	-0.75938
chr2	154500000	154750000	-0.757638
chr2	154750000	155000000	-0.852552
chr2	155000000	155250000	-0.816249
chr2	155250000	155500000	-0.75518
chr2	155500000	155750000	-0.890031
chr2	155750000	156000000	-0.817921
chr2	156000000	156250000	-0.68263
chr2	156250000	156500000	-0.479074
chr2	156500000	156750000	-0.674454
chr2	156750000	157000000	-0.820614
chr2	157000000	157250000	-0.812866
chr2	157250000	157500000	-0.646582
chr2	157500000	157750000	-0.553001
chr2	157750000	158000000	-0.23345
chr2	158000000	158250000	-0.473877
chr2	158250000	158500000	-0.497116
chr2	158500000	158750000	-0.340111
chr2	158750000	159000000	0.0897508
chr2	159000000	159250000	0.380658
chr2	159250000	159500000	0.419988
chr2	159500000	159750000	0.426324
chr2	159750000	160000000	0.20176
chr2	160000000	160250000	0.152459
chr2	160250000	160500000	0.220062
chr2	160500000	160750000	0.060958
chr2	160750000	161000000	-0.0279258
chr2	161000000	161250000	-0.140674
chr2	161250000	161500000	-0.410977
chr2	161500000	161750000	-0.843045
chr2	161750000	162000000	-0.874205
chr2	162000000	162250000	-0.676478
chr2	162250000	162500000	-0.542413
chr2	162500000	162750000	-0.453535
chr2	162750000	163000000	-0.333919
chr2	163000000	163250000	-0.309864
chr2	163250000	163500000	-0.324822
chr2	163500000	163750000	-0.142233
chr2	163750000	164000000	-0.405185
chr2	164000000	164250000	-0.574443
chr2	164250000	164500000	-0.549274
chr2	164500000	164750000	-0.386196
chr2	164750000	165000000	-0.324652
chr2	165000000	165250000	-0.585369
chr2	165250000	165500000	-0.602451
chr2	165500000	165750000	-0.525486
chr2	165750000	166000000	-0.553452
chr2	166000000	166250000	-0.735469
chr2	166250000	166500000	-0.667498
chr2	166500000	166750000	-0.587562
chr2	166750000	167000000	-0.664121
chr2	167000000	167250000	-0.5537
chr2	167250000	167500000	-0.274446
chr2	167500000	167750000	-0.320794
chr2	167750000	168000000	-0.303701
chr2	168000000	168250000	-0.145342
chr2	168250000	168500000	0.132781
chr2	168500000	168750000	0.220334
chr2	168750000	169000000	0.225733
chr2	169000000	169250000	0.462481
chr2	169250000	169500000	0.537023
chr2	169500000	169750000	0.824393
chr2	169750000	170000000	0.805129
chr2	170000000	170250000	0.796533
chr2	170250000	170500000	0.683084
chr2	170500000	170750000	0.711056
chr2	170750000	171000000	0.710684
chr2	171000000	171250000	0.799725
chr2	171250000	171500000	0.770435
chr2	171500000	171750000	0.780034
chr2	171750000	172000000	0.891247
chr2	172000000	172250000	0.83177
chr2	172250000	172500000	0.890006
chr2	172500000	172750000	0.923512
chr2	172750000	173000000	0.763263
chr2	173000000	173250000	0.794163
chr2	173250000	173500000	0.692646
chr2	173500000	173750000	0.659022
chr2	173750000	174000000	0.76032
chr2	174000000	174250000	0.77358
chr2	174250000	174500000	0.744158
chr2	174500000	174750000	0.729507
chr2	174750000	175000000	0.782565
chr2	175000000	175250000	0.74304
chr2	175250000	175500000	0.541261
chr2	175500000	175750000	0.628459
chr2	175750000	176000000	0.653443
chr2	176000000	176250000	0.565734
chr2	176250000	176500000	0.574196
chr2	176500000	176750000	0.585129
chr2	176750000	177000000	0.555419
chr2	177000000	177250000	0.623126
chr2	177250000	177500000	0.744603
chr2	177500000	177750000	0.76304
chr2	177750000	178000000	0.709335
chr2	178000000	178250000	0.801833
chr2	178250000	178500000	0.89484
chr2	178500000	178750000	0.942258
chr2	178750000	179000000	0.795815
chr2	179000000	179250000	0.364775
chr2	179250000	179500000	0.0679995
chr2	179500000	179750000	-0.00917215
chr2	179750000	180000000	-0.0424225
chr2	180000000	180250000	-0.391695
chr2	180250000	180500000	-0.608948
chr2	180500000	180750000	-0.590815
chr2	180750000	181000000	-0.533892
chr2	181000000	181250000	-0.459311
chr2	181250000	181500000	-0.544962
chr2	181500000	181750000	-0.386957
chr2	181750000	182000000	-0.24583
chr2	182000000	182250000	-0.327697
chr2	182250000	182500000	-0.480407
chr2	182500000	182750000	-0.294144
chr2	182750000	183000000	0.0526018
chr2	183000000	183250000	-0.341587
chr2	183250000	183500000	-0.686392
chr2	183500000	183750000	-0.74462
chr2	183750000	184000000	-0.806279
chr2	184000000	184250000	-0.78299
chr2	184250000	184500000	-0.807936
chr2	184500000	184750000	-0.781601
chr2	184750000	185000000	-0.868424
chr2	185000000	185250000	-0.744693
chr2	185250000	185500000	-0.624272
chr2	185500000	185750000	-0.616488
chr2	185750000	186000000	-0.730392
chr2	186000000	186250000	-0.814822
chr2	186250000	186500000	-0.698848
chr2	186500000	186750000	-0.473423
chr2	186750000	187000000	-0.712976
chr2	187000000	187250000	-0.881008
chr2	187250000	187500000	-0.760159
chr2	187500000	187750000	-0.585155
chr2	187750000	188000000	-0.649834
chr2	188000000	188250000	-0.687689
chr2	188250000	188500000	-0.545141
chr2	188500000	188750000	-0.717831
chr2	188750000	189000000	-0.87284
chr2	189000000	189250000	-0.657182
chr2	189250000	189500000	-0.516635
chr2	189500000	189750000	-0.0717103
chr2	189750000	190000000	-0.250296
chr2	190000000	190250000	-0.172083
chr2	190250000	190500000	0.0142426
chr2	190500000	190750000	0.177288
chr2	190750000	191000000	0.262119
chr2	191000000	191250000	-0.0377027
chr2	191250000	191500000	0.0499604
chr2	191500000	191750000	-0.362747
chr2	191750000	192000000	-0.571387
chr2	192000000	192250000	-0.679877
chr2	192250000	192500000	-0.851881
chr2	192500000	192750000	-0.848225
chr2	192750000	193000000	-0.91134
chr2	193000000	193250000	-0.907456
chr2	193250000	193500000	-0.922638
chr2	193500000	193750000	-0.887906
chr2	193750000	194000000	-0.918143
chr2	194000000	194250000	-0.872876
chr2	194250000	194500000	-0.938529
chr2	194500000	194750000	-0.912626
chr2	194750000	195000000	-0.873694
chr2	195000000	195250000	-0.884884
chr2	195250000	195500000	-0.702084
chr2	195500000	195750000	-0.532713
chr2	195750000	196000000	-0.849777
chr2	196000000	196250000	-0.64737
chr2	196250000	196500000	-0.66192
chr2	196500000	196750000	-0.53341
chr2	196750000	197000000	-0.157458
chr2	197000000	197250000	-0.178191
chr2	197250000	197500000	0.102266
chr2	197500000	197750000	0.0618917
chr2	197750000	198000000	-0.195454
chr2	198000000	198250000	-0.253011
chr2	198250000	198500000	-0.523565
chr2	198500000	198750000	-0.773768
chr2	198750000	199000000	-0.849912
chr2	199000000	199250000	-0.814309
chr2	199250000	199500000	-0.607445
chr2	199500000	199750000	-0.433643
chr2	199750000	200000000	-0.190139
chr2	200000000	200250000	-0.170405
chr2	200250000	200500000	-0.0418224
chr2	200500000	200750000	0.159391
chr2	200750000	201000000	0.598665
chr2	201000000	201250000	0.609638
chr2	201250000	201500000	0.57276
chr2	201500000	201750000	0.60624
chr2	201750000	202000000	0.86667
chr2	202000000	202250000	0.896563
chr2	202250000	202500000	0.761185
chr2	202500000	202750000	0.703795
chr2	202750000	203000000	0.697872
chr2	203000000	203250000	0.681406
chr2	203250000	203500000	0.671143
chr2	203500000	203750000	0.600942
chr2	203750000	204000000	0.490935
chr2	204000000	204250000	0.398725
chr2	204250000	204500000	0.379492
chr2	204500000	204750000	0.330009
chr2	204750000	205000000	0.299622
chr2	205000000	205250000	0.39904
chr2	205250000	205500000	0.418481
chr2	205500000	205750000	0.444617
chr2	205750000	206000000	0.533192
chr2	206000000	206250000	0.720138
chr2	206250000	206500000	0.578483
chr2	206500000	206750000	0.398253
chr2	206750000	207000000	0.45331
chr2	207000000	207250000	0.51701
chr2	207250000	207500000	0.467119
chr2	207500000	207750000	0.480125
chr2	207750000	208000000	0.38311
chr2	208000000	208250000	0.227838
chr2	208250000	208500000	-0.135456
chr2	208500000	208750000	-0.426678
chr2	208750000	209000000	-0.416348
chr2	209000000	209250000	-0.411917
chr2	209250000	209500000	-0.397932
chr2	209500000	209750000	-0.454296
chr2	209750000	210000000	-0.35847
chr2	210000000	210250000	-0.217282
chr2	210250000	210500000	-0.481854
chr2	210500000	210750000	-0.3854
chr2	210750000	211000000	-0.510056
chr2	211000000	211250000	-0.467282
chr2	211250000	211500000	-0.466443
chr2	211500000	211750000	-0.450747
chr2	211750000	212000000	-0.526182
chr2	212000000	212250000	-0.452933
chr2	212250000	212500000	-0.331183
chr2	212500000	212750000	-0.408881
chr2	212750000	213000000	-0.430526
chr2	213000000	213250000	-0.340357
chr2	213250000	213500000	-0.402824
chr2	213500000	213750000	-0.50016
chr2	213750000	214000000	-0.513572
chr2	214000000	214250000	-0.525649
chr2	214250000	214500000	-0.492647
chr2	214500000	214750000	-0.436869
chr2	214750000	215000000	-0.431876
chr2	215000000	215250000	-0.497866
chr2	215250000	215500000	-0.0437706
chr2	215500000	215750000	0.0235314
chr2	215750000	216000000	0.0405553
chr2	216000000	216250000	0.511452
chr2	216250000	216500000	0.69123
chr2	216500000	216750000	0.589293
chr2	216750000	217000000	0.639943
chr2	217000000	217250000	0.58611
chr2	217250000	217500000	0.607527
chr2	217500000	217750000	0.556275
chr2	217750000	218000000	0.870102
chr2	218000000	218250000	0.959605
chr2	218250000	218500000	1.05146
chr2	218500000	218750000	1.03575
chr2	218750000	219000000	0.988078
chr2	219000000	219250000	0.972152
chr2	219250000	219500000	0.95599
chr2	219500000	219750000	0.75036
chr2	219750000	220000000	0.481321
chr2	220000000	220250000	0.437738
chr2	220250000	220500000	0.402467
chr2	220500000	220750000	0.381023
chr2	220750000	221000000	0.467632
chr2	221000000	221250000	0.446065
chr2	221250000	221500000	0.470266
chr2	221500000	221750000	0.434783
chr2	221750000	222000000	0.426729
chr2	222000000	222250000	0.588504
chr2	222250000	222500000	0.678937
chr2	222500000	222750000	0.557404
chr2	222750000	223000000	0.529933
chr2	223000000	223250000	0.233142
chr2	223250000	223500000	0.139237
chr2	223500000	223750000	0.256896
chr2	223750000	224000000	0.30119
chr2	224000000	224250000	0.189409
chr2	224250000	224500000	0.120259
chr2	224500000	224750000	0.0641861
chr2	224750000	225000000	-0.23535
chr2	225000000	225250000	-0.39412
chr2	225250000	225500000	-0.438271
chr2	225500000	225750000	-0.339572
chr2	225750000	226000000	-0.276909
chr2	226000000	226250000	-0.134767
chr2	226250000	226500000	-0.0534156
chr2	226500000	226750000	0.0976585
chr2	226750000	227000000	-0.0744683
chr2	227000000	227250000	-0.13345
chr2	227250000	227500000	-0.029141
chr2	227500000	227750000	-0.0351371
chr2	227750000	228000000	-0.268299
chr2	228000000	228250000	-0.441185
chr2	228250000	228500000	-0.493494
chr2	228500000	228750000	-0.457932
chr2	228750000	229000000	-0.587076
chr2	229000000	229250000	-0.480652
chr2	229250000	229500000	-0.373264
chr2	229500000	229750000	-0.237814
chr2	229750000	230000000	0.210336
chr2	230000000	230250000	-0.0361409
chr2	230250000	230500000	-0.151329
chr2	230500000	230750000	0.111314
chr2	230750000	231000000	0.594998
chr2	231000000	231250000	0.907065
chr2	231250000	231500000	0.978173
chr2	231500000	231750000	1.02807
chr2	231750000	232000000	0.903724
chr2	232000000	232250000	0.914041
chr2	232250000	232500000	0.902976
chr2	232500000	232750000	0.916519
chr2	232750000	233000000	0.917641
chr2	233000000	233250000	0.865076
chr2	233250000	233500000	0.76902
chr2	233500000	233750000	0.644639
chr2	233750000	234000000	0.571817
chr2	234000000	234250000	0.568218
chr2	234250000	234500000	0.632788
chr2	234500000	234750000	0.548022
chr2	234750000	235000000	0.688787
chr2	235000000	235250000	0.529308
chr2	235250000	235500000	0.601946
chr2	235500000	235750000	0.590475
chr2	235750000	236000000	0.676248
chr2	236000000	236250000	0.678428
chr2	236250000	236500000	0.56598
chr2	236500000	236750000	0.673095
chr2	236750000	237000000	0.644971
chr2	237000000	237250000	0.584875
chr2	237250000	237500000	0.702882
chr2	237500000	237750000	0.785508
chr2	237750000	238000000	0.762471
chr2	238000000	238250000	0.832793
chr2	238250000	238500000	0.712236
chr2	238500000	238750000	0.630813
chr2	238750000	239000000	0.615171
chr2	239000000	239250000	0.619117
chr2	239250000	239500000	0.631121
chr2	239500000	239750000	0.638829
chr2	239750000	240000000	0.606066
chr2	240000000	240250000	0.66684
chr2	240250000	240500000	0.72618
chr2	240500000	240750000	0.724191
chr2	240750000	241000000	0.727841
chr2	241000000	241250000	0.739783
chr2	241250000	241500000	0.799661
chr2	241500000	241750000	0.797477
chr2	241750000	242000000	0.752582
chr2	242000000	242193529	nan
#bedGraph section chr20:0-64444167
chr20	0	250000	0.373564
chr20	250000	500000	0.698956
chr20	500000	750000	0.704429
chr20	750000	1000000	0.63559
chr20	1000000	1250000	0.559886
chr20	1250000	1500000	0.510696
chr20	1500000	1750000	0.325368
chr20	1750000	2000000	0.556343
chr20	2000000	2250000	0.51479
chr20	2250000	2500000	0.465595
chr20	2500000	2750000	0.584343
chr20	2750000	3000000	0.704231
chr20	3000000	3250000	0.7166
chr20	3250000	3500000	0.610038
chr20	3500000	3750000	0.560971
chr20	3750000	4000000	0.618791
chr20	4000000	4250000	0.372263
chr20	4250000	4500000	-0.0149942
chr20	4500000	4750000	0.102485
chr20	4750000	5000000	0.134496
chr20	5000000	5250000	0.118304
chr20	5250000	5500000	-0.258242
chr20	5500000	5750000	-0.208455
chr20	5750000	6000000	-0.139553
chr20	6000000	6250000	-0.415883
chr20	6250000	6500000	-0.440727
chr20	6500000	6750000	-0.411235
chr20	6750000	7000000	-0.550638
chr20	7000000	7250000	-0.597679
chr20	7250000	7500000	-0.659952
chr20	7500000	7750000	-0.703232
chr20	7750000	8000000	-0.682562
chr20	8000000	8250000	-0.573335
chr20	8250000	8500000	-0.543123
chr20	8500000	8750000	-0.610463
chr20	8750000	9000000	-0.613653
chr20	9000000	9250000	-0.496834
chr20	9250000	9500000	-0.605449
chr20	9500000	9750000	-0.719401
chr20	9750000	10000000	-0.73383
chr20	10000000	10250000	-0.571889
chr20	10250000	10500000	-0.527047
chr20	10500000	10750000	-0.432978
chr20	10750000	11000000	-0.325374
chr20	11000000	11250000	-0.363814
chr20	11250000	11500000	-0.605585
chr20	11500000	11750000	-0.757528
chr20	11750000	12000000	-0.6061
chr20	12000000	12250000	-0.660133
chr20	12250000	12500000	-0.742781
chr20	12500000	12750000	-0.720284
chr20	12750000	13000000	-0.700128
chr20	13000000	13250000	-0.643679
chr20	13250000	13500000	-0.517103
chr20	13500000	13750000	-0.600431
chr20	13750000	14000000	-0.666047
chr20	14000000	14250000	-0.839924
chr20	14250000	14500000	-0.728174
chr20	14500000	14750000	-0.647274
chr20	14750000	15000000	-0.614093
chr20	15000000	15250000	-0.672244
chr20	15250000	15500000	-0.656767
chr20	15500000	15750000	-0.665643
chr20	15750000	16000000	-0.673861
chr20	16000000	16250000	-0.597876
chr20	16250000	16500000	-0.730043
chr20	16500000	16750000	-0.772073
chr20	16750000	17000000	-0.741881
chr20	17000000	17250000	-0.661057
chr20	17250000	17500000	-0.664787
chr20	17500000	17750000	-0.0412453
chr20	17750000	18000000	-0.0118111
chr20	18000000	18250000	-0.193433
chr20	18250000	18500000	-0.128455
chr20	18500000	18750000	-0.0927119
chr20	18750000	19000000	-0.208254
chr20	19000000	19250000	-0.258615
chr20	19250000	19500000	-0.124921
chr20	19500000	19750000	-0.149826
chr20	19750000	20000000	0.0504137
chr20	20000000	20250000	-0.110951
chr20	20250000	20500000	-0.131672
chr20	20500000	20750000	-0.116781
chr20	20750000	21000000	-0.16751
chr20	21000000	21250000	-0.0983645
chr20	21250000	21500000	-0.0585744
chr20	21500000	21750000	-0.295619
chr20	21750000	22000000	-0.364798
chr20	22000000	22250000	-0.427703
chr20	22250000	22500000	-0.216689
chr20	22500000	22750000	-0.0971845
chr20	22750000	23000000	0.025158
chr20	23000000	23250000	0.202126
chr20	23250000	23500000	0.155953
chr20	23500000	23750000	0.0674586
chr20	23750000	24000000	0.0446604
chr20	24000000	24250000	0.0235526
chr20	24250000	24500000	0.0956461
chr20	24500000	24750000	0.0713711
chr20	24750000	25000000	-0.0185787
chr20	25000000	25250000	0.175653
chr20	25250000	25500000	0.222612
chr20	25500000	25750000	-0.0539893
chr20	25750000	26000000	nan
chr20	26000000	26250000	nan
chr20	26250000	26500000	nan
chr20	26500000	26750000	nan
chr20	26750000	27000000	nan
chr20	27000000	27250000	nan
chr20	27250000	27500000	nan
chr20	27500000	27750000	nan
chr20	27750000	28000000	nan
chr20	28000000	28250000	nan
chr20	28250000	28500000	nan
chr20	28500000	28750000	nan
chr20	28750000	29000000	nan
chr20	29000000	29250000	nan
chr20	29250000	29500000	nan
chr20	29500000	29750000	nan
chr20	29750000	30000000	nan
chr20	30000000	30250000	nan
chr20	30250000	30500000	nan
chr20	30500000	30750000	nan
chr20	30750000	31000000	nan
chr20	31000000	31250000	nan
chr20	31250000	31500000	-0.154839
chr20	31500000	31750000	0.727565
chr20	31750000	32000000	0.986329
chr20	32000000	32250000	0.952051
chr20	32250000	32500000	0.859529
chr20	32500000	32750000	0.855175
chr20	32750000	33000000	0.880903
chr20	33000000	33250000	0.948385
chr20	33250000	33500000	0.735506
chr20	33500000	33750000	0.672323
chr20	33750000	34000000	0.65034
chr20	34000000	34250000	0.579103
chr20	34250000	34500000	0.502596
chr20	34500000	34750000	0.516644
chr20	34750000	35000000	0.567925
chr20	35000000	35250000	0.563041
chr20	35250000	35500000	0.568498
chr20	35500000	35750000	0.56608
chr20	35750000	36000000	0.553623
chr20	36000000	36250000	0.711579
chr20	36250000	36500000	0.775077
chr20	36500000	36750000	0.669411
chr20	36750000	37000000	0.637278
chr20	37000000	37250000	0.626485
chr20	37250000	37500000	0.695468
chr20	37500000	37750000	0.624999
chr20	37750000	38000000	0.646196
chr20	38000000	38250000	0.671098
chr20	38250000	38500000	0.735869
chr20	38500000	38750000	0.868445
chr20	38750000	39000000	0.761128
chr20	39000000	39250000	0.331661
chr20	39250000	39500000	0.032648
chr20	39500000	39750000	-0.0230185
chr20	39750000	40000000	-0.0315297
chr20	40000000	40250000	-0.00730105
chr20	40250000	40500000	0.0304445
chr20	40500000	40750000	0.132569
chr20	40750000	41000000	0.268081
chr20	41000000	41250000	0.568246
chr20	41250000	41500000	0.5513
chr20	41500000	41750000	0.357086
chr20	41750000	42000000	0.0503359
chr20	42000000	42250000	0.0506205
chr20	42250000	42500000	-0.0455027
chr20	42500000	42750000	-0.0256471
chr20	42750000	43000000	-0.0295034
chr20	43000000	43250000	-0.0303439
chr20	43250000	43500000	0.21297
chr20	43500000	43750000	0.550665
chr20	43750000	44000000	0.417
chr20	44000000	44250000	0.587338
chr20	44250000	44500000	0.658426
chr20	44500000	44750000	0.698168
chr20	44750000	45000000	0.707876
chr20	45000000	45250000	0.457114
chr20	45250000	45500000	0.572174
chr20	45500000	45750000	0.398037
chr20	45750000	46000000	0.738104
chr20	46000000	46250000	0.863836
chr20	46250000	46500000	0.770844
chr20	46500000	46750000	0.551231
chr20	46750000	47000000	0.412262
chr20	47000000	47250000	0.4136
chr20	47250000	47500000	0.428504
chr20	47500000	47750000	0.366895
chr20	47750000	48000000	0.328086
chr20	48000000	48250000	0.353028
chr20	48250000	48500000	0.368564
chr20	48500000	48750000	0.455515
chr20	48750000	49000000	0.604895
chr20	49000000	49250000	0.647858
chr20	49250000	49500000	0.674956
chr20	49500000	49750000	0.628254
chr20	49750000	50000000	0.632007
chr20	50000000	50250000	0.620166
chr20	50250000	50500000	0.598165
chr20	50500000	50750000	0.616534
chr20	50750000	51000000	0.534705
chr20	51000000	51250000	0.376462
chr20	51250000	51500000	0.408376
chr20	51500000	51750000	0.318091
chr20	51750000	52000000	0.114718
chr20	52000000	52250000	0.024496
chr20	52250000	52500000	-0.344371
chr20	52500000	52750000	-0.318097
chr20	52750000	53000000	-0.287016
chr20	53000000	53250000	-0.18997
chr20	53250000	53500000	-0.1769
chr20	53500000	53750000	0.0616417
chr20	53750000	54000000	0.0207353
chr20	54000000	54250000	-0.156456
chr20	54250000	54500000	-0.277418
chr20	54500000	54750000	-0.312569
chr20	54750000	55000000	-0.421565
chr20	55000000	55250000	-0.369209
chr20	55250000	55500000	-0.393034
chr20	55500000	55750000	-0.474747
chr20	55750000	56000000	-0.509035
chr20	56000000	56250000	-0.513673
chr20	56250000	56500000	-0.0493039
chr20	56500000	56750000	0.245043
chr20	56750000	57000000	0.355831
chr20	57000000	57250000	0.557425
chr20	57250000	57500000	0.785451
chr20	57500000	57750000	0.641397
chr20	57750000	58000000	0.643609
chr20	58000000	58250000	0.460853
chr20	58250000	58500000	0.59038
chr20	58500000	58750000	0.546243
chr20	58750000	59000000	0.56827
chr20	59000000	59250000	0.498583
chr20	59250000	59500000	0.429586
chr20	59500000	59750000	0.198736
chr20	59750000	60000000	0.251771
chr20	60000000	60250000	0.266385
chr20	60250000	60500000	0.171718
chr20	60500000	60750000	0.190127
chr20	60750000	61000000	0.198239
chr20	61000000	61250000	0.25467
chr20	61250000	61500000	0.445379
chr20	61500000	61750000	0.54428
chr20	61750000	62000000	0.684518
chr20	62000000	62250000	1.02167
chr20	62250000	62500000	0.949085
chr20	62500000	62750000	0.864461
chr20	62750000	63000000	0.867996
chr20	63000000	63250000	0.847454
chr20	63250000	63500000	0.766785
chr20	63500000	63750000	0.637764
chr20	63750000	64000000	0.674877
chr20	64000000	64250000	0.739082
chr20	64250000	64444167	nan
#bedGraph section chr21:0-46709983
chr21	0	250000	nan
chr21	250000	500000	nan
chr21	500000	750000	nan
chr21	750000	1000000	nan
chr21	1000000	1250000	nan
chr21	1250000	1500000	nan
chr21	1500000	1750000	nan
chr21	1750000	2000000	nan
chr21	2000000	2250000	nan
chr21	2250000	2500000	nan
chr21	2500000	2750000	nan
chr21	2750000	3000000	nan
chr21	3000000	3250000	nan
chr21	3250000	3500000	nan
chr21	3500000	3750000	nan
chr21	3750000	4000000	nan
chr21	4000000	4250000	nan
chr21	4250000	4500000	nan
chr21	4500000	4750000	nan
chr21	4750000	5000000	nan
chr21	5000000	5250000	nan
chr21	5250000	5500000	nan
chr21	5500000	5750000	nan
chr21	5750000	6000000	nan
chr21	6000000	6250000	nan
chr21	6250000	6500000	nan
chr21	6500000	6750000	nan
chr21	6750000	7000000	nan
chr21	7000000	7250000	nan
chr21	7250000	7500000	nan
chr21	7500000	7750000	nan
chr21	7750000	8000000	nan
chr21	8000000	8250000	nan
chr21	8250000	8500000	nan
chr21	8500000	8750000	nan
chr21	8750000	9000000	nan
chr21	9000000	9250000	nan
chr21	9250000	9500000	nan
chr21	9500000	9750000	nan
chr21	9750000	10000000	-0.316524
chr21	10000000	10250000	nan
chr21	10250000	10500000	-0.136296
chr21	10500000	10750000	nan
chr21	10750000	11000000	nan
chr21	11000000	11250000	nan
chr21	11250000	11500000	nan
chr21	11500000	11750000	nan
chr21	11750000	12000000	nan
chr21	12000000	12250000	nan
chr21	12250000	12500000	nan
chr21	12500000	12750000	nan
chr21	12750000	13000000	nan
chr21	13000000	13250000	nan
chr21	13250000	13500000	nan
chr21	13500000	13750000	nan
chr21	13750000	14000000	nan
chr21	14000000	14250000	-1.75085
chr21	14250000	14500000	-1.25789
chr21	14500000	14750000	-1.27704
chr21	14750000	15000000	-0.653054
chr21	15000000	15250000	-0.321527
chr21	15250000	15500000	-0.470023
chr21	15500000	15750000	-0.597527
chr21	15750000	16000000	-0.265228
chr21	16000000	16250000	-0.130331
chr21	16250000	16500000	-0.111547
chr21	16500000	16750000	-0.244189
chr21	16750000	17000000	-0.344246
chr21	17000000	17250000	-0.409632
chr21	17250000	17500000	-0.463466
chr21	17500000	17750000	-0.511669
chr21	17750000	18000000	-0.802854
chr21	18000000	18250000	-1.05206
chr21	18250000	18500000	-1.10753
chr21	18500000	18750000	-0.897855
chr21	18750000	19000000	-0.717703
chr21	19000000	19250000	-0.629361
chr21	19250000	19500000	-0.519845
chr21	19500000	19750000	-0.498494
chr21	19750000	20000000	-0.482803
chr21	20000000	20250000	-0.491263
chr21	20250000	20500000	-0.501063
chr21	20500000	20750000	-0.574534
chr21	20750000	21000000	-0.731406
chr21	21000000	21250000	-0.874048
chr21	21250000	21500000	-0.793986
chr21	21500000	21750000	-0.764071
chr21	21750000	22000000	-0.705728
chr21	22000000	22250000	-0.722241
chr21	22250000	22500000	-0.716188
chr21	22500000	22750000	-0.734688
chr21	22750000	23000000	-0.774017
chr21	23000000	23250000	-0.78282
chr21	23250000	23500000	-0.823394
chr21	23500000	23750000	-0.924003
chr21	23750000	24000000	-0.944495
chr21	24000000	24250000	-0.920326
chr21	24250000	24500000	-0.890001
chr21	24500000	24750000	-0.887243
chr21	24750000	25000000	-0.899487
chr21	25000000	25250000	-1.01842
chr21	25250000	25500000	-0.91833
chr21	25500000	25750000	-0.503385
chr21	25750000	26000000	-0.319704
chr21	26000000	26250000	-0.222572
chr21	26250000	26500000	-0.438244
chr21	26500000	26750000	-0.441804
chr21	26750000	27000000	-0.328011
chr21	27000000	27250000	-0.52544
chr21	27250000	27500000	-0.50509
chr21	27500000	27750000	-0.335089
chr21	27750000	28000000	-0.511129
chr21	28000000	28250000	-0.39781
chr21	28250000	28500000	-0.483783
chr21	28500000	28750000	-0.473717
chr21	28750000	29000000	-0.303694
chr21	29000000	29250000	-0.521525
chr21	29250000	29500000	-0.726635
chr21	29500000	29750000	-1.00883
chr21	29750000	30000000	-1.05393
chr21	30000000	30250000	-1.2053
chr21	30250000	30500000	-1.31114
chr21	30500000	30750000	-1.65
chr21	30750000	31000000	-1.53898
chr21	31000000	31250000	-0.86677
chr21	31250000	31500000	-0.661604
chr21	31500000	31750000	-0.438393
chr21	31750000	32000000	-0.173435
chr21	32000000	32250000	-0.330594
chr21	32250000	32500000	0.050593
chr21	32500000	32750000	0.131972
chr21	32750000	33000000	0.184907
chr21	33000000	33250000	0.191355
chr21	33250000	33500000	0.277488
chr21	33500000	33750000	0.424787
chr21	33750000	34000000	0.450541
chr21	34000000	34250000	0.311297
chr21	34250000	34500000	0.330021
chr21	34500000	34750000	0.396409
chr21	34750000	35000000	0.342613
chr21	35000000	35250000	0.212241
chr21	35250000	35500000	0.157991
chr21	35500000	35750000	0.0652299
chr21	35750000	36000000	0.23374
chr21	36000000	36250000	0.368657
chr21	36250000	36500000	0.339358
chr21	36500000	36750000	0.270576
chr21	36750000	37000000	0.276061
chr21	37000000	37250000	0.305718
chr21	37250000	37500000	0.256371
chr21	37500000	37750000	0.26092
chr21	37750000	38000000	0.0635796
chr21	38000000	38250000	0.0279213
chr21	38250000	38500000	0.114122
chr21	38500000	38750000	0.16241
chr21	38750000	39000000	0.196655
chr21	39000000	39250000	0.2988
chr21	39250000	39500000	0.189484
chr21	39500000	39750000	-0.0312656
chr21	39750000	40000000	-0.199978
chr21	40000000	40250000	-0.239749
chr21	40250000	40500000	-0.386224
chr21	40500000	40750000	-0.505547
chr21	40750000	41000000	-0.3889
chr21	41000000	41250000	-0.131748
chr21	41250000	41500000	0.00309986
chr21	41500000	41750000	0.162729
chr21	41750000	42000000	0.25257
chr21	42000000	42250000	0.305833
chr21	42250000	42500000	0.304539
chr21	42500000	42750000	0.359465
chr21	42750000	43000000	0.406794
chr21	43000000	43250000	nan
chr21	43250000	43500000	nan
chr21	43500000	43750000	0.40793
chr21	43750000	44000000	0.453809
chr21	44000000	44250000	nan
chr21	44250000	44500000	0.52323
chr21	44500000	44750000	0.394134
chr21	44750000	45000000	0.532363
chr21	45000000	45250000	0.486006
chr21	45250000	45500000	0.513344
chr21	45500000	45750000	0.412768
chr21	45750000	46000000	0.464654
chr21	46000000	46250000	0.473866
chr21	46250000	46500000	0.364856
chr21	46500000	46709983	0.040354
#bedGraph section chr22:0-50818468
chr22	0	250000	nan
chr22	250000	500000	nan
chr22	500000	750000	nan
chr22	750000	1000000	nan
chr22	1000000	1250000	nan
chr22	1250000	1500000	nan
chr22	1500000	1750000	nan
chr22	1750000	2000000	nan
chr22	2000000	2250000	nan
chr22	2250000	2500000	nan
chr22	2500000	2750000	nan
chr22	2750000	3000000	nan
chr22	3000000	3250000	nan
chr22	3250000	3500000	nan
chr22	3500000	3750000	nan
chr22	3750000	4000000	nan
chr22	4000000	4250000	nan
chr22	4250000	4500000	nan
chr22	4500000	4750000	nan
chr22	4750000	5000000	nan
chr22	5000000	5250000	nan
chr22	5250000	5500000	nan
chr22	5500000	5750000	nan
chr22	5750000	6000000	nan
chr22	6000000	6250000	nan
chr22	6250000	6500000	nan
chr22	6500000	6750000	nan
chr22	6750000	7000000	nan
chr22	7000000	7250000	nan
chr22	7250000	7500000	nan
chr22	7500000	7750000	nan
chr22	7750000	8000000	nan
chr22	8000000	8250000	nan
chr22	8250000	8500000	nan
chr22	8500000	8750000	nan
chr22	8750000	9000000	nan
chr22	9000000	9250000	nan
chr22	9250000	9500000	nan
chr22	9500000	9750000	nan
chr22	9750000	10000000	nan
chr22	10000000	10250000	nan
chr22	10250000	10500000	nan
chr22	10500000	10750000	nan
chr22	10750000	11000000	nan
chr22	11000000	11250000	nan
chr22	11250000	11500000	nan
chr22	11500000	11750000	nan
chr22	11750000	12000000	nan
chr22	12000000	12250000	nan
chr22	12250000	12500000	nan
chr22	12500000	12750000	nan
chr22	12750000	13000000	nan
chr22	13000000	13250000	nan
chr22	13250000	13500000	nan
chr22	13500000	13750000	nan
chr22	13750000	14000000	nan
chr22	14000000	14250000	nan
chr22	14250000	14500000	nan
chr22	14500000	14750000	nan
chr22	14750000	15000000	nan
chr22	15000000	15250000	nan
chr22	15250000	15500000	nan
chr22	15500000	15750000	nan
chr22	15750000	16000000	nan
chr22	16000000	16250000	nan
chr22	16250000	16500000	nan
chr22	16500000	16750000	nan
chr22	16750000	17000000	-0.82276
chr22	17000000	17250000	-0.231118
chr22	17250000	17500000	-0.0202647
chr22	17500000	17750000	0.0976617
chr22	17750000	18000000	0.182418
chr22	18000000	18250000	0.0949571
chr22	18250000	18500000	nan
chr22	18500000	18750000	nan
chr22	18750000	19000000	nan
chr22	19000000	19250000	0.226918
chr22	19250000	19500000	0.340286
chr22	19500000	19750000	0.188845
chr22	19750000	20000000	0.389392
chr22	20000000	20250000	0.579499
chr22	20250000	20500000	0.571442
chr22	20500000	20750000	0.536536
chr22	20750000	21000000	0.6209
chr22	21000000	21250000	nan
chr22	21250000	21500000	nan
chr22	21500000	21750000	0.681968
chr22	21750000	22000000	0.436826
chr22	22000000	22250000	-0.301351
chr22	22250000	22500000	-0.393022
chr22	22500000	22750000	-0.401171
chr22	22750000	23000000	-0.371197
chr22	23000000	23250000	-0.042844
chr22	23250000	23500000	0.194807
chr22	23500000	23750000	0.239424
chr22	23750000	24000000	0.505786
chr22	24000000	24250000	0.425274
chr22	24250000	24500000	0.413886
chr22	24500000	24750000	0.180993
chr22	24750000	25000000	-0.0871962
chr22	25000000	25250000	-0.0950787
chr22	25250000	25500000	-0.191169
chr22	25500000	25750000	0.0541356
chr22	25750000	26000000	-0.161063
chr22	26000000	26250000	-0.422826
chr22	26250000	26500000	-0.111339
chr22	26500000	26750000	0.22937
chr22	26750000	27000000	-0.0395124
chr22	27000000	27250000	-0.0520482
chr22	27250000	27500000	0.0670792
chr22	27500000	27750000	0.149954
chr22	27750000	28000000	0.200074
chr22	28000000	28250000	0.118466
chr22	28250000	28500000	0.105187
chr22	28500000	28750000	0.214455
chr22	28750000	29000000	0.323877
chr22	29000000	29250000	0.355501
chr22	29250000	29500000	0.515432
chr22	29500000	29750000	0.422198
chr22	29750000	30000000	0.349995
chr22	30000000	30250000	0.195293
chr22	30250000	30500000	0.409603
chr22	30500000	30750000	0.284502
chr22	30750000	31000000	0.218427
chr22	31000000	31250000	0.436415
chr22	31250000	31500000	0.509063
chr22	31500000	31750000	0.280368
chr22	31750000	32000000	0.0198141
chr22	32000000	32250000	-0.516421
chr22	32250000	32500000	-0.398587
chr22	32500000	32750000	-0.399045
chr22	32750000	33000000	-0.135108
chr22	33000000	33250000	-0.613483
chr22	33250000	33500000	-0.575794
chr22	33500000	33750000	-0.549269
chr22	33750000	34000000	-0.480104
chr22	34000000	34250000	-0.691982
chr22	34250000	34500000	-0.665686
chr22	34500000	34750000	-0.682288
chr22	34750000	35000000	-0.550454
chr22	35000000	35250000	-0.763358
chr22	35250000	35500000	0.145201
chr22	35500000	35750000	0.187374
chr22	35750000	36000000	0.356544
chr22	36000000	36250000	0.258028
chr22	36250000	36500000	0.428375
chr22	36500000	36750000	-0.230492
chr22	36750000	37000000	-0.277818
chr22	37000000	37250000	0.0303477
chr22	37250000	37500000	0.125426
chr22	37500000	37750000	0.580491
chr22	37750000	38000000	0.708079
chr22	38000000	38250000	0.520169
chr22	38250000	38500000	0.493195
chr22	38500000	38750000	0.537014
chr22	38750000	39000000	0.441278
chr22	39000000	39250000	0.451602
chr22	39250000	39500000	0.505104
chr22	39500000	39750000	0.263348
chr22	39750000	40000000	0.130199
chr22	40000000	40250000	0.327737
chr22	40250000	40500000	0.413542
chr22	40500000	40750000	0.360634
chr22	40750000	41000000	0.467427
chr22	41000000	41250000	0.520329
chr22	41250000	41500000	0.619626
chr22	41500000	41750000	0.590305
chr22	41750000	42000000	0.50547
chr22	42000000	42250000	0.34578
chr22	42250000	42500000	0.458652
chr22	42500000	42750000	0.456941
chr22	42750000	43000000	0.350192
chr22	43000000	43250000	0.312857
chr22	43250000	43500000	-0.179429
chr22	43500000	43750000	-0.417993
chr22	43750000	44000000	-0.10006
chr22	44000000	44250000	-0.0868619
chr22	44250000	44500000	-0.0907764
chr22	44500000	44750000	0.0437201
chr22	44750000	45000000	-0.0909784
chr22	45000000	45250000	0.0951133
chr22	45250000	45500000	0.169401
chr22	45500000	45750000	0.0832395
chr22	45750000	46000000	0.00685752
chr22	46000000	46250000	0.219769
chr22	46250000	46500000	0.222186
chr22	46500000	46750000	0.163751
chr22	46750000	47000000	-0.707296
chr22	47000000	47250000	-0.806664
chr22	47250000	47500000	-0.854105
chr22	47500000	47750000	-0.800846
chr22	47750000	48000000	-0.736454
chr22	48000000	48250000	-0.78849
chr22	48250000	48500000	-0.775666
chr22	48500000	48750000	-0.689255
chr22	48750000	49000000	-0.700261
chr22	49000000	49250000	-0.72522
chr22	49250000	49500000	-0.849132
chr22	49500000	49750000	-0.924149
chr22	49750000	50000000	0.036857
chr22	50000000	50250000	0.350596
chr22	50250000	50500000	0.666328
chr22	50500000	50750000	0.575324
chr22	50750000	50818468	nan
#bedGraph section chr3:0-198295559
chr3	0	250000	-1.35116
chr3	250000	500000	-1.42502
chr3	500000	750000	-1.39937
chr3	750000	1000000	-1.26118
chr3	1000000	1250000	-0.975218
chr3	1250000	1500000	-1.06884
chr3	1500000	1750000	-1.15665
chr3	1750000	2000000	-1.11961
chr3	2000000	2250000	-0.918161
chr3	2250000	2500000	-0.975793
chr3	2500000	2750000	-0.876799
chr3	2750000	3000000	-0.688317
chr3	3000000	3250000	-0.479253
chr3	3250000	3500000	-0.712409
chr3	3500000	3750000	-0.667609
chr3	3750000	4000000	-0.657571
chr3	4000000	4250000	-0.684975
chr3	4250000	4500000	-0.260178
chr3	4500000	4750000	-0.10752
chr3	4750000	5000000	-0.0974088
chr3	5000000	5250000	-0.147553
chr3	5250000	5500000	-0.520076
chr3	5500000	5750000	-0.773935
chr3	5750000	6000000	-0.685541
chr3	6000000	6250000	-0.746424
chr3	6250000	6500000	-0.710646
chr3	6500000	6750000	-0.782395
chr3	6750000	7000000	-0.628845
chr3	7000000	7250000	-0.65818
chr3	7250000	7500000	-0.644988
chr3	7500000	7750000	-0.680957
chr3	7750000	8000000	-0.713521
chr3	8000000	8250000	-0.486134
chr3	8250000	8500000	-0.24604
chr3	8500000	8750000	0.0544049
chr3	8750000	9000000	0.332917
chr3	9000000	9250000	0.555916
chr3	9250000	9500000	0.706069
chr3	9500000	9750000	0.809603
chr3	9750000	10000000	0.95898
chr3	10000000	10250000	0.94022
chr3	10250000	10500000	0.972322
chr3	10500000	10750000	0.919134
chr3	10750000	11000000	0.854238
chr3	11000000	11250000	0.80577
chr3	11250000	11500000	0.738647
chr3	11500000	11750000	0.771247
chr3	11750000	12000000	0.71017
chr3	12000000	12250000	0.682038
chr3	12250000	12500000	0.697112
chr3	12500000	12750000	0.946506
chr3	12750000	13000000	0.99811
chr3	13000000	13250000	0.974805
chr3	13250000	13500000	0.957327
chr3	13500000	13750000	0.893626
chr3	13750000	14000000	0.803799
chr3	14000000	14250000	0.818458
chr3	14250000	14500000	0.901798
chr3	14500000	14750000	0.916498
chr3	14750000	15000000	0.917662
chr3	15000000	15250000	0.858954
chr3	15250000	15500000	0.765914
chr3	15500000	15750000	0.550666
chr3	15750000	16000000	0.341882
chr3	16000000	16250000	0.340866
chr3	16250000	16500000	0.273317
chr3	16500000	16750000	0.0728929
chr3	16750000	17000000	-0.0251741
chr3	17000000	17250000	-0.0435532
chr3	17250000	17500000	-0.272754
chr3	17500000	17750000	-0.411693
chr3	17750000	18000000	-0.409931
chr3	18000000	18250000	-0.615879
chr3	18250000	18500000	-0.597672
chr3	18500000	18750000	-0.975111
chr3	18750000	19000000	-0.93563
chr3	19000000	19250000	-0.88647
chr3	19250000	19500000	-1.01275
chr3	19500000	19750000	-1.05328
chr3	19750000	20000000	-0.704969
chr3	20000000	20250000	-0.602597
chr3	20250000	20500000	-0.704639
chr3	20500000	20750000	-0.784185
chr3	20750000	21000000	-0.814883
chr3	21000000	21250000	-0.813327
chr3	21250000	21500000	-0.738576
chr3	21500000	21750000	-0.741829
chr3	21750000	22000000	-0.76175
chr3	22000000	22250000	-0.842613
chr3	22250000	22500000	-1.00815
chr3	22500000	22750000	-0.911085
chr3	22750000	23000000	-0.733806
chr3	23000000	23250000	-0.481412
chr3	23250000	23500000	-0.459514
chr3	23500000	23750000	-0.290456
chr3	23750000	24000000	-0.122931
chr3	24000000	24250000	-0.413497
chr3	24250000	24500000	-0.563427
chr3	24500000	24750000	-0.471742
chr3	24750000	25000000	-0.322143
chr3	25000000	25250000	-0.272989
chr3	25250000	25500000	-0.19297
chr3	25500000	25750000	-0.280864
chr3	25750000	26000000	-0.608705
chr3	26000000	26250000	-0.871327
chr3	26250000	26500000	-0.901836
chr3	26500000	26750000	-0.787977
chr3	26750000	27000000	-0.968305
chr3	27000000	27250000	-0.893089
chr3	27250000	27500000	-0.747288
chr3	27500000	27750000	-0.675947
chr3	27750000	28000000	-0.765949
chr3	28000000	28250000	-0.879985
chr3	28250000	28500000	-0.668087
chr3	28500000	28750000	-0.641875
chr3	28750000	29000000	-0.572199
chr3	29000000	29250000	-0.501206
chr3	29250000	29500000	-0.379103
chr3	29500000	29750000	-0.410714
chr3	29750000	30000000	-0.427402
chr3	30000000	30250000	-0.235568
chr3	30250000	30500000	-0.435642
chr3	30500000	30750000	-0.282835
chr3	30750000	31000000	0.0234028
chr3	31000000	31250000	0.00770755
chr3	31250000	31500000	0.0325384
chr3	31500000	31750000	0.22247
chr3	31750000	32000000	0.230269
chr3	32000000	32250000	0.351041
chr3	32250000	32500000	0.500919
chr3	32500000	32750000	0.617234
chr3	32750000	33000000	0.673477
chr3	33000000	33250000	0.573097
chr3	33250000	33500000	0.509534
chr3	33500000	33750000	0.417672
chr3	33750000	34000000	0.26412
chr3	34000000	34250000	0.101064
chr3	34250000	34500000	0.0671694
chr3	34500000	34750000	0.0447525
chr3	34750000	35000000	-0.0221531
chr3	35000000	35250000	-0.118598
chr3	35250000	35500000	-0.133362
chr3	35500000	35750000	-0.0898226
chr3	35750000	36000000	0.00531901
chr3	36000000	36250000	0.0143946
chr3	36250000	36500000	0.0327192
chr3	36500000	36750000	0.112817
chr3	36750000	37000000	0.399299
chr3	37000000	37250000	0.544988
chr3	37250000	37500000	0.669618
chr3	37500000	37750000	0.698568
chr3	37750000	38000000	0.709649
chr3	38000000	38250000	0.755479
chr3	38250000	38500000	0.697473
chr3	38500000	38750000	0.694734
chr3	38750000	39000000	0.536582
chr3	39000000	39250000	0.647129
chr3	39250000	39500000	0.47032
chr3	39500000	39750000	0.223581
chr3	39750000	40000000	0.151837
chr3	40000000	40250000	0.248159
chr3	40250000	40500000	0.398874
chr3	40500000	40750000	0.378067
chr3	40750000	41000000	0.351988
chr3	41000000	41250000	0.391458
chr3	41250000	41500000	0.287956
chr3	41500000	41750000	0.228981
chr3	41750000	42000000	0.348807
chr3	42000000	42250000	0.529282
chr3	42250000	42500000	0.582923
chr3	42500000	42750000	0.761446
chr3	42750000	43000000	0.699377
chr3	43000000	43250000	0.672871
chr3	43250000	43500000	0.624488
chr3	43500000	43750000	0.630705
chr3	43750000	44000000	0.648701
chr3	44000000	44250000	0.649386
chr3	44250000	44500000	0.689892
chr3	44500000	44750000	0.735258
chr3	44750000	45000000	0.758619
chr3	45000000	45250000	0.740463
chr3	45250000	45500000	0.739008
chr3	45500000	45750000	0.7521
chr3	45750000	46000000	0.748234
chr3	46000000	46250000	0.711043
chr3	46250000	46500000	0.73145
chr3	46500000	46750000	0.768757
chr3	46750000	47000000	0.763974
chr3	47000000	47250000	0.755882
chr3	47250000	47500000	0.742301
chr3	47500000	47750000	0.704847
chr3	47750000	48000000	0.698096
chr3	48000000	48250000	0.692102
chr3	48250000	48500000	0.685432
chr3	48500000	48750000	0.666331
chr3	48750000	49000000	0.668764
chr3	49000000	49250000	0.660105
chr3	49250000	49500000	0.662348
chr3	49500000	49750000	0.682125
chr3	49750000	50000000	0.705286
chr3	50000000	50250000	0.709247
chr3	50250000	50500000	0.729834
chr3	50500000	50750000	0.609807
chr3	50750000	51000000	0.48949
chr3	51000000	51250000	0.504245
chr3	51250000	51500000	0.576869
chr3	51500000	51750000	0.710657
chr3	51750000	52000000	0.719464
chr3	52000000	52250000	0.783051
chr3	52250000	52500000	0.804417
chr3	52500000	52750000	0.85541
chr3	52750000	53000000	0.829644
chr3	53000000	53250000	0.789386
chr3	53250000	53500000	0.721897
chr3	53500000	53750000	0.714785
chr3	53750000	54000000	0.676491
chr3	54000000	54250000	0.609026
chr3	54250000	54500000	0.57397
chr3	54500000	54750000	0.559236
chr3	54750000	55000000	0.516511
chr3	55000000	55250000	0.511242
chr3	55250000	55500000	0.497316
chr3	55500000	55750000	0.516232
chr3	55750000	56000000	0.488584
chr3	56000000	56250000	0.474908
chr3	56250000	56500000	0.600267
chr3	56500000	56750000	0.688576
chr3	56750000	57000000	0.649417
chr3	57000000	57250000	0.688555
chr3	57250000	57500000	0.614573
chr3	57500000	57750000	0.671059
chr3	57750000	58000000	0.704153
chr3	58000000	58250000	0.737555
chr3	58250000	58500000	0.701088
chr3	58500000	58750000	0.561413
chr3	58750000	59000000	0.381739
chr3	59000000	59250000	0.343005
chr3	59250000	59500000	0.333156
chr3	59500000	59750000	0.349524
chr3	59750000	60000000	0.356055
chr3	60000000	60250000	0.277135
chr3	60250000	60500000	0.260132
chr3	60500000	60750000	0.236663
chr3	60750000	61000000	0.239067
chr3	61000000	61250000	0.268463
chr3	61250000	61500000	0.315841
chr3	61500000	61750000	0.401682
chr3	61750000	62000000	0.425924
chr3	62000000	62250000	0.394425
chr3	62250000	62500000	0.363543
chr3	62500000	62750000	0.326165
chr3	62750000	63000000	0.332328
chr3	63000000	63250000	0.351478
chr3	63250000	63500000	0.359298
chr3	63500000	63750000	0.337624
chr3	63750000	64000000	0.485937
chr3	64000000	64250000	0.495163
chr3	64250000	64500000	0.496817
chr3	64500000	64750000	0.429112
chr3	64750000	65000000	0.39951
chr3	65000000	65250000	0.370048
chr3	65250000	65500000	0.368048
chr3	65500000	65750000	0.343273
chr3	65750000	66000000	0.329775
chr3	66000000	66250000	0.339924
chr3	66250000	66500000	0.239332
chr3	66500000	66750000	0.17332
chr3	66750000	67000000	0.106774
chr3	67000000	67250000	-0.0373889
chr3	67250000	67500000	-0.0974306
chr3	67500000	67750000	-0.135978
chr3	67750000	68000000	-0.149058
chr3	68000000	68250000	-0.22959
chr3	68250000	68500000	-0.193497
chr3	68500000	68750000	-0.162561
chr3	68750000	69000000	0.0661698
chr3	69000000	69250000	0.346291
chr3	69250000	69500000	0.235902
chr3	69500000	69750000	0.165283
chr3	69750000	70000000	0.150622
chr3	70000000	70250000	-0.186361
chr3	70250000	70500000	-0.288152
chr3	70500000	70750000	-0.272701
chr3	70750000	71000000	-0.179999
chr3	71000000	71250000	0.196105
chr3	71250000	71500000	0.161605
chr3	71500000	71750000	0.192845
chr3	71750000	72000000	0.27993
chr3	72000000	72250000	0.377693
chr3	72250000	72500000	0.385576
chr3	72500000	72750000	0.386149
chr3	72750000	73000000	0.30451
chr3	73000000	73250000	0.00619561
chr3	73250000	73500000	-0.171895
chr3	73500000	73750000	-0.177308
chr3	73750000	74000000	-0.433146
chr3	74000000	74250000	-0.701852
chr3	74250000	74500000	-0.728676
chr3	74500000	74750000	-0.764975
chr3	74750000	75000000	-0.680889
chr3	75000000	75250000	-0.568289
chr3	75250000	75500000	-0.168313
chr3	75500000	75750000	-0.271757
chr3	75750000	76000000	-0.727827
chr3	76000000	76250000	-0.65069
chr3	76250000	76500000	-0.719631
chr3	76500000	76750000	-0.565134
chr3	76750000	77000000	-0.483439
chr3	77000000	77250000	-0.383922
chr3	77250000	77500000	-0.413411
chr3	77500000	77750000	-0.516899
chr3	77750000	78000000	-0.515004
chr3	78000000	78250000	-0.440999
chr3	78250000	78500000	-0.52375
chr3	78500000	78750000	-0.393823
chr3	78750000	79000000	-0.515413
chr3	79000000	79250000	-0.513536
chr3	79250000	79500000	-0.56492
chr3	79500000	79750000	-0.615251
chr3	79750000	80000000	-0.685265
chr3	80000000	80250000	-0.7062
chr3	80250000	80500000	-0.713085
chr3	80500000	80750000	-0.626806
chr3	80750000	81000000	-0.70083
chr3	81000000	81250000	-0.620195
chr3	81250000	81500000	-0.414566
chr3	81500000	81750000	-0.296334
chr3	81750000	82000000	-0.304567
chr3	82000000	82250000	-0.430011
chr3	82250000	82500000	-0.519952
chr3	82500000	82750000	-0.498643
chr3	82750000	83000000	-0.576911
chr3	83000000	83250000	-0.58963
chr3	83250000	83500000	-0.518184
chr3	83500000	83750000	-0.468723
chr3	83750000	84000000	-0.550952
chr3	84000000	84250000	-0.605868
chr3	84250000	84500000	-0.594889
chr3	84500000	84750000	-0.608551
chr3	84750000	85000000	-0.635457
chr3	85000000	85250000	-0.632703
chr3	85250000	85500000	-0.55345
chr3	85500000	85750000	-0.631703
chr3	85750000	86000000	-0.763127
chr3	86000000	86250000	-0.821417
chr3	86250000	86500000	-0.815866
chr3	86500000	86750000	-0.780712
chr3	86750000	87000000	-0.812653
chr3	87000000	87250000	-0.731577
chr3	87250000	87500000	-0.68488
chr3	87500000	87750000	-0.817434
chr3	87750000	88000000	-0.732473
chr3	88000000	88250000	-0.418497
chr3	88250000	88500000	-0.716195
chr3	88500000	88750000	-0.798151
chr3	88750000	89000000	-0.778535
chr3	89000000	89250000	-0.579301
chr3	89250000	89500000	-0.651682
chr3	89500000	89750000	-0.676909
chr3	89750000	90000000	-0.660341
chr3	90000000	90250000	-0.666487
chr3	90250000	90500000	nan
chr3	90500000	90750000	nan
chr3	90750000	91000000	nan
chr3	91000000	91250000	nan
chr3	91250000	91500000	nan
chr3	91500000	91750000	nan
chr3	91750000	92000000	nan
chr3	92000000	92250000	nan
chr3	92250000	92500000	nan
chr3	92500000	92750000	nan
chr3	92750000	93000000	nan
chr3	93000000	93250000	nan
chr3	93250000	93500000	nan
chr3	93500000	93750000	nan
chr3	93750000	94000000	nan
chr3	94000000	94250000	-0.820368
chr3	94250000	94500000	-0.721216
chr3	94500000	94750000	-0.806305
chr3	94750000	95000000	-0.781161
chr3	95000000	95250000	-0.802118
chr3	95250000	95500000	-0.807335
chr3	95500000	95750000	-0.787394
chr3	95750000	96000000	-0.813208
chr3	96000000	96250000	-0.863832
chr3	96250000	96500000	-0.885536
chr3	96500000	96750000	-0.790115
chr3	96750000	97000000	-0.613143
chr3	97000000	97250000	-0.853036
chr3	97250000	97500000	-0.92827
chr3	97500000	97750000	-0.715949
chr3	97750000	98000000	-0.535233
chr3	98000000	98250000	-0.74099
chr3	98250000	98500000	-0.749177
chr3	98500000	98750000	-0.449313
chr3	98750000	99000000	-0.416514
chr3	99000000	99250000	-0.61162
chr3	99250000	99500000	-0.701823
chr3	99500000	99750000	-0.526766
chr3	99750000	100000000	-0.230436
chr3	100000000	100250000	-0.17479
chr3	100250000	100500000	-0.0516922
chr3	100500000	100750000	-0.169497
chr3	100750000	101000000	-0.447399
chr3	101000000	101250000	-0.466541
chr3	101250000	101500000	-0.29964
chr3	101500000	101750000	-0.115238
chr3	101750000	102000000	-0.314529
chr3	102000000	102250000	-0.462857
chr3	102250000	102500000	-0.727051
chr3	102500000	102750000	-0.612141
chr3	102750000	103000000	-0.797646
chr3	103000000	103250000	-0.805467
chr3	103250000	103500000	-0.763633
chr3	103500000	103750000	-0.778474
chr3	103750000	104000000	-0.701456
chr3	104000000	104250000	-0.592983
chr3	104250000	104500000	-0.577107
chr3	104500000	104750000	-0.571597
chr3	104750000	105000000	-0.687872
chr3	105000000	105250000	-0.67515
chr3	105250000	105500000	-0.445573
chr3	105500000	105750000	-0.306534
chr3	105750000	106000000	-0.345994
chr3	106000000	106250000	-0.492798
chr3	106250000	106500000	-0.501299
chr3	106500000	106750000	-0.497207
chr3	106750000	107000000	-0.72072
chr3	107000000	107250000	-0.498875
chr3	107250000	107500000	-0.383874
chr3	107500000	107750000	-0.276243
chr3	107750000	108000000	-0.315013
chr3	108000000	108250000	-0.375356
chr3	108250000	108500000	-0.466944
chr3	108500000	108750000	-0.642942
chr3	108750000	109000000	-0.887145
chr3	109000000	109250000	-0.832351
chr3	109250000	109500000	-0.744678
chr3	109500000	109750000	-0.756691
chr3	109750000	110000000	-0.871305
chr3	110000000	110250000	-0.881388
chr3	110250000	110500000	-0.714065
chr3	110500000	110750000	-0.760871
chr3	110750000	111000000	-0.76215
chr3	111000000	111250000	-0.667471
chr3	111250000	111500000	-0.764626
chr3	111500000	111750000	-0.562783
chr3	111750000	112000000	-0.379514
chr3	112000000	112250000	-0.270285
chr3	112250000	112500000	-0.411999
chr3	112500000	112750000	-0.0990486
chr3	112750000	113000000	-0.16571
chr3	113000000	113250000	0.0615059
chr3	113250000	113500000	-0.0634722
chr3	113500000	113750000	-0.0440882
chr3	113750000	114000000	-0.182365
chr3	114000000	114250000	-0.273197
chr3	114250000	114500000	-0.357286
chr3	114500000	114750000	-0.540437
chr3	114750000	115000000	-0.52376
chr3	115000000	115250000	-0.360769
chr3	115250000	115500000	-0.417526
chr3	115500000	115750000	-0.321137
chr3	115750000	116000000	-0.363102
chr3	116000000	116250000	-0.519315
chr3	116250000	116500000	-0.63298
chr3	116500000	116750000	-0.510122
chr3	116750000	117000000	-0.324011
chr3	117000000	117250000	-0.392013
chr3	117250000	117500000	-0.368199
chr3	117500000	117750000	-0.233857
chr3	117750000	118000000	-0.293318
chr3	118000000	118250000	-0.494096
chr3	118250000	118500000	-0.552242
chr3	118500000	118750000	-0.378868
chr3	118750000	119000000	-0.32041
chr3	119000000	119250000	-0.21254
chr3	119250000	119500000	0.120283
chr3	119500000	119750000	0.173138
chr3	119750000	120000000	0.0453872
chr3	120000000	120250000	-0.00296916
chr3	120250000	120500000	-0.0531526
chr3	120500000	120750000	-0.225771
chr3	120750000	121000000	-0.466293
chr3	121000000	121250000	-0.702298
chr3	121250000	121500000	-0.584704
chr3	121500000	121750000	-0.0958508
chr3	121750000	122000000	-0.249618
chr3	122000000	122250000	-0.272673
chr3	122250000	122500000	0.0226604
chr3	122500000	122750000	0.207581
chr3	122750000	123000000	0.344491
chr3	123000000	123250000	0.474155
chr3	123250000	123500000	0.554276
chr3	123500000	123750000	0.601554
chr3	123750000	124000000	0.629332
chr3	124000000	124250000	0.677643
chr3	124250000	124500000	0.665293
chr3	124500000	124750000	0.723926
chr3	124750000	125000000	0.744249
chr3	125000000	125250000	0.777757
chr3	125250000	125500000	0.756189
chr3	125500000	125750000	0.790695
chr3	125750000	126000000	0.790522
chr3	126000000	126250000	0.832645
chr3	126250000	126500000	0.819332
chr3	126500000	126750000	0.80024
chr3	126750000	127000000	0.828015
chr3	127000000	127250000	0.835139
chr3	127250000	127500000	0.797376
chr3	127500000	127750000	0.854392
chr3	127750000	128000000	0.824754
chr3	128000000	128250000	0.840893
chr3	128250000	128500000	0.888793
chr3	128500000	128750000	0.866456
chr3	128750000	129000000	0.898939
chr3	129000000	129250000	0.911447
chr3	129250000	129500000	0.880483
chr3	129500000	129750000	0.770646
chr3	129750000	130000000	0.716046
chr3	130000000	130250000	0.528956
chr3	130250000	130500000	0.404916
chr3	130500000	130750000	0.401266
chr3	130750000	131000000	0.335361
chr3	131000000	131250000	0.185839
chr3	131250000	131500000	0.227467
chr3	131500000	131750000	0.229413
chr3	131750000	132000000	0.197257
chr3	132000000	132250000	0.257065
chr3	132250000	132500000	0.471893
chr3	132500000	132750000	0.493991
chr3	132750000	133000000	0.203007
chr3	133000000	133250000	0.232716
chr3	133250000	133500000	0.306549
chr3	133500000	133750000	0.483692
chr3	133750000	134000000	0.557089
chr3	134000000	134250000	0.612423
chr3	134250000	134500000	0.668961
chr3	134500000	134750000	0.586156
chr3	134750000	135000000	0.535705
chr3	135000000	135250000	0.507859
chr3	135250000	135500000	0.459791
chr3	135500000	135750000	0.455667
chr3	135750000	136000000	0.490456
chr3	136000000	136250000	0.541832
chr3	136250000	136500000	0.533437
chr3	136500000	136750000	0.515585
chr3	136750000	137000000	0.500479
chr3	137000000	137250000	0.403707
chr3	137250000	137500000	0.329502
chr3	137500000	137750000	0.337473
chr3	137750000	138000000	0.441067
chr3	138000000	138250000	0.638167
chr3	138250000	138500000	0.692167
chr3	138500000	138750000	0.614765
chr3	138750000	139000000	0.575806
chr3	139000000	139250000	0.555739
chr3	139250000	139500000	0.588074
chr3	139500000	139750000	0.501087
chr3	139750000	140000000	0.467095
chr3	140000000	140250000	0.450441
chr3	140250000	140500000	0.477795
chr3	140500000	140750000	0.41992
chr3	140750000	141000000	0.482575
chr3	141000000	141250000	0.515621
chr3	141250000	141500000	0.507905
chr3	141500000	141750000	0.472296
chr3	141750000	142000000	0.433244
chr3	142000000	142250000	0.298037
chr3	142250000	142500000	0.238201
chr3	142500000	142750000	-0.0533402
chr3	142750000	143000000	-0.0744198
chr3	143000000	143250000	-0.356906
chr3	143250000	143500000	-0.61896
chr3	143500000	143750000	-0.588837
chr3	143750000	144000000	-0.637429
chr3	144000000	144250000	-0.873655
chr3	144250000	144500000	-0.861673
chr3	144500000	144750000	-0.816794
chr3	144750000	145000000	-0.80037
chr3	145000000	145250000	-0.844141
chr3	145250000	145500000	-0.873504
chr3	145500000	145750000	-0.811809
chr3	145750000	146000000	-0.760717
chr3	146000000	146250000	-0.531759
chr3	146250000	146500000	-0.813777
chr3	146500000	146750000	-0.761222
chr3	146750000	147000000	-1.03359
chr3	147000000	147250000	-1.01266
chr3	147250000	147500000	-0.751687
chr3	147500000	147750000	-0.894982
chr3	147750000	148000000	-0.97322
chr3	148000000	148250000	-0.905623
chr3	148250000	148500000	-1.00866
chr3	148500000	148750000	-1.02421
chr3	148750000	149000000	-0.698472
chr3	149000000	149250000	-0.354696
chr3	149250000	149500000	-0.293353
chr3	149500000	149750000	0.0881364
chr3	149750000	150000000	-0.00751973
chr3	150000000	150250000	0.00958691
chr3	150250000	150500000	0.100574
chr3	150500000	150750000	0.124141
chr3	150750000	151000000	-0.0705962
chr3	151000000	151250000	-0.139479
chr3	151250000	151500000	-0.304892
chr3	151500000	151750000	-0.547503
chr3	151750000	152000000	-0.415575
chr3	152000000	152250000	-0.528722
chr3	152250000	152500000	-0.416733
chr3	152500000	152750000	-0.61734
chr3	152750000	153000000	-0.621188
chr3	153000000	153250000	-0.522013
chr3	153250000	153500000	-0.774635
chr3	153500000	153750000	-0.654908
chr3	153750000	154000000	-0.630327
chr3	154000000	154250000	-0.512496
chr3	154250000	154500000	-0.537792
chr3	154500000	154750000	-0.764992
chr3	154750000	155000000	-0.713384
chr3	155000000	155250000	-0.673784
chr3	155250000	155500000	-0.445479
chr3	155500000	155750000	-0.44111
chr3	155750000	156000000	-0.122302
chr3	156000000	156250000	-0.0367124
chr3	156250000	156500000	-0.0495398
chr3	156500000	156750000	0.143879
chr3	156750000	157000000	0.00640171
chr3	157000000	157250000	0.0331107
chr3	157250000	157500000	-0.44238
chr3	157500000	157750000	-0.61625
chr3	157750000	158000000	-0.843071
chr3	158000000	158250000	-0.835836
chr3	158250000	158500000	-0.777648
chr3	158500000	158750000	-0.475624
chr3	158750000	159000000	-0.485423
chr3	159000000	159250000	-0.655319
chr3	159250000	159500000	-0.626053
chr3	159500000	159750000	-0.475113
chr3	159750000	160000000	-0.232706
chr3	160000000	160250000	-0.217235
chr3	160250000	160500000	-0.128589
chr3	160500000	160750000	-0.342925
chr3	160750000	161000000	-0.509345
chr3	161000000	161250000	-0.587396
chr3	161250000	161500000	-0.557488
chr3	161500000	161750000	-0.608368
chr3	161750000	162000000	-0.57781
chr3	162000000	162250000	-0.695303
chr3	162250000	162500000	-0.704493
chr3	162500000	162750000	-0.633105
chr3	162750000	163000000	nan
chr3	163000000	163250000	-0.597701
chr3	163250000	163500000	-0.67305
chr3	163500000	163750000	-0.51705
chr3	163750000	164000000	-0.519546
chr3	164000000	164250000	-0.618695
chr3	164250000	164500000	-0.584619
chr3	164500000	164750000	-0.659216
chr3	164750000	165000000	-0.668231
chr3	165000000	165250000	-0.503228
chr3	165250000	165500000	-0.657194
chr3	165500000	165750000	-0.792432
chr3	165750000	166000000	-0.622325
chr3	166000000	166250000	-0.768473
chr3	166250000	166500000	-0.781173
chr3	166500000	166750000	-0.83676
chr3	166750000	167000000	-0.767819
chr3	167000000	167250000	-0.704946
chr3	167250000	167500000	-0.630585
chr3	167500000	167750000	-0.69836
chr3	167750000	168000000	-0.665543
chr3	168000000	168250000	-0.491891
chr3	168250000	168500000	-0.673246
chr3	168500000	168750000	-0.667062
chr3	168750000	169000000	-0.551404
chr3	169000000	169250000	-0.340438
chr3	169250000	169500000	-0.305048
chr3	169500000	169750000	-0.257389
chr3	169750000	170000000	0.0151323
chr3	170000000	170250000	0.304768
chr3	170250000	170500000	0.347365
chr3	170500000	170750000	0.215097
chr3	170750000	171000000	0.265414
chr3	171000000	171250000	0.20456
chr3	171250000	171500000	0.226016
chr3	171500000	171750000	0.230364
chr3	171750000	172000000	0.263073
chr3	172000000	172250000	0.315652
chr3	172250000	172500000	0.110455
chr3	172500000	172750000	-0.121524
chr3	172750000	173000000	-0.349679
chr3	173000000	173250000	-0.577766
chr3	173250000	173500000	-0.582136
chr3	173500000	173750000	-0.564077
chr3	173750000	174000000	-0.545157
chr3	174000000	174250000	-0.505144
chr3	174250000	174500000	-0.559667
chr3	174500000	174750000	-0.687203
chr3	174750000	175000000	-0.686295
chr3	175000000	175250000	-0.726519
chr3	175250000	175500000	-0.732229
chr3	175500000	175750000	-0.74913
chr3	175750000	176000000	-0.6362
chr3	176000000	176250000	-0.746171
chr3	176250000	176500000	-0.621591
chr3	176500000	176750000	-0.593941
chr3	176750000	177000000	-0.331061
chr3	177000000	177250000	0.0346166
chr3	177250000	177500000	-0.0798687
chr3	177500000	177750000	-0.193669
chr3	177750000	178000000	-0.285916
chr3	178000000	178250000	-0.391704
chr3	178250000	178500000	-0.357069
chr3	178500000	178750000	-0.542387
chr3	178750000	179000000	-0.516474
chr3	179000000	179250000	-0.323252
chr3	179250000	179500000	-0.145141
chr3	179500000	179750000	-0.0939343
chr3	179750000	180000000	-0.515568
chr3	180000000	180250000	-0.81005
chr3	180250000	180500000	-0.849661
chr3	180500000	180750000	-0.568111
chr3	180750000	181000000	-0.414328
chr3	181000000	181250000	-0.45748
chr3	181250000	181500000	-0.511265
chr3	181500000	181750000	-0.393078
chr3	181750000	182000000	-0.283023
chr3	182000000	182250000	-0.340966
chr3	182250000	182500000	-0.412966
chr3	182500000	182750000	-0.227171
chr3	182750000	183000000	0.219359
chr3	183000000	183250000	0.4918
chr3	183250000	183500000	0.60169
chr3	183500000	183750000	0.722714
chr3	183750000	184000000	0.87582
chr3	184000000	184250000	0.948671
chr3	184250000	184500000	0.954385
chr3	184500000	184750000	0.965054
chr3	184750000	185000000	0.805163
chr3	185000000	185250000	0.724462
chr3	185250000	185500000	0.74852
chr3	185500000	185750000	0.824771
chr3	185750000	186000000	0.780621
chr3	186000000	186250000	0.728635
chr3	186250000	186500000	0.70856
chr3	186500000	186750000	0.639832
chr3	186750000	187000000	0.530306
chr3	187000000	187250000	0.360709
chr3	187250000	187500000	0.158973
chr3	187500000	187750000	0.149672
chr3	187750000	188000000	0.0409751
chr3	188000000	188250000	0.129623
chr3	188250000	188500000	0.041427
chr3	188500000	188750000	-0.103104
chr3	188750000	189000000	-0.103229
chr3	189000000	189250000	-0.352569
chr3	189250000	189500000	-0.661177
chr3	189500000	189750000	-0.821361
chr3	189750000	190000000	-0.557421
chr3	190000000	190250000	-0.331574
chr3	190250000	190500000	-0.600595
chr3	190500000	190750000	-0.735802
chr3	190750000	191000000	-0.888038
chr3	191000000	191250000	-0.923005
chr3	191250000	191500000	-0.725073
chr3	191500000	191750000	-0.947364
chr3	191750000	192000000	-0.968389
chr3	192000000	192250000	-0.875984
chr3	192250000	192500000	-0.663954
chr3	192500000	192750000	-0.513178
chr3	192750000	193000000	-0.238413
chr3	193000000	193250000	-0.259368
chr3	193250000	193500000	-0.298958
chr3	193500000	193750000	0.0368839
chr3	193750000	194000000	0.355427
chr3	194000000	194250000	0.421258
chr3	194250000	194500000	0.489965
chr3	194500000	194750000	0.626936
chr3	194750000	195000000	0.696803
chr3	195000000	195250000	0.687188
chr3	195250000	195500000	0.678401
chr3	195500000	195750000	0.871864
chr3	195750000	196000000	0.935928
chr3	196000000	196250000	0.915437
chr3	196250000	196500000	0.879859
chr3	196500000	196750000	0.852583
chr3	196750000	197000000	0.857352
chr3	197000000	197250000	0.782773
chr3	197250000	197500000	0.827276
chr3	197500000	197750000	0.888082
chr3	197750000	198000000	0.816369
chr3	198000000	198250000	nan
chr3	198250000	198295559	nan
#bedGraph section chr4:0-190214555
chr4	0	250000	0.3086
chr4	250000	500000	0.394965
chr4	500000	750000	0.636065
chr4	750000	1000000	0.666433
chr4	1000000	1250000	0.673016
chr4	1250000	1500000	0.666626
chr4	1500000	1750000	0.668965
chr4	1750000	2000000	0.662352
chr4	2000000	2250000	0.659835
chr4	2250000	2500000	0.680356
chr4	2500000	2750000	0.63141
chr4	2750000	3000000	0.671047
chr4	3000000	3250000	0.675096
chr4	3250000	3500000	0.693747
chr4	3500000	3750000	0.696551
chr4	3750000	4000000	0.723678
chr4	4000000	4250000	0.688393
chr4	4250000	4500000	0.704857
chr4	4500000	4750000	0.645328
chr4	4750000	5000000	0.590751
chr4	5000000	5250000	0.457977
chr4	5250000	5500000	0.436172
chr4	5500000	5750000	0.503524
chr4	5750000	6000000	0.593133
chr4	6000000	6250000	0.687717
chr4	6250000	6500000	0.706817
chr4	6500000	6750000	0.744013
chr4	6750000	7000000	0.764203
chr4	7000000	7250000	0.749955
chr4	7250000	7500000	0.741015
chr4	7500000	7750000	0.740419
chr4	7750000	8000000	0.781157
chr4	8000000	8250000	0.790915
chr4	8250000	8500000	0.768802
chr4	8500000	8750000	0.663828
chr4	8750000	9000000	0.522321
chr4	9000000	9250000	nan
chr4	9250000	9500000	nan
chr4	9500000	9750000	0.544394
chr4	9750000	10000000	0.5852
chr4	10000000	10250000	0.64887
chr4	10250000	10500000	0.611098
chr4	10500000	10750000	0.417996
chr4	10750000	11000000	0.313347
chr4	11000000	11250000	0.321339
chr4	11250000	11500000	0.349663
chr4	11500000	11750000	0.347328
chr4	11750000	12000000	0.239187
chr4	12000000	12250000	0.235519
chr4	12250000	12500000	0.304562
chr4	12500000	12750000	0.389186
chr4	12750000	13000000	0.387313
chr4	13000000	13250000	0.361551
chr4	13250000	13500000	0.404518
chr4	13500000	13750000	0.574846
chr4	13750000	14000000	0.524234
chr4	14000000	14250000	0.516064
chr4	14250000	14500000	0.525305
chr4	14500000	14750000	0.556112
chr4	14750000	15000000	0.634417
chr4	15000000	15250000	0.663301
chr4	15250000	15500000	0.68684
chr4	15500000	15750000	0.733004
chr4	15750000	16000000	0.578159
chr4	16000000	16250000	0.582958
chr4	16250000	16500000	0.275684
chr4	16500000	16750000	0.208313
chr4	16750000	17000000	0.309784
chr4	17000000	17250000	0.274834
chr4	17250000	17500000	0.333443
chr4	17500000	17750000	0.26751
chr4	17750000	18000000	-0.144539
chr4	18000000	18250000	-0.451352
chr4	18250000	18500000	-0.45547
chr4	18500000	18750000	-0.165522
chr4	18750000	19000000	-0.110389
chr4	19000000	19250000	-0.113146
chr4	19250000	19500000	-0.287467
chr4	19500000	19750000	-0.200988
chr4	19750000	20000000	-0.117852
chr4	20000000	20250000	-0.120263
chr4	20250000	20500000	0.115308
chr4	20500000	20750000	0.0584591
chr4	20750000	21000000	-0.37163
chr4	21000000	21250000	-0.444707
chr4	21250000	21500000	-0.304064
chr4	21500000	21750000	-0.00869141
chr4	21750000	22000000	-0.0985878
chr4	22000000	22250000	-0.215266
chr4	22250000	22500000	0.0174978
chr4	22500000	22750000	0.0159031
chr4	22750000	23000000	-0.0382937
chr4	23000000	23250000	0.0212001
chr4	23250000	23500000	0.0794025
chr4	23500000	23750000	0.102285
chr4	23750000	24000000	0.398618
chr4	24000000	24250000	0.418259
chr4	24250000	24500000	0.375392
chr4	24500000	24750000	0.608472
chr4	24750000	25000000	0.589666
chr4	25000000	25250000	0.648984
chr4	25250000	25500000	0.63934
chr4	25500000	25750000	0.653331
chr4	25750000	26000000	0.595277
chr4	26000000	26250000	0.437273
chr4	26250000	26500000	0.415816
chr4	26500000	26750000	0.146773
chr4	26750000	27000000	0.195744
chr4	27000000	27250000	-0.0915287
chr4	27250000	27500000	-0.383355
chr4	27500000	27750000	-0.416412
chr4	27750000	28000000	-0.455139
chr4	28000000	28250000	-0.488666
chr4	28250000	28500000	-0.416134
chr4	28500000	28750000	-0.408274
chr4	28750000	29000000	-0.340622
chr4	29000000	29250000	-0.338661
chr4	29250000	29500000	-0.405229
chr4	29500000	29750000	-0.426546
chr4	29750000	30000000	-0.435265
chr4	30000000	30250000	-0.438928
chr4	30250000	30500000	-0.397822
chr4	30500000	30750000	-0.14966
chr4	30750000	31000000	0.356521
chr4	31000000	31250000	0.234041
chr4	31250000	31500000	-0.0738286
chr4	31500000	31750000	-0.22415
chr4	31750000	32000000	-0.241447
chr4	32000000	32250000	-0.310437
chr4	32250000	32500000	-0.404475
chr4	32500000	32750000	-0.467118
chr4	32750000	33000000	-0.363311
chr4	33000000	33250000	-0.312021
chr4	33250000	33500000	-0.383081
chr4	33500000	33750000	-0.435244
chr4	33750000	34000000	-0.453809
chr4	34000000	34250000	-0.452802
chr4	34250000	34500000	-0.40794
chr4	34500000	34750000	-0.366296
chr4	34750000	35000000	-0.397299
chr4	35000000	35250000	-0.44547
chr4	35250000	35500000	-0.49
chr4	35500000	35750000	-0.50162
chr4	35750000	36000000	-0.337675
chr4	36000000	36250000	-0.223896
chr4	36250000	36500000	-0.0940141
chr4	36500000	36750000	-0.277806
chr4	36750000	37000000	-0.24781
chr4	37000000	37250000	-0.196209
chr4	37250000	37500000	-0.0483392
chr4	37500000	37750000	0.302444
chr4	37750000	38000000	0.445121
chr4	38000000	38250000	0.585817
chr4	38250000	38500000	0.543854
chr4	38500000	38750000	0.545567
chr4	38750000	39000000	0.56531
chr4	39000000	39250000	0.617896
chr4	39250000	39500000	0.716434
chr4	39500000	39750000	0.83391
chr4	39750000	40000000	0.825766
chr4	40000000	40250000	0.755376
chr4	40250000	40500000	0.758628
chr4	40500000	40750000	0.767395
chr4	40750000	41000000	0.687321
chr4	41000000	41250000	0.590213
chr4	41250000	41500000	0.605622
chr4	41500000	41750000	0.54188
chr4	41750000	42000000	0.438021
chr4	42000000	42250000	0.138989
chr4	42250000	42500000	0.0720527
chr4	42500000	42750000	-0.142466
chr4	42750000	43000000	-0.392462
chr4	43000000	43250000	-0.40346
chr4	43250000	43500000	-0.557961
chr4	43500000	43750000	-0.593936
chr4	43750000	44000000	-0.514662
chr4	44000000	44250000	-0.548531
chr4	44250000	44500000	-0.355528
chr4	44500000	44750000	-0.171713
chr4	44750000	45000000	-0.198117
chr4	45000000	45250000	-0.381126
chr4	45250000	45500000	-0.366848
chr4	45500000	45750000	-0.445723
chr4	45750000	46000000	-0.53801
chr4	46000000	46250000	-0.532483
chr4	46250000	46500000	-0.39742
chr4	46500000	46750000	-0.429507
chr4	46750000	47000000	-0.46957
chr4	47000000	47250000	-0.474744
chr4	47250000	47500000	-0.361766
chr4	47500000	47750000	0.101033
chr4	47750000	48000000	0.377881
chr4	48000000	48250000	0.158743
chr4	48250000	48500000	0.27064
chr4	48500000	48750000	0.175588
chr4	48750000	49000000	-0.0111607
chr4	49000000	49250000	nan
chr4	49250000	49500000	nan
chr4	49500000	49750000	nan
chr4	49750000	50000000	nan
chr4	50000000	50250000	nan
chr4	50250000	50500000	nan
chr4	50500000	50750000	nan
chr4	50750000	51000000	nan
chr4	51000000	51250000	nan
chr4	51250000	51500000	nan
chr4	51500000	51750000	nan
chr4	51750000	52000000	-0.682244
chr4	52000000	52250000	-0.133222
chr4	52250000	52500000	0.0425813
chr4	52500000	52750000	0.300358
chr4	52750000	53000000	0.430497
chr4	53000000	53250000	0.350842
chr4	53250000	53500000	0.472952
chr4	53500000	53750000	0.639085
chr4	53750000	54000000	0.638406
chr4	54000000	54250000	0.641877
chr4	54250000	54500000	0.523799
chr4	54500000	54750000	0.537699
chr4	54750000	55000000	0.527755
chr4	55000000	55250000	0.651274
chr4	55250000	55500000	0.650349
chr4	55500000	55750000	0.483708
chr4	55750000	56000000	0.550757
chr4	56000000	56250000	0.58682
chr4	56250000	56500000	0.735878
chr4	56500000	56750000	0.673017
chr4	56750000	57000000	0.615967
chr4	57000000	57250000	0.0647585
chr4	57250000	57500000	-0.310072
chr4	57500000	57750000	-0.613765
chr4	57750000	58000000	-0.659994
chr4	58000000	58250000	-0.551475
chr4	58250000	58500000	-0.456723
chr4	58500000	58750000	-0.461414
chr4	58750000	59000000	-0.552903
chr4	59000000	59250000	-0.506307
chr4	59250000	59500000	-0.614893
chr4	59500000	59750000	-0.681124
chr4	59750000	60000000	-0.683566
chr4	60000000	60250000	-0.525385
chr4	60250000	60500000	-0.626493
chr4	60500000	60750000	-0.608556
chr4	60750000	61000000	-0.478696
chr4	61000000	61250000	-0.341097
chr4	61250000	61500000	-0.193909
chr4	61500000	61750000	-0.152742
chr4	61750000	62000000	-0.22374
chr4	62000000	62250000	-0.354672
chr4	62250000	62500000	-0.368252
chr4	62500000	62750000	-0.303711
chr4	62750000	63000000	-0.692439
chr4	63000000	63250000	-0.75823
chr4	63250000	63500000	-0.712419
chr4	63500000	63750000	-0.619049
chr4	63750000	64000000	-0.650288
chr4	64000000	64250000	-0.445804
chr4	64250000	64500000	-0.0429769
chr4	64500000	64750000	-0.414565
chr4	64750000	65000000	-0.634903
chr4	65000000	65250000	-0.591783
chr4	65250000	65500000	-0.706556
chr4	65500000	65750000	-0.603565
chr4	65750000	66000000	-0.566592
chr4	66000000	66250000	-0.591832
chr4	66250000	66500000	-0.6455
chr4	66500000	66750000	-0.577459
chr4	66750000	67000000	-0.565739
chr4	67000000	67250000	-0.413115
chr4	67250000	67500000	-0.282016
chr4	67500000	67750000	-0.150377
chr4	67750000	68000000	-0.540273
chr4	68000000	68250000	-0.634528
chr4	68250000	68500000	-0.185179
chr4	68500000	68750000	nan
chr4	68750000	69000000	-0.729364
chr4	69000000	69250000	-0.686781
chr4	69250000	69500000	-0.715626
chr4	69500000	69750000	-0.696556
chr4	69750000	70000000	-0.593044
chr4	70000000	70250000	-0.629337
chr4	70250000	70500000	-0.59803
chr4	70500000	70750000	-0.0492908
chr4	70750000	71000000	0.352098
chr4	71000000	71250000	0.049363
chr4	71250000	71500000	-0.102474
chr4	71500000	71750000	-0.104168
chr4	71750000	72000000	-0.0426247
chr4	72000000	72250000	-0.273109
chr4	72250000	72500000	-0.120586
chr4	72500000	72750000	-0.0901598
chr4	72750000	73000000	-0.129008
chr4	73000000	73250000	0.327938
chr4	73250000	73500000	-0.101789
chr4	73500000	73750000	-0.183937
chr4	73750000	74000000	-0.313762
chr4	74000000	74250000	-0.139063
chr4	74250000	74500000	-0.254708
chr4	74500000	74750000	-0.299027
chr4	74750000	75000000	-0.0510161
chr4	75000000	75250000	-0.0386351
chr4	75250000	75500000	-0.0169373
chr4	75500000	75750000	0.533179
chr4	75750000	76000000	0.713548
chr4	76000000	76250000	0.772516
chr4	76250000	76500000	0.710927
chr4	76500000	76750000	0.804547
chr4	76750000	77000000	0.734669
chr4	77000000	77250000	0.727626
chr4	77250000	77500000	0.4488
chr4	77500000	77750000	0.385397
chr4	77750000	78000000	0.523986
chr4	78000000	78250000	0.534884
chr4	78250000	78500000	0.568509
chr4	78500000	78750000	0.609255
chr4	78750000	79000000	0.457687
chr4	79000000	79250000	0.0322895
chr4	79250000	79500000	-0.100555
chr4	79500000	79750000	-0.0860262
chr4	79750000	80000000	-0.0328585
chr4	80000000	80250000	0.262036
chr4	80250000	80500000	-0.163416
chr4	80500000	80750000	-0.550333
chr4	80750000	81000000	-0.53212
chr4	81000000	81250000	-0.134098
chr4	81250000	81500000	0.0425515
chr4	81500000	81750000	0.142909
chr4	81750000	82000000	0.104007
chr4	82000000	82250000	0.0619116
chr4	82250000	82500000	0.572319
chr4	82500000	82750000	0.642136
chr4	82750000	83000000	0.732989
chr4	83000000	83250000	0.397479
chr4	83250000	83500000	0.294777
chr4	83500000	83750000	0.0502616
chr4	83750000	84000000	-0.255058
chr4	84000000	84250000	-0.268419
chr4	84250000	84500000	-0.107547
chr4	84500000	84750000	0.21026
chr4	84750000	85000000	0.18073
chr4	85000000	85250000	-0.412495
chr4	85250000	85500000	-0.506684
chr4	85500000	85750000	-0.5591
chr4	85750000	86000000	-0.436005
chr4	86000000	86250000	-0.461046
chr4	86250000	86500000	-0.207152
chr4	86500000	86750000	0.329521
chr4	86750000	87000000	0.444486
chr4	87000000	87250000	0.437633
chr4	87250000	87500000	0.168942
chr4	87500000	87750000	-0.0862634
chr4	87750000	88000000	-0.0135653
chr4	88000000	88250000	0.194005
chr4	88250000	88500000	0.277687
chr4	88500000	88750000	0.264577
chr4	88750000	89000000	0.161132
chr4	89000000	89250000	0.00040073
chr4	89250000	89500000	-0.266385
chr4	89500000	89750000	-0.277558
chr4	89750000	90000000	-0.376538
chr4	90000000	90250000	-0.585582
chr4	90250000	90500000	-0.504188
chr4	90500000	90750000	-0.728518
chr4	90750000	91000000	-0.705041
chr4	91000000	91250000	-0.502516
chr4	91250000	91500000	-0.661865
chr4	91500000	91750000	-0.62262
chr4	91750000	92000000	-0.577039
chr4	92000000	92250000	-0.522759
chr4	92250000	92500000	-0.343781
chr4	92500000	92750000	-0.473741
chr4	92750000	93000000	-0.576264
chr4	93000000	93250000	-0.550776
chr4	93250000	93500000	-0.59017
chr4	93500000	93750000	-0.456123
chr4	93750000	94000000	-0.0946273
chr4	94000000	94250000	0.0450118
chr4	94250000	94500000	0.65742
chr4	94500000	94750000	0.641004
chr4	94750000	95000000	0.295726
chr4	95000000	95250000	0.127812
chr4	95250000	95500000	-0.0646672
chr4	95500000	95750000	-0.198132
chr4	95750000	96000000	-0.333829
chr4	96000000	96250000	-0.471632
chr4	96250000	96500000	-0.396351
chr4	96500000	96750000	-0.436508
chr4	96750000	97000000	-0.576763
chr4	97000000	97250000	-0.53806
chr4	97250000	97500000	-0.684349
chr4	97500000	97750000	-0.659137
chr4	97750000	98000000	-0.568355
chr4	98000000	98250000	-0.313569
chr4	98250000	98500000	-0.105199
chr4	98500000	98750000	0.106871
chr4	98750000	99000000	0.090542
chr4	99000000	99250000	-0.132028
chr4	99250000	99500000	-0.260233
chr4	99500000	99750000	0.12967
chr4	99750000	100000000	0.125259
chr4	100000000	100250000	-0.0343366
chr4	100250000	100500000	-0.121441
chr4	100500000	100750000	-0.190154
chr4	100750000	101000000	-0.150215
chr4	101000000	101250000	0.0261602
chr4	101250000	101500000	-0.0702506
chr4	101500000	101750000	-0.14273
chr4	101750000	102000000	0.00549078
chr4	102000000	102250000	0.0139557
chr4	102250000	102500000	0.102781
chr4	102500000	102750000	0.260677
chr4	102750000	103000000	0.188662
chr4	103000000	103250000	-0.168616
chr4	103250000	103500000	-0.636512
chr4	103500000	103750000	-0.804653
chr4	103750000	104000000	-0.625647
chr4	104000000	104250000	-0.626637
chr4	104250000	104500000	-0.545348
chr4	104500000	104750000	-0.490319
chr4	104750000	105000000	-0.514494
chr4	105000000	105250000	-0.361524
chr4	105250000	105500000	-0.299748
chr4	105500000	105750000	-0.396623
chr4	105750000	106000000	-0.498972
chr4	106000000	106250000	-0.375583
chr4	106250000	106500000	-0.406356
chr4	106500000	106750000	-0.719053
chr4	106750000	107000000	-0.675027
chr4	107000000	107250000	-0.599694
chr4	107250000	107500000	-0.598087
chr4	107500000	107750000	-0.339619
chr4	107750000	108000000	-0.110709
chr4	108000000	108250000	0.606976
chr4	108250000	108500000	0.57601
chr4	108500000	108750000	0.488266
chr4	108750000	109000000	0.365301
chr4	109000000	109250000	0.375337
chr4	109250000	109500000	0.466122
chr4	109500000	109750000	0.520337
chr4	109750000	110000000	0.336899
chr4	110000000	110250000	0.464978
chr4	110250000	110500000	0.317885
chr4	110500000	110750000	0.11087
chr4	110750000	111000000	-0.348255
chr4	111000000	111250000	-0.443654
chr4	111250000	111500000	-0.440678
chr4	111500000	111750000	-0.0661756
chr4	111750000	112000000	0.160435
chr4	112000000	112250000	0.266771
chr4	112250000	112500000	0.301702
chr4	112500000	112750000	0.365297
chr4	112750000	113000000	0.11561
chr4	113000000	113250000	0.00262521
chr4	113250000	113500000	-0.136489
chr4	113500000	113750000	0.0754445
chr4	113750000	114000000	-0.279929
chr4	114000000	114250000	-0.656744
chr4	114250000	114500000	-0.644017
chr4	114500000	114750000	-0.625835
chr4	114750000	115000000	-0.663934
chr4	115000000	115250000	-0.649876
chr4	115250000	115500000	-0.84546
chr4	115500000	115750000	-0.836109
chr4	115750000	116000000	-0.655518
chr4	116000000	116250000	-0.611616
chr4	116250000	116500000	-0.615021
chr4	116500000	116750000	-0.641416
chr4	116750000	117000000	-0.605912
chr4	117000000	117250000	-0.539519
chr4	117250000	117500000	-0.704455
chr4	117500000	117750000	-0.655982
chr4	117750000	118000000	-0.558766
chr4	118000000	118250000	-0.401303
chr4	118250000	118500000	-0.136947
chr4	118500000	118750000	0.149712
chr4	118750000	119000000	0.386998
chr4	119000000	119250000	0.440117
chr4	119250000	119500000	0.321497
chr4	119500000	119750000	-0.222598
chr4	119750000	120000000	-0.583009
chr4	120000000	120250000	-0.185617
chr4	120250000	120500000	-0.360877
chr4	120500000	120750000	-0.280233
chr4	120750000	121000000	0.0185476
chr4	121000000	121250000	0.00950535
chr4	121250000	121500000	0.0325256
chr4	121500000	121750000	0.0779228
chr4	121750000	122000000	0.422067
chr4	122000000	122250000	0.436136
chr4	122250000	122500000	0.236562
chr4	122500000	122750000	0.137616
chr4	122750000	123000000	-0.00873365
chr4	123000000	123250000	-0.139431
chr4	123250000	123500000	0.0347363
chr4	123500000	123750000	0.00805287
chr4	123750000	124000000	-0.143761
chr4	124000000	124250000	-0.16748
chr4	124250000	124500000	-0.284726
chr4	124500000	124750000	-0.342585
chr4	124750000	125000000	-0.401186
chr4	125000000	125250000	-0.401408
chr4	125250000	125500000	-0.346557
chr4	125500000	125750000	-0.500417
chr4	125750000	126000000	-0.592339
chr4	126000000	126250000	-0.690128
chr4	126250000	126500000	-0.645603
chr4	126500000	126750000	-0.460785
chr4	126750000	127000000	-0.562503
chr4	127000000	127250000	-0.583394
chr4	127250000	127500000	-0.468188
chr4	127500000	127750000	-0.187331
chr4	127750000	128000000	-0.0398685
chr4	128000000	128250000	0.0287264
chr4	128250000	128500000	0.17097
chr4	128500000	128750000	0.387219
chr4	128750000	129000000	0.0261104
chr4	129000000	129250000	-0.384474
chr4	129250000	129500000	-0.307848
chr4	129500000	129750000	-0.418229
chr4	129750000	130000000	-0.430835
chr4	130000000	130250000	-0.407725
chr4	130250000	130500000	-0.401105
chr4	130500000	130750000	-0.462078
chr4	130750000	131000000	-0.548946
chr4	131000000	131250000	-0.562356
chr4	131250000	131500000	-0.643503
chr4	131500000	131750000	-0.579802
chr4	131750000	132000000	nan
chr4	132000000	132250000	-0.561305
chr4	132250000	132500000	-0.647069
chr4	132500000	132750000	-0.446315
chr4	132750000	133000000	-0.578851
chr4	133000000	133250000	-0.422847
chr4	133250000	133500000	-0.406089
chr4	133500000	133750000	-0.479626
chr4	133750000	134000000	-0.450581
chr4	134000000	134250000	-0.430449
chr4	134250000	134500000	-0.438507
chr4	134500000	134750000	-0.469416
chr4	134750000	135000000	-0.449623
chr4	135000000	135250000	-0.56297
chr4	135250000	135500000	-0.590824
chr4	135500000	135750000	-0.624417
chr4	135750000	136000000	-0.600414
chr4	136000000	136250000	-0.606222
chr4	136250000	136500000	-0.549121
chr4	136500000	136750000	-0.528876
chr4	136750000	137000000	-0.440331
chr4	137000000	137250000	-0.435908
chr4	137250000	137500000	-0.446176
chr4	137500000	137750000	-0.315322
chr4	137750000	138000000	-0.321949
chr4	138000000	138250000	-0.0348075
chr4	138250000	138500000	-0.216747
chr4	138500000	138750000	-0.0985092
chr4	138750000	139000000	0.173408
chr4	139000000	139250000	0.770159
chr4	139250000	139500000	0.795594
chr4	139500000	139750000	0.770424
chr4	139750000	140000000	0.840245
chr4	140000000	140250000	0.79246
chr4	140250000	140500000	0.618096
chr4	140500000	140750000	0.5707
chr4	140750000	141000000	0.377381
chr4	141000000	141250000	0.158163
chr4	141250000	141500000	-0.360092
chr4	141500000	141750000	-0.46046
chr4	141750000	142000000	-0.34065
chr4	142000000	142250000	-0.196683
chr4	142250000	142500000	-0.216748
chr4	142500000	142750000	-0.324053
chr4	142750000	143000000	-0.28502
chr4	143000000	143250000	-0.218299
chr4	143250000	143500000	0.101832
chr4	143500000	143750000	-0.134908
chr4	143750000	144000000	-0.166133
chr4	144000000	144250000	-0.134426
chr4	144250000	144500000	-0.142322
chr4	144500000	144750000	-0.166489
chr4	144750000	145000000	-0.279749
chr4	145000000	145250000	0.190494
chr4	145250000	145500000	-0.00842161
chr4	145500000	145750000	0.239187
chr4	145750000	146000000	0.357844
chr4	146000000	146250000	0.227116
chr4	146250000	146500000	0.0374258
chr4	146500000	146750000	-0.0608047
chr4	146750000	147000000	-0.0962021
chr4	147000000	147250000	0.230843
chr4	147250000	147500000	0.256357
chr4	147500000	147750000	0.290254
chr4	147750000	148000000	0.0114569
chr4	148000000	148250000	-0.309404
chr4	148250000	148500000	-0.407847
chr4	148500000	148750000	-0.643584
chr4	148750000	149000000	-0.57035
chr4	149000000	149250000	-0.699836
chr4	149250000	149500000	-0.817125
chr4	149500000	149750000	-0.910634
chr4	149750000	150000000	-0.586824
chr4	150000000	150250000	-0.132855
chr4	150250000	150500000	0.214346
chr4	150500000	150750000	0.141369
chr4	150750000	151000000	0.343911
chr4	151000000	151250000	0.635273
chr4	151250000	151500000	0.698881
chr4	151500000	151750000	0.761282
chr4	151750000	152000000	0.831161
chr4	152000000	152250000	0.852493
chr4	152250000	152500000	0.775508
chr4	152500000	152750000	0.819246
chr4	152750000	153000000	0.766741
chr4	153000000	153250000	0.7026
chr4	153250000	153500000	0.549076
chr4	153500000	153750000	0.366412
chr4	153750000	154000000	-0.0288704
chr4	154000000	154250000	-0.267873
chr4	154250000	154500000	-0.267572
chr4	154500000	154750000	-0.150685
chr4	154750000	155000000	-0.419852
chr4	155000000	155250000	-0.673825
chr4	155250000	155500000	-0.192888
chr4	155500000	155750000	0.155394
chr4	155750000	156000000	-0.274715
chr4	156000000	156250000	-0.582156
chr4	156250000	156500000	-0.554627
chr4	156500000	156750000	-0.514876
chr4	156750000	157000000	-0.455434
chr4	157000000	157250000	-0.49576
chr4	157250000	157500000	-0.721681
chr4	157500000	157750000	-0.723441
chr4	157750000	158000000	-0.571406
chr4	158000000	158250000	-0.377634
chr4	158250000	158500000	-0.405609
chr4	158500000	158750000	-0.0666713
chr4	158750000	159000000	0.370035
chr4	159000000	159250000	0.36048
chr4	159250000	159500000	0.280458
chr4	159500000	159750000	-0.432237
chr4	159750000	160000000	-0.352797
chr4	160000000	160250000	-0.540365
chr4	160250000	160500000	-0.539042
chr4	160500000	160750000	-0.592788
chr4	160750000	161000000	-0.586864
chr4	161000000	161250000	-0.588789
chr4	161250000	161500000	-0.512765
chr4	161500000	161750000	-0.562604
chr4	161750000	162000000	-0.523831
chr4	162000000	162250000	-0.342691
chr4	162250000	162500000	-0.471729
chr4	162500000	162750000	-0.469288
chr4	162750000	163000000	-0.506032
chr4	163000000	163250000	-0.145617
chr4	163250000	163500000	-0.148617
chr4	163500000	163750000	-0.391336
chr4	163750000	164000000	-0.639446
chr4	164000000	164250000	-0.554642
chr4	164250000	164500000	-0.617674
chr4	164500000	164750000	-0.550883
chr4	164750000	165000000	-0.0606161
chr4	165000000	165250000	0.156912
chr4	165250000	165500000	0.121221
chr4	165500000	165750000	-0.511371
chr4	165750000	166000000	-0.691859
chr4	166000000	166250000	-0.513407
chr4	166250000	166500000	-0.755763
chr4	166500000	166750000	-0.661736
chr4	166750000	167000000	-0.744735
chr4	167000000	167250000	-0.595782
chr4	167250000	167500000	-0.568982
chr4	167500000	167750000	-0.633255
chr4	167750000	168000000	-0.689498
chr4	168000000	168250000	-0.149333
chr4	168250000	168500000	0.407096
chr4	168500000	168750000	0.389901
chr4	168750000	169000000	0.564087
chr4	169000000	169250000	0.443607
chr4	169250000	169500000	0.356469
chr4	169500000	169750000	0.31221
chr4	169750000	170000000	-0.0341669
chr4	170000000	170250000	-0.255021
chr4	170250000	170500000	-0.550967
chr4	170500000	170750000	-0.71776
chr4	170750000	171000000	-0.615438
chr4	171000000	171250000	-0.74112
chr4	171250000	171500000	-0.808945
chr4	171500000	171750000	-0.647543
chr4	171750000	172000000	-0.58687
chr4	172000000	172250000	-0.572518
chr4	172250000	172500000	-0.760885
chr4	172500000	172750000	-0.704279
chr4	172750000	173000000	-0.470995
chr4	173000000	173250000	-0.0416261
chr4	173250000	173500000	0.252797
chr4	173500000	173750000	0.388597
chr4	173750000	174000000	0.33621
chr4	174000000	174250000	0.161085
chr4	174250000	174500000	-0.315963
chr4	174500000	174750000	-0.612425
chr4	174750000	175000000	-0.742249
chr4	175000000	175250000	-0.956189
chr4	175250000	175500000	-0.755714
chr4	175500000	175750000	-0.812356
chr4	175750000	176000000	-0.719273
chr4	176000000	176250000	-0.35348
chr4	176250000	176500000	-0.419351
chr4	176500000	176750000	-0.579394
chr4	176750000	177000000	-0.548616
chr4	177000000	177250000	-0.509018
chr4	177250000	177500000	-0.2675
chr4	177500000	177750000	-0.547788
chr4	177750000	178000000	-0.647625
chr4	178000000	178250000	-0.546246
chr4	178250000	178500000	-0.635172
chr4	178500000	178750000	-0.737405
chr4	178750000	179000000	-0.784625
chr4	179000000	179250000	-0.771419
chr4	179250000	179500000	-0.781162
chr4	179500000	179750000	-0.855389
chr4	179750000	180000000	-0.864287
chr4	180000000	180250000	-0.746475
chr4	180250000	180500000	-0.751616
chr4	180500000	180750000	-0.497177
chr4	180750000	181000000	-0.375681
chr4	181000000	181250000	-0.132469
chr4	181250000	181500000	-0.0243027
chr4	181500000	181750000	0.259461
chr4	181750000	182000000	0.329693
chr4	182000000	182250000	0.399317
chr4	182250000	182500000	0.414937
chr4	182500000	182750000	0.406376
chr4	182750000	183000000	0.484944
chr4	183000000	183250000	0.571738
chr4	183250000	183500000	0.764217
chr4	183500000	183750000	0.895633
chr4	183750000	184000000	0.931209
chr4	184000000	184250000	0.90473
chr4	184250000	184500000	0.957448
chr4	184500000	184750000	0.955515
chr4	184750000	185000000	1.00522
chr4	185000000	185250000	0.99463
chr4	185250000	185500000	0.911286
chr4	185500000	185750000	0.721583
chr4	185750000	186000000	0.764922
chr4	186000000	186250000	0.631741
chr4	186250000	186500000	0.180444
chr4	186500000	186750000	0.316989
chr4	186750000	187000000	-0.0155999
chr4	187000000	187250000	-0.241381
chr4	187250000	187500000	-0.300621
chr4	187500000	187750000	-0.207901
chr4	187750000	188000000	-0.25388
chr4	188000000	188250000	-0.0604697
chr4	188250000	188500000	-0.111071
chr4	188500000	188750000	-0.305129
chr4	188750000	189000000	-0.448056
chr4	189000000	189250000	-0.221469
chr4	189250000	189500000	-0.169218
chr4	189500000	189750000	0.136755
chr4	189750000	190000000	0.113813
chr4	190000000	190214555	nan
#bedGraph section chr5:0-181538259
chr5	0	250000	0.984394
chr5	250000	500000	1.00188
chr5	500000	750000	0.98608
chr5	750000	1000000	0.951547
chr5	1000000	1250000	0.959821
chr5	1250000	1500000	0.906608
chr5	1500000	1750000	0.781548
chr5	1750000	2000000	0.791109
chr5	2000000	2250000	0.55293
chr5	2250000	2500000	0.469852
chr5	2500000	2750000	0.491254
chr5	2750000	3000000	0.508744
chr5	3000000	3250000	0.540743
chr5	3250000	3500000	0.500242
chr5	3500000	3750000	0.409739
chr5	3750000	4000000	0.356428
chr5	4000000	4250000	0.395326
chr5	4250000	4500000	0.274763
chr5	4500000	4750000	0.319451
chr5	4750000	5000000	0.184399
chr5	5000000	5250000	0.0856102
chr5	5250000	5500000	0.213179
chr5	5500000	5750000	0.0733064
chr5	5750000	6000000	0.00450362
chr5	6000000	6250000	0.0132956
chr5	6250000	6500000	0.201893
chr5	6500000	6750000	0.261798
chr5	6750000	7000000	-0.0940326
chr5	7000000	7250000	-0.218861
chr5	7250000	7500000	-0.120465
chr5	7500000	7750000	-0.152091
chr5	7750000	8000000	-0.106339
chr5	8000000	8250000	-0.520829
chr5	8250000	8500000	-0.489923
chr5	8500000	8750000	-0.519861
chr5	8750000	9000000	-0.438232
chr5	9000000	9250000	-0.278937
chr5	9250000	9500000	-0.0627923
chr5	9500000	9750000	-0.110916
chr5	9750000	10000000	-0.200643
chr5	10000000	10250000	-0.0620001
chr5	10250000	10500000	0.379834
chr5	10500000	10750000	0.366715
chr5	10750000	11000000	-0.0195075
chr5	11000000	11250000	-0.117739
chr5	11250000	11500000	-0.26907
chr5	11500000	11750000	-0.329957
chr5	11750000	12000000	-0.382927
chr5	12000000	12250000	-0.475844
chr5	12250000	12500000	-0.513885
chr5	12500000	12750000	-0.546572
chr5	12750000	13000000	-0.510676
chr5	13000000	13250000	-0.483676
chr5	13250000	13500000	-0.388317
chr5	13500000	13750000	-0.328856
chr5	13750000	14000000	-0.1976
chr5	14000000	14250000	0.362012
chr5	14250000	14500000	0.362904
chr5	14500000	14750000	0.262023
chr5	14750000	15000000	0.299746
chr5	15000000	15250000	-0.0379235
chr5	15250000	15500000	-0.0898962
chr5	15500000	15750000	-0.011739
chr5	15750000	16000000	-0.0786331
chr5	16000000	16250000	-0.0251946
chr5	16250000	16500000	0.0634558
chr5	16500000	16750000	0.251174
chr5	16750000	17000000	0.291234
chr5	17000000	17250000	0.128517
chr5	17250000	17500000	-0.0945366
chr5	17500000	17750000	-0.35245
chr5	17750000	18000000	-0.470872
chr5	18000000	18250000	-0.516063
chr5	18250000	18500000	-0.373485
chr5	18500000	18750000	-0.500711
chr5	18750000	19000000	-0.444428
chr5	19000000	19250000	-0.465801
chr5	19250000	19500000	-0.460843
chr5	19500000	19750000	-0.441507
chr5	19750000	20000000	-0.446784
chr5	20000000	20250000	-0.474383
chr5	20250000	20500000	-0.418064
chr5	20500000	20750000	-0.390208
chr5	20750000	21000000	-0.420373
chr5	21000000	21250000	-0.498992
chr5	21250000	21500000	-0.342724
chr5	21500000	21750000	-0.444165
chr5	21750000	22000000	-0.454441
chr5	22000000	22250000	-0.490827
chr5	22250000	22500000	-0.515625
chr5	22500000	22750000	-0.545406
chr5	22750000	23000000	-0.549536
chr5	23000000	23250000	-0.484418
chr5	23250000	23500000	-0.522265
chr5	23500000	23750000	-0.529172
chr5	23750000	24000000	-0.533109
chr5	24000000	24250000	-0.525297
chr5	24250000	24500000	-0.414163
chr5	24500000	24750000	-0.344631
chr5	24750000	25000000	-0.470188
chr5	25000000	25250000	-0.441722
chr5	25250000	25500000	-0.455772
chr5	25500000	25750000	-0.486609
chr5	25750000	26000000	-0.510134
chr5	26000000	26250000	-0.503649
chr5	26250000	26500000	-0.491505
chr5	26500000	26750000	-0.439344
chr5	26750000	27000000	-0.545527
chr5	27000000	27250000	-0.573798
chr5	27250000	27500000	-0.621838
chr5	27500000	27750000	-0.571826
chr5	27750000	28000000	-0.63808
chr5	28000000	28250000	-0.608542
chr5	28250000	28500000	-0.519374
chr5	28500000	28750000	-0.537
chr5	28750000	29000000	-0.511838
chr5	29000000	29250000	-0.521815
chr5	29250000	29500000	-0.584832
chr5	29500000	29750000	-0.582422
chr5	29750000	30000000	-0.535293
chr5	30000000	30250000	-0.539177
chr5	30250000	30500000	-0.514117
chr5	30500000	30750000	-0.604735
chr5	30750000	31000000	-0.582313
chr5	31000000	31250000	-0.446719
chr5	31250000	31500000	-0.190961
chr5	31500000	31750000	0.252445
chr5	31750000	32000000	0.292273
chr5	32000000	32250000	0.388428
chr5	32250000	32500000	0.482702
chr5	32500000	32750000	0.184788
chr5	32750000	33000000	-0.147878
chr5	33000000	33250000	-0.207188
chr5	33250000	33500000	0.0912252
chr5	33500000	33750000	0.260013
chr5	33750000	34000000	0.287271
chr5	34000000	34250000	0.15498
chr5	34250000	34500000	-0.0203618
chr5	34500000	34750000	0.242819
chr5	34750000	35000000	0.199842
chr5	35000000	35250000	-0.0171957
chr5	35250000	35500000	-0.158447
chr5	35500000	35750000	-0.176624
chr5	35750000	36000000	-0.0790813
chr5	36000000	36250000	0.221454
chr5	36250000	36500000	0.231579
chr5	36500000	36750000	0.38404
chr5	36750000	37000000	0.40795
chr5	37000000	37250000	0.627
chr5	37250000	37500000	0.369937
chr5	37500000	37750000	0.0708053
chr5	37750000	38000000	0.0707461
chr5	38000000	38250000	0.0645846
chr5	38250000	38500000	0.190488
chr5	38500000	38750000	0.287971
chr5	38750000	39000000	0.0397927
chr5	39000000	39250000	-0.24227
chr5	39250000	39500000	-0.356365
chr5	39500000	39750000	-0.383788
chr5	39750000	40000000	-0.5688
chr5	40000000	40250000	-0.679599
chr5	40250000	40500000	-0.660838
chr5	40500000	40750000	-0.414216
chr5	40750000	41000000	-0.195055
chr5	41000000	41250000	-0.566719
chr5	41250000	41500000	-0.444434
chr5	41500000	41750000	-0.432838
chr5	41750000	42000000	-0.335629
chr5	42000000	42250000	-0.579262
chr5	42250000	42500000	-0.595875
chr5	42500000	42750000	-0.437266
chr5	42750000	43000000	-0.239252
chr5	43000000	43250000	0.219337
chr5	43250000	43500000	0.114587
chr5	43500000	43750000	0.0459737
chr5	43750000	44000000	-0.413977
chr5	44000000	44250000	-0.53547
chr5	44250000	44500000	-0.290626
chr5	44500000	44750000	-0.331473
chr5	44750000	45000000	-0.321477
chr5	45000000	45250000	-0.563191
chr5	45250000	45500000	-0.650196
chr5	45500000	45750000	-0.440037
chr5	45750000	46000000	nan
chr5	46000000	46250000	nan
chr5	46250000	46500000	nan
chr5	46500000	46750000	nan
chr5	46750000	47000000	nan
chr5	47000000	47250000	nan
chr5	47250000	47500000	nan
chr5	47500000	47750000	nan
chr5	47750000	48000000	nan
chr5	48000000	48250000	nan
chr5	48250000	48500000	nan
chr5	48500000	48750000	nan
chr5	48750000	49000000	nan
chr5	49000000	49250000	nan
chr5	49250000	49500000	nan
chr5	49500000	49750000	nan
chr5	49750000	50000000	nan
chr5	50000000	50250000	nan
chr5	50250000	50500000	nan
chr5	50500000	50750000	-0.990135
chr5	50750000	51000000	-0.668188
chr5	51000000	51250000	-0.74371
chr5	51250000	51500000	-0.445017
chr5	51500000	51750000	-0.479517
chr5	51750000	52000000	-0.582626
chr5	52000000	52250000	-0.826802
chr5	52250000	52500000	-0.86649
chr5	52500000	52750000	-0.714895
chr5	52750000	53000000	-0.518634
chr5	53000000	53250000	-0.335582
chr5	53250000	53500000	-0.16325
chr5	53500000	53750000	0.0630152
chr5	53750000	54000000	0.0593537
chr5	54000000	54250000	0.076004
chr5	54250000	54500000	0.226274
chr5	54500000	54750000	0.40608
chr5	54750000	55000000	0.309876
chr5	55000000	55250000	0.368084
chr5	55250000	55500000	0.705666
chr5	55500000	55750000	0.65844
chr5	55750000	56000000	0.505583
chr5	56000000	56250000	0.623451
chr5	56250000	56500000	0.598094
chr5	56500000	56750000	0.676575
chr5	56750000	57000000	0.588203
chr5	57000000	57250000	0.556744
chr5	57250000	57500000	0.146907
chr5	57500000	57750000	-0.03412
chr5	57750000	58000000	-0.0549288
chr5	58000000	58250000	-0.141398
chr5	58250000	58500000	-0.0797096
chr5	58500000	58750000	-0.203147
chr5	58750000	59000000	-0.0686013
chr5	59000000	59250000	-0.0313145
chr5	59250000	59500000	-0.188207
chr5	59500000	59750000	-0.296243
chr5	59750000	60000000	-0.620873
chr5	60000000	60250000	-0.858283
chr5	60250000	60500000	-0.738973
chr5	60500000	60750000	-0.590475
chr5	60750000	61000000	-0.530896
chr5	61000000	61250000	-0.387793
chr5	61250000	61500000	-0.247016
chr5	61500000	61750000	-0.338389
chr5	61750000	62000000	-0.435545
chr5	62000000	62250000	-0.400347
chr5	62250000	62500000	-0.233748
chr5	62500000	62750000	-0.392927
chr5	62750000	63000000	-0.542688
chr5	63000000	63250000	-0.622418
chr5	63250000	63500000	-0.64911
chr5	63500000	63750000	-0.810562
chr5	63750000	64000000	-0.697613
chr5	64000000	64250000	-0.600804
chr5	64250000	64500000	-0.661088
chr5	64500000	64750000	-0.409081
chr5	64750000	65000000	-0.237516
chr5	65000000	65250000	-0.165296
chr5	65250000	65500000	-0.208666
chr5	65500000	65750000	0.141361
chr5	65750000	66000000	0.274453
chr5	66000000	66250000	0.370362
chr5	66250000	66500000	0.179439
chr5	66500000	66750000	0.153794
chr5	66750000	67000000	0.330044
chr5	67000000	67250000	0.355239
chr5	67250000	67500000	0.170254
chr5	67500000	67750000	0.146343
chr5	67750000	68000000	0.169743
chr5	68000000	68250000	0.22339
chr5	68250000	68500000	0.329806
chr5	68500000	68750000	0.280804
chr5	68750000	69000000	0.312526
chr5	69000000	69250000	0.629141
chr5	69250000	69500000	0.66782
chr5	69500000	69750000	nan
chr5	69750000	70000000	nan
chr5	70000000	70250000	nan
chr5	70250000	70500000	nan
chr5	70500000	70750000	nan
chr5	70750000	71000000	nan
chr5	71000000	71250000	nan
chr5	71250000	71500000	nan
chr5	71500000	71750000	0.729202
chr5	71750000	72000000	0.741075
chr5	72000000	72250000	0.793325
chr5	72250000	72500000	0.754771
chr5	72500000	72750000	0.771678
chr5	72750000	73000000	0.794353
chr5	73000000	73250000	0.819832
chr5	73250000	73500000	0.833318
chr5	73500000	73750000	0.727717
chr5	73750000	74000000	0.591324
chr5	74000000	74250000	0.590917
chr5	74250000	74500000	0.635741
chr5	74500000	74750000	0.627963
chr5	74750000	75000000	0.547832
chr5	75000000	75250000	0.413718
chr5	75250000	75500000	0.516944
chr5	75500000	75750000	0.50411
chr5	75750000	76000000	0.282432
chr5	76000000	76250000	0.373171
chr5	76250000	76500000	0.54343
chr5	76500000	76750000	0.574759
chr5	76750000	77000000	0.725507
chr5	77000000	77250000	0.69858
chr5	77250000	77500000	0.683591
chr5	77500000	77750000	0.607994
chr5	77750000	78000000	0.702577
chr5	78000000	78250000	0.622177
chr5	78250000	78500000	0.681255
chr5	78500000	78750000	0.770864
chr5	78750000	79000000	0.722638
chr5	79000000	79250000	0.73467
chr5	79250000	79500000	0.789541
chr5	79500000	79750000	0.845927
chr5	79750000	80000000	0.798029
chr5	80000000	80250000	0.819664
chr5	80250000	80500000	0.736879
chr5	80500000	80750000	0.617899
chr5	80750000	81000000	0.499223
chr5	81000000	81250000	0.518913
chr5	81250000	81500000	0.499966
chr5	81500000	81750000	0.472018
chr5	81750000	82000000	0.451446
chr5	82000000	82250000	0.380508
chr5	82250000	82500000	0.191024
chr5	82500000	82750000	0.114897
chr5	82750000	83000000	0.186608
chr5	83000000	83250000	0.219177
chr5	83250000	83500000	0.210731
chr5	83500000	83750000	-0.151506
chr5	83750000	84000000	-0.50731
chr5	84000000	84250000	-0.639051
chr5	84250000	84500000	-0.587217
chr5	84500000	84750000	-0.669051
chr5	84750000	85000000	-0.700716
chr5	85000000	85250000	-0.632567
chr5	85250000	85500000	-0.716377
chr5	85500000	85750000	-0.73856
chr5	85750000	86000000	-0.676023
chr5	86000000	86250000	-0.704685
chr5	86250000	86500000	-0.632096
chr5	86500000	86750000	-0.567743
chr5	86750000	87000000	-0.531029
chr5	87000000	87250000	-0.641842
chr5	87250000	87500000	-0.596302
chr5	87500000	87750000	-0.895299
chr5	87750000	88000000	-0.825571
chr5	88000000	88250000	-0.721744
chr5	88250000	88500000	-0.766405
chr5	88500000	88750000	-0.519303
chr5	88750000	89000000	0.00743005
chr5	89000000	89250000	-0.0150633
chr5	89250000	89500000	-0.0212829
chr5	89500000	89750000	-0.111838
chr5	89750000	90000000	-0.101181
chr5	90000000	90250000	-0.0727847
chr5	90250000	90500000	-0.066961
chr5	90500000	90750000	-0.207966
chr5	90750000	91000000	-0.311647
chr5	91000000	91250000	-0.225261
chr5	91250000	91500000	-0.219268
chr5	91500000	91750000	-0.77043
chr5	91750000	92000000	-0.950047
chr5	92000000	92250000	-0.97151
chr5	92250000	92500000	-0.844637
chr5	92500000	92750000	-0.738275
chr5	92750000	93000000	-0.410897
chr5	93000000	93250000	-0.170551
chr5	93250000	93500000	-0.283597
chr5	93500000	93750000	-0.372856
chr5	93750000	94000000	-0.548757
chr5	94000000	94250000	-0.68276
chr5	94250000	94500000	-0.795988
chr5	94500000	94750000	-0.662163
chr5	94750000	95000000	-0.660515
chr5	95000000	95250000	-0.808986
chr5	95250000	95500000	-0.555787
chr5	95500000	95750000	0.0360817
chr5	95750000	96000000	0.0617508
chr5	96000000	96250000	-0.240749
chr5	96250000	96500000	-0.278247
chr5	96500000	96750000	-0.233155
chr5	96750000	97000000	-0.0830557
chr5	97000000	97250000	-0.115398
chr5	97250000	97500000	-0.701979
chr5	97500000	97750000	-0.797636
chr5	97750000	98000000	-0.793977
chr5	98000000	98250000	-0.780754
chr5	98250000	98500000	-0.791539
chr5	98500000	98750000	-0.729403
chr5	98750000	99000000	-0.38944
chr5	99000000	99250000	-0.610875
chr5	99250000	99500000	-0.792755
chr5	99500000	99750000	-0.815178
chr5	99750000	100000000	-0.837574
chr5	100000000	100250000	-0.831936
chr5	100250000	100500000	-0.677793
chr5	100500000	100750000	-0.696265
chr5	100750000	101000000	-0.751269
chr5	101000000	101250000	-0.827934
chr5	101250000	101500000	-0.784277
chr5	101500000	101750000	-0.788445
chr5	101750000	102000000	-0.877526
chr5	102000000	102250000	-0.834122
chr5	102250000	102500000	-0.888461
chr5	102500000	102750000	-0.676241
chr5	102750000	103000000	-0.503681
chr5	103000000	103250000	-0.472545
chr5	103250000	103500000	-0.478199
chr5	103500000	103750000	-0.707993
chr5	103750000	104000000	-0.811017
chr5	104000000	104250000	-0.867159
chr5	104250000	104500000	-0.749934
chr5	104500000	104750000	-0.849136
chr5	104750000	105000000	-0.8354
chr5	105000000	105250000	-0.847091
chr5	105250000	105500000	-0.850233
chr5	105500000	105750000	-0.837153
chr5	105750000	106000000	-0.812478
chr5	106000000	106250000	-0.739394
chr5	106250000	106500000	-0.758016
chr5	106500000	106750000	-0.780786
chr5	106750000	107000000	-0.635955
chr5	107000000	107250000	-0.60105
chr5	107250000	107500000	-0.37472
chr5	107500000	107750000	-0.377718
chr5	107750000	108000000	-0.343173
chr5	108000000	108250000	-0.343454
chr5	108250000	108500000	-0.168878
chr5	108500000	108750000	0.0939252
chr5	108750000	109000000	0.0790582
chr5	109000000	109250000	0.0349935
chr5	109250000	109500000	0.103481
chr5	109500000	109750000	-0.0972445
chr5	109750000	110000000	-0.227797
chr5	110000000	110250000	-0.437041
chr5	110250000	110500000	-0.529859
chr5	110500000	110750000	-0.623185
chr5	110750000	111000000	-0.79916
chr5	111000000	111250000	-0.59781
chr5	111250000	111500000	-0.55162
chr5	111500000	111750000	-0.163456
chr5	111750000	112000000	-0.197162
chr5	112000000	112250000	-0.188074
chr5	112250000	112500000	-0.0635015
chr5	112500000	112750000	-0.00276641
chr5	112750000	113000000	0.145056
chr5	113000000	113250000	0.292301
chr5	113250000	113500000	0.172309
chr5	113500000	113750000	-0.128059
chr5	113750000	114000000	-0.333592
chr5	114000000	114250000	-0.390121
chr5	114250000	114500000	-0.360452
chr5	114500000	114750000	-0.62692
chr5	114750000	115000000	-0.59537
chr5	115000000	115250000	-0.387798
chr5	115250000	115500000	-0.431788
chr5	115500000	115750000	-0.426634
chr5	115750000	116000000	-0.541772
chr5	116000000	116250000	-0.470863
chr5	116250000	116500000	-0.417944
chr5	116500000	116750000	-0.273197
chr5	116750000	117000000	-0.311202
chr5	117000000	117250000	-0.453486
chr5	117250000	117500000	-0.570592
chr5	117500000	117750000	-0.570315
chr5	117750000	118000000	-0.591527
chr5	118000000	118250000	-0.606431
chr5	118250000	118500000	-0.584186
chr5	118500000	118750000	-0.52004
chr5	118750000	119000000	-0.538397
chr5	119000000	119250000	-0.391509
chr5	119250000	119500000	-0.374979
chr5	119500000	119750000	-0.713377
chr5	119750000	120000000	-0.837402
chr5	120000000	120250000	-0.922248
chr5	120250000	120500000	-0.836029
chr5	120500000	120750000	-0.729716
chr5	120750000	121000000	-0.751481
chr5	121000000	121250000	-0.743934
chr5	121250000	121500000	-0.751272
chr5	121500000	121750000	-0.58453
chr5	121750000	122000000	-0.492515
chr5	122000000	122250000	-0.251567
chr5	122250000	122500000	0.0136137
chr5	122500000	122750000	0.14762
chr5	122750000	123000000	0.240189
chr5	123000000	123250000	0.297012
chr5	123250000	123500000	0.266907
chr5	123500000	123750000	0.322504
chr5	123750000	124000000	0.392142
chr5	124000000	124250000	0.383396
chr5	124250000	124500000	0.41479
chr5	124500000	124750000	0.455256
chr5	124750000	125000000	0.462196
chr5	125000000	125250000	0.43139
chr5	125250000	125500000	0.386255
chr5	125500000	125750000	0.354763
chr5	125750000	126000000	0.311309
chr5	126000000	126250000	0.34934
chr5	126250000	126500000	0.405925
chr5	126500000	126750000	0.42158
chr5	126750000	127000000	0.419213
chr5	127000000	127250000	0.298653
chr5	127250000	127500000	0.212359
chr5	127500000	127750000	-0.00460102
chr5	127750000	128000000	-0.111636
chr5	128000000	128250000	-0.0763378
chr5	128250000	128500000	0.0433501
chr5	128500000	128750000	-0.190661
chr5	128750000	129000000	-0.201093
chr5	129000000	129250000	-0.386326
chr5	129250000	129500000	-0.46058
chr5	129500000	129750000	-0.490892
chr5	129750000	130000000	-0.493299
chr5	130000000	130250000	-0.632075
chr5	130250000	130500000	-0.787733
chr5	130500000	130750000	-0.703843
chr5	130750000	131000000	-0.582255
chr5	131000000	131250000	-0.40755
chr5	131250000	131500000	-0.162252
chr5	131500000	131750000	0.157461
chr5	131750000	132000000	0.0983378
chr5	132000000	132250000	0.353935
chr5	132250000	132500000	0.597584
chr5	132500000	132750000	0.677721
chr5	132750000	133000000	0.805374
chr5	133000000	133250000	0.806359
chr5	133250000	133500000	0.818887
chr5	133500000	133750000	0.820526
chr5	133750000	134000000	0.821216
chr5	134000000	134250000	0.852959
chr5	134250000	134500000	0.847947
chr5	134500000	134750000	0.872198
chr5	134750000	135000000	0.854744
chr5	135000000	135250000	0.854201
chr5	135250000	135500000	0.776334
chr5	135500000	135750000	0.714252
chr5	135750000	136000000	0.669505
chr5	136000000	136250000	0.623064
chr5	136250000	136500000	0.471112
chr5	136500000	136750000	0.454726
chr5	136750000	137000000	0.447353
chr5	137000000	137250000	0.540001
chr5	137250000	137500000	0.625273
chr5	137500000	137750000	0.663428
chr5	137750000	138000000	0.734537
chr5	138000000	138250000	0.767011
chr5	138250000	138500000	0.789024
chr5	138500000	138750000	0.711276
chr5	138750000	139000000	0.692856
chr5	139000000	139250000	0.710838
chr5	139250000	139500000	0.722364
chr5	139500000	139750000	0.786812
chr5	139750000	140000000	0.821349
chr5	140000000	140250000	0.768939
chr5	140250000	140500000	0.66318
chr5	140500000	140750000	0.552488
chr5	140750000	141000000	0.28617
chr5	141000000	141250000	0.265298
chr5	141250000	141500000	0.329275
chr5	141500000	141750000	0.53463
chr5	141750000	142000000	0.673138
chr5	142000000	142250000	0.61378
chr5	142250000	142500000	0.616195
chr5	142500000	142750000	0.526263
chr5	142750000	143000000	0.44278
chr5	143000000	143250000	0.240759
chr5	143250000	143500000	0.166403
chr5	143500000	143750000	0.163243
chr5	143750000	144000000	0.121949
chr5	144000000	144250000	0.0809978
chr5	144250000	144500000	-0.0492696
chr5	144500000	144750000	-0.144504
chr5	144750000	145000000	-0.207166
chr5	145000000	145250000	-0.137063
chr5	145250000	145500000	-0.106338
chr5	145500000	145750000	-0.0356802
chr5	145750000	146000000	0.206358
chr5	146000000	146250000	0.407053
chr5	146250000	146500000	0.539007
chr5	146500000	146750000	0.444786
chr5	146750000	147000000	0.452266
chr5	147000000	147250000	0.411958
chr5	147250000	147500000	0.459825
chr5	147500000	147750000	0.450499
chr5	147750000	148000000	0.435151
chr5	148000000	148250000	0.351425
chr5	148250000	148500000	0.416216
chr5	148500000	148750000	0.453477
chr5	148750000	149000000	0.603296
chr5	149000000	149250000	0.614915
chr5	149250000	149500000	0.781899
chr5	149500000	149750000	0.792683
chr5	149750000	150000000	0.818063
chr5	150000000	150250000	0.878114
chr5	150250000	150500000	0.850965
chr5	150500000	150750000	0.829619
chr5	150750000	151000000	0.71151
chr5	151000000	151250000	0.79161
chr5	151250000	151500000	0.731677
chr5	151500000	151750000	0.70679
chr5	151750000	152000000	0.469954
chr5	152000000	152250000	0.390711
chr5	152250000	152500000	0.355809
chr5	152500000	152750000	0.187914
chr5	152750000	153000000	0.131507
chr5	153000000	153250000	0.234184
chr5	153250000	153500000	0.234301
chr5	153500000	153750000	0.308459
chr5	153750000	154000000	0.319039
chr5	154000000	154250000	0.522099
chr5	154250000	154500000	0.578645
chr5	154500000	154750000	0.628666
chr5	154750000	155000000	0.545972
chr5	155000000	155250000	0.0236847
chr5	155250000	155500000	-0.147502
chr5	155500000	155750000	-0.141949
chr5	155750000	156000000	-0.164269
chr5	156000000	156250000	-0.224096
chr5	156250000	156500000	-0.164105
chr5	156500000	156750000	-0.0707016
chr5	156750000	157000000	-0.029842
chr5	157000000	157250000	0.141666
chr5	157250000	157500000	0.512887
chr5	157500000	157750000	0.44174
chr5	157750000	158000000	0.480376
chr5	158000000	158250000	0.315605
chr5	158250000	158500000	0.20293
chr5	158500000	158750000	0.233411
chr5	158750000	159000000	0.271003
chr5	159000000	159250000	0.391412
chr5	159250000	159500000	0.385475
chr5	159500000	159750000	0.40278
chr5	159750000	160000000	0.420419
chr5	160000000	160250000	0.41892
chr5	160250000	160500000	0.193664
chr5	160500000	160750000	-0.374853
chr5	160750000	161000000	-0.451258
chr5	161000000	161250000	-0.52633
chr5	161250000	161500000	-0.617716
chr5	161500000	161750000	-0.778345
chr5	161750000	162000000	-0.918874
chr5	162000000	162250000	-0.899268
chr5	162250000	162500000	-1.05612
chr5	162500000	162750000	-1.07052
chr5	162750000	163000000	-1.08155
chr5	163000000	163250000	-1.07258
chr5	163250000	163500000	-0.529926
chr5	163500000	163750000	-0.547624
chr5	163750000	164000000	-0.732634
chr5	164000000	164250000	-0.849279
chr5	164250000	164500000	-0.864769
chr5	164500000	164750000	-0.969199
chr5	164750000	165000000	-1.05753
chr5	165000000	165250000	-0.926912
chr5	165250000	165500000	-1.00757
chr5	165500000	165750000	-0.885131
chr5	165750000	166000000	-0.944504
chr5	166000000	166250000	-0.892825
chr5	166250000	166500000	-0.821742
chr5	166500000	166750000	-0.751184
chr5	166750000	167000000	-0.679558
chr5	167000000	167250000	-0.596415
chr5	167250000	167500000	-0.666651
chr5	167500000	167750000	-0.387484
chr5	167750000	168000000	-0.181758
chr5	168000000	168250000	-0.0263191
chr5	168250000	168500000	0.370341
chr5	168500000	168750000	0.50546
chr5	168750000	169000000	0.47948
chr5	169000000	169250000	0.501937
chr5	169250000	169500000	0.424683
chr5	169500000	169750000	0.511455
chr5	169750000	170000000	0.589886
chr5	170000000	170250000	0.617941
chr5	170250000	170500000	0.67996
chr5	170500000	170750000	0.65784
chr5	170750000	171000000	0.418946
chr5	171000000	171250000	0.313658
chr5	171250000	171500000	0.674894
chr5	171500000	171750000	0.777586
chr5	171750000	172000000	0.779653
chr5	172000000	172250000	0.802223
chr5	172250000	172500000	0.825106
chr5	172500000	172750000	0.860709
chr5	172750000	173000000	0.80743
chr5	173000000	173250000	0.804662
chr5	173250000	173500000	0.758453
chr5	173500000	173750000	0.758215
chr5	173750000	174000000	0.792722
chr5	174000000	174250000	0.722943
chr5	174250000	174500000	0.748377
chr5	174500000	174750000	0.771146
chr5	174750000	175000000	0.700683
chr5	175000000	175250000	0.725698
chr5	175250000	175500000	0.721948
chr5	175500000	175750000	0.796721
chr5	175750000	176000000	0.777385
chr5	176000000	176250000	0.782296
chr5	176250000	176500000	0.799084
chr5	176500000	176750000	0.798187
chr5	176750000	177000000	0.81334
chr5	177000000	177250000	0.764993
chr5	177250000	177500000	0.716675
chr5	177500000	177750000	0.651359
chr5	177750000	178000000	nan
chr5	178000000	178250000	0.615496
chr5	178250000	178500000	0.660194
chr5	178500000	178750000	0.594893
chr5	178750000	179000000	0.508879
chr5	179000000	179250000	0.529316
chr5	179250000	179500000	0.603318
chr5	179500000	179750000	0.647397
chr5	179750000	180000000	0.6739
chr5	180000000	180250000	0.674787
chr5	180250000	180500000	0.69231
chr5	180500000	180750000	0.662898
chr5	180750000	181000000	0.658453
chr5	181000000	181250000	0.690072
chr5	181250000	181500000	nan
chr5	181500000	181538259	nan
#bedGraph section chr6:0-170805979
chr6	0	250000	nan
chr6	250000	500000	0.492117
chr6	500000	750000	0.483335
chr6	750000	1000000	0.452646
chr6	1000000	1250000	0.429583
chr6	1250000	1500000	0.47497
chr6	1500000	1750000	0.447078
chr6	1750000	2000000	0.359027
chr6	2000000	2250000	0.330189
chr6	2250000	2500000	0.354848
chr6	2500000	2750000	0.433041
chr6	2750000	3000000	0.577897
chr6	3000000	3250000	0.598712
chr6	3250000	3500000	0.571232
chr6	3500000	3750000	0.514545
chr6	3750000	4000000	0.507097
chr6	4000000	4250000	0.481587
chr6	4250000	4500000	0.415772
chr6	4500000	4750000	0.388193
chr6	4750000	5000000	0.408837
chr6	5000000	5250000	0.356784
chr6	5250000	5500000	0.241532
chr6	5500000	5750000	0.153473
chr6	5750000	6000000	0.226861
chr6	6000000	6250000	0.137941
chr6	6250000	6500000	0.0846633
chr6	6500000	6750000	0.290961
chr6	6750000	7000000	0.306422
chr6	7000000	7250000	0.342455
chr6	7250000	7500000	0.242964
chr6	7500000	7750000	0.157093
chr6	7750000	8000000	-0.0355588
chr6	8000000	8250000	-0.167595
chr6	8250000	8500000	-0.449761
chr6	8500000	8750000	-0.537189
chr6	8750000	9000000	-0.576778
chr6	9000000	9250000	-0.595738
chr6	9250000	9500000	-0.56261
chr6	9500000	9750000	-0.624174
chr6	9750000	10000000	-0.64775
chr6	10000000	10250000	-0.546359
chr6	10250000	10500000	-0.216191
chr6	10500000	10750000	0.0491431
chr6	10750000	11000000	0.15128
chr6	11000000	11250000	0.221631
chr6	11250000	11500000	0.196469
chr6	11500000	11750000	0.308806
chr6	11750000	12000000	0.195114
chr6	12000000	12250000	0.25062
chr6	12250000	12500000	0.215524
chr6	12500000	12750000	0.257686
chr6	12750000	13000000	0.338878
chr6	13000000	13250000	0.351562
chr6	13250000	13500000	0.490477
chr6	13500000	13750000	0.512749
chr6	13750000	14000000	0.52125
chr6	14000000	14250000	0.534718
chr6	14250000	14500000	0.486356
chr6	14500000	14750000	0.478197
chr6	14750000	15000000	0.492008
chr6	15000000	15250000	0.451009
chr6	15250000	15500000	0.521925
chr6	15500000	15750000	0.525672
chr6	15750000	16000000	0.466165
chr6	16000000	16250000	0.516411
chr6	16250000	16500000	0.506714
chr6	16500000	16750000	0.441258
chr6	16750000	17000000	0.476353
chr6	17000000	17250000	0.518927
chr6	17250000	17500000	0.548482
chr6	17500000	17750000	0.560313
chr6	17750000	18000000	0.514127
chr6	18000000	18250000	0.478666
chr6	18250000	18500000	0.40973
chr6	18500000	18750000	0.322663
chr6	18750000	19000000	0.266047
chr6	19000000	19250000	0.270263
chr6	19250000	19500000	0.24673
chr6	19500000	19750000	0.260998
chr6	19750000	20000000	0.347077
chr6	20000000	20250000	0.410757
chr6	20250000	20500000	0.415614
chr6	20500000	20750000	0.363765
chr6	20750000	21000000	0.336898
chr6	21000000	21250000	0.312098
chr6	21250000	21500000	0.348164
chr6	21500000	21750000	0.357144
chr6	21750000	22000000	0.314773
chr6	22000000	22250000	0.268608
chr6	22250000	22500000	0.225187
chr6	22500000	22750000	0.251075
chr6	22750000	23000000	0.231885
chr6	23000000	23250000	0.168141
chr6	23250000	23500000	0.185629
chr6	23500000	23750000	0.237834
chr6	23750000	24000000	0.19421
chr6	24000000	24250000	0.299062
chr6	24250000	24500000	0.408643
chr6	24500000	24750000	0.476051
chr6	24750000	25000000	0.473435
chr6	25000000	25250000	0.478938
chr6	25250000	25500000	0.474064
chr6	25500000	25750000	0.469053
chr6	25750000	26000000	0.515676
chr6	26000000	26250000	0.655482
chr6	26250000	26500000	0.631209
chr6	26500000	26750000	0.592816
chr6	26750000	27000000	nan
chr6	27000000	27250000	0.559853
chr6	27250000	27500000	0.545832
chr6	27500000	27750000	0.573271
chr6	27750000	28000000	0.57833
chr6	28000000	28250000	0.575646
chr6	28250000	28500000	0.607158
chr6	28500000	28750000	0.590521
chr6	28750000	29000000	0.595427
chr6	29000000	29250000	0.457192
chr6	29250000	29500000	0.466767
chr6	29500000	29750000	0.597085
chr6	29750000	30000000	0.660131
chr6	30000000	30250000	0.683291
chr6	30250000	30500000	0.702449
chr6	30500000	30750000	0.679083
chr6	30750000	31000000	0.682517
chr6	31000000	31250000	0.679699
chr6	31250000	31500000	0.680597
chr6	31500000	31750000	0.657179
chr6	31750000	32000000	0.65611
chr6	32000000	32250000	0.667326
chr6	32250000	32500000	0.636362
chr6	32500000	32750000	0.639107
chr6	32750000	33000000	0.645199
chr6	33000000	33250000	0.6726
chr6	33250000	33500000	0.698086
chr6	33500000	33750000	0.692107
chr6	33750000	34000000	0.7074
chr6	34000000	34250000	0.681134
chr6	34250000	34500000	0.64436
chr6	34500000	34750000	0.663823
chr6	34750000	35000000	0.653794
chr6	35000000	35250000	0.675119
chr6	35250000	35500000	0.684763
chr6	35500000	35750000	0.624278
chr6	35750000	36000000	0.657343
chr6	36000000	36250000	0.682687
chr6	36250000	36500000	0.694476
chr6	36500000	36750000	0.701872
chr6	36750000	37000000	0.71736
chr6	37000000	37250000	0.692639
chr6	37250000	37500000	0.689609
chr6	37500000	37750000	0.686437
chr6	37750000	38000000	0.600072
chr6	38000000	38250000	0.582386
chr6	38250000	38500000	0.562206
chr6	38500000	38750000	0.589751
chr6	38750000	39000000	0.565076
chr6	39000000	39250000	0.655912
chr6	39250000	39500000	0.60982
chr6	39500000	39750000	0.512579
chr6	39750000	40000000	0.608595
chr6	40000000	40250000	0.597843
chr6	40250000	40500000	0.641271
chr6	40500000	40750000	0.671423
chr6	40750000	41000000	0.688111
chr6	41000000	41250000	0.742483
chr6	41250000	41500000	0.771748
chr6	41500000	41750000	0.781142
chr6	41750000	42000000	0.740547
chr6	42000000	42250000	0.754545
chr6	42250000	42500000	0.749671
chr6	42500000	42750000	0.723875
chr6	42750000	43000000	0.732514
chr6	43000000	43250000	0.773886
chr6	43250000	43500000	0.787357
chr6	43500000	43750000	0.764401
chr6	43750000	44000000	0.773987
chr6	44000000	44250000	0.762305
chr6	44250000	44500000	0.640714
chr6	44500000	44750000	0.365664
chr6	44750000	45000000	0.202243
chr6	45000000	45250000	0.146968
chr6	45250000	45500000	0.248713
chr6	45500000	45750000	0.312551
chr6	45750000	46000000	0.332314
chr6	46000000	46250000	0.209524
chr6	46250000	46500000	0.12223
chr6	46500000	46750000	0.106283
chr6	46750000	47000000	0.113448
chr6	47000000	47250000	0.0457439
chr6	47250000	47500000	-0.0963657
chr6	47500000	47750000	-0.246781
chr6	47750000	48000000	-0.305001
chr6	48000000	48250000	-0.456612
chr6	48250000	48500000	-0.448935
chr6	48500000	48750000	-0.445662
chr6	48750000	49000000	-0.447298
chr6	49000000	49250000	-0.577291
chr6	49250000	49500000	-0.405603
chr6	49500000	49750000	-0.400906
chr6	49750000	50000000	-0.349151
chr6	50000000	50250000	-0.281392
chr6	50250000	50500000	-0.399285
chr6	50500000	50750000	-0.254574
chr6	50750000	51000000	-0.13427
chr6	51000000	51250000	-0.227513
chr6	51250000	51500000	-0.231986
chr6	51500000	51750000	-0.23874
chr6	51750000	52000000	-0.10344
chr6	52000000	52250000	0.0205807
chr6	52250000	52500000	0.176335
chr6	52500000	52750000	0.22394
chr6	52750000	53000000	0.165742
chr6	53000000	53250000	0.15128
chr6	53250000	53500000	0.122385
chr6	53500000	53750000	-0.0127844
chr6	53750000	54000000	-0.193186
chr6	54000000	54250000	-0.417369
chr6	54250000	54500000	-0.543158
chr6	54500000	54750000	-0.562314
chr6	54750000	55000000	-0.571509
chr6	55000000	55250000	-0.445865
chr6	55250000	55500000	-0.367118
chr6	55500000	55750000	-0.363451
chr6	55750000	56000000	-0.240472
chr6	56000000	56250000	-0.481008
chr6	56250000	56500000	-0.291107
chr6	56500000	56750000	-0.272418
chr6	56750000	57000000	-0.325307
chr6	57000000	57250000	-0.308362
chr6	57250000	57500000	-0.536012
chr6	57500000	57750000	nan
chr6	57750000	58000000	nan
chr6	58000000	58250000	nan
chr6	58250000	58500000	nan
chr6	58500000	58750000	nan
chr6	58750000	59000000	nan
chr6	59000000	59250000	nan
chr6	59250000	59500000	nan
chr6	59500000	59750000	nan
chr6	59750000	60000000	nan
chr6	60000000	60250000	nan
chr6	60250000	60500000	nan
chr6	60500000	60750000	nan
chr6	60750000	61000000	nan
chr6	61000000	61250000	nan
chr6	61250000	61500000	nan
chr6	61500000	61750000	-1.25898
chr6	61750000	62000000	-1.12134
chr6	62000000	62250000	-1.05431
chr6	62250000	62500000	-0.968725
chr6	62500000	62750000	-1.02811
chr6	62750000	63000000	-0.938486
chr6	63000000	63250000	-0.98188
chr6	63250000	63500000	-0.834169
chr6	63500000	63750000	-0.723234
chr6	63750000	64000000	-0.830584
chr6	64000000	64250000	-0.992372
chr6	64250000	64500000	-0.862639
chr6	64500000	64750000	-0.925133
chr6	64750000	65000000	-0.887538
chr6	65000000	65250000	-0.933753
chr6	65250000	65500000	-0.895532
chr6	65500000	65750000	-0.834506
chr6	65750000	66000000	-0.931128
chr6	66000000	66250000	-0.959076
chr6	66250000	66500000	-0.868276
chr6	66500000	66750000	-0.931392
chr6	66750000	67000000	-0.963447
chr6	67000000	67250000	-0.876075
chr6	67250000	67500000	-0.941681
chr6	67500000	67750000	-0.961753
chr6	67750000	68000000	-0.931754
chr6	68000000	68250000	-0.869052
chr6	68250000	68500000	-0.848399
chr6	68500000	68750000	-0.847026
chr6	68750000	69000000	-0.754813
chr6	69000000	69250000	-0.782818
chr6	69250000	69500000	-0.808643
chr6	69500000	69750000	-0.735988
chr6	69750000	70000000	-0.780507
chr6	70000000	70250000	-0.740998
chr6	70250000	70500000	-0.708006
chr6	70500000	70750000	-0.681591
chr6	70750000	71000000	-0.696861
chr6	71000000	71250000	-0.777284
chr6	71250000	71500000	-0.709586
chr6	71500000	71750000	-0.808835
chr6	71750000	72000000	-0.92778
chr6	72000000	72250000	-0.756673
chr6	72250000	72500000	-0.642734
chr6	72500000	72750000	-0.411623
chr6	72750000	73000000	-0.402012
chr6	73000000	73250000	-0.389443
chr6	73250000	73500000	-0.453191
chr6	73500000	73750000	-0.396157
chr6	73750000	74000000	-0.648268
chr6	74000000	74250000	-0.864347
chr6	74250000	74500000	-0.888387
chr6	74500000	74750000	-0.818937
chr6	74750000	75000000	-0.870319
chr6	75000000	75250000	-0.607624
chr6	75250000	75500000	-0.266369
chr6	75500000	75750000	-0.205085
chr6	75750000	76000000	-0.275315
chr6	76000000	76250000	-0.536418
chr6	76250000	76500000	-0.513544
chr6	76500000	76750000	-0.469379
chr6	76750000	77000000	-0.465661
chr6	77000000	77250000	-0.587691
chr6	77250000	77500000	-0.493052
chr6	77500000	77750000	-0.584115
chr6	77750000	78000000	-0.706068
chr6	78000000	78250000	-0.770179
chr6	78250000	78500000	-0.758671
chr6	78500000	78750000	-0.712246
chr6	78750000	79000000	-0.532044
chr6	79000000	79250000	-0.493047
chr6	79250000	79500000	-0.630214
chr6	79500000	79750000	-0.484949
chr6	79750000	80000000	-0.61627
chr6	80000000	80250000	-0.454851
chr6	80250000	80500000	-0.564431
chr6	80500000	80750000	-0.598027
chr6	80750000	81000000	-0.760129
chr6	81000000	81250000	-0.671871
chr6	81250000	81500000	-0.661725
chr6	81500000	81750000	-0.585215
chr6	81750000	82000000	-0.513355
chr6	82000000	82250000	-0.452399
chr6	82250000	82500000	-0.642229
chr6	82500000	82750000	-0.826276
chr6	82750000	83000000	-0.761265
chr6	83000000	83250000	-0.465936
chr6	83250000	83500000	-0.761903
chr6	83500000	83750000	-0.699387
chr6	83750000	84000000	-0.628513
chr6	84000000	84250000	-0.531374
chr6	84250000	84500000	-0.588011
chr6	84500000	84750000	-0.498407
chr6	84750000	85000000	-0.694287
chr6	85000000	85250000	-0.830334
chr6	85250000	85500000	-0.648214
chr6	85500000	85750000	-0.423309
chr6	85750000	86000000	-0.534773
chr6	86000000	86250000	-0.615999
chr6	86250000	86500000	-0.572648
chr6	86500000	86750000	-0.602129
chr6	86750000	87000000	-0.472843
chr6	87000000	87250000	-0.177545
chr6	87250000	87500000	-0.0796452
chr6	87500000	87750000	-0.0765727
chr6	87750000	88000000	-0.255402
chr6	88000000	88250000	-0.357702
chr6	88250000	88500000	-0.390556
chr6	88500000	88750000	-0.360647
chr6	88750000	89000000	-0.154165
chr6	89000000	89250000	0.0805021
chr6	89250000	89500000	0.167752
chr6	89500000	89750000	0.189416
chr6	89750000	90000000	0.0848879
chr6	90000000	90250000	-0.0426781
chr6	90250000	90500000	0.030963
chr6	90500000	90750000	-0.267241
chr6	90750000	91000000	-0.388397
chr6	91000000	91250000	-0.530484
chr6	91250000	91500000	-0.58088
chr6	91500000	91750000	-0.654518
chr6	91750000	92000000	-0.636596
chr6	92000000	92250000	-0.576562
chr6	92250000	92500000	-0.613662
chr6	92500000	92750000	-0.551248
chr6	92750000	93000000	-0.510187
chr6	93000000	93250000	-0.524467
chr6	93250000	93500000	-0.498425
chr6	93500000	93750000	-0.70849
chr6	93750000	94000000	-0.80665
chr6	94000000	94250000	-0.787946
chr6	94250000	94500000	-0.831662
chr6	94500000	94750000	-0.898879
chr6	94750000	95000000	-0.953891
chr6	95000000	95250000	-0.828468
chr6	95250000	95500000	-0.914172
chr6	95500000	95750000	-1.03342
chr6	95750000	96000000	-0.993115
chr6	96000000	96250000	-1.01127
chr6	96250000	96500000	-1.03061
chr6	96500000	96750000	-0.851849
chr6	96750000	97000000	-0.822411
chr6	97000000	97250000	-0.68122
chr6	97250000	97500000	-0.620295
chr6	97500000	97750000	-0.524419
chr6	97750000	98000000	-0.686755
chr6	98000000	98250000	-0.683804
chr6	98250000	98500000	-0.756003
chr6	98500000	98750000	-0.699797
chr6	98750000	99000000	-0.51903
chr6	99000000	99250000	-0.610754
chr6	99250000	99500000	-0.536684
chr6	99500000	99750000	-0.685523
chr6	99750000	100000000	-0.857708
chr6	100000000	100250000	-0.789437
chr6	100250000	100500000	-0.711059
chr6	100500000	100750000	-0.753056
chr6	100750000	101000000	-0.856409
chr6	101000000	101250000	-0.769787
chr6	101250000	101500000	-0.789504
chr6	101500000	101750000	-0.911631
chr6	101750000	102000000	-0.862763
chr6	102000000	102250000	-0.829016
chr6	102250000	102500000	-0.91389
chr6	102500000	102750000	-0.814646
chr6	102750000	103000000	-0.792641
chr6	103000000	103250000	-0.795455
chr6	103250000	103500000	-0.909388
chr6	103500000	103750000	-0.955214
chr6	103750000	104000000	-0.923419
chr6	104000000	104250000	-1.03141
chr6	104250000	104500000	-0.845099
chr6	104500000	104750000	-0.681943
chr6	104750000	105000000	-0.332636
chr6	105000000	105250000	0.0324868
chr6	105250000	105500000	0.162385
chr6	105500000	105750000	0.167364
chr6	105750000	106000000	0.178883
chr6	106000000	106250000	0.25553
chr6	106250000	106500000	0.340343
chr6	106500000	106750000	0.433674
chr6	106750000	107000000	0.428013
chr6	107000000	107250000	0.499362
chr6	107250000	107500000	0.52177
chr6	107500000	107750000	0.517869
chr6	107750000	108000000	0.575852
chr6	108000000	108250000	0.568554
chr6	108250000	108500000	0.471729
chr6	108500000	108750000	0.617233
chr6	108750000	109000000	0.586188
chr6	109000000	109250000	0.583564
chr6	109250000	109500000	0.616049
chr6	109500000	109750000	0.440338
chr6	109750000	110000000	0.471189
chr6	110000000	110250000	0.50802
chr6	110250000	110500000	0.546062
chr6	110500000	110750000	0.581898
chr6	110750000	111000000	0.571365
chr6	111000000	111250000	0.51192
chr6	111250000	111500000	0.541878
chr6	111500000	111750000	0.541617
chr6	111750000	112000000	0.460794
chr6	112000000	112250000	0.324815
chr6	112250000	112500000	0.0868338
chr6	112500000	112750000	-0.0495697
chr6	112750000	113000000	-0.0814611
chr6	113000000	113250000	-0.166726
chr6	113250000	113500000	-0.0212439
chr6	113500000	113750000	0.0950838
chr6	113750000	114000000	0.0747506
chr6	114000000	114250000	-0.330056
chr6	114250000	114500000	-0.380126
chr6	114500000	114750000	-0.479914
chr6	114750000	115000000	-0.590454
chr6	115000000	115250000	-0.623664
chr6	115250000	115500000	-0.666902
chr6	115500000	115750000	-0.689397
chr6	115750000	116000000	-0.59227
chr6	116000000	116250000	-0.565551
chr6	116250000	116500000	-0.46587
chr6	116500000	116750000	-0.510931
chr6	116750000	117000000	-0.733949
chr6	117000000	117250000	-0.767907
chr6	117250000	117500000	-0.630899
chr6	117500000	117750000	-0.685873
chr6	117750000	118000000	-0.586637
chr6	118000000	118250000	-0.761695
chr6	118250000	118500000	-0.537315
chr6	118500000	118750000	-0.362752
chr6	118750000	119000000	-0.366969
chr6	119000000	119250000	-0.401906
chr6	119250000	119500000	-0.515503
chr6	119500000	119750000	-0.587193
chr6	119750000	120000000	-0.73687
chr6	120000000	120250000	-0.853848
chr6	120250000	120500000	-0.858236
chr6	120500000	120750000	-1.04957
chr6	120750000	121000000	-0.971667
chr6	121000000	121250000	-0.990332
chr6	121250000	121500000	-0.730861
chr6	121500000	121750000	-0.903097
chr6	121750000	122000000	-0.846934
chr6	122000000	122250000	-0.875767
chr6	122250000	122500000	-0.785981
chr6	122500000	122750000	-0.739043
chr6	122750000	123000000	-0.631899
chr6	123000000	123250000	-0.803648
chr6	123250000	123500000	-0.511801
chr6	123500000	123750000	-0.440463
chr6	123750000	124000000	-0.465077
chr6	124000000	124250000	-0.618699
chr6	124250000	124500000	-0.700961
chr6	124500000	124750000	-0.698601
chr6	124750000	125000000	-0.464362
chr6	125000000	125250000	-0.355322
chr6	125250000	125500000	-0.0825962
chr6	125500000	125750000	-0.0709121
chr6	125750000	126000000	-0.181504
chr6	126000000	126250000	-0.38584
chr6	126250000	126500000	-0.689118
chr6	126500000	126750000	-0.767164
chr6	126750000	127000000	-0.558294
chr6	127000000	127250000	0.0477811
chr6	127250000	127500000	-0.50107
chr6	127500000	127750000	-0.596515
chr6	127750000	128000000	-0.551376
chr6	128000000	128250000	-0.400289
chr6	128250000	128500000	-0.345398
chr6	128500000	128750000	-0.364115
chr6	128750000	129000000	-0.60747
chr6	129000000	129250000	-0.708028
chr6	129250000	129500000	-0.570679
chr6	129500000	129750000	-0.469999
chr6	129750000	130000000	-0.534877
chr6	130000000	130250000	-0.447215
chr6	130250000	130500000	-0.456685
chr6	130500000	130750000	-0.492661
chr6	130750000	131000000	-0.312508
chr6	131000000	131250000	-0.342568
chr6	131250000	131500000	-0.400433
chr6	131500000	131750000	-0.381108
chr6	131750000	132000000	-0.557834
chr6	132000000	132250000	-0.654991
chr6	132250000	132500000	-0.585416
chr6	132500000	132750000	-0.650231
chr6	132750000	133000000	-0.468807
chr6	133000000	133250000	-0.622072
chr6	133250000	133500000	-0.582077
chr6	133500000	133750000	-0.42854
chr6	133750000	134000000	-0.346297
chr6	134000000	134250000	-0.203774
chr6	134250000	134500000	-0.288412
chr6	134500000	134750000	-0.25214
chr6	134750000	135000000	-0.223515
chr6	135000000	135250000	-0.385463
chr6	135250000	135500000	-0.435646
chr6	135500000	135750000	-0.494192
chr6	135750000	136000000	-0.574301
chr6	136000000	136250000	-0.332313
chr6	136250000	136500000	-0.283201
chr6	136500000	136750000	-0.324494
chr6	136750000	137000000	-0.198854
chr6	137000000	137250000	-0.224419
chr6	137250000	137500000	-0.259596
chr6	137500000	137750000	-0.130291
chr6	137750000	138000000	-0.0340516
chr6	138000000	138250000	-0.0635663
chr6	138250000	138500000	-0.0478285
chr6	138500000	138750000	-0.0608943
chr6	138750000	139000000	-0.0958629
chr6	139000000	139250000	-0.138841
chr6	139250000	139500000	-0.131223
chr6	139500000	139750000	-0.198657
chr6	139750000	140000000	-0.199975
chr6	140000000	140250000	-0.411641
chr6	140250000	140500000	-0.4124
chr6	140500000	140750000	-0.457797
chr6	140750000	141000000	-0.470841
chr6	141000000	141250000	-0.73527
chr6	141250000	141500000	-0.798027
chr6	141500000	141750000	-0.680455
chr6	141750000	142000000	-0.99002
chr6	142000000	142250000	-0.696694
chr6	142250000	142500000	-0.643339
chr6	142500000	142750000	-0.50662
chr6	142750000	143000000	-0.306128
chr6	143000000	143250000	-0.576723
chr6	143250000	143500000	-0.523668
chr6	143500000	143750000	-0.320364
chr6	143750000	144000000	-0.339967
chr6	144000000	144250000	-0.197985
chr6	144250000	144500000	-0.178967
chr6	144500000	144750000	-0.229092
chr6	144750000	145000000	-0.326395
chr6	145000000	145250000	-0.320244
chr6	145250000	145500000	-0.387127
chr6	145500000	145750000	-0.349961
chr6	145750000	146000000	-0.604944
chr6	146000000	146250000	-1.12525
chr6	146250000	146500000	-1.27652
chr6	146500000	146750000	-1.07859
chr6	146750000	147000000	-1.02477
chr6	147000000	147250000	-1.08489
chr6	147250000	147500000	-0.906848
chr6	147500000	147750000	-0.938766
chr6	147750000	148000000	-1.01975
chr6	148000000	148250000	-0.781703
chr6	148250000	148500000	-0.510142
chr6	148500000	148750000	-0.332843
chr6	148750000	149000000	-0.243865
chr6	149000000	149250000	0.00880722
chr6	149250000	149500000	0.0487438
chr6	149500000	149750000	0.271577
chr6	149750000	150000000	0.373869
chr6	150000000	150250000	0.44641
chr6	150250000	150500000	0.35058
chr6	150500000	150750000	0.26317
chr6	150750000	151000000	0.261689
chr6	151000000	151250000	0.170844
chr6	151250000	151500000	-0.0363921
chr6	151500000	151750000	-0.770031
chr6	151750000	152000000	-0.981091
chr6	152000000	152250000	-0.811536
chr6	152250000	152500000	-0.82556
chr6	152500000	152750000	-1.17035
chr6	152750000	153000000	-1.13051
chr6	153000000	153250000	-1.04824
chr6	153250000	153500000	-1.26097
chr6	153500000	153750000	-1.32421
chr6	153750000	154000000	-1.26175
chr6	154000000	154250000	-1.06451
chr6	154250000	154500000	-0.85863
chr6	154500000	154750000	-0.492407
chr6	154750000	155000000	-0.20862
chr6	155000000	155250000	-0.194871
chr6	155250000	155500000	-0.54464
chr6	155500000	155750000	-0.937409
chr6	155750000	156000000	-0.997322
chr6	156000000	156250000	-0.877961
chr6	156250000	156500000	-0.768939
chr6	156500000	156750000	-0.444087
chr6	156750000	157000000	-0.229428
chr6	157000000	157250000	-0.0158172
chr6	157250000	157500000	0.178624
chr6	157500000	157750000	0.216664
chr6	157750000	158000000	0.319804
chr6	158000000	158250000	0.384106
chr6	158250000	158500000	0.412588
chr6	158500000	158750000	0.506126
chr6	158750000	159000000	0.437089
chr6	159000000	159250000	0.259486
chr6	159250000	159500000	0.0725891
chr6	159500000	159750000	0.151353
chr6	159750000	160000000	0.239753
chr6	160000000	160250000	0.112596
chr6	160250000	160500000	-0.0155524
chr6	160500000	160750000	-0.152285
chr6	160750000	161000000	-0.0515453
chr6	161000000	161250000	0.0973094
chr6	161250000	161500000	0.194439
chr6	161500000	161750000	0.199567
chr6	161750000	162000000	0.198924
chr6	162000000	162250000	0.246533
chr6	162250000	162500000	0.306892
chr6	162500000	162750000	0.291823
chr6	162750000	163000000	0.339594
chr6	163000000	163250000	0.381314
chr6	163250000	163500000	0.437551
chr6	163500000	163750000	0.456251
chr6	163750000	164000000	0.377282
chr6	164000000	164250000	0.282208
chr6	164250000	164500000	0.131102
chr6	164500000	164750000	0.0589783
chr6	164750000	165000000	0.147976
chr6	165000000	165250000	0.104153
chr6	165250000	165500000	0.112156
chr6	165500000	165750000	0.162542
chr6	165750000	166000000	0.233751
chr6	166000000	166250000	0.319442
chr6	166250000	166500000	0.479485
chr6	166500000	166750000	0.544936
chr6	166750000	167000000	0.54701
chr6	167000000	167250000	0.601149
chr6	167250000	167500000	0.64283
chr6	167500000	167750000	0.68282
chr6	167750000	168000000	0.66624
chr6	168000000	168250000	0.631577
chr6	168250000	168500000	0.555363
chr6	168500000	168750000	0.51655
chr6	168750000	169000000	0.467734
chr6	169000000	169250000	0.342019
chr6	169250000	169500000	0.35888
chr6	169500000	169750000	0.430562
chr6	169750000	170000000	0.582934
chr6	170000000	170250000	0.600616
chr6	170250000	170500000	0.592819
chr6	170500000	170750000	nan
chr6	170750000	170805979	nan
#bedGraph section chr7:0-159345973
chr7	0	250000	0.808828
chr7	250000	500000	0.814615
chr7	500000	750000	0.815505
chr7	750000	1000000	0.82671
chr7	1000000	1250000	0.862002
chr7	1250000	1500000	0.850947
chr7	1500000	1750000	0.790883
chr7	1750000	2000000	0.811757
chr7	2000000	2250000	0.801564
chr7	2250000	2500000	0.815151
chr7	2500000	2750000	0.814705
chr7	2750000	3000000	0.605279
chr7	3000000	3250000	0.509777
chr7	3250000	3500000	0.42839
chr7	3500000	3750000	0.393214
chr7	3750000	4000000	0.383923
chr7	4000000	4250000	0.449206
chr7	4250000	4500000	0.336752
chr7	4500000	4750000	0.554419
chr7	4750000	5000000	0.790347
chr7	5000000	5250000	0.852267
chr7	5250000	5500000	1.03942
chr7	5500000	5750000	1.05759
chr7	5750000	6000000	1.03775
chr7	6000000	6250000	1.07678
chr7	6250000	6500000	1.01694
chr7	6500000	6750000	0.750661
chr7	6750000	7000000	0.372126
chr7	7000000	7250000	0.0128584
chr7	7250000	7500000	-0.168523
chr7	7500000	7750000	-0.14854
chr7	7750000	8000000	-0.282784
chr7	8000000	8250000	-0.163576
chr7	8250000	8500000	-0.442522
chr7	8500000	8750000	-0.742704
chr7	8750000	9000000	-0.903306
chr7	9000000	9250000	-0.883076
chr7	9250000	9500000	-0.910853
chr7	9500000	9750000	-0.812962
chr7	9750000	10000000	-0.861349
chr7	10000000	10250000	-0.840944
chr7	10250000	10500000	-0.81361
chr7	10500000	10750000	-0.792054
chr7	10750000	11000000	-0.628216
chr7	11000000	11250000	-0.578173
chr7	11250000	11500000	-0.582644
chr7	11500000	11750000	-0.715566
chr7	11750000	12000000	-0.64742
chr7	12000000	12250000	-0.525417
chr7	12250000	12500000	-0.215148
chr7	12500000	12750000	-0.42526
chr7	12750000	13000000	-0.652206
chr7	13000000	13250000	-0.627409
chr7	13250000	13500000	-0.563044
chr7	13500000	13750000	-0.598477
chr7	13750000	14000000	-0.430185
chr7	14000000	14250000	-0.551409
chr7	14250000	14500000	-0.490465
chr7	14500000	14750000	-0.490249
chr7	14750000	15000000	-0.559347
chr7	15000000	15250000	-0.55052
chr7	15250000	15500000	-0.565619
chr7	15500000	15750000	-0.577381
chr7	15750000	16000000	-0.565288
chr7	16000000	16250000	-0.366716
chr7	16250000	16500000	-0.286361
chr7	16500000	16750000	-0.0924717
chr7	16750000	17000000	-0.234057
chr7	17000000	17250000	-0.462043
chr7	17250000	17500000	-0.525682
chr7	17500000	17750000	-0.436326
chr7	17750000	18000000	-0.269055
chr7	18000000	18250000	-0.420243
chr7	18250000	18500000	-0.379109
chr7	18500000	18750000	-0.323067
chr7	18750000	19000000	-0.454934
chr7	19000000	19250000	-0.439401
chr7	19250000	19500000	-0.571784
chr7	19500000	19750000	-0.491587
chr7	19750000	20000000	-0.632285
chr7	20000000	20250000	-0.623731
chr7	20250000	20500000	-0.55161
chr7	20500000	20750000	-0.419774
chr7	20750000	21000000	-0.262158
chr7	21000000	21250000	-0.265817
chr7	21250000	21500000	-0.153168
chr7	21500000	21750000	-0.171154
chr7	21750000	22000000	-0.0749992
chr7	22000000	22250000	0.0494966
chr7	22250000	22500000	0.0626575
chr7	22500000	22750000	0.255748
chr7	22750000	23000000	0.306635
chr7	23000000	23250000	0.455514
chr7	23250000	23500000	0.710289
chr7	23500000	23750000	0.515678
chr7	23750000	24000000	0.392149
chr7	24000000	24250000	0.367198
chr7	24250000	24500000	0.38529
chr7	24500000	24750000	0.420083
chr7	24750000	25000000	0.527692
chr7	25000000	25250000	0.537982
chr7	25250000	25500000	0.521496
chr7	25500000	25750000	0.538271
chr7	25750000	26000000	0.56842
chr7	26000000	26250000	0.662102
chr7	26250000	26500000	0.55564
chr7	26500000	26750000	0.478249
chr7	26750000	27000000	0.396221
chr7	27000000	27250000	0.426638
chr7	27250000	27500000	0.460256
chr7	27500000	27750000	0.479818
chr7	27750000	28000000	0.494914
chr7	28000000	28250000	0.454379
chr7	28250000	28500000	0.457262
chr7	28500000	28750000	0.477845
chr7	28750000	29000000	0.434613
chr7	29000000	29250000	0.449564
chr7	29250000	29500000	0.472447
chr7	29500000	29750000	0.504748
chr7	29750000	30000000	0.529916
chr7	30000000	30250000	0.551295
chr7	30250000	30500000	0.530606
chr7	30500000	30750000	0.529512
chr7	30750000	31000000	0.45773
chr7	31000000	31250000	0.287543
chr7	31250000	31500000	0.152867
chr7	31500000	31750000	0.15606
chr7	31750000	32000000	0.121008
chr7	32000000	32250000	0.171193
chr7	32250000	32500000	0.22271
chr7	32500000	32750000	0.353795
chr7	32750000	33000000	0.410906
chr7	33000000	33250000	0.337048
chr7	33250000	33500000	0.238164
chr7	33500000	33750000	0.310796
chr7	33750000	34000000	0.333318
chr7	34000000	34250000	0.226204
chr7	34250000	34500000	0.0978283
chr7	34500000	34750000	0.0960501
chr7	34750000	35000000	0.230257
chr7	35000000	35250000	0.328505
chr7	35250000	35500000	0.487998
chr7	35500000	35750000	0.408706
chr7	35750000	36000000	0.45212
chr7	36000000	36250000	0.468489
chr7	36250000	36500000	0.411276
chr7	36500000	36750000	0.322886
chr7	36750000	37000000	0.328906
chr7	37000000	37250000	0.329842
chr7	37250000	37500000	0.349722
chr7	37500000	37750000	0.257967
chr7	37750000	38000000	0.253339
chr7	38000000	38250000	0.269213
chr7	38250000	38500000	0.266488
chr7	38500000	38750000	0.243171
chr7	38750000	39000000	0.28336
chr7	39000000	39250000	0.262477
chr7	39250000	39500000	0.263655
chr7	39500000	39750000	0.390363
chr7	39750000	40000000	0.429017
chr7	40000000	40250000	0.426509
chr7	40250000	40500000	0.288309
chr7	40500000	40750000	0.338623
chr7	40750000	41000000	0.317392
chr7	41000000	41250000	0.292792
chr7	41250000	41500000	0.294755
chr7	41500000	41750000	0.30128
chr7	41750000	42000000	0.375577
chr7	42000000	42250000	0.441342
chr7	42250000	42500000	0.358031
chr7	42500000	42750000	0.353465
chr7	42750000	43000000	0.429639
chr7	43000000	43250000	0.491856
chr7	43250000	43500000	0.54784
chr7	43500000	43750000	0.665087
chr7	43750000	44000000	0.807288
chr7	44000000	44250000	1.07382
chr7	44250000	44500000	1.01563
chr7	44500000	44750000	0.98145
chr7	44750000	45000000	0.947313
chr7	45000000	45250000	0.776068
chr7	45250000	45500000	0.555787
chr7	45500000	45750000	0.621318
chr7	45750000	46000000	0.472353
chr7	46000000	46250000	0.387004
chr7	46250000	46500000	0.348128
chr7	46500000	46750000	0.35244
chr7	46750000	47000000	0.308557
chr7	47000000	47250000	0.398711
chr7	47250000	47500000	0.542086
chr7	47500000	47750000	0.547047
chr7	47750000	48000000	0.363824
chr7	48000000	48250000	0.0905646
chr7	48250000	48500000	-0.150007
chr7	48500000	48750000	-0.224502
chr7	48750000	49000000	-0.188258
chr7	49000000	49250000	-0.27955
chr7	49250000	49500000	-0.320249
chr7	49500000	49750000	-0.259746
chr7	49750000	50000000	-0.17871
chr7	50000000	50250000	-0.120983
chr7	50250000	50500000	0.0617931
chr7	50500000	50750000	0.164246
chr7	50750000	51000000	0.0937436
chr7	51000000	51250000	0.0877298
chr7	51250000	51500000	-0.0702418
chr7	51500000	51750000	-0.462837
chr7	51750000	52000000	-0.480618
chr7	52000000	52250000	-0.475582
chr7	52250000	52500000	-0.481555
chr7	52500000	52750000	-0.469582
chr7	52750000	53000000	-0.445754
chr7	53000000	53250000	-0.413234
chr7	53250000	53500000	-0.470466
chr7	53500000	53750000	-0.567943
chr7	53750000	54000000	-0.619407
chr7	54000000	54250000	-0.630933
chr7	54250000	54500000	-0.633185
chr7	54500000	54750000	-0.440489
chr7	54750000	55000000	-0.336399
chr7	55000000	55250000	-0.155487
chr7	55250000	55500000	-0.142726
chr7	55500000	55750000	-0.212791
chr7	55750000	56000000	-0.308258
chr7	56000000	56250000	-0.117514
chr7	56250000	56500000	nan
chr7	56500000	56750000	nan
chr7	56750000	57000000	nan
chr7	57000000	57250000	nan
chr7	57250000	57500000	nan
chr7	57500000	57750000	nan
chr7	57750000	58000000	nan
chr7	58000000	58250000	nan
chr7	58250000	58500000	nan
chr7	58500000	58750000	nan
chr7	58750000	59000000	nan
chr7	59000000	59250000	nan
chr7	59250000	59500000	nan
chr7	59500000	59750000	nan
chr7	59750000	60000000	nan
chr7	60000000	60250000	nan
chr7	60250000	60500000	nan
chr7	60500000	60750000	nan
chr7	60750000	61000000	nan
chr7	61000000	61250000	nan
chr7	61250000	61500000	nan
chr7	61500000	61750000	nan
chr7	61750000	62000000	nan
chr7	62000000	62250000	nan
chr7	62250000	62500000	nan
chr7	62500000	62750000	nan
chr7	62750000	63000000	nan
chr7	63000000	63250000	-1.26439
chr7	63250000	63500000	nan
chr7	63500000	63750000	nan
chr7	63750000	64000000	nan
chr7	64000000	64250000	nan
chr7	64250000	64500000	nan
chr7	64500000	64750000	nan
chr7	64750000	65000000	-0.313197
chr7	65000000	65250000	nan
chr7	65250000	65500000	-0.630186
chr7	65500000	65750000	nan
chr7	65750000	66000000	0.20862
chr7	66000000	66250000	0.507248
chr7	66250000	66500000	0.509659
chr7	66500000	66750000	0.821456
chr7	66750000	67000000	0.886373
chr7	67000000	67250000	0.790944
chr7	67250000	67500000	0.594147
chr7	67500000	67750000	0.405634
chr7	67750000	68000000	0.344541
chr7	68000000	68250000	0.313629
chr7	68250000	68500000	0.344089
chr7	68500000	68750000	0.332588
chr7	68750000	69000000	0.319128
chr7	69000000	69250000	0.330034
chr7	69250000	69500000	0.390127
chr7	69500000	69750000	0.425881
chr7	69750000	70000000	0.440024
chr7	70000000	70250000	0.41439
chr7	70250000	70500000	0.429386
chr7	70500000	70750000	0.447079
chr7	70750000	71000000	0.457315
chr7	71000000	71250000	0.481794
chr7	71250000	71500000	0.526242
chr7	71500000	71750000	0.499161
chr7	71750000	72000000	0.413334
chr7	72000000	72250000	0.449722
chr7	72250000	72500000	0.465481
chr7	72500000	72750000	0.61149
chr7	72750000	73000000	0.865925
chr7	73000000	73250000	nan
chr7	73250000	73500000	1.02004
chr7	73500000	73750000	1.068
chr7	73750000	74000000	0.963666
chr7	74000000	74250000	0.988023
chr7	74250000	74500000	0.995423
chr7	74500000	74750000	0.992144
chr7	74750000	75000000	nan
chr7	75000000	75250000	nan
chr7	75250000	75500000	nan
chr7	75500000	75750000	1.03337
chr7	75750000	76000000	1.08335
chr7	76000000	76250000	1.01642
chr7	76250000	76500000	0.865379
chr7	76500000	76750000	nan
chr7	76750000	77000000	nan
chr7	77000000	77250000	0.263941
chr7	77250000	77500000	0.192564
chr7	77500000	77750000	0.187654
chr7	77750000	78000000	-0.224452
chr7	78000000	78250000	-0.585541
chr7	78250000	78500000	-0.683162
chr7	78500000	78750000	-0.797234
chr7	78750000	79000000	-0.809514
chr7	79000000	79250000	-0.786832
chr7	79250000	79500000	-0.602676
chr7	79500000	79750000	-0.673765
chr7	79750000	80000000	-0.640097
chr7	80000000	80250000	-0.539274
chr7	80250000	80500000	-0.574277
chr7	80500000	80750000	-0.43936
chr7	80750000	81000000	-0.244835
chr7	81000000	81250000	-0.404052
chr7	81250000	81500000	-0.4342
chr7	81500000	81750000	-0.658324
chr7	81750000	82000000	-0.657876
chr7	82000000	82250000	-0.548824
chr7	82250000	82500000	-0.569647
chr7	82500000	82750000	-0.553245
chr7	82750000	83000000	-0.744581
chr7	83000000	83250000	-0.779223
chr7	83250000	83500000	-0.731328
chr7	83500000	83750000	-0.746648
chr7	83750000	84000000	-0.638704
chr7	84000000	84250000	-0.320395
chr7	84250000	84500000	-0.445462
chr7	84500000	84750000	-0.443455
chr7	84750000	85000000	-0.465141
chr7	85000000	85250000	-0.582131
chr7	85250000	85500000	-0.799193
chr7	85500000	85750000	-0.721118
chr7	85750000	86000000	-0.677863
chr7	86000000	86250000	-0.926549
chr7	86250000	86500000	-0.792991
chr7	86500000	86750000	-0.767836
chr7	86750000	87000000	-0.400281
chr7	87000000	87250000	-0.20826
chr7	87250000	87500000	-0.59058
chr7	87500000	87750000	-0.775283
chr7	87750000	88000000	-0.664138
chr7	88000000	88250000	-0.643969
chr7	88250000	88500000	-0.724106
chr7	88500000	88750000	-0.868169
chr7	88750000	89000000	-0.843292
chr7	89000000	89250000	-0.926313
chr7	89250000	89500000	-0.924818
chr7	89500000	89750000	-0.849677
chr7	89750000	90000000	-0.9069
chr7	90000000	90250000	-0.618923
chr7	90250000	90500000	-0.426434
chr7	90500000	90750000	-0.238854
chr7	90750000	91000000	-0.332717
chr7	91000000	91250000	-0.309365
chr7	91250000	91500000	-0.330639
chr7	91500000	91750000	-0.33817
chr7	91750000	92000000	-0.137283
chr7	92000000	92250000	0.130777
chr7	92250000	92500000	-0.0464894
chr7	92500000	92750000	-0.212601
chr7	92750000	93000000	-0.445618
chr7	93000000	93250000	-0.688676
chr7	93250000	93500000	-0.803324
chr7	93500000	93750000	-0.737121
chr7	93750000	94000000	-0.564886
chr7	94000000	94250000	-0.440299
chr7	94250000	94500000	-0.338672
chr7	94500000	94750000	-0.515906
chr7	94750000	95000000	-0.722143
chr7	95000000	95250000	-0.650982
chr7	95250000	95500000	-0.574247
chr7	95500000	95750000	-0.457036
chr7	95750000	96000000	-0.375504
chr7	96000000	96250000	-0.429457
chr7	96250000	96500000	-0.496947
chr7	96500000	96750000	-0.651326
chr7	96750000	97000000	-0.640544
chr7	97000000	97250000	-0.429995
chr7	97250000	97500000	-0.663902
chr7	97500000	97750000	-0.686721
chr7	97750000	98000000	-0.28606
chr7	98000000	98250000	0.150204
chr7	98250000	98500000	0.417136
chr7	98500000	98750000	0.24297
chr7	98750000	99000000	0.642949
chr7	99000000	99250000	0.817432
chr7	99250000	99500000	0.955518
chr7	99500000	99750000	0.909813
chr7	99750000	100000000	0.835886
chr7	100000000	100250000	1.04497
chr7	100250000	100500000	1.11761
chr7	100500000	100750000	1.11842
chr7	100750000	101000000	1.07495
chr7	101000000	101250000	1.04875
chr7	101250000	101500000	0.93798
chr7	101500000	101750000	0.847632
chr7	101750000	102000000	0.899669
chr7	102000000	102250000	0.866525
chr7	102250000	102500000	0.943216
chr7	102500000	102750000	nan
chr7	102750000	103000000	-0.520861
chr7	103000000	103250000	-0.385264
chr7	103250000	103500000	-0.486738
chr7	103500000	103750000	-0.90629
chr7	103750000	104000000	-0.942006
chr7	104000000	104250000	-0.787429
chr7	104250000	104500000	-1.06217
chr7	104500000	104750000	-1.02257
chr7	104750000	105000000	-0.469654
chr7	105000000	105250000	0.2788
chr7	105250000	105500000	0.234448
chr7	105500000	105750000	0.12924
chr7	105750000	106000000	0.0539716
chr7	106000000	106250000	-0.0132443
chr7	106250000	106500000	-0.34315
chr7	106500000	106750000	-0.31767
chr7	106750000	107000000	-0.2282
chr7	107000000	107250000	-0.0728835
chr7	107250000	107500000	-0.219701
chr7	107500000	107750000	-0.159868
chr7	107750000	108000000	-0.0148852
chr7	108000000	108250000	-0.167712
chr7	108250000	108500000	-0.434202
chr7	108500000	108750000	-0.491799
chr7	108750000	109000000	-0.754826
chr7	109000000	109250000	-0.87189
chr7	109250000	109500000	-0.823063
chr7	109500000	109750000	-0.811621
chr7	109750000	110000000	-0.725226
chr7	110000000	110250000	-0.696003
chr7	110250000	110500000	-0.600634
chr7	110500000	110750000	-0.514383
chr7	110750000	111000000	-0.58981
chr7	111000000	111250000	-0.586662
chr7	111250000	111500000	-0.716508
chr7	111500000	111750000	-0.524828
chr7	111750000	112000000	-0.229084
chr7	112000000	112250000	-0.215663
chr7	112250000	112500000	-0.169167
chr7	112500000	112750000	-0.426375
chr7	112750000	113000000	-0.408831
chr7	113000000	113250000	-0.63084
chr7	113250000	113500000	-0.777367
chr7	113500000	113750000	-0.883843
chr7	113750000	114000000	-0.654701
chr7	114000000	114250000	-0.707862
chr7	114250000	114500000	-0.751428
chr7	114500000	114750000	-0.66043
chr7	114750000	115000000	-0.606951
chr7	115000000	115250000	-0.746658
chr7	115250000	115500000	-0.760153
chr7	115500000	115750000	-0.744619
chr7	115750000	116000000	-0.779463
chr7	116000000	116250000	-0.539694
chr7	116250000	116500000	-0.305677
chr7	116500000	116750000	-0.252528
chr7	116750000	117000000	0.095899
chr7	117000000	117250000	0.174785
chr7	117250000	117500000	-0.103835
chr7	117500000	117750000	-0.283513
chr7	117750000	118000000	-0.283801
chr7	118000000	118250000	-0.442918
chr7	118250000	118500000	-0.788821
chr7	118500000	118750000	-0.893204
chr7	118750000	119000000	-0.874692
chr7	119000000	119250000	-0.793882
chr7	119250000	119500000	-0.82473
chr7	119500000	119750000	-0.89627
chr7	119750000	120000000	-0.862141
chr7	120000000	120250000	-0.895587
chr7	120250000	120500000	-0.825312
chr7	120500000	120750000	-0.779825
chr7	120750000	121000000	-0.611468
chr7	121000000	121250000	-0.683532
chr7	121250000	121500000	-0.566693
chr7	121500000	121750000	-0.650081
chr7	121750000	122000000	-0.626756
chr7	122000000	122250000	-0.525659
chr7	122250000	122500000	-0.648949
chr7	122500000	122750000	-0.698776
chr7	122750000	123000000	-0.668543
chr7	123000000	123250000	-0.709099
chr7	123250000	123500000	-0.749648
chr7	123500000	123750000	-0.193661
chr7	123750000	124000000	-0.417983
chr7	124000000	124250000	-0.445202
chr7	124250000	124500000	-0.494409
chr7	124500000	124750000	-0.589751
chr7	124750000	125000000	-0.500098
chr7	125000000	125250000	-0.710592
chr7	125250000	125500000	-0.714513
chr7	125500000	125750000	-0.830494
chr7	125750000	126000000	-1.01014
chr7	126000000	126250000	-1.04032
chr7	126250000	126500000	-1.06132
chr7	126500000	126750000	-0.988989
chr7	126750000	127000000	-0.872086
chr7	127000000	127250000	-0.84032
chr7	127250000	127500000	-0.577017
chr7	127500000	127750000	-0.0124716
chr7	127750000	128000000	0.274249
chr7	128000000	128250000	0.30314
chr7	128250000	128500000	0.842103
chr7	128500000	128750000	1.17186
chr7	128750000	129000000	1.20418
chr7	129000000	129250000	0.992329
chr7	129250000	129500000	0.911156
chr7	129500000	129750000	0.875122
chr7	129750000	130000000	0.895711
chr7	130000000	130250000	0.707935
chr7	130250000	130500000	0.759422
chr7	130500000	130750000	0.643074
chr7	130750000	131000000	0.566498
chr7	131000000	131250000	0.55467
chr7	131250000	131500000	0.60901
chr7	131500000	131750000	0.608123
chr7	131750000	132000000	0.477373
chr7	132000000	132250000	0.474078
chr7	132250000	132500000	0.47123
chr7	132500000	132750000	0.383407
chr7	132750000	133000000	0.330723
chr7	133000000	133250000	0.338155
chr7	133250000	133500000	0.319296
chr7	133500000	133750000	0.283898
chr7	133750000	134000000	0.290187
chr7	134000000	134250000	0.284326
chr7	134250000	134500000	0.395809
chr7	134500000	134750000	0.452921
chr7	134750000	135000000	0.448497
chr7	135000000	135250000	0.416115
chr7	135250000	135500000	0.539006
chr7	135500000	135750000	0.528358
chr7	135750000	136000000	0.443903
chr7	136000000	136250000	0.402693
chr7	136250000	136500000	0.310714
chr7	136500000	136750000	0.317549
chr7	136750000	137000000	0.37615
chr7	137000000	137250000	0.357949
chr7	137250000	137500000	0.433555
chr7	137500000	137750000	0.447955
chr7	137750000	138000000	0.545804
chr7	138000000	138250000	0.524636
chr7	138250000	138500000	0.577126
chr7	138500000	138750000	0.580491
chr7	138750000	139000000	0.673269
chr7	139000000	139250000	0.745119
chr7	139250000	139500000	0.893473
chr7	139500000	139750000	0.752514
chr7	139750000	140000000	0.746799
chr7	140000000	140250000	0.764378
chr7	140250000	140500000	0.759407
chr7	140500000	140750000	0.629876
chr7	140750000	141000000	0.289762
chr7	141000000	141250000	0.0997655
chr7	141250000	141500000	0.0693348
chr7	141500000	141750000	0.0416344
chr7	141750000	142000000	-0.446922
chr7	142000000	142250000	-0.609838
chr7	142250000	142500000	-0.236718
chr7	142500000	142750000	-0.252987
chr7	142750000	143000000	-0.231221
chr7	143000000	143250000	-0.502499
chr7	143250000	143500000	-0.234381
chr7	143500000	143750000	nan
chr7	143750000	144000000	nan
chr7	144000000	144250000	-0.857735
chr7	144250000	144500000	nan
chr7	144500000	144750000	-1.04744
chr7	144750000	145000000	-0.922327
chr7	145000000	145250000	-1.03235
chr7	145250000	145500000	-1.18587
chr7	145500000	145750000	-1.19581
chr7	145750000	146000000	-1.05173
chr7	146000000	146250000	-0.907499
chr7	146250000	146500000	-1.06304
chr7	146500000	146750000	-1.07091
chr7	146750000	147000000	-1.08409
chr7	147000000	147250000	-1.04084
chr7	147250000	147500000	-0.903364
chr7	147500000	147750000	-0.876148
chr7	147750000	148000000	-0.799968
chr7	148000000	148250000	-0.620648
chr7	148250000	148500000	-0.273072
chr7	148500000	148750000	-0.00385189
chr7	148750000	149000000	0.200956
chr7	149000000	149250000	0.5789
chr7	149250000	149500000	0.533401
chr7	149500000	149750000	0.705595
chr7	149750000	150000000	0.775377
chr7	150000000	150250000	nan
chr7	150250000	150500000	0.72923
chr7	150500000	150750000	0.653205
chr7	150750000	151000000	0.963601
chr7	151000000	151250000	1.2805
chr7	151250000	151500000	1.15919
chr7	151500000	151750000	0.999744
chr7	151750000	152000000	0.667514
chr7	152000000	152250000	0.477316
chr7	152250000	152500000	0.231644
chr7	152500000	152750000	0.0639332
chr7	152750000	153000000	-0.359914
chr7	153000000	153250000	-0.857339
chr7	153250000	153500000	nan
chr7	153500000	153750000	-1.04247
chr7	153750000	154000000	nan
chr7	154000000	154250000	-0.715252
chr7	154250000	154500000	-0.900945
chr7	154500000	154750000	-0.787328
chr7	154750000	155000000	-0.334517
chr7	155000000	155250000	-0.181567
chr7	155250000	155500000	0.117822
chr7	155500000	155750000	0.270163
chr7	155750000	156000000	0.0528375
chr7	156000000	156250000	-0.142527
chr7	156250000	156500000	-0.223623
chr7	156500000	156750000	-0.0972759
chr7	156750000	157000000	0.182093
chr7	157000000	157250000	0.452895
chr7	157250000	157500000	0.488405
chr7	157500000	157750000	0.35439
chr7	157750000	158000000	0.259934
chr7	158000000	158250000	-0.0186106
chr7	158250000	158500000	0.154826
chr7	158500000	158750000	0.327933
chr7	158750000	159000000	0.487601
chr7	159000000	159250000	0.174595
chr7	159250000	159345973	nan
#bedGraph section chr8:0-145138636
chr8	0	250000	nan
chr8	250000	500000	0.454984
chr8	500000	750000	0.506129
chr8	750000	1000000	0.43146
chr8	1000000	1250000	0.418442
chr8	1250000	1500000	0.429137
chr8	1500000	1750000	0.456336
chr8	1750000	2000000	0.51147
chr8	2000000	2250000	0.245611
chr8	2250000	2500000	nan
chr8	2500000	2750000	-0.41752
chr8	2750000	3000000	-0.484261
chr8	3000000	3250000	-0.427929
chr8	3250000	3500000	-0.475164
chr8	3500000	3750000	-0.312322
chr8	3750000	4000000	-0.473784
chr8	4000000	4250000	-0.399469
chr8	4250000	4500000	-0.236095
chr8	4500000	4750000	-0.253238
chr8	4750000	5000000	-0.36006
chr8	5000000	5250000	-0.61733
chr8	5250000	5500000	-0.80565
chr8	5500000	5750000	-0.76638
chr8	5750000	6000000	-0.79588
chr8	6000000	6250000	-0.537212
chr8	6250000	6500000	-0.252692
chr8	6500000	6750000	-0.0374264
chr8	6750000	7000000	0.20114
chr8	7000000	7250000	nan
chr8	7250000	7500000	nan
chr8	7500000	7750000	nan
chr8	7750000	8000000	nan
chr8	8000000	8250000	nan
chr8	8250000	8500000	0.712637
chr8	8500000	8750000	0.664237
chr8	8750000	9000000	0.684146
chr8	9000000	9250000	0.672274
chr8	9250000	9500000	0.605075
chr8	9500000	9750000	0.547234
chr8	9750000	10000000	0.595131
chr8	10000000	10250000	0.55392
chr8	10250000	10500000	0.598554
chr8	10500000	10750000	0.729663
chr8	10750000	11000000	0.72614
chr8	11000000	11250000	0.696893
chr8	11250000	11500000	0.715703
chr8	11500000	11750000	0.784115
chr8	11750000	12000000	0.733202
chr8	12000000	12250000	nan
chr8	12250000	12500000	nan
chr8	12500000	12750000	0.509904
chr8	12750000	13000000	0.137994
chr8	13000000	13250000	0.0253751
chr8	13250000	13500000	-0.0994116
chr8	13500000	13750000	-0.254248
chr8	13750000	14000000	-0.699152
chr8	14000000	14250000	-0.701057
chr8	14250000	14500000	-0.576773
chr8	14500000	14750000	-0.790033
chr8	14750000	15000000	-0.61991
chr8	15000000	15250000	-0.706166
chr8	15250000	15500000	-0.607182
chr8	15500000	15750000	-0.443627
chr8	15750000	16000000	-0.612478
chr8	16000000	16250000	-0.671367
chr8	16250000	16500000	-0.779432
chr8	16500000	16750000	-0.606407
chr8	16750000	17000000	-0.383549
chr8	17000000	17250000	-0.17804
chr8	17250000	17500000	0.116118
chr8	17500000	17750000	0.246226
chr8	17750000	18000000	0.25498
chr8	18000000	18250000	0.307461
chr8	18250000	18500000	0.184202
chr8	18500000	18750000	0.266138
chr8	18750000	19000000	0.427416
chr8	19000000	19250000	0.464367
chr8	19250000	19500000	0.474807
chr8	19500000	19750000	0.446044
chr8	19750000	20000000	0.521502
chr8	20000000	20250000	0.586509
chr8	20250000	20500000	0.716685
chr8	20500000	20750000	0.675031
chr8	20750000	21000000	0.669663
chr8	21000000	21250000	0.649819
chr8	21250000	21500000	0.656894
chr8	21500000	21750000	0.69583
chr8	21750000	22000000	0.728617
chr8	22000000	22250000	0.823777
chr8	22250000	22500000	0.76634
chr8	22500000	22750000	0.785717
chr8	22750000	23000000	0.795118
chr8	23000000	23250000	0.747692
chr8	23250000	23500000	0.73708
chr8	23500000	23750000	0.702174
chr8	23750000	24000000	0.610073
chr8	24000000	24250000	0.541508
chr8	24250000	24500000	0.514424
chr8	24500000	24750000	0.462133
chr8	24750000	25000000	0.497287
chr8	25000000	25250000	0.513501
chr8	25250000	25500000	0.550156
chr8	25500000	25750000	0.52613
chr8	25750000	26000000	0.541977
chr8	26000000	26250000	0.570385
chr8	26250000	26500000	0.636234
chr8	26500000	26750000	0.581095
chr8	26750000	27000000	0.430258
chr8	27000000	27250000	0.460684
chr8	27250000	27500000	0.682786
chr8	27500000	27750000	0.710667
chr8	27750000	28000000	0.741368
chr8	28000000	28250000	0.710886
chr8	28250000	28500000	0.7488
chr8	28500000	28750000	0.714404
chr8	28750000	29000000	0.683198
chr8	29000000	29250000	0.676707
chr8	29250000	29500000	0.622836
chr8	29500000	29750000	0.650442
chr8	29750000	30000000	0.643245
chr8	30000000	30250000	0.644705
chr8	30250000	30500000	0.655923
chr8	30500000	30750000	0.533154
chr8	30750000	31000000	0.16208
chr8	31000000	31250000	0.0673071
chr8	31250000	31500000	-0.252976
chr8	31500000	31750000	-0.309256
chr8	31750000	32000000	-0.371863
chr8	32000000	32250000	-0.16751
chr8	32250000	32500000	-0.135268
chr8	32500000	32750000	-0.0819122
chr8	32750000	33000000	-0.0995462
chr8	33000000	33250000	-0.0258445
chr8	33250000	33500000	0.173642
chr8	33500000	33750000	0.162527
chr8	33750000	34000000	-0.0640147
chr8	34000000	34250000	-0.150643
chr8	34250000	34500000	-0.233459
chr8	34500000	34750000	-0.282762
chr8	34750000	35000000	-0.217113
chr8	35000000	35250000	-0.131535
chr8	35250000	35500000	-0.0931382
chr8	35500000	35750000	-0.0213346
chr8	35750000	36000000	-0.056701
chr8	36000000	36250000	-0.103479
chr8	36250000	36500000	-0.0873963
chr8	36500000	36750000	-0.00728161
chr8	36750000	37000000	0.156903
chr8	37000000	37250000	0.333432
chr8	37250000	37500000	0.512701
chr8	37500000	37750000	0.567563
chr8	37750000	38000000	0.702854
chr8	38000000	38250000	0.751951
chr8	38250000	38500000	0.769803
chr8	38500000	38750000	0.695981
chr8	38750000	39000000	0.469861
chr8	39000000	39250000	0.0456714
chr8	39250000	39500000	-0.161749
chr8	39500000	39750000	-0.109015
chr8	39750000	40000000	0.0168411
chr8	40000000	40250000	0.135788
chr8	40250000	40500000	0.217036
chr8	40500000	40750000	0.191402
chr8	40750000	41000000	0.345045
chr8	41000000	41250000	0.509258
chr8	41250000	41500000	0.621354
chr8	41500000	41750000	0.735009
chr8	41750000	42000000	0.792685
chr8	42000000	42250000	0.694308
chr8	42250000	42500000	0.664544
chr8	42500000	42750000	0.512352
chr8	42750000	43000000	0.229504
chr8	43000000	43250000	-0.442659
chr8	43250000	43500000	nan
chr8	43500000	43750000	nan
chr8	43750000	44000000	nan
chr8	44000000	44250000	nan
chr8	44250000	44500000	nan
chr8	44500000	44750000	nan
chr8	44750000	45000000	nan
chr8	45000000	45250000	nan
chr8	45250000	45500000	nan
chr8	45500000	45750000	nan
chr8	45750000	46000000	nan
chr8	46000000	46250000	nan
chr8	46250000	46500000	nan
chr8	46500000	46750000	nan
chr8	46750000	47000000	nan
chr8	47000000	47250000	-1.26201
chr8	47250000	47500000	-0.868736
chr8	47500000	47750000	-0.630015
chr8	47750000	48000000	-0.207892
chr8	48000000	48250000	-0.106033
chr8	48250000	48500000	-0.013816
chr8	48500000	48750000	0.0891483
chr8	48750000	49000000	-0.0925162
chr8	49000000	49250000	-0.930974
chr8	49250000	49500000	-0.925488
chr8	49500000	49750000	-1.0608
chr8	49750000	50000000	-0.885815
chr8	50000000	50250000	-0.978468
chr8	50250000	50500000	-0.941701
chr8	50500000	50750000	-1.01846
chr8	50750000	51000000	-1.04487
chr8	51000000	51250000	-1.03615
chr8	51250000	51500000	-0.88557
chr8	51500000	51750000	-0.762446
chr8	51750000	52000000	-0.542228
chr8	52000000	52250000	-0.645903
chr8	52250000	52500000	-0.601832
chr8	52500000	52750000	-0.264927
chr8	52750000	53000000	-0.34262
chr8	53000000	53250000	-0.337487
chr8	53250000	53500000	-0.342297
chr8	53500000	53750000	-0.189225
chr8	53750000	54000000	0.0344955
chr8	54000000	54250000	0.0450405
chr8	54250000	54500000	-0.118389
chr8	54500000	54750000	-0.310654
chr8	54750000	55000000	-0.342525
chr8	55000000	55250000	-0.336285
chr8	55250000	55500000	-0.353811
chr8	55500000	55750000	-0.291802
chr8	55750000	56000000	0.0548179
chr8	56000000	56250000	-0.167812
chr8	56250000	56500000	-0.549344
chr8	56500000	56750000	-0.335341
chr8	56750000	57000000	-0.370488
chr8	57000000	57250000	-0.465066
chr8	57250000	57500000	-0.491113
chr8	57500000	57750000	-0.533124
chr8	57750000	58000000	-0.552333
chr8	58000000	58250000	-0.450401
chr8	58250000	58500000	-0.446449
chr8	58500000	58750000	-0.235918
chr8	58750000	59000000	-0.500481
chr8	59000000	59250000	-0.544334
chr8	59250000	59500000	-0.690646
chr8	59500000	59750000	-0.724264
chr8	59750000	60000000	-0.605267
chr8	60000000	60250000	-0.503949
chr8	60250000	60500000	-0.302217
chr8	60500000	60750000	0.0680057
chr8	60750000	61000000	0.218125
chr8	61000000	61250000	-0.170221
chr8	61250000	61500000	-0.453937
chr8	61500000	61750000	-0.307202
chr8	61750000	62000000	-0.674894
chr8	62000000	62250000	-0.756341
chr8	62250000	62500000	-0.757761
chr8	62500000	62750000	-0.764267
chr8	62750000	63000000	-0.675876
chr8	63000000	63250000	-0.505037
chr8	63250000	63500000	-0.777545
chr8	63500000	63750000	-0.820718
chr8	63750000	64000000	-0.954122
chr8	64000000	64250000	-0.906961
chr8	64250000	64500000	-0.708402
chr8	64500000	64750000	-0.674072
chr8	64750000	65000000	-0.792739
chr8	65000000	65250000	-0.711714
chr8	65250000	65500000	-0.753073
chr8	65500000	65750000	-0.362846
chr8	65750000	66000000	-0.200796
chr8	66000000	66250000	0.126812
chr8	66250000	66500000	0.0247248
chr8	66500000	66750000	0.117463
chr8	66750000	67000000	0.0479525
chr8	67000000	67250000	0.193042
chr8	67250000	67500000	-0.129528
chr8	67500000	67750000	-0.40603
chr8	67750000	68000000	-0.428959
chr8	68000000	68250000	-0.628687
chr8	68250000	68500000	-0.708014
chr8	68500000	68750000	-0.662408
chr8	68750000	69000000	-0.562157
chr8	69000000	69250000	-0.532885
chr8	69250000	69500000	-0.381782
chr8	69500000	69750000	-0.329067
chr8	69750000	70000000	-0.392577
chr8	70000000	70250000	-0.14994
chr8	70250000	70500000	-0.140752
chr8	70500000	70750000	-0.289178
chr8	70750000	71000000	-0.553894
chr8	71000000	71250000	-0.603401
chr8	71250000	71500000	-0.490536
chr8	71500000	71750000	-0.465672
chr8	71750000	72000000	-0.512928
chr8	72000000	72250000	-0.533632
chr8	72250000	72500000	-0.455703
chr8	72500000	72750000	-0.52547
chr8	72750000	73000000	-0.365089
chr8	73000000	73250000	-0.0819309
chr8	73250000	73500000	0.225004
chr8	73500000	73750000	0.0802964
chr8	73750000	74000000	0.129972
chr8	74000000	74250000	-0.0625802
chr8	74250000	74500000	-0.312382
chr8	74500000	74750000	-0.791193
chr8	74750000	75000000	-0.61442
chr8	75000000	75250000	-0.661405
chr8	75250000	75500000	-0.63746
chr8	75500000	75750000	-0.815672
chr8	75750000	76000000	-0.965311
chr8	76000000	76250000	-0.960822
chr8	76250000	76500000	-0.710165
chr8	76500000	76750000	-0.605606
chr8	76750000	77000000	-0.547008
chr8	77000000	77250000	-0.628311
chr8	77250000	77500000	-0.698964
chr8	77500000	77750000	-0.855296
chr8	77750000	78000000	-0.949025
chr8	78000000	78250000	-0.84555
chr8	78250000	78500000	-0.827858
chr8	78500000	78750000	-0.507447
chr8	78750000	79000000	-0.855547
chr8	79000000	79250000	-1.01638
chr8	79250000	79500000	-0.946088
chr8	79500000	79750000	-0.380136
chr8	79750000	80000000	0.210344
chr8	80000000	80250000	0.0097198
chr8	80250000	80500000	0.0251235
chr8	80500000	80750000	0.104942
chr8	80750000	81000000	0.136379
chr8	81000000	81250000	0.0248813
chr8	81250000	81500000	-0.0994876
chr8	81500000	81750000	-0.220866
chr8	81750000	82000000	-0.670027
chr8	82000000	82250000	-0.969388
chr8	82250000	82500000	-0.937229
chr8	82500000	82750000	-0.790137
chr8	82750000	83000000	-0.7293
chr8	83000000	83250000	-0.694708
chr8	83250000	83500000	-0.633156
chr8	83500000	83750000	-0.686136
chr8	83750000	84000000	-0.624581
chr8	84000000	84250000	-0.643641
chr8	84250000	84500000	-0.729802
chr8	84500000	84750000	-0.648302
chr8	84750000	85000000	-0.942571
chr8	85000000	85250000	-0.587587
chr8	85250000	85500000	-0.566621
chr8	85500000	85750000	nan
chr8	85750000	86000000	nan
chr8	86000000	86250000	-0.505164
chr8	86250000	86500000	-0.419098
chr8	86500000	86750000	-0.694685
chr8	86750000	87000000	-0.817285
chr8	87000000	87250000	-0.983773
chr8	87250000	87500000	-0.97822
chr8	87500000	87750000	-0.765873
chr8	87750000	88000000	-0.76019
chr8	88000000	88250000	-0.705578
chr8	88250000	88500000	-0.532743
chr8	88500000	88750000	-0.729911
chr8	88750000	89000000	-0.631747
chr8	89000000	89250000	-0.573293
chr8	89250000	89500000	-0.721559
chr8	89500000	89750000	-0.530465
chr8	89750000	90000000	-0.370435
chr8	90000000	90250000	-0.620943
chr8	90250000	90500000	-0.737449
chr8	90500000	90750000	-0.431407
chr8	90750000	91000000	-0.423631
chr8	91000000	91250000	-0.166461
chr8	91250000	91500000	-0.237577
chr8	91500000	91750000	-0.14558
chr8	91750000	92000000	0.0452195
chr8	92000000	92250000	0.202742
chr8	92250000	92500000	0.0838622
chr8	92500000	92750000	0.137771
chr8	92750000	93000000	0.0811358
chr8	93000000	93250000	0.0147955
chr8	93250000	93500000	0.0656917
chr8	93500000	93750000	0.206006
chr8	93750000	94000000	0.374622
chr8	94000000	94250000	0.414733
chr8	94250000	94500000	0.441768
chr8	94500000	94750000	0.574592
chr8	94750000	95000000	0.602908
chr8	95000000	95250000	0.515275
chr8	95250000	95500000	0.331283
chr8	95500000	95750000	0.21042
chr8	95750000	96000000	0.17213
chr8	96000000	96250000	0.277342
chr8	96250000	96500000	0.419961
chr8	96500000	96750000	0.322491
chr8	96750000	97000000	0.294537
chr8	97000000	97250000	0.288851
chr8	97250000	97500000	0.322503
chr8	97500000	97750000	0.478973
chr8	97750000	98000000	0.681986
chr8	98000000	98250000	0.458308
chr8	98250000	98500000	0.29753
chr8	98500000	98750000	0.17581
chr8	98750000	99000000	0.214388
chr8	99000000	99250000	0.118421
chr8	99250000	99500000	0.10212
chr8	99500000	99750000	0.0986909
chr8	99750000	100000000	0.143013
chr8	100000000	100250000	0.292655
chr8	100250000	100500000	0.572434
chr8	100500000	100750000	0.592845
chr8	100750000	101000000	0.665654
chr8	101000000	101250000	0.728662
chr8	101250000	101500000	0.602843
chr8	101500000	101750000	0.567915
chr8	101750000	102000000	0.586416
chr8	102000000	102250000	0.627529
chr8	102250000	102500000	0.648853
chr8	102500000	102750000	0.632392
chr8	102750000	103000000	0.457204
chr8	103000000	103250000	0.0780404
chr8	103250000	103500000	0.039362
chr8	103500000	103750000	-0.43452
chr8	103750000	104000000	-0.566096
chr8	104000000	104250000	-0.56551
chr8	104250000	104500000	-0.309539
chr8	104500000	104750000	-0.267923
chr8	104750000	105000000	-0.38735
chr8	105000000	105250000	-0.401586
chr8	105250000	105500000	-0.221024
chr8	105500000	105750000	-0.162719
chr8	105750000	106000000	-0.333982
chr8	106000000	106250000	-0.514182
chr8	106250000	106500000	-0.531859
chr8	106500000	106750000	-0.252362
chr8	106750000	107000000	-0.183881
chr8	107000000	107250000	-0.170204
chr8	107250000	107500000	-0.116524
chr8	107500000	107750000	-0.128458
chr8	107750000	108000000	-0.443191
chr8	108000000	108250000	-0.479268
chr8	108250000	108500000	-0.524311
chr8	108500000	108750000	-0.611063
chr8	108750000	109000000	-0.797634
chr8	109000000	109250000	-0.964779
chr8	109250000	109500000	-0.73086
chr8	109500000	109750000	-0.628238
chr8	109750000	110000000	-0.895543
chr8	110000000	110250000	-0.924329
chr8	110250000	110500000	-0.926984
chr8	110500000	110750000	-0.858574
chr8	110750000	111000000	-0.676772
chr8	111000000	111250000	-0.629083
chr8	111250000	111500000	-0.592387
chr8	111500000	111750000	-0.782362
chr8	111750000	112000000	-0.553306
chr8	112000000	112250000	-0.779889
chr8	112250000	112500000	-0.701853
chr8	112500000	112750000	-0.696034
chr8	112750000	113000000	-0.788198
chr8	113000000	113250000	-0.913659
chr8	113250000	113500000	-0.780213
chr8	113500000	113750000	-0.95853
chr8	113750000	114000000	-0.987113
chr8	114000000	114250000	-0.915794
chr8	114250000	114500000	-0.851685
chr8	114500000	114750000	-0.827518
chr8	114750000	115000000	-0.787725
chr8	115000000	115250000	-0.667592
chr8	115250000	115500000	-0.573659
chr8	115500000	115750000	-0.527779
chr8	115750000	116000000	-0.621066
chr8	116000000	116250000	-0.577
chr8	116250000	116500000	-0.487925
chr8	116500000	116750000	-0.253589
chr8	116750000	117000000	-0.151338
chr8	117000000	117250000	-0.214408
chr8	117250000	117500000	-0.201616
chr8	117500000	117750000	-0.0450832
chr8	117750000	118000000	0.0728536
chr8	118000000	118250000	0.0535559
chr8	118250000	118500000	-0.0748737
chr8	118500000	118750000	-0.209367
chr8	118750000	119000000	-0.311086
chr8	119000000	119250000	-0.338932
chr8	119250000	119500000	-0.305796
chr8	119500000	119750000	-0.268652
chr8	119750000	120000000	-0.00987601
chr8	120000000	120250000	-0.0825184
chr8	120250000	120500000	-0.0614619
chr8	120500000	120750000	-0.0554414
chr8	120750000	121000000	0.0671308
chr8	121000000	121250000	0.11254
chr8	121250000	121500000	0.134707
chr8	121500000	121750000	0.223053
chr8	121750000	122000000	0.240911
chr8	122000000	122250000	0.222861
chr8	122250000	122500000	0.11391
chr8	122500000	122750000	0.300314
chr8	122750000	123000000	0.49418
chr8	123000000	123250000	0.539783
chr8	123250000	123500000	0.649007
chr8	123500000	123750000	0.665989
chr8	123750000	124000000	0.629535
chr8	124000000	124250000	0.65947
chr8	124250000	124500000	0.637702
chr8	124500000	124750000	0.669333
chr8	124750000	125000000	0.678703
chr8	125000000	125250000	0.600108
chr8	125250000	125500000	0.619955
chr8	125500000	125750000	0.567536
chr8	125750000	126000000	0.370053
chr8	126000000	126250000	0.255202
chr8	126250000	126500000	0.417142
chr8	126500000	126750000	0.396123
chr8	126750000	127000000	0.288223
chr8	127000000	127250000	0.205049
chr8	127250000	127500000	0.266598
chr8	127500000	127750000	0.344096
chr8	127750000	128000000	0.462776
chr8	128000000	128250000	0.395526
chr8	128250000	128500000	0.275242
chr8	128500000	128750000	0.168926
chr8	128750000	129000000	0.15562
chr8	129000000	129250000	0.187447
chr8	129250000	129500000	0.225107
chr8	129500000	129750000	0.331487
chr8	129750000	130000000	0.430386
chr8	130000000	130250000	0.406926
chr8	130250000	130500000	0.360846
chr8	130500000	130750000	0.27702
chr8	130750000	131000000	0.03164
chr8	131000000	131250000	-0.0885397
chr8	131250000	131500000	-0.192671
chr8	131500000	131750000	-0.222722
chr8	131750000	132000000	0.0281529
chr8	132000000	132250000	0.154762
chr8	132250000	132500000	0.143194
chr8	132500000	132750000	0.114284
chr8	132750000	133000000	0.239463
chr8	133000000	133250000	0.295288
chr8	133250000	133500000	0.210852
chr8	133500000	133750000	-0.137516
chr8	133750000	134000000	-0.464224
chr8	134000000	134250000	-0.800859
chr8	134250000	134500000	-0.562261
chr8	134500000	134750000	-0.173493
chr8	134750000	135000000	0.0281363
chr8	135000000	135250000	-0.0533225
chr8	135250000	135500000	-0.118527
chr8	135500000	135750000	-0.12842
chr8	135750000	136000000	-0.226831
chr8	136000000	136250000	-0.337861
chr8	136250000	136500000	-0.509662
chr8	136500000	136750000	-0.458307
chr8	136750000	137000000	-0.574933
chr8	137000000	137250000	-0.567214
chr8	137250000	137500000	-0.346324
chr8	137500000	137750000	-0.424437
chr8	137750000	138000000	-0.321163
chr8	138000000	138250000	-0.251117
chr8	138250000	138500000	-0.189284
chr8	138500000	138750000	0.00463533
chr8	138750000	139000000	0.315175
chr8	139000000	139250000	0.221083
chr8	139250000	139500000	0.306158
chr8	139500000	139750000	0.365029
chr8	139750000	140000000	0.466044
chr8	140000000	140250000	0.445194
chr8	140250000	140500000	0.555836
chr8	140500000	140750000	0.705295
chr8	140750000	141000000	0.721749
chr8	141000000	141250000	0.771095
chr8	141250000	141500000	0.787818
chr8	141500000	141750000	0.669614
chr8	141750000	142000000	0.68341
chr8	142000000	142250000	0.650246
chr8	142250000	142500000	0.652291
chr8	142500000	142750000	0.568003
chr8	142750000	143000000	0.474238
chr8	143000000	143250000	0.496351
chr8	143250000	143500000	0.694349
chr8	143500000	143750000	0.684381
chr8	143750000	144000000	0.660669
chr8	144000000	144250000	0.647682
chr8	144250000	144500000	0.599522
chr8	144500000	144750000	0.58567
chr8	144750000	145000000	0.533995
chr8	145000000	145138636	nan
#bedGraph section chr9:0-138394717
chr9	0	250000	nan
chr9	250000	500000	-0.750756
chr9	500000	750000	-0.525966
chr9	750000	1000000	-0.959599
chr9	1000000	1250000	-1.44883
chr9	1250000	1500000	nan
chr9	1500000	1750000	-1.47702
chr9	1750000	2000000	-1.20621
chr9	2000000	2250000	-0.644598
chr9	2250000	2500000	-0.713405
chr9	2500000	2750000	-0.472761
chr9	2750000	3000000	-0.55789
chr9	3000000	3250000	-0.842761
chr9	3250000	3500000	-0.598583
chr9	3500000	3750000	-0.545845
chr9	3750000	4000000	-0.608128
chr9	4000000	4250000	-0.478259
chr9	4250000	4500000	-0.477075
chr9	4500000	4750000	-0.500796
chr9	4750000	5000000	-0.657636
chr9	5000000	5250000	-0.950685
chr9	5250000	5500000	-1.02608
chr9	5500000	5750000	-0.757971
chr9	5750000	6000000	-0.521906
chr9	6000000	6250000	-0.593646
chr9	6250000	6500000	-0.501757
chr9	6500000	6750000	-0.321593
chr9	6750000	7000000	-0.235537
chr9	7000000	7250000	-0.138851
chr9	7250000	7500000	-0.199822
chr9	7500000	7750000	-0.194399
chr9	7750000	8000000	-0.227232
chr9	8000000	8250000	-0.263985
chr9	8250000	8500000	-0.171295
chr9	8500000	8750000	-0.224468
chr9	8750000	9000000	-0.261008
chr9	9000000	9250000	-0.622243
chr9	9250000	9500000	-0.714964
chr9	9500000	9750000	-0.77547
chr9	9750000	10000000	-0.649957
chr9	10000000	10250000	-0.68269
chr9	10250000	10500000	-0.60361
chr9	10500000	10750000	-0.762391
chr9	10750000	11000000	-0.654314
chr9	11000000	11250000	-0.689431
chr9	11250000	11500000	-0.54168
chr9	11500000	11750000	-0.673313
chr9	11750000	12000000	-0.71802
chr9	12000000	12250000	-0.774527
chr9	12250000	12500000	-0.600235
chr9	12500000	12750000	-0.671833
chr9	12750000	13000000	-0.7254
chr9	13000000	13250000	-0.511941
chr9	13250000	13500000	-0.389904
chr9	13500000	13750000	-0.435652
chr9	13750000	14000000	-0.385544
chr9	14000000	14250000	-0.352762
chr9	14250000	14500000	-0.287059
chr9	14500000	14750000	-0.430079
chr9	14750000	15000000	-0.478332
chr9	15000000	15250000	-0.597248
chr9	15250000	15500000	-0.521355
chr9	15500000	15750000	-0.696954
chr9	15750000	16000000	-0.747802
chr9	16000000	16250000	-0.386127
chr9	16250000	16500000	-0.230283
chr9	16500000	16750000	0.0974376
chr9	16750000	17000000	-0.260102
chr9	17000000	17250000	-0.520937
chr9	17250000	17500000	-0.562046
chr9	17500000	17750000	-0.585413
chr9	17750000	18000000	-0.526613
chr9	18000000	18250000	-0.488794
chr9	18250000	18500000	-0.253165
chr9	18500000	18750000	-0.413594
chr9	18750000	19000000	-0.31181
chr9	19000000	19250000	0.134967
chr9	19250000	19500000	0.152257
chr9	19500000	19750000	-0.410504
chr9	19750000	20000000	-0.306744
chr9	20000000	20250000	-0.143653
chr9	20250000	20500000	-0.0453477
chr9	20500000	20750000	-0.0408776
chr9	20750000	21000000	-0.0489538
chr9	21000000	21250000	-0.378673
chr9	21250000	21500000	-0.754626
chr9	21500000	21750000	-0.861459
chr9	21750000	22000000	-0.726467
chr9	22000000	22250000	-0.830765
chr9	22250000	22500000	-0.817357
chr9	22500000	22750000	-0.951701
chr9	22750000	23000000	-0.884506
chr9	23000000	23250000	-0.761511
chr9	23250000	23500000	-0.737353
chr9	23500000	23750000	-0.612985
chr9	23750000	24000000	-0.644906
chr9	24000000	24250000	-0.698291
chr9	24250000	24500000	-0.743642
chr9	24500000	24750000	-0.775451
chr9	24750000	25000000	-0.770859
chr9	25000000	25250000	-0.776477
chr9	25250000	25500000	-0.851369
chr9	25500000	25750000	-0.827385
chr9	25750000	26000000	-0.828974
chr9	26000000	26250000	-0.937955
chr9	26250000	26500000	-0.892043
chr9	26500000	26750000	-0.947249
chr9	26750000	27000000	-0.748613
chr9	27000000	27250000	-0.81798
chr9	27250000	27500000	-0.7142
chr9	27500000	27750000	-0.610005
chr9	27750000	28000000	-0.741104
chr9	28000000	28250000	-0.680734
chr9	28250000	28500000	-0.758069
chr9	28500000	28750000	-0.703347
chr9	28750000	29000000	-0.683489
chr9	29000000	29250000	-0.709148
chr9	29250000	29500000	-0.799425
chr9	29500000	29750000	-0.751807
chr9	29750000	30000000	-0.700167
chr9	30000000	30250000	-0.793764
chr9	30250000	30500000	-0.817634
chr9	30500000	30750000	-0.798457
chr9	30750000	31000000	-0.77211
chr9	31000000	31250000	-0.734159
chr9	31250000	31500000	-0.870117
chr9	31500000	31750000	-0.885868
chr9	31750000	32000000	-0.898631
chr9	32000000	32250000	-1.03629
chr9	32250000	32500000	-0.808594
chr9	32500000	32750000	-0.890494
chr9	32750000	33000000	-0.838563
chr9	33000000	33250000	-0.0179739
chr9	33250000	33500000	0.340954
chr9	33500000	33750000	0.377954
chr9	33750000	34000000	0.594558
chr9	34000000	34250000	0.716338
chr9	34250000	34500000	0.782308
chr9	34500000	34750000	0.903568
chr9	34750000	35000000	0.791327
chr9	35000000	35250000	0.857696
chr9	35250000	35500000	0.785062
chr9	35500000	35750000	1.02318
chr9	35750000	36000000	0.956912
chr9	36000000	36250000	0.868122
chr9	36250000	36500000	0.764979
chr9	36500000	36750000	0.599488
chr9	36750000	37000000	0.534709
chr9	37000000	37250000	0.429446
chr9	37250000	37500000	0.39322
chr9	37500000	37750000	0.167019
chr9	37750000	38000000	0.0585586
chr9	38000000	38250000	-0.0246574
chr9	38250000	38500000	-0.255738
chr9	38500000	38750000	-0.785484
chr9	38750000	39000000	nan
chr9	39000000	39250000	nan
chr9	39250000	39500000	nan
chr9	39500000	39750000	nan
chr9	39750000	40000000	nan
chr9	40000000	40250000	nan
chr9	40250000	40500000	nan
chr9	40500000	40750000	nan
chr9	40750000	41000000	nan
chr9	41000000	41250000	nan
chr9	41250000	41500000	nan
chr9	41500000	41750000	nan
chr9	41750000	42000000	nan
chr9	42000000	42250000	nan
chr9	42250000	42500000	nan
chr9	42500000	42750000	nan
chr9	42750000	43000000	nan
chr9	43000000	43250000	nan
chr9	43250000	43500000	nan
chr9	43500000	43750000	nan
chr9	43750000	44000000	nan
chr9	44000000	44250000	nan
chr9	44250000	44500000	nan
chr9	44500000	44750000	nan
chr9	44750000	45000000	nan
chr9	45000000	45250000	nan
chr9	45250000	45500000	nan
chr9	45500000	45750000	nan
chr9	45750000	46000000	nan
chr9	46000000	46250000	nan
chr9	46250000	46500000	nan
chr9	46500000	46750000	nan
chr9	46750000	47000000	nan
chr9	47000000	47250000	nan
chr9	47250000	47500000	nan
chr9	47500000	47750000	nan
chr9	47750000	48000000	nan
chr9	48000000	48250000	nan
chr9	48250000	48500000	nan
chr9	48500000	48750000	nan
chr9	48750000	49000000	nan
chr9	49000000	49250000	nan
chr9	49250000	49500000	nan
chr9	49500000	49750000	nan
chr9	49750000	50000000	nan
chr9	50000000	50250000	nan
chr9	50250000	50500000	nan
chr9	50500000	50750000	nan
chr9	50750000	51000000	nan
chr9	51000000	51250000	nan
chr9	51250000	51500000	nan
chr9	51500000	51750000	nan
chr9	51750000	52000000	nan
chr9	52000000	52250000	nan
chr9	52250000	52500000	nan
chr9	52500000	52750000	nan
chr9	52750000	53000000	nan
chr9	53000000	53250000	nan
chr9	53250000	53500000	nan
chr9	53500000	53750000	nan
chr9	53750000	54000000	nan
chr9	54000000	54250000	nan
chr9	54250000	54500000	nan
chr9	54500000	54750000	nan
chr9	54750000	55000000	nan
chr9	55000000	55250000	nan
chr9	55250000	55500000	nan
chr9	55500000	55750000	nan
chr9	55750000	56000000	nan
chr9	56000000	56250000	nan
chr9	56250000	56500000	nan
chr9	56500000	56750000	nan
chr9	56750000	57000000	nan
chr9	57000000	57250000	nan
chr9	57250000	57500000	nan
chr9	57500000	57750000	nan
chr9	57750000	58000000	nan
chr9	58000000	58250000	nan
chr9	58250000	58500000	nan
chr9	58500000	58750000	nan
chr9	58750000	59000000	nan
chr9	59000000	59250000	nan
chr9	59250000	59500000	nan
chr9	59500000	59750000	nan
chr9	59750000	60000000	nan
chr9	60000000	60250000	nan
chr9	60250000	60500000	nan
chr9	60500000	60750000	nan
chr9	60750000	61000000	nan
chr9	61000000	61250000	nan
chr9	61250000	61500000	nan
chr9	61500000	61750000	nan
chr9	61750000	62000000	nan
chr9	62000000	62250000	nan
chr9	62250000	62500000	nan
chr9	62500000	62750000	nan
chr9	62750000	63000000	nan
chr9	63000000	63250000	nan
chr9	63250000	63500000	nan
chr9	63500000	63750000	nan
chr9	63750000	64000000	nan
chr9	64000000	64250000	nan
chr9	64250000	64500000	nan
chr9	64500000	64750000	nan
chr9	64750000	65000000	nan
chr9	65000000	65250000	nan
chr9	65250000	65500000	nan
chr9	65500000	65750000	nan
chr9	65750000	66000000	nan
chr9	66000000	66250000	nan
chr9	66250000	66500000	nan
chr9	66500000	66750000	nan
chr9	66750000	67000000	nan
chr9	67000000	67250000	nan
chr9	67250000	67500000	nan
chr9	67500000	67750000	nan
chr9	67750000	68000000	nan
chr9	68000000	68250000	nan
chr9	68250000	68500000	-0.49565
chr9	68500000	68750000	-0.404411
chr9	68750000	69000000	-0.370045
chr9	69000000	69250000	-0.0477457
chr9	69250000	69500000	-0.0645875
chr9	69500000	69750000	-0.343199
chr9	69750000	70000000	-0.465192
chr9	70000000	70250000	-0.513398
chr9	70250000	70500000	-0.436997
chr9	70500000	70750000	-0.548533
chr9	70750000	71000000	-0.745347
chr9	71000000	71250000	-0.737101
chr9	71250000	71500000	-0.694453
chr9	71500000	71750000	-0.602238
chr9	71750000	72000000	-0.463929
chr9	72000000	72250000	-0.634045
chr9	72250000	72500000	-0.553799
chr9	72500000	72750000	-0.701736
chr9	72750000	73000000	-0.719674
chr9	73000000	73250000	-0.521944
chr9	73250000	73500000	-0.576429
chr9	73500000	73750000	-0.578613
chr9	73750000	74000000	-0.747501
chr9	74000000	74250000	-0.810679
chr9	74250000	74500000	-0.730945
chr9	74500000	74750000	-0.639865
chr9	74750000	75000000	-0.659321
chr9	75000000	75250000	-0.609199
chr9	75250000	75500000	-0.764855
chr9	75500000	75750000	-0.812972
chr9	75750000	76000000	-0.633287
chr9	76000000	76250000	-0.610776
chr9	76250000	76500000	-0.435673
chr9	76500000	76750000	-0.491761
chr9	76750000	77000000	-0.428505
chr9	77000000	77250000	-0.35467
chr9	77250000	77500000	-0.242226
chr9	77500000	77750000	-0.266387
chr9	77750000	78000000	0.069105
chr9	78000000	78250000	-0.157783
chr9	78250000	78500000	-0.13205
chr9	78500000	78750000	-0.256554
chr9	78750000	79000000	-0.316201
chr9	79000000	79250000	-0.242621
chr9	79250000	79500000	-0.192896
chr9	79500000	79750000	-0.120242
chr9	79750000	80000000	-0.204356
chr9	80000000	80250000	-0.156863
chr9	80250000	80500000	-0.319226
chr9	80500000	80750000	-0.21823
chr9	80750000	81000000	-0.245293
chr9	81000000	81250000	-0.167276
chr9	81250000	81500000	-0.177602
chr9	81500000	81750000	-0.0465317
chr9	81750000	82000000	-0.158919
chr9	82000000	82250000	-0.271246
chr9	82250000	82500000	-0.292973
chr9	82500000	82750000	-0.219597
chr9	82750000	83000000	-0.216026
chr9	83000000	83250000	-0.0888205
chr9	83250000	83500000	-0.0748245
chr9	83500000	83750000	0.0781316
chr9	83750000	84000000	0.271616
chr9	84000000	84250000	0.252589
chr9	84250000	84500000	0.342572
chr9	84500000	84750000	0.24951
chr9	84750000	85000000	0.245493
chr9	85000000	85250000	0.221316
chr9	85250000	85500000	0.282669
chr9	85500000	85750000	0.33779
chr9	85750000	86000000	0.429293
chr9	86000000	86250000	0.44757
chr9	86250000	86500000	0.467696
chr9	86500000	86750000	0.355167
chr9	86750000	87000000	0.333485
chr9	87000000	87250000	0.269698
chr9	87250000	87500000	0.375359
chr9	87500000	87750000	0.413915
chr9	87750000	88000000	0.39581
chr9	88000000	88250000	0.354476
chr9	88250000	88500000	0.371287
chr9	88500000	88750000	0.360029
chr9	88750000	89000000	0.294802
chr9	89000000	89250000	0.340917
chr9	89250000	89500000	0.485602
chr9	89500000	89750000	0.472671
chr9	89750000	90000000	0.458056
chr9	90000000	90250000	0.373653
chr9	90250000	90500000	0.211667
chr9	90500000	90750000	0.214585
chr9	90750000	91000000	0.408397
chr9	91000000	91250000	0.44918
chr9	91250000	91500000	0.444868
chr9	91500000	91750000	0.422376
chr9	91750000	92000000	0.543901
chr9	92000000	92250000	0.591459
chr9	92250000	92500000	0.514722
chr9	92500000	92750000	0.547558
chr9	92750000	93000000	0.608543
chr9	93000000	93250000	0.652947
chr9	93250000	93500000	0.593239
chr9	93500000	93750000	0.553697
chr9	93750000	94000000	0.453919
chr9	94000000	94250000	0.481483
chr9	94250000	94500000	0.487325
chr9	94500000	94750000	0.529234
chr9	94750000	95000000	0.51977
chr9	95000000	95250000	0.516696
chr9	95250000	95500000	0.52876
chr9	95500000	95750000	0.499173
chr9	95750000	96000000	0.54007
chr9	96000000	96250000	0.555699
chr9	96250000	96500000	0.585373
chr9	96500000	96750000	0.538481
chr9	96750000	97000000	0.535026
chr9	97000000	97250000	0.51918
chr9	97250000	97500000	0.534286
chr9	97500000	97750000	0.528285
chr9	97750000	98000000	0.423067
chr9	98000000	98250000	0.377412
chr9	98250000	98500000	0.23959
chr9	98500000	98750000	0.238716
chr9	98750000	99000000	0.128306
chr9	99000000	99250000	0.0105239
chr9	99250000	99500000	-0.157504
chr9	99500000	99750000	-0.307974
chr9	99750000	100000000	-0.167856
chr9	100000000	100250000	-0.287821
chr9	100250000	100500000	-0.350896
chr9	100500000	100750000	-0.613478
chr9	100750000	101000000	-1.02913
chr9	101000000	101250000	-0.908649
chr9	101250000	101500000	-0.783808
chr9	101500000	101750000	-0.976768
chr9	101750000	102000000	-0.998059
chr9	102000000	102250000	-1.09437
chr9	102250000	102500000	-1.05767
chr9	102500000	102750000	-1.02426
chr9	102750000	103000000	-1.02887
chr9	103000000	103250000	-0.969463
chr9	103250000	103500000	-0.967079
chr9	103500000	103750000	-1.03549
chr9	103750000	104000000	-1.06812
chr9	104000000	104250000	-1.04557
chr9	104250000	104500000	-1.08757
chr9	104500000	104750000	-1.00134
chr9	104750000	105000000	-0.48918
chr9	105000000	105250000	-0.535185
chr9	105250000	105500000	-0.473052
chr9	105500000	105750000	-0.564298
chr9	105750000	106000000	-0.446636
chr9	106000000	106250000	-0.565196
chr9	106250000	106500000	-0.543559
chr9	106500000	106750000	-0.512294
chr9	106750000	107000000	-0.400591
chr9	107000000	107250000	-0.318062
chr9	107250000	107500000	-0.131171
chr9	107500000	107750000	-0.238994
chr9	107750000	108000000	-0.361075
chr9	108000000	108250000	-0.435498
chr9	108250000	108500000	-0.438043
chr9	108500000	108750000	-0.325377
chr9	108750000	109000000	-0.116887
chr9	109000000	109250000	-0.0313815
chr9	109250000	109500000	-0.0572831
chr9	109500000	109750000	-0.0596165
chr9	109750000	110000000	-0.175149
chr9	110000000	110250000	-0.0718576
chr9	110250000	110500000	-0.177245
chr9	110500000	110750000	-0.228876
chr9	110750000	111000000	-0.432073
chr9	111000000	111250000	-0.424716
chr9	111250000	111500000	-0.0967419
chr9	111500000	111750000	0.00581737
chr9	111750000	112000000	-0.0203359
chr9	112000000	112250000	0.0642834
chr9	112250000	112500000	0.116764
chr9	112500000	112750000	0.0259513
chr9	112750000	113000000	0.0266704
chr9	113000000	113250000	0.0965937
chr9	113250000	113500000	0.358136
chr9	113500000	113750000	0.342138
chr9	113750000	114000000	0.232296
chr9	114000000	114250000	0.343175
chr9	114250000	114500000	0.272805
chr9	114500000	114750000	0.131737
chr9	114750000	115000000	-0.0235268
chr9	115000000	115250000	-0.016447
chr9	115250000	115500000	-0.108787
chr9	115500000	115750000	-0.140738
chr9	115750000	116000000	-0.417902
chr9	116000000	116250000	-0.258264
chr9	116250000	116500000	-0.183177
chr9	116500000	116750000	-0.137717
chr9	116750000	117000000	-0.264602
chr9	117000000	117250000	-0.337889
chr9	117250000	117500000	-0.309562
chr9	117500000	117750000	-0.315099
chr9	117750000	118000000	-0.447766
chr9	118000000	118250000	-0.523344
chr9	118250000	118500000	-0.598789
chr9	118500000	118750000	-0.422336
chr9	118750000	119000000	-0.482418
chr9	119000000	119250000	-0.436464
chr9	119250000	119500000	-0.292494
chr9	119500000	119750000	-0.317378
chr9	119750000	120000000	-0.373127
chr9	120000000	120250000	-0.335469
chr9	120250000	120500000	-0.25218
chr9	120500000	120750000	-0.110499
chr9	120750000	121000000	-0.0371281
chr9	121000000	121250000	-0.00952844
chr9	121250000	121500000	0.0820146
chr9	121500000	121750000	0.125089
chr9	121750000	122000000	-0.000157064
chr9	122000000	122250000	-0.0750138
chr9	122250000	122500000	-0.28087
chr9	122500000	122750000	-0.639757
chr9	122750000	123000000	-0.0774462
chr9	123000000	123250000	0.169272
chr9	123250000	123500000	0.298465
chr9	123500000	123750000	0.255715
chr9	123750000	124000000	0.190941
chr9	124000000	124250000	0.300357
chr9	124250000	124500000	0.395826
chr9	124500000	124750000	0.4061
chr9	124750000	125000000	0.486641
chr9	125000000	125250000	0.463124
chr9	125250000	125500000	0.469889
chr9	125500000	125750000	0.392115
chr9	125750000	126000000	0.383954
chr9	126000000	126250000	0.393844
chr9	126250000	126500000	0.397745
chr9	126500000	126750000	0.496231
chr9	126750000	127000000	0.533885
chr9	127000000	127250000	0.516353
chr9	127250000	127500000	0.569054
chr9	127500000	127750000	0.58988
chr9	127750000	128000000	0.602519
chr9	128000000	128250000	0.651215
chr9	128250000	128500000	0.645079
chr9	128500000	128750000	0.609604
chr9	128750000	129000000	0.605372
chr9	129000000	129250000	0.587885
chr9	129250000	129500000	0.511441
chr9	129500000	129750000	0.569889
chr9	129750000	130000000	0.566775
chr9	130000000	130250000	0.556515
chr9	130250000	130500000	0.557214
chr9	130500000	130750000	0.539906
chr9	130750000	131000000	0.540755
chr9	131000000	131250000	0.57762
chr9	131250000	131500000	0.572793
chr9	131500000	131750000	0.566682
chr9	131750000	132000000	0.52577
chr9	132000000	132250000	0.550688
chr9	132250000	132500000	0.593762
chr9	132500000	132750000	0.533246
chr9	132750000	133000000	0.58476
chr9	133000000	133250000	0.629598
chr9	133250000	133500000	0.615148
chr9	133500000	133750000	0.598721
chr9	133750000	134000000	0.608477
chr9	134000000	134250000	0.611607
chr9	134250000	134500000	0.596454
chr9	134500000	134750000	0.54636
chr9	134750000	135000000	0.560314
chr9	135000000	135250000	0.538013
chr9	135250000	135500000	0.595379
chr9	135500000	135750000	0.610566
chr9	135750000	136000000	0.634247
chr9	136000000	136250000	0.650091
chr9	136250000	136500000	0.721412
chr9	136500000	136750000	0.691147
chr9	136750000	137000000	0.661119
chr9	137000000	137250000	0.689112
chr9	137250000	137500000	0.635531
chr9	137500000	137750000	0.55959
chr9	137750000	138000000	0.39537
chr9	138000000	138250000	0.317369
chr9	138250000	138394717	nan
#bedGraph section chrX:0-156040895
chrX	0	250000	nan
chrX	250000	500000	0.958257
chrX	500000	750000	0.682758
chrX	750000	1000000	0.643919
chrX	1000000	1250000	0.759988
chrX	1250000	1500000	0.952995
chrX	1500000	1750000	0.725069
chrX	1750000	2000000	0.625401
chrX	2000000	2250000	nan
chrX	2250000	2500000	0.728093
chrX	2500000	2750000	0.778837
chrX	2750000	3000000	0.648302
chrX	3000000	3250000	0.310352
chrX	3250000	3500000	0.309893
chrX	3500000	3750000	0.389852
chrX	3750000	4000000	0.173551
chrX	4000000	4250000	-0.490978
chrX	4250000	4500000	-0.513331
chrX	4500000	4750000	-0.498426
chrX	4750000	5000000	-0.508762
chrX	5000000	5250000	-0.417905
chrX	5250000	5500000	-0.521978
chrX	5500000	5750000	-0.49132
chrX	5750000	6000000	-0.337314
chrX	6000000	6250000	-0.253981
chrX	6250000	6500000	-0.258293
chrX	6500000	6750000	-0.226892
chrX	6750000	7000000	-0.107893
chrX	7000000	7250000	-0.0539674
chrX	7250000	7500000	-0.238964
chrX	7500000	7750000	-0.290505
chrX	7750000	8000000	-0.102591
chrX	8000000	8250000	0.089186
chrX	8250000	8500000	-0.00220504
chrX	8500000	8750000	0.194432
chrX	8750000	9000000	0.144856
chrX	9000000	9250000	0.19819
chrX	9250000	9500000	0.392702
chrX	9500000	9750000	0.397427
chrX	9750000	10000000	0.539819
chrX	10000000	10250000	0.397217
chrX	10250000	10500000	0.13893
chrX	10500000	10750000	0.153026
chrX	10750000	11000000	0.131384
chrX	11000000	11250000	0.127003
chrX	11250000	11500000	0.0301158
chrX	11500000	11750000	0.0800082
chrX	11750000	12000000	-0.0861474
chrX	12000000	12250000	-0.20843
chrX	12250000	12500000	-0.159308
chrX	12500000	12750000	-0.148368
chrX	12750000	13000000	0.109729
chrX	13000000	13250000	0.130209
chrX	13250000	13500000	0.0826719
chrX	13500000	13750000	0.224624
chrX	13750000	14000000	0.16698
chrX	14000000	14250000	-0.207626
chrX	14250000	14500000	-0.482696
chrX	14500000	14750000	-0.379115
chrX	14750000	15000000	-0.393541
chrX	15000000	15250000	-0.261235
chrX	15250000	15500000	0.123313
chrX	15500000	15750000	0.301511
chrX	15750000	16000000	0.40592
chrX	16000000	16250000	0.264163
chrX	16250000	16500000	0.213831
chrX	16500000	16750000	0.449342
chrX	16750000	17000000	0.614221
chrX	17000000	17250000	0.395144
chrX	17250000	17500000	0.323277
chrX	17500000	17750000	0.418736
chrX	17750000	18000000	0.243619
chrX	18000000	18250000	0.197405
chrX	18250000	18500000	0.272522
chrX	18500000	18750000	0.328401
chrX	18750000	19000000	0.405059
chrX	19000000	19250000	0.371191
chrX	19250000	19500000	0.398211
chrX	19500000	19750000	0.434361
chrX	19750000	20000000	0.389994
chrX	20000000	20250000	0.27258
chrX	20250000	20500000	0.116051
chrX	20500000	20750000	-0.257365
chrX	20750000	21000000	-0.473522
chrX	21000000	21250000	-0.458987
chrX	21250000	21500000	-0.452857
chrX	21500000	21750000	-0.198207
chrX	21750000	22000000	0.228917
chrX	22000000	22250000	0.199319
chrX	22250000	22500000	0.136875
chrX	22500000	22750000	0.0907217
chrX	22750000	23000000	-0.0358725
chrX	23000000	23250000	-0.0448528
chrX	23250000	23500000	0.00949167
chrX	23500000	23750000	0.252607
chrX	23750000	24000000	0.527197
chrX	24000000	24250000	0.635556
chrX	24250000	24500000	0.475272
chrX	24500000	24750000	0.445627
chrX	24750000	25000000	0.209173
chrX	25000000	25250000	-0.127185
chrX	25250000	25500000	-0.531408
chrX	25500000	25750000	-0.589287
chrX	25750000	26000000	-0.613937
chrX	26000000	26250000	-0.501565
chrX	26250000	26500000	-0.50625
chrX	26500000	26750000	-0.576016
chrX	26750000	27000000	-0.608613
chrX	27000000	27250000	-0.559077
chrX	27250000	27500000	-0.553454
chrX	27500000	27750000	-0.456716
chrX	27750000	28000000	-0.49666
chrX	28000000	28250000	-0.424004
chrX	28250000	28500000	-0.423432
chrX	28500000	28750000	-0.304211
chrX	28750000	29000000	-0.430602
chrX	29000000	29250000	-0.341459
chrX	29250000	29500000	-0.35047
chrX	29500000	29750000	-0.398331
chrX	29750000	30000000	-0.276615
chrX	30000000	30250000	-0.14729
chrX	30250000	30500000	-0.104507
chrX	30500000	30750000	-0.142477
chrX	30750000	31000000	-0.139944
chrX	31000000	31250000	-0.139198
chrX	31250000	31500000	-0.0666563
chrX	31500000	31750000	-0.198473
chrX	31750000	32000000	-0.313037
chrX	32000000	32250000	-0.32243
chrX	32250000	32500000	-0.316555
chrX	32500000	32750000	-0.17208
chrX	32750000	33000000	-0.231024
chrX	33000000	33250000	-0.134786
chrX	33250000	33500000	-0.24095
chrX	33500000	33750000	-0.392699
chrX	33750000	34000000	-0.466825
chrX	34000000	34250000	-0.426924
chrX	34250000	34500000	-0.225863
chrX	34500000	34750000	-0.142953
chrX	34750000	35000000	-0.19911
chrX	35000000	35250000	-0.28057
chrX	35250000	35500000	-0.275215
chrX	35500000	35750000	-0.282516
chrX	35750000	36000000	-0.217523
chrX	36000000	36250000	-0.324713
chrX	36250000	36500000	-0.31692
chrX	36500000	36750000	-0.389549
chrX	36750000	37000000	-0.254147
chrX	37000000	37250000	nan
chrX	37250000	37500000	0.0648621
chrX	37500000	37750000	0.140301
chrX	37750000	38000000	0.271131
chrX	38000000	38250000	0.225333
chrX	38250000	38500000	0.386689
chrX	38500000	38750000	0.481036
chrX	38750000	39000000	0.572649
chrX	39000000	39250000	0.543873
chrX	39250000	39500000	0.598289
chrX	39500000	39750000	0.612933
chrX	39750000	40000000	0.675119
chrX	40000000	40250000	0.698209
chrX	40250000	40500000	0.684748
chrX	40500000	40750000	0.661725
chrX	40750000	41000000	0.621277
chrX	41000000	41250000	0.648425
chrX	41250000	41500000	0.625312
chrX	41500000	41750000	0.523817
chrX	41750000	42000000	0.321677
chrX	42000000	42250000	0.223248
chrX	42250000	42500000	0.158436
chrX	42500000	42750000	0.130863
chrX	42750000	43000000	0.085923
chrX	43000000	43250000	0.108132
chrX	43250000	43500000	0.128058
chrX	43500000	43750000	0.310424
chrX	43750000	44000000	0.253573
chrX	44000000	44250000	0.182919
chrX	44250000	44500000	0.214493
chrX	44500000	44750000	0.292275
chrX	44750000	45000000	0.316802
chrX	45000000	45250000	0.298073
chrX	45250000	45500000	-0.0335132
chrX	45500000	45750000	-0.0821701
chrX	45750000	46000000	0.0150723
chrX	46000000	46250000	-0.0658895
chrX	46250000	46500000	0.227713
chrX	46500000	46750000	0.466652
chrX	46750000	47000000	0.571479
chrX	47000000	47250000	0.864535
chrX	47250000	47500000	0.808782
chrX	47500000	47750000	0.752939
chrX	47750000	48000000	0.565805
chrX	48000000	48250000	0.560591
chrX	48250000	48500000	0.575153
chrX	48500000	48750000	0.825608
chrX	48750000	49000000	0.88796
chrX	49000000	49250000	0.875016
chrX	49250000	49500000	nan
chrX	49500000	49750000	nan
chrX	49750000	50000000	0.407644
chrX	50000000	50250000	0.304954
chrX	50250000	50500000	0.119719
chrX	50500000	50750000	0.15395
chrX	50750000	51000000	0.187316
chrX	51000000	51250000	0.0222357
chrX	51250000	51500000	0.048891
chrX	51500000	51750000	0.127335
chrX	51750000	52000000	0.134392
chrX	52000000	52250000	nan
chrX	52250000	52500000	0.156495
chrX	52500000	52750000	nan
chrX	52750000	53000000	nan
chrX	53000000	53250000	0.728988
chrX	53250000	53500000	0.787525
chrX	53500000	53750000	0.64202
chrX	53750000	54000000	0.382799
chrX	54000000	54250000	0.438755
chrX	54250000	54500000	0.433156
chrX	54500000	54750000	0.27059
chrX	54750000	55000000	0.264069
chrX	55000000	55250000	0.151454
chrX	55250000	55500000	-0.0764523
chrX	55500000	55750000	-0.0626076
chrX	55750000	56000000	-0.119466
chrX	56000000	56250000	-0.111171
chrX	56250000	56500000	-0.106687
chrX	56500000	56750000	0.167539
chrX	56750000	57000000	0.282013
chrX	57000000	57250000	0.0816757
chrX	57250000	57500000	-0.124249
chrX	57500000	57750000	-0.094298
chrX	57750000	58000000	0.00639971
chrX	58000000	58250000	nan
chrX	58250000	58500000	nan
chrX	58500000	58750000	nan
chrX	58750000	59000000	nan
chrX	59000000	59250000	nan
chrX	59250000	59500000	nan
chrX	59500000	59750000	nan
chrX	59750000	60000000	nan
chrX	60000000	60250000	nan
chrX	60250000	60500000	nan
chrX	60500000	60750000	nan
chrX	60750000	61000000	nan
chrX	61000000	61250000	nan
chrX	61250000	61500000	nan
chrX	61500000	61750000	nan
chrX	61750000	62000000	nan
chrX	62000000	62250000	nan
chrX	62250000	62500000	nan
chrX	62500000	62750000	nan
chrX	62750000	63000000	nan
chrX	63000000	63250000	nan
chrX	63250000	63500000	-0.0333055
chrX	63500000	63750000	0.0986662
chrX	63750000	64000000	0.0448631
chrX	64000000	64250000	-0.0778854
chrX	64250000	64500000	-0.107469
chrX	64500000	64750000	-0.136114
chrX	64750000	65000000	-0.123485
chrX	65000000	65250000	-0.180751
chrX	65250000	65500000	-0.0645188
chrX	65500000	65750000	0.289341
chrX	65750000	66000000	0.0333072
chrX	66000000	66250000	0.0330404
chrX	66250000	66500000	-0.338096
chrX	66500000	66750000	-0.286388
chrX	66750000	67000000	-0.310433
chrX	67000000	67250000	-0.431191
chrX	67250000	67500000	-0.444556
chrX	67500000	67750000	-0.216979
chrX	67750000	68000000	-0.335119
chrX	68000000	68250000	-0.063537
chrX	68250000	68500000	0.079078
chrX	68500000	68750000	0.43462
chrX	68750000	69000000	0.779211
chrX	69000000	69250000	0.828297
chrX	69250000	69500000	0.596773
chrX	69500000	69750000	0.224909
chrX	69750000	70000000	-0.00330607
chrX	70000000	70250000	0.438503
chrX	70250000	70500000	0.629312
chrX	70500000	70750000	0.453558
chrX	70750000	71000000	0.492333
chrX	71000000	71250000	0.87586
chrX	71250000	71500000	0.875832
chrX	71500000	71750000	0.846466
chrX	71750000	72000000	0.804388
chrX	72000000	72250000	0.83574
chrX	72250000	72500000	0.511465
chrX	72500000	72750000	0.324278
chrX	72750000	73000000	nan
chrX	73000000	73250000	0.00532189
chrX	73250000	73500000	0.0256356
chrX	73500000	73750000	0.126025
chrX	73750000	74000000	0.434411
chrX	74000000	74250000	0.549275
chrX	74250000	74500000	0.518959
chrX	74500000	74750000	0.194294
chrX	74750000	75000000	-0.0711859
chrX	75000000	75250000	-0.00713512
chrX	75250000	75500000	-0.0157558
chrX	75500000	75750000	-0.0561673
chrX	75750000	76000000	-0.211048
chrX	76000000	76250000	-0.0728361
chrX	76250000	76500000	-0.197925
chrX	76500000	76750000	-0.245285
chrX	76750000	77000000	-0.187484
chrX	77000000	77250000	-0.0188081
chrX	77250000	77500000	0.119087
chrX	77500000	77750000	0.176724
chrX	77750000	78000000	0.193248
chrX	78000000	78250000	0.0139894
chrX	78250000	78500000	-0.342115
chrX	78500000	78750000	-0.31609
chrX	78750000	79000000	-0.361204
chrX	79000000	79250000	-0.372767
chrX	79250000	79500000	-0.318777
chrX	79500000	79750000	-0.413313
chrX	79750000	80000000	-0.420949
chrX	80000000	80250000	-0.328573
chrX	80250000	80500000	-0.239295
chrX	80500000	80750000	-0.207392
chrX	80750000	81000000	-0.295315
chrX	81000000	81250000	-0.259105
chrX	81250000	81500000	-0.238254
chrX	81500000	81750000	-0.483332
chrX	81750000	82000000	-0.482464
chrX	82000000	82250000	-0.520231
chrX	82250000	82500000	-0.51419
chrX	82500000	82750000	-0.415628
chrX	82750000	83000000	-0.415948
chrX	83000000	83250000	-0.444571
chrX	83250000	83500000	-0.42828
chrX	83500000	83750000	-0.380834
chrX	83750000	84000000	-0.46177
chrX	84000000	84250000	-0.366903
chrX	84250000	84500000	-0.512474
chrX	84500000	84750000	-0.484989
chrX	84750000	85000000	-0.40775
chrX	85000000	85250000	-0.263359
chrX	85250000	85500000	-0.358133
chrX	85500000	85750000	-0.354573
chrX	85750000	86000000	-0.275198
chrX	86000000	86250000	-0.265226
chrX	86250000	86500000	-0.477913
chrX	86500000	86750000	-0.530097
chrX	86750000	87000000	-0.390106
chrX	87000000	87250000	-0.368699
chrX	87250000	87500000	-0.138931
chrX	87500000	87750000	0.00423054
chrX	87750000	88000000	0.0527351
chrX	88000000	88250000	-0.0707423
chrX	88250000	88500000	-0.209304
chrX	88500000	88750000	-0.263236
chrX	88750000	89000000	-0.367081
chrX	89000000	89250000	-0.395796
chrX	89250000	89500000	nan
chrX	89500000	89750000	nan
chrX	89750000	90000000	nan
chrX	90000000	90250000	-0.176688
chrX	90250000	90500000	nan
chrX	90500000	90750000	nan
chrX	90750000	91000000	nan
chrX	91000000	91250000	-0.237898
chrX	91250000	91500000	-0.27564
chrX	91500000	91750000	nan
chrX	91750000	92000000	nan
chrX	92000000	92250000	-0.207542
chrX	92250000	92500000	nan
chrX	92500000	92750000	nan
chrX	92750000	93000000	nan
chrX	93000000	93250000	-0.375457
chrX	93250000	93500000	-0.343431
chrX	93500000	93750000	-0.388352
chrX	93750000	94000000	-0.476377
chrX	94000000	94250000	-0.464255
chrX	94250000	94500000	-0.495513
chrX	94500000	94750000	-0.432276
chrX	94750000	95000000	-0.398006
chrX	95000000	95250000	-0.383417
chrX	95250000	95500000	-0.355714
chrX	95500000	95750000	-0.392399
chrX	95750000	96000000	-0.285427
chrX	96000000	96250000	-0.371997
chrX	96250000	96500000	-0.29759
chrX	96500000	96750000	-0.140169
chrX	96750000	97000000	-0.116669
chrX	97000000	97250000	-0.0346372
chrX	97250000	97500000	-0.0178457
chrX	97500000	97750000	-0.0943168
chrX	97750000	98000000	-0.218298
chrX	98000000	98250000	-0.264523
chrX	98250000	98500000	-0.281359
chrX	98500000	98750000	-0.28514
chrX	98750000	99000000	-0.32591
chrX	99000000	99250000	-0.425224
chrX	99250000	99500000	-0.458006
chrX	99500000	99750000	-0.535349
chrX	99750000	100000000	-0.460119
chrX	100000000	100250000	-0.363797
chrX	100250000	100500000	-0.0722616
chrX	100500000	100750000	0.0174563
chrX	100750000	101000000	-0.0339181
chrX	101000000	101250000	0.100611
chrX	101250000	101500000	0.0942417
chrX	101500000	101750000	-0.169728
chrX	101750000	102000000	-0.436853
chrX	102000000	102250000	-0.567569
chrX	102250000	102500000	nan
chrX	102500000	102750000	-0.239065
chrX	102750000	103000000	-0.172055
chrX	103000000	103250000	0.116817
chrX	103250000	103500000	0.507483
chrX	103500000	103750000	0.559497
chrX	103750000	104000000	0.404524
chrX	104000000	104250000	0.373013
chrX	104250000	104500000	0.136837
chrX	104500000	104750000	-0.141201
chrX	104750000	105000000	-0.0590121
chrX	105000000	105250000	-0.134316
chrX	105250000	105500000	-0.525831
chrX	105500000	105750000	-0.488942
chrX	105750000	106000000	-0.439694
chrX	106000000	106250000	-0.412181
chrX	106250000	106500000	-0.386135
chrX	106500000	106750000	-0.317378
chrX	106750000	107000000	0.128589
chrX	107000000	107250000	0.344377
chrX	107250000	107500000	0.306869
chrX	107500000	107750000	0.638478
chrX	107750000	108000000	0.403537
chrX	108000000	108250000	0.311167
chrX	108250000	108500000	0.40348
chrX	108500000	108750000	0.207367
chrX	108750000	109000000	-0.453681
chrX	109000000	109250000	-0.495637
chrX	109250000	109500000	-0.166794
chrX	109500000	109750000	0.113094
chrX	109750000	110000000	0.212094
chrX	110000000	110250000	0.291587
chrX	110250000	110500000	0.147349
chrX	110500000	110750000	-0.0924136
chrX	110750000	111000000	-0.0753832
chrX	111000000	111250000	-0.0729687
chrX	111250000	111500000	0.065611
chrX	111500000	111750000	0.120186
chrX	111750000	112000000	-0.0772156
chrX	112000000	112250000	-0.229535
chrX	112250000	112500000	-0.325999
chrX	112500000	112750000	-0.110458
chrX	112750000	113000000	0.00454265
chrX	113000000	113250000	-0.385761
chrX	113250000	113500000	-0.49729
chrX	113500000	113750000	-0.49595
chrX	113750000	114000000	-0.345215
chrX	114000000	114250000	-0.282112
chrX	114250000	114500000	-0.315851
chrX	114500000	114750000	-0.363544
chrX	114750000	115000000	-0.414787
chrX	115000000	115250000	-0.13205
chrX	115250000	115500000	0.367841
chrX	115500000	115750000	0.468573
chrX	115750000	116000000	nan
chrX	116000000	116250000	-0.539789
chrX	116250000	116500000	-0.520847
chrX	116500000	116750000	-0.560078
chrX	116750000	117000000	-0.56714
chrX	117000000	117250000	-0.567563
chrX	117250000	117500000	-0.538197
chrX	117500000	117750000	-0.542147
chrX	117750000	118000000	-0.469498
chrX	118000000	118250000	-0.210743
chrX	118250000	118500000	0.240376
chrX	118500000	118750000	0.476018
chrX	118750000	119000000	0.307347
chrX	119000000	119250000	0.283103
chrX	119250000	119500000	0.216527
chrX	119500000	119750000	0.425512
chrX	119750000	120000000	0.334356
chrX	120000000	120250000	0.11514
chrX	120250000	120500000	0.221872
chrX	120500000	120750000	0.0853235
chrX	120750000	121000000	nan
chrX	121000000	121250000	-0.554227
chrX	121250000	121500000	-0.576243
chrX	121500000	121750000	-0.512441
chrX	121750000	122000000	-0.559816
chrX	122000000	122250000	-0.547831
chrX	122250000	122500000	-0.516654
chrX	122500000	122750000	-0.51527
chrX	122750000	123000000	-0.411955
chrX	123000000	123250000	-0.133347
chrX	123250000	123500000	-0.125495
chrX	123500000	123750000	0.137219
chrX	123750000	124000000	0.333918
chrX	124000000	124250000	0.1719
chrX	124250000	124500000	-0.188051
chrX	124500000	124750000	-0.209722
chrX	124750000	125000000	-0.211445
chrX	125000000	125250000	-0.190055
chrX	125250000	125500000	-0.332561
chrX	125500000	125750000	-0.539441
chrX	125750000	126000000	-0.512291
chrX	126000000	126250000	-0.513883
chrX	126250000	126500000	-0.58925
chrX	126500000	126750000	-0.52116
chrX	126750000	127000000	-0.482617
chrX	127000000	127250000	-0.483186
chrX	127250000	127500000	-0.5384
chrX	127500000	127750000	-0.52116
chrX	127750000	128000000	-0.560163
chrX	128000000	128250000	-0.517726
chrX	128250000	128500000	-0.567206
chrX	128500000	128750000	-0.421841
chrX	128750000	129000000	-0.369739
chrX	129000000	129250000	-0.143168
chrX	129250000	129500000	-0.016472
chrX	129500000	129750000	0.507418
chrX	129750000	130000000	0.657964
chrX	130000000	130250000	0.667349
chrX	130250000	130500000	0.28707
chrX	130500000	130750000	0.199553
chrX	130750000	131000000	0.210316
chrX	131000000	131250000	0.0186469
chrX	131250000	131500000	-0.0360863
chrX	131500000	131750000	0.100898
chrX	131750000	132000000	0.311345
chrX	132000000	132250000	0.355647
chrX	132250000	132500000	0.146411
chrX	132500000	132750000	0.292491
chrX	132750000	133000000	0.412509
chrX	133000000	133250000	0.306139
chrX	133250000	133500000	0.482362
chrX	133500000	133750000	0.388609
chrX	133750000	134000000	0.437319
chrX	134000000	134250000	0.456666
chrX	134250000	134500000	0.462255
chrX	134500000	134750000	0.545884
chrX	134750000	135000000	0.49134
chrX	135000000	135250000	0.352529
chrX	135250000	135500000	0.195771
chrX	135500000	135750000	0.104603
chrX	135750000	136000000	nan
chrX	136000000	136250000	0.352476
chrX	136250000	136500000	0.186864
chrX	136500000	136750000	0.33767
chrX	136750000	137000000	0.539434
chrX	137000000	137250000	0.221217
chrX	137250000	137500000	0.179963
chrX	137500000	137750000	0.186658
chrX	137750000	138000000	0.105477
chrX	138000000	138250000	-0.0441627
chrX	138250000	138500000	-0.194925
chrX	138500000	138750000	-0.0895632
chrX	138750000	139000000	-0.114487
chrX	139000000	139250000	-0.111396
chrX	139250000	139500000	-0.223481
chrX	139500000	139750000	-0.0770829
chrX	139750000	140000000	0.157624
chrX	140000000	140250000	-0.100898
chrX	140250000	140500000	-0.117349
chrX	140500000	140750000	-0.105507
chrX	140750000	141000000	-0.527643
chrX	141000000	141250000	nan
chrX	141250000	141500000	-0.651053
chrX	141500000	141750000	nan
chrX	141750000	142000000	-0.660755
chrX	142000000	142250000	-0.667646
chrX	142250000	142500000	-0.657455
chrX	142500000	142750000	-0.709959
chrX	142750000	143000000	-0.634365
chrX	143000000	143250000	-0.618875
chrX	143250000	143500000	-0.562183
chrX	143500000	143750000	-0.504906
chrX	143750000	144000000	-0.657603
chrX	144000000	144250000	nan
chrX	144250000	144500000	-0.642898
chrX	144500000	144750000	-0.739882
chrX	144750000	145000000	-0.752164
chrX	145000000	145250000	-0.699377
chrX	145250000	145500000	-0.647651
chrX	145500000	145750000	-0.587729
chrX	145750000	146000000	-0.603111
chrX	146000000	146250000	-0.547527
chrX	146250000	146500000	-0.552774
chrX	146500000	146750000	-0.606139
chrX	146750000	147000000	-0.668327
chrX	147000000	147250000	-0.67832
chrX	147250000	147500000	-0.641702
chrX	147500000	147750000	-0.63785
chrX	147750000	148000000	-0.352008
chrX	148000000	148250000	-0.128034
chrX	148250000	148500000	-0.0989224
chrX	148500000	148750000	-0.100581
chrX	148750000	149000000	-0.161075
chrX	149000000	149250000	-0.209004
chrX	149250000	149500000	-0.0333723
chrX	149500000	149750000	nan
chrX	149750000	150000000	0.451725
chrX	150000000	150250000	0.51074
chrX	150250000	150500000	0.544548
chrX	150500000	150750000	0.551791
chrX	150750000	151000000	0.579489
chrX	151000000	151250000	0.213354
chrX	151250000	151500000	0.0329193
chrX	151500000	151750000	0.134499
chrX	151750000	152000000	-0.0103623
chrX	152000000	152250000	-0.253187
chrX	152250000	152500000	-0.373746
chrX	152500000	152750000	-0.0117822
chrX	152750000	153000000	0.829081
chrX	153000000	153250000	0.826377
chrX	153250000	153500000	1.02701
chrX	153500000	153750000	1.19532
chrX	153750000	154000000	1.14284
chrX	154000000	154250000	nan
chrX	154250000	154500000	1.08674
chrX	154500000	154750000	0.887541
chrX	154750000	155000000	0.555698
chrX	155000000	155250000	0.281957
chrX	155250000	155500000	nan
chrX	155500000	155750000	0.0327998
chrX	155750000	156000000	0.381179
chrX	156000000	156040895	nan
#bedGraph section chrY:0-57227415
chrY	0	250000	nan
chrY	250000	500000	nan
chrY	500000	750000	nan
chrY	750000	1000000	nan
chrY	1000000	1250000	nan
chrY	1250000	1500000	nan
chrY	1500000	1750000	nan
chrY	1750000	2000000	nan
chrY	2000000	2250000	nan
chrY	2250000	2500000	nan
chrY	2500000	2750000	nan
chrY	2750000	3000000	-0.0759807
chrY	3000000	3250000	-1.7622
chrY	3250000	3500000	0.300968
chrY	3500000	3750000	-2.74762
chrY	3750000	4000000	-0.251686
chrY	4000000	4250000	0.407071
chrY	4250000	4500000	-0.0467589
chrY	4500000	4750000	-0.253119
chrY	4750000	5000000	1.97898
chrY	5000000	5250000	0.0445216
chrY	5250000	5500000	-0.17724
chrY	5500000	5750000	1.96836
chrY	5750000	6000000	-0.809909
chrY	6000000	6250000	0.0645535
chrY	6250000	6500000	nan
chrY	6500000	6750000	-2.08079
chrY	6750000	7000000	-0.0649916
chrY	7000000	7250000	1.89769
chrY	7250000	7500000	-0.0043629
chrY	7500000	7750000	1.96629
chrY	7750000	8000000	nan
chrY	8000000	8250000	nan
chrY	8250000	8500000	-0.0622486
chrY	8500000	8750000	nan
chrY	8750000	9000000	nan
chrY	9000000	9250000	nan
chrY	9250000	9500000	nan
chrY	9500000	9750000	nan
chrY	9750000	10000000	nan
chrY	10000000	10250000	0.0267482
chrY	10250000	10500000	nan
chrY	10500000	10750000	0.147237
chrY	10750000	11000000	-1.96821
chrY	11000000	11250000	0.0423679
chrY	11250000	11500000	4.51376
chrY	11500000	11750000	-0.228578
chrY	11750000	12000000	-0.0667928
chrY	12000000	12250000	-0.0747548
chrY	12250000	12500000	-0.0781589
chrY	12500000	12750000	-0.0750858
chrY	12750000	13000000	-0.0919234
chrY	13000000	13250000	0.190192
chrY	13250000	13500000	-0.0606305
chrY	13500000	13750000	-0.0821812
chrY	13750000	14000000	-0.335919
chrY	14000000	14250000	-0.0979086
chrY	14250000	14500000	-0.0766293
chrY	14500000	14750000	-0.0674375
chrY	14750000	15000000	-1.52341
chrY	15000000	15250000	-0.0861701
chrY	15250000	15500000	-0.0733972
chrY	15500000	15750000	-0.658018
chrY	15750000	16000000	0.336058
chrY	16000000	16250000	nan
chrY	16250000	16500000	nan
chrY	16500000	16750000	-0.0420206
chrY	16750000	17000000	1.89758
chrY	17000000	17250000	-0.0347616
chrY	17250000	17500000	-0.0627694
chrY	17500000	17750000	nan
chrY	17750000	18000000	nan
chrY	18000000	18250000	nan
chrY	18250000	18500000	nan
chrY	18500000	18750000	nan
chrY	18750000	19000000	-0.0375696
chrY	19000000	19250000	1.64737
chrY	19250000	19500000	0.614996
chrY	19500000	19750000	0.344952
chrY	19750000	20000000	-0.298879
chrY	20000000	20250000	nan
chrY	20250000	20500000	-0.838858
chrY	20500000	20750000	nan
chrY	20750000	21000000	-0.045488
chrY	21000000	21250000	1.1188
chrY	21250000	21500000	nan
chrY	21500000	21750000	nan
chrY	21750000	22000000	nan
chrY	22000000	22250000	nan
chrY	22250000	22500000	-0.161387
chrY	22500000	22750000	nan
chrY	22750000	23000000	nan
chrY	23000000	23250000	nan
chrY	23250000	23500000	nan
chrY	23500000	23750000	nan
chrY	23750000	24000000	nan
chrY	24000000	24250000	nan
chrY	24250000	24500000	nan
chrY	24500000	24750000	nan
chrY	24750000	25000000	nan
chrY	25000000	25250000	nan
chrY	25250000	25500000	nan
chrY	25500000	25750000	nan
chrY	25750000	26000000	nan
chrY	26000000	26250000	nan
chrY	26250000	26500000	0.0651021
chrY	26500000	26750000	0.267892
chrY	26750000	27000000	nan
chrY	27000000	27250000	nan
chrY	27250000	27500000	nan
chrY	27500000	27750000	nan
chrY	27750000	28000000	nan
chrY	28000000	28250000	nan
chrY	28250000	28500000	nan
chrY	28500000	28750000	nan
chrY	28750000	29000000	nan
chrY	29000000	29250000	nan
chrY	29250000	29500000	nan
chrY	29500000	29750000	nan
chrY	29750000	30000000	nan
chrY	30000000	30250000	nan
chrY	30250000	30500000	nan
chrY	30500000	30750000	nan
chrY	30750000	31000000	nan
chrY	31000000	31250000	nan
chrY	31250000	31500000	nan
chrY	31500000	31750000	nan
chrY	31750000	32000000	nan
chrY	32000000	32250000	nan
chrY	32250000	32500000	nan
chrY	32500000	32750000	nan
chrY	32750000	33000000	nan
chrY	33000000	33250000	nan
chrY	33250000	33500000	nan
chrY	33500000	33750000	nan
chrY	33750000	34000000	nan
chrY	34000000	34250000	nan
chrY	34250000	34500000	nan
chrY	34500000	34750000	nan
chrY	34750000	35000000	nan
chrY	35000000	35250000	nan
chrY	35250000	35500000	nan
chrY	35500000	35750000	nan
chrY	35750000	36000000	nan
chrY	36000000	36250000	nan
chrY	36250000	36500000	nan
chrY	36500000	36750000	nan
chrY	36750000	37000000	nan
chrY	37000000	37250000	nan
chrY	37250000	37500000	nan
chrY	37500000	37750000	nan
chrY	37750000	38000000	nan
chrY	38000000	38250000	nan
chrY	38250000	38500000	nan
chrY	38500000	38750000	nan
chrY	38750000	39000000	nan
chrY	39000000	39250000	nan
chrY	39250000	39500000	nan
chrY	39500000	39750000	nan
chrY	39750000	40000000	nan
chrY	40000000	40250000	nan
chrY	40250000	40500000	nan
chrY	40500000	40750000	nan
chrY	40750000	41000000	nan
chrY	41000000	41250000	nan
chrY	41250000	41500000	nan
chrY	41500000	41750000	nan
chrY	41750000	42000000	nan
chrY	42000000	42250000	nan
chrY	42250000	42500000	nan
chrY	42500000	42750000	nan
chrY	42750000	43000000	nan
chrY	43000000	43250000	nan
chrY	43250000	43500000	nan
chrY	43500000	43750000	nan
chrY	43750000	44000000	nan
chrY	44000000	44250000	nan
chrY	44250000	44500000	nan
chrY	44500000	44750000	nan
chrY	44750000	45000000	nan
chrY	45000000	45250000	nan
chrY	45250000	45500000	nan
chrY	45500000	45750000	nan
chrY	45750000	46000000	nan
chrY	46000000	46250000	nan
chrY	46250000	46500000	nan
chrY	46500000	46750000	nan
chrY	46750000	47000000	nan
chrY	47000000	47250000	nan
chrY	47250000	47500000	nan
chrY	47500000	47750000	nan
chrY	47750000	48000000	nan
chrY	48000000	48250000	nan
chrY	48250000	48500000	nan
chrY	48500000	48750000	nan
chrY	48750000	49000000	nan
chrY	49000000	49250000	nan
chrY	49250000	49500000	nan
chrY	49500000	49750000	nan
chrY	49750000	50000000	nan
chrY	50000000	50250000	nan
chrY	50250000	50500000	nan
chrY	50500000	50750000	nan
chrY	50750000	51000000	nan
chrY	51000000	51250000	nan
chrY	51250000	51500000	nan
chrY	51500000	51750000	nan
chrY	51750000	52000000	nan
chrY	52000000	52250000	nan
chrY	52250000	52500000	nan
chrY	52500000	52750000	nan
chrY	52750000	53000000	nan
chrY	53000000	53250000	nan
chrY	53250000	53500000	nan
chrY	53500000	53750000	nan
chrY	53750000	54000000	nan
chrY	54000000	54250000	nan
chrY	54250000	54500000	nan
chrY	54500000	54750000	nan
chrY	54750000	55000000	nan
chrY	55000000	55250000	nan
chrY	55250000	55500000	nan
chrY	55500000	55750000	nan
chrY	55750000	56000000	nan
chrY	56000000	56250000	nan
chrY	56250000	56500000	nan
chrY	56500000	56750000	nan
chrY	56750000	57000000	-0.18244
chrY	57000000	57227415	nan
