#bedGraph section chr1:0-248956422
chr1	0	250000	nan
chr1	250000	500000	nan
chr1	500000	750000	nan
chr1	750000	1000000	0.315358
chr1	1000000	1250000	0.350038
chr1	1250000	1500000	0.423188
chr1	1500000	1750000	0.434484
chr1	1750000	2000000	0.352017
chr1	2000000	2250000	0.252698
chr1	2250000	2500000	0.194882
chr1	2500000	2750000	0.0836957
chr1	2750000	3000000	0.0207617
chr1	3000000	3250000	0.100724
chr1	3250000	3500000	-0.0476155
chr1	3500000	3750000	0.075477
chr1	3750000	4000000	0.0483166
chr1	4000000	4250000	-0.0934008
chr1	4250000	4500000	-0.0872936
chr1	4500000	4750000	-0.175479
chr1	4750000	5000000	-0.164691
chr1	5000000	5250000	-0.171939
chr1	5250000	5500000	-0.188348
chr1	5500000	5750000	-0.182843
chr1	5750000	6000000	0.0384462
chr1	6000000	6250000	0.29417
chr1	6250000	6500000	0.390457
chr1	6500000	6750000	0.423251
chr1	6750000	7000000	0.322141
chr1	7000000	7250000	0.292142
chr1	7250000	7500000	0.283868
chr1	7500000	7750000	0.314956
chr1	7750000	8000000	0.404568
chr1	8000000	8250000	0.401006
chr1	8250000	8500000	0.414191
chr1	8500000	8750000	0.403511
chr1	8750000	9000000	0.527566
chr1	9000000	9250000	0.467096
chr1	9250000	9500000	0.462229
chr1	9500000	9750000	0.460306
chr1	9750000	10000000	0.500091
chr1	10000000	10250000	0.616445
chr1	10250000	10500000	0.472782
chr1	10500000	10750000	0.490402
chr1	10750000	11000000	0.44227
chr1	11000000	11250000	0.576498
chr1	11250000	11500000	0.409969
chr1	11500000	11750000	0.456965
chr1	11750000	12000000	0.490745
chr1	12000000	12250000	0.441915
chr1	12250000	12500000	0.41113
chr1	12500000	12750000	0.335605
chr1	12750000	13000000	nan
chr1	13000000	13250000	nan
chr1	13250000	13500000	0.221515
chr1	13500000	13750000	0.19743
chr1	13750000	14000000	0.120168
chr1	14000000	14250000	-0.0378645
chr1	14250000	14500000	0.163233
chr1	14500000	14750000	0.21667
chr1	14750000	15000000	0.238253
chr1	15000000	15250000	0.379076
chr1	15250000	15500000	0.458135
chr1	15500000	15750000	0.48709
chr1	15750000	16000000	0.409605
chr1	16000000	16250000	0.461546
chr1	16250000	16500000	0.584819
chr1	16500000	16750000	0.448273
chr1	16750000	17000000	0.357524
chr1	17000000	17250000	0.460805
chr1	17250000	17500000	0.482682
chr1	17500000	17750000	0.416062
chr1	17750000	18000000	0.400274
chr1	18000000	18250000	0.321467
chr1	18250000	18500000	0.417592
chr1	18500000	18750000	0.371024
chr1	18750000	19000000	0.441816
chr1	19000000	19250000	0.524356
chr1	19250000	19500000	0.468648
chr1	19500000	19750000	0.543371
chr1	19750000	20000000	0.480098
chr1	20000000	20250000	0.522121
chr1	20250000	20500000	0.455376
chr1	20500000	20750000	0.508989
chr1	20750000	21000000	0.489243
chr1	21000000	21250000	0.426203
chr1	21250000	21500000	0.474793
chr1	21500000	21750000	0.47638
chr1	21750000	22000000	0.450567
chr1	22000000	22250000	0.464146
chr1	22250000	22500000	0.453665
chr1	22500000	22750000	0.383912
chr1	22750000	23000000	0.438208
chr1	23000000	23250000	0.54931
chr1	23250000	23500000	0.49788
chr1	23500000	23750000	0.559272
chr1	23750000	24000000	0.529293
chr1	24000000	24250000	0.476476
chr1	24250000	24500000	0.436771
chr1	24500000	24750000	0.481584
chr1	24750000	25000000	0.391665
chr1	25000000	25250000	0.324931
chr1	25250000	25500000	0.474644
chr1	25500000	25750000	0.464102
chr1	25750000	26000000	0.482038
chr1	26000000	26250000	0.526026
chr1	26250000	26500000	0.572318
chr1	26500000	26750000	0.521649
chr1	26750000	27000000	0.492147
chr1	27000000	27250000	0.560394
chr1	27250000	27500000	0.480308
chr1	27500000	27750000	0.530466
chr1	27750000	28000000	0.602718
chr1	28000000	28250000	0.466829
chr1	28250000	28500000	0.545167
chr1	28500000	28750000	0.517114
chr1	28750000	29000000	0.550418
chr1	29000000	29250000	0.540055
chr1	29250000	29500000	0.467238
chr1	29500000	29750000	0.412324
chr1	29750000	30000000	0.468091
chr1	30000000	30250000	0.29692
chr1	30250000	30500000	0.293387
chr1	30500000	30750000	0.456113
chr1	30750000	31000000	0.482186
chr1	31000000	31250000	0.547928
chr1	31250000	31500000	0.523421
chr1	31500000	31750000	0.427754
chr1	31750000	32000000	0.425255
chr1	32000000	32250000	0.554074
chr1	32250000	32500000	0.585147
chr1	32500000	32750000	0.491239
chr1	32750000	33000000	0.555663
chr1	33000000	33250000	0.559896
chr1	33250000	33500000	0.453497
chr1	33500000	33750000	0.390958
chr1	33750000	34000000	0.255713
chr1	34000000	34250000	0.28278
chr1	34250000	34500000	0.216644
chr1	34500000	34750000	0.360932
chr1	34750000	35000000	0.396054
chr1	35000000	35250000	0.461183
chr1	35250000	35500000	0.438596
chr1	35500000	35750000	0.494797
chr1	35750000	36000000	0.5051
chr1	36000000	36250000	0.4945
chr1	36250000	36500000	0.509019
chr1	36500000	36750000	0.427293
chr1	36750000	37000000	0.388234
chr1	37000000	37250000	0.361879
chr1	37250000	37500000	0.508848
chr1	37500000	37750000	0.544163
chr1	37750000	38000000	0.554833
chr1	38000000	38250000	0.478781
chr1	38250000	38500000	0.377529
chr1	38500000	38750000	0.406323
chr1	38750000	39000000	0.412502
chr1	39000000	39250000	0.506174
chr1	39250000	39500000	0.460201
chr1	39500000	39750000	0.504111
chr1	39750000	40000000	0.502585
chr1	40000000	40250000	0.501411
chr1	40250000	40500000	0.465758
chr1	40500000	40750000	0.482374
chr1	40750000	41000000	0.449316
chr1	41000000	41250000	0.325012
chr1	41250000	41500000	0.274778
chr1	41500000	41750000	0.289166
chr1	41750000	42000000	0.300135
chr1	42000000	42250000	0.244911
chr1	42250000	42500000	0.359809
chr1	42500000	42750000	0.406896
chr1	42750000	43000000	0.403836
chr1	43000000	43250000	0.475288
chr1	43250000	43500000	0.524583
chr1	43500000	43750000	0.52885
chr1	43750000	44000000	0.495469
chr1	44000000	44250000	0.449076
chr1	44250000	44500000	0.46144
chr1	44500000	44750000	0.540885
chr1	44750000	45000000	0.446943
chr1	45000000	45250000	0.368533
chr1	45250000	45500000	0.514288
chr1	45500000	45750000	0.514923
chr1	45750000	46000000	0.4823
chr1	46000000	46250000	0.506445
chr1	46250000	46500000	0.409916
chr1	46500000	46750000	0.263937
chr1	46750000	47000000	0.00464549
chr1	47000000	47250000	-0.0144769
chr1	47250000	47500000	0.108287
chr1	47500000	47750000	-0.100198
chr1	47750000	48000000	-0.129476
chr1	48000000	48250000	-0.356594
chr1	48250000	48500000	-0.579625
chr1	48500000	48750000	-0.626478
chr1	48750000	49000000	-0.683136
chr1	49000000	49250000	-0.891542
chr1	49250000	49500000	-0.816243
chr1	49500000	49750000	-0.810346
chr1	49750000	50000000	-0.802055
chr1	50000000	50250000	-0.696355
chr1	50250000	50500000	-0.441347
chr1	50500000	50750000	-0.142158
chr1	50750000	51000000	0.0164825
chr1	51000000	51250000	-0.0368614
chr1	51250000	51500000	0.247308
chr1	51500000	51750000	0.275211
chr1	51750000	52000000	0.333651
chr1	52000000	52250000	0.466396
chr1	52250000	52500000	0.434718
chr1	52500000	52750000	0.406633
chr1	52750000	53000000	0.434022
chr1	53000000	53250000	0.419125
chr1	53250000	53500000	0.385068
chr1	53500000	53750000	0.360472
chr1	53750000	54000000	0.50333
chr1	54000000	54250000	0.369682
chr1	54250000	54500000	0.37579
chr1	54500000	54750000	0.416978
chr1	54750000	55000000	0.278457
chr1	55000000	55250000	0.164009
chr1	55250000	55500000	-0.0438223
chr1	55500000	55750000	-0.218395
chr1	55750000	56000000	-0.168411
chr1	56000000	56250000	-0.0553815
chr1	56250000	56500000	-0.0866857
chr1	56500000	56750000	-0.0532577
chr1	56750000	57000000	-0.239368
chr1	57000000	57250000	-0.322544
chr1	57250000	57500000	-0.290234
chr1	57500000	57750000	-0.346796
chr1	57750000	58000000	-0.35551
chr1	58000000	58250000	-0.258513
chr1	58250000	58500000	-0.150183
chr1	58500000	58750000	-0.058808
chr1	58750000	59000000	0.076413
chr1	59000000	59250000	0.0759495
chr1	59250000	59500000	0.0581656
chr1	59500000	59750000	-0.0320576
chr1	59750000	60000000	-0.390701
chr1	60000000	60250000	-0.68839
chr1	60250000	60500000	-0.807121
chr1	60500000	60750000	-0.843842
chr1	60750000	61000000	-0.611378
chr1	61000000	61250000	-0.419074
chr1	61250000	61500000	-0.531752
chr1	61500000	61750000	-0.287688
chr1	61750000	62000000	-0.196513
chr1	62000000	62250000	-0.0587425
chr1	62250000	62500000	-0.0913099
chr1	62500000	62750000	0.0225558
chr1	62750000	63000000	-0.0720566
chr1	63000000	63250000	-0.24043
chr1	63250000	63500000	-0.0445512
chr1	63500000	63750000	-0.0685325
chr1	63750000	64000000	-0.1339
chr1	64000000	64250000	-0.148079
chr1	64250000	64500000	-0.322649
chr1	64500000	64750000	-0.358459
chr1	64750000	65000000	-0.291253
chr1	65000000	65250000	-0.332188
chr1	65250000	65500000	-0.396609
chr1	65500000	65750000	-0.504705
chr1	65750000	66000000	-0.578111
chr1	66000000	66250000	-0.481903
chr1	66250000	66500000	-0.263385
chr1	66500000	66750000	-0.471554
chr1	66750000	67000000	-0.316559
chr1	67000000	67250000	-0.0948433
chr1	67250000	67500000	-0.099605
chr1	67500000	67750000	-0.138323
chr1	67750000	68000000	-0.383518
chr1	68000000	68250000	-0.55597
chr1	68250000	68500000	-0.546725
chr1	68500000	68750000	-0.781764
chr1	68750000	69000000	-0.782155
chr1	69000000	69250000	-0.79282
chr1	69250000	69500000	-0.797733
chr1	69500000	69750000	-0.776105
chr1	69750000	70000000	-0.822299
chr1	70000000	70250000	-0.561043
chr1	70250000	70500000	-0.269343
chr1	70500000	70750000	-0.583896
chr1	70750000	71000000	-0.721573
chr1	71000000	71250000	-0.618954
chr1	71250000	71500000	-0.792961
chr1	71500000	71750000	-0.819338
chr1	71750000	72000000	-0.751462
chr1	72000000	72250000	-0.750308
chr1	72250000	72500000	-0.804782
chr1	72500000	72750000	-0.667248
chr1	72750000	73000000	-0.822519
chr1	73000000	73250000	-0.808132
chr1	73250000	73500000	-0.841594
chr1	73500000	73750000	-0.748344
chr1	73750000	74000000	-0.583475
chr1	74000000	74250000	-0.594077
chr1	74250000	74500000	-0.681387
chr1	74500000	74750000	-0.546081
chr1	74750000	75000000	-0.734826
chr1	75000000	75250000	-0.645904
chr1	75250000	75500000	-0.652388
chr1	75500000	75750000	-0.487495
chr1	75750000	76000000	-0.313887
chr1	76000000	76250000	-0.370104
chr1	76250000	76500000	-0.487818
chr1	76500000	76750000	-0.538215
chr1	76750000	77000000	-0.339772
chr1	77000000	77250000	-0.339642
chr1	77250000	77500000	-0.386629
chr1	77500000	77750000	-0.127719
chr1	77750000	78000000	-0.037577
chr1	78000000	78250000	-0.283402
chr1	78250000	78500000	-0.466278
chr1	78500000	78750000	-0.473678
chr1	78750000	79000000	-0.4961
chr1	79000000	79250000	-0.68779
chr1	79250000	79500000	-0.551452
chr1	79500000	79750000	-0.662884
chr1	79750000	80000000	-0.667518
chr1	80000000	80250000	-0.670644
chr1	80250000	80500000	-0.735616
chr1	80500000	80750000	-0.612924
chr1	80750000	81000000	-0.768575
chr1	81000000	81250000	-0.603835
chr1	81250000	81500000	-0.519923
chr1	81500000	81750000	-0.322212
chr1	81750000	82000000	-0.409666
chr1	82000000	82250000	-0.580952
chr1	82250000	82500000	-0.632414
chr1	82500000	82750000	-0.559876
chr1	82750000	83000000	-0.630248
chr1	83000000	83250000	-0.653132
chr1	83250000	83500000	nan
chr1	83500000	83750000	-0.45846
chr1	83750000	84000000	-0.595237
chr1	84000000	84250000	-0.58057
chr1	84250000	84500000	-0.454186
chr1	84500000	84750000	-0.274253
chr1	84750000	85000000	-0.0943541
chr1	85000000	85250000	-0.107832
chr1	85250000	85500000	-0.3614
chr1	85500000	85750000	-0.462143
chr1	85750000	86000000	-0.522552
chr1	86000000	86250000	-0.543365
chr1	86250000	86500000	-0.362848
chr1	86500000	86750000	-0.275338
chr1	86750000	87000000	-0.0773555
chr1	87000000	87250000	-0.143146
chr1	87250000	87500000	-0.203235
chr1	87500000	87750000	-0.176734
chr1	87750000	88000000	-0.291267
chr1	88000000	88250000	-0.389163
chr1	88250000	88500000	-0.346366
chr1	88500000	88750000	-0.26287
chr1	88750000	89000000	0.105371
chr1	89000000	89250000	-0.0723496
chr1	89250000	89500000	-0.0201963
chr1	89500000	89750000	0.0462549
chr1	89750000	90000000	0.053834
chr1	90000000	90250000	-0.179918
chr1	90250000	90500000	-0.150936
chr1	90500000	90750000	-0.146874
chr1	90750000	91000000	-0.113534
chr1	91000000	91250000	-0.234748
chr1	91250000	91500000	-0.252485
chr1	91500000	91750000	-0.0110901
chr1	91750000	92000000	-0.0160847
chr1	92000000	92250000	-0.101274
chr1	92250000	92500000	0.144921
chr1	92500000	92750000	0.074119
chr1	92750000	93000000	0.26284
chr1	93000000	93250000	0.164373
chr1	93250000	93500000	0.183807
chr1	93500000	93750000	0.120422
chr1	93750000	94000000	0.102167
chr1	94000000	94250000	-0.256591
chr1	94250000	94500000	-0.14626
chr1	94500000	94750000	-0.19871
chr1	94750000	95000000	-0.280301
chr1	95000000	95250000	-0.396681
chr1	95250000	95500000	-0.622723
chr1	95500000	95750000	-0.770938
chr1	95750000	96000000	-0.80619
chr1	96000000	96250000	-0.625029
chr1	96250000	96500000	-0.714674
chr1	96500000	96750000	-0.53442
chr1	96750000	97000000	-0.49309
chr1	97000000	97250000	-0.410528
chr1	97250000	97500000	-0.345655
chr1	97500000	97750000	-0.362915
chr1	97750000	98000000	-0.340676
chr1	98000000	98250000	-0.668586
chr1	98250000	98500000	-0.59673
chr1	98500000	98750000	-0.513819
chr1	98750000	99000000	-0.528612
chr1	99000000	99250000	-0.549498
chr1	99250000	99500000	-0.565923
chr1	99500000	99750000	-0.252854
chr1	99750000	100000000	0.0835693
chr1	100000000	100250000	0.060875
chr1	100250000	100500000	0.166504
chr1	100500000	100750000	-0.103131
chr1	100750000	101000000	-0.0669281
chr1	101000000	101250000	0.00611212
chr1	101250000	101500000	-0.0218972
chr1	101500000	101750000	-0.535267
chr1	101750000	102000000	-0.570022
chr1	102000000	102250000	-0.685032
chr1	102250000	102500000	-0.595922
chr1	102500000	102750000	-0.726485
chr1	102750000	103000000	-0.698392
chr1	103000000	103250000	-0.680272
chr1	103250000	103500000	-0.600588
chr1	103500000	103750000	nan
chr1	103750000	104000000	-0.703879
chr1	104000000	104250000	-0.637616
chr1	104250000	104500000	-0.627698
chr1	104500000	104750000	-0.565811
chr1	104750000	105000000	-0.520345
chr1	105000000	105250000	-0.621337
chr1	105250000	105500000	-0.739841
chr1	105500000	105750000	-0.678564
chr1	105750000	106000000	-0.716759
chr1	106000000	106250000	-0.71472
chr1	106250000	106500000	-0.702171
chr1	106500000	106750000	-0.672147
chr1	106750000	107000000	-0.659503
chr1	107000000	107250000	-0.4858
chr1	107250000	107500000	-0.412349
chr1	107500000	107750000	-0.328925
chr1	107750000	108000000	-0.104891
chr1	108000000	108250000	-0.068979
chr1	108250000	108500000	nan
chr1	108500000	108750000	0.0776169
chr1	108750000	109000000	0.307998
chr1	109000000	109250000	0.449168
chr1	109250000	109500000	0.4551
chr1	109500000	109750000	0.583203
chr1	109750000	110000000	0.560168
chr1	110000000	110250000	0.618772
chr1	110250000	110500000	0.552977
chr1	110500000	110750000	0.497014
chr1	110750000	111000000	0.476696
chr1	111000000	111250000	0.391708
chr1	111250000	111500000	0.461179
chr1	111500000	111750000	0.429308
chr1	111750000	112000000	0.264104
chr1	112000000	112250000	0.227705
chr1	112250000	112500000	0.30402
chr1	112500000	112750000	0.449358
chr1	112750000	113000000	0.507271
chr1	113000000	113250000	0.282307
chr1	113250000	113500000	0.0765618
chr1	113500000	113750000	0.183703
chr1	113750000	114000000	0.338779
chr1	114000000	114250000	0.206015
chr1	114250000	114500000	0.233957
chr1	114500000	114750000	0.21413
chr1	114750000	115000000	-0.0699296
chr1	115000000	115250000	-0.0228531
chr1	115250000	115500000	-0.0553662
chr1	115500000	115750000	-0.0234926
chr1	115750000	116000000	0.110021
chr1	116000000	116250000	0.257892
chr1	116250000	116500000	0.188777
chr1	116500000	116750000	0.2984
chr1	116750000	117000000	0.299044
chr1	117000000	117250000	0.283952
chr1	117250000	117500000	0.129781
chr1	117500000	117750000	0.00459827
chr1	117750000	118000000	-0.0197043
chr1	118000000	118250000	-0.347946
chr1	118250000	118500000	-0.55195
chr1	118500000	118750000	-0.5176
chr1	118750000	119000000	-0.35797
chr1	119000000	119250000	-0.180286
chr1	119250000	119500000	-0.00608777
chr1	119500000	119750000	-0.00783963
chr1	119750000	120000000	-0.0275398
chr1	120000000	120250000	nan
chr1	120250000	120500000	nan
chr1	120500000	120750000	nan
chr1	120750000	121000000	nan
chr1	121000000	121250000	nan
chr1	121250000	121500000	nan
chr1	121500000	121750000	nan
chr1	121750000	122000000	nan
chr1	122000000	122250000	nan
chr1	122250000	122500000	nan
chr1	122500000	122750000	nan
chr1	122750000	123000000	nan
chr1	123000000	123250000	nan
chr1	123250000	123500000	nan
chr1	123500000	123750000	nan
chr1	123750000	124000000	nan
chr1	124000000	124250000	nan
chr1	124250000	124500000	nan
chr1	124500000	124750000	nan
chr1	124750000	125000000	nan
chr1	125000000	125250000	-0.271912
chr1	125250000	125500000	nan
chr1	125500000	125750000	nan
chr1	125750000	126000000	nan
chr1	126000000	126250000	nan
chr1	126250000	126500000	nan
chr1	126500000	126750000	nan
chr1	126750000	127000000	nan
chr1	127000000	127250000	nan
chr1	127250000	127500000	nan
chr1	127500000	127750000	nan
chr1	127750000	128000000	nan
chr1	128000000	128250000	nan
chr1	128250000	128500000	nan
chr1	128500000	128750000	nan
chr1	128750000	129000000	nan
chr1	129000000	129250000	nan
chr1	129250000	129500000	nan
chr1	129500000	129750000	nan
chr1	129750000	130000000	nan
chr1	130000000	130250000	nan
chr1	130250000	130500000	nan
chr1	130500000	130750000	nan
chr1	130750000	131000000	nan
chr1	131000000	131250000	nan
chr1	131250000	131500000	nan
chr1	131500000	131750000	nan
chr1	131750000	132000000	nan
chr1	132000000	132250000	nan
chr1	132250000	132500000	nan
chr1	132500000	132750000	nan
chr1	132750000	133000000	nan
chr1	133000000	133250000	nan
chr1	133250000	133500000	nan
chr1	133500000	133750000	nan
chr1	133750000	134000000	nan
chr1	134000000	134250000	nan
chr1	134250000	134500000	nan
chr1	134500000	134750000	nan
chr1	134750000	135000000	nan
chr1	135000000	135250000	nan
chr1	135250000	135500000	nan
chr1	135500000	135750000	nan
chr1	135750000	136000000	nan
chr1	136000000	136250000	nan
chr1	136250000	136500000	nan
chr1	136500000	136750000	nan
chr1	136750000	137000000	nan
chr1	137000000	137250000	nan
chr1	137250000	137500000	nan
chr1	137500000	137750000	nan
chr1	137750000	138000000	nan
chr1	138000000	138250000	nan
chr1	138250000	138500000	nan
chr1	138500000	138750000	nan
chr1	138750000	139000000	nan
chr1	139000000	139250000	nan
chr1	139250000	139500000	nan
chr1	139500000	139750000	nan
chr1	139750000	140000000	nan
chr1	140000000	140250000	nan
chr1	140250000	140500000	nan
chr1	140500000	140750000	nan
chr1	140750000	141000000	nan
chr1	141000000	141250000	nan
chr1	141250000	141500000	nan
chr1	141500000	141750000	nan
chr1	141750000	142000000	nan
chr1	142000000	142250000	nan
chr1	142250000	142500000	nan
chr1	142500000	142750000	nan
chr1	142750000	143000000	nan
chr1	143000000	143250000	-0.310678
chr1	143250000	143500000	nan
chr1	143500000	143750000	-0.440049
chr1	143750000	144000000	nan
chr1	144000000	144250000	nan
chr1	144250000	144500000	nan
chr1	144500000	144750000	nan
chr1	144750000	145000000	nan
chr1	145000000	145250000	nan
chr1	145250000	145500000	nan
chr1	145500000	145750000	0.376466
chr1	145750000	146000000	0.572694
chr1	146000000	146250000	nan
chr1	146250000	146500000	nan
chr1	146500000	146750000	nan
chr1	146750000	147000000	nan
chr1	147000000	147250000	0.26582
chr1	147250000	147500000	0.0698298
chr1	147500000	147750000	0.251431
chr1	147750000	148000000	0.235152
chr1	148000000	148250000	nan
chr1	148250000	148500000	0.280641
chr1	148500000	148750000	nan
chr1	148750000	149000000	nan
chr1	149000000	149250000	nan
chr1	149250000	149500000	nan
chr1	149500000	149750000	nan
chr1	149750000	150000000	0.450928
chr1	150000000	150250000	0.66674
chr1	150250000	150500000	0.647813
chr1	150500000	150750000	0.661269
chr1	150750000	151000000	0.698882
chr1	151000000	151250000	0.666617
chr1	151250000	151500000	0.720987
chr1	151500000	151750000	0.630055
chr1	151750000	152000000	0.489868
chr1	152000000	152250000	0.200779
chr1	152250000	152500000	0.129128
chr1	152500000	152750000	0.131132
chr1	152750000	153000000	0.195574
chr1	153000000	153250000	0.356281
chr1	153250000	153500000	0.46016
chr1	153500000	153750000	0.585592
chr1	153750000	154000000	0.655295
chr1	154000000	154250000	0.7177
chr1	154250000	154500000	0.697056
chr1	154500000	154750000	0.584929
chr1	154750000	155000000	0.685262
chr1	155000000	155250000	0.715621
chr1	155250000	155500000	0.685977
chr1	155500000	155750000	0.741623
chr1	155750000	156000000	0.705052
chr1	156000000	156250000	0.697676
chr1	156250000	156500000	0.682373
chr1	156500000	156750000	0.635137
chr1	156750000	157000000	0.60721
chr1	157000000	157250000	0.495219
chr1	157250000	157500000	0.436799
chr1	157500000	157750000	0.244845
chr1	157750000	158000000	0.119732
chr1	158000000	158250000	-0.00617556
chr1	158250000	158500000	-0.0650446
chr1	158500000	158750000	-0.171683
chr1	158750000	159000000	-0.11723
chr1	159000000	159250000	-0.025237
chr1	159250000	159500000	-0.300027
chr1	159500000	159750000	-0.385056
chr1	159750000	160000000	0.0613649
chr1	160000000	160250000	0.294829
chr1	160250000	160500000	0.298828
chr1	160500000	160750000	0.235093
chr1	160750000	161000000	0.409529
chr1	161000000	161250000	0.5264
chr1	161250000	161500000	0.425624
chr1	161500000	161750000	0.399694
chr1	161750000	162000000	0.138209
chr1	162000000	162250000	0.032045
chr1	162250000	162500000	0.0153463
chr1	162500000	162750000	-0.0110628
chr1	162750000	163000000	-0.217022
chr1	163000000	163250000	-0.384807
chr1	163250000	163500000	-0.569816
chr1	163500000	163750000	-0.769163
chr1	163750000	164000000	-0.768249
chr1	164000000	164250000	-0.727363
chr1	164250000	164500000	-0.70903
chr1	164500000	164750000	-0.591137
chr1	164750000	165000000	-0.642564
chr1	165000000	165250000	-0.640099
chr1	165250000	165500000	-0.423974
chr1	165500000	165750000	-0.224973
chr1	165750000	166000000	-0.0992945
chr1	166000000	166250000	-0.298888
chr1	166250000	166500000	-0.367871
chr1	166500000	166750000	-0.580138
chr1	166750000	167000000	-0.251733
chr1	167000000	167250000	-0.0186319
chr1	167250000	167500000	0.141307
chr1	167500000	167750000	0.290274
chr1	167750000	168000000	0.267779
chr1	168000000	168250000	0.244765
chr1	168250000	168500000	0.206043
chr1	168500000	168750000	0.0505143
chr1	168750000	169000000	-0.020882
chr1	169000000	169250000	0.143223
chr1	169250000	169500000	-0.00764482
chr1	169500000	169750000	0.0527647
chr1	169750000	170000000	-0.0428484
chr1	170000000	170250000	-0.157076
chr1	170250000	170500000	-0.287209
chr1	170500000	170750000	-0.223075
chr1	170750000	171000000	-0.310835
chr1	171000000	171250000	-0.285628
chr1	171250000	171500000	-0.141691
chr1	171500000	171750000	0.066566
chr1	171750000	172000000	0.0299469
chr1	172000000	172250000	-0.119212
chr1	172250000	172500000	0.0983803
chr1	172500000	172750000	0.0339961
chr1	172750000	173000000	-0.092468
chr1	173000000	173250000	-0.088535
chr1	173250000	173500000	-0.0902628
chr1	173500000	173750000	-0.0996355
chr1	173750000	174000000	0.119142
chr1	174000000	174250000	-0.0461302
chr1	174250000	174500000	-0.275089
chr1	174500000	174750000	-0.377257
chr1	174750000	175000000	-0.0731906
chr1	175000000	175250000	-0.0802221
chr1	175250000	175500000	-0.194594
chr1	175500000	175750000	-0.185593
chr1	175750000	176000000	-0.231645
chr1	176000000	176250000	-0.216744
chr1	176250000	176500000	-0.44495
chr1	176500000	176750000	-0.520795
chr1	176750000	177000000	-0.53245
chr1	177000000	177250000	-0.524082
chr1	177250000	177500000	-0.618501
chr1	177500000	177750000	-0.601907
chr1	177750000	178000000	-0.483681
chr1	178000000	178250000	-0.342551
chr1	178250000	178500000	-0.358723
chr1	178500000	178750000	-0.184583
chr1	178750000	179000000	-0.262337
chr1	179000000	179250000	-0.0379452
chr1	179250000	179500000	-0.201085
chr1	179500000	179750000	-0.238862
chr1	179750000	180000000	0.0493977
chr1	180000000	180250000	0.0123258
chr1	180250000	180500000	0.0267802
chr1	180500000	180750000	0.10024
chr1	180750000	181000000	0.217665
chr1	181000000	181250000	0.288771
chr1	181250000	181500000	0.123391
chr1	181500000	181750000	0.0349725
chr1	181750000	182000000	0.0604069
chr1	182000000	182250000	0.153311
chr1	182250000	182500000	0.164213
chr1	182500000	182750000	0.313054
chr1	182750000	183000000	0.302935
chr1	183000000	183250000	0.312673
chr1	183250000	183500000	0.30521
chr1	183500000	183750000	0.208275
chr1	183750000	184000000	0.164809
chr1	184000000	184250000	-0.0985305
chr1	184250000	184500000	-0.170405
chr1	184500000	184750000	-0.142944
chr1	184750000	185000000	-0.0266723
chr1	185000000	185250000	-0.205144
chr1	185250000	185500000	-0.231375
chr1	185500000	185750000	-0.425685
chr1	185750000	186000000	-0.71837
chr1	186000000	186250000	-0.742785
chr1	186250000	186500000	-0.479952
chr1	186500000	186750000	-0.61645
chr1	186750000	187000000	-0.734368
chr1	187000000	187250000	-0.749088
chr1	187250000	187500000	-0.805664
chr1	187500000	187750000	-0.8283
chr1	187750000	188000000	-0.654858
chr1	188000000	188250000	-0.673833
chr1	188250000	188500000	-0.806779
chr1	188500000	188750000	-0.870381
chr1	188750000	189000000	-0.884561
chr1	189000000	189250000	-0.86944
chr1	189250000	189500000	-0.830782
chr1	189500000	189750000	-0.854094
chr1	189750000	190000000	-0.752595
chr1	190000000	190250000	-0.939643
chr1	190250000	190500000	-0.83567
chr1	190500000	190750000	-0.849102
chr1	190750000	191000000	-0.822588
chr1	191000000	191250000	-0.799842
chr1	191250000	191500000	-0.738209
chr1	191500000	191750000	-0.698949
chr1	191750000	192000000	-0.763519
chr1	192000000	192250000	-0.765204
chr1	192250000	192500000	-0.716438
chr1	192500000	192750000	-0.402704
chr1	192750000	193000000	-0.430748
chr1	193000000	193250000	-0.408699
chr1	193250000	193500000	-0.54815
chr1	193500000	193750000	-0.692929
chr1	193750000	194000000	-0.783069
chr1	194000000	194250000	-0.728038
chr1	194250000	194500000	-0.773953
chr1	194500000	194750000	-0.843801
chr1	194750000	195000000	-0.753433
chr1	195000000	195250000	-0.761103
chr1	195250000	195500000	-0.797013
chr1	195500000	195750000	-0.840325
chr1	195750000	196000000	-0.852831
chr1	196000000	196250000	-0.705768
chr1	196250000	196500000	-0.910955
chr1	196500000	196750000	-0.91497
chr1	196750000	197000000	-0.888423
chr1	197000000	197250000	-0.625396
chr1	197250000	197500000	-0.655289
chr1	197500000	197750000	-0.691185
chr1	197750000	198000000	-0.589289
chr1	198000000	198250000	-0.43489
chr1	198250000	198500000	-0.370927
chr1	198500000	198750000	-0.251112
chr1	198750000	199000000	-0.0658048
chr1	199000000	199250000	-0.203115
chr1	199250000	199500000	-0.231937
chr1	199500000	199750000	-0.308828
chr1	199750000	200000000	-0.146847
chr1	200000000	200250000	-0.068143
chr1	200250000	200500000	0.10336
chr1	200500000	200750000	0.302451
chr1	200750000	201000000	0.319323
chr1	201000000	201250000	0.512656
chr1	201250000	201500000	0.553914
chr1	201500000	201750000	0.512614
chr1	201750000	202000000	0.727868
chr1	202000000	202250000	0.626209
chr1	202250000	202500000	0.572012
chr1	202500000	202750000	0.606022
chr1	202750000	203000000	0.745832
chr1	203000000	203250000	0.645232
chr1	203250000	203500000	0.618229
chr1	203500000	203750000	0.647197
chr1	203750000	204000000	0.573862
chr1	204000000	204250000	0.592112
chr1	204250000	204500000	0.664671
chr1	204500000	204750000	0.743246
chr1	204750000	205000000	0.667351
chr1	205000000	205250000	0.614492
chr1	205250000	205500000	0.69246
chr1	205500000	205750000	0.697658
chr1	205750000	206000000	0.571761
chr1	206000000	206250000	0.547187
chr1	206250000	206500000	nan
chr1	206500000	206750000	0.608251
chr1	206750000	207000000	0.551962
chr1	207000000	207250000	0.306968
chr1	207250000	207500000	0.278658
chr1	207500000	207750000	0.347379
chr1	207750000	208000000	0.270427
chr1	208000000	208250000	0.0321022
chr1	208250000	208500000	-0.293124
chr1	208500000	208750000	-0.298022
chr1	208750000	209000000	-0.2961
chr1	209000000	209250000	-0.277362
chr1	209250000	209500000	-0.195305
chr1	209500000	209750000	0.00515505
chr1	209750000	210000000	-0.15512
chr1	210000000	210250000	-0.200201
chr1	210250000	210500000	-0.0259597
chr1	210500000	210750000	-0.169847
chr1	210750000	211000000	-0.342868
chr1	211000000	211250000	-0.153903
chr1	211250000	211500000	0.154799
chr1	211500000	211750000	0.353458
chr1	211750000	212000000	0.250215
chr1	212000000	212250000	0.478357
chr1	212250000	212500000	0.371109
chr1	212500000	212750000	0.302119
chr1	212750000	213000000	0.357461
chr1	213000000	213250000	0.0391628
chr1	213250000	213500000	-0.357817
chr1	213500000	213750000	-0.528755
chr1	213750000	214000000	-0.53488
chr1	214000000	214250000	-0.517509
chr1	214250000	214500000	-0.365032
chr1	214500000	214750000	-0.417302
chr1	214750000	215000000	-0.796004
chr1	215000000	215250000	-0.82194
chr1	215250000	215500000	-0.783716
chr1	215500000	215750000	-0.660198
chr1	215750000	216000000	-0.758278
chr1	216000000	216250000	-0.679367
chr1	216250000	216500000	-0.908095
chr1	216500000	216750000	-0.76134
chr1	216750000	217000000	-0.764195
chr1	217000000	217250000	-0.767838
chr1	217250000	217500000	-0.680714
chr1	217500000	217750000	-0.657637
chr1	217750000	218000000	-0.802824
chr1	218000000	218250000	-0.844369
chr1	218250000	218500000	-0.685367
chr1	218500000	218750000	-0.646707
chr1	218750000	219000000	-0.656291
chr1	219000000	219250000	-0.511911
chr1	219250000	219500000	-0.614807
chr1	219500000	219750000	-0.524999
chr1	219750000	220000000	-0.458609
chr1	220000000	220250000	-0.0686795
chr1	220250000	220500000	-0.276547
chr1	220500000	220750000	-0.305258
chr1	220750000	221000000	-0.162944
chr1	221000000	221250000	-0.0989302
chr1	221250000	221500000	-0.171818
chr1	221500000	221750000	0.0415188
chr1	221750000	222000000	0.125408
chr1	222000000	222250000	0.0171267
chr1	222250000	222500000	-0.0553134
chr1	222500000	222750000	0.0836247
chr1	222750000	223000000	-0.0232943
chr1	223000000	223250000	0.252479
chr1	223250000	223500000	0.117202
chr1	223500000	223750000	0.30425
chr1	223750000	224000000	0.2333
chr1	224000000	224250000	0.257156
chr1	224250000	224500000	0.207107
chr1	224500000	224750000	-0.112906
chr1	224750000	225000000	-0.0596645
chr1	225000000	225250000	-0.448049
chr1	225250000	225500000	-0.218554
chr1	225500000	225750000	0.106392
chr1	225750000	226000000	0.24065
chr1	226000000	226250000	0.306733
chr1	226250000	226500000	0.264569
chr1	226500000	226750000	0.172911
chr1	226750000	227000000	0.181759
chr1	227000000	227250000	-0.233925
chr1	227250000	227500000	-0.201074
chr1	227500000	227750000	-0.166745
chr1	227750000	228000000	-0.00632079
chr1	228000000	228250000	0.182843
chr1	228250000	228500000	0.149639
chr1	228500000	228750000	0.0976878
chr1	228750000	229000000	0.143002
chr1	229000000	229250000	0.150214
chr1	229250000	229500000	0.246989
chr1	229500000	229750000	0.373759
chr1	229750000	230000000	0.196978
chr1	230000000	230250000	0.227425
chr1	230250000	230500000	0.154824
chr1	230500000	230750000	0.14118
chr1	230750000	231000000	0.219654
chr1	231000000	231250000	0.171576
chr1	231250000	231500000	0.187854
chr1	231500000	231750000	0.0516287
chr1	231750000	232000000	-0.153258
chr1	232000000	232250000	-0.310935
chr1	232250000	232500000	-0.279814
chr1	232500000	232750000	-0.0165308
chr1	232750000	233000000	0.023194
chr1	233000000	233250000	0.0408074
chr1	233250000	233500000	0.147429
chr1	233500000	233750000	0.152079
chr1	233750000	234000000	0.0203684
chr1	234000000	234250000	0.285845
chr1	234250000	234500000	0.460049
chr1	234500000	234750000	0.564695
chr1	234750000	235000000	0.724609
chr1	235000000	235250000	0.565491
chr1	235250000	235500000	0.492751
chr1	235500000	235750000	0.265278
chr1	235750000	236000000	0.336811
chr1	236000000	236250000	0.119723
chr1	236250000	236500000	0.0332489
chr1	236500000	236750000	-0.180409
chr1	236750000	237000000	-0.332907
chr1	237000000	237250000	-0.656469
chr1	237250000	237500000	-0.881574
chr1	237500000	237750000	-0.906471
chr1	237750000	238000000	-0.745962
chr1	238000000	238250000	-0.702884
chr1	238250000	238500000	-0.794725
chr1	238500000	238750000	-1.0005
chr1	238750000	239000000	-0.950488
chr1	239000000	239250000	-1.08387
chr1	239250000	239500000	-0.970933
chr1	239500000	239750000	-0.887926
chr1	239750000	240000000	-0.858769
chr1	240000000	240250000	-0.75798
chr1	240250000	240500000	-0.885099
chr1	240500000	240750000	-0.726296
chr1	240750000	241000000	-0.813445
chr1	241000000	241250000	-0.774444
chr1	241250000	241500000	-0.752602
chr1	241500000	241750000	-0.52181
chr1	241750000	242000000	-0.403792
chr1	242000000	242250000	-0.461456
chr1	242250000	242500000	-0.630514
chr1	242500000	242750000	-0.591432
chr1	242750000	243000000	-0.317488
chr1	243000000	243250000	-0.31057
chr1	243250000	243500000	-0.386103
chr1	243500000	243750000	-0.39595
chr1	243750000	244000000	-0.365721
chr1	244000000	244250000	-0.312496
chr1	244250000	244500000	-0.125437
chr1	244500000	244750000	-0.00739785
chr1	244750000	245000000	0.161374
chr1	245000000	245250000	0.00977191
chr1	245250000	245500000	-0.118135
chr1	245500000	245750000	-0.0584417
chr1	245750000	246000000	-0.00293117
chr1	246000000	246250000	-0.0985296
chr1	246250000	246500000	-0.079238
chr1	246500000	246750000	-0.0501909
chr1	246750000	247000000	-0.0586184
chr1	247000000	247250000	-0.29592
chr1	247250000	247500000	-0.427543
chr1	247500000	247750000	-0.916469
chr1	247750000	248000000	-0.952213
chr1	248000000	248250000	-0.973678
chr1	248250000	248500000	-0.53677
chr1	248500000	248750000	nan
chr1	248750000	248956422	-0.326672
#bedGraph section chr10:0-133797422
chr10	0	250000	-0.210217
chr10	250000	500000	-0.0779079
chr10	500000	750000	0.0107147
chr10	750000	1000000	0.227001
chr10	1000000	1250000	0.0832102
chr10	1250000	1500000	-0.137653
chr10	1500000	1750000	-0.207352
chr10	1750000	2000000	-0.327309
chr10	2000000	2250000	-0.414253
chr10	2250000	2500000	-0.552692
chr10	2500000	2750000	-0.368902
chr10	2750000	3000000	-0.209421
chr10	3000000	3250000	0.0670194
chr10	3250000	3500000	-0.0836063
chr10	3500000	3750000	-0.0309203
chr10	3750000	4000000	0.199726
chr10	4000000	4250000	-0.0220626
chr10	4250000	4500000	-0.128869
chr10	4500000	4750000	-0.137841
chr10	4750000	5000000	-0.308831
chr10	5000000	5250000	-0.359092
chr10	5250000	5500000	-0.052279
chr10	5500000	5750000	0.0880315
chr10	5750000	6000000	0.475405
chr10	6000000	6250000	0.402934
chr10	6250000	6500000	0.278431
chr10	6500000	6750000	0.0940024
chr10	6750000	7000000	0.0108303
chr10	7000000	7250000	-0.0209295
chr10	7250000	7500000	-0.0176735
chr10	7500000	7750000	0.0882196
chr10	7750000	8000000	0.0186993
chr10	8000000	8250000	-0.230265
chr10	8250000	8500000	-0.269944
chr10	8500000	8750000	-0.444771
chr10	8750000	9000000	-0.477253
chr10	9000000	9250000	-0.5359
chr10	9250000	9500000	-0.557467
chr10	9500000	9750000	-0.562659
chr10	9750000	10000000	-0.599347
chr10	10000000	10250000	-0.609142
chr10	10250000	10500000	-0.698005
chr10	10500000	10750000	-0.526774
chr10	10750000	11000000	-0.324658
chr10	11000000	11250000	-0.190343
chr10	11250000	11500000	-0.0439656
chr10	11500000	11750000	0.295945
chr10	11750000	12000000	0.384421
chr10	12000000	12250000	0.425306
chr10	12250000	12500000	0.463314
chr10	12500000	12750000	0.391316
chr10	12750000	13000000	0.26768
chr10	13000000	13250000	0.35086
chr10	13250000	13500000	0.357947
chr10	13500000	13750000	0.322736
chr10	13750000	14000000	0.275303
chr10	14000000	14250000	0.218047
chr10	14250000	14500000	0.165979
chr10	14500000	14750000	0.398445
chr10	14750000	15000000	0.448397
chr10	15000000	15250000	0.270024
chr10	15250000	15500000	-0.136255
chr10	15500000	15750000	-0.259353
chr10	15750000	16000000	-0.202991
chr10	16000000	16250000	-0.37804
chr10	16250000	16500000	-0.0964373
chr10	16500000	16750000	-0.0722973
chr10	16750000	17000000	-0.078595
chr10	17000000	17250000	-0.0827216
chr10	17250000	17500000	-0.140909
chr10	17500000	17750000	0.123902
chr10	17750000	18000000	0.0434656
chr10	18000000	18250000	-0.0247094
chr10	18250000	18500000	0.0165199
chr10	18500000	18750000	-0.138054
chr10	18750000	19000000	-0.676863
chr10	19000000	19250000	-0.635797
chr10	19250000	19500000	-0.658452
chr10	19500000	19750000	-0.523047
chr10	19750000	20000000	-0.353241
chr10	20000000	20250000	-0.420193
chr10	20250000	20500000	-0.532522
chr10	20500000	20750000	-0.559298
chr10	20750000	21000000	-0.202899
chr10	21000000	21250000	-0.287048
chr10	21250000	21500000	0.0482008
chr10	21500000	21750000	0.338181
chr10	21750000	22000000	0.0680878
chr10	22000000	22250000	-0.0130362
chr10	22250000	22500000	0.0105252
chr10	22500000	22750000	0.13072
chr10	22750000	23000000	0.0192991
chr10	23000000	23250000	-0.109767
chr10	23250000	23500000	-0.20227
chr10	23500000	23750000	-0.443585
chr10	23750000	24000000	-0.532843
chr10	24000000	24250000	-0.322
chr10	24250000	24500000	-0.290056
chr10	24500000	24750000	-0.0248013
chr10	24750000	25000000	0.131998
chr10	25000000	25250000	-0.216424
chr10	25250000	25500000	-0.487847
chr10	25500000	25750000	-0.48836
chr10	25750000	26000000	-0.468892
chr10	26000000	26250000	-0.350291
chr10	26250000	26500000	-0.0333054
chr10	26500000	26750000	0.172686
chr10	26750000	27000000	0.306754
chr10	27000000	27250000	0.276691
chr10	27250000	27500000	-0.0217299
chr10	27500000	27750000	-0.157173
chr10	27750000	28000000	-0.287429
chr10	28000000	28250000	-0.271197
chr10	28250000	28500000	-0.0731702
chr10	28500000	28750000	-0.120544
chr10	28750000	29000000	-0.250432
chr10	29000000	29250000	-0.331823
chr10	29250000	29500000	-0.220125
chr10	29500000	29750000	-0.0712468
chr10	29750000	30000000	-0.0842474
chr10	30000000	30250000	-0.0211341
chr10	30250000	30500000	0.360968
chr10	30500000	30750000	0.406202
chr10	30750000	31000000	0.331715
chr10	31000000	31250000	0.192512
chr10	31250000	31500000	0.183033
chr10	31500000	31750000	0.27327
chr10	31750000	32000000	0.22924
chr10	32000000	32250000	0.187802
chr10	32250000	32500000	0.226624
chr10	32500000	32750000	-0.232199
chr10	32750000	33000000	-0.1196
chr10	33000000	33250000	-0.124709
chr10	33250000	33500000	-0.211629
chr10	33500000	33750000	-0.141046
chr10	33750000	34000000	-0.197813
chr10	34000000	34250000	-0.0664883
chr10	34250000	34500000	-0.019098
chr10	34500000	34750000	0.04285
chr10	34750000	35000000	0.0387058
chr10	35000000	35250000	-0.0324876
chr10	35250000	35500000	-0.116928
chr10	35500000	35750000	-0.321449
chr10	35750000	36000000	-0.452665
chr10	36000000	36250000	-0.619887
chr10	36250000	36500000	-0.490974
chr10	36500000	36750000	-0.541679
chr10	36750000	37000000	-0.499843
chr10	37000000	37250000	-0.65611
chr10	37250000	37500000	-0.481636
chr10	37500000	37750000	-0.436954
chr10	37750000	38000000	-0.387569
chr10	38000000	38250000	-0.473173
chr10	38250000	38500000	nan
chr10	38500000	38750000	-0.181061
chr10	38750000	39000000	-0.162397
chr10	39000000	39250000	nan
chr10	39250000	39500000	nan
chr10	39500000	39750000	nan
chr10	39750000	40000000	nan
chr10	40000000	40250000	nan
chr10	40250000	40500000	nan
chr10	40500000	40750000	nan
chr10	40750000	41000000	nan
chr10	41000000	41250000	nan
chr10	41250000	41500000	nan
chr10	41500000	41750000	nan
chr10	41750000	42000000	0.353272
chr10	42000000	42250000	-0.548455
chr10	42250000	42500000	-0.835129
chr10	42500000	42750000	-0.648644
chr10	42750000	43000000	-0.481363
chr10	43000000	43250000	-0.436582
chr10	43250000	43500000	-0.152009
chr10	43500000	43750000	-0.41748
chr10	43750000	44000000	-0.556113
chr10	44000000	44250000	-0.630002
chr10	44250000	44500000	-0.771624
chr10	44500000	44750000	-0.670506
chr10	44750000	45000000	-0.278352
chr10	45000000	45250000	-0.276296
chr10	45250000	45500000	0.106784
chr10	45500000	45750000	0.247254
chr10	45750000	46000000	nan
chr10	46000000	46250000	-0.0243588
chr10	46250000	46500000	nan
chr10	46500000	46750000	nan
chr10	46750000	47000000	nan
chr10	47000000	47250000	-0.0780009
chr10	47250000	47500000	-0.0832142
chr10	47500000	47750000	nan
chr10	47750000	48000000	nan
chr10	48000000	48250000	nan
chr10	48250000	48500000	0.257702
chr10	48500000	48750000	0.304246
chr10	48750000	49000000	0.238002
chr10	49000000	49250000	0.196148
chr10	49250000	49500000	0.175297
chr10	49500000	49750000	0.0941846
chr10	49750000	50000000	0.1985
chr10	50000000	50250000	0.207583
chr10	50250000	50500000	0.14134
chr10	50500000	50750000	0.0503707
chr10	50750000	51000000	-0.5361
chr10	51000000	51250000	-0.754495
chr10	51250000	51500000	-0.639784
chr10	51500000	51750000	-0.522313
chr10	51750000	52000000	-0.644704
chr10	52000000	52250000	-0.683026
chr10	52250000	52500000	-0.704275
chr10	52500000	52750000	-0.741103
chr10	52750000	53000000	-0.575911
chr10	53000000	53250000	-0.348699
chr10	53250000	53500000	-0.591468
chr10	53500000	53750000	-0.707766
chr10	53750000	54000000	-0.695087
chr10	54000000	54250000	-0.754946
chr10	54250000	54500000	-0.71717
chr10	54500000	54750000	-0.619875
chr10	54750000	55000000	-0.685903
chr10	55000000	55250000	-0.67448
chr10	55250000	55500000	-0.660706
chr10	55500000	55750000	-0.819749
chr10	55750000	56000000	-0.770383
chr10	56000000	56250000	-0.737985
chr10	56250000	56500000	-0.546084
chr10	56500000	56750000	-0.658147
chr10	56750000	57000000	-0.799483
chr10	57000000	57250000	-0.736905
chr10	57250000	57500000	-0.683744
chr10	57500000	57750000	-0.798031
chr10	57750000	58000000	-0.742324
chr10	58000000	58250000	-0.515347
chr10	58250000	58500000	-0.245033
chr10	58500000	58750000	-0.634801
chr10	58750000	59000000	-0.285285
chr10	59000000	59250000	-0.0204631
chr10	59250000	59500000	-0.405073
chr10	59500000	59750000	-0.36894
chr10	59750000	60000000	-0.123567
chr10	60000000	60250000	-0.149146
chr10	60250000	60500000	-0.317907
chr10	60500000	60750000	-0.419844
chr10	60750000	61000000	-0.357136
chr10	61000000	61250000	-0.431181
chr10	61250000	61500000	-0.493196
chr10	61500000	61750000	-0.562645
chr10	61750000	62000000	-0.0722261
chr10	62000000	62250000	-0.0726601
chr10	62250000	62500000	-0.156539
chr10	62500000	62750000	0.192305
chr10	62750000	63000000	0.195305
chr10	63000000	63250000	0.160044
chr10	63250000	63500000	0.181264
chr10	63500000	63750000	0.126625
chr10	63750000	64000000	-0.522902
chr10	64000000	64250000	-0.792754
chr10	64250000	64500000	-0.706454
chr10	64500000	64750000	-0.819337
chr10	64750000	65000000	-0.914791
chr10	65000000	65250000	-0.810846
chr10	65250000	65500000	-0.68872
chr10	65500000	65750000	-0.499294
chr10	65750000	66000000	-0.425154
chr10	66000000	66250000	-0.717495
chr10	66250000	66500000	-0.946446
chr10	66500000	66750000	-0.916332
chr10	66750000	67000000	-0.662068
chr10	67000000	67250000	-0.811472
chr10	67250000	67500000	-0.807922
chr10	67500000	67750000	-0.359902
chr10	67750000	68000000	0.0340909
chr10	68000000	68250000	0.152648
chr10	68250000	68500000	0.304872
chr10	68500000	68750000	0.405834
chr10	68750000	69000000	0.530421
chr10	69000000	69250000	0.472943
chr10	69250000	69500000	0.498692
chr10	69500000	69750000	0.384084
chr10	69750000	70000000	0.34548
chr10	70000000	70250000	0.532226
chr10	70250000	70500000	0.539074
chr10	70500000	70750000	0.55494
chr10	70750000	71000000	0.482164
chr10	71000000	71250000	0.387179
chr10	71250000	71500000	0.506756
chr10	71500000	71750000	0.523933
chr10	71750000	72000000	0.612234
chr10	72000000	72250000	0.562749
chr10	72250000	72500000	0.599621
chr10	72500000	72750000	0.602747
chr10	72750000	73000000	0.569915
chr10	73000000	73250000	0.652288
chr10	73250000	73500000	0.60077
chr10	73500000	73750000	0.653389
chr10	73750000	74000000	0.566082
chr10	74000000	74250000	0.623962
chr10	74250000	74500000	0.490488
chr10	74500000	74750000	0.412441
chr10	74750000	75000000	0.52276
chr10	75000000	75250000	0.453839
chr10	75250000	75500000	0.144093
chr10	75500000	75750000	-0.0366335
chr10	75750000	76000000	-0.237298
chr10	76000000	76250000	-0.466684
chr10	76250000	76500000	-0.466952
chr10	76500000	76750000	-0.579364
chr10	76750000	77000000	-0.341469
chr10	77000000	77250000	-0.075502
chr10	77250000	77500000	0.154367
chr10	77500000	77750000	0.198907
chr10	77750000	78000000	0.3828
chr10	78000000	78250000	0.150416
chr10	78250000	78500000	0.0891775
chr10	78500000	78750000	0.0670083
chr10	78750000	79000000	0.110416
chr10	79000000	79250000	0.27667
chr10	79250000	79500000	0.18959
chr10	79500000	79750000	0.0573571
chr10	79750000	80000000	-0.0626403
chr10	80000000	80250000	-0.0248511
chr10	80250000	80500000	-0.161337
chr10	80500000	80750000	-0.473955
chr10	80750000	81000000	-0.547772
chr10	81000000	81250000	-0.691826
chr10	81250000	81500000	-0.975583
chr10	81500000	81750000	-1.08968
chr10	81750000	82000000	-0.959768
chr10	82000000	82250000	-0.986472
chr10	82250000	82500000	-0.850643
chr10	82500000	82750000	-0.77225
chr10	82750000	83000000	-0.564028
chr10	83000000	83250000	-0.715987
chr10	83250000	83500000	-0.590223
chr10	83500000	83750000	-0.626201
chr10	83750000	84000000	-0.616763
chr10	84000000	84250000	-0.289786
chr10	84250000	84500000	-0.177397
chr10	84500000	84750000	-0.440141
chr10	84750000	85000000	-0.758281
chr10	85000000	85250000	-0.824082
chr10	85250000	85500000	-0.826826
chr10	85500000	85750000	-0.639036
chr10	85750000	86000000	-0.390265
chr10	86000000	86250000	-0.16946
chr10	86250000	86500000	0.0449239
chr10	86500000	86750000	0.256732
chr10	86750000	87000000	0.323644
chr10	87000000	87250000	0.388426
chr10	87250000	87500000	nan
chr10	87500000	87750000	0.426704
chr10	87750000	88000000	0.437923
chr10	88000000	88250000	0.40469
chr10	88250000	88500000	0.372526
chr10	88500000	88750000	0.3862
chr10	88750000	89000000	0.388754
chr10	89000000	89250000	0.38676
chr10	89250000	89500000	0.467923
chr10	89500000	89750000	0.352378
chr10	89750000	90000000	0.198422
chr10	90000000	90250000	0.0474244
chr10	90250000	90500000	-0.0724866
chr10	90500000	90750000	-0.101889
chr10	90750000	91000000	0.134605
chr10	91000000	91250000	0.332621
chr10	91250000	91500000	0.120691
chr10	91500000	91750000	0.146955
chr10	91750000	92000000	0.384854
chr10	92000000	92250000	0.48334
chr10	92250000	92500000	0.489246
chr10	92500000	92750000	0.527289
chr10	92750000	93000000	0.42913
chr10	93000000	93250000	0.309453
chr10	93250000	93500000	0.310776
chr10	93500000	93750000	0.167507
chr10	93750000	94000000	0.0248256
chr10	94000000	94250000	-0.0858979
chr10	94250000	94500000	0.164893
chr10	94500000	94750000	-0.125386
chr10	94750000	95000000	-0.351258
chr10	95000000	95250000	-0.162104
chr10	95250000	95500000	0.156535
chr10	95500000	95750000	0.221029
chr10	95750000	96000000	0.273822
chr10	96000000	96250000	0.393409
chr10	96250000	96500000	0.361255
chr10	96500000	96750000	0.389896
chr10	96750000	97000000	0.505413
chr10	97000000	97250000	0.50811
chr10	97250000	97500000	0.562113
chr10	97500000	97750000	0.521122
chr10	97750000	98000000	0.255835
chr10	98000000	98250000	0.125499
chr10	98250000	98500000	0.0180533
chr10	98500000	98750000	-0.253817
chr10	98750000	99000000	-0.363952
chr10	99000000	99250000	-0.327458
chr10	99250000	99500000	-0.0239371
chr10	99500000	99750000	0.332292
chr10	99750000	100000000	0.483197
chr10	100000000	100250000	0.440667
chr10	100250000	100500000	0.56693
chr10	100500000	100750000	0.504701
chr10	100750000	101000000	0.61709
chr10	101000000	101250000	0.53693
chr10	101250000	101500000	0.579342
chr10	101500000	101750000	0.666937
chr10	101750000	102000000	0.607366
chr10	102000000	102250000	0.623095
chr10	102250000	102500000	0.68545
chr10	102500000	102750000	0.650865
chr10	102750000	103000000	0.616621
chr10	103000000	103250000	0.509594
chr10	103250000	103500000	0.652651
chr10	103500000	103750000	0.461229
chr10	103750000	104000000	0.393524
chr10	104000000	104250000	0.335996
chr10	104250000	104500000	-0.0411471
chr10	104500000	104750000	-0.549553
chr10	104750000	105000000	-0.77013
chr10	105000000	105250000	-0.967782
chr10	105250000	105500000	-1.04318
chr10	105500000	105750000	-0.985582
chr10	105750000	106000000	-0.847467
chr10	106000000	106250000	-0.828252
chr10	106250000	106500000	-1.00614
chr10	106500000	106750000	-0.733043
chr10	106750000	107000000	-0.320483
chr10	107000000	107250000	-0.508513
chr10	107250000	107500000	-0.449825
chr10	107500000	107750000	-0.262768
chr10	107750000	108000000	-0.245174
chr10	108000000	108250000	-0.320411
chr10	108250000	108500000	-0.37237
chr10	108500000	108750000	-0.530305
chr10	108750000	109000000	-0.626533
chr10	109000000	109250000	-0.966372
chr10	109250000	109500000	-0.898353
chr10	109500000	109750000	-0.905774
chr10	109750000	110000000	-0.304738
chr10	110000000	110250000	0.102362
chr10	110250000	110500000	0.218364
chr10	110500000	110750000	0.165333
chr10	110750000	111000000	0.190086
chr10	111000000	111250000	-0.159141
chr10	111250000	111500000	-0.607353
chr10	111500000	111750000	-0.74902
chr10	111750000	112000000	-0.78588
chr10	112000000	112250000	-0.527223
chr10	112250000	112500000	-0.192648
chr10	112500000	112750000	-0.229853
chr10	112750000	113000000	-0.383974
chr10	113000000	113250000	-0.301763
chr10	113250000	113500000	-0.324803
chr10	113500000	113750000	-0.0680425
chr10	113750000	114000000	0.073095
chr10	114000000	114250000	0.0949196
chr10	114250000	114500000	-0.107884
chr10	114500000	114750000	-0.312688
chr10	114750000	115000000	-0.311674
chr10	115000000	115250000	-0.693489
chr10	115250000	115500000	-0.952578
chr10	115500000	115750000	-0.986171
chr10	115750000	116000000	-1.00639
chr10	116000000	116250000	-1.03131
chr10	116250000	116500000	-0.947347
chr10	116500000	116750000	-0.706259
chr10	116750000	117000000	-0.368158
chr10	117000000	117250000	-0.453898
chr10	117250000	117500000	0.027934
chr10	117500000	117750000	0.0416115
chr10	117750000	118000000	-0.0811275
chr10	118000000	118250000	-0.119997
chr10	118250000	118500000	-0.22305
chr10	118500000	118750000	0.0311085
chr10	118750000	119000000	0.176268
chr10	119000000	119250000	0.390132
chr10	119250000	119500000	0.401026
chr10	119500000	119750000	0.513742
chr10	119750000	120000000	0.275163
chr10	120000000	120250000	0.0448125
chr10	120250000	120500000	-0.237356
chr10	120500000	120750000	-0.15661
chr10	120750000	121000000	-0.179704
chr10	121000000	121250000	-0.350949
chr10	121250000	121500000	-0.259623
chr10	121500000	121750000	-0.161509
chr10	121750000	122000000	0.0130766
chr10	122000000	122250000	-0.0508895
chr10	122250000	122500000	-0.128291
chr10	122500000	122750000	-0.0849577
chr10	122750000	123000000	0.0307869
chr10	123000000	123250000	0.302244
chr10	123250000	123500000	0.372837
chr10	123500000	123750000	0.205177
chr10	123750000	124000000	0.23521
chr10	124000000	124250000	0.321839
chr10	124250000	124500000	0.390399
chr10	124500000	124750000	0.325999
chr10	124750000	125000000	0.266234
chr10	125000000	125250000	-0.204149
chr10	125250000	125500000	-0.473789
chr10	125500000	125750000	-0.405275
chr10	125750000	126000000	-0.418911
chr10	126000000	126250000	-0.805775
chr10	126250000	126500000	-0.912063
chr10	126500000	126750000	-0.943744
chr10	126750000	127000000	-0.905601
chr10	127000000	127250000	-1.01442
chr10	127250000	127500000	-0.925899
chr10	127500000	127750000	-1.01846
chr10	127750000	128000000	-0.698543
chr10	128000000	128250000	-0.431839
chr10	128250000	128500000	-0.587791
chr10	128500000	128750000	-0.748348
chr10	128750000	129000000	-0.892439
chr10	129000000	129250000	-0.834019
chr10	129250000	129500000	-0.909096
chr10	129500000	129750000	-0.620555
chr10	129750000	130000000	-0.666158
chr10	130000000	130250000	-0.579144
chr10	130250000	130500000	-0.754907
chr10	130500000	130750000	-0.87124
chr10	130750000	131000000	-0.768129
chr10	131000000	131250000	-0.714057
chr10	131250000	131500000	-0.812207
chr10	131500000	131750000	-0.753984
chr10	131750000	132000000	-0.459581
chr10	132000000	132250000	-0.437435
chr10	132250000	132500000	-0.0935738
chr10	132500000	132750000	-0.183679
chr10	132750000	133000000	-0.400948
chr10	133000000	133250000	-0.386721
chr10	133250000	133500000	-0.0897334
chr10	133500000	133750000	-0.343893
chr10	133750000	133797422	nan
#bedGraph section chr11:0-135086622
chr11	0	250000	nan
chr11	250000	500000	0.610571
chr11	500000	750000	0.679745
chr11	750000	1000000	0.615796
chr11	1000000	1250000	0.532767
chr11	1250000	1500000	0.481743
chr11	1500000	1750000	0.491513
chr11	1750000	2000000	0.577364
chr11	2000000	2250000	0.490318
chr11	2250000	2500000	0.46043
chr11	2500000	2750000	0.402143
chr11	2750000	3000000	0.448855
chr11	3000000	3250000	0.419586
chr11	3250000	3500000	nan
chr11	3500000	3750000	0.283069
chr11	3750000	4000000	0.216744
chr11	4000000	4250000	0.00470021
chr11	4250000	4500000	-0.386603
chr11	4500000	4750000	-0.402914
chr11	4750000	5000000	-0.578102
chr11	5000000	5250000	-0.582021
chr11	5250000	5500000	-0.479677
chr11	5500000	5750000	-0.260078
chr11	5750000	6000000	-0.524651
chr11	6000000	6250000	-0.338772
chr11	6250000	6500000	-0.082518
chr11	6500000	6750000	-0.0186023
chr11	6750000	7000000	-0.460342
chr11	7000000	7250000	-0.658166
chr11	7250000	7500000	-0.338313
chr11	7500000	7750000	-0.135354
chr11	7750000	8000000	-0.384093
chr11	8000000	8250000	0.0070295
chr11	8250000	8500000	0.11425
chr11	8500000	8750000	0.206209
chr11	8750000	9000000	0.289679
chr11	9000000	9250000	0.278322
chr11	9250000	9500000	0.416207
chr11	9500000	9750000	0.262563
chr11	9750000	10000000	-0.0274659
chr11	10000000	10250000	-0.131907
chr11	10250000	10500000	0.0396148
chr11	10500000	10750000	0.142202
chr11	10750000	11000000	0.166987
chr11	11000000	11250000	-0.0437231
chr11	11250000	11500000	-0.00732169
chr11	11500000	11750000	-0.0138352
chr11	11750000	12000000	0.00686976
chr11	12000000	12250000	0.0239329
chr11	12250000	12500000	-0.285268
chr11	12500000	12750000	-0.364151
chr11	12750000	13000000	-0.203799
chr11	13000000	13250000	-0.162886
chr11	13250000	13500000	-0.177222
chr11	13500000	13750000	-0.413556
chr11	13750000	14000000	-0.478268
chr11	14000000	14250000	-0.424311
chr11	14250000	14500000	-0.0288521
chr11	14500000	14750000	-0.413588
chr11	14750000	15000000	-0.692685
chr11	15000000	15250000	-0.516537
chr11	15250000	15500000	-0.743501
chr11	15500000	15750000	-0.729493
chr11	15750000	16000000	-0.521492
chr11	16000000	16250000	-0.743976
chr11	16250000	16500000	-0.789211
chr11	16500000	16750000	-0.614854
chr11	16750000	17000000	-0.0873317
chr11	17000000	17250000	0.0567219
chr11	17250000	17500000	0.120301
chr11	17500000	17750000	-0.0124094
chr11	17750000	18000000	0.0396876
chr11	18000000	18250000	0.233047
chr11	18250000	18500000	0.367494
chr11	18500000	18750000	0.351701
chr11	18750000	19000000	-0.0667005
chr11	19000000	19250000	0.0194947
chr11	19250000	19500000	0.143308
chr11	19500000	19750000	0.0512118
chr11	19750000	20000000	0.0408978
chr11	20000000	20250000	-0.0486448
chr11	20250000	20500000	-0.152016
chr11	20500000	20750000	-0.457868
chr11	20750000	21000000	-0.780021
chr11	21000000	21250000	-0.683033
chr11	21250000	21500000	-0.66205
chr11	21500000	21750000	-0.565378
chr11	21750000	22000000	-0.693315
chr11	22000000	22250000	-0.625839
chr11	22250000	22500000	-0.377409
chr11	22500000	22750000	-0.307836
chr11	22750000	23000000	-0.426549
chr11	23000000	23250000	-0.682035
chr11	23250000	23500000	-0.712386
chr11	23500000	23750000	-0.640153
chr11	23750000	24000000	-0.739849
chr11	24000000	24250000	-0.710534
chr11	24250000	24500000	-0.818306
chr11	24500000	24750000	-0.660121
chr11	24750000	25000000	-0.737652
chr11	25000000	25250000	-0.806038
chr11	25250000	25500000	-0.781861
chr11	25500000	25750000	-0.831271
chr11	25750000	26000000	-0.648119
chr11	26000000	26250000	-0.618323
chr11	26250000	26500000	-0.530082
chr11	26500000	26750000	-0.361133
chr11	26750000	27000000	-0.691903
chr11	27000000	27250000	-0.528533
chr11	27250000	27500000	-0.394384
chr11	27500000	27750000	-0.40664
chr11	27750000	28000000	-0.255962
chr11	28000000	28250000	-0.170111
chr11	28250000	28500000	-0.387918
chr11	28500000	28750000	-0.516122
chr11	28750000	29000000	-0.784469
chr11	29000000	29250000	-0.616576
chr11	29250000	29500000	-0.660054
chr11	29500000	29750000	-0.751046
chr11	29750000	30000000	-0.724329
chr11	30000000	30250000	-0.520525
chr11	30250000	30500000	-0.580425
chr11	30500000	30750000	-0.556712
chr11	30750000	31000000	-0.675532
chr11	31000000	31250000	-0.699151
chr11	31250000	31500000	-0.411761
chr11	31500000	31750000	-0.185536
chr11	31750000	32000000	-0.267712
chr11	32000000	32250000	-0.180818
chr11	32250000	32500000	-0.147354
chr11	32500000	32750000	-0.0259609
chr11	32750000	33000000	0.144768
chr11	33000000	33250000	0.179058
chr11	33250000	33500000	0.228907
chr11	33500000	33750000	0.213362
chr11	33750000	34000000	0.355732
chr11	34000000	34250000	0.374928
chr11	34250000	34500000	0.268801
chr11	34500000	34750000	0.100742
chr11	34750000	35000000	0.0580633
chr11	35000000	35250000	0.121413
chr11	35250000	35500000	0.165102
chr11	35500000	35750000	-0.0925261
chr11	35750000	36000000	-0.123817
chr11	36000000	36250000	-0.14968
chr11	36250000	36500000	-0.0841069
chr11	36500000	36750000	-0.588275
chr11	36750000	37000000	-0.646174
chr11	37000000	37250000	-0.888579
chr11	37250000	37500000	-0.892773
chr11	37500000	37750000	-0.787474
chr11	37750000	38000000	-0.854889
chr11	38000000	38250000	-0.806442
chr11	38250000	38500000	-0.7884
chr11	38500000	38750000	-0.830825
chr11	38750000	39000000	-0.758975
chr11	39000000	39250000	-0.724237
chr11	39250000	39500000	-0.743781
chr11	39500000	39750000	-0.759796
chr11	39750000	40000000	-0.84718
chr11	40000000	40250000	-0.658742
chr11	40250000	40500000	-0.716263
chr11	40500000	40750000	-0.860069
chr11	40750000	41000000	-0.716777
chr11	41000000	41250000	-0.70585
chr11	41250000	41500000	-0.777041
chr11	41500000	41750000	-0.765169
chr11	41750000	42000000	-0.828546
chr11	42000000	42250000	-0.826271
chr11	42250000	42500000	-0.849652
chr11	42500000	42750000	-0.84884
chr11	42750000	43000000	-0.736574
chr11	43000000	43250000	-0.773077
chr11	43250000	43500000	-0.531754
chr11	43500000	43750000	-0.334593
chr11	43750000	44000000	-0.208415
chr11	44000000	44250000	-0.0579179
chr11	44250000	44500000	-0.0100777
chr11	44500000	44750000	-0.000956232
chr11	44750000	45000000	0.0684204
chr11	45000000	45250000	0.179015
chr11	45250000	45500000	0.0620988
chr11	45500000	45750000	0.13354
chr11	45750000	46000000	0.304879
chr11	46000000	46250000	0.266327
chr11	46250000	46500000	0.432466
chr11	46500000	46750000	0.522791
chr11	46750000	47000000	0.412
chr11	47000000	47250000	0.420927
chr11	47250000	47500000	0.334462
chr11	47500000	47750000	0.255166
chr11	47750000	48000000	-0.0563309
chr11	48000000	48250000	-0.410597
chr11	48250000	48500000	-0.897363
chr11	48500000	48750000	nan
chr11	48750000	49000000	nan
chr11	49000000	49250000	-1.01635
chr11	49250000	49500000	-1.10984
chr11	49500000	49750000	-0.938762
chr11	49750000	50000000	-0.922052
chr11	50000000	50250000	-0.681489
chr11	50250000	50500000	-0.702994
chr11	50500000	50750000	nan
chr11	50750000	51000000	nan
chr11	51000000	51250000	nan
chr11	51250000	51500000	nan
chr11	51500000	51750000	nan
chr11	51750000	52000000	nan
chr11	52000000	52250000	nan
chr11	52250000	52500000	nan
chr11	52500000	52750000	nan
chr11	52750000	53000000	nan
chr11	53000000	53250000	nan
chr11	53250000	53500000	nan
chr11	53500000	53750000	nan
chr11	53750000	54000000	nan
chr11	54000000	54250000	nan
chr11	54250000	54500000	nan
chr11	54500000	54750000	nan
chr11	54750000	55000000	nan
chr11	55000000	55250000	nan
chr11	55250000	55500000	-0.960714
chr11	55500000	55750000	nan
chr11	55750000	56000000	-0.888383
chr11	56000000	56250000	-1.08177
chr11	56250000	56500000	-0.956381
chr11	56500000	56750000	-1.06242
chr11	56750000	57000000	-0.918594
chr11	57000000	57250000	-0.74264
chr11	57250000	57500000	-0.186401
chr11	57500000	57750000	0.00667327
chr11	57750000	58000000	-0.219598
chr11	58000000	58250000	-0.492484
chr11	58250000	58500000	-0.470272
chr11	58500000	58750000	-0.216356
chr11	58750000	59000000	-0.253227
chr11	59000000	59250000	-0.0791444
chr11	59250000	59500000	-0.0566329
chr11	59500000	59750000	0.16671
chr11	59750000	60000000	0.028205
chr11	60000000	60250000	0.063544
chr11	60250000	60500000	0.190615
chr11	60500000	60750000	0.265592
chr11	60750000	61000000	0.446888
chr11	61000000	61250000	0.386343
chr11	61250000	61500000	0.567092
chr11	61500000	61750000	0.513248
chr11	61750000	62000000	0.552948
chr11	62000000	62250000	0.572156
chr11	62250000	62500000	0.545838
chr11	62500000	62750000	0.638643
chr11	62750000	63000000	0.551831
chr11	63000000	63250000	0.418563
chr11	63250000	63500000	0.332854
chr11	63500000	63750000	0.522951
chr11	63750000	64000000	0.55085
chr11	64000000	64250000	0.602596
chr11	64250000	64500000	0.649096
chr11	64500000	64750000	0.660067
chr11	64750000	65000000	0.645211
chr11	65000000	65250000	0.639438
chr11	65250000	65500000	0.646528
chr11	65500000	65750000	0.608152
chr11	65750000	66000000	0.62588
chr11	66000000	66250000	0.650957
chr11	66250000	66500000	0.619491
chr11	66500000	66750000	0.659124
chr11	66750000	67000000	0.682984
chr11	67000000	67250000	0.631481
chr11	67250000	67500000	0.624496
chr11	67500000	67750000	0.632394
chr11	67750000	68000000	0.656879
chr11	68000000	68250000	0.590714
chr11	68250000	68500000	0.597191
chr11	68500000	68750000	0.609143
chr11	68750000	69000000	0.603825
chr11	69000000	69250000	0.545673
chr11	69250000	69500000	0.582346
chr11	69500000	69750000	0.542548
chr11	69750000	70000000	0.456793
chr11	70000000	70250000	0.530658
chr11	70250000	70500000	0.54105
chr11	70500000	70750000	0.406106
chr11	70750000	71000000	0.417999
chr11	71000000	71250000	0.46952
chr11	71250000	71500000	0.482862
chr11	71500000	71750000	0.565174
chr11	71750000	72000000	0.615629
chr11	72000000	72250000	0.649351
chr11	72250000	72500000	0.652418
chr11	72500000	72750000	0.673678
chr11	72750000	73000000	0.557147
chr11	73000000	73250000	0.543264
chr11	73250000	73500000	0.613501
chr11	73500000	73750000	0.626105
chr11	73750000	74000000	0.56972
chr11	74000000	74250000	0.612078
chr11	74250000	74500000	0.547845
chr11	74500000	74750000	0.533856
chr11	74750000	75000000	0.524447
chr11	75000000	75250000	0.450785
chr11	75250000	75500000	0.430201
chr11	75500000	75750000	0.519694
chr11	75750000	76000000	0.423318
chr11	76000000	76250000	0.394973
chr11	76250000	76500000	0.47952
chr11	76500000	76750000	0.419015
chr11	76750000	77000000	0.384046
chr11	77000000	77250000	0.361073
chr11	77250000	77500000	0.31892
chr11	77500000	77750000	0.423898
chr11	77750000	78000000	0.283015
chr11	78000000	78250000	0.27963
chr11	78250000	78500000	0.176206
chr11	78500000	78750000	-0.0983645
chr11	78750000	79000000	-0.307858
chr11	79000000	79250000	-0.255944
chr11	79250000	79500000	-0.443403
chr11	79500000	79750000	-0.545316
chr11	79750000	80000000	-0.783431
chr11	80000000	80250000	-0.671174
chr11	80250000	80500000	-0.862024
chr11	80500000	80750000	-0.736446
chr11	80750000	81000000	-0.673904
chr11	81000000	81250000	-0.836596
chr11	81250000	81500000	-0.890344
chr11	81500000	81750000	-0.908804
chr11	81750000	82000000	-0.739317
chr11	82000000	82250000	-0.759897
chr11	82250000	82500000	-0.779612
chr11	82500000	82750000	-0.612147
chr11	82750000	83000000	-0.198241
chr11	83000000	83250000	0.0234091
chr11	83250000	83500000	-0.430502
chr11	83500000	83750000	-0.486561
chr11	83750000	84000000	-0.618259
chr11	84000000	84250000	-0.714027
chr11	84250000	84500000	-0.763271
chr11	84500000	84750000	-0.721805
chr11	84750000	85000000	-0.828157
chr11	85000000	85250000	-0.698963
chr11	85250000	85500000	-0.709218
chr11	85500000	85750000	-0.464495
chr11	85750000	86000000	-0.17353
chr11	86000000	86250000	0.12053
chr11	86250000	86500000	-0.08785
chr11	86500000	86750000	-0.307473
chr11	86750000	87000000	-0.368283
chr11	87000000	87250000	-0.242321
chr11	87250000	87500000	-0.567471
chr11	87500000	87750000	-0.787875
chr11	87750000	88000000	-0.745526
chr11	88000000	88250000	-0.433125
chr11	88250000	88500000	-0.260973
chr11	88500000	88750000	-0.529266
chr11	88750000	89000000	-0.749869
chr11	89000000	89250000	-0.856163
chr11	89250000	89500000	-0.912625
chr11	89500000	89750000	-0.781854
chr11	89750000	90000000	nan
chr11	90000000	90250000	-0.648999
chr11	90250000	90500000	-0.753684
chr11	90500000	90750000	-0.669282
chr11	90750000	91000000	-0.785517
chr11	91000000	91250000	-0.728638
chr11	91250000	91500000	-0.773304
chr11	91500000	91750000	-0.786187
chr11	91750000	92000000	-0.814388
chr11	92000000	92250000	-0.764528
chr11	92250000	92500000	-0.721315
chr11	92500000	92750000	-0.733247
chr11	92750000	93000000	-0.542932
chr11	93000000	93250000	-0.456769
chr11	93250000	93500000	-0.45692
chr11	93500000	93750000	-0.180282
chr11	93750000	94000000	-0.224532
chr11	94000000	94250000	-0.372869
chr11	94250000	94500000	-0.240919
chr11	94500000	94750000	-0.141668
chr11	94750000	95000000	-0.222058
chr11	95000000	95250000	-0.0106988
chr11	95250000	95500000	-0.0886858
chr11	95500000	95750000	-0.0853122
chr11	95750000	96000000	-0.111884
chr11	96000000	96250000	-0.130033
chr11	96250000	96500000	-0.325957
chr11	96500000	96750000	-0.708448
chr11	96750000	97000000	-0.700152
chr11	97000000	97250000	-0.68966
chr11	97250000	97500000	-0.853927
chr11	97500000	97750000	-0.765269
chr11	97750000	98000000	-0.721723
chr11	98000000	98250000	-0.668368
chr11	98250000	98500000	-0.664368
chr11	98500000	98750000	-0.726131
chr11	98750000	99000000	-0.73356
chr11	99000000	99250000	-0.771414
chr11	99250000	99500000	-0.680689
chr11	99500000	99750000	-0.878334
chr11	99750000	100000000	-0.800958
chr11	100000000	100250000	-0.685578
chr11	100250000	100500000	-0.638942
chr11	100500000	100750000	-0.470347
chr11	100750000	101000000	-0.539643
chr11	101000000	101250000	-0.651982
chr11	101250000	101500000	-0.766597
chr11	101500000	101750000	-0.692806
chr11	101750000	102000000	-0.721946
chr11	102000000	102250000	-0.319927
chr11	102250000	102500000	0.00911668
chr11	102500000	102750000	-0.0764565
chr11	102750000	103000000	-0.258726
chr11	103000000	103250000	-0.427871
chr11	103250000	103500000	-0.664893
chr11	103500000	103750000	-0.596422
chr11	103750000	104000000	-0.621151
chr11	104000000	104250000	-0.592342
chr11	104250000	104500000	-0.677785
chr11	104500000	104750000	-0.650331
chr11	104750000	105000000	-0.568567
chr11	105000000	105250000	-0.70395
chr11	105250000	105500000	-0.724832
chr11	105500000	105750000	-0.678785
chr11	105750000	106000000	-0.617435
chr11	106000000	106250000	-0.50772
chr11	106250000	106500000	-0.651476
chr11	106500000	106750000	-0.712182
chr11	106750000	107000000	-0.638964
chr11	107000000	107250000	-0.610024
chr11	107250000	107500000	-0.374762
chr11	107500000	107750000	-0.082803
chr11	107750000	108000000	0.124648
chr11	108000000	108250000	0.290085
chr11	108250000	108500000	0.14718
chr11	108500000	108750000	0.0351924
chr11	108750000	109000000	-0.106423
chr11	109000000	109250000	-0.400294
chr11	109250000	109500000	-0.639973
chr11	109500000	109750000	-0.479498
chr11	109750000	110000000	-0.264978
chr11	110000000	110250000	-0.094162
chr11	110250000	110500000	-0.0551595
chr11	110500000	110750000	-0.319011
chr11	110750000	111000000	-0.40956
chr11	111000000	111250000	-0.297474
chr11	111250000	111500000	-0.0759332
chr11	111500000	111750000	0.0130908
chr11	111750000	112000000	0.129989
chr11	112000000	112250000	0.0668598
chr11	112250000	112500000	-0.142531
chr11	112500000	112750000	-0.141566
chr11	112750000	113000000	-0.296676
chr11	113000000	113250000	-0.407804
chr11	113250000	113500000	-0.205775
chr11	113500000	113750000	-0.18618
chr11	113750000	114000000	-0.131774
chr11	114000000	114250000	-0.361194
chr11	114250000	114500000	-0.451548
chr11	114500000	114750000	-0.847714
chr11	114750000	115000000	-0.443744
chr11	115000000	115250000	-0.267828
chr11	115250000	115500000	-0.0146455
chr11	115500000	115750000	0.114392
chr11	115750000	116000000	0.128474
chr11	116000000	116250000	0.148355
chr11	116250000	116500000	0.052287
chr11	116500000	116750000	0.159741
chr11	116750000	117000000	0.442423
chr11	117000000	117250000	0.496654
chr11	117250000	117500000	0.599101
chr11	117500000	117750000	0.502731
chr11	117750000	118000000	0.651914
chr11	118000000	118250000	0.647108
chr11	118250000	118500000	0.696152
chr11	118500000	118750000	0.649305
chr11	118750000	119000000	0.642094
chr11	119000000	119250000	0.714568
chr11	119250000	119500000	0.594827
chr11	119500000	119750000	0.478463
chr11	119750000	120000000	0.381961
chr11	120000000	120250000	0.386024
chr11	120250000	120500000	0.45513
chr11	120500000	120750000	0.429615
chr11	120750000	121000000	0.360474
chr11	121000000	121250000	0.308119
chr11	121250000	121500000	0.347587
chr11	121500000	121750000	0.20111
chr11	121750000	122000000	-0.143504
chr11	122000000	122250000	-0.177775
chr11	122250000	122500000	-0.191519
chr11	122500000	122750000	0.121765
chr11	122750000	123000000	0.158052
chr11	123000000	123250000	0.258564
chr11	123250000	123500000	0.187716
chr11	123500000	123750000	-0.0396205
chr11	123750000	124000000	-0.311236
chr11	124000000	124250000	-0.409125
chr11	124250000	124500000	-0.26714
chr11	124500000	124750000	-0.0565164
chr11	124750000	125000000	0.0580991
chr11	125000000	125250000	0.157329
chr11	125250000	125500000	0.191422
chr11	125500000	125750000	0.21951
chr11	125750000	126000000	0.107735
chr11	126000000	126250000	0.230766
chr11	126250000	126500000	0.105844
chr11	126500000	126750000	-0.0960106
chr11	126750000	127000000	-0.193155
chr11	127000000	127250000	-0.36135
chr11	127250000	127500000	-0.659537
chr11	127500000	127750000	-0.701129
chr11	127750000	128000000	-0.631744
chr11	128000000	128250000	-0.323309
chr11	128250000	128500000	-0.150693
chr11	128500000	128750000	-0.0135422
chr11	128750000	129000000	-0.129198
chr11	129000000	129250000	-0.358663
chr11	129250000	129500000	-0.288805
chr11	129500000	129750000	-0.471068
chr11	129750000	130000000	-0.0281558
chr11	130000000	130250000	0.0694043
chr11	130250000	130500000	-0.0767587
chr11	130500000	130750000	-0.204446
chr11	130750000	131000000	-0.212764
chr11	131000000	131250000	-0.416515
chr11	131250000	131500000	-0.392548
chr11	131500000	131750000	-0.284792
chr11	131750000	132000000	-0.287338
chr11	132000000	132250000	-0.231164
chr11	132250000	132500000	-0.355919
chr11	132500000	132750000	-0.457315
chr11	132750000	133000000	-0.363428
chr11	133000000	133250000	-0.403788
chr11	133250000	133500000	-0.380201
chr11	133500000	133750000	-0.4069
chr11	133750000	134000000	-0.18222
chr11	134000000	134250000	-0.0683301
chr11	134250000	134500000	-0.201969
chr11	134500000	134750000	-0.194986
chr11	134750000	135000000	-0.271499
chr11	135000000	135086622	nan
#bedGraph section chr12:0-133275309
chr12	0	250000	0.393141
chr12	250000	500000	0.557616
chr12	500000	750000	0.543246
chr12	750000	1000000	0.498544
chr12	1000000	1250000	0.433576
chr12	1250000	1500000	0.429642
chr12	1500000	1750000	0.562423
chr12	1750000	2000000	0.435315
chr12	2000000	2250000	0.424915
chr12	2250000	2500000	0.371452
chr12	2500000	2750000	0.284516
chr12	2750000	3000000	0.380772
chr12	3000000	3250000	0.4062
chr12	3250000	3500000	0.355617
chr12	3500000	3750000	0.331842
chr12	3750000	4000000	0.463895
chr12	4000000	4250000	0.449706
chr12	4250000	4500000	0.408818
chr12	4500000	4750000	0.456833
chr12	4750000	5000000	0.479702
chr12	5000000	5250000	0.152524
chr12	5250000	5500000	0.278336
chr12	5500000	5750000	0.177664
chr12	5750000	6000000	0.285629
chr12	6000000	6250000	0.513092
chr12	6250000	6500000	0.570137
chr12	6500000	6750000	0.590293
chr12	6750000	7000000	0.539696
chr12	7000000	7250000	0.464636
chr12	7250000	7500000	0.140266
chr12	7500000	7750000	0.159774
chr12	7750000	8000000	0.39712
chr12	8000000	8250000	0.387339
chr12	8250000	8500000	0.276255
chr12	8500000	8750000	0.323313
chr12	8750000	9000000	0.296853
chr12	9000000	9250000	0.0471594
chr12	9250000	9500000	0.219172
chr12	9500000	9750000	0.182761
chr12	9750000	10000000	0.187399
chr12	10000000	10250000	0.202104
chr12	10250000	10500000	0.076997
chr12	10500000	10750000	0.127871
chr12	10750000	11000000	-0.0446093
chr12	11000000	11250000	0.0173771
chr12	11250000	11500000	-0.027056
chr12	11500000	11750000	0.165734
chr12	11750000	12000000	0.158315
chr12	12000000	12250000	0.27461
chr12	12250000	12500000	0.410175
chr12	12500000	12750000	0.320523
chr12	12750000	13000000	0.263159
chr12	13000000	13250000	0.193459
chr12	13250000	13500000	-0.00371271
chr12	13500000	13750000	0.038476
chr12	13750000	14000000	0.0063437
chr12	14000000	14250000	-0.0316521
chr12	14250000	14500000	0.140921
chr12	14500000	14750000	0.0331535
chr12	14750000	15000000	0.00212452
chr12	15000000	15250000	-0.197149
chr12	15250000	15500000	-0.302164
chr12	15500000	15750000	-0.0815903
chr12	15750000	16000000	-0.068214
chr12	16000000	16250000	-0.493004
chr12	16250000	16500000	-0.507804
chr12	16500000	16750000	-0.478558
chr12	16750000	17000000	-0.561143
chr12	17000000	17250000	-0.549664
chr12	17250000	17500000	-0.632009
chr12	17500000	17750000	-0.662547
chr12	17750000	18000000	-0.856569
chr12	18000000	18250000	-0.670346
chr12	18250000	18500000	-0.651904
chr12	18500000	18750000	-0.625238
chr12	18750000	19000000	-0.63505
chr12	19000000	19250000	-0.463435
chr12	19250000	19500000	-0.192264
chr12	19500000	19750000	-0.250401
chr12	19750000	20000000	-0.278855
chr12	20000000	20250000	-0.233382
chr12	20250000	20500000	-0.274325
chr12	20500000	20750000	-0.447126
chr12	20750000	21000000	-0.629403
chr12	21000000	21250000	-0.557842
chr12	21250000	21500000	-0.410495
chr12	21500000	21750000	-0.412756
chr12	21750000	22000000	-0.509591
chr12	22000000	22250000	-0.301556
chr12	22250000	22500000	-0.24472
chr12	22500000	22750000	-0.0668225
chr12	22750000	23000000	-0.313253
chr12	23000000	23250000	-0.321818
chr12	23250000	23500000	-0.272036
chr12	23500000	23750000	-0.371156
chr12	23750000	24000000	-0.231456
chr12	24000000	24250000	-0.0916934
chr12	24250000	24500000	-0.163095
chr12	24500000	24750000	-0.0913667
chr12	24750000	25000000	0.192559
chr12	25000000	25250000	0.215676
chr12	25250000	25500000	0.155785
chr12	25500000	25750000	-0.0193941
chr12	25750000	26000000	0.0193296
chr12	26000000	26250000	0.15394
chr12	26250000	26500000	0.201467
chr12	26500000	26750000	0.252132
chr12	26750000	27000000	0.338637
chr12	27000000	27250000	0.347922
chr12	27250000	27500000	0.273783
chr12	27500000	27750000	0.188107
chr12	27750000	28000000	-0.108983
chr12	28000000	28250000	-0.260765
chr12	28250000	28500000	-0.0956444
chr12	28500000	28750000	-0.321637
chr12	28750000	29000000	-0.390243
chr12	29000000	29250000	-0.350447
chr12	29250000	29500000	-0.183909
chr12	29500000	29750000	-0.191796
chr12	29750000	30000000	-0.380638
chr12	30000000	30250000	-0.442363
chr12	30250000	30500000	-0.529055
chr12	30500000	30750000	-0.219757
chr12	30750000	31000000	-0.0553746
chr12	31000000	31250000	0.0691593
chr12	31250000	31500000	0.0909606
chr12	31500000	31750000	0.175213
chr12	31750000	32000000	0.137815
chr12	32000000	32250000	0.184213
chr12	32250000	32500000	-0.0624133
chr12	32500000	32750000	-0.164249
chr12	32750000	33000000	-0.563907
chr12	33000000	33250000	-0.983392
chr12	33250000	33500000	-0.982512
chr12	33500000	33750000	-0.853825
chr12	33750000	34000000	-0.944856
chr12	34000000	34250000	-0.90098
chr12	34250000	34500000	-0.754861
chr12	34500000	34750000	nan
chr12	34750000	35000000	nan
chr12	35000000	35250000	nan
chr12	35250000	35500000	nan
chr12	35500000	35750000	nan
chr12	35750000	36000000	nan
chr12	36000000	36250000	nan
chr12	36250000	36500000	nan
chr12	36500000	36750000	nan
chr12	36750000	37000000	nan
chr12	37000000	37250000	nan
chr12	37250000	37500000	nan
chr12	37500000	37750000	nan
chr12	37750000	38000000	nan
chr12	38000000	38250000	-1.12302
chr12	38250000	38500000	-0.854221
chr12	38500000	38750000	-0.658208
chr12	38750000	39000000	-0.616492
chr12	39000000	39250000	-0.852527
chr12	39250000	39500000	-0.525713
chr12	39500000	39750000	-0.417172
chr12	39750000	40000000	-0.685114
chr12	40000000	40250000	-0.446945
chr12	40250000	40500000	-0.602348
chr12	40500000	40750000	-0.715349
chr12	40750000	41000000	-0.866125
chr12	41000000	41250000	-0.776391
chr12	41250000	41500000	-0.832929
chr12	41500000	41750000	-0.683473
chr12	41750000	42000000	-0.590698
chr12	42000000	42250000	-0.242958
chr12	42250000	42500000	-0.0325817
chr12	42500000	42750000	-0.433502
chr12	42750000	43000000	-0.559136
chr12	43000000	43250000	-0.519094
chr12	43250000	43500000	-0.652905
chr12	43500000	43750000	-0.592192
chr12	43750000	44000000	-0.380617
chr12	44000000	44250000	-0.367777
chr12	44250000	44500000	-0.294628
chr12	44500000	44750000	-0.466386
chr12	44750000	45000000	-0.480766
chr12	45000000	45250000	-0.385928
chr12	45250000	45500000	-0.247442
chr12	45500000	45750000	-0.0113634
chr12	45750000	46000000	0.0364212
chr12	46000000	46250000	0.0316513
chr12	46250000	46500000	0.0842033
chr12	46500000	46750000	-0.0730419
chr12	46750000	47000000	-0.197362
chr12	47000000	47250000	-0.101794
chr12	47250000	47500000	-0.0444423
chr12	47500000	47750000	-0.0294087
chr12	47750000	48000000	0.279203
chr12	48000000	48250000	0.377122
chr12	48250000	48500000	0.236479
chr12	48500000	48750000	0.441628
chr12	48750000	49000000	0.681284
chr12	49000000	49250000	0.775771
chr12	49250000	49500000	0.68015
chr12	49500000	49750000	0.674609
chr12	49750000	50000000	0.671267
chr12	50000000	50250000	0.714791
chr12	50250000	50500000	0.652542
chr12	50500000	50750000	0.659764
chr12	50750000	51000000	0.557301
chr12	51000000	51250000	0.633887
chr12	51250000	51500000	0.596472
chr12	51500000	51750000	0.502504
chr12	51750000	52000000	0.492959
chr12	52000000	52250000	0.520773
chr12	52250000	52500000	0.471354
chr12	52500000	52750000	0.460356
chr12	52750000	53000000	0.568237
chr12	53000000	53250000	0.655628
chr12	53250000	53500000	0.621264
chr12	53500000	53750000	0.564021
chr12	53750000	54000000	0.527331
chr12	54000000	54250000	0.533827
chr12	54250000	54500000	0.540925
chr12	54500000	54750000	0.0989498
chr12	54750000	55000000	-0.168693
chr12	55000000	55250000	-0.198379
chr12	55250000	55500000	-0.282779
chr12	55500000	55750000	0.036503
chr12	55750000	56000000	0.432946
chr12	56000000	56250000	0.482274
chr12	56250000	56500000	0.574678
chr12	56500000	56750000	0.64829
chr12	56750000	57000000	0.439051
chr12	57000000	57250000	0.575921
chr12	57250000	57500000	0.527614
chr12	57500000	57750000	0.482143
chr12	57750000	58000000	0.0528141
chr12	58000000	58250000	-0.71947
chr12	58250000	58500000	-0.732076
chr12	58500000	58750000	-0.815926
chr12	58750000	59000000	-0.84475
chr12	59000000	59250000	-0.916089
chr12	59250000	59500000	-0.890502
chr12	59500000	59750000	-0.827379
chr12	59750000	60000000	-0.847318
chr12	60000000	60250000	-0.998991
chr12	60250000	60500000	-1.03039
chr12	60500000	60750000	-0.988209
chr12	60750000	61000000	-1.04003
chr12	61000000	61250000	-1.1296
chr12	61250000	61500000	-1.10756
chr12	61500000	61750000	-1.11547
chr12	61750000	62000000	-1.17424
chr12	62000000	62250000	-0.891277
chr12	62250000	62500000	-0.356506
chr12	62500000	62750000	-0.145871
chr12	62750000	63000000	-0.454687
chr12	63000000	63250000	-0.672175
chr12	63250000	63500000	-0.731413
chr12	63500000	63750000	-0.649584
chr12	63750000	64000000	-0.256272
chr12	64000000	64250000	-0.308807
chr12	64250000	64500000	-0.0694619
chr12	64500000	64750000	0.144385
chr12	64750000	65000000	-0.00126718
chr12	65000000	65250000	-0.0842615
chr12	65250000	65500000	-0.323451
chr12	65500000	65750000	-0.264315
chr12	65750000	66000000	-0.0396149
chr12	66000000	66250000	0.0630781
chr12	66250000	66500000	-0.249407
chr12	66500000	66750000	-0.480442
chr12	66750000	67000000	-0.598589
chr12	67000000	67250000	-0.509616
chr12	67250000	67500000	-0.356029
chr12	67500000	67750000	-0.192317
chr12	67750000	68000000	-0.313535
chr12	68000000	68250000	-0.0663643
chr12	68250000	68500000	0.282549
chr12	68500000	68750000	0.372683
chr12	68750000	69000000	0.194538
chr12	69000000	69250000	0.0424069
chr12	69250000	69500000	0.0348553
chr12	69500000	69750000	-0.0462074
chr12	69750000	70000000	-0.410687
chr12	70000000	70250000	-0.48029
chr12	70250000	70500000	-0.232539
chr12	70500000	70750000	-0.447089
chr12	70750000	71000000	-0.780397
chr12	71000000	71250000	-0.877739
chr12	71250000	71500000	-0.692151
chr12	71500000	71750000	-0.339456
chr12	71750000	72000000	-0.393544
chr12	72000000	72250000	-0.81663
chr12	72250000	72500000	-0.818111
chr12	72500000	72750000	-0.942108
chr12	72750000	73000000	-0.985542
chr12	73000000	73250000	-1.04641
chr12	73250000	73500000	-1.03147
chr12	73500000	73750000	-1.04415
chr12	73750000	74000000	-0.959271
chr12	74000000	74250000	-0.767002
chr12	74250000	74500000	-0.777672
chr12	74500000	74750000	-0.670268
chr12	74750000	75000000	-0.698551
chr12	75000000	75250000	-0.726801
chr12	75250000	75500000	-0.404237
chr12	75500000	75750000	0.0641472
chr12	75750000	76000000	0.16249
chr12	76000000	76250000	0.0681195
chr12	76250000	76500000	0.0165145
chr12	76500000	76750000	-0.127747
chr12	76750000	77000000	-0.226965
chr12	77000000	77250000	-0.471386
chr12	77250000	77500000	-0.67957
chr12	77500000	77750000	-0.67073
chr12	77750000	78000000	-0.536174
chr12	78000000	78250000	-0.58115
chr12	78250000	78500000	-0.719081
chr12	78500000	78750000	-0.701241
chr12	78750000	79000000	-0.586714
chr12	79000000	79250000	-0.468882
chr12	79250000	79500000	-0.52048
chr12	79500000	79750000	-0.193416
chr12	79750000	80000000	-0.140661
chr12	80000000	80250000	-0.237923
chr12	80250000	80500000	-0.408622
chr12	80500000	80750000	-0.532136
chr12	80750000	81000000	-0.427979
chr12	81000000	81250000	-0.710369
chr12	81250000	81500000	-0.700274
chr12	81500000	81750000	-0.645201
chr12	81750000	82000000	-0.535107
chr12	82000000	82250000	-0.587761
chr12	82250000	82500000	-0.429442
chr12	82500000	82750000	-0.341416
chr12	82750000	83000000	-0.331823
chr12	83000000	83250000	-0.462371
chr12	83250000	83500000	-0.59663
chr12	83500000	83750000	-0.80543
chr12	83750000	84000000	-0.571097
chr12	84000000	84250000	-0.717611
chr12	84250000	84500000	-0.705676
chr12	84500000	84750000	-0.752437
chr12	84750000	85000000	-0.69759
chr12	85000000	85250000	-0.626874
chr12	85250000	85500000	-0.648558
chr12	85500000	85750000	-0.538983
chr12	85750000	86000000	-0.543664
chr12	86000000	86250000	-0.725293
chr12	86250000	86500000	-0.751769
chr12	86500000	86750000	-0.680135
chr12	86750000	87000000	-0.625911
chr12	87000000	87250000	-0.679124
chr12	87250000	87500000	-0.800747
chr12	87500000	87750000	-0.840808
chr12	87750000	88000000	-0.758177
chr12	88000000	88250000	-0.236178
chr12	88250000	88500000	-0.186574
chr12	88500000	88750000	-0.425453
chr12	88750000	89000000	-0.446003
chr12	89000000	89250000	-0.396772
chr12	89250000	89500000	-0.287903
chr12	89500000	89750000	-0.124501
chr12	89750000	90000000	-0.050655
chr12	90000000	90250000	-0.311603
chr12	90250000	90500000	-0.642509
chr12	90500000	90750000	-0.720022
chr12	90750000	91000000	-0.671222
chr12	91000000	91250000	-0.629367
chr12	91250000	91500000	-0.366228
chr12	91500000	91750000	-0.22517
chr12	91750000	92000000	-0.040567
chr12	92000000	92250000	0.0856355
chr12	92250000	92500000	0.0662397
chr12	92500000	92750000	0.0112903
chr12	92750000	93000000	0.18953
chr12	93000000	93250000	0.30661
chr12	93250000	93500000	0.302935
chr12	93500000	93750000	0.150917
chr12	93750000	94000000	0.134519
chr12	94000000	94250000	0.228683
chr12	94250000	94500000	0.202554
chr12	94500000	94750000	0.158283
chr12	94750000	95000000	0.162773
chr12	95000000	95250000	0.328214
chr12	95250000	95500000	0.275661
chr12	95500000	95750000	0.124885
chr12	95750000	96000000	0.151775
chr12	96000000	96250000	0.200842
chr12	96250000	96500000	0.284852
chr12	96500000	96750000	-0.0601053
chr12	96750000	97000000	-0.218283
chr12	97000000	97250000	-0.312699
chr12	97250000	97500000	-0.385949
chr12	97500000	97750000	-0.498602
chr12	97750000	98000000	-0.376315
chr12	98000000	98250000	-0.133914
chr12	98250000	98500000	-0.0722549
chr12	98500000	98750000	0.019166
chr12	98750000	99000000	-0.219858
chr12	99000000	99250000	-0.383899
chr12	99250000	99500000	-0.414054
chr12	99500000	99750000	-0.409855
chr12	99750000	100000000	-0.507675
chr12	100000000	100250000	-0.0879803
chr12	100250000	100500000	-0.169856
chr12	100500000	100750000	-0.25653
chr12	100750000	101000000	-0.363914
chr12	101000000	101250000	-0.468676
chr12	101250000	101500000	0.0349452
chr12	101500000	101750000	0.109487
chr12	101750000	102000000	0.29737
chr12	102000000	102250000	0.218507
chr12	102250000	102500000	0.127791
chr12	102500000	102750000	0.0953422
chr12	102750000	103000000	0.314676
chr12	103000000	103250000	0.282195
chr12	103250000	103500000	0.30476
chr12	103500000	103750000	0.24968
chr12	103750000	104000000	0.355691
chr12	104000000	104250000	0.35991
chr12	104250000	104500000	0.358204
chr12	104500000	104750000	0.385354
chr12	104750000	105000000	0.344605
chr12	105000000	105250000	0.298235
chr12	105250000	105500000	0.159897
chr12	105500000	105750000	-0.00629127
chr12	105750000	106000000	-0.000264192
chr12	106000000	106250000	0.0075937
chr12	106250000	106500000	0.240874
chr12	106500000	106750000	0.147518
chr12	106750000	107000000	0.300923
chr12	107000000	107250000	0.182737
chr12	107250000	107500000	0.166581
chr12	107500000	107750000	0.227591
chr12	107750000	108000000	0.301471
chr12	108000000	108250000	0.324127
chr12	108250000	108500000	0.419469
chr12	108500000	108750000	0.546341
chr12	108750000	109000000	0.47348
chr12	109000000	109250000	0.485678
chr12	109250000	109500000	0.510809
chr12	109500000	109750000	0.469229
chr12	109750000	110000000	0.572317
chr12	110000000	110250000	0.648345
chr12	110250000	110500000	0.616148
chr12	110500000	110750000	0.62044
chr12	110750000	111000000	0.597124
chr12	111000000	111250000	0.430422
chr12	111250000	111500000	0.527472
chr12	111500000	111750000	0.682796
chr12	111750000	112000000	0.635977
chr12	112000000	112250000	0.62311
chr12	112250000	112500000	0.571499
chr12	112500000	112750000	0.473922
chr12	112750000	113000000	0.383167
chr12	113000000	113250000	0.411459
chr12	113250000	113500000	0.260681
chr12	113500000	113750000	0.0188521
chr12	113750000	114000000	-0.142538
chr12	114000000	114250000	-0.479422
chr12	114250000	114500000	-0.502928
chr12	114500000	114750000	-0.578176
chr12	114750000	115000000	-0.904324
chr12	115000000	115250000	-1.01566
chr12	115250000	115500000	-0.898934
chr12	115500000	115750000	-0.873075
chr12	115750000	116000000	-0.462771
chr12	116000000	116250000	-0.00681816
chr12	116250000	116500000	0.0489637
chr12	116500000	116750000	0.136922
chr12	116750000	117000000	0.166325
chr12	117000000	117250000	0.0644497
chr12	117250000	117500000	-0.114168
chr12	117500000	117750000	-0.16582
chr12	117750000	118000000	0.013112
chr12	118000000	118250000	0.160231
chr12	118250000	118500000	0.0149027
chr12	118500000	118750000	-0.278139
chr12	118750000	119000000	-0.358425
chr12	119000000	119250000	-0.344716
chr12	119250000	119500000	-0.307044
chr12	119500000	119750000	0.144944
chr12	119750000	120000000	0.491602
chr12	120000000	120250000	0.514292
chr12	120250000	120500000	0.607668
chr12	120500000	120750000	0.582574
chr12	120750000	121000000	0.659875
chr12	121000000	121250000	0.620309
chr12	121250000	121500000	0.576066
chr12	121500000	121750000	0.641793
chr12	121750000	122000000	0.666155
chr12	122000000	122250000	0.538664
chr12	122250000	122500000	0.649367
chr12	122500000	122750000	0.579086
chr12	122750000	123000000	0.534613
chr12	123000000	123250000	0.622184
chr12	123250000	123500000	0.576229
chr12	123500000	123750000	0.603316
chr12	123750000	124000000	0.482427
chr12	124000000	124250000	0.368017
chr12	124250000	124500000	0.3243
chr12	124500000	124750000	0.305687
chr12	124750000	125000000	0.315619
chr12	125000000	125250000	-0.199561
chr12	125250000	125500000	-0.642646
chr12	125500000	125750000	-0.827703
chr12	125750000	126000000	-1.05235
chr12	126000000	126250000	-0.971786
chr12	126250000	126500000	-0.958854
chr12	126500000	126750000	-0.941375
chr12	126750000	127000000	-0.880484
chr12	127000000	127250000	-0.86037
chr12	127250000	127500000	-0.881931
chr12	127500000	127750000	-0.969153
chr12	127750000	128000000	-1.00045
chr12	128000000	128250000	-0.822428
chr12	128250000	128500000	-0.819708
chr12	128500000	128750000	-0.41852
chr12	128750000	129000000	-0.349922
chr12	129000000	129250000	-0.480325
chr12	129250000	129500000	-0.811771
chr12	129500000	129750000	-0.925373
chr12	129750000	130000000	-0.840857
chr12	130000000	130250000	-0.837444
chr12	130250000	130500000	-0.710159
chr12	130500000	130750000	-0.63702
chr12	130750000	131000000	-0.0728307
chr12	131000000	131250000	0.0182765
chr12	131250000	131500000	-0.00420527
chr12	131500000	131750000	0.00674495
chr12	131750000	132000000	0.373176
chr12	132000000	132250000	0.210027
chr12	132250000	132500000	0.143293
chr12	132500000	132750000	0.281601
chr12	132750000	133000000	0.2373
chr12	133000000	133250000	0.108018
chr12	133250000	133275309	nan
#bedGraph section chr13:0-114364328
chr13	0	250000	nan
chr13	250000	500000	nan
chr13	500000	750000	nan
chr13	750000	1000000	nan
chr13	1000000	1250000	nan
chr13	1250000	1500000	nan
chr13	1500000	1750000	nan
chr13	1750000	2000000	nan
chr13	2000000	2250000	nan
chr13	2250000	2500000	nan
chr13	2500000	2750000	nan
chr13	2750000	3000000	nan
chr13	3000000	3250000	nan
chr13	3250000	3500000	nan
chr13	3500000	3750000	nan
chr13	3750000	4000000	nan
chr13	4000000	4250000	nan
chr13	4250000	4500000	nan
chr13	4500000	4750000	nan
chr13	4750000	5000000	nan
chr13	5000000	5250000	nan
chr13	5250000	5500000	nan
chr13	5500000	5750000	nan
chr13	5750000	6000000	nan
chr13	6000000	6250000	nan
chr13	6250000	6500000	nan
chr13	6500000	6750000	nan
chr13	6750000	7000000	nan
chr13	7000000	7250000	nan
chr13	7250000	7500000	nan
chr13	7500000	7750000	nan
chr13	7750000	8000000	nan
chr13	8000000	8250000	nan
chr13	8250000	8500000	nan
chr13	8500000	8750000	nan
chr13	8750000	9000000	nan
chr13	9000000	9250000	nan
chr13	9250000	9500000	nan
chr13	9500000	9750000	nan
chr13	9750000	10000000	nan
chr13	10000000	10250000	nan
chr13	10250000	10500000	nan
chr13	10500000	10750000	nan
chr13	10750000	11000000	nan
chr13	11000000	11250000	nan
chr13	11250000	11500000	nan
chr13	11500000	11750000	nan
chr13	11750000	12000000	nan
chr13	12000000	12250000	nan
chr13	12250000	12500000	nan
chr13	12500000	12750000	nan
chr13	12750000	13000000	nan
chr13	13000000	13250000	nan
chr13	13250000	13500000	nan
chr13	13500000	13750000	nan
chr13	13750000	14000000	nan
chr13	14000000	14250000	nan
chr13	14250000	14500000	nan
chr13	14500000	14750000	nan
chr13	14750000	15000000	nan
chr13	15000000	15250000	nan
chr13	15250000	15500000	nan
chr13	15500000	15750000	nan
chr13	15750000	16000000	nan
chr13	16000000	16250000	nan
chr13	16250000	16500000	nan
chr13	16500000	16750000	nan
chr13	16750000	17000000	nan
chr13	17000000	17250000	nan
chr13	17250000	17500000	nan
chr13	17500000	17750000	nan
chr13	17750000	18000000	nan
chr13	18000000	18250000	nan
chr13	18250000	18500000	nan
chr13	18500000	18750000	nan
chr13	18750000	19000000	-0.539622
chr13	19000000	19250000	-0.54783
chr13	19250000	19500000	-0.327867
chr13	19500000	19750000	-0.0627552
chr13	19750000	20000000	0.308097
chr13	20000000	20250000	0.3157
chr13	20250000	20500000	0.364103
chr13	20500000	20750000	0.359084
chr13	20750000	21000000	0.389435
chr13	21000000	21250000	0.396229
chr13	21250000	21500000	0.257671
chr13	21500000	21750000	-0.0510202
chr13	21750000	22000000	-0.220483
chr13	22000000	22250000	-0.00376497
chr13	22250000	22500000	-0.460944
chr13	22500000	22750000	-0.558218
chr13	22750000	23000000	-0.0454388
chr13	23000000	23250000	-0.124905
chr13	23250000	23500000	0.226892
chr13	23500000	23750000	0.297631
chr13	23750000	24000000	0.464507
chr13	24000000	24250000	0.423782
chr13	24250000	24500000	0.425789
chr13	24500000	24750000	0.425539
chr13	24750000	25000000	0.432004
chr13	25000000	25250000	0.403145
chr13	25250000	25500000	0.299605
chr13	25500000	25750000	-0.0970633
chr13	25750000	26000000	-0.0625039
chr13	26000000	26250000	0.0438652
chr13	26250000	26500000	0.160292
chr13	26500000	26750000	0.0461516
chr13	26750000	27000000	0.221993
chr13	27000000	27250000	0.421676
chr13	27250000	27500000	0.551204
chr13	27500000	27750000	0.343349
chr13	27750000	28000000	0.368541
chr13	28000000	28250000	0.423932
chr13	28250000	28500000	0.37533
chr13	28500000	28750000	0.358099
chr13	28750000	29000000	-0.241231
chr13	29000000	29250000	-0.728587
chr13	29250000	29500000	-0.331062
chr13	29500000	29750000	0.282503
chr13	29750000	30000000	0.306484
chr13	30000000	30250000	0.409275
chr13	30250000	30500000	0.472345
chr13	30500000	30750000	0.587493
chr13	30750000	31000000	0.422778
chr13	31000000	31250000	0.275743
chr13	31250000	31500000	-0.199751
chr13	31500000	31750000	-0.180839
chr13	31750000	32000000	0.17184
chr13	32000000	32250000	0.203886
chr13	32250000	32500000	0.386588
chr13	32500000	32750000	0.381303
chr13	32750000	33000000	0.419414
chr13	33000000	33250000	0.385671
chr13	33250000	33500000	0.228927
chr13	33500000	33750000	0.216622
chr13	33750000	34000000	0.0183519
chr13	34000000	34250000	-0.282486
chr13	34250000	34500000	-0.623839
chr13	34500000	34750000	-0.592507
chr13	34750000	35000000	-0.520675
chr13	35000000	35250000	-0.459624
chr13	35250000	35500000	-0.493035
chr13	35500000	35750000	-0.582743
chr13	35750000	36000000	-0.485996
chr13	36000000	36250000	-0.650498
chr13	36250000	36500000	-0.195437
chr13	36500000	36750000	-0.335456
chr13	36750000	37000000	0.0958324
chr13	37000000	37250000	-0.528887
chr13	37250000	37500000	-0.909211
chr13	37500000	37750000	-0.717715
chr13	37750000	38000000	-0.817785
chr13	38000000	38250000	-0.750401
chr13	38250000	38500000	-0.482364
chr13	38500000	38750000	-0.393628
chr13	38750000	39000000	-0.287622
chr13	39000000	39250000	0.115953
chr13	39250000	39500000	0.0990511
chr13	39500000	39750000	0.258997
chr13	39750000	40000000	0.307249
chr13	40000000	40250000	0.429036
chr13	40250000	40500000	0.39794
chr13	40500000	40750000	0.466914
chr13	40750000	41000000	0.464115
chr13	41000000	41250000	0.529024
chr13	41250000	41500000	0.536829
chr13	41500000	41750000	0.443998
chr13	41750000	42000000	0.423591
chr13	42000000	42250000	0.505597
chr13	42250000	42500000	0.44388
chr13	42500000	42750000	0.429523
chr13	42750000	43000000	0.509225
chr13	43000000	43250000	0.422369
chr13	43250000	43500000	0.28609
chr13	43500000	43750000	0.143922
chr13	43750000	44000000	0.164728
chr13	44000000	44250000	0.219669
chr13	44250000	44500000	0.305044
chr13	44500000	44750000	0.344125
chr13	44750000	45000000	0.469076
chr13	45000000	45250000	0.549441
chr13	45250000	45500000	0.559648
chr13	45500000	45750000	0.553597
chr13	45750000	46000000	0.573756
chr13	46000000	46250000	0.396354
chr13	46250000	46500000	0.402482
chr13	46500000	46750000	0.272795
chr13	46750000	47000000	0.105975
chr13	47000000	47250000	-0.0312176
chr13	47250000	47500000	-0.37716
chr13	47500000	47750000	-0.2618
chr13	47750000	48000000	0.0424622
chr13	48000000	48250000	0.334359
chr13	48250000	48500000	0.297145
chr13	48500000	48750000	0.266176
chr13	48750000	49000000	0.321338
chr13	49000000	49250000	0.397349
chr13	49250000	49500000	0.499038
chr13	49500000	49750000	0.580748
chr13	49750000	50000000	0.506042
chr13	50000000	50250000	0.527253
chr13	50250000	50500000	0.403435
chr13	50500000	50750000	0.418515
chr13	50750000	51000000	0.454162
chr13	51000000	51250000	0.539304
chr13	51250000	51500000	0.577332
chr13	51500000	51750000	0.592975
chr13	51750000	52000000	0.638334
chr13	52000000	52250000	0.448345
chr13	52250000	52500000	0.248056
chr13	52500000	52750000	0.285455
chr13	52750000	53000000	-0.0733051
chr13	53000000	53250000	-0.628886
chr13	53250000	53500000	-0.951262
chr13	53500000	53750000	-0.865871
chr13	53750000	54000000	-0.955402
chr13	54000000	54250000	-0.893326
chr13	54250000	54500000	-0.892257
chr13	54500000	54750000	-0.817265
chr13	54750000	55000000	-0.816475
chr13	55000000	55250000	-0.804094
chr13	55250000	55500000	-0.910939
chr13	55500000	55750000	-0.775371
chr13	55750000	56000000	-0.768763
chr13	56000000	56250000	-0.710901
chr13	56250000	56500000	-0.864819
chr13	56500000	56750000	-0.822622
chr13	56750000	57000000	-0.814245
chr13	57000000	57250000	-0.75826
chr13	57250000	57500000	-0.900929
chr13	57500000	57750000	-0.824931
chr13	57750000	58000000	-0.691038
chr13	58000000	58250000	-0.725768
chr13	58250000	58500000	-0.419226
chr13	58500000	58750000	-0.290989
chr13	58750000	59000000	-0.248513
chr13	59000000	59250000	-0.493652
chr13	59250000	59500000	-0.519983
chr13	59500000	59750000	-0.133957
chr13	59750000	60000000	0.0998789
chr13	60000000	60250000	0.152006
chr13	60250000	60500000	-0.0179772
chr13	60500000	60750000	-0.309287
chr13	60750000	61000000	-0.621264
chr13	61000000	61250000	-0.364922
chr13	61250000	61500000	-0.512052
chr13	61500000	61750000	-0.5639
chr13	61750000	62000000	-0.571556
chr13	62000000	62250000	-0.316232
chr13	62250000	62500000	-0.332523
chr13	62500000	62750000	-0.484407
chr13	62750000	63000000	-0.628617
chr13	63000000	63250000	-0.585308
chr13	63250000	63500000	-0.515205
chr13	63500000	63750000	-0.484174
chr13	63750000	64000000	-0.505414
chr13	64000000	64250000	-0.548606
chr13	64250000	64500000	-0.512443
chr13	64500000	64750000	-0.479213
chr13	64750000	65000000	-0.358554
chr13	65000000	65250000	-0.113546
chr13	65250000	65500000	-0.283724
chr13	65500000	65750000	-0.436946
chr13	65750000	66000000	-0.229016
chr13	66000000	66250000	-0.0872535
chr13	66250000	66500000	-0.218031
chr13	66500000	66750000	-0.18196
chr13	66750000	67000000	-0.34973
chr13	67000000	67250000	-0.376231
chr13	67250000	67500000	-0.643073
chr13	67500000	67750000	-0.545646
chr13	67750000	68000000	-0.591744
chr13	68000000	68250000	-0.448928
chr13	68250000	68500000	-0.432302
chr13	68500000	68750000	-0.439258
chr13	68750000	69000000	-0.40815
chr13	69000000	69250000	-0.482715
chr13	69250000	69500000	-0.540064
chr13	69500000	69750000	-0.276422
chr13	69750000	70000000	-0.310149
chr13	70000000	70250000	-0.324543
chr13	70250000	70500000	-0.402347
chr13	70500000	70750000	-0.409813
chr13	70750000	71000000	-0.413817
chr13	71000000	71250000	-0.196501
chr13	71250000	71500000	-0.370665
chr13	71500000	71750000	-0.36325
chr13	71750000	72000000	-0.440687
chr13	72000000	72250000	-0.483087
chr13	72250000	72500000	-0.472169
chr13	72500000	72750000	-0.125238
chr13	72750000	73000000	0.180856
chr13	73000000	73250000	0.151957
chr13	73250000	73500000	-0.145366
chr13	73500000	73750000	-0.0753719
chr13	73750000	74000000	0.13038
chr13	74000000	74250000	0.0627133
chr13	74250000	74500000	-0.202307
chr13	74500000	74750000	-0.356086
chr13	74750000	75000000	-0.404247
chr13	75000000	75250000	-0.243677
chr13	75250000	75500000	0.235686
chr13	75500000	75750000	0.231134
chr13	75750000	76000000	0.068649
chr13	76000000	76250000	-0.368043
chr13	76250000	76500000	-0.331696
chr13	76500000	76750000	-0.139633
chr13	76750000	77000000	0.14176
chr13	77000000	77250000	0.490068
chr13	77250000	77500000	0.485211
chr13	77500000	77750000	0.287194
chr13	77750000	78000000	-0.0114205
chr13	78000000	78250000	-0.0337062
chr13	78250000	78500000	-0.19356
chr13	78500000	78750000	-0.0665816
chr13	78750000	79000000	-0.0487808
chr13	79000000	79250000	0.084579
chr13	79250000	79500000	0.23603
chr13	79500000	79750000	0.107165
chr13	79750000	80000000	0.227514
chr13	80000000	80250000	0.310588
chr13	80250000	80500000	0.331431
chr13	80500000	80750000	0.00334746
chr13	80750000	81000000	-0.242216
chr13	81000000	81250000	-0.268661
chr13	81250000	81500000	-0.185767
chr13	81500000	81750000	-0.403992
chr13	81750000	82000000	-0.573712
chr13	82000000	82250000	-0.483194
chr13	82250000	82500000	-0.617056
chr13	82500000	82750000	-0.543615
chr13	82750000	83000000	-0.540579
chr13	83000000	83250000	-0.581931
chr13	83250000	83500000	-0.511433
chr13	83500000	83750000	-0.416289
chr13	83750000	84000000	-0.274249
chr13	84000000	84250000	-0.282964
chr13	84250000	84500000	-0.405974
chr13	84500000	84750000	-0.409522
chr13	84750000	85000000	-0.53468
chr13	85000000	85250000	-0.625002
chr13	85250000	85500000	-0.453906
chr13	85500000	85750000	-0.601183
chr13	85750000	86000000	-0.650422
chr13	86000000	86250000	-0.624838
chr13	86250000	86500000	-0.521126
chr13	86500000	86750000	-0.61743
chr13	86750000	87000000	-0.518401
chr13	87000000	87250000	-0.487382
chr13	87250000	87500000	-0.451107
chr13	87500000	87750000	-0.345426
chr13	87750000	88000000	-0.473049
chr13	88000000	88250000	-0.477617
chr13	88250000	88500000	-0.427106
chr13	88500000	88750000	-0.384665
chr13	88750000	89000000	-0.331567
chr13	89000000	89250000	-0.463722
chr13	89250000	89500000	-0.381931
chr13	89500000	89750000	-0.361914
chr13	89750000	90000000	-0.336941
chr13	90000000	90250000	-0.472707
chr13	90250000	90500000	-0.391441
chr13	90500000	90750000	-0.496774
chr13	90750000	91000000	-0.489871
chr13	91000000	91250000	-0.285937
chr13	91250000	91500000	-0.161123
chr13	91500000	91750000	-0.376661
chr13	91750000	92000000	-0.492148
chr13	92000000	92250000	-0.515307
chr13	92250000	92500000	-0.820736
chr13	92500000	92750000	-0.797154
chr13	92750000	93000000	-0.766812
chr13	93000000	93250000	-0.817986
chr13	93250000	93500000	-0.737285
chr13	93500000	93750000	-0.660255
chr13	93750000	94000000	-0.578478
chr13	94000000	94250000	-0.550661
chr13	94250000	94500000	-0.238249
chr13	94500000	94750000	-0.0301099
chr13	94750000	95000000	-0.0637678
chr13	95000000	95250000	0.363461
chr13	95250000	95500000	0.460861
chr13	95500000	95750000	0.404928
chr13	95750000	96000000	0.0582288
chr13	96000000	96250000	-0.30156
chr13	96250000	96500000	-0.624838
chr13	96500000	96750000	-0.862339
chr13	96750000	97000000	-0.644341
chr13	97000000	97250000	-0.109102
chr13	97250000	97500000	-0.0973649
chr13	97500000	97750000	-0.0167358
chr13	97750000	98000000	0.217527
chr13	98000000	98250000	0.435011
chr13	98250000	98500000	0.445672
chr13	98500000	98750000	0.528352
chr13	98750000	99000000	0.285992
chr13	99000000	99250000	0.434575
chr13	99250000	99500000	0.540958
chr13	99500000	99750000	0.461303
chr13	99750000	100000000	0.321043
chr13	100000000	100250000	0.370558
chr13	100250000	100500000	0.384941
chr13	100500000	100750000	0.0785916
chr13	100750000	101000000	-0.200486
chr13	101000000	101250000	-0.290341
chr13	101250000	101500000	-0.330144
chr13	101500000	101750000	-0.0210526
chr13	101750000	102000000	-0.31168
chr13	102000000	102250000	-0.414212
chr13	102250000	102500000	-0.316171
chr13	102500000	102750000	-0.0170435
chr13	102750000	103000000	0.0541972
chr13	103000000	103250000	-0.0799564
chr13	103250000	103500000	-0.326779
chr13	103500000	103750000	-0.276464
chr13	103750000	104000000	-0.638891
chr13	104000000	104250000	-0.762379
chr13	104250000	104500000	-0.658744
chr13	104500000	104750000	-0.566393
chr13	104750000	105000000	-0.401696
chr13	105000000	105250000	-0.310387
chr13	105250000	105500000	-0.554791
chr13	105500000	105750000	-0.548725
chr13	105750000	106000000	-0.709929
chr13	106000000	106250000	-0.411619
chr13	106250000	106500000	-0.329222
chr13	106500000	106750000	-0.347172
chr13	106750000	107000000	-0.631467
chr13	107000000	107250000	-0.859009
chr13	107250000	107500000	-0.823814
chr13	107500000	107750000	-0.772876
chr13	107750000	108000000	-0.658161
chr13	108000000	108250000	-0.572871
chr13	108250000	108500000	-0.303952
chr13	108500000	108750000	-0.375352
chr13	108750000	109000000	-0.233781
chr13	109000000	109250000	-0.103788
chr13	109250000	109500000	-0.190174
chr13	109500000	109750000	-0.174977
chr13	109750000	110000000	-0.123533
chr13	110000000	110250000	0.190189
chr13	110250000	110500000	0.416837
chr13	110500000	110750000	0.461243
chr13	110750000	111000000	0.482188
chr13	111000000	111250000	0.386369
chr13	111250000	111500000	0.103999
chr13	111500000	111750000	-0.436865
chr13	111750000	112000000	-0.427641
chr13	112000000	112250000	-0.528355
chr13	112250000	112500000	-0.270096
chr13	112500000	112750000	0.265785
chr13	112750000	113000000	0.43919
chr13	113000000	113250000	0.4599
chr13	113250000	113500000	0.528871
chr13	113500000	113750000	0.525396
chr13	113750000	114000000	0.441098
chr13	114000000	114250000	0.484293
chr13	114250000	114364328	nan
#bedGraph section chr14:0-107043718
chr14	0	250000	nan
chr14	250000	500000	nan
chr14	500000	750000	nan
chr14	750000	1000000	nan
chr14	1000000	1250000	nan
chr14	1250000	1500000	nan
chr14	1500000	1750000	nan
chr14	1750000	2000000	nan
chr14	2000000	2250000	nan
chr14	2250000	2500000	nan
chr14	2500000	2750000	nan
chr14	2750000	3000000	nan
chr14	3000000	3250000	nan
chr14	3250000	3500000	nan
chr14	3500000	3750000	nan
chr14	3750000	4000000	nan
chr14	4000000	4250000	nan
chr14	4250000	4500000	nan
chr14	4500000	4750000	nan
chr14	4750000	5000000	nan
chr14	5000000	5250000	nan
chr14	5250000	5500000	nan
chr14	5500000	5750000	nan
chr14	5750000	6000000	nan
chr14	6000000	6250000	nan
chr14	6250000	6500000	nan
chr14	6500000	6750000	nan
chr14	6750000	7000000	nan
chr14	7000000	7250000	nan
chr14	7250000	7500000	nan
chr14	7500000	7750000	nan
chr14	7750000	8000000	nan
chr14	8000000	8250000	nan
chr14	8250000	8500000	nan
chr14	8500000	8750000	nan
chr14	8750000	9000000	nan
chr14	9000000	9250000	nan
chr14	9250000	9500000	nan
chr14	9500000	9750000	nan
chr14	9750000	10000000	nan
chr14	10000000	10250000	nan
chr14	10250000	10500000	nan
chr14	10500000	10750000	nan
chr14	10750000	11000000	nan
chr14	11000000	11250000	nan
chr14	11250000	11500000	nan
chr14	11500000	11750000	nan
chr14	11750000	12000000	nan
chr14	12000000	12250000	nan
chr14	12250000	12500000	nan
chr14	12500000	12750000	nan
chr14	12750000	13000000	nan
chr14	13000000	13250000	nan
chr14	13250000	13500000	nan
chr14	13500000	13750000	nan
chr14	13750000	14000000	nan
chr14	14000000	14250000	nan
chr14	14250000	14500000	nan
chr14	14500000	14750000	nan
chr14	14750000	15000000	nan
chr14	15000000	15250000	nan
chr14	15250000	15500000	nan
chr14	15500000	15750000	nan
chr14	15750000	16000000	nan
chr14	16000000	16250000	nan
chr14	16250000	16500000	nan
chr14	16500000	16750000	nan
chr14	16750000	17000000	nan
chr14	17000000	17250000	nan
chr14	17250000	17500000	nan
chr14	17500000	17750000	nan
chr14	17750000	18000000	nan
chr14	18000000	18250000	nan
chr14	18250000	18500000	nan
chr14	18500000	18750000	nan
chr14	18750000	19000000	nan
chr14	19000000	19250000	nan
chr14	19250000	19500000	nan
chr14	19500000	19750000	nan
chr14	19750000	20000000	-1.25523
chr14	20000000	20250000	-0.953238
chr14	20250000	20500000	-0.143983
chr14	20500000	20750000	-0.0788879
chr14	20750000	21000000	-0.0535777
chr14	21000000	21250000	0.132694
chr14	21250000	21500000	0.295194
chr14	21500000	21750000	0.048736
chr14	21750000	22000000	-0.24886
chr14	22000000	22250000	-0.0387529
chr14	22250000	22500000	0.256251
chr14	22500000	22750000	0.374711
chr14	22750000	23000000	0.423297
chr14	23000000	23250000	0.465944
chr14	23250000	23500000	0.238077
chr14	23500000	23750000	0.249865
chr14	23750000	24000000	0.155816
chr14	24000000	24250000	0.372936
chr14	24250000	24500000	0.138032
chr14	24500000	24750000	-0.170285
chr14	24750000	25000000	-0.219158
chr14	25000000	25250000	-0.445219
chr14	25250000	25500000	-0.816935
chr14	25500000	25750000	-1.14889
chr14	25750000	26000000	-1.11749
chr14	26000000	26250000	-1.13245
chr14	26250000	26500000	-1.05205
chr14	26500000	26750000	-1.05795
chr14	26750000	27000000	-1.14158
chr14	27000000	27250000	-1.08146
chr14	27250000	27500000	-1.07173
chr14	27500000	27750000	-1.11702
chr14	27750000	28000000	-1.04892
chr14	28000000	28250000	-1.13719
chr14	28250000	28500000	-1.13428
chr14	28500000	28750000	-1.16123
chr14	28750000	29000000	-0.825814
chr14	29000000	29250000	-0.87509
chr14	29250000	29500000	-0.939354
chr14	29500000	29750000	-0.882775
chr14	29750000	30000000	-0.851384
chr14	30000000	30250000	-0.871569
chr14	30250000	30500000	-0.626958
chr14	30500000	30750000	-0.21139
chr14	30750000	31000000	0.0841744
chr14	31000000	31250000	0.307272
chr14	31250000	31500000	0.191797
chr14	31500000	31750000	-0.033446
chr14	31750000	32000000	-0.125376
chr14	32000000	32250000	-0.09273
chr14	32250000	32500000	-0.154686
chr14	32500000	32750000	-0.410555
chr14	32750000	33000000	-0.60692
chr14	33000000	33250000	-0.700083
chr14	33250000	33500000	-0.601851
chr14	33500000	33750000	-0.525049
chr14	33750000	34000000	-0.276365
chr14	34000000	34250000	-0.154672
chr14	34250000	34500000	0.0969899
chr14	34500000	34750000	0.376147
chr14	34750000	35000000	0.40606
chr14	35000000	35250000	0.408031
chr14	35250000	35500000	0.372026
chr14	35500000	35750000	0.211454
chr14	35750000	36000000	-0.0150964
chr14	36000000	36250000	-0.372026
chr14	36250000	36500000	-0.44364
chr14	36500000	36750000	-0.838107
chr14	36750000	37000000	-0.986101
chr14	37000000	37250000	-1.02743
chr14	37250000	37500000	-1.26283
chr14	37500000	37750000	-1.17244
chr14	37750000	38000000	-1.18806
chr14	38000000	38250000	-1.20255
chr14	38250000	38500000	-1.15807
chr14	38500000	38750000	-0.99476
chr14	38750000	39000000	-0.846593
chr14	39000000	39250000	-0.180642
chr14	39250000	39500000	-0.198355
chr14	39500000	39750000	-0.682696
chr14	39750000	40000000	-0.524906
chr14	40000000	40250000	-0.714147
chr14	40250000	40500000	-0.8934
chr14	40500000	40750000	-0.844718
chr14	40750000	41000000	-0.972219
chr14	41000000	41250000	-0.882516
chr14	41250000	41500000	-0.988988
chr14	41500000	41750000	-0.915079
chr14	41750000	42000000	-0.869704
chr14	42000000	42250000	-0.719639
chr14	42250000	42500000	-0.709471
chr14	42500000	42750000	-0.794769
chr14	42750000	43000000	-0.800072
chr14	43000000	43250000	-0.863242
chr14	43250000	43500000	-0.995224
chr14	43500000	43750000	-0.978752
chr14	43750000	44000000	-1.12002
chr14	44000000	44250000	-1.14551
chr14	44250000	44500000	-1.16073
chr14	44500000	44750000	-1.18289
chr14	44750000	45000000	-0.606565
chr14	45000000	45250000	-0.229573
chr14	45250000	45500000	-0.768023
chr14	45500000	45750000	-0.995173
chr14	45750000	46000000	-0.792477
chr14	46000000	46250000	-0.940808
chr14	46250000	46500000	-0.763095
chr14	46500000	46750000	-0.796473
chr14	46750000	47000000	-0.745376
chr14	47000000	47250000	-0.700904
chr14	47250000	47500000	-0.744964
chr14	47500000	47750000	-0.792332
chr14	47750000	48000000	-0.885854
chr14	48000000	48250000	-0.854108
chr14	48250000	48500000	-0.780086
chr14	48500000	48750000	-0.854958
chr14	48750000	49000000	-0.804345
chr14	49000000	49250000	-0.845922
chr14	49250000	49500000	-0.464368
chr14	49500000	49750000	0.161324
chr14	49750000	50000000	0.318714
chr14	50000000	50250000	0.397416
chr14	50250000	50500000	0.330525
chr14	50500000	50750000	0.25321
chr14	50750000	51000000	0.177969
chr14	51000000	51250000	0.0860629
chr14	51250000	51500000	-0.00706938
chr14	51500000	51750000	0.0168721
chr14	51750000	52000000	0.0987315
chr14	52000000	52250000	-0.144516
chr14	52250000	52500000	0.0108429
chr14	52500000	52750000	0.132522
chr14	52750000	53000000	0.227589
chr14	53000000	53250000	0.0665421
chr14	53250000	53500000	-0.191588
chr14	53500000	53750000	-0.309445
chr14	53750000	54000000	-0.336547
chr14	54000000	54250000	-0.391282
chr14	54250000	54500000	0.0302897
chr14	54500000	54750000	0.248657
chr14	54750000	55000000	0.312289
chr14	55000000	55250000	0.371775
chr14	55250000	55500000	0.209709
chr14	55500000	55750000	0.133538
chr14	55750000	56000000	-0.110358
chr14	56000000	56250000	-0.267353
chr14	56250000	56500000	-0.227355
chr14	56500000	56750000	-0.271274
chr14	56750000	57000000	-0.293545
chr14	57000000	57250000	-0.228099
chr14	57250000	57500000	-0.174234
chr14	57500000	57750000	-0.47534
chr14	57750000	58000000	-0.409859
chr14	58000000	58250000	-0.168606
chr14	58250000	58500000	0.253512
chr14	58500000	58750000	0.279249
chr14	58750000	59000000	0.118293
chr14	59000000	59250000	0.133472
chr14	59250000	59500000	0.157956
chr14	59500000	59750000	-0.249926
chr14	59750000	60000000	-0.27821
chr14	60000000	60250000	-0.0539146
chr14	60250000	60500000	-0.107588
chr14	60500000	60750000	-0.0947963
chr14	60750000	61000000	0.031754
chr14	61000000	61250000	-0.0474417
chr14	61250000	61500000	-0.0102303
chr14	61500000	61750000	-0.0322446
chr14	61750000	62000000	-0.137733
chr14	62000000	62250000	-0.491028
chr14	62250000	62500000	-1.05688
chr14	62500000	62750000	-1.12549
chr14	62750000	63000000	-1.02972
chr14	63000000	63250000	-0.641179
chr14	63250000	63500000	-0.08157
chr14	63500000	63750000	0.276164
chr14	63750000	64000000	0.350022
chr14	64000000	64250000	0.342427
chr14	64250000	64500000	0.433206
chr14	64500000	64750000	0.379434
chr14	64750000	65000000	0.384328
chr14	65000000	65250000	0.437679
chr14	65250000	65500000	0.406416
chr14	65500000	65750000	0.335756
chr14	65750000	66000000	0.20911
chr14	66000000	66250000	0.0448266
chr14	66250000	66500000	0.146826
chr14	66500000	66750000	0.132431
chr14	66750000	67000000	0.138407
chr14	67000000	67250000	0.303202
chr14	67250000	67500000	0.393437
chr14	67500000	67750000	0.528656
chr14	67750000	68000000	0.551536
chr14	68000000	68250000	0.446766
chr14	68250000	68500000	0.505535
chr14	68500000	68750000	0.479569
chr14	68750000	69000000	0.526428
chr14	69000000	69250000	0.542137
chr14	69250000	69500000	0.554226
chr14	69500000	69750000	0.512871
chr14	69750000	70000000	0.458684
chr14	70000000	70250000	0.414552
chr14	70250000	70500000	0.423217
chr14	70500000	70750000	0.485414
chr14	70750000	71000000	0.505894
chr14	71000000	71250000	0.473194
chr14	71250000	71500000	0.433444
chr14	71500000	71750000	0.473357
chr14	71750000	72000000	0.446883
chr14	72000000	72250000	0.364894
chr14	72250000	72500000	0.431
chr14	72500000	72750000	0.430714
chr14	72750000	73000000	0.512821
chr14	73000000	73250000	0.605666
chr14	73250000	73500000	0.568147
chr14	73500000	73750000	0.575469
chr14	73750000	74000000	0.583384
chr14	74000000	74250000	0.567577
chr14	74250000	74500000	0.530793
chr14	74500000	74750000	0.574532
chr14	74750000	75000000	0.556347
chr14	75000000	75250000	0.578039
chr14	75250000	75500000	0.520181
chr14	75500000	75750000	0.539456
chr14	75750000	76000000	0.558897
chr14	76000000	76250000	0.492497
chr14	76250000	76500000	0.423401
chr14	76500000	76750000	0.467579
chr14	76750000	77000000	0.509163
chr14	77000000	77250000	0.499832
chr14	77250000	77500000	0.429798
chr14	77500000	77750000	0.408679
chr14	77750000	78000000	0.0281546
chr14	78000000	78250000	-0.172375
chr14	78250000	78500000	-0.119792
chr14	78500000	78750000	-0.295367
chr14	78750000	79000000	-0.507135
chr14	79000000	79250000	-0.762445
chr14	79250000	79500000	-0.745565
chr14	79500000	79750000	-0.858035
chr14	79750000	80000000	-0.912686
chr14	80000000	80250000	-0.881501
chr14	80250000	80500000	-0.654026
chr14	80500000	80750000	-0.336568
chr14	80750000	81000000	-0.361129
chr14	81000000	81250000	-0.273453
chr14	81250000	81500000	-0.310347
chr14	81500000	81750000	-0.605295
chr14	81750000	82000000	-0.77572
chr14	82000000	82250000	-0.818946
chr14	82250000	82500000	-0.911722
chr14	82500000	82750000	-0.911241
chr14	82750000	83000000	-0.737209
chr14	83000000	83250000	-0.687844
chr14	83250000	83500000	-0.895443
chr14	83500000	83750000	-0.897287
chr14	83750000	84000000	-0.849025
chr14	84000000	84250000	-0.895013
chr14	84250000	84500000	-0.91206
chr14	84500000	84750000	-1.04968
chr14	84750000	85000000	-1.0121
chr14	85000000	85250000	-0.995665
chr14	85250000	85500000	-1.06894
chr14	85500000	85750000	-0.909745
chr14	85750000	86000000	-1.09956
chr14	86000000	86250000	-1.11774
chr14	86250000	86500000	-1.17979
chr14	86500000	86750000	-1.15281
chr14	86750000	87000000	-1.22146
chr14	87000000	87250000	-1.20438
chr14	87250000	87500000	-1.09425
chr14	87500000	87750000	-1.08794
chr14	87750000	88000000	-0.575424
chr14	88000000	88250000	-0.477332
chr14	88250000	88500000	-0.430366
chr14	88500000	88750000	-0.146596
chr14	88750000	89000000	-0.227885
chr14	89000000	89250000	0.0642823
chr14	89250000	89500000	0.219091
chr14	89500000	89750000	0.116135
chr14	89750000	90000000	0.0201097
chr14	90000000	90250000	-0.0394116
chr14	90250000	90500000	0.0740046
chr14	90500000	90750000	0.11349
chr14	90750000	91000000	0.27679
chr14	91000000	91250000	0.359431
chr14	91250000	91500000	0.413301
chr14	91500000	91750000	0.184771
chr14	91750000	92000000	0.359507
chr14	92000000	92250000	0.389878
chr14	92250000	92500000	0.390031
chr14	92500000	92750000	0.434353
chr14	92750000	93000000	0.332857
chr14	93000000	93250000	0.347423
chr14	93250000	93500000	0.313465
chr14	93500000	93750000	0.194713
chr14	93750000	94000000	0.204523
chr14	94000000	94250000	0.164943
chr14	94250000	94500000	-0.019189
chr14	94500000	94750000	0.0218925
chr14	94750000	95000000	0.0498731
chr14	95000000	95250000	0.188949
chr14	95250000	95500000	0.296458
chr14	95500000	95750000	0.213147
chr14	95750000	96000000	0.0555804
chr14	96000000	96250000	0.101708
chr14	96250000	96500000	0.223806
chr14	96500000	96750000	0.0914477
chr14	96750000	97000000	-0.257757
chr14	97000000	97250000	-0.48641
chr14	97250000	97500000	-0.527575
chr14	97500000	97750000	-0.677154
chr14	97750000	98000000	-0.650593
chr14	98000000	98250000	-0.552191
chr14	98250000	98500000	-0.682641
chr14	98500000	98750000	-0.723611
chr14	98750000	99000000	-0.688824
chr14	99000000	99250000	-0.651511
chr14	99250000	99500000	-0.1103
chr14	99500000	99750000	0.216829
chr14	99750000	100000000	0.200041
chr14	100000000	100250000	0.354929
chr14	100250000	100500000	0.256253
chr14	100500000	100750000	0.0683226
chr14	100750000	101000000	-0.215485
chr14	101000000	101250000	-0.502952
chr14	101250000	101500000	-0.459732
chr14	101500000	101750000	-0.0921663
chr14	101750000	102000000	0.407741
chr14	102000000	102250000	0.557169
chr14	102250000	102500000	0.478345
chr14	102500000	102750000	0.508606
chr14	102750000	103000000	0.457712
chr14	103000000	103250000	0.457786
chr14	103250000	103500000	0.517232
chr14	103500000	103750000	0.477937
chr14	103750000	104000000	0.46328
chr14	104000000	104250000	0.308205
chr14	104250000	104500000	0.311096
chr14	104500000	104750000	0.37664
chr14	104750000	105000000	0.437636
chr14	105000000	105250000	0.521657
chr14	105250000	105500000	0.47433
chr14	105500000	105750000	0.340659
chr14	105750000	106000000	nan
chr14	106000000	106250000	nan
chr14	106250000	106500000	0.3598
chr14	106500000	106750000	0.334976
chr14	106750000	107000000	nan
chr14	107000000	107043718	nan
#bedGraph section chr15:0-101991189
chr15	0	250000	nan
chr15	250000	500000	nan
chr15	500000	750000	nan
chr15	750000	1000000	nan
chr15	1000000	1250000	nan
chr15	1250000	1500000	nan
chr15	1500000	1750000	nan
chr15	1750000	2000000	nan
chr15	2000000	2250000	nan
chr15	2250000	2500000	nan
chr15	2500000	2750000	nan
chr15	2750000	3000000	nan
chr15	3000000	3250000	nan
chr15	3250000	3500000	nan
chr15	3500000	3750000	nan
chr15	3750000	4000000	nan
chr15	4000000	4250000	nan
chr15	4250000	4500000	nan
chr15	4500000	4750000	nan
chr15	4750000	5000000	nan
chr15	5000000	5250000	nan
chr15	5250000	5500000	nan
chr15	5500000	5750000	nan
chr15	5750000	6000000	nan
chr15	6000000	6250000	nan
chr15	6250000	6500000	nan
chr15	6500000	6750000	nan
chr15	6750000	7000000	nan
chr15	7000000	7250000	nan
chr15	7250000	7500000	nan
chr15	7500000	7750000	nan
chr15	7750000	8000000	nan
chr15	8000000	8250000	nan
chr15	8250000	8500000	nan
chr15	8500000	8750000	nan
chr15	8750000	9000000	nan
chr15	9000000	9250000	nan
chr15	9250000	9500000	nan
chr15	9500000	9750000	nan
chr15	9750000	10000000	nan
chr15	10000000	10250000	nan
chr15	10250000	10500000	nan
chr15	10500000	10750000	nan
chr15	10750000	11000000	nan
chr15	11000000	11250000	nan
chr15	11250000	11500000	nan
chr15	11500000	11750000	nan
chr15	11750000	12000000	nan
chr15	12000000	12250000	nan
chr15	12250000	12500000	nan
chr15	12500000	12750000	nan
chr15	12750000	13000000	nan
chr15	13000000	13250000	nan
chr15	13250000	13500000	nan
chr15	13500000	13750000	nan
chr15	13750000	14000000	nan
chr15	14000000	14250000	nan
chr15	14250000	14500000	nan
chr15	14500000	14750000	nan
chr15	14750000	15000000	nan
chr15	15000000	15250000	nan
chr15	15250000	15500000	nan
chr15	15500000	15750000	nan
chr15	15750000	16000000	nan
chr15	16000000	16250000	nan
chr15	16250000	16500000	nan
chr15	16500000	16750000	nan
chr15	16750000	17000000	nan
chr15	17000000	17250000	nan
chr15	17250000	17500000	nan
chr15	17500000	17750000	nan
chr15	17750000	18000000	nan
chr15	18000000	18250000	nan
chr15	18250000	18500000	nan
chr15	18500000	18750000	nan
chr15	18750000	19000000	nan
chr15	19000000	19250000	nan
chr15	19250000	19500000	nan
chr15	19500000	19750000	nan
chr15	19750000	20000000	nan
chr15	20000000	20250000	nan
chr15	20250000	20500000	-1.14104
chr15	20500000	20750000	nan
chr15	20750000	21000000	nan
chr15	21000000	21250000	nan
chr15	21250000	21500000	nan
chr15	21500000	21750000	nan
chr15	21750000	22000000	nan
chr15	22000000	22250000	nan
chr15	22250000	22500000	nan
chr15	22500000	22750000	nan
chr15	22750000	23000000	-0.0943916
chr15	23000000	23250000	-0.460397
chr15	23250000	23500000	nan
chr15	23500000	23750000	-1.29418
chr15	23750000	24000000	-1.24136
chr15	24000000	24250000	-1.3101
chr15	24250000	24500000	-1.05894
chr15	24500000	24750000	-1.11183
chr15	24750000	25000000	-0.854815
chr15	25000000	25250000	-0.949687
chr15	25250000	25500000	-0.746188
chr15	25500000	25750000	-0.927659
chr15	25750000	26000000	-0.786997
chr15	26000000	26250000	-1.08925
chr15	26250000	26500000	-1.00408
chr15	26500000	26750000	-1.14625
chr15	26750000	27000000	-1.16116
chr15	27000000	27250000	-1.15853
chr15	27250000	27500000	-1.21752
chr15	27500000	27750000	-1.32482
chr15	27750000	28000000	-1.19265
chr15	28000000	28250000	-0.859038
chr15	28250000	28500000	nan
chr15	28500000	28750000	nan
chr15	28750000	29000000	-0.446841
chr15	29000000	29250000	-0.581457
chr15	29250000	29500000	-0.500704
chr15	29500000	29750000	-0.838477
chr15	29750000	30000000	-0.793211
chr15	30000000	30250000	nan
chr15	30250000	30500000	nan
chr15	30500000	30750000	nan
chr15	30750000	31000000	0.215191
chr15	31000000	31250000	0.227575
chr15	31250000	31500000	0.159499
chr15	31500000	31750000	-0.196084
chr15	31750000	32000000	-0.502501
chr15	32000000	32250000	-0.724964
chr15	32250000	32500000	nan
chr15	32500000	32750000	0.0238241
chr15	32750000	33000000	-0.0337937
chr15	33000000	33250000	-0.0551985
chr15	33250000	33500000	-0.167501
chr15	33500000	33750000	-0.251044
chr15	33750000	34000000	-0.0144545
chr15	34000000	34250000	0.133513
chr15	34250000	34500000	0.270017
chr15	34500000	34750000	0.00145099
chr15	34750000	35000000	-0.0215543
chr15	35000000	35250000	-0.253736
chr15	35250000	35500000	-0.291827
chr15	35500000	35750000	-0.345006
chr15	35750000	36000000	-0.665103
chr15	36000000	36250000	-0.881895
chr15	36250000	36500000	-0.476408
chr15	36500000	36750000	-0.240803
chr15	36750000	37000000	-0.267032
chr15	37000000	37250000	-0.456933
chr15	37250000	37500000	-1.24485
chr15	37500000	37750000	-1.15955
chr15	37750000	38000000	-0.619963
chr15	38000000	38250000	-0.048678
chr15	38250000	38500000	-0.0609267
chr15	38500000	38750000	-0.0931807
chr15	38750000	39000000	-0.328451
chr15	39000000	39250000	-0.110879
chr15	39250000	39500000	-0.0804665
chr15	39500000	39750000	0.0429727
chr15	39750000	40000000	0.230157
chr15	40000000	40250000	0.393085
chr15	40250000	40500000	0.387107
chr15	40500000	40750000	0.523293
chr15	40750000	41000000	0.490287
chr15	41000000	41250000	0.574009
chr15	41250000	41500000	0.541597
chr15	41500000	41750000	0.455827
chr15	41750000	42000000	0.520153
chr15	42000000	42250000	0.517258
chr15	42250000	42500000	0.425156
chr15	42500000	42750000	0.528482
chr15	42750000	43000000	0.477812
chr15	43000000	43250000	0.499823
chr15	43250000	43500000	0.481809
chr15	43500000	43750000	nan
chr15	43750000	44000000	0.446493
chr15	44000000	44250000	0.372291
chr15	44250000	44500000	0.403275
chr15	44500000	44750000	0.433023
chr15	44750000	45000000	0.333798
chr15	45000000	45250000	0.146114
chr15	45250000	45500000	0.0168966
chr15	45500000	45750000	-0.335262
chr15	45750000	46000000	-1.6512
chr15	46000000	46250000	-1.59116
chr15	46250000	46500000	-1.59581
chr15	46500000	46750000	-1.41989
chr15	46750000	47000000	-1.42366
chr15	47000000	47250000	-1.41149
chr15	47250000	47500000	-1.45565
chr15	47500000	47750000	-1.49462
chr15	47750000	48000000	-1.14772
chr15	48000000	48250000	-0.789539
chr15	48250000	48500000	-0.420813
chr15	48500000	48750000	-0.058833
chr15	48750000	49000000	-0.149079
chr15	49000000	49250000	-0.126981
chr15	49250000	49500000	-0.345026
chr15	49500000	49750000	-0.643493
chr15	49750000	50000000	-0.617003
chr15	50000000	50250000	-0.268356
chr15	50250000	50500000	0.0964335
chr15	50500000	50750000	0.314654
chr15	50750000	51000000	0.181322
chr15	51000000	51250000	0.00430666
chr15	51250000	51500000	0.115701
chr15	51500000	51750000	0.115332
chr15	51750000	52000000	0.269125
chr15	52000000	52250000	0.277684
chr15	52250000	52500000	0.220054
chr15	52500000	52750000	0.115031
chr15	52750000	53000000	-0.394021
chr15	53000000	53250000	-0.645305
chr15	53250000	53500000	-0.817913
chr15	53500000	53750000	-0.744285
chr15	53750000	54000000	-0.644431
chr15	54000000	54250000	-0.397465
chr15	54250000	54500000	-0.240776
chr15	54500000	54750000	-0.378205
chr15	54750000	55000000	-0.434154
chr15	55000000	55250000	-0.324081
chr15	55250000	55500000	-0.033809
chr15	55500000	55750000	-0.23132
chr15	55750000	56000000	-0.314232
chr15	56000000	56250000	-0.193564
chr15	56250000	56500000	-0.137767
chr15	56500000	56750000	-0.062751
chr15	56750000	57000000	0.085149
chr15	57000000	57250000	0.182597
chr15	57250000	57500000	0.0882289
chr15	57500000	57750000	-0.0231987
chr15	57750000	58000000	-0.174875
chr15	58000000	58250000	0.0408742
chr15	58250000	58500000	0.190046
chr15	58500000	58750000	0.216192
chr15	58750000	59000000	0.338966
chr15	59000000	59250000	0.297456
chr15	59250000	59500000	0.26583
chr15	59500000	59750000	0.306577
chr15	59750000	60000000	-0.108214
chr15	60000000	60250000	-0.0484315
chr15	60250000	60500000	0.221667
chr15	60500000	60750000	0.148745
chr15	60750000	61000000	0.0694052
chr15	61000000	61250000	-0.140554
chr15	61250000	61500000	-0.330784
chr15	61500000	61750000	-0.119535
chr15	61750000	62000000	0.127539
chr15	62000000	62250000	0.0834543
chr15	62250000	62500000	0.0587023
chr15	62500000	62750000	-0.0195393
chr15	62750000	63000000	0.122794
chr15	63000000	63250000	0.262436
chr15	63250000	63500000	0.430166
chr15	63500000	63750000	0.366384
chr15	63750000	64000000	0.430722
chr15	64000000	64250000	0.421905
chr15	64250000	64500000	0.512262
chr15	64500000	64750000	0.435103
chr15	64750000	65000000	0.474133
chr15	65000000	65250000	0.476357
chr15	65250000	65500000	0.451707
chr15	65500000	65750000	0.476426
chr15	65750000	66000000	0.440872
chr15	66000000	66250000	0.349608
chr15	66250000	66500000	0.429332
chr15	66500000	66750000	0.40809
chr15	66750000	67000000	0.357745
chr15	67000000	67250000	0.434191
chr15	67250000	67500000	0.350369
chr15	67500000	67750000	0.412116
chr15	67750000	68000000	0.374731
chr15	68000000	68250000	0.385694
chr15	68250000	68500000	0.293495
chr15	68500000	68750000	0.24022
chr15	68750000	69000000	0.261217
chr15	69000000	69250000	0.270203
chr15	69250000	69500000	0.2783
chr15	69500000	69750000	0.142484
chr15	69750000	70000000	0.15659
chr15	70000000	70250000	0.261101
chr15	70250000	70500000	0.189262
chr15	70500000	70750000	0.199152
chr15	70750000	71000000	-0.140628
chr15	71000000	71250000	-0.333269
chr15	71250000	71500000	-0.316277
chr15	71500000	71750000	-0.0800497
chr15	71750000	72000000	0.169119
chr15	72000000	72250000	0.286919
chr15	72250000	72500000	0.34474
chr15	72500000	72750000	0.373341
chr15	72750000	73000000	0.171208
chr15	73000000	73250000	0.101565
chr15	73250000	73500000	0.167545
chr15	73500000	73750000	0.238601
chr15	73750000	74000000	0.312888
chr15	74000000	74250000	0.408849
chr15	74250000	74500000	0.368595
chr15	74500000	74750000	0.480952
chr15	74750000	75000000	0.506455
chr15	75000000	75250000	0.414448
chr15	75250000	75500000	0.47708
chr15	75500000	75750000	0.484475
chr15	75750000	76000000	0.437113
chr15	76000000	76250000	0.313027
chr15	76250000	76500000	0.299748
chr15	76500000	76750000	0.199684
chr15	76750000	77000000	0.325624
chr15	77000000	77250000	0.418707
chr15	77250000	77500000	0.418191
chr15	77500000	77750000	0.293082
chr15	77750000	78000000	0.425965
chr15	78000000	78250000	0.417126
chr15	78250000	78500000	0.448515
chr15	78500000	78750000	0.483993
chr15	78750000	79000000	0.421066
chr15	79000000	79250000	0.250249
chr15	79250000	79500000	0.0915916
chr15	79500000	79750000	0.000627005
chr15	79750000	80000000	0.185536
chr15	80000000	80250000	0.281969
chr15	80250000	80500000	0.0515288
chr15	80500000	80750000	0.0956412
chr15	80750000	81000000	0.11823
chr15	81000000	81250000	0.0654338
chr15	81250000	81500000	-0.0387099
chr15	81500000	81750000	-0.425178
chr15	81750000	82000000	-0.370408
chr15	82000000	82250000	0.0780885
chr15	82250000	82500000	0.249776
chr15	82500000	82750000	0.177457
chr15	82750000	83000000	0.2833
chr15	83000000	83250000	0.256114
chr15	83250000	83500000	-0.0331957
chr15	83500000	83750000	-0.157209
chr15	83750000	84000000	-0.0351259
chr15	84000000	84250000	-0.0143838
chr15	84250000	84500000	nan
chr15	84500000	84750000	0.329858
chr15	84750000	85000000	0.328815
chr15	85000000	85250000	0.15055
chr15	85250000	85500000	0.142201
chr15	85500000	85750000	0.0239669
chr15	85750000	86000000	-0.469641
chr15	86000000	86250000	-0.96823
chr15	86250000	86500000	-1.22521
chr15	86500000	86750000	-1.28318
chr15	86750000	87000000	-1.30054
chr15	87000000	87250000	-1.40094
chr15	87250000	87500000	-1.44541
chr15	87500000	87750000	-1.39905
chr15	87750000	88000000	-1.17769
chr15	88000000	88250000	-0.84552
chr15	88250000	88500000	-0.543553
chr15	88500000	88750000	-0.00235809
chr15	88750000	89000000	0.0592132
chr15	89000000	89250000	0.18448
chr15	89250000	89500000	0.34756
chr15	89500000	89750000	0.342333
chr15	89750000	90000000	0.457486
chr15	90000000	90250000	0.502058
chr15	90250000	90500000	0.454801
chr15	90500000	90750000	0.42844
chr15	90750000	91000000	0.44663
chr15	91000000	91250000	0.0681195
chr15	91250000	91500000	-0.134593
chr15	91500000	91750000	-0.265383
chr15	91750000	92000000	-0.0251721
chr15	92000000	92250000	0.0140901
chr15	92250000	92500000	-0.327352
chr15	92500000	92750000	0.0212014
chr15	92750000	93000000	0.162649
chr15	93000000	93250000	-0.269098
chr15	93250000	93500000	-0.571085
chr15	93500000	93750000	-0.725884
chr15	93750000	94000000	-0.714743
chr15	94000000	94250000	-0.464245
chr15	94250000	94500000	-0.311398
chr15	94500000	94750000	-0.731389
chr15	94750000	95000000	-0.894689
chr15	95000000	95250000	-0.722135
chr15	95250000	95500000	-0.106231
chr15	95500000	95750000	-0.117703
chr15	95750000	96000000	-0.185556
chr15	96000000	96250000	-0.145086
chr15	96250000	96500000	-0.347528
chr15	96500000	96750000	-0.618658
chr15	96750000	97000000	-0.534585
chr15	97000000	97250000	-0.629834
chr15	97250000	97500000	-1.10141
chr15	97500000	97750000	-1.25554
chr15	97750000	98000000	-1.09516
chr15	98000000	98250000	-1.18129
chr15	98250000	98500000	-0.856576
chr15	98500000	98750000	-0.30102
chr15	98750000	99000000	-0.0531566
chr15	99000000	99250000	0.0351243
chr15	99250000	99500000	0.0819356
chr15	99500000	99750000	0.174323
chr15	99750000	100000000	-0.335839
chr15	100000000	100250000	-1.00855
chr15	100250000	100500000	-0.896998
chr15	100500000	100750000	-0.354799
chr15	100750000	101000000	-0.215393
chr15	101000000	101250000	0.00557167
chr15	101250000	101500000	-0.182127
chr15	101500000	101750000	-0.0956105
chr15	101750000	101991189	nan
#bedGraph section chr16:0-90338345
chr16	0	250000	0.368006
chr16	250000	500000	0.349046
chr16	500000	750000	0.368024
chr16	750000	1000000	0.0862786
chr16	1000000	1250000	0.00748877
chr16	1250000	1500000	0.326358
chr16	1500000	1750000	0.357844
chr16	1750000	2000000	0.460157
chr16	2000000	2250000	0.448002
chr16	2250000	2500000	0.465159
chr16	2500000	2750000	0.465863
chr16	2750000	3000000	0.446089
chr16	3000000	3250000	0.459969
chr16	3250000	3500000	0.369669
chr16	3500000	3750000	0.384374
chr16	3750000	4000000	0.360028
chr16	4000000	4250000	0.366698
chr16	4250000	4500000	0.327295
chr16	4500000	4750000	0.268341
chr16	4750000	5000000	0.121864
chr16	5000000	5250000	-0.410282
chr16	5250000	5500000	-0.912851
chr16	5500000	5750000	-0.926624
chr16	5750000	6000000	-1.11461
chr16	6000000	6250000	-1.11975
chr16	6250000	6500000	-1.01684
chr16	6500000	6750000	-0.885284
chr16	6750000	7000000	-1.00601
chr16	7000000	7250000	-1.03251
chr16	7250000	7500000	-1.04599
chr16	7500000	7750000	-1.10107
chr16	7750000	8000000	-1.12737
chr16	8000000	8250000	-1.15844
chr16	8250000	8500000	-1.01953
chr16	8500000	8750000	-0.246228
chr16	8750000	9000000	0.0526904
chr16	9000000	9250000	0.133322
chr16	9250000	9500000	-0.203373
chr16	9500000	9750000	-0.101223
chr16	9750000	10000000	-0.0185781
chr16	10000000	10250000	0.0407592
chr16	10250000	10500000	0.253191
chr16	10500000	10750000	0.214004
chr16	10750000	11000000	0.328482
chr16	11000000	11250000	0.275921
chr16	11250000	11500000	0.326148
chr16	11500000	11750000	0.401561
chr16	11750000	12000000	0.339576
chr16	12000000	12250000	0.310817
chr16	12250000	12500000	0.0798992
chr16	12500000	12750000	0.096018
chr16	12750000	13000000	-0.132766
chr16	13000000	13250000	-0.111253
chr16	13250000	13500000	-0.148214
chr16	13500000	13750000	-0.130258
chr16	13750000	14000000	0.0585112
chr16	14000000	14250000	0.300615
chr16	14250000	14500000	0.355631
chr16	14500000	14750000	0.361982
chr16	14750000	15000000	nan
chr16	15000000	15250000	0.42365
chr16	15250000	15500000	0.31207
chr16	15500000	15750000	0.417702
chr16	15750000	16000000	0.414328
chr16	16000000	16250000	0.33795
chr16	16250000	16500000	nan
chr16	16500000	16750000	nan
chr16	16750000	17000000	0.0465828
chr16	17000000	17250000	0.091896
chr16	17250000	17500000	0.224979
chr16	17500000	17750000	-0.101098
chr16	17750000	18000000	-0.128122
chr16	18000000	18250000	nan
chr16	18250000	18500000	nan
chr16	18500000	18750000	nan
chr16	18750000	19000000	0.417231
chr16	19000000	19250000	0.362959
chr16	19250000	19500000	0.195216
chr16	19500000	19750000	0.154279
chr16	19750000	20000000	0.119212
chr16	20000000	20250000	-0.0247042
chr16	20250000	20500000	-0.0681304
chr16	20500000	20750000	0.106911
chr16	20750000	21000000	0.351616
chr16	21000000	21250000	0.424212
chr16	21250000	21500000	nan
chr16	21500000	21750000	0.511859
chr16	21750000	22000000	nan
chr16	22000000	22250000	0.533999
chr16	22250000	22500000	0.525631
chr16	22500000	22750000	0.383533
chr16	22750000	23000000	0.257383
chr16	23000000	23250000	0.375441
chr16	23250000	23500000	0.513291
chr16	23500000	23750000	0.405539
chr16	23750000	24000000	0.3168
chr16	24000000	24250000	0.248579
chr16	24250000	24500000	0.188541
chr16	24500000	24750000	0.31608
chr16	24750000	25000000	0.197547
chr16	25000000	25250000	0.289218
chr16	25250000	25500000	-0.232703
chr16	25500000	25750000	-0.384176
chr16	25750000	26000000	-0.630894
chr16	26000000	26250000	-0.777743
chr16	26250000	26500000	-0.726154
chr16	26500000	26750000	-0.557674
chr16	26750000	27000000	-0.338082
chr16	27000000	27250000	-0.00614826
chr16	27250000	27500000	0.188669
chr16	27500000	27750000	0.145238
chr16	27750000	28000000	0.0485335
chr16	28000000	28250000	0.240417
chr16	28250000	28500000	0.454497
chr16	28500000	28750000	0.476985
chr16	28750000	29000000	0.520479
chr16	29000000	29250000	0.525845
chr16	29250000	29500000	nan
chr16	29500000	29750000	0.559202
chr16	29750000	30000000	0.592943
chr16	30000000	30250000	0.524888
chr16	30250000	30500000	0.527607
chr16	30500000	30750000	0.525529
chr16	30750000	31000000	0.416603
chr16	31000000	31250000	0.211393
chr16	31250000	31500000	0.0669096
chr16	31500000	31750000	-0.416858
chr16	31750000	32000000	-0.527884
chr16	32000000	32250000	nan
chr16	32250000	32500000	nan
chr16	32500000	32750000	nan
chr16	32750000	33000000	nan
chr16	33000000	33250000	nan
chr16	33250000	33500000	nan
chr16	33500000	33750000	nan
chr16	33750000	34000000	nan
chr16	34000000	34250000	-0.509355
chr16	34250000	34500000	nan
chr16	34500000	34750000	-0.641785
chr16	34750000	35000000	nan
chr16	35000000	35250000	nan
chr16	35250000	35500000	-1.24914
chr16	35500000	35750000	-0.942634
chr16	35750000	36000000	-1.08599
chr16	36000000	36250000	-0.783738
chr16	36250000	36500000	nan
chr16	36500000	36750000	nan
chr16	36750000	37000000	nan
chr16	37000000	37250000	nan
chr16	37250000	37500000	nan
chr16	37500000	37750000	nan
chr16	37750000	38000000	nan
chr16	38000000	38250000	nan
chr16	38250000	38500000	nan
chr16	38500000	38750000	nan
chr16	38750000	39000000	nan
chr16	39000000	39250000	nan
chr16	39250000	39500000	nan
chr16	39500000	39750000	nan
chr16	39750000	40000000	nan
chr16	40000000	40250000	nan
chr16	40250000	40500000	nan
chr16	40500000	40750000	nan
chr16	40750000	41000000	nan
chr16	41000000	41250000	nan
chr16	41250000	41500000	nan
chr16	41500000	41750000	nan
chr16	41750000	42000000	nan
chr16	42000000	42250000	nan
chr16	42250000	42500000	nan
chr16	42500000	42750000	nan
chr16	42750000	43000000	nan
chr16	43000000	43250000	nan
chr16	43250000	43500000	nan
chr16	43500000	43750000	nan
chr16	43750000	44000000	nan
chr16	44000000	44250000	nan
chr16	44250000	44500000	nan
chr16	44500000	44750000	nan
chr16	44750000	45000000	nan
chr16	45000000	45250000	nan
chr16	45250000	45500000	nan
chr16	45500000	45750000	nan
chr16	45750000	46000000	nan
chr16	46000000	46250000	nan
chr16	46250000	46500000	-0.805278
chr16	46500000	46750000	-0.441134
chr16	46750000	47000000	0.034551
chr16	47000000	47250000	-0.118265
chr16	47250000	47500000	-0.109278
chr16	47500000	47750000	-0.108326
chr16	47750000	48000000	-0.363175
chr16	48000000	48250000	-0.189955
chr16	48250000	48500000	-0.0131993
chr16	48500000	48750000	-0.233547
chr16	48750000	49000000	-0.582131
chr16	49000000	49250000	-0.787545
chr16	49250000	49500000	-0.420202
chr16	49500000	49750000	-0.414194
chr16	49750000	50000000	-0.271029
chr16	50000000	50250000	0.172341
chr16	50250000	50500000	0.028377
chr16	50500000	50750000	-0.0174883
chr16	50750000	51000000	-0.416527
chr16	51000000	51250000	-0.854572
chr16	51250000	51500000	-0.980138
chr16	51500000	51750000	-0.827833
chr16	51750000	52000000	-1.06924
chr16	52000000	52250000	-1.0814
chr16	52250000	52500000	-1.02245
chr16	52500000	52750000	-0.968919
chr16	52750000	53000000	-0.70797
chr16	53000000	53250000	-0.174972
chr16	53250000	53500000	-0.159847
chr16	53500000	53750000	-0.193782
chr16	53750000	54000000	-0.334395
chr16	54000000	54250000	-0.61128
chr16	54250000	54500000	-0.872415
chr16	54500000	54750000	-1.12635
chr16	54750000	55000000	-1.06816
chr16	55000000	55250000	-0.981355
chr16	55250000	55500000	-0.860895
chr16	55500000	55750000	-0.770223
chr16	55750000	56000000	-0.753419
chr16	56000000	56250000	-0.395822
chr16	56250000	56500000	-0.0932991
chr16	56500000	56750000	0.297364
chr16	56750000	57000000	0.423516
chr16	57000000	57250000	0.427423
chr16	57250000	57500000	0.51153
chr16	57500000	57750000	0.328986
chr16	57750000	58000000	0.216506
chr16	58000000	58250000	0.197489
chr16	58250000	58500000	-0.0644445
chr16	58500000	58750000	-0.113826
chr16	58750000	59000000	-0.776882
chr16	59000000	59250000	-1.02787
chr16	59250000	59500000	-1.01866
chr16	59500000	59750000	-1.07033
chr16	59750000	60000000	-1.03475
chr16	60000000	60250000	-1.08344
chr16	60250000	60500000	-1.01769
chr16	60500000	60750000	-1.01799
chr16	60750000	61000000	-0.951362
chr16	61000000	61250000	-0.935319
chr16	61250000	61500000	-0.898659
chr16	61500000	61750000	-0.876386
chr16	61750000	62000000	-0.805369
chr16	62000000	62250000	-0.992763
chr16	62250000	62500000	-0.848314
chr16	62500000	62750000	-0.854016
chr16	62750000	63000000	-0.802755
chr16	63000000	63250000	-0.858352
chr16	63250000	63500000	-0.904682
chr16	63500000	63750000	-0.848851
chr16	63750000	64000000	-0.822144
chr16	64000000	64250000	-0.868963
chr16	64250000	64500000	-0.829466
chr16	64500000	64750000	-0.94313
chr16	64750000	65000000	-0.966784
chr16	65000000	65250000	-1.08872
chr16	65250000	65500000	-1.13123
chr16	65500000	65750000	-1.2213
chr16	65750000	66000000	-1.03424
chr16	66000000	66250000	-0.829842
chr16	66250000	66500000	-0.241997
chr16	66500000	66750000	0.223195
chr16	66750000	67000000	0.478509
chr16	67000000	67250000	0.561558
chr16	67250000	67500000	0.525354
chr16	67500000	67750000	0.584389
chr16	67750000	68000000	0.576576
chr16	68000000	68250000	0.550491
chr16	68250000	68500000	0.498429
chr16	68500000	68750000	0.449476
chr16	68750000	69000000	0.51053
chr16	69000000	69250000	0.54131
chr16	69250000	69500000	0.488625
chr16	69500000	69750000	0.526183
chr16	69750000	70000000	0.476434
chr16	70000000	70250000	0.462299
chr16	70250000	70500000	0.420006
chr16	70500000	70750000	0.293962
chr16	70750000	71000000	nan
chr16	71000000	71250000	nan
chr16	71250000	71500000	0.0618542
chr16	71500000	71750000	0.251125
chr16	71750000	72000000	0.26835
chr16	72000000	72250000	-0.040352
chr16	72250000	72500000	-0.122982
chr16	72500000	72750000	-0.0304025
chr16	72750000	73000000	-0.125218
chr16	73000000	73250000	-0.170313
chr16	73250000	73500000	-0.452055
chr16	73500000	73750000	-0.588406
chr16	73750000	74000000	-0.573161
chr16	74000000	74250000	-0.365746
chr16	74250000	74500000	0.0602328
chr16	74500000	74750000	0.21815
chr16	74750000	75000000	0.176835
chr16	75000000	75250000	0.182469
chr16	75250000	75500000	0.127855
chr16	75500000	75750000	-0.0428818
chr16	75750000	76000000	-0.559435
chr16	76000000	76250000	-0.653913
chr16	76250000	76500000	-0.641118
chr16	76500000	76750000	-0.677132
chr16	76750000	77000000	-0.696317
chr16	77000000	77250000	-0.511284
chr16	77250000	77500000	-0.68695
chr16	77500000	77750000	-0.741654
chr16	77750000	78000000	-0.674632
chr16	78000000	78250000	-0.660568
chr16	78250000	78500000	-0.697953
chr16	78500000	78750000	-0.693312
chr16	78750000	79000000	-0.593965
chr16	79000000	79250000	-0.807573
chr16	79250000	79500000	-0.672413
chr16	79500000	79750000	-1.05401
chr16	79750000	80000000	-1.10054
chr16	80000000	80250000	-1.21815
chr16	80250000	80500000	-1.08048
chr16	80500000	80750000	-0.90353
chr16	80750000	81000000	-0.390635
chr16	81000000	81250000	-0.061837
chr16	81250000	81500000	0.00959776
chr16	81500000	81750000	0.0912967
chr16	81750000	82000000	-0.057232
chr16	82000000	82250000	-0.434057
chr16	82250000	82500000	-0.62535
chr16	82500000	82750000	-0.492826
chr16	82750000	83000000	-0.793618
chr16	83000000	83250000	-0.899421
chr16	83250000	83500000	-0.86214
chr16	83500000	83750000	-0.767136
chr16	83750000	84000000	-0.210905
chr16	84000000	84250000	0.0586309
chr16	84250000	84500000	0.0598423
chr16	84500000	84750000	0.230915
chr16	84750000	85000000	0.254879
chr16	85000000	85250000	0.347293
chr16	85250000	85500000	0.290009
chr16	85500000	85750000	0.288871
chr16	85750000	86000000	0.342692
chr16	86000000	86250000	0.152211
chr16	86250000	86500000	-0.0561137
chr16	86500000	86750000	-0.18962
chr16	86750000	87000000	-0.238914
chr16	87000000	87250000	-0.211879
chr16	87250000	87500000	0.24921
chr16	87500000	87750000	0.249753
chr16	87750000	88000000	0.4266
chr16	88000000	88250000	0.269963
chr16	88250000	88500000	0.268281
chr16	88500000	88750000	0.421727
chr16	88750000	89000000	0.439446
chr16	89000000	89250000	0.414273
chr16	89250000	89500000	0.414323
chr16	89500000	89750000	0.510858
chr16	89750000	90000000	0.496176
chr16	90000000	90250000	nan
chr16	90250000	90338345	nan
#bedGraph section chr17:0-83257441
chr17	0	250000	nan
chr17	250000	500000	0.0101485
chr17	500000	750000	0.162043
chr17	750000	1000000	0.081982
chr17	1000000	1250000	0.293536
chr17	1250000	1500000	0.346299
chr17	1500000	1750000	0.372572
chr17	1750000	2000000	0.350863
chr17	2000000	2250000	0.365494
chr17	2250000	2500000	0.281218
chr17	2500000	2750000	0.26628
chr17	2750000	3000000	0.106788
chr17	3000000	3250000	-0.160033
chr17	3250000	3500000	-0.214949
chr17	3500000	3750000	0.211934
chr17	3750000	4000000	0.344696
chr17	4000000	4250000	0.465116
chr17	4250000	4500000	0.358769
chr17	4500000	4750000	0.360243
chr17	4750000	5000000	0.38872
chr17	5000000	5250000	0.322228
chr17	5250000	5500000	0.34092
chr17	5500000	5750000	-0.0150938
chr17	5750000	6000000	-0.212258
chr17	6000000	6250000	-0.160062
chr17	6250000	6500000	-0.0811806
chr17	6500000	6750000	0.146177
chr17	6750000	7000000	0.204882
chr17	7000000	7250000	0.338896
chr17	7250000	7500000	0.418262
chr17	7500000	7750000	0.381171
chr17	7750000	8000000	0.449397
chr17	8000000	8250000	0.503175
chr17	8250000	8500000	0.288486
chr17	8500000	8750000	0.115755
chr17	8750000	9000000	0.14644
chr17	9000000	9250000	-0.0282991
chr17	9250000	9500000	-0.040595
chr17	9500000	9750000	-0.20081
chr17	9750000	10000000	-0.484007
chr17	10000000	10250000	-0.320452
chr17	10250000	10500000	-0.543605
chr17	10500000	10750000	-0.753357
chr17	10750000	11000000	-1.20934
chr17	11000000	11250000	-1.49959
chr17	11250000	11500000	-1.35896
chr17	11500000	11750000	-1.48628
chr17	11750000	12000000	-1.18774
chr17	12000000	12250000	-0.778586
chr17	12250000	12500000	-0.732053
chr17	12500000	12750000	-0.796171
chr17	12750000	13000000	-1.00343
chr17	13000000	13250000	-1.13707
chr17	13250000	13500000	-1.44863
chr17	13500000	13750000	-1.40344
chr17	13750000	14000000	-1.21799
chr17	14000000	14250000	-0.775827
chr17	14250000	14500000	-1.08361
chr17	14500000	14750000	-1.35045
chr17	14750000	15000000	-1.49675
chr17	15000000	15250000	-1.46073
chr17	15250000	15500000	-1.12127
chr17	15500000	15750000	-0.575392
chr17	15750000	16000000	-0.272437
chr17	16000000	16250000	0.0136947
chr17	16250000	16500000	0.0689362
chr17	16500000	16750000	-0.0564217
chr17	16750000	17000000	0.0931845
chr17	17000000	17250000	0.199828
chr17	17250000	17500000	0.287468
chr17	17500000	17750000	0.190519
chr17	17750000	18000000	0.234071
chr17	18000000	18250000	0.299329
chr17	18250000	18500000	0.221392
chr17	18500000	18750000	nan
chr17	18750000	19000000	0.28138
chr17	19000000	19250000	nan
chr17	19250000	19500000	0.0514707
chr17	19500000	19750000	-0.0902586
chr17	19750000	20000000	-0.0583808
chr17	20000000	20250000	-0.222122
chr17	20250000	20500000	nan
chr17	20500000	20750000	-0.364054
chr17	20750000	21000000	-0.548702
chr17	21000000	21250000	-0.523676
chr17	21250000	21500000	-0.967822
chr17	21500000	21750000	-1.98233
chr17	21750000	22000000	-0.804061
chr17	22000000	22250000	-1.51298
chr17	22250000	22500000	nan
chr17	22500000	22750000	nan
chr17	22750000	23000000	nan
chr17	23000000	23250000	nan
chr17	23250000	23500000	nan
chr17	23500000	23750000	nan
chr17	23750000	24000000	nan
chr17	24000000	24250000	nan
chr17	24250000	24500000	nan
chr17	24500000	24750000	nan
chr17	24750000	25000000	nan
chr17	25000000	25250000	nan
chr17	25250000	25500000	nan
chr17	25500000	25750000	nan
chr17	25750000	26000000	nan
chr17	26000000	26250000	nan
chr17	26250000	26500000	nan
chr17	26500000	26750000	-1.71911
chr17	26750000	27000000	-1.21267
chr17	27000000	27250000	-1.36817
chr17	27250000	27500000	-0.574564
chr17	27500000	27750000	-0.587087
chr17	27750000	28000000	-0.285111
chr17	28000000	28250000	-0.0683411
chr17	28250000	28500000	0.1955
chr17	28500000	28750000	0.377521
chr17	28750000	29000000	0.497314
chr17	29000000	29250000	0.407547
chr17	29250000	29500000	0.476286
chr17	29500000	29750000	0.416492
chr17	29750000	30000000	0.355018
chr17	30000000	30250000	0.40318
chr17	30250000	30500000	0.4684
chr17	30500000	30750000	0.458821
chr17	30750000	31000000	0.50795
chr17	31000000	31250000	0.444329
chr17	31250000	31500000	0.361188
chr17	31500000	31750000	0.330284
chr17	31750000	32000000	0.410681
chr17	32000000	32250000	0.37488
chr17	32250000	32500000	0.286792
chr17	32500000	32750000	0.249654
chr17	32750000	33000000	0.0814959
chr17	33000000	33250000	-0.231311
chr17	33250000	33500000	-0.265827
chr17	33500000	33750000	-0.183548
chr17	33750000	34000000	-0.307568
chr17	34000000	34250000	-0.358657
chr17	34250000	34500000	-0.172562
chr17	34500000	34750000	-0.0824632
chr17	34750000	35000000	-0.0731743
chr17	35000000	35250000	0.18485
chr17	35250000	35500000	0.181634
chr17	35500000	35750000	0.246673
chr17	35750000	36000000	0.346917
chr17	36000000	36250000	0.311607
chr17	36250000	36500000	nan
chr17	36500000	36750000	0.334025
chr17	36750000	37000000	0.232373
chr17	37000000	37250000	0.303843
chr17	37250000	37500000	0.442183
chr17	37500000	37750000	0.408454
chr17	37750000	38000000	0.361313
chr17	38000000	38250000	nan
chr17	38250000	38500000	0.382318
chr17	38500000	38750000	0.418871
chr17	38750000	39000000	0.460396
chr17	39000000	39250000	0.386993
chr17	39250000	39500000	0.434225
chr17	39500000	39750000	0.350129
chr17	39750000	40000000	0.377696
chr17	40000000	40250000	0.364451
chr17	40250000	40500000	0.30584
chr17	40500000	40750000	0.331084
chr17	40750000	41000000	0.111145
chr17	41000000	41250000	0.0779663
chr17	41250000	41500000	0.037243
chr17	41500000	41750000	0.223566
chr17	41750000	42000000	0.370601
chr17	42000000	42250000	0.403924
chr17	42250000	42500000	0.401518
chr17	42500000	42750000	0.359469
chr17	42750000	43000000	0.372883
chr17	43000000	43250000	0.259168
chr17	43250000	43500000	0.0986282
chr17	43500000	43750000	0.224864
chr17	43750000	44000000	0.343102
chr17	44000000	44250000	0.348197
chr17	44250000	44500000	0.347036
chr17	44500000	44750000	0.389262
chr17	44750000	45000000	0.346173
chr17	45000000	45250000	0.355989
chr17	45250000	45500000	0.374909
chr17	45500000	45750000	0.312985
chr17	45750000	46000000	0.263317
chr17	46000000	46250000	0.313033
chr17	46250000	46500000	nan
chr17	46500000	46750000	nan
chr17	46750000	47000000	0.255981
chr17	47000000	47250000	0.40884
chr17	47250000	47500000	0.348735
chr17	47500000	47750000	0.464324
chr17	47750000	48000000	0.35828
chr17	48000000	48250000	0.396361
chr17	48250000	48500000	0.321216
chr17	48500000	48750000	0.376436
chr17	48750000	49000000	0.387164
chr17	49000000	49250000	0.378854
chr17	49250000	49500000	0.395493
chr17	49500000	49750000	0.420429
chr17	49750000	50000000	0.347051
chr17	50000000	50250000	0.327615
chr17	50250000	50500000	0.327578
chr17	50500000	50750000	0.198018
chr17	50750000	51000000	0.121474
chr17	51000000	51250000	0.0444402
chr17	51250000	51500000	-0.766779
chr17	51500000	51750000	-1.22794
chr17	51750000	52000000	-1.35
chr17	52000000	52250000	-1.36498
chr17	52250000	52500000	-1.44175
chr17	52500000	52750000	-1.37211
chr17	52750000	53000000	-1.46147
chr17	53000000	53250000	-1.40798
chr17	53250000	53500000	-1.37046
chr17	53500000	53750000	-1.24126
chr17	53750000	54000000	-1.36363
chr17	54000000	54250000	-1.35828
chr17	54250000	54500000	-1.49324
chr17	54500000	54750000	-1.51028
chr17	54750000	55000000	-1.17125
chr17	55000000	55250000	-0.535707
chr17	55250000	55500000	-0.491277
chr17	55500000	55750000	-0.570771
chr17	55750000	56000000	-0.732858
chr17	56000000	56250000	-0.878402
chr17	56250000	56500000	-0.780495
chr17	56500000	56750000	-0.529691
chr17	56750000	57000000	-0.0938246
chr17	57000000	57250000	0.0142816
chr17	57250000	57500000	0.130153
chr17	57500000	57750000	-0.0142286
chr17	57750000	58000000	0.226809
chr17	58000000	58250000	0.257287
chr17	58250000	58500000	0.247768
chr17	58500000	58750000	0.397749
chr17	58750000	59000000	0.261356
chr17	59000000	59250000	0.269489
chr17	59250000	59500000	0.325154
chr17	59500000	59750000	0.352457
chr17	59750000	60000000	0.386819
chr17	60000000	60250000	0.213151
chr17	60250000	60500000	0.23067
chr17	60500000	60750000	0.106938
chr17	60750000	61000000	-0.0593677
chr17	61000000	61250000	-0.176341
chr17	61250000	61500000	-0.0489285
chr17	61500000	61750000	0.00973062
chr17	61750000	62000000	0.104332
chr17	62000000	62250000	0.0073461
chr17	62250000	62500000	-0.0175365
chr17	62500000	62750000	-0.0544502
chr17	62750000	63000000	-0.204363
chr17	63000000	63250000	-0.220376
chr17	63250000	63500000	0.0134717
chr17	63500000	63750000	0.155774
chr17	63750000	64000000	0.333925
chr17	64000000	64250000	0.294361
chr17	64250000	64500000	0.223683
chr17	64500000	64750000	0.235493
chr17	64750000	65000000	0.279642
chr17	65000000	65250000	0.143074
chr17	65250000	65500000	-0.185614
chr17	65500000	65750000	-0.331189
chr17	65750000	66000000	-0.186112
chr17	66000000	66250000	-0.193817
chr17	66250000	66500000	0.0195224
chr17	66500000	66750000	0.0206693
chr17	66750000	67000000	0.00892214
chr17	67000000	67250000	0.141311
chr17	67250000	67500000	0.184916
chr17	67500000	67750000	0.138474
chr17	67750000	68000000	0.175555
chr17	68000000	68250000	0.146209
chr17	68250000	68500000	0.0916096
chr17	68500000	68750000	-0.266037
chr17	68750000	69000000	-0.259235
chr17	69000000	69250000	-0.111164
chr17	69250000	69500000	-0.319259
chr17	69500000	69750000	-0.828708
chr17	69750000	70000000	-0.962205
chr17	70000000	70250000	-0.848958
chr17	70250000	70500000	-0.893612
chr17	70500000	70750000	-1.03217
chr17	70750000	71000000	-1.24981
chr17	71000000	71250000	-1.30641
chr17	71250000	71500000	-1.13049
chr17	71500000	71750000	-0.842068
chr17	71750000	72000000	-0.680147
chr17	72000000	72250000	-0.802602
chr17	72250000	72500000	-0.556828
chr17	72500000	72750000	-0.474382
chr17	72750000	73000000	-0.369514
chr17	73000000	73250000	-0.137903
chr17	73250000	73500000	-0.271863
chr17	73500000	73750000	-0.429916
chr17	73750000	74000000	-0.438289
chr17	74000000	74250000	-0.215192
chr17	74250000	74500000	0.164281
chr17	74500000	74750000	0.130102
chr17	74750000	75000000	0.325216
chr17	75000000	75250000	0.424212
chr17	75250000	75500000	0.414163
chr17	75500000	75750000	0.43081
chr17	75750000	76000000	0.438586
chr17	76000000	76250000	0.413646
chr17	76250000	76500000	0.434205
chr17	76500000	76750000	0.388032
chr17	76750000	77000000	0.342466
chr17	77000000	77250000	0.402295
chr17	77250000	77500000	0.332427
chr17	77500000	77750000	0.242495
chr17	77750000	78000000	0.327716
chr17	78000000	78250000	0.343143
chr17	78250000	78500000	0.338928
chr17	78500000	78750000	0.339214
chr17	78750000	79000000	0.317273
chr17	79000000	79250000	0.199673
chr17	79250000	79500000	0.197064
chr17	79500000	79750000	0.167731
chr17	79750000	80000000	0.286304
chr17	80000000	80250000	0.345074
chr17	80250000	80500000	0.319426
chr17	80500000	80750000	0.356315
chr17	80750000	81000000	0.257634
chr17	81000000	81250000	0.297329
chr17	81250000	81500000	0.307253
chr17	81500000	81750000	0.403418
chr17	81750000	82000000	0.358866
chr17	82000000	82250000	0.271905
chr17	82250000	82500000	0.410136
chr17	82500000	82750000	0.346547
chr17	82750000	83000000	0.151685
chr17	83000000	83250000	0.234472
chr17	83250000	83257441	nan
#bedGraph section chr18:0-80373285
chr18	0	250000	0.24445
chr18	250000	500000	-0.0202668
chr18	500000	750000	0.0753754
chr18	750000	1000000	-0.109035
chr18	1000000	1250000	-0.705948
chr18	1250000	1500000	-0.731155
chr18	1500000	1750000	-0.642549
chr18	1750000	2000000	-0.543239
chr18	2000000	2250000	-0.366412
chr18	2250000	2500000	-0.0968269
chr18	2500000	2750000	0.351248
chr18	2750000	3000000	0.46024
chr18	3000000	3250000	0.484696
chr18	3250000	3500000	0.431838
chr18	3500000	3750000	0.445534
chr18	3750000	4000000	0.133102
chr18	4000000	4250000	0.0580772
chr18	4250000	4500000	0.170233
chr18	4500000	4750000	0.257195
chr18	4750000	5000000	0.171639
chr18	5000000	5250000	0.102928
chr18	5250000	5500000	-0.143773
chr18	5500000	5750000	-0.121828
chr18	5750000	6000000	-0.0816148
chr18	6000000	6250000	-0.00116651
chr18	6250000	6500000	-0.0289605
chr18	6500000	6750000	-0.173932
chr18	6750000	7000000	-0.176341
chr18	7000000	7250000	-0.138405
chr18	7250000	7500000	-0.162232
chr18	7500000	7750000	-0.126449
chr18	7750000	8000000	-0.149406
chr18	8000000	8250000	-0.0625261
chr18	8250000	8500000	0.138735
chr18	8500000	8750000	0.39448
chr18	8750000	9000000	0.329118
chr18	9000000	9250000	0.460689
chr18	9250000	9500000	0.537465
chr18	9500000	9750000	0.421362
chr18	9750000	10000000	0.477621
chr18	10000000	10250000	0.273766
chr18	10250000	10500000	0.351288
chr18	10500000	10750000	0.458969
chr18	10750000	11000000	0.366453
chr18	11000000	11250000	0.326802
chr18	11250000	11500000	0.347143
chr18	11500000	11750000	0.492577
chr18	11750000	12000000	0.427353
chr18	12000000	12250000	0.342786
chr18	12250000	12500000	0.45321
chr18	12500000	12750000	0.500618
chr18	12750000	13000000	0.581286
chr18	13000000	13250000	0.394029
chr18	13250000	13500000	0.287194
chr18	13500000	13750000	0.37369
chr18	13750000	14000000	-0.053017
chr18	14000000	14250000	-0.27762
chr18	14250000	14500000	-0.422501
chr18	14500000	14750000	nan
chr18	14750000	15000000	-0.723888
chr18	15000000	15250000	nan
chr18	15250000	15500000	nan
chr18	15500000	15750000	nan
chr18	15750000	16000000	nan
chr18	16000000	16250000	nan
chr18	16250000	16500000	nan
chr18	16500000	16750000	nan
chr18	16750000	17000000	nan
chr18	17000000	17250000	nan
chr18	17250000	17500000	nan
chr18	17500000	17750000	nan
chr18	17750000	18000000	nan
chr18	18000000	18250000	nan
chr18	18250000	18500000	nan
chr18	18500000	18750000	nan
chr18	18750000	19000000	nan
chr18	19000000	19250000	nan
chr18	19250000	19500000	nan
chr18	19500000	19750000	nan
chr18	19750000	20000000	nan
chr18	20000000	20250000	nan
chr18	20250000	20500000	nan
chr18	20500000	20750000	nan
chr18	20750000	21000000	nan
chr18	21000000	21250000	-0.180079
chr18	21250000	21500000	-0.043077
chr18	21500000	21750000	0.396016
chr18	21750000	22000000	0.226704
chr18	22000000	22250000	0.0314214
chr18	22250000	22500000	-0.224972
chr18	22500000	22750000	-0.099294
chr18	22750000	23000000	0.342738
chr18	23000000	23250000	0.489125
chr18	23250000	23500000	0.460355
chr18	23500000	23750000	0.501148
chr18	23750000	24000000	0.482359
chr18	24000000	24250000	0.370666
chr18	24250000	24500000	0.0778902
chr18	24500000	24750000	-0.207652
chr18	24750000	25000000	-0.165684
chr18	25000000	25250000	-0.157917
chr18	25250000	25500000	-0.380044
chr18	25500000	25750000	-0.375191
chr18	25750000	26000000	-0.0322669
chr18	26000000	26250000	0.299303
chr18	26250000	26500000	0.246475
chr18	26500000	26750000	0.10091
chr18	26750000	27000000	-0.222063
chr18	27000000	27250000	-0.413439
chr18	27250000	27500000	-0.602964
chr18	27500000	27750000	-0.705279
chr18	27750000	28000000	-0.736129
chr18	28000000	28250000	-0.730759
chr18	28250000	28500000	-0.772766
chr18	28500000	28750000	-0.718042
chr18	28750000	29000000	-0.67313
chr18	29000000	29250000	-0.772523
chr18	29250000	29500000	-0.68807
chr18	29500000	29750000	-0.716638
chr18	29750000	30000000	-0.700733
chr18	30000000	30250000	-0.611978
chr18	30250000	30500000	-0.557151
chr18	30500000	30750000	-0.463495
chr18	30750000	31000000	-0.51033
chr18	31000000	31250000	-0.218576
chr18	31250000	31500000	-0.0111974
chr18	31500000	31750000	0.276197
chr18	31750000	32000000	0.365944
chr18	32000000	32250000	0.0870335
chr18	32250000	32500000	-0.234317
chr18	32500000	32750000	-0.368012
chr18	32750000	33000000	-0.633953
chr18	33000000	33250000	-0.686904
chr18	33250000	33500000	-0.551102
chr18	33500000	33750000	-0.593893
chr18	33750000	34000000	-0.529233
chr18	34000000	34250000	-0.41499
chr18	34250000	34500000	-0.320001
chr18	34500000	34750000	-0.476853
chr18	34750000	35000000	-0.3622
chr18	35000000	35250000	0.101214
chr18	35250000	35500000	0.361926
chr18	35500000	35750000	0.410927
chr18	35750000	36000000	0.36306
chr18	36000000	36250000	0.370894
chr18	36250000	36500000	0.403478
chr18	36500000	36750000	0.185863
chr18	36750000	37000000	-0.0534376
chr18	37000000	37250000	-0.414201
chr18	37250000	37500000	-0.380216
chr18	37500000	37750000	-0.825851
chr18	37750000	38000000	-0.938434
chr18	38000000	38250000	-0.888045
chr18	38250000	38500000	-0.725806
chr18	38500000	38750000	-0.560571
chr18	38750000	39000000	-0.51742
chr18	39000000	39250000	-0.769687
chr18	39250000	39500000	-0.822878
chr18	39500000	39750000	-0.75382
chr18	39750000	40000000	-0.703915
chr18	40000000	40250000	-0.560695
chr18	40250000	40500000	-0.699209
chr18	40500000	40750000	-0.675467
chr18	40750000	41000000	-0.530753
chr18	41000000	41250000	-0.547739
chr18	41250000	41500000	-0.688243
chr18	41500000	41750000	-0.549694
chr18	41750000	42000000	-0.419699
chr18	42000000	42250000	-0.210988
chr18	42250000	42500000	-0.419103
chr18	42500000	42750000	-0.527106
chr18	42750000	43000000	-0.609204
chr18	43000000	43250000	-0.72488
chr18	43250000	43500000	-0.777273
chr18	43500000	43750000	-0.691598
chr18	43750000	44000000	-0.645738
chr18	44000000	44250000	-0.573645
chr18	44250000	44500000	-0.42024
chr18	44500000	44750000	-0.00553157
chr18	44750000	45000000	0.176705
chr18	45000000	45250000	0.0921397
chr18	45250000	45500000	-0.191862
chr18	45500000	45750000	0.0899869
chr18	45750000	46000000	0.400081
chr18	46000000	46250000	0.529592
chr18	46250000	46500000	0.445372
chr18	46500000	46750000	0.357602
chr18	46750000	47000000	0.355115
chr18	47000000	47250000	0.322192
chr18	47250000	47500000	0.183833
chr18	47500000	47750000	0.302152
chr18	47750000	48000000	0.424153
chr18	48000000	48250000	0.381036
chr18	48250000	48500000	0.407382
chr18	48500000	48750000	0.551322
chr18	48750000	49000000	0.54878
chr18	49000000	49250000	0.544658
chr18	49250000	49500000	0.630567
chr18	49500000	49750000	0.472966
chr18	49750000	50000000	0.432968
chr18	50000000	50250000	0.510732
chr18	50250000	50500000	0.442742
chr18	50500000	50750000	0.223987
chr18	50750000	51000000	0.287747
chr18	51000000	51250000	0.173997
chr18	51250000	51500000	-0.118206
chr18	51500000	51750000	-0.222443
chr18	51750000	52000000	-0.00854812
chr18	52000000	52250000	-0.0880058
chr18	52250000	52500000	-0.480678
chr18	52500000	52750000	-0.553414
chr18	52750000	53000000	-0.727612
chr18	53000000	53250000	-0.869655
chr18	53250000	53500000	-0.883932
chr18	53500000	53750000	-0.82453
chr18	53750000	54000000	-0.453344
chr18	54000000	54250000	-0.101292
chr18	54250000	54500000	-0.0427512
chr18	54500000	54750000	-0.382467
chr18	54750000	55000000	-0.389168
chr18	55000000	55250000	-0.0846397
chr18	55250000	55500000	-0.173642
chr18	55500000	55750000	-0.535394
chr18	55750000	56000000	-0.670472
chr18	56000000	56250000	-0.713645
chr18	56250000	56500000	-0.426569
chr18	56500000	56750000	0.0875053
chr18	56750000	57000000	0.323479
chr18	57000000	57250000	0.350131
chr18	57250000	57500000	0.2516
chr18	57500000	57750000	0.49333
chr18	57750000	58000000	0.455459
chr18	58000000	58250000	0.475974
chr18	58250000	58500000	0.451028
chr18	58500000	58750000	0.637743
chr18	58750000	59000000	0.528547
chr18	59000000	59250000	0.455158
chr18	59250000	59500000	0.180082
chr18	59500000	59750000	-0.0557413
chr18	59750000	60000000	0.129344
chr18	60000000	60250000	-0.220115
chr18	60250000	60500000	-0.354765
chr18	60500000	60750000	-0.539118
chr18	60750000	61000000	-0.756445
chr18	61000000	61250000	-0.783624
chr18	61250000	61500000	-0.401091
chr18	61500000	61750000	-0.287567
chr18	61750000	62000000	-0.0581903
chr18	62000000	62250000	0.0744343
chr18	62250000	62500000	0.389226
chr18	62500000	62750000	0.392051
chr18	62750000	63000000	0.428174
chr18	63000000	63250000	0.283048
chr18	63250000	63500000	0.220376
chr18	63500000	63750000	-0.155027
chr18	63750000	64000000	-0.153433
chr18	64000000	64250000	-0.275609
chr18	64250000	64500000	-0.387302
chr18	64500000	64750000	-0.628551
chr18	64750000	65000000	-0.579064
chr18	65000000	65250000	-0.652271
chr18	65250000	65500000	-0.676102
chr18	65500000	65750000	-0.508044
chr18	65750000	66000000	-0.497477
chr18	66000000	66250000	-0.585777
chr18	66250000	66500000	-0.589028
chr18	66500000	66750000	-0.627212
chr18	66750000	67000000	-0.753805
chr18	67000000	67250000	-0.708632
chr18	67250000	67500000	-0.539986
chr18	67500000	67750000	-0.514739
chr18	67750000	68000000	-0.549538
chr18	68000000	68250000	-0.572067
chr18	68250000	68500000	-0.624649
chr18	68500000	68750000	-0.404767
chr18	68750000	69000000	-0.593788
chr18	69000000	69250000	-0.535048
chr18	69250000	69500000	-0.572822
chr18	69500000	69750000	-0.410906
chr18	69750000	70000000	-0.0575064
chr18	70000000	70250000	-0.000282795
chr18	70250000	70500000	-0.273065
chr18	70500000	70750000	-0.90443
chr18	70750000	71000000	-0.942384
chr18	71000000	71250000	-0.790076
chr18	71250000	71500000	-0.791562
chr18	71500000	71750000	-0.819434
chr18	71750000	72000000	-0.839036
chr18	72000000	72250000	-0.718176
chr18	72250000	72500000	-0.765302
chr18	72500000	72750000	-0.654418
chr18	72750000	73000000	-0.675699
chr18	73000000	73250000	-0.569662
chr18	73250000	73500000	-0.770023
chr18	73500000	73750000	-0.821307
chr18	73750000	74000000	-0.716814
chr18	74000000	74250000	-0.257924
chr18	74250000	74500000	0.0569343
chr18	74500000	74750000	0.0367203
chr18	74750000	75000000	0.244538
chr18	75000000	75250000	0.190275
chr18	75250000	75500000	0.0267669
chr18	75500000	75750000	-0.399763
chr18	75750000	76000000	-0.541683
chr18	76000000	76250000	-0.415852
chr18	76250000	76500000	-0.0314557
chr18	76500000	76750000	0.0985668
chr18	76750000	77000000	0.108862
chr18	77000000	77250000	-0.0296877
chr18	77250000	77500000	-0.611306
chr18	77500000	77750000	-0.697175
chr18	77750000	78000000	-0.705337
chr18	78000000	78250000	-0.620306
chr18	78250000	78500000	-0.630955
chr18	78500000	78750000	-0.439794
chr18	78750000	79000000	-0.446011
chr18	79000000	79250000	-0.147805
chr18	79250000	79500000	0.139315
chr18	79500000	79750000	0.155876
chr18	79750000	80000000	0.267977
chr18	80000000	80250000	0.274257
chr18	80250000	80373285	nan
#bedGraph section chr19:0-58617616
chr19	0	250000	nan
chr19	250000	500000	-0.158798
chr19	500000	750000	0.13768
chr19	750000	1000000	0.327249
chr19	1000000	1250000	0.323754
chr19	1250000	1500000	0.359087
chr19	1500000	1750000	0.327311
chr19	1750000	2000000	0.391907
chr19	2000000	2250000	0.368851
chr19	2250000	2500000	0.37711
chr19	2500000	2750000	0.389891
chr19	2750000	3000000	0.294993
chr19	3000000	3250000	0.328358
chr19	3250000	3500000	0.351462
chr19	3500000	3750000	0.325938
chr19	3750000	4000000	0.340169
chr19	4000000	4250000	0.346041
chr19	4250000	4500000	0.397976
chr19	4500000	4750000	0.318602
chr19	4750000	5000000	0.363241
chr19	5000000	5250000	0.331708
chr19	5250000	5500000	0.331702
chr19	5500000	5750000	0.335638
chr19	5750000	6000000	0.334646
chr19	6000000	6250000	0.411526
chr19	6250000	6500000	0.363566
chr19	6500000	6750000	0.341636
chr19	6750000	7000000	0.392903
chr19	7000000	7250000	0.264095
chr19	7250000	7500000	0.365621
chr19	7500000	7750000	0.265767
chr19	7750000	8000000	0.219941
chr19	8000000	8250000	0.143488
chr19	8250000	8500000	-0.0960388
chr19	8500000	8750000	-0.828114
chr19	8750000	9000000	-1.69565
chr19	9000000	9250000	-1.47603
chr19	9250000	9500000	-1.38771
chr19	9500000	9750000	-1.008
chr19	9750000	10000000	-0.427576
chr19	10000000	10250000	0.064734
chr19	10250000	10500000	0.141868
chr19	10500000	10750000	0.266118
chr19	10750000	11000000	0.295641
chr19	11000000	11250000	0.256861
chr19	11250000	11500000	0.218355
chr19	11500000	11750000	-0.115729
chr19	11750000	12000000	-0.354223
chr19	12000000	12250000	-0.372904
chr19	12250000	12500000	-0.401175
chr19	12500000	12750000	0.0263121
chr19	12750000	13000000	0.226868
chr19	13000000	13250000	0.209988
chr19	13250000	13500000	0.0805151
chr19	13500000	13750000	0.112574
chr19	13750000	14000000	0.310088
chr19	14000000	14250000	0.308972
chr19	14250000	14500000	0.328237
chr19	14500000	14750000	0.272512
chr19	14750000	15000000	0.179664
chr19	15000000	15250000	0.285329
chr19	15250000	15500000	0.250552
chr19	15500000	15750000	0.245344
chr19	15750000	16000000	0.180842
chr19	16000000	16250000	0.277803
chr19	16250000	16500000	0.297462
chr19	16500000	16750000	0.398452
chr19	16750000	17000000	0.317444
chr19	17000000	17250000	0.364048
chr19	17250000	17500000	0.366667
chr19	17500000	17750000	0.355111
chr19	17750000	18000000	0.393894
chr19	18000000	18250000	0.366226
chr19	18250000	18500000	0.38536
chr19	18500000	18750000	0.268604
chr19	18750000	19000000	0.17458
chr19	19000000	19250000	0.12114
chr19	19250000	19500000	-0.0360637
chr19	19500000	19750000	-0.645263
chr19	19750000	20000000	-1.21656
chr19	20000000	20250000	-1.38023
chr19	20250000	20500000	-1.23765
chr19	20500000	20750000	-1.17019
chr19	20750000	21000000	-1.12566
chr19	21000000	21250000	-0.726147
chr19	21250000	21500000	-0.905179
chr19	21500000	21750000	-1.11276
chr19	21750000	22000000	-1.31274
chr19	22000000	22250000	-1.32901
chr19	22250000	22500000	-1.19751
chr19	22500000	22750000	-1.21792
chr19	22750000	23000000	-1.18662
chr19	23000000	23250000	-1.19638
chr19	23250000	23500000	-1.00792
chr19	23500000	23750000	-1.08945
chr19	23750000	24000000	-1.11349
chr19	24000000	24250000	-1.1517
chr19	24250000	24500000	nan
chr19	24500000	24750000	nan
chr19	24750000	25000000	nan
chr19	25000000	25250000	nan
chr19	25250000	25500000	nan
chr19	25500000	25750000	nan
chr19	25750000	26000000	nan
chr19	26000000	26250000	nan
chr19	26250000	26500000	nan
chr19	26500000	26750000	nan
chr19	26750000	27000000	nan
chr19	27000000	27250000	nan
chr19	27250000	27500000	nan
chr19	27500000	27750000	nan
chr19	27750000	28000000	-1.28731
chr19	28000000	28250000	-1.25084
chr19	28250000	28500000	-1.08239
chr19	28500000	28750000	-1.14754
chr19	28750000	29000000	-1.21373
chr19	29000000	29250000	-1.15699
chr19	29250000	29500000	-0.939445
chr19	29500000	29750000	-0.434878
chr19	29750000	30000000	-0.294539
chr19	30000000	30250000	-0.387505
chr19	30250000	30500000	-0.668331
chr19	30500000	30750000	-0.969682
chr19	30750000	31000000	-1.17647
chr19	31000000	31250000	-1.17528
chr19	31250000	31500000	-1.14815
chr19	31500000	31750000	-1.25223
chr19	31750000	32000000	-1.2396
chr19	32000000	32250000	-1.25858
chr19	32250000	32500000	-0.659714
chr19	32500000	32750000	-0.200239
chr19	32750000	33000000	-0.192608
chr19	33000000	33250000	-0.0565377
chr19	33250000	33500000	-0.0432122
chr19	33500000	33750000	-0.167041
chr19	33750000	34000000	-0.273811
chr19	34000000	34250000	-0.156001
chr19	34250000	34500000	-0.146288
chr19	34500000	34750000	-0.79248
chr19	34750000	35000000	-0.844433
chr19	35000000	35250000	-0.0907363
chr19	35250000	35500000	0.100466
chr19	35500000	35750000	0.101409
chr19	35750000	36000000	-0.0143223
chr19	36000000	36250000	-0.470464
chr19	36250000	36500000	-1.3837
chr19	36500000	36750000	-1.06653
chr19	36750000	37000000	-1.3618
chr19	37000000	37250000	-1.27575
chr19	37250000	37500000	-1.3259
chr19	37500000	37750000	-1.24544
chr19	37750000	38000000	-0.6566
chr19	38000000	38250000	-0.118297
chr19	38250000	38500000	0.00870648
chr19	38500000	38750000	0.199925
chr19	38750000	39000000	0.253356
chr19	39000000	39250000	0.2021
chr19	39250000	39500000	0.250896
chr19	39500000	39750000	0.256008
chr19	39750000	40000000	0.265553
chr19	40000000	40250000	0.176864
chr19	40250000	40500000	0.342551
chr19	40500000	40750000	0.314985
chr19	40750000	41000000	0.2113
chr19	41000000	41250000	0.170414
chr19	41250000	41500000	0.276425
chr19	41500000	41750000	0.268282
chr19	41750000	42000000	0.293911
chr19	42000000	42250000	0.220158
chr19	42250000	42500000	0.167691
chr19	42500000	42750000	-0.100631
chr19	42750000	43000000	nan
chr19	43000000	43250000	nan
chr19	43250000	43500000	-0.432646
chr19	43500000	43750000	-0.0669971
chr19	43750000	44000000	-0.436033
chr19	44000000	44250000	-0.367242
chr19	44250000	44500000	-0.806733
chr19	44500000	44750000	-0.221323
chr19	44750000	45000000	0.0895175
chr19	45000000	45250000	0.26756
chr19	45250000	45500000	0.310575
chr19	45500000	45750000	0.325062
chr19	45750000	46000000	0.356379
chr19	46000000	46250000	0.325084
chr19	46250000	46500000	0.337359
chr19	46500000	46750000	0.359878
chr19	46750000	47000000	0.371927
chr19	47000000	47250000	0.348146
chr19	47250000	47500000	0.356389
chr19	47500000	47750000	0.310449
chr19	47750000	48000000	0.217185
chr19	48000000	48250000	0.199494
chr19	48250000	48500000	0.291775
chr19	48500000	48750000	0.293704
chr19	48750000	49000000	0.360954
chr19	49000000	49250000	0.311562
chr19	49250000	49500000	0.338541
chr19	49500000	49750000	0.359411
chr19	49750000	50000000	0.261909
chr19	50000000	50250000	0.0855869
chr19	50250000	50500000	0.191119
chr19	50500000	50750000	0.128454
chr19	50750000	51000000	0.139447
chr19	51000000	51250000	-0.0804921
chr19	51250000	51500000	-0.197672
chr19	51500000	51750000	-0.652326
chr19	51750000	52000000	-1.1996
chr19	52000000	52250000	-0.817138
chr19	52250000	52500000	-1.02749
chr19	52500000	52750000	-0.559672
chr19	52750000	53000000	-0.760658
chr19	53000000	53250000	-1.14744
chr19	53250000	53500000	-1.09036
chr19	53500000	53750000	-1.30971
chr19	53750000	54000000	-1.35791
chr19	54000000	54250000	-0.587932
chr19	54250000	54500000	-0.109422
chr19	54500000	54750000	-0.207828
chr19	54750000	55000000	-0.71144
chr19	55000000	55250000	-0.167645
chr19	55250000	55500000	-0.0271074
chr19	55500000	55750000	-0.384687
chr19	55750000	56000000	-1.27455
chr19	56000000	56250000	-0.714228
chr19	56250000	56500000	-1.09252
chr19	56500000	56750000	-1.53905
chr19	56750000	57000000	-1.6824
chr19	57000000	57250000	-1.08603
chr19	57250000	57500000	-0.496168
chr19	57500000	57750000	-0.808239
chr19	57750000	58000000	-0.819539
chr19	58000000	58250000	-1.21257
chr19	58250000	58500000	-0.335403
chr19	58500000	58617616	nan
#bedGraph section chr2:0-242193529
chr2	0	250000	-0.57926
chr2	250000	500000	-0.505185
chr2	500000	750000	-0.543627
chr2	750000	1000000	-0.650715
chr2	1000000	1250000	-0.845838
chr2	1250000	1500000	-0.745994
chr2	1500000	1750000	-0.561693
chr2	1750000	2000000	-0.655177
chr2	2000000	2250000	-0.693581
chr2	2250000	2500000	-0.831533
chr2	2500000	2750000	-0.5896
chr2	2750000	3000000	-0.388564
chr2	3000000	3250000	-0.0992305
chr2	3250000	3500000	-0.0619088
chr2	3500000	3750000	0.0442566
chr2	3750000	4000000	-0.58483
chr2	4000000	4250000	-0.845194
chr2	4250000	4500000	-0.91388
chr2	4500000	4750000	-0.912256
chr2	4750000	5000000	-0.864111
chr2	5000000	5250000	-0.910136
chr2	5250000	5500000	-0.797395
chr2	5500000	5750000	-0.771341
chr2	5750000	6000000	-0.648603
chr2	6000000	6250000	-0.54127
chr2	6250000	6500000	-0.43938
chr2	6500000	6750000	-0.56406
chr2	6750000	7000000	-0.10627
chr2	7000000	7250000	0.226072
chr2	7250000	7500000	0.312827
chr2	7500000	7750000	0.327804
chr2	7750000	8000000	0.234974
chr2	8000000	8250000	0.366342
chr2	8250000	8500000	0.427188
chr2	8500000	8750000	0.452032
chr2	8750000	9000000	0.403703
chr2	9000000	9250000	0.446701
chr2	9250000	9500000	0.557718
chr2	9500000	9750000	0.660051
chr2	9750000	10000000	0.551278
chr2	10000000	10250000	0.613521
chr2	10250000	10500000	0.49392
chr2	10500000	10750000	0.525605
chr2	10750000	11000000	0.466819
chr2	11000000	11250000	0.345081
chr2	11250000	11500000	0.412591
chr2	11500000	11750000	0.207246
chr2	11750000	12000000	0.262311
chr2	12000000	12250000	0.00781089
chr2	12250000	12500000	-0.0265975
chr2	12500000	12750000	0.0237463
chr2	12750000	13000000	-0.0190408
chr2	13000000	13250000	-0.235031
chr2	13250000	13500000	-0.0974458
chr2	13500000	13750000	-0.0971092
chr2	13750000	14000000	-0.152974
chr2	14000000	14250000	-0.0997858
chr2	14250000	14500000	-0.11412
chr2	14500000	14750000	-0.210575
chr2	14750000	15000000	-0.279981
chr2	15000000	15250000	-0.226638
chr2	15250000	15500000	0.0635521
chr2	15500000	15750000	-0.0121642
chr2	15750000	16000000	-0.145345
chr2	16000000	16250000	-0.251486
chr2	16250000	16500000	-0.312569
chr2	16500000	16750000	-0.153916
chr2	16750000	17000000	-0.434195
chr2	17000000	17250000	-0.572558
chr2	17250000	17500000	-0.412029
chr2	17500000	17750000	-0.19688
chr2	17750000	18000000	-0.186728
chr2	18000000	18250000	-0.505258
chr2	18250000	18500000	-0.537774
chr2	18500000	18750000	-0.526493
chr2	18750000	19000000	-0.52721
chr2	19000000	19250000	-0.712451
chr2	19250000	19500000	-0.461892
chr2	19500000	19750000	-0.321831
chr2	19750000	20000000	-0.0493658
chr2	20000000	20250000	0.235838
chr2	20250000	20500000	0.199693
chr2	20500000	20750000	0.0672819
chr2	20750000	21000000	-0.244549
chr2	21000000	21250000	-0.492473
chr2	21250000	21500000	-0.649318
chr2	21500000	21750000	-0.801214
chr2	21750000	22000000	-0.871615
chr2	22000000	22250000	-0.841509
chr2	22250000	22500000	-0.785646
chr2	22500000	22750000	-0.727164
chr2	22750000	23000000	-0.560777
chr2	23000000	23250000	-0.220327
chr2	23250000	23500000	0.0765835
chr2	23500000	23750000	0.200553
chr2	23750000	24000000	0.433954
chr2	24000000	24250000	0.493226
chr2	24250000	24500000	0.650058
chr2	24500000	24750000	0.545657
chr2	24750000	25000000	0.559787
chr2	25000000	25250000	0.577594
chr2	25250000	25500000	0.644453
chr2	25500000	25750000	0.622069
chr2	25750000	26000000	0.615196
chr2	26000000	26250000	0.573418
chr2	26250000	26500000	0.568318
chr2	26500000	26750000	0.561961
chr2	26750000	27000000	0.600158
chr2	27000000	27250000	0.629399
chr2	27250000	27500000	0.622391
chr2	27500000	27750000	0.67275
chr2	27750000	28000000	0.473144
chr2	28000000	28250000	0.449452
chr2	28250000	28500000	0.48219
chr2	28500000	28750000	0.549228
chr2	28750000	29000000	0.601652
chr2	29000000	29250000	0.444555
chr2	29250000	29500000	0.36936
chr2	29500000	29750000	0.221263
chr2	29750000	30000000	0.220709
chr2	30000000	30250000	0.358217
chr2	30250000	30500000	0.466952
chr2	30500000	30750000	0.415099
chr2	30750000	31000000	0.186229
chr2	31000000	31250000	0.170276
chr2	31250000	31500000	0.150014
chr2	31500000	31750000	0.0507669
chr2	31750000	32000000	0.243636
chr2	32000000	32250000	0.300336
chr2	32250000	32500000	0.430116
chr2	32500000	32750000	0.287399
chr2	32750000	33000000	0.0433097
chr2	33000000	33250000	-0.138437
chr2	33250000	33500000	-0.0788156
chr2	33500000	33750000	-0.269336
chr2	33750000	34000000	-0.614913
chr2	34000000	34250000	-0.715791
chr2	34250000	34500000	-0.782961
chr2	34500000	34750000	-0.601535
chr2	34750000	35000000	-0.665615
chr2	35000000	35250000	-0.762476
chr2	35250000	35500000	-0.788551
chr2	35500000	35750000	-0.810997
chr2	35750000	36000000	-0.703557
chr2	36000000	36250000	-0.597401
chr2	36250000	36500000	-0.305419
chr2	36500000	36750000	-0.252252
chr2	36750000	37000000	0.117258
chr2	37000000	37250000	0.387726
chr2	37250000	37500000	0.399943
chr2	37500000	37750000	0.396563
chr2	37750000	38000000	0.348052
chr2	38000000	38250000	0.379839
chr2	38250000	38500000	0.41947
chr2	38500000	38750000	0.375306
chr2	38750000	39000000	0.258414
chr2	39000000	39250000	0.169553
chr2	39250000	39500000	-0.0422462
chr2	39500000	39750000	-0.222835
chr2	39750000	40000000	-0.417753
chr2	40000000	40250000	-0.649258
chr2	40250000	40500000	-0.609473
chr2	40500000	40750000	-0.779961
chr2	40750000	41000000	-0.667519
chr2	41000000	41250000	-0.735356
chr2	41250000	41500000	-0.798238
chr2	41500000	41750000	-0.528202
chr2	41750000	42000000	-0.14074
chr2	42000000	42250000	0.161582
chr2	42250000	42500000	0.24054
chr2	42500000	42750000	0.443241
chr2	42750000	43000000	0.503834
chr2	43000000	43250000	0.479568
chr2	43250000	43500000	0.510596
chr2	43500000	43750000	0.442732
chr2	43750000	44000000	0.581818
chr2	44000000	44250000	0.601222
chr2	44250000	44500000	0.437186
chr2	44500000	44750000	0.503112
chr2	44750000	45000000	0.475964
chr2	45000000	45250000	0.320968
chr2	45250000	45500000	0.219774
chr2	45500000	45750000	0.491464
chr2	45750000	46000000	0.451516
chr2	46000000	46250000	0.506972
chr2	46250000	46500000	0.549244
chr2	46500000	46750000	0.523536
chr2	46750000	47000000	0.546219
chr2	47000000	47250000	0.558691
chr2	47250000	47500000	0.489212
chr2	47500000	47750000	0.429149
chr2	47750000	48000000	0.320808
chr2	48000000	48250000	0.269669
chr2	48250000	48500000	0.201195
chr2	48500000	48750000	-0.207725
chr2	48750000	49000000	-0.465482
chr2	49000000	49250000	-0.685415
chr2	49250000	49500000	-0.758346
chr2	49500000	49750000	-0.760079
chr2	49750000	50000000	-0.778443
chr2	50000000	50250000	-0.8321
chr2	50250000	50500000	-0.737087
chr2	50500000	50750000	-0.823276
chr2	50750000	51000000	-0.856663
chr2	51000000	51250000	-0.888562
chr2	51250000	51500000	-0.920222
chr2	51500000	51750000	-0.911583
chr2	51750000	52000000	-0.809733
chr2	52000000	52250000	-0.766183
chr2	52250000	52500000	-0.955052
chr2	52500000	52750000	-0.840293
chr2	52750000	53000000	-0.814341
chr2	53000000	53250000	-0.826562
chr2	53250000	53500000	-0.672029
chr2	53500000	53750000	-0.385778
chr2	53750000	54000000	0.0622572
chr2	54000000	54250000	0.0973892
chr2	54250000	54500000	0.0433141
chr2	54500000	54750000	0.267725
chr2	54750000	55000000	0.24292
chr2	55000000	55250000	0.316614
chr2	55250000	55500000	0.217598
chr2	55500000	55750000	0.0401919
chr2	55750000	56000000	-0.382429
chr2	56000000	56250000	-0.475662
chr2	56250000	56500000	-0.57556
chr2	56500000	56750000	-0.799029
chr2	56750000	57000000	-0.683253
chr2	57000000	57250000	-0.739615
chr2	57250000	57500000	-0.571791
chr2	57500000	57750000	-0.34797
chr2	57750000	58000000	-0.0935513
chr2	58000000	58250000	-0.0743333
chr2	58250000	58500000	-0.213742
chr2	58500000	58750000	-0.359452
chr2	58750000	59000000	-0.53598
chr2	59000000	59250000	-0.515646
chr2	59250000	59500000	-0.556361
chr2	59500000	59750000	-0.580956
chr2	59750000	60000000	-0.436526
chr2	60000000	60250000	-0.325927
chr2	60250000	60500000	-0.0385848
chr2	60500000	60750000	0.0858823
chr2	60750000	61000000	0.465973
chr2	61000000	61250000	0.548871
chr2	61250000	61500000	0.520101
chr2	61500000	61750000	0.583473
chr2	61750000	62000000	0.50831
chr2	62000000	62250000	0.424873
chr2	62250000	62500000	0.468731
chr2	62500000	62750000	0.319239
chr2	62750000	63000000	0.199562
chr2	63000000	63250000	0.113076
chr2	63250000	63500000	0.150259
chr2	63500000	63750000	0.209086
chr2	63750000	64000000	0.227484
chr2	64000000	64250000	0.474024
chr2	64250000	64500000	0.476317
chr2	64500000	64750000	0.459959
chr2	64750000	65000000	0.433453
chr2	65000000	65250000	0.399641
chr2	65250000	65500000	0.334134
chr2	65500000	65750000	0.123703
chr2	65750000	66000000	-0.179645
chr2	66000000	66250000	-0.385336
chr2	66250000	66500000	-0.357698
chr2	66500000	66750000	-0.488167
chr2	66750000	67000000	-0.560365
chr2	67000000	67250000	-0.517329
chr2	67250000	67500000	-0.432266
chr2	67500000	67750000	-0.416489
chr2	67750000	68000000	-0.224116
chr2	68000000	68250000	0.159345
chr2	68250000	68500000	0.251779
chr2	68500000	68750000	0.0117586
chr2	68750000	69000000	0.130704
chr2	69000000	69250000	0.16166
chr2	69250000	69500000	0.333223
chr2	69500000	69750000	0.482613
chr2	69750000	70000000	0.573099
chr2	70000000	70250000	0.521003
chr2	70250000	70500000	0.367164
chr2	70500000	70750000	0.320991
chr2	70750000	71000000	0.339425
chr2	71000000	71250000	0.366334
chr2	71250000	71500000	0.199058
chr2	71500000	71750000	-0.0130381
chr2	71750000	72000000	-0.22177
chr2	72000000	72250000	-0.241134
chr2	72250000	72500000	-0.351052
chr2	72500000	72750000	-0.203624
chr2	72750000	73000000	0.203288
chr2	73000000	73250000	0.338456
chr2	73250000	73500000	0.391284
chr2	73500000	73750000	0.450351
chr2	73750000	74000000	0.534839
chr2	74000000	74250000	0.643153
chr2	74250000	74500000	0.607204
chr2	74500000	74750000	0.451374
chr2	74750000	75000000	0.31955
chr2	75000000	75250000	0.106789
chr2	75250000	75500000	0.0693645
chr2	75500000	75750000	-0.0152221
chr2	75750000	76000000	-0.339806
chr2	76000000	76250000	-0.505793
chr2	76250000	76500000	-0.34178
chr2	76500000	76750000	-0.404958
chr2	76750000	77000000	-0.629896
chr2	77000000	77250000	-0.614852
chr2	77250000	77500000	-0.701916
chr2	77500000	77750000	-0.836982
chr2	77750000	78000000	-0.694102
chr2	78000000	78250000	-0.572747
chr2	78250000	78500000	-0.582887
chr2	78500000	78750000	-0.479208
chr2	78750000	79000000	-0.38144
chr2	79000000	79250000	-0.48979
chr2	79250000	79500000	-0.700088
chr2	79500000	79750000	-0.618807
chr2	79750000	80000000	-0.47506
chr2	80000000	80250000	-0.481652
chr2	80250000	80500000	-0.285326
chr2	80500000	80750000	-0.347906
chr2	80750000	81000000	-0.562529
chr2	81000000	81250000	-0.569699
chr2	81250000	81500000	-0.53606
chr2	81500000	81750000	-0.463414
chr2	81750000	82000000	-0.620318
chr2	82000000	82250000	-0.618688
chr2	82250000	82500000	-0.577478
chr2	82500000	82750000	-0.717318
chr2	82750000	83000000	-0.65494
chr2	83000000	83250000	-0.651736
chr2	83250000	83500000	-0.689137
chr2	83500000	83750000	-0.69268
chr2	83750000	84000000	-0.631859
chr2	84000000	84250000	-0.580315
chr2	84250000	84500000	-0.294811
chr2	84500000	84750000	-0.0155631
chr2	84750000	85000000	0.20145
chr2	85000000	85250000	0.299048
chr2	85250000	85500000	0.525712
chr2	85500000	85750000	0.59606
chr2	85750000	86000000	0.539116
chr2	86000000	86250000	0.592651
chr2	86250000	86500000	0.484215
chr2	86500000	86750000	0.332419
chr2	86750000	87000000	nan
chr2	87000000	87250000	nan
chr2	87250000	87500000	nan
chr2	87500000	87750000	nan
chr2	87750000	88000000	nan
chr2	88000000	88250000	0.0906032
chr2	88250000	88500000	0.0730867
chr2	88500000	88750000	0.103032
chr2	88750000	89000000	nan
chr2	89000000	89250000	nan
chr2	89250000	89500000	nan
chr2	89500000	89750000	nan
chr2	89750000	90000000	-0.198255
chr2	90000000	90250000	nan
chr2	90250000	90500000	-0.552767
chr2	90500000	90750000	nan
chr2	90750000	91000000	nan
chr2	91000000	91250000	nan
chr2	91250000	91500000	nan
chr2	91500000	91750000	nan
chr2	91750000	92000000	nan
chr2	92000000	92250000	nan
chr2	92250000	92500000	nan
chr2	92500000	92750000	nan
chr2	92750000	93000000	nan
chr2	93000000	93250000	nan
chr2	93250000	93500000	nan
chr2	93500000	93750000	nan
chr2	93750000	94000000	nan
chr2	94000000	94250000	nan
chr2	94250000	94500000	nan
chr2	94500000	94750000	-0.514245
chr2	94750000	95000000	-0.295219
chr2	95000000	95250000	0.274027
chr2	95250000	95500000	0.302131
chr2	95500000	95750000	0.308963
chr2	95750000	96000000	0.457987
chr2	96000000	96250000	0.662894
chr2	96250000	96500000	0.666582
chr2	96500000	96750000	0.620879
chr2	96750000	97000000	0.628044
chr2	97000000	97250000	0.516861
chr2	97250000	97500000	nan
chr2	97500000	97750000	0.588812
chr2	97750000	98000000	0.489877
chr2	98000000	98250000	0.445083
chr2	98250000	98500000	0.587344
chr2	98500000	98750000	0.498678
chr2	98750000	99000000	0.496835
chr2	99000000	99250000	0.464463
chr2	99250000	99500000	0.54399
chr2	99500000	99750000	0.272947
chr2	99750000	100000000	0.156461
chr2	100000000	100250000	0.0699074
chr2	100250000	100500000	0.241937
chr2	100500000	100750000	0.316683
chr2	100750000	101000000	0.317697
chr2	101000000	101250000	0.409413
chr2	101250000	101500000	0.363075
chr2	101500000	101750000	0.409457
chr2	101750000	102000000	0.447149
chr2	102000000	102250000	0.369609
chr2	102250000	102500000	0.279158
chr2	102500000	102750000	0.0267559
chr2	102750000	103000000	-0.375818
chr2	103000000	103250000	-0.627463
chr2	103250000	103500000	-0.82749
chr2	103500000	103750000	-0.73316
chr2	103750000	104000000	-0.724785
chr2	104000000	104250000	-0.565822
chr2	104250000	104500000	-0.517046
chr2	104500000	104750000	-0.475556
chr2	104750000	105000000	-0.392111
chr2	105000000	105250000	-0.138103
chr2	105250000	105500000	0.0448267
chr2	105500000	105750000	0.0165052
chr2	105750000	106000000	0.0298448
chr2	106000000	106250000	-0.0220191
chr2	106250000	106500000	-0.162755
chr2	106500000	106750000	-0.32064
chr2	106750000	107000000	-0.632107
chr2	107000000	107250000	-0.657875
chr2	107250000	107500000	-0.582419
chr2	107500000	107750000	-0.66575
chr2	107750000	108000000	-0.47803
chr2	108000000	108250000	-0.390264
chr2	108250000	108500000	0.157119
chr2	108500000	108750000	0.338625
chr2	108750000	109000000	0.298786
chr2	109000000	109250000	0.34327
chr2	109250000	109500000	0.284045
chr2	109500000	109750000	0.48942
chr2	109750000	110000000	nan
chr2	110000000	110250000	nan
chr2	110250000	110500000	nan
chr2	110500000	110750000	nan
chr2	110750000	111000000	0.43617
chr2	111000000	111250000	0.532301
chr2	111250000	111500000	nan
chr2	111500000	111750000	0.490796
chr2	111750000	112000000	0.693848
chr2	112000000	112250000	0.656871
chr2	112250000	112500000	0.590145
chr2	112500000	112750000	0.639306
chr2	112750000	113000000	0.579735
chr2	113000000	113250000	0.468973
chr2	113250000	113500000	0.428231
chr2	113500000	113750000	0.229342
chr2	113750000	114000000	0.273449
chr2	114000000	114250000	-0.240994
chr2	114250000	114500000	-0.502686
chr2	114500000	114750000	-0.641892
chr2	114750000	115000000	-0.621477
chr2	115000000	115250000	-0.696132
chr2	115250000	115500000	-0.793722
chr2	115500000	115750000	-0.72395
chr2	115750000	116000000	-0.805051
chr2	116000000	116250000	-0.797957
chr2	116250000	116500000	-0.685694
chr2	116500000	116750000	-0.798857
chr2	116750000	117000000	-0.750879
chr2	117000000	117250000	-0.681107
chr2	117250000	117500000	-0.703479
chr2	117500000	117750000	-0.574041
chr2	117750000	118000000	-0.335565
chr2	118000000	118250000	0.0589586
chr2	118250000	118500000	-0.202118
chr2	118500000	118750000	-0.225147
chr2	118750000	119000000	-0.0560331
chr2	119000000	119250000	0.137801
chr2	119250000	119500000	0.395364
chr2	119500000	119750000	0.381463
chr2	119750000	120000000	0.35492
chr2	120000000	120250000	0.45603
chr2	120250000	120500000	0.332017
chr2	120500000	120750000	0.250878
chr2	120750000	121000000	0.163855
chr2	121000000	121250000	0.220803
chr2	121250000	121500000	0.211488
chr2	121500000	121750000	0.373186
chr2	121750000	122000000	-0.0786537
chr2	122000000	122250000	-0.243686
chr2	122250000	122500000	-0.0884085
chr2	122500000	122750000	-0.115145
chr2	122750000	123000000	-0.145825
chr2	123000000	123250000	-0.166419
chr2	123250000	123500000	-0.466085
chr2	123500000	123750000	-0.50171
chr2	123750000	124000000	-0.625956
chr2	124000000	124250000	-0.592054
chr2	124250000	124500000	-0.521192
chr2	124500000	124750000	-0.536633
chr2	124750000	125000000	-0.587234
chr2	125000000	125250000	-0.597263
chr2	125250000	125500000	-0.437869
chr2	125500000	125750000	-0.524057
chr2	125750000	126000000	-0.667523
chr2	126000000	126250000	-0.613775
chr2	126250000	126500000	-0.622644
chr2	126500000	126750000	-0.406346
chr2	126750000	127000000	-0.142742
chr2	127000000	127250000	0.160374
chr2	127250000	127500000	0.491209
chr2	127500000	127750000	0.512756
chr2	127750000	128000000	0.673199
chr2	128000000	128250000	0.453731
chr2	128250000	128500000	0.311924
chr2	128500000	128750000	0.0259058
chr2	128750000	129000000	-0.0638827
chr2	129000000	129250000	-0.00956358
chr2	129250000	129500000	-0.0834795
chr2	129500000	129750000	-0.110265
chr2	129750000	130000000	0.0853232
chr2	130000000	130250000	0.255505
chr2	130250000	130500000	0.180761
chr2	130500000	130750000	nan
chr2	130750000	131000000	0.348517
chr2	131000000	131250000	0.234866
chr2	131250000	131500000	0.203177
chr2	131500000	131750000	0.101317
chr2	131750000	132000000	-0.278892
chr2	132000000	132250000	-0.481913
chr2	132250000	132500000	-0.368761
chr2	132500000	132750000	-0.218384
chr2	132750000	133000000	-0.279567
chr2	133000000	133250000	-0.254968
chr2	133250000	133500000	-0.170213
chr2	133500000	133750000	-0.150426
chr2	133750000	134000000	-0.0721818
chr2	134000000	134250000	0.17942
chr2	134250000	134500000	0.198484
chr2	134500000	134750000	0.0905467
chr2	134750000	135000000	0.225468
chr2	135000000	135250000	0.377984
chr2	135250000	135500000	0.297045
chr2	135500000	135750000	0.426028
chr2	135750000	136000000	0.402588
chr2	136000000	136250000	0.508331
chr2	136250000	136500000	0.303015
chr2	136500000	136750000	-0.246024
chr2	136750000	137000000	-0.335633
chr2	137000000	137250000	-0.352016
chr2	137250000	137500000	-0.407726
chr2	137500000	137750000	-0.547564
chr2	137750000	138000000	-0.360394
chr2	138000000	138250000	-0.091802
chr2	138250000	138500000	-0.128498
chr2	138500000	138750000	-0.0212092
chr2	138750000	139000000	-0.417799
chr2	139000000	139250000	-0.631237
chr2	139250000	139500000	-0.607928
chr2	139500000	139750000	-0.724715
chr2	139750000	140000000	-0.548887
chr2	140000000	140250000	-0.668945
chr2	140250000	140500000	-0.68287
chr2	140500000	140750000	-0.567783
chr2	140750000	141000000	-0.475382
chr2	141000000	141250000	-0.684732
chr2	141250000	141500000	-0.626677
chr2	141500000	141750000	-0.644221
chr2	141750000	142000000	-0.666097
chr2	142000000	142250000	-0.669559
chr2	142250000	142500000	-0.581038
chr2	142500000	142750000	-0.476606
chr2	142750000	143000000	-0.151325
chr2	143000000	143250000	-0.0469649
chr2	143250000	143500000	-0.10742
chr2	143500000	143750000	-0.139101
chr2	143750000	144000000	-0.038544
chr2	144000000	144250000	0.0262106
chr2	144250000	144500000	0.0243031
chr2	144500000	144750000	-0.254096
chr2	144750000	145000000	-0.426907
chr2	145000000	145250000	-0.590481
chr2	145250000	145500000	-0.549987
chr2	145500000	145750000	-0.348884
chr2	145750000	146000000	-0.526139
chr2	146000000	146250000	-0.504063
chr2	146250000	146500000	-0.59955
chr2	146500000	146750000	-0.574791
chr2	146750000	147000000	-0.429937
chr2	147000000	147250000	-0.262176
chr2	147250000	147500000	-0.201213
chr2	147500000	147750000	-0.0736413
chr2	147750000	148000000	-0.0293142
chr2	148000000	148250000	0.10679
chr2	148250000	148500000	-0.00721599
chr2	148500000	148750000	0.112523
chr2	148750000	149000000	0.0665032
chr2	149000000	149250000	-0.0353467
chr2	149250000	149500000	-0.183534
chr2	149500000	149750000	-0.312972
chr2	149750000	150000000	-0.575608
chr2	150000000	150250000	-0.441122
chr2	150250000	150500000	-0.498844
chr2	150500000	150750000	-0.389541
chr2	150750000	151000000	-0.422354
chr2	151000000	151250000	-0.267905
chr2	151250000	151500000	0.0847748
chr2	151500000	151750000	0.0610192
chr2	151750000	152000000	0.179441
chr2	152000000	152250000	0.150641
chr2	152250000	152500000	0.143753
chr2	152500000	152750000	0.0678952
chr2	152750000	153000000	-0.460162
chr2	153000000	153250000	-0.715858
chr2	153250000	153500000	-0.64801
chr2	153500000	153750000	-0.740978
chr2	153750000	154000000	-0.775311
chr2	154000000	154250000	-0.71652
chr2	154250000	154500000	-0.534525
chr2	154500000	154750000	-0.496845
chr2	154750000	155000000	-0.472295
chr2	155000000	155250000	-0.4024
chr2	155250000	155500000	-0.508151
chr2	155500000	155750000	-0.583036
chr2	155750000	156000000	-0.594216
chr2	156000000	156250000	-0.381066
chr2	156250000	156500000	-0.0619967
chr2	156500000	156750000	-0.160804
chr2	156750000	157000000	-0.487499
chr2	157000000	157250000	-0.30676
chr2	157250000	157500000	-0.0257503
chr2	157500000	157750000	-0.289967
chr2	157750000	158000000	-0.207641
chr2	158000000	158250000	-0.314213
chr2	158250000	158500000	-0.262545
chr2	158500000	158750000	-0.12797
chr2	158750000	159000000	0.102428
chr2	159000000	159250000	0.240383
chr2	159250000	159500000	0.412685
chr2	159500000	159750000	0.283161
chr2	159750000	160000000	0.312129
chr2	160000000	160250000	0.181973
chr2	160250000	160500000	-0.123595
chr2	160500000	160750000	-0.25537
chr2	160750000	161000000	-0.189055
chr2	161000000	161250000	0.148618
chr2	161250000	161500000	-0.164868
chr2	161500000	161750000	-0.480185
chr2	161750000	162000000	-0.424112
chr2	162000000	162250000	-0.233111
chr2	162250000	162500000	-0.367472
chr2	162500000	162750000	-0.659285
chr2	162750000	163000000	-0.641979
chr2	163000000	163250000	-0.70394
chr2	163250000	163500000	-0.551579
chr2	163500000	163750000	-0.571701
chr2	163750000	164000000	-0.530595
chr2	164000000	164250000	-0.517502
chr2	164250000	164500000	-0.591658
chr2	164500000	164750000	-0.531454
chr2	164750000	165000000	-0.464666
chr2	165000000	165250000	-0.542194
chr2	165250000	165500000	-0.310137
chr2	165500000	165750000	-0.226723
chr2	165750000	166000000	-0.346822
chr2	166000000	166250000	-0.545212
chr2	166250000	166500000	-0.718775
chr2	166500000	166750000	-0.702184
chr2	166750000	167000000	-0.657927
chr2	167000000	167250000	-0.701039
chr2	167250000	167500000	-0.623823
chr2	167500000	167750000	-0.768077
chr2	167750000	168000000	-0.551074
chr2	168000000	168250000	-0.376194
chr2	168250000	168500000	0.0667346
chr2	168500000	168750000	0.0282795
chr2	168750000	169000000	-0.0211667
chr2	169000000	169250000	-0.0307069
chr2	169250000	169500000	0.170694
chr2	169500000	169750000	0.504801
chr2	169750000	170000000	0.502103
chr2	170000000	170250000	0.560469
chr2	170250000	170500000	0.584536
chr2	170500000	170750000	0.541849
chr2	170750000	171000000	0.632355
chr2	171000000	171250000	0.718528
chr2	171250000	171500000	0.708227
chr2	171500000	171750000	0.583118
chr2	171750000	172000000	0.650716
chr2	172000000	172250000	0.517727
chr2	172250000	172500000	0.431087
chr2	172500000	172750000	0.361585
chr2	172750000	173000000	0.150135
chr2	173000000	173250000	0.212635
chr2	173250000	173500000	0.295476
chr2	173500000	173750000	0.184997
chr2	173750000	174000000	0.403042
chr2	174000000	174250000	0.376476
chr2	174250000	174500000	0.441961
chr2	174500000	174750000	0.442136
chr2	174750000	175000000	0.280147
chr2	175000000	175250000	0.297207
chr2	175250000	175500000	0.0318846
chr2	175500000	175750000	-0.104303
chr2	175750000	176000000	0.00156997
chr2	176000000	176250000	0.101238
chr2	176250000	176500000	0.220522
chr2	176500000	176750000	0.273016
chr2	176750000	177000000	0.374287
chr2	177000000	177250000	0.406459
chr2	177250000	177500000	0.449417
chr2	177500000	177750000	0.361537
chr2	177750000	178000000	-0.0355309
chr2	178000000	178250000	0.0627035
chr2	178250000	178500000	0.135866
chr2	178500000	178750000	0.160533
chr2	178750000	179000000	0.173782
chr2	179000000	179250000	0.0344693
chr2	179250000	179500000	-0.144261
chr2	179500000	179750000	-0.449775
chr2	179750000	180000000	-0.403225
chr2	180000000	180250000	-0.432561
chr2	180250000	180500000	-0.578822
chr2	180500000	180750000	-0.599358
chr2	180750000	181000000	-0.498379
chr2	181000000	181250000	-0.126966
chr2	181250000	181500000	0.063217
chr2	181500000	181750000	-0.15824
chr2	181750000	182000000	-0.20924
chr2	182000000	182250000	-0.379645
chr2	182250000	182500000	-0.503458
chr2	182500000	182750000	-0.277532
chr2	182750000	183000000	-0.338305
chr2	183000000	183250000	-0.236473
chr2	183250000	183500000	-0.514912
chr2	183500000	183750000	-0.587005
chr2	183750000	184000000	-0.746673
chr2	184000000	184250000	-0.600335
chr2	184250000	184500000	-0.644022
chr2	184500000	184750000	-0.7067
chr2	184750000	185000000	-0.647247
chr2	185000000	185250000	-0.682557
chr2	185250000	185500000	-0.687801
chr2	185500000	185750000	-0.677165
chr2	185750000	186000000	-0.549278
chr2	186000000	186250000	-0.281737
chr2	186250000	186500000	-0.206558
chr2	186500000	186750000	-0.0794741
chr2	186750000	187000000	-0.241534
chr2	187000000	187250000	-0.368368
chr2	187250000	187500000	-0.177447
chr2	187500000	187750000	-0.521369
chr2	187750000	188000000	-0.608669
chr2	188000000	188250000	-0.665697
chr2	188250000	188500000	-0.556632
chr2	188500000	188750000	-0.667882
chr2	188750000	189000000	-0.638056
chr2	189000000	189250000	-0.378805
chr2	189250000	189500000	-0.36891
chr2	189500000	189750000	-0.0647083
chr2	189750000	190000000	0.0567751
chr2	190000000	190250000	0.18681
chr2	190250000	190500000	0.355784
chr2	190500000	190750000	0.394758
chr2	190750000	191000000	0.330136
chr2	191000000	191250000	0.135623
chr2	191250000	191500000	-0.0407828
chr2	191500000	191750000	0.0669957
chr2	191750000	192000000	-0.201784
chr2	192000000	192250000	-0.273219
chr2	192250000	192500000	-0.662082
chr2	192500000	192750000	-0.63326
chr2	192750000	193000000	-0.698344
chr2	193000000	193250000	-0.606892
chr2	193250000	193500000	-0.634518
chr2	193500000	193750000	-0.609807
chr2	193750000	194000000	-0.563646
chr2	194000000	194250000	-0.565544
chr2	194250000	194500000	-0.587038
chr2	194500000	194750000	-0.517657
chr2	194750000	195000000	-0.354388
chr2	195000000	195250000	-0.266325
chr2	195250000	195500000	-0.16677
chr2	195500000	195750000	0.0295149
chr2	195750000	196000000	-0.193892
chr2	196000000	196250000	0.0681306
chr2	196250000	196500000	0.206345
chr2	196500000	196750000	0.206271
chr2	196750000	197000000	0.275659
chr2	197000000	197250000	0.377889
chr2	197250000	197500000	0.424945
chr2	197500000	197750000	0.405207
chr2	197750000	198000000	0.1858
chr2	198000000	198250000	0.0998792
chr2	198250000	198500000	-0.0748098
chr2	198500000	198750000	-0.216805
chr2	198750000	199000000	-0.261938
chr2	199000000	199250000	-0.145219
chr2	199250000	199500000	-0.259399
chr2	199500000	199750000	-0.130322
chr2	199750000	200000000	0.0131402
chr2	200000000	200250000	0.0626488
chr2	200250000	200500000	0.241565
chr2	200500000	200750000	0.424776
chr2	200750000	201000000	0.488012
chr2	201000000	201250000	0.47094
chr2	201250000	201500000	0.418056
chr2	201500000	201750000	0.46794
chr2	201750000	202000000	0.576664
chr2	202000000	202250000	0.554751
chr2	202250000	202500000	0.603262
chr2	202500000	202750000	0.494134
chr2	202750000	203000000	0.487415
chr2	203000000	203250000	0.538034
chr2	203250000	203500000	0.492635
chr2	203500000	203750000	0.149484
chr2	203750000	204000000	0.157192
chr2	204000000	204250000	-0.0792137
chr2	204250000	204500000	-0.403857
chr2	204500000	204750000	-0.44661
chr2	204750000	205000000	-0.590006
chr2	205000000	205250000	-0.480498
chr2	205250000	205500000	-0.321971
chr2	205500000	205750000	-0.173034
chr2	205750000	206000000	0.108215
chr2	206000000	206250000	0.302514
chr2	206250000	206500000	0.185293
chr2	206500000	206750000	0.221186
chr2	206750000	207000000	0.17745
chr2	207000000	207250000	0.196172
chr2	207250000	207500000	0.290826
chr2	207500000	207750000	0.411041
chr2	207750000	208000000	0.386527
chr2	208000000	208250000	0.182458
chr2	208250000	208500000	-0.238836
chr2	208500000	208750000	-0.677222
chr2	208750000	209000000	-0.741214
chr2	209000000	209250000	-0.584498
chr2	209250000	209500000	-0.628748
chr2	209500000	209750000	-0.622975
chr2	209750000	210000000	-0.467896
chr2	210000000	210250000	-0.284423
chr2	210250000	210500000	-0.553859
chr2	210500000	210750000	-0.553801
chr2	210750000	211000000	-0.717462
chr2	211000000	211250000	-0.672468
chr2	211250000	211500000	-0.596749
chr2	211500000	211750000	-0.662686
chr2	211750000	212000000	-0.621781
chr2	212000000	212250000	-0.69055
chr2	212250000	212500000	-0.536822
chr2	212500000	212750000	-0.385956
chr2	212750000	213000000	-0.244974
chr2	213000000	213250000	-0.00309397
chr2	213250000	213500000	-0.281756
chr2	213500000	213750000	-0.192157
chr2	213750000	214000000	-0.427185
chr2	214000000	214250000	-0.511959
chr2	214250000	214500000	-0.23693
chr2	214500000	214750000	-0.19074
chr2	214750000	215000000	0.00817848
chr2	215000000	215250000	-0.00841579
chr2	215250000	215500000	0.249552
chr2	215500000	215750000	0.143704
chr2	215750000	216000000	0.243661
chr2	216000000	216250000	0.4931
chr2	216250000	216500000	0.478273
chr2	216500000	216750000	0.279519
chr2	216750000	217000000	0.17542
chr2	217000000	217250000	0.228659
chr2	217250000	217500000	0.258827
chr2	217500000	217750000	0.34354
chr2	217750000	218000000	0.388363
chr2	218000000	218250000	0.605939
chr2	218250000	218500000	0.700709
chr2	218500000	218750000	0.716037
chr2	218750000	219000000	0.6019
chr2	219000000	219250000	0.581296
chr2	219250000	219500000	0.489371
chr2	219500000	219750000	0.266319
chr2	219750000	220000000	-0.153027
chr2	220000000	220250000	-0.301418
chr2	220250000	220500000	-0.390148
chr2	220500000	220750000	-0.308937
chr2	220750000	221000000	-0.1206
chr2	221000000	221250000	-0.0467292
chr2	221250000	221500000	-0.189246
chr2	221500000	221750000	-0.133949
chr2	221750000	222000000	-0.37824
chr2	222000000	222250000	-0.330504
chr2	222250000	222500000	-0.0903463
chr2	222500000	222750000	0.0523518
chr2	222750000	223000000	0.10586
chr2	223000000	223250000	-0.275549
chr2	223250000	223500000	-0.339041
chr2	223500000	223750000	-0.144443
chr2	223750000	224000000	0.140698
chr2	224000000	224250000	0.0121047
chr2	224250000	224500000	0.0512981
chr2	224500000	224750000	0.172258
chr2	224750000	225000000	-0.0550332
chr2	225000000	225250000	-0.163263
chr2	225250000	225500000	-0.357203
chr2	225500000	225750000	-0.39963
chr2	225750000	226000000	-0.610875
chr2	226000000	226250000	-0.476821
chr2	226250000	226500000	-0.373239
chr2	226500000	226750000	-0.351661
chr2	226750000	227000000	-0.103144
chr2	227000000	227250000	-0.186776
chr2	227250000	227500000	0.049747
chr2	227500000	227750000	0.0786329
chr2	227750000	228000000	-0.111688
chr2	228000000	228250000	-0.474834
chr2	228250000	228500000	-0.497544
chr2	228500000	228750000	-0.444838
chr2	228750000	229000000	-0.659159
chr2	229000000	229250000	-0.552052
chr2	229250000	229500000	-0.32644
chr2	229500000	229750000	-0.124595
chr2	229750000	230000000	0.464127
chr2	230000000	230250000	0.451151
chr2	230250000	230500000	0.494234
chr2	230500000	230750000	0.492241
chr2	230750000	231000000	0.531045
chr2	231000000	231250000	0.560803
chr2	231250000	231500000	0.583652
chr2	231500000	231750000	0.689081
chr2	231750000	232000000	0.570638
chr2	232000000	232250000	0.471782
chr2	232250000	232500000	0.53303
chr2	232500000	232750000	0.517553
chr2	232750000	233000000	0.489622
chr2	233000000	233250000	0.48431
chr2	233250000	233500000	0.456661
chr2	233500000	233750000	0.402487
chr2	233750000	234000000	0.219648
chr2	234000000	234250000	0.0581469
chr2	234250000	234500000	0.0685946
chr2	234500000	234750000	-0.0548586
chr2	234750000	235000000	-0.0802398
chr2	235000000	235250000	-0.148571
chr2	235250000	235500000	-0.107438
chr2	235500000	235750000	-0.0351765
chr2	235750000	236000000	-0.0309881
chr2	236000000	236250000	0.0636823
chr2	236250000	236500000	0.145284
chr2	236500000	236750000	0.289273
chr2	236750000	237000000	0.206391
chr2	237000000	237250000	0.275195
chr2	237250000	237500000	0.30688
chr2	237500000	237750000	0.377312
chr2	237750000	238000000	0.497036
chr2	238000000	238250000	0.491631
chr2	238250000	238500000	0.389313
chr2	238500000	238750000	0.319351
chr2	238750000	239000000	0.205219
chr2	239000000	239250000	0.280167
chr2	239250000	239500000	0.375764
chr2	239500000	239750000	0.260543
chr2	239750000	240000000	0.223472
chr2	240000000	240250000	0.35031
chr2	240250000	240500000	0.333626
chr2	240500000	240750000	0.504404
chr2	240750000	241000000	0.424227
chr2	241000000	241250000	0.593502
chr2	241250000	241500000	0.612189
chr2	241500000	241750000	0.476637
chr2	241750000	242000000	0.370841
chr2	242000000	242193529	nan
#bedGraph section chr20:0-64444167
chr20	0	250000	0.17488
chr20	250000	500000	0.269352
chr20	500000	750000	0.284862
chr20	750000	1000000	0.122531
chr20	1000000	1250000	0.100814
chr20	1250000	1500000	0.199947
chr20	1500000	1750000	0.336913
chr20	1750000	2000000	0.374366
chr20	2000000	2250000	0.207951
chr20	2250000	2500000	0.31304
chr20	2500000	2750000	0.328023
chr20	2750000	3000000	0.361753
chr20	3000000	3250000	0.377606
chr20	3250000	3500000	0.445605
chr20	3500000	3750000	0.299646
chr20	3750000	4000000	0.378417
chr20	4000000	4250000	0.130073
chr20	4250000	4500000	-0.135836
chr20	4500000	4750000	0.0079149
chr20	4750000	5000000	0.248395
chr20	5000000	5250000	0.239867
chr20	5250000	5500000	-0.0562804
chr20	5500000	5750000	0.205608
chr20	5750000	6000000	0.148885
chr20	6000000	6250000	-0.230202
chr20	6250000	6500000	-0.421995
chr20	6500000	6750000	-0.266675
chr20	6750000	7000000	-0.403829
chr20	7000000	7250000	-0.518801
chr20	7250000	7500000	-0.473125
chr20	7500000	7750000	-0.476429
chr20	7750000	8000000	-0.41251
chr20	8000000	8250000	-0.27963
chr20	8250000	8500000	-0.195202
chr20	8500000	8750000	-0.268946
chr20	8750000	9000000	-0.7996
chr20	9000000	9250000	-0.706569
chr20	9250000	9500000	-0.777733
chr20	9500000	9750000	-0.669338
chr20	9750000	10000000	-0.582301
chr20	10000000	10250000	-0.499744
chr20	10250000	10500000	-0.209899
chr20	10500000	10750000	-0.2842
chr20	10750000	11000000	-0.240999
chr20	11000000	11250000	-0.117561
chr20	11250000	11500000	-0.165693
chr20	11500000	11750000	-0.595448
chr20	11750000	12000000	-0.75545
chr20	12000000	12250000	-0.9519
chr20	12250000	12500000	-1.12263
chr20	12500000	12750000	-1.03691
chr20	12750000	13000000	-1.05571
chr20	13000000	13250000	-0.578963
chr20	13250000	13500000	-0.376444
chr20	13500000	13750000	-0.199784
chr20	13750000	14000000	-0.488664
chr20	14000000	14250000	-0.492728
chr20	14250000	14500000	-0.302495
chr20	14500000	14750000	-0.153726
chr20	14750000	15000000	-0.0743125
chr20	15000000	15250000	-0.166028
chr20	15250000	15500000	-0.439219
chr20	15500000	15750000	-0.427323
chr20	15750000	16000000	-0.348616
chr20	16000000	16250000	-0.289873
chr20	16250000	16500000	-0.307648
chr20	16500000	16750000	-0.431792
chr20	16750000	17000000	-0.722516
chr20	17000000	17250000	-0.861071
chr20	17250000	17500000	-0.562842
chr20	17500000	17750000	-0.134637
chr20	17750000	18000000	0.0413439
chr20	18000000	18250000	-0.0880719
chr20	18250000	18500000	-0.0184117
chr20	18500000	18750000	0.0246033
chr20	18750000	19000000	-0.15386
chr20	19000000	19250000	-0.180647
chr20	19250000	19500000	-0.445898
chr20	19500000	19750000	-0.275841
chr20	19750000	20000000	0.0530744
chr20	20000000	20250000	-0.0540026
chr20	20250000	20500000	-0.142391
chr20	20500000	20750000	-0.040525
chr20	20750000	21000000	-0.347264
chr20	21000000	21250000	-0.282907
chr20	21250000	21500000	-0.286924
chr20	21500000	21750000	-0.679357
chr20	21750000	22000000	-1.22981
chr20	22000000	22250000	-1.25316
chr20	22250000	22500000	-0.952951
chr20	22500000	22750000	-0.836289
chr20	22750000	23000000	-0.798531
chr20	23000000	23250000	-0.47052
chr20	23250000	23500000	-0.489828
chr20	23500000	23750000	-0.603793
chr20	23750000	24000000	-0.771411
chr20	24000000	24250000	-0.810391
chr20	24250000	24500000	-0.723895
chr20	24500000	24750000	-0.633756
chr20	24750000	25000000	-0.407263
chr20	25000000	25250000	-0.337983
chr20	25250000	25500000	-0.393607
chr20	25500000	25750000	-0.597764
chr20	25750000	26000000	nan
chr20	26000000	26250000	nan
chr20	26250000	26500000	nan
chr20	26500000	26750000	nan
chr20	26750000	27000000	nan
chr20	27000000	27250000	nan
chr20	27250000	27500000	nan
chr20	27500000	27750000	nan
chr20	27750000	28000000	nan
chr20	28000000	28250000	nan
chr20	28250000	28500000	nan
chr20	28500000	28750000	nan
chr20	28750000	29000000	-0.557731
chr20	29000000	29250000	-0.72422
chr20	29250000	29500000	-0.741008
chr20	29500000	29750000	-1.16449
chr20	29750000	30000000	-0.720711
chr20	30000000	30250000	nan
chr20	30250000	30500000	-1.14719
chr20	30500000	30750000	-1.14691
chr20	30750000	31000000	-0.582463
chr20	31000000	31250000	-0.0651938
chr20	31250000	31500000	-1.61144
chr20	31500000	31750000	-0.492835
chr20	31750000	32000000	0.0820209
chr20	32000000	32250000	0.275928
chr20	32250000	32500000	0.3658
chr20	32500000	32750000	0.224949
chr20	32750000	33000000	0.279641
chr20	33000000	33250000	0.180256
chr20	33250000	33500000	0.324133
chr20	33500000	33750000	0.480966
chr20	33750000	34000000	0.486711
chr20	34000000	34250000	0.476617
chr20	34250000	34500000	0.502107
chr20	34500000	34750000	0.543935
chr20	34750000	35000000	0.59828
chr20	35000000	35250000	0.509421
chr20	35250000	35500000	0.505862
chr20	35500000	35750000	0.542827
chr20	35750000	36000000	0.573179
chr20	36000000	36250000	0.529919
chr20	36250000	36500000	0.452404
chr20	36500000	36750000	0.548287
chr20	36750000	37000000	0.555999
chr20	37000000	37250000	0.54416
chr20	37250000	37500000	0.527851
chr20	37500000	37750000	0.468846
chr20	37750000	38000000	0.382182
chr20	38000000	38250000	0.403843
chr20	38250000	38500000	0.369674
chr20	38500000	38750000	0.20696
chr20	38750000	39000000	0.169417
chr20	39000000	39250000	-0.241293
chr20	39250000	39500000	-0.450569
chr20	39500000	39750000	-0.678875
chr20	39750000	40000000	-0.452635
chr20	40000000	40250000	-0.532284
chr20	40250000	40500000	-0.554255
chr20	40500000	40750000	-0.435909
chr20	40750000	41000000	-0.198145
chr20	41000000	41250000	0.134097
chr20	41250000	41500000	0.0271721
chr20	41500000	41750000	-0.151775
chr20	41750000	42000000	-0.751004
chr20	42000000	42250000	-0.764065
chr20	42250000	42500000	-0.786455
chr20	42500000	42750000	-0.901213
chr20	42750000	43000000	-0.864525
chr20	43000000	43250000	-0.749564
chr20	43250000	43500000	-0.422467
chr20	43500000	43750000	0.142478
chr20	43750000	44000000	0.170143
chr20	44000000	44250000	0.215208
chr20	44250000	44500000	0.258844
chr20	44500000	44750000	0.318826
chr20	44750000	45000000	0.376652
chr20	45000000	45250000	0.275261
chr20	45250000	45500000	0.335384
chr20	45500000	45750000	0.193719
chr20	45750000	46000000	0.442642
chr20	46000000	46250000	0.40472
chr20	46250000	46500000	0.37959
chr20	46500000	46750000	0.192175
chr20	46750000	47000000	0.236932
chr20	47000000	47250000	0.251226
chr20	47250000	47500000	0.525792
chr20	47500000	47750000	0.488891
chr20	47750000	48000000	0.405007
chr20	48000000	48250000	0.271575
chr20	48250000	48500000	0.37796
chr20	48500000	48750000	0.40467
chr20	48750000	49000000	0.479103
chr20	49000000	49250000	0.527994
chr20	49250000	49500000	0.428983
chr20	49500000	49750000	0.482989
chr20	49750000	50000000	0.517794
chr20	50000000	50250000	0.388481
chr20	50250000	50500000	0.358128
chr20	50500000	50750000	0.335615
chr20	50750000	51000000	0.125675
chr20	51000000	51250000	-0.19177
chr20	51250000	51500000	-0.0938922
chr20	51500000	51750000	-0.154162
chr20	51750000	52000000	-0.342329
chr20	52000000	52250000	-0.315287
chr20	52250000	52500000	-0.685537
chr20	52500000	52750000	-0.936663
chr20	52750000	53000000	-0.599262
chr20	53000000	53250000	-0.391732
chr20	53250000	53500000	-0.368614
chr20	53500000	53750000	0.091006
chr20	53750000	54000000	0.0831965
chr20	54000000	54250000	-0.21368
chr20	54250000	54500000	-0.665876
chr20	54500000	54750000	-0.740993
chr20	54750000	55000000	-1.06866
chr20	55000000	55250000	-0.739451
chr20	55250000	55500000	-0.987196
chr20	55500000	55750000	-1.1141
chr20	55750000	56000000	-1.20791
chr20	56000000	56250000	-1.23915
chr20	56250000	56500000	-0.6034
chr20	56500000	56750000	-0.572466
chr20	56750000	57000000	-0.568353
chr20	57000000	57250000	-0.422113
chr20	57250000	57500000	-0.0106428
chr20	57500000	57750000	0.0550949
chr20	57750000	58000000	-0.163975
chr20	58000000	58250000	-0.0325094
chr20	58250000	58500000	0.166715
chr20	58500000	58750000	-0.00275865
chr20	58750000	59000000	-0.0639219
chr20	59000000	59250000	-0.0178625
chr20	59250000	59500000	-0.396507
chr20	59500000	59750000	-0.682952
chr20	59750000	60000000	-0.721768
chr20	60000000	60250000	-1.10825
chr20	60250000	60500000	-1.25533
chr20	60500000	60750000	-1.27492
chr20	60750000	61000000	-1.20732
chr20	61000000	61250000	-1.30754
chr20	61250000	61500000	-1.12938
chr20	61500000	61750000	-1.08499
chr20	61750000	62000000	-0.800406
chr20	62000000	62250000	-0.031087
chr20	62250000	62500000	0.264835
chr20	62500000	62750000	0.341925
chr20	62750000	63000000	0.501437
chr20	63000000	63250000	0.408929
chr20	63250000	63500000	0.488158
chr20	63500000	63750000	0.486791
chr20	63750000	64000000	0.512662
chr20	64000000	64250000	0.448636
chr20	64250000	64444167	nan
#bedGraph section chr21:0-46709983
chr21	0	250000	nan
chr21	250000	500000	nan
chr21	500000	750000	nan
chr21	750000	1000000	nan
chr21	1000000	1250000	nan
chr21	1250000	1500000	nan
chr21	1500000	1750000	nan
chr21	1750000	2000000	nan
chr21	2000000	2250000	nan
chr21	2250000	2500000	nan
chr21	2500000	2750000	nan
chr21	2750000	3000000	nan
chr21	3000000	3250000	nan
chr21	3250000	3500000	nan
chr21	3500000	3750000	nan
chr21	3750000	4000000	nan
chr21	4000000	4250000	nan
chr21	4250000	4500000	nan
chr21	4500000	4750000	nan
chr21	4750000	5000000	nan
chr21	5000000	5250000	nan
chr21	5250000	5500000	nan
chr21	5500000	5750000	nan
chr21	5750000	6000000	nan
chr21	6000000	6250000	nan
chr21	6250000	6500000	nan
chr21	6500000	6750000	nan
chr21	6750000	7000000	nan
chr21	7000000	7250000	nan
chr21	7250000	7500000	nan
chr21	7500000	7750000	nan
chr21	7750000	8000000	0.306584
chr21	8000000	8250000	nan
chr21	8250000	8500000	nan
chr21	8500000	8750000	nan
chr21	8750000	9000000	nan
chr21	9000000	9250000	nan
chr21	9250000	9500000	nan
chr21	9500000	9750000	nan
chr21	9750000	10000000	-0.353955
chr21	10000000	10250000	nan
chr21	10250000	10500000	-0.177717
chr21	10500000	10750000	-0.163462
chr21	10750000	11000000	nan
chr21	11000000	11250000	nan
chr21	11250000	11500000	nan
chr21	11500000	11750000	nan
chr21	11750000	12000000	nan
chr21	12000000	12250000	nan
chr21	12250000	12500000	nan
chr21	12500000	12750000	nan
chr21	12750000	13000000	nan
chr21	13000000	13250000	nan
chr21	13250000	13500000	-1.44845
chr21	13500000	13750000	nan
chr21	13750000	14000000	nan
chr21	14000000	14250000	-0.514993
chr21	14250000	14500000	-0.113546
chr21	14500000	14750000	0.173954
chr21	14750000	15000000	0.101771
chr21	15000000	15250000	0.124226
chr21	15250000	15500000	-0.155102
chr21	15500000	15750000	-0.0560688
chr21	15750000	16000000	-0.164645
chr21	16000000	16250000	-0.715113
chr21	16250000	16500000	-0.924663
chr21	16500000	16750000	-1.14833
chr21	16750000	17000000	-1.00571
chr21	17000000	17250000	-1.15619
chr21	17250000	17500000	-0.573162
chr21	17500000	17750000	-0.246168
chr21	17750000	18000000	-0.22496
chr21	18000000	18250000	-0.75313
chr21	18250000	18500000	-1.10249
chr21	18500000	18750000	-1.15184
chr21	18750000	19000000	-1.04285
chr21	19000000	19250000	-0.890735
chr21	19250000	19500000	-0.740434
chr21	19500000	19750000	-0.77213
chr21	19750000	20000000	-0.741726
chr21	20000000	20250000	-0.784149
chr21	20250000	20500000	-0.987978
chr21	20500000	20750000	-0.978817
chr21	20750000	21000000	-1.00035
chr21	21000000	21250000	-0.921047
chr21	21250000	21500000	-0.951669
chr21	21500000	21750000	-0.997523
chr21	21750000	22000000	-0.901771
chr21	22000000	22250000	-1.10633
chr21	22250000	22500000	-0.929533
chr21	22500000	22750000	-1.03219
chr21	22750000	23000000	-0.991211
chr21	23000000	23250000	-0.859286
chr21	23250000	23500000	-0.596167
chr21	23500000	23750000	-0.521155
chr21	23750000	24000000	-0.627642
chr21	24000000	24250000	-0.51228
chr21	24250000	24500000	-0.493885
chr21	24500000	24750000	-0.373788
chr21	24750000	25000000	-0.188287
chr21	25000000	25250000	-0.112886
chr21	25250000	25500000	0.0176121
chr21	25500000	25750000	0.104377
chr21	25750000	26000000	-0.181375
chr21	26000000	26250000	-0.281188
chr21	26250000	26500000	-0.949455
chr21	26500000	26750000	-1.0032
chr21	26750000	27000000	-1.10798
chr21	27000000	27250000	-1.19343
chr21	27250000	27500000	-1.12602
chr21	27500000	27750000	-1.05464
chr21	27750000	28000000	-1.08203
chr21	28000000	28250000	-1.16896
chr21	28250000	28500000	-1.09818
chr21	28500000	28750000	-0.876045
chr21	28750000	29000000	-0.109738
chr21	29000000	29250000	0.325897
chr21	29250000	29500000	0.153256
chr21	29500000	29750000	-0.1087
chr21	29750000	30000000	-0.38899
chr21	30000000	30250000	-0.633431
chr21	30250000	30500000	-0.848502
chr21	30500000	30750000	-0.657471
chr21	30750000	31000000	-0.647679
chr21	31000000	31250000	-0.0834818
chr21	31250000	31500000	-0.0169274
chr21	31500000	31750000	0.149771
chr21	31750000	32000000	-0.019384
chr21	32000000	32250000	-0.190368
chr21	32250000	32500000	0.231945
chr21	32500000	32750000	0.370746
chr21	32750000	33000000	0.414645
chr21	33000000	33250000	0.461941
chr21	33250000	33500000	0.564167
chr21	33500000	33750000	0.524077
chr21	33750000	34000000	0.481559
chr21	34000000	34250000	0.415948
chr21	34250000	34500000	nan
chr21	34500000	34750000	0.405576
chr21	34750000	35000000	0.350056
chr21	35000000	35250000	0.145167
chr21	35250000	35500000	0.152142
chr21	35500000	35750000	0.097688
chr21	35750000	36000000	0.204547
chr21	36000000	36250000	0.479975
chr21	36250000	36500000	0.488394
chr21	36500000	36750000	0.45913
chr21	36750000	37000000	0.443746
chr21	37000000	37250000	0.408218
chr21	37250000	37500000	0.425463
chr21	37500000	37750000	0.282613
chr21	37750000	38000000	-0.161869
chr21	38000000	38250000	-0.0588766
chr21	38250000	38500000	-0.0659471
chr21	38500000	38750000	-0.120286
chr21	38750000	39000000	-0.0961517
chr21	39000000	39250000	-0.0291131
chr21	39250000	39500000	-0.0200197
chr21	39500000	39750000	-1.02247
chr21	39750000	40000000	-1.51445
chr21	40000000	40250000	-1.35037
chr21	40250000	40500000	-1.41522
chr21	40500000	40750000	-1.47766
chr21	40750000	41000000	-1.31466
chr21	41000000	41250000	-0.722528
chr21	41250000	41500000	0.106292
chr21	41500000	41750000	0.242631
chr21	41750000	42000000	0.384996
chr21	42000000	42250000	0.415265
chr21	42250000	42500000	0.422085
chr21	42500000	42750000	0.453681
chr21	42750000	43000000	0.472747
chr21	43000000	43250000	nan
chr21	43250000	43500000	0.477998
chr21	43500000	43750000	0.499148
chr21	43750000	44000000	0.465518
chr21	44000000	44250000	nan
chr21	44250000	44500000	0.35536
chr21	44500000	44750000	0.246225
chr21	44750000	45000000	0.438121
chr21	45000000	45250000	0.377539
chr21	45250000	45500000	0.348084
chr21	45500000	45750000	0.261787
chr21	45750000	46000000	0.145863
chr21	46000000	46250000	-0.0163359
chr21	46250000	46500000	0.316996
chr21	46500000	46709983	0.123329
#bedGraph section chr22:0-50818468
chr22	0	250000	nan
chr22	250000	500000	nan
chr22	500000	750000	nan
chr22	750000	1000000	nan
chr22	1000000	1250000	nan
chr22	1250000	1500000	nan
chr22	1500000	1750000	nan
chr22	1750000	2000000	nan
chr22	2000000	2250000	nan
chr22	2250000	2500000	nan
chr22	2500000	2750000	nan
chr22	2750000	3000000	nan
chr22	3000000	3250000	nan
chr22	3250000	3500000	nan
chr22	3500000	3750000	nan
chr22	3750000	4000000	nan
chr22	4000000	4250000	nan
chr22	4250000	4500000	nan
chr22	4500000	4750000	nan
chr22	4750000	5000000	nan
chr22	5000000	5250000	nan
chr22	5250000	5500000	nan
chr22	5500000	5750000	nan
chr22	5750000	6000000	nan
chr22	6000000	6250000	nan
chr22	6250000	6500000	nan
chr22	6500000	6750000	nan
chr22	6750000	7000000	nan
chr22	7000000	7250000	nan
chr22	7250000	7500000	nan
chr22	7500000	7750000	nan
chr22	7750000	8000000	nan
chr22	8000000	8250000	nan
chr22	8250000	8500000	nan
chr22	8500000	8750000	nan
chr22	8750000	9000000	nan
chr22	9000000	9250000	nan
chr22	9250000	9500000	nan
chr22	9500000	9750000	nan
chr22	9750000	10000000	nan
chr22	10000000	10250000	nan
chr22	10250000	10500000	nan
chr22	10500000	10750000	nan
chr22	10750000	11000000	nan
chr22	11000000	11250000	nan
chr22	11250000	11500000	nan
chr22	11500000	11750000	nan
chr22	11750000	12000000	nan
chr22	12000000	12250000	nan
chr22	12250000	12500000	nan
chr22	12500000	12750000	nan
chr22	12750000	13000000	nan
chr22	13000000	13250000	nan
chr22	13250000	13500000	nan
chr22	13500000	13750000	nan
chr22	13750000	14000000	nan
chr22	14000000	14250000	nan
chr22	14250000	14500000	nan
chr22	14500000	14750000	nan
chr22	14750000	15000000	nan
chr22	15000000	15250000	nan
chr22	15250000	15500000	nan
chr22	15500000	15750000	nan
chr22	15750000	16000000	nan
chr22	16000000	16250000	nan
chr22	16250000	16500000	nan
chr22	16500000	16750000	nan
chr22	16750000	17000000	-0.923123
chr22	17000000	17250000	-0.607801
chr22	17250000	17500000	-0.506615
chr22	17500000	17750000	-0.223956
chr22	17750000	18000000	-0.174138
chr22	18000000	18250000	-0.0382673
chr22	18250000	18500000	nan
chr22	18500000	18750000	nan
chr22	18750000	19000000	nan
chr22	19000000	19250000	-0.0116707
chr22	19250000	19500000	-0.0949725
chr22	19500000	19750000	-0.0265852
chr22	19750000	20000000	0.0691813
chr22	20000000	20250000	0.138898
chr22	20250000	20500000	0.123416
chr22	20500000	20750000	0.185971
chr22	20750000	21000000	0.294532
chr22	21000000	21250000	nan
chr22	21250000	21500000	nan
chr22	21500000	21750000	0.181502
chr22	21750000	22000000	0.343944
chr22	22000000	22250000	0.39966
chr22	22250000	22500000	nan
chr22	22500000	22750000	nan
chr22	22750000	23000000	nan
chr22	23000000	23250000	0.249639
chr22	23250000	23500000	0.0575308
chr22	23500000	23750000	0.172943
chr22	23750000	24000000	0.251621
chr22	24000000	24250000	0.172914
chr22	24250000	24500000	0.182981
chr22	24500000	24750000	-0.0291426
chr22	24750000	25000000	-0.329069
chr22	25000000	25250000	-0.254509
chr22	25250000	25500000	-0.170555
chr22	25500000	25750000	-0.0535689
chr22	25750000	26000000	-0.549358
chr22	26000000	26250000	-0.701459
chr22	26250000	26500000	-0.465648
chr22	26500000	26750000	-0.324976
chr22	26750000	27000000	-0.812048
chr22	27000000	27250000	-1.13993
chr22	27250000	27500000	-1.0437
chr22	27500000	27750000	-0.991647
chr22	27750000	28000000	-0.54862
chr22	28000000	28250000	-0.660805
chr22	28250000	28500000	-0.656598
chr22	28500000	28750000	-0.164874
chr22	28750000	29000000	0.0593193
chr22	29000000	29250000	0.0718201
chr22	29250000	29500000	0.164604
chr22	29500000	29750000	0.265574
chr22	29750000	30000000	0.280243
chr22	30000000	30250000	0.26452
chr22	30250000	30500000	0.273416
chr22	30500000	30750000	0.209361
chr22	30750000	31000000	0.122848
chr22	31000000	31250000	0.186949
chr22	31250000	31500000	0.174942
chr22	31500000	31750000	0.183693
chr22	31750000	32000000	-0.0242861
chr22	32000000	32250000	-0.523128
chr22	32250000	32500000	-0.462521
chr22	32500000	32750000	-1.08236
chr22	32750000	33000000	-1.12395
chr22	33000000	33250000	-0.900029
chr22	33250000	33500000	-0.641119
chr22	33500000	33750000	-0.88877
chr22	33750000	34000000	-1.02874
chr22	34000000	34250000	-0.994058
chr22	34250000	34500000	-1.0924
chr22	34500000	34750000	-1.03561
chr22	34750000	35000000	-1.22298
chr22	35000000	35250000	-0.993795
chr22	35250000	35500000	-0.27577
chr22	35500000	35750000	-0.280513
chr22	35750000	36000000	-0.244277
chr22	36000000	36250000	-0.160628
chr22	36250000	36500000	0.155171
chr22	36500000	36750000	0.108242
chr22	36750000	37000000	0.263302
chr22	37000000	37250000	0.251809
chr22	37250000	37500000	0.35298
chr22	37500000	37750000	0.411319
chr22	37750000	38000000	0.429425
chr22	38000000	38250000	0.42813
chr22	38250000	38500000	0.425503
chr22	38500000	38750000	0.437304
chr22	38750000	39000000	0.553218
chr22	39000000	39250000	0.482539
chr22	39250000	39500000	0.478251
chr22	39500000	39750000	0.402434
chr22	39750000	40000000	0.483107
chr22	40000000	40250000	0.443294
chr22	40250000	40500000	0.555813
chr22	40500000	40750000	0.462903
chr22	40750000	41000000	0.533032
chr22	41000000	41250000	0.532758
chr22	41250000	41500000	0.553653
chr22	41500000	41750000	0.496333
chr22	41750000	42000000	0.407918
chr22	42000000	42250000	0.484146
chr22	42250000	42500000	0.49555
chr22	42500000	42750000	0.418208
chr22	42750000	43000000	0.33851
chr22	43000000	43250000	0.113086
chr22	43250000	43500000	-0.209825
chr22	43500000	43750000	-0.454033
chr22	43750000	44000000	-0.281289
chr22	44000000	44250000	-0.161335
chr22	44250000	44500000	-0.356061
chr22	44500000	44750000	-0.167209
chr22	44750000	45000000	-0.42449
chr22	45000000	45250000	-0.182861
chr22	45250000	45500000	-0.00818304
chr22	45500000	45750000	-0.226201
chr22	45750000	46000000	-0.0385917
chr22	46000000	46250000	0.0185025
chr22	46250000	46500000	0.0172066
chr22	46500000	46750000	-0.0842749
chr22	46750000	47000000	-0.455778
chr22	47000000	47250000	-0.882214
chr22	47250000	47500000	-1.32925
chr22	47500000	47750000	-1.05072
chr22	47750000	48000000	-1.04645
chr22	48000000	48250000	-0.829674
chr22	48250000	48500000	-0.926505
chr22	48500000	48750000	-0.820331
chr22	48750000	49000000	-0.787814
chr22	49000000	49250000	-0.957474
chr22	49250000	49500000	-0.965863
chr22	49500000	49750000	-0.76454
chr22	49750000	50000000	-0.290169
chr22	50000000	50250000	0.0311963
chr22	50250000	50500000	0.148666
chr22	50500000	50750000	0.060914
chr22	50750000	50818468	nan
#bedGraph section chr3:0-198295559
chr3	0	250000	-0.236534
chr3	250000	500000	-0.429772
chr3	500000	750000	-0.82869
chr3	750000	1000000	-0.979332
chr3	1000000	1250000	-1.01242
chr3	1250000	1500000	-1.18551
chr3	1500000	1750000	-0.985318
chr3	1750000	2000000	-0.980061
chr3	2000000	2250000	-0.897194
chr3	2250000	2500000	-0.700837
chr3	2500000	2750000	-0.520165
chr3	2750000	3000000	-0.577735
chr3	3000000	3250000	-0.437388
chr3	3250000	3500000	-0.761728
chr3	3500000	3750000	-0.743939
chr3	3750000	4000000	-0.720962
chr3	4000000	4250000	-0.55031
chr3	4250000	4500000	-0.190419
chr3	4500000	4750000	-0.0625442
chr3	4750000	5000000	0.0289323
chr3	5000000	5250000	-0.0570232
chr3	5250000	5500000	-0.39352
chr3	5500000	5750000	-0.461734
chr3	5750000	6000000	-0.490825
chr3	6000000	6250000	-0.351365
chr3	6250000	6500000	-0.36431
chr3	6500000	6750000	-0.326945
chr3	6750000	7000000	-0.6307
chr3	7000000	7250000	-0.626121
chr3	7250000	7500000	-0.708371
chr3	7500000	7750000	-0.817285
chr3	7750000	8000000	-0.855326
chr3	8000000	8250000	-0.761089
chr3	8250000	8500000	-0.515605
chr3	8500000	8750000	-0.0937797
chr3	8750000	9000000	0.228536
chr3	9000000	9250000	0.356644
chr3	9250000	9500000	0.495131
chr3	9500000	9750000	0.623762
chr3	9750000	10000000	0.692865
chr3	10000000	10250000	0.667654
chr3	10250000	10500000	0.580835
chr3	10500000	10750000	0.434121
chr3	10750000	11000000	0.422527
chr3	11000000	11250000	0.41672
chr3	11250000	11500000	0.44271
chr3	11500000	11750000	0.266847
chr3	11750000	12000000	0.366222
chr3	12000000	12250000	0.363241
chr3	12250000	12500000	0.457156
chr3	12500000	12750000	0.611805
chr3	12750000	13000000	0.507694
chr3	13000000	13250000	0.567157
chr3	13250000	13500000	0.562459
chr3	13500000	13750000	0.39029
chr3	13750000	14000000	0.323357
chr3	14000000	14250000	0.415635
chr3	14250000	14500000	0.521194
chr3	14500000	14750000	0.573371
chr3	14750000	15000000	0.645418
chr3	15000000	15250000	0.597761
chr3	15250000	15500000	0.485188
chr3	15500000	15750000	0.355879
chr3	15750000	16000000	0.414154
chr3	16000000	16250000	0.195616
chr3	16250000	16500000	0.191966
chr3	16500000	16750000	0.0421074
chr3	16750000	17000000	0.0712139
chr3	17000000	17250000	0.00311311
chr3	17250000	17500000	-0.173113
chr3	17500000	17750000	-0.0907045
chr3	17750000	18000000	-0.255108
chr3	18000000	18250000	-0.37152
chr3	18250000	18500000	-0.596013
chr3	18500000	18750000	-0.709569
chr3	18750000	19000000	-0.802652
chr3	19000000	19250000	-0.692674
chr3	19250000	19500000	-0.696913
chr3	19500000	19750000	-0.746596
chr3	19750000	20000000	-0.448915
chr3	20000000	20250000	-0.11907
chr3	20250000	20500000	-0.598647
chr3	20500000	20750000	-0.77316
chr3	20750000	21000000	-0.84426
chr3	21000000	21250000	-0.843013
chr3	21250000	21500000	-0.706516
chr3	21500000	21750000	-0.751114
chr3	21750000	22000000	-0.78202
chr3	22000000	22250000	-0.700609
chr3	22250000	22500000	-0.777311
chr3	22500000	22750000	-0.741855
chr3	22750000	23000000	-0.557253
chr3	23000000	23250000	-0.15833
chr3	23250000	23500000	-0.206703
chr3	23500000	23750000	0.0308577
chr3	23750000	24000000	0.0540055
chr3	24000000	24250000	-0.343695
chr3	24250000	24500000	-0.687634
chr3	24500000	24750000	-0.800761
chr3	24750000	25000000	-0.773973
chr3	25000000	25250000	-0.803569
chr3	25250000	25500000	-0.717299
chr3	25500000	25750000	-0.460786
chr3	25750000	26000000	-0.453524
chr3	26000000	26250000	-0.842758
chr3	26250000	26500000	-0.906092
chr3	26500000	26750000	-0.827055
chr3	26750000	27000000	-0.932889
chr3	27000000	27250000	-0.766961
chr3	27250000	27500000	-0.253196
chr3	27500000	27750000	-0.101573
chr3	27750000	28000000	-0.140909
chr3	28000000	28250000	-0.0627855
chr3	28250000	28500000	-0.455968
chr3	28500000	28750000	-0.721736
chr3	28750000	29000000	-0.51912
chr3	29000000	29250000	-0.481181
chr3	29250000	29500000	-0.375834
chr3	29500000	29750000	-0.442199
chr3	29750000	30000000	-0.648648
chr3	30000000	30250000	-0.576119
chr3	30250000	30500000	-0.569697
chr3	30500000	30750000	-0.524036
chr3	30750000	31000000	-0.249366
chr3	31000000	31250000	-0.197198
chr3	31250000	31500000	-0.0492313
chr3	31500000	31750000	0.0131883
chr3	31750000	32000000	-0.0497072
chr3	32000000	32250000	0.0435965
chr3	32250000	32500000	0.232907
chr3	32500000	32750000	0.319256
chr3	32750000	33000000	0.279663
chr3	33000000	33250000	0.216158
chr3	33250000	33500000	0.129507
chr3	33500000	33750000	-0.122325
chr3	33750000	34000000	-0.272445
chr3	34000000	34250000	-0.422801
chr3	34250000	34500000	-0.664673
chr3	34500000	34750000	-0.7925
chr3	34750000	35000000	-0.961287
chr3	35000000	35250000	-0.884971
chr3	35250000	35500000	-1.02886
chr3	35500000	35750000	-0.881769
chr3	35750000	36000000	-0.815722
chr3	36000000	36250000	-0.893501
chr3	36250000	36500000	-0.807203
chr3	36500000	36750000	-0.577687
chr3	36750000	37000000	-0.152656
chr3	37000000	37250000	0.209124
chr3	37250000	37500000	0.107953
chr3	37500000	37750000	0.11898
chr3	37750000	38000000	0.305712
chr3	38000000	38250000	0.41668
chr3	38250000	38500000	0.370532
chr3	38500000	38750000	0.310164
chr3	38750000	39000000	0.190125
chr3	39000000	39250000	0.313843
chr3	39250000	39500000	0.299554
chr3	39500000	39750000	-0.0926433
chr3	39750000	40000000	-0.128494
chr3	40000000	40250000	0.00126566
chr3	40250000	40500000	0.122419
chr3	40500000	40750000	0.165028
chr3	40750000	41000000	0.109775
chr3	41000000	41250000	0.149537
chr3	41250000	41500000	0.0576679
chr3	41500000	41750000	0.0637456
chr3	41750000	42000000	0.237281
chr3	42000000	42250000	0.31297
chr3	42250000	42500000	0.305192
chr3	42500000	42750000	0.479619
chr3	42750000	43000000	0.406053
chr3	43000000	43250000	0.419889
chr3	43250000	43500000	0.405415
chr3	43500000	43750000	0.49524
chr3	43750000	44000000	0.41975
chr3	44000000	44250000	0.426751
chr3	44250000	44500000	0.485939
chr3	44500000	44750000	0.545145
chr3	44750000	45000000	0.64475
chr3	45000000	45250000	0.660143
chr3	45250000	45500000	0.630001
chr3	45500000	45750000	0.634409
chr3	45750000	46000000	0.629185
chr3	46000000	46250000	0.56531
chr3	46250000	46500000	0.621981
chr3	46500000	46750000	0.68384
chr3	46750000	47000000	0.687301
chr3	47000000	47250000	0.641165
chr3	47250000	47500000	0.710926
chr3	47500000	47750000	0.683726
chr3	47750000	48000000	0.676647
chr3	48000000	48250000	0.717439
chr3	48250000	48500000	0.632444
chr3	48500000	48750000	0.638033
chr3	48750000	49000000	0.692622
chr3	49000000	49250000	0.671173
chr3	49250000	49500000	0.721831
chr3	49500000	49750000	0.660832
chr3	49750000	50000000	0.627234
chr3	50000000	50250000	0.620636
chr3	50250000	50500000	0.569287
chr3	50500000	50750000	0.538634
chr3	50750000	51000000	0.291809
chr3	51000000	51250000	0.359821
chr3	51250000	51500000	0.460095
chr3	51500000	51750000	0.596181
chr3	51750000	52000000	0.601025
chr3	52000000	52250000	0.696526
chr3	52250000	52500000	0.632497
chr3	52500000	52750000	0.664266
chr3	52750000	53000000	0.556939
chr3	53000000	53250000	0.587949
chr3	53250000	53500000	0.423185
chr3	53500000	53750000	0.492591
chr3	53750000	54000000	0.417627
chr3	54000000	54250000	0.135806
chr3	54250000	54500000	-0.00930982
chr3	54500000	54750000	-0.0627045
chr3	54750000	55000000	0.0574084
chr3	55000000	55250000	0.0165142
chr3	55250000	55500000	-0.0211877
chr3	55500000	55750000	0.261745
chr3	55750000	56000000	0.00425802
chr3	56000000	56250000	-0.0180232
chr3	56250000	56500000	0.101396
chr3	56500000	56750000	0.323152
chr3	56750000	57000000	0.453399
chr3	57000000	57250000	0.535114
chr3	57250000	57500000	0.452481
chr3	57500000	57750000	0.5565
chr3	57750000	58000000	0.476552
chr3	58000000	58250000	0.554647
chr3	58250000	58500000	0.568724
chr3	58500000	58750000	0.321823
chr3	58750000	59000000	0.2087
chr3	59000000	59250000	0.19329
chr3	59250000	59500000	0.228032
chr3	59500000	59750000	0.2063
chr3	59750000	60000000	0.178118
chr3	60000000	60250000	0.0524564
chr3	60250000	60500000	-0.058699
chr3	60500000	60750000	-0.0574861
chr3	60750000	61000000	-0.00523037
chr3	61000000	61250000	0.0914568
chr3	61250000	61500000	0.153854
chr3	61500000	61750000	0.195804
chr3	61750000	62000000	-0.0178446
chr3	62000000	62250000	0.0189401
chr3	62250000	62500000	-0.286266
chr3	62500000	62750000	-0.316003
chr3	62750000	63000000	-0.360383
chr3	63000000	63250000	-0.399078
chr3	63250000	63500000	-0.436634
chr3	63500000	63750000	-0.371074
chr3	63750000	64000000	-0.0654047
chr3	64000000	64250000	-0.285181
chr3	64250000	64500000	-0.255397
chr3	64500000	64750000	-0.444916
chr3	64750000	65000000	-0.612921
chr3	65000000	65250000	-0.802255
chr3	65250000	65500000	-0.628083
chr3	65500000	65750000	-0.544284
chr3	65750000	66000000	-0.25544
chr3	66000000	66250000	-0.213048
chr3	66250000	66500000	0.035047
chr3	66500000	66750000	0.016091
chr3	66750000	67000000	-0.137842
chr3	67000000	67250000	-0.261761
chr3	67250000	67500000	-0.226851
chr3	67500000	67750000	-0.12851
chr3	67750000	68000000	-0.378813
chr3	68000000	68250000	-0.500753
chr3	68250000	68500000	-0.516178
chr3	68500000	68750000	-0.564659
chr3	68750000	69000000	-0.299565
chr3	69000000	69250000	0.14122
chr3	69250000	69500000	0.0212343
chr3	69500000	69750000	-0.154761
chr3	69750000	70000000	-0.394034
chr3	70000000	70250000	-0.58234
chr3	70250000	70500000	-0.569959
chr3	70500000	70750000	-0.584467
chr3	70750000	71000000	-0.527464
chr3	71000000	71250000	-0.24696
chr3	71250000	71500000	-0.0998039
chr3	71500000	71750000	-0.117659
chr3	71750000	72000000	0.0926268
chr3	72000000	72250000	0.327664
chr3	72250000	72500000	0.334747
chr3	72500000	72750000	0.302969
chr3	72750000	73000000	0.221458
chr3	73000000	73250000	0.0388358
chr3	73250000	73500000	-0.134807
chr3	73500000	73750000	-0.363443
chr3	73750000	74000000	-0.629267
chr3	74000000	74250000	-0.759007
chr3	74250000	74500000	-0.688287
chr3	74500000	74750000	-0.647039
chr3	74750000	75000000	-0.67863
chr3	75000000	75250000	-0.506082
chr3	75250000	75500000	-0.357834
chr3	75500000	75750000	-0.252334
chr3	75750000	76000000	-0.63656
chr3	76000000	76250000	-0.68006
chr3	76250000	76500000	-0.805459
chr3	76500000	76750000	-0.789513
chr3	76750000	77000000	-0.636873
chr3	77000000	77250000	-0.648208
chr3	77250000	77500000	-0.732646
chr3	77500000	77750000	-0.743847
chr3	77750000	78000000	-0.705672
chr3	78000000	78250000	-0.593867
chr3	78250000	78500000	-0.472803
chr3	78500000	78750000	-0.452097
chr3	78750000	79000000	-0.454084
chr3	79000000	79250000	-0.565408
chr3	79250000	79500000	-0.575851
chr3	79500000	79750000	-0.5852
chr3	79750000	80000000	-0.717492
chr3	80000000	80250000	-0.698645
chr3	80250000	80500000	-0.765613
chr3	80500000	80750000	-0.66518
chr3	80750000	81000000	-0.717165
chr3	81000000	81250000	-0.639365
chr3	81250000	81500000	-0.476281
chr3	81500000	81750000	-0.163093
chr3	81750000	82000000	-0.186351
chr3	82000000	82250000	-0.33556
chr3	82250000	82500000	-0.516608
chr3	82500000	82750000	-0.524581
chr3	82750000	83000000	-0.482574
chr3	83000000	83250000	-0.502503
chr3	83250000	83500000	-0.491805
chr3	83500000	83750000	-0.57803
chr3	83750000	84000000	-0.585749
chr3	84000000	84250000	-0.600331
chr3	84250000	84500000	-0.655866
chr3	84500000	84750000	-0.535047
chr3	84750000	85000000	-0.547573
chr3	85000000	85250000	-0.604127
chr3	85250000	85500000	-0.517195
chr3	85500000	85750000	-0.663376
chr3	85750000	86000000	-0.591997
chr3	86000000	86250000	-0.613634
chr3	86250000	86500000	-0.622826
chr3	86500000	86750000	-0.672975
chr3	86750000	87000000	-0.614966
chr3	87000000	87250000	-0.551566
chr3	87250000	87500000	-0.365209
chr3	87500000	87750000	-0.411034
chr3	87750000	88000000	-0.460428
chr3	88000000	88250000	-0.283196
chr3	88250000	88500000	-0.488074
chr3	88500000	88750000	-0.626839
chr3	88750000	89000000	-0.561208
chr3	89000000	89250000	-0.53655
chr3	89250000	89500000	-0.604842
chr3	89500000	89750000	-0.510631
chr3	89750000	90000000	-0.449545
chr3	90000000	90250000	-0.48035
chr3	90250000	90500000	nan
chr3	90500000	90750000	nan
chr3	90750000	91000000	nan
chr3	91000000	91250000	nan
chr3	91250000	91500000	nan
chr3	91500000	91750000	nan
chr3	91750000	92000000	nan
chr3	92000000	92250000	nan
chr3	92250000	92500000	nan
chr3	92500000	92750000	nan
chr3	92750000	93000000	nan
chr3	93000000	93250000	nan
chr3	93250000	93500000	0.128982
chr3	93500000	93750000	nan
chr3	93750000	94000000	-0.470959
chr3	94000000	94250000	-0.446631
chr3	94250000	94500000	-0.542359
chr3	94500000	94750000	-0.591375
chr3	94750000	95000000	-0.570376
chr3	95000000	95250000	-0.423453
chr3	95250000	95500000	-0.31815
chr3	95500000	95750000	-0.37058
chr3	95750000	96000000	-0.539284
chr3	96000000	96250000	-0.575591
chr3	96250000	96500000	-0.543807
chr3	96500000	96750000	-0.600418
chr3	96750000	97000000	-0.546046
chr3	97000000	97250000	-0.560173
chr3	97250000	97500000	-0.528588
chr3	97500000	97750000	-0.482013
chr3	97750000	98000000	-0.197698
chr3	98000000	98250000	-0.210198
chr3	98250000	98500000	-0.122983
chr3	98500000	98750000	0.0315375
chr3	98750000	99000000	-0.0349992
chr3	99000000	99250000	-0.171621
chr3	99250000	99500000	-0.350064
chr3	99500000	99750000	-0.226727
chr3	99750000	100000000	-0.00664383
chr3	100000000	100250000	0.195875
chr3	100250000	100500000	0.216552
chr3	100500000	100750000	0.0994785
chr3	100750000	101000000	-0.18209
chr3	101000000	101250000	-0.196076
chr3	101250000	101500000	-0.15588
chr3	101500000	101750000	0.141338
chr3	101750000	102000000	0.11372
chr3	102000000	102250000	-0.00788526
chr3	102250000	102500000	-0.341009
chr3	102500000	102750000	-0.454923
chr3	102750000	103000000	-0.567463
chr3	103000000	103250000	-0.52914
chr3	103250000	103500000	-0.476017
chr3	103500000	103750000	-0.69975
chr3	103750000	104000000	-0.566324
chr3	104000000	104250000	-0.529422
chr3	104250000	104500000	-0.467045
chr3	104500000	104750000	-0.453611
chr3	104750000	105000000	-0.590847
chr3	105000000	105250000	-0.439553
chr3	105250000	105500000	-0.348229
chr3	105500000	105750000	-0.225817
chr3	105750000	106000000	0.0156964
chr3	106000000	106250000	0.0406814
chr3	106250000	106500000	-0.0593086
chr3	106500000	106750000	-0.279701
chr3	106750000	107000000	-0.54475
chr3	107000000	107250000	-0.488451
chr3	107250000	107500000	-0.283223
chr3	107500000	107750000	-0.15717
chr3	107750000	108000000	-0.0267943
chr3	108000000	108250000	0.132762
chr3	108250000	108500000	-0.0314678
chr3	108500000	108750000	-0.310221
chr3	108750000	109000000	-0.411908
chr3	109000000	109250000	-0.551173
chr3	109250000	109500000	-0.543175
chr3	109500000	109750000	-0.782194
chr3	109750000	110000000	-0.774101
chr3	110000000	110250000	-0.757077
chr3	110250000	110500000	-0.691647
chr3	110500000	110750000	-0.69898
chr3	110750000	111000000	-0.70522
chr3	111000000	111250000	-0.654519
chr3	111250000	111500000	-0.614932
chr3	111500000	111750000	-0.315781
chr3	111750000	112000000	-0.213299
chr3	112000000	112250000	0.0811198
chr3	112250000	112500000	0.148304
chr3	112500000	112750000	0.164909
chr3	112750000	113000000	0.147009
chr3	113000000	113250000	0.229304
chr3	113250000	113500000	0.198136
chr3	113500000	113750000	0.274202
chr3	113750000	114000000	0.179639
chr3	114000000	114250000	0.092608
chr3	114250000	114500000	-0.0362932
chr3	114500000	114750000	-0.235208
chr3	114750000	115000000	-0.318958
chr3	115000000	115250000	-0.271366
chr3	115250000	115500000	-0.377904
chr3	115500000	115750000	-0.392564
chr3	115750000	116000000	-0.311696
chr3	116000000	116250000	-0.444072
chr3	116250000	116500000	-0.416458
chr3	116500000	116750000	-0.538562
chr3	116750000	117000000	-0.436557
chr3	117000000	117250000	-0.430775
chr3	117250000	117500000	-0.253541
chr3	117500000	117750000	-0.541899
chr3	117750000	118000000	-0.690226
chr3	118000000	118250000	-0.675701
chr3	118250000	118500000	-0.443333
chr3	118500000	118750000	-0.279021
chr3	118750000	119000000	-0.27698
chr3	119000000	119250000	-0.137487
chr3	119250000	119500000	0.171961
chr3	119500000	119750000	0.179866
chr3	119750000	120000000	0.127841
chr3	120000000	120250000	0.144894
chr3	120250000	120500000	-0.0208577
chr3	120500000	120750000	0.00288609
chr3	120750000	121000000	-0.354815
chr3	121000000	121250000	-0.582577
chr3	121250000	121500000	-0.0939041
chr3	121500000	121750000	0.306768
chr3	121750000	122000000	0.311096
chr3	122000000	122250000	0.300344
chr3	122250000	122500000	0.367013
chr3	122500000	122750000	0.403313
chr3	122750000	123000000	0.500908
chr3	123000000	123250000	0.477345
chr3	123250000	123500000	0.571421
chr3	123500000	123750000	0.437594
chr3	123750000	124000000	0.429987
chr3	124000000	124250000	0.446979
chr3	124250000	124500000	0.426585
chr3	124500000	124750000	0.629858
chr3	124750000	125000000	0.634505
chr3	125000000	125250000	0.600376
chr3	125250000	125500000	0.606399
chr3	125500000	125750000	0.653228
chr3	125750000	126000000	0.474542
chr3	126000000	126250000	0.552776
chr3	126250000	126500000	0.528386
chr3	126500000	126750000	0.56403
chr3	126750000	127000000	0.591985
chr3	127000000	127250000	0.495443
chr3	127250000	127500000	0.511609
chr3	127500000	127750000	0.554605
chr3	127750000	128000000	0.590628
chr3	128000000	128250000	0.615441
chr3	128250000	128500000	0.693557
chr3	128500000	128750000	0.720402
chr3	128750000	129000000	0.72009
chr3	129000000	129250000	0.717749
chr3	129250000	129500000	0.673741
chr3	129500000	129750000	0.572171
chr3	129750000	130000000	0.530109
chr3	130000000	130250000	0.390033
chr3	130250000	130500000	0.0320991
chr3	130500000	130750000	0.150937
chr3	130750000	131000000	0.257977
chr3	131000000	131250000	0.19082
chr3	131250000	131500000	0.0802033
chr3	131500000	131750000	0.139485
chr3	131750000	132000000	0.0455601
chr3	132000000	132250000	0.0439726
chr3	132250000	132500000	0.160986
chr3	132500000	132750000	0.306074
chr3	132750000	133000000	0.160166
chr3	133000000	133250000	0.214223
chr3	133250000	133500000	0.237838
chr3	133500000	133750000	0.411809
chr3	133750000	134000000	0.354948
chr3	134000000	134250000	0.360669
chr3	134250000	134500000	0.341243
chr3	134500000	134750000	0.190874
chr3	134750000	135000000	0.165823
chr3	135000000	135250000	0.0524881
chr3	135250000	135500000	0.0308006
chr3	135500000	135750000	-0.052475
chr3	135750000	136000000	0.0266921
chr3	136000000	136250000	0.330805
chr3	136250000	136500000	0.327141
chr3	136500000	136750000	0.28647
chr3	136750000	137000000	0.330934
chr3	137000000	137250000	0.0858524
chr3	137250000	137500000	-0.193139
chr3	137500000	137750000	-0.10687
chr3	137750000	138000000	-0.0562297
chr3	138000000	138250000	0.191777
chr3	138250000	138500000	0.28599
chr3	138500000	138750000	0.262
chr3	138750000	139000000	0.291462
chr3	139000000	139250000	0.076752
chr3	139250000	139500000	0.234474
chr3	139500000	139750000	0.0792071
chr3	139750000	140000000	-0.0246063
chr3	140000000	140250000	0.0417627
chr3	140250000	140500000	0.078022
chr3	140500000	140750000	0.171721
chr3	140750000	141000000	0.254344
chr3	141000000	141250000	0.270199
chr3	141250000	141500000	0.476798
chr3	141500000	141750000	0.441211
chr3	141750000	142000000	0.421639
chr3	142000000	142250000	0.289643
chr3	142250000	142500000	0.261767
chr3	142500000	142750000	0.261474
chr3	142750000	143000000	0.12781
chr3	143000000	143250000	0.287874
chr3	143250000	143500000	0.0332323
chr3	143500000	143750000	-0.124467
chr3	143750000	144000000	-0.212678
chr3	144000000	144250000	-0.546196
chr3	144250000	144500000	-0.756115
chr3	144500000	144750000	-0.702527
chr3	144750000	145000000	-0.799739
chr3	145000000	145250000	-0.774177
chr3	145250000	145500000	-0.855276
chr3	145500000	145750000	-0.805269
chr3	145750000	146000000	-0.611876
chr3	146000000	146250000	-0.577928
chr3	146250000	146500000	-0.618104
chr3	146500000	146750000	-0.661972
chr3	146750000	147000000	-0.756228
chr3	147000000	147250000	-0.784234
chr3	147250000	147500000	-0.659664
chr3	147500000	147750000	-0.743039
chr3	147750000	148000000	-0.558183
chr3	148000000	148250000	-0.427752
chr3	148250000	148500000	-0.464217
chr3	148500000	148750000	-0.748192
chr3	148750000	149000000	-0.419126
chr3	149000000	149250000	-0.0360942
chr3	149250000	149500000	0.13944
chr3	149500000	149750000	0.372541
chr3	149750000	150000000	0.227576
chr3	150000000	150250000	0.308855
chr3	150250000	150500000	0.253273
chr3	150500000	150750000	0.317019
chr3	150750000	151000000	0.0721302
chr3	151000000	151250000	-0.0118022
chr3	151250000	151500000	-0.315848
chr3	151500000	151750000	-0.421299
chr3	151750000	152000000	-0.26058
chr3	152000000	152250000	0.0337018
chr3	152250000	152500000	-0.00446833
chr3	152500000	152750000	-0.255075
chr3	152750000	153000000	-0.368139
chr3	153000000	153250000	-0.256874
chr3	153250000	153500000	-0.486455
chr3	153500000	153750000	-0.593057
chr3	153750000	154000000	-0.414504
chr3	154000000	154250000	-0.379797
chr3	154250000	154500000	-0.499021
chr3	154500000	154750000	-0.659244
chr3	154750000	155000000	-0.667056
chr3	155000000	155250000	-0.691098
chr3	155250000	155500000	-0.544257
chr3	155500000	155750000	-0.286539
chr3	155750000	156000000	0.0605026
chr3	156000000	156250000	-0.0801241
chr3	156250000	156500000	0.0118844
chr3	156500000	156750000	0.121814
chr3	156750000	157000000	0.0448145
chr3	157000000	157250000	0.093522
chr3	157250000	157500000	-0.364879
chr3	157500000	157750000	-0.399035
chr3	157750000	158000000	-0.445158
chr3	158000000	158250000	-0.308203
chr3	158250000	158500000	-0.324439
chr3	158500000	158750000	-0.241427
chr3	158750000	159000000	-0.358064
chr3	159000000	159250000	-0.597555
chr3	159250000	159500000	-0.464518
chr3	159500000	159750000	-0.350149
chr3	159750000	160000000	-0.0093751
chr3	160000000	160250000	0.123737
chr3	160250000	160500000	0.204988
chr3	160500000	160750000	0.0423457
chr3	160750000	161000000	-0.159699
chr3	161000000	161250000	-0.150962
chr3	161250000	161500000	-0.162317
chr3	161500000	161750000	-0.505523
chr3	161750000	162000000	-0.557523
chr3	162000000	162250000	-0.77198
chr3	162250000	162500000	-0.672237
chr3	162500000	162750000	-0.634419
chr3	162750000	163000000	-0.663654
chr3	163000000	163250000	-0.694297
chr3	163250000	163500000	-0.638893
chr3	163500000	163750000	-0.662708
chr3	163750000	164000000	-0.637189
chr3	164000000	164250000	-0.629211
chr3	164250000	164500000	-0.556274
chr3	164500000	164750000	-0.664349
chr3	164750000	165000000	-0.570312
chr3	165000000	165250000	-0.636837
chr3	165250000	165500000	-0.651818
chr3	165500000	165750000	-0.537107
chr3	165750000	166000000	-0.566028
chr3	166000000	166250000	-0.699018
chr3	166250000	166500000	-0.665977
chr3	166500000	166750000	-0.689962
chr3	166750000	167000000	-0.721396
chr3	167000000	167250000	-0.647916
chr3	167250000	167500000	-0.583915
chr3	167500000	167750000	-0.446044
chr3	167750000	168000000	-0.435097
chr3	168000000	168250000	-0.290916
chr3	168250000	168500000	-0.215382
chr3	168500000	168750000	-0.375268
chr3	168750000	169000000	-0.412716
chr3	169000000	169250000	-0.472015
chr3	169250000	169500000	-0.491539
chr3	169500000	169750000	-0.236747
chr3	169750000	170000000	0.238134
chr3	170000000	170250000	0.236363
chr3	170250000	170500000	0.288149
chr3	170500000	170750000	0.067185
chr3	170750000	171000000	0.22105
chr3	171000000	171250000	0.195658
chr3	171250000	171500000	0.162722
chr3	171500000	171750000	0.211978
chr3	171750000	172000000	0.283112
chr3	172000000	172250000	0.263312
chr3	172250000	172500000	0.188106
chr3	172500000	172750000	0.114756
chr3	172750000	173000000	-0.400541
chr3	173000000	173250000	-0.663775
chr3	173250000	173500000	-0.774607
chr3	173500000	173750000	-0.79145
chr3	173750000	174000000	-0.651185
chr3	174000000	174250000	-0.707307
chr3	174250000	174500000	-0.747949
chr3	174500000	174750000	-0.670221
chr3	174750000	175000000	-0.70498
chr3	175000000	175250000	-0.554042
chr3	175250000	175500000	-0.367486
chr3	175500000	175750000	-0.544477
chr3	175750000	176000000	-0.572703
chr3	176000000	176250000	-0.585025
chr3	176250000	176500000	-0.652589
chr3	176500000	176750000	-0.750137
chr3	176750000	177000000	-0.419301
chr3	177000000	177250000	-0.0606314
chr3	177250000	177500000	0.0155641
chr3	177500000	177750000	-0.175224
chr3	177750000	178000000	-0.390047
chr3	178000000	178250000	-0.567466
chr3	178250000	178500000	-0.434888
chr3	178500000	178750000	-0.188836
chr3	178750000	179000000	-0.149315
chr3	179000000	179250000	0.0631299
chr3	179250000	179500000	0.116083
chr3	179500000	179750000	0.153174
chr3	179750000	180000000	-0.00408482
chr3	180000000	180250000	0.0459143
chr3	180250000	180500000	-0.0419137
chr3	180500000	180750000	-0.238759
chr3	180750000	181000000	-0.289797
chr3	181000000	181250000	-0.461256
chr3	181250000	181500000	-0.548476
chr3	181500000	181750000	-0.486221
chr3	181750000	182000000	-0.209384
chr3	182000000	182250000	-0.433169
chr3	182250000	182500000	-0.342203
chr3	182500000	182750000	-0.123122
chr3	182750000	183000000	0.19701
chr3	183000000	183250000	0.285124
chr3	183250000	183500000	0.377295
chr3	183500000	183750000	0.482837
chr3	183750000	184000000	0.572123
chr3	184000000	184250000	0.620732
chr3	184250000	184500000	0.582527
chr3	184500000	184750000	0.507928
chr3	184750000	185000000	0.484993
chr3	185000000	185250000	0.353664
chr3	185250000	185500000	0.482398
chr3	185500000	185750000	0.567411
chr3	185750000	186000000	0.489832
chr3	186000000	186250000	0.489205
chr3	186250000	186500000	0.458868
chr3	186500000	186750000	0.482393
chr3	186750000	187000000	0.375756
chr3	187000000	187250000	0.294931
chr3	187250000	187500000	0.134556
chr3	187500000	187750000	0.0249226
chr3	187750000	188000000	0.0582348
chr3	188000000	188250000	0.00476558
chr3	188250000	188500000	-0.0600786
chr3	188500000	188750000	-0.234393
chr3	188750000	189000000	-0.162222
chr3	189000000	189250000	-0.0990691
chr3	189250000	189500000	0.00361103
chr3	189500000	189750000	-0.0680206
chr3	189750000	190000000	0.0141961
chr3	190000000	190250000	-0.14002
chr3	190250000	190500000	-0.271783
chr3	190500000	190750000	-0.393501
chr3	190750000	191000000	-0.488149
chr3	191000000	191250000	-0.315503
chr3	191250000	191500000	-0.163557
chr3	191500000	191750000	-0.42539
chr3	191750000	192000000	-0.420452
chr3	192000000	192250000	-0.345006
chr3	192250000	192500000	-0.428906
chr3	192500000	192750000	-0.342131
chr3	192750000	193000000	-0.198424
chr3	193000000	193250000	-0.359802
chr3	193250000	193500000	-0.259536
chr3	193500000	193750000	0.167581
chr3	193750000	194000000	0.351157
chr3	194000000	194250000	0.229323
chr3	194250000	194500000	0.402686
chr3	194500000	194750000	0.540085
chr3	194750000	195000000	0.460231
chr3	195000000	195250000	0.560322
chr3	195250000	195500000	0.524941
chr3	195500000	195750000	0.657508
chr3	195750000	196000000	0.594897
chr3	196000000	196250000	0.627827
chr3	196250000	196500000	0.666369
chr3	196500000	196750000	0.579668
chr3	196750000	197000000	0.619068
chr3	197000000	197250000	0.485486
chr3	197250000	197500000	0.584984
chr3	197500000	197750000	0.628614
chr3	197750000	198000000	0.404681
chr3	198000000	198250000	0.253395
chr3	198250000	198295559	nan
#bedGraph section chr4:0-190214555
chr4	0	250000	-0.111765
chr4	250000	500000	-0.153401
chr4	500000	750000	0.133753
chr4	750000	1000000	0.405921
chr4	1000000	1250000	0.31345
chr4	1250000	1500000	0.235233
chr4	1500000	1750000	0.439093
chr4	1750000	2000000	0.557423
chr4	2000000	2250000	0.553638
chr4	2250000	2500000	0.505233
chr4	2500000	2750000	0.611631
chr4	2750000	3000000	0.735828
chr4	3000000	3250000	0.620977
chr4	3250000	3500000	0.535997
chr4	3500000	3750000	0.390742
chr4	3750000	4000000	0.384998
chr4	4000000	4250000	0.520837
chr4	4250000	4500000	0.506935
chr4	4500000	4750000	0.212492
chr4	4750000	5000000	0.109743
chr4	5000000	5250000	-0.148233
chr4	5250000	5500000	-0.0983331
chr4	5500000	5750000	0.0647681
chr4	5750000	6000000	0.343869
chr4	6000000	6250000	0.395612
chr4	6250000	6500000	0.441095
chr4	6500000	6750000	0.403114
chr4	6750000	7000000	0.549422
chr4	7000000	7250000	0.459225
chr4	7250000	7500000	0.350863
chr4	7500000	7750000	0.200127
chr4	7750000	8000000	0.311946
chr4	8000000	8250000	0.439036
chr4	8250000	8500000	0.261259
chr4	8500000	8750000	0.110638
chr4	8750000	9000000	-0.0765897
chr4	9000000	9250000	nan
chr4	9250000	9500000	nan
chr4	9500000	9750000	0.0135385
chr4	9750000	10000000	0.267125
chr4	10000000	10250000	0.203698
chr4	10250000	10500000	-0.104173
chr4	10500000	10750000	0.0646203
chr4	10750000	11000000	0.0244614
chr4	11000000	11250000	-0.08668
chr4	11250000	11500000	-0.170701
chr4	11500000	11750000	-0.438385
chr4	11750000	12000000	-0.577602
chr4	12000000	12250000	-0.635614
chr4	12250000	12500000	-0.691986
chr4	12500000	12750000	-0.496764
chr4	12750000	13000000	-0.375471
chr4	13000000	13250000	-0.463774
chr4	13250000	13500000	-0.0975633
chr4	13500000	13750000	-0.0506793
chr4	13750000	14000000	-0.151416
chr4	14000000	14250000	-0.0934602
chr4	14250000	14500000	-0.190746
chr4	14500000	14750000	-0.21706
chr4	14750000	15000000	0.0666758
chr4	15000000	15250000	-0.035625
chr4	15250000	15500000	-0.0458398
chr4	15500000	15750000	0.15566
chr4	15750000	16000000	0.322795
chr4	16000000	16250000	0.139094
chr4	16250000	16500000	0.0657341
chr4	16500000	16750000	-0.327122
chr4	16750000	17000000	-0.241281
chr4	17000000	17250000	-0.0723789
chr4	17250000	17500000	0.0916678
chr4	17500000	17750000	0.222466
chr4	17750000	18000000	0.0140112
chr4	18000000	18250000	-0.0378964
chr4	18250000	18500000	-0.344606
chr4	18500000	18750000	-0.492785
chr4	18750000	19000000	-0.474642
chr4	19000000	19250000	-0.481966
chr4	19250000	19500000	-0.507988
chr4	19500000	19750000	-0.453252
chr4	19750000	20000000	-0.60575
chr4	20000000	20250000	-0.521065
chr4	20250000	20500000	-0.332307
chr4	20500000	20750000	-0.23506
chr4	20750000	21000000	-0.44555
chr4	21000000	21250000	-0.334311
chr4	21250000	21500000	-0.479305
chr4	21500000	21750000	-0.422948
chr4	21750000	22000000	-0.376397
chr4	22000000	22250000	-0.404572
chr4	22250000	22500000	-0.00863265
chr4	22500000	22750000	-0.0495621
chr4	22750000	23000000	-0.148678
chr4	23000000	23250000	-0.141643
chr4	23250000	23500000	-0.306724
chr4	23500000	23750000	-0.432502
chr4	23750000	24000000	-0.278276
chr4	24000000	24250000	-0.286475
chr4	24250000	24500000	-0.0835596
chr4	24500000	24750000	0.228964
chr4	24750000	25000000	0.206619
chr4	25000000	25250000	0.290271
chr4	25250000	25500000	0.394836
chr4	25500000	25750000	0.386715
chr4	25750000	26000000	0.369672
chr4	26000000	26250000	0.438302
chr4	26250000	26500000	0.459894
chr4	26500000	26750000	0.178771
chr4	26750000	27000000	0.283958
chr4	27000000	27250000	0.0989341
chr4	27250000	27500000	-0.246133
chr4	27500000	27750000	-0.214691
chr4	27750000	28000000	-0.221283
chr4	28000000	28250000	-0.312715
chr4	28250000	28500000	-0.291245
chr4	28500000	28750000	-0.319196
chr4	28750000	29000000	-0.447588
chr4	29000000	29250000	-0.474723
chr4	29250000	29500000	-0.434443
chr4	29500000	29750000	-0.40625
chr4	29750000	30000000	-0.398032
chr4	30000000	30250000	-0.423342
chr4	30250000	30500000	-0.344314
chr4	30500000	30750000	-0.254484
chr4	30750000	31000000	-0.173978
chr4	31000000	31250000	-0.19631
chr4	31250000	31500000	-0.244706
chr4	31500000	31750000	-0.317801
chr4	31750000	32000000	-0.343371
chr4	32000000	32250000	-0.327074
chr4	32250000	32500000	-0.383737
chr4	32500000	32750000	-0.354377
chr4	32750000	33000000	-0.36114
chr4	33000000	33250000	-0.329657
chr4	33250000	33500000	-0.339082
chr4	33500000	33750000	-0.414711
chr4	33750000	34000000	-0.358859
chr4	34000000	34250000	-0.353294
chr4	34250000	34500000	-0.50042
chr4	34500000	34750000	-0.330623
chr4	34750000	35000000	-0.286658
chr4	35000000	35250000	-0.314849
chr4	35250000	35500000	-0.317822
chr4	35500000	35750000	-0.268043
chr4	35750000	36000000	-0.0460187
chr4	36000000	36250000	0.0601541
chr4	36250000	36500000	0.232815
chr4	36500000	36750000	0.0743062
chr4	36750000	37000000	-0.0395924
chr4	37000000	37250000	-0.166595
chr4	37250000	37500000	0.0517323
chr4	37500000	37750000	0.355
chr4	37750000	38000000	0.475302
chr4	38000000	38250000	0.553451
chr4	38250000	38500000	0.547359
chr4	38500000	38750000	0.555717
chr4	38750000	39000000	0.512855
chr4	39000000	39250000	0.467297
chr4	39250000	39500000	0.655308
chr4	39500000	39750000	0.6606
chr4	39750000	40000000	0.635013
chr4	40000000	40250000	0.537762
chr4	40250000	40500000	0.529021
chr4	40500000	40750000	0.55999
chr4	40750000	41000000	0.420891
chr4	41000000	41250000	0.483199
chr4	41250000	41500000	0.162567
chr4	41500000	41750000	0.104578
chr4	41750000	42000000	0.240365
chr4	42000000	42250000	0.398423
chr4	42250000	42500000	0.235475
chr4	42500000	42750000	0.0893108
chr4	42750000	43000000	-0.218888
chr4	43000000	43250000	-0.332156
chr4	43250000	43500000	-0.441941
chr4	43500000	43750000	-0.552359
chr4	43750000	44000000	-0.338188
chr4	44000000	44250000	-0.331819
chr4	44250000	44500000	-0.359176
chr4	44500000	44750000	-0.221909
chr4	44750000	45000000	-0.453766
chr4	45000000	45250000	-0.498986
chr4	45250000	45500000	-0.47996
chr4	45500000	45750000	-0.399829
chr4	45750000	46000000	-0.336683
chr4	46000000	46250000	-0.477138
chr4	46250000	46500000	-0.378703
chr4	46500000	46750000	-0.264218
chr4	46750000	47000000	-0.142018
chr4	47000000	47250000	-0.0366322
chr4	47250000	47500000	0.144276
chr4	47500000	47750000	0.314138
chr4	47750000	48000000	0.317222
chr4	48000000	48250000	0.37219
chr4	48250000	48500000	0.372482
chr4	48500000	48750000	0.331139
chr4	48750000	49000000	0.332082
chr4	49000000	49250000	0.466866
chr4	49250000	49500000	nan
chr4	49500000	49750000	0.390227
chr4	49750000	50000000	nan
chr4	50000000	50250000	nan
chr4	50250000	50500000	nan
chr4	50500000	50750000	nan
chr4	50750000	51000000	nan
chr4	51000000	51250000	nan
chr4	51250000	51500000	nan
chr4	51500000	51750000	nan
chr4	51750000	52000000	-0.127374
chr4	52000000	52250000	-0.391282
chr4	52250000	52500000	-0.293853
chr4	52500000	52750000	0.184446
chr4	52750000	53000000	0.177352
chr4	53000000	53250000	0.238213
chr4	53250000	53500000	0.340421
chr4	53500000	53750000	0.403324
chr4	53750000	54000000	0.262982
chr4	54000000	54250000	0.178379
chr4	54250000	54500000	0.0650164
chr4	54500000	54750000	-0.201097
chr4	54750000	55000000	-0.215427
chr4	55000000	55250000	-0.199633
chr4	55250000	55500000	0.148442
chr4	55500000	55750000	0.236332
chr4	55750000	56000000	0.320347
chr4	56000000	56250000	0.260711
chr4	56250000	56500000	0.346608
chr4	56500000	56750000	0.445707
chr4	56750000	57000000	0.534799
chr4	57000000	57250000	0.0506905
chr4	57250000	57500000	-0.337683
chr4	57500000	57750000	-0.549449
chr4	57750000	58000000	-0.589242
chr4	58000000	58250000	-0.491379
chr4	58250000	58500000	-0.538543
chr4	58500000	58750000	-0.61524
chr4	58750000	59000000	-0.511762
chr4	59000000	59250000	-0.481001
chr4	59250000	59500000	-0.489962
chr4	59500000	59750000	-0.602734
chr4	59750000	60000000	-0.439933
chr4	60000000	60250000	-0.490103
chr4	60250000	60500000	-0.561716
chr4	60500000	60750000	-0.523883
chr4	60750000	61000000	-0.490056
chr4	61000000	61250000	-0.501325
chr4	61250000	61500000	-0.522254
chr4	61500000	61750000	-0.382509
chr4	61750000	62000000	-0.468839
chr4	62000000	62250000	-0.475822
chr4	62250000	62500000	-0.479316
chr4	62500000	62750000	-0.526514
chr4	62750000	63000000	-0.690673
chr4	63000000	63250000	-0.784706
chr4	63250000	63500000	-0.43183
chr4	63500000	63750000	-0.515187
chr4	63750000	64000000	-0.532582
chr4	64000000	64250000	-0.512308
chr4	64250000	64500000	-0.554164
chr4	64500000	64750000	-0.547465
chr4	64750000	65000000	-0.50294
chr4	65000000	65250000	-0.462139
chr4	65250000	65500000	-0.654688
chr4	65500000	65750000	-0.584623
chr4	65750000	66000000	-0.543094
chr4	66000000	66250000	-0.580139
chr4	66250000	66500000	-0.538113
chr4	66500000	66750000	-0.620197
chr4	66750000	67000000	-0.539912
chr4	67000000	67250000	-0.394756
chr4	67250000	67500000	-0.264737
chr4	67500000	67750000	0.157027
chr4	67750000	68000000	-0.118655
chr4	68000000	68250000	-0.325876
chr4	68250000	68500000	-0.0305946
chr4	68500000	68750000	nan
chr4	68750000	69000000	-0.00692464
chr4	69000000	69250000	-0.0801161
chr4	69250000	69500000	-0.375439
chr4	69500000	69750000	-0.290467
chr4	69750000	70000000	-0.432353
chr4	70000000	70250000	-0.42175
chr4	70250000	70500000	-0.0611992
chr4	70500000	70750000	0.0986483
chr4	70750000	71000000	0.440489
chr4	71000000	71250000	0.0726795
chr4	71250000	71500000	-0.242464
chr4	71500000	71750000	-0.335183
chr4	71750000	72000000	-0.387866
chr4	72000000	72250000	-0.289305
chr4	72250000	72500000	-0.480366
chr4	72500000	72750000	-0.539506
chr4	72750000	73000000	-0.42916
chr4	73000000	73250000	0.266336
chr4	73250000	73500000	0.169992
chr4	73500000	73750000	0.249343
chr4	73750000	74000000	0.0204904
chr4	74000000	74250000	9.9876e-05
chr4	74250000	74500000	0.153512
chr4	74500000	74750000	0.0175825
chr4	74750000	75000000	0.119619
chr4	75000000	75250000	0.127412
chr4	75250000	75500000	0.200133
chr4	75500000	75750000	0.515233
chr4	75750000	76000000	0.593112
chr4	76000000	76250000	0.465426
chr4	76250000	76500000	0.339088
chr4	76500000	76750000	0.362635
chr4	76750000	77000000	0.428304
chr4	77000000	77250000	0.440443
chr4	77250000	77500000	0.18994
chr4	77500000	77750000	0.235077
chr4	77750000	78000000	0.417507
chr4	78000000	78250000	0.206687
chr4	78250000	78500000	0.31365
chr4	78500000	78750000	0.441199
chr4	78750000	79000000	0.331064
chr4	79000000	79250000	-0.0138211
chr4	79250000	79500000	-0.157305
chr4	79500000	79750000	-0.370156
chr4	79750000	80000000	-0.287777
chr4	80000000	80250000	0.153672
chr4	80250000	80500000	0.0455353
chr4	80500000	80750000	0.0203657
chr4	80750000	81000000	0.0332737
chr4	81000000	81250000	4.0222e-05
chr4	81250000	81500000	0.0051299
chr4	81500000	81750000	0.0289342
chr4	81750000	82000000	-0.0530481
chr4	82000000	82250000	-0.0807117
chr4	82250000	82500000	0.336008
chr4	82500000	82750000	0.42452
chr4	82750000	83000000	0.632115
chr4	83000000	83250000	0.718165
chr4	83250000	83500000	0.492152
chr4	83500000	83750000	0.212004
chr4	83750000	84000000	-0.270935
chr4	84000000	84250000	-0.419395
chr4	84250000	84500000	-0.318713
chr4	84500000	84750000	-0.345132
chr4	84750000	85000000	-0.477258
chr4	85000000	85250000	-0.418545
chr4	85250000	85500000	-0.196777
chr4	85500000	85750000	0.0419822
chr4	85750000	86000000	-0.103141
chr4	86000000	86250000	-0.22119
chr4	86250000	86500000	-0.065451
chr4	86500000	86750000	0.448123
chr4	86750000	87000000	0.478513
chr4	87000000	87250000	0.382797
chr4	87250000	87500000	0.338995
chr4	87500000	87750000	-0.0156148
chr4	87750000	88000000	-0.0246094
chr4	88000000	88250000	0.280902
chr4	88250000	88500000	0.458027
chr4	88500000	88750000	0.344372
chr4	88750000	89000000	0.23195
chr4	89000000	89250000	0.130128
chr4	89250000	89500000	-0.10208
chr4	89500000	89750000	-0.205485
chr4	89750000	90000000	-0.246992
chr4	90000000	90250000	-0.259855
chr4	90250000	90500000	-0.45944
chr4	90500000	90750000	-0.534926
chr4	90750000	91000000	-0.479389
chr4	91000000	91250000	-0.4089
chr4	91250000	91500000	-0.271258
chr4	91500000	91750000	-0.306042
chr4	91750000	92000000	-0.602402
chr4	92000000	92250000	-0.599458
chr4	92250000	92500000	-0.649917
chr4	92500000	92750000	-0.527369
chr4	92750000	93000000	-0.597663
chr4	93000000	93250000	-0.496205
chr4	93250000	93500000	-0.402053
chr4	93500000	93750000	-0.411009
chr4	93750000	94000000	-0.361025
chr4	94000000	94250000	-0.202043
chr4	94250000	94500000	0.0749271
chr4	94500000	94750000	0.0848195
chr4	94750000	95000000	-0.30352
chr4	95000000	95250000	-0.23827
chr4	95250000	95500000	-0.0125916
chr4	95500000	95750000	-0.0928946
chr4	95750000	96000000	-0.300987
chr4	96000000	96250000	-0.369799
chr4	96250000	96500000	-0.576087
chr4	96500000	96750000	-0.616157
chr4	96750000	97000000	-0.587204
chr4	97000000	97250000	-0.594145
chr4	97250000	97500000	-0.685914
chr4	97500000	97750000	-0.691687
chr4	97750000	98000000	-0.586439
chr4	98000000	98250000	-0.169992
chr4	98250000	98500000	0.191331
chr4	98500000	98750000	0.19904
chr4	98750000	99000000	0.25927
chr4	99000000	99250000	0.0612846
chr4	99250000	99500000	-0.173757
chr4	99500000	99750000	0.00425285
chr4	99750000	100000000	0.167474
chr4	100000000	100250000	-0.221762
chr4	100250000	100500000	-0.247365
chr4	100500000	100750000	-0.264288
chr4	100750000	101000000	-0.0850379
chr4	101000000	101250000	0.0446688
chr4	101250000	101500000	0.066302
chr4	101500000	101750000	-0.157056
chr4	101750000	102000000	-0.28572
chr4	102000000	102250000	-0.136165
chr4	102250000	102500000	0.0777577
chr4	102500000	102750000	0.274012
chr4	102750000	103000000	0.339784
chr4	103000000	103250000	0.123507
chr4	103250000	103500000	-0.345317
chr4	103500000	103750000	-0.62848
chr4	103750000	104000000	-0.352395
chr4	104000000	104250000	-0.00125015
chr4	104250000	104500000	0.2483
chr4	104500000	104750000	0.21988
chr4	104750000	105000000	0.314047
chr4	105000000	105250000	0.312807
chr4	105250000	105500000	0.372357
chr4	105500000	105750000	0.373448
chr4	105750000	106000000	0.0844147
chr4	106000000	106250000	-0.0786214
chr4	106250000	106500000	-0.413707
chr4	106500000	106750000	-0.706669
chr4	106750000	107000000	-0.627027
chr4	107000000	107250000	-0.532775
chr4	107250000	107500000	-0.548521
chr4	107500000	107750000	-0.194922
chr4	107750000	108000000	-0.0539253
chr4	108000000	108250000	0.104838
chr4	108250000	108500000	0.0204157
chr4	108500000	108750000	0.132366
chr4	108750000	109000000	-0.0128601
chr4	109000000	109250000	-0.00250367
chr4	109250000	109500000	0.229918
chr4	109500000	109750000	0.47008
chr4	109750000	110000000	0.234526
chr4	110000000	110250000	0.342346
chr4	110250000	110500000	0.0795367
chr4	110500000	110750000	-0.230646
chr4	110750000	111000000	-0.461448
chr4	111000000	111250000	-0.557588
chr4	111250000	111500000	-0.620232
chr4	111500000	111750000	-0.434852
chr4	111750000	112000000	0.0067401
chr4	112000000	112250000	0.185649
chr4	112250000	112500000	0.260739
chr4	112500000	112750000	0.45182
chr4	112750000	113000000	0.391179
chr4	113000000	113250000	0.0910469
chr4	113250000	113500000	0.168535
chr4	113500000	113750000	0.214149
chr4	113750000	114000000	0.251031
chr4	114000000	114250000	-0.00284363
chr4	114250000	114500000	-0.235272
chr4	114500000	114750000	-0.22466
chr4	114750000	115000000	-0.465167
chr4	115000000	115250000	-0.441455
chr4	115250000	115500000	-0.276278
chr4	115500000	115750000	-0.366295
chr4	115750000	116000000	-0.163551
chr4	116000000	116250000	-0.271179
chr4	116250000	116500000	-0.366745
chr4	116500000	116750000	-0.482315
chr4	116750000	117000000	-0.455578
chr4	117000000	117250000	-0.731667
chr4	117250000	117500000	-0.570159
chr4	117500000	117750000	-0.580575
chr4	117750000	118000000	-0.585326
chr4	118000000	118250000	-0.434973
chr4	118250000	118500000	-0.0127421
chr4	118500000	118750000	0.146415
chr4	118750000	119000000	0.119625
chr4	119000000	119250000	0.00726576
chr4	119250000	119500000	0.173098
chr4	119500000	119750000	-0.183107
chr4	119750000	120000000	-0.391122
chr4	120000000	120250000	-0.27505
chr4	120250000	120500000	-0.52744
chr4	120500000	120750000	-0.529294
chr4	120750000	121000000	-0.241721
chr4	121000000	121250000	-0.093977
chr4	121250000	121500000	-0.0295094
chr4	121500000	121750000	0.0695706
chr4	121750000	122000000	0.345027
chr4	122000000	122250000	0.194725
chr4	122250000	122500000	0.12233
chr4	122500000	122750000	0.145413
chr4	122750000	123000000	0.358136
chr4	123000000	123250000	0.267297
chr4	123250000	123500000	0.309435
chr4	123500000	123750000	0.105478
chr4	123750000	124000000	-0.325264
chr4	124000000	124250000	-0.496171
chr4	124250000	124500000	-0.553576
chr4	124500000	124750000	-0.640109
chr4	124750000	125000000	-0.523415
chr4	125000000	125250000	-0.550451
chr4	125250000	125500000	-0.493319
chr4	125500000	125750000	-0.432527
chr4	125750000	126000000	-0.393792
chr4	126000000	126250000	-0.47114
chr4	126250000	126500000	-0.477967
chr4	126500000	126750000	-0.598428
chr4	126750000	127000000	-0.636163
chr4	127000000	127250000	-0.694171
chr4	127250000	127500000	-0.538352
chr4	127500000	127750000	-0.143984
chr4	127750000	128000000	0.404291
chr4	128000000	128250000	0.432785
chr4	128250000	128500000	0.308355
chr4	128500000	128750000	0.377644
chr4	128750000	129000000	0.220145
chr4	129000000	129250000	-0.159175
chr4	129250000	129500000	-0.446917
chr4	129500000	129750000	-0.60451
chr4	129750000	130000000	-0.533757
chr4	130000000	130250000	-0.5341
chr4	130250000	130500000	-0.568695
chr4	130500000	130750000	-0.55927
chr4	130750000	131000000	-0.542782
chr4	131000000	131250000	-0.472541
chr4	131250000	131500000	-0.334975
chr4	131500000	131750000	-0.318373
chr4	131750000	132000000	-0.249109
chr4	132000000	132250000	-0.449032
chr4	132250000	132500000	-0.510983
chr4	132500000	132750000	-0.416646
chr4	132750000	133000000	-0.632987
chr4	133000000	133250000	-0.492418
chr4	133250000	133500000	-0.552237
chr4	133500000	133750000	-0.582546
chr4	133750000	134000000	-0.450353
chr4	134000000	134250000	-0.632992
chr4	134250000	134500000	-0.606799
chr4	134500000	134750000	-0.557923
chr4	134750000	135000000	-0.521598
chr4	135000000	135250000	-0.501691
chr4	135250000	135500000	-0.538447
chr4	135500000	135750000	-0.488173
chr4	135750000	136000000	-0.401109
chr4	136000000	136250000	-0.49826
chr4	136250000	136500000	-0.405302
chr4	136500000	136750000	-0.162237
chr4	136750000	137000000	-0.396893
chr4	137000000	137250000	-0.604307
chr4	137250000	137500000	-0.49095
chr4	137500000	137750000	-0.339866
chr4	137750000	138000000	-0.374598
chr4	138000000	138250000	-0.0149757
chr4	138250000	138500000	0.0343421
chr4	138500000	138750000	-0.161918
chr4	138750000	139000000	0.125031
chr4	139000000	139250000	0.531248
chr4	139250000	139500000	0.580874
chr4	139500000	139750000	0.478054
chr4	139750000	140000000	0.541908
chr4	140000000	140250000	0.241168
chr4	140250000	140500000	0.410334
chr4	140500000	140750000	0.366606
chr4	140750000	141000000	0.179084
chr4	141000000	141250000	-0.0333707
chr4	141250000	141500000	-0.0928803
chr4	141500000	141750000	-0.0851445
chr4	141750000	142000000	-0.317705
chr4	142000000	142250000	-0.224145
chr4	142250000	142500000	-0.113447
chr4	142500000	142750000	-0.196442
chr4	142750000	143000000	-0.216643
chr4	143000000	143250000	-0.058396
chr4	143250000	143500000	0.244497
chr4	143500000	143750000	-0.128074
chr4	143750000	144000000	-0.313833
chr4	144000000	144250000	-0.356053
chr4	144250000	144500000	-0.383015
chr4	144500000	144750000	-0.195895
chr4	144750000	145000000	-0.0426775
chr4	145000000	145250000	0.262328
chr4	145250000	145500000	0.147427
chr4	145500000	145750000	0.266905
chr4	145750000	146000000	0.33502
chr4	146000000	146250000	0.383911
chr4	146250000	146500000	0.291777
chr4	146500000	146750000	-0.0166794
chr4	146750000	147000000	-0.143002
chr4	147000000	147250000	-0.204228
chr4	147250000	147500000	-0.124978
chr4	147500000	147750000	0.231433
chr4	147750000	148000000	0.356427
chr4	148000000	148250000	-0.0763038
chr4	148250000	148500000	-0.518581
chr4	148500000	148750000	-0.511626
chr4	148750000	149000000	-0.606189
chr4	149000000	149250000	-0.77666
chr4	149250000	149500000	-0.635419
chr4	149500000	149750000	-0.805233
chr4	149750000	150000000	-0.422633
chr4	150000000	150250000	-0.18403
chr4	150250000	150500000	0.176351
chr4	150500000	150750000	0.275399
chr4	150750000	151000000	0.438603
chr4	151000000	151250000	0.496932
chr4	151250000	151500000	0.265751
chr4	151500000	151750000	0.340798
chr4	151750000	152000000	0.600203
chr4	152000000	152250000	0.470222
chr4	152250000	152500000	0.574252
chr4	152500000	152750000	0.699656
chr4	152750000	153000000	0.563927
chr4	153000000	153250000	0.630701
chr4	153250000	153500000	0.454338
chr4	153500000	153750000	0.407739
chr4	153750000	154000000	0.0611694
chr4	154000000	154250000	-0.174932
chr4	154250000	154500000	-0.139733
chr4	154500000	154750000	-0.168741
chr4	154750000	155000000	-0.312491
chr4	155000000	155250000	-0.296276
chr4	155250000	155500000	-0.135128
chr4	155500000	155750000	0.031831
chr4	155750000	156000000	-0.0945827
chr4	156000000	156250000	-0.229718
chr4	156250000	156500000	-0.39404
chr4	156500000	156750000	-0.481042
chr4	156750000	157000000	-0.421352
chr4	157000000	157250000	-0.532025
chr4	157250000	157500000	-0.655477
chr4	157500000	157750000	-0.620285
chr4	157750000	158000000	-0.755863
chr4	158000000	158250000	-0.457335
chr4	158250000	158500000	-0.394375
chr4	158500000	158750000	-0.0660261
chr4	158750000	159000000	0.443517
chr4	159000000	159250000	0.474875
chr4	159250000	159500000	0.0780831
chr4	159500000	159750000	-0.403192
chr4	159750000	160000000	-0.429606
chr4	160000000	160250000	-0.540474
chr4	160250000	160500000	-0.647467
chr4	160500000	160750000	-0.687039
chr4	160750000	161000000	-0.527857
chr4	161000000	161250000	-0.490887
chr4	161250000	161500000	-0.136522
chr4	161500000	161750000	-0.0482836
chr4	161750000	162000000	-0.288173
chr4	162000000	162250000	-0.524233
chr4	162250000	162500000	-0.426823
chr4	162500000	162750000	-0.339797
chr4	162750000	163000000	-0.220905
chr4	163000000	163250000	-0.113217
chr4	163250000	163500000	-0.141346
chr4	163500000	163750000	-0.0156242
chr4	163750000	164000000	-0.328022
chr4	164000000	164250000	-0.518444
chr4	164250000	164500000	-0.538876
chr4	164500000	164750000	-0.368595
chr4	164750000	165000000	0.216037
chr4	165000000	165250000	0.293672
chr4	165250000	165500000	0.00385145
chr4	165500000	165750000	-0.352178
chr4	165750000	166000000	-0.608135
chr4	166000000	166250000	-0.358483
chr4	166250000	166500000	-0.225465
chr4	166500000	166750000	-0.0724966
chr4	166750000	167000000	-0.0776296
chr4	167000000	167250000	-0.264801
chr4	167250000	167500000	-0.565173
chr4	167500000	167750000	-0.621954
chr4	167750000	168000000	-0.646356
chr4	168000000	168250000	-0.304397
chr4	168250000	168500000	0.0657331
chr4	168500000	168750000	0.163491
chr4	168750000	169000000	0.486285
chr4	169000000	169250000	0.388339
chr4	169250000	169500000	0.491458
chr4	169500000	169750000	0.247007
chr4	169750000	170000000	-0.00858385
chr4	170000000	170250000	-0.242435
chr4	170250000	170500000	-0.257024
chr4	170500000	170750000	-0.187149
chr4	170750000	171000000	-0.193384
chr4	171000000	171250000	-0.590698
chr4	171250000	171500000	-0.433809
chr4	171500000	171750000	-0.271972
chr4	171750000	172000000	-0.529957
chr4	172000000	172250000	-0.503774
chr4	172250000	172500000	-0.594946
chr4	172500000	172750000	-0.586521
chr4	172750000	173000000	-0.39759
chr4	173000000	173250000	0.028316
chr4	173250000	173500000	0.0117867
chr4	173500000	173750000	-0.379265
chr4	173750000	174000000	-0.46399
chr4	174000000	174250000	-0.379553
chr4	174250000	174500000	-0.0305211
chr4	174500000	174750000	-0.17856
chr4	174750000	175000000	-0.178885
chr4	175000000	175250000	-0.355087
chr4	175250000	175500000	-0.453063
chr4	175500000	175750000	-0.458348
chr4	175750000	176000000	-0.286601
chr4	176000000	176250000	-0.159621
chr4	176250000	176500000	-0.127273
chr4	176500000	176750000	-0.250915
chr4	176750000	177000000	-0.427495
chr4	177000000	177250000	-0.45012
chr4	177250000	177500000	-0.27888
chr4	177500000	177750000	-0.433255
chr4	177750000	178000000	-0.51801
chr4	178000000	178250000	-0.656454
chr4	178250000	178500000	-0.551887
chr4	178500000	178750000	-0.312901
chr4	178750000	179000000	-0.13376
chr4	179000000	179250000	-0.176396
chr4	179250000	179500000	-0.375227
chr4	179500000	179750000	-0.271811
chr4	179750000	180000000	-0.466489
chr4	180000000	180250000	-0.493068
chr4	180250000	180500000	-0.509109
chr4	180500000	180750000	-0.494124
chr4	180750000	181000000	-0.638305
chr4	181000000	181250000	-0.638404
chr4	181250000	181500000	-0.452565
chr4	181500000	181750000	-0.494899
chr4	181750000	182000000	-0.512791
chr4	182000000	182250000	-0.463595
chr4	182250000	182500000	-0.236161
chr4	182500000	182750000	-0.27337
chr4	182750000	183000000	-0.111497
chr4	183000000	183250000	0.0256219
chr4	183250000	183500000	0.261598
chr4	183500000	183750000	0.305262
chr4	183750000	184000000	0.288632
chr4	184000000	184250000	0.240203
chr4	184250000	184500000	0.548056
chr4	184500000	184750000	0.640386
chr4	184750000	185000000	0.65974
chr4	185000000	185250000	0.518596
chr4	185250000	185500000	0.386138
chr4	185500000	185750000	0.110398
chr4	185750000	186000000	-0.0336728
chr4	186000000	186250000	-0.226361
chr4	186250000	186500000	-0.572969
chr4	186500000	186750000	-0.708362
chr4	186750000	187000000	-0.675828
chr4	187000000	187250000	-0.9293
chr4	187250000	187500000	-0.959961
chr4	187500000	187750000	-0.851244
chr4	187750000	188000000	-0.858272
chr4	188000000	188250000	-0.532357
chr4	188250000	188500000	-0.632789
chr4	188500000	188750000	-0.773279
chr4	188750000	189000000	-0.968334
chr4	189000000	189250000	-0.69721
chr4	189250000	189500000	-1.0638
chr4	189500000	189750000	-0.785118
chr4	189750000	190000000	-0.640492
chr4	190000000	190214555	nan
#bedGraph section chr5:0-181538259
chr5	0	250000	0.345314
chr5	250000	500000	0.49252
chr5	500000	750000	0.508114
chr5	750000	1000000	0.492138
chr5	1000000	1250000	0.454813
chr5	1250000	1500000	0.447625
chr5	1500000	1750000	0.287325
chr5	1750000	2000000	0.16525
chr5	2000000	2250000	-0.227798
chr5	2250000	2500000	-0.307145
chr5	2500000	2750000	-0.498456
chr5	2750000	3000000	-0.520364
chr5	3000000	3250000	-0.318057
chr5	3250000	3500000	-0.38819
chr5	3500000	3750000	-0.430928
chr5	3750000	4000000	-0.508925
chr5	4000000	4250000	-0.585117
chr5	4250000	4500000	-0.645984
chr5	4500000	4750000	-0.622318
chr5	4750000	5000000	-0.623419
chr5	5000000	5250000	-0.391967
chr5	5250000	5500000	-0.153165
chr5	5500000	5750000	0.152038
chr5	5750000	6000000	0.0751645
chr5	6000000	6250000	0.0851886
chr5	6250000	6500000	0.200261
chr5	6500000	6750000	0.219358
chr5	6750000	7000000	-0.107384
chr5	7000000	7250000	-0.319796
chr5	7250000	7500000	-0.468943
chr5	7500000	7750000	-0.311721
chr5	7750000	8000000	-0.143202
chr5	8000000	8250000	-0.510695
chr5	8250000	8500000	-0.34331
chr5	8500000	8750000	-0.514292
chr5	8750000	9000000	-0.553708
chr5	9000000	9250000	-0.301608
chr5	9250000	9500000	-0.163083
chr5	9500000	9750000	-0.199814
chr5	9750000	10000000	-0.279865
chr5	10000000	10250000	-0.0838659
chr5	10250000	10500000	0.333919
chr5	10500000	10750000	0.376211
chr5	10750000	11000000	0.107898
chr5	11000000	11250000	-0.131663
chr5	11250000	11500000	-0.334366
chr5	11500000	11750000	-0.482597
chr5	11750000	12000000	-0.516922
chr5	12000000	12250000	-0.772477
chr5	12250000	12500000	-0.563462
chr5	12500000	12750000	-0.635943
chr5	12750000	13000000	-0.561358
chr5	13000000	13250000	-0.692275
chr5	13250000	13500000	-0.486633
chr5	13500000	13750000	-0.425844
chr5	13750000	14000000	-0.160213
chr5	14000000	14250000	0.291316
chr5	14250000	14500000	0.293492
chr5	14500000	14750000	0.191325
chr5	14750000	15000000	0.15844
chr5	15000000	15250000	-0.183525
chr5	15250000	15500000	-0.291892
chr5	15500000	15750000	-0.315794
chr5	15750000	16000000	-0.307059
chr5	16000000	16250000	-0.166716
chr5	16250000	16500000	-0.314437
chr5	16500000	16750000	-0.0162385
chr5	16750000	17000000	-0.0167091
chr5	17000000	17250000	-0.0283886
chr5	17250000	17500000	-0.0435165
chr5	17500000	17750000	-0.373136
chr5	17750000	18000000	-0.425658
chr5	18000000	18250000	-0.511291
chr5	18250000	18500000	-0.464524
chr5	18500000	18750000	-0.276882
chr5	18750000	19000000	-0.353238
chr5	19000000	19250000	-0.454013
chr5	19250000	19500000	-0.450742
chr5	19500000	19750000	-0.381027
chr5	19750000	20000000	-0.49811
chr5	20000000	20250000	-0.538915
chr5	20250000	20500000	-0.486718
chr5	20500000	20750000	-0.445192
chr5	20750000	21000000	-0.427593
chr5	21000000	21250000	-0.44723
chr5	21250000	21500000	-0.266692
chr5	21500000	21750000	-0.345182
chr5	21750000	22000000	-0.309174
chr5	22000000	22250000	-0.390536
chr5	22250000	22500000	-0.42902
chr5	22500000	22750000	-0.394325
chr5	22750000	23000000	-0.223387
chr5	23000000	23250000	-0.389416
chr5	23250000	23500000	-0.323895
chr5	23500000	23750000	-0.448282
chr5	23750000	24000000	-0.501807
chr5	24000000	24250000	-0.55864
chr5	24250000	24500000	-0.574646
chr5	24500000	24750000	-0.558433
chr5	24750000	25000000	-0.568431
chr5	25000000	25250000	-0.537937
chr5	25250000	25500000	-0.58001
chr5	25500000	25750000	-0.467591
chr5	25750000	26000000	-0.521943
chr5	26000000	26250000	-0.53905
chr5	26250000	26500000	-0.373492
chr5	26500000	26750000	-0.614574
chr5	26750000	27000000	-0.602367
chr5	27000000	27250000	-0.50387
chr5	27250000	27500000	-0.432737
chr5	27500000	27750000	-0.498835
chr5	27750000	28000000	-0.523799
chr5	28000000	28250000	-0.523676
chr5	28250000	28500000	-0.467131
chr5	28500000	28750000	-0.496666
chr5	28750000	29000000	-0.564659
chr5	29000000	29250000	-0.532276
chr5	29250000	29500000	-0.598693
chr5	29500000	29750000	-0.606384
chr5	29750000	30000000	-0.574992
chr5	30000000	30250000	-0.541512
chr5	30250000	30500000	-0.544045
chr5	30500000	30750000	-0.562288
chr5	30750000	31000000	-0.537745
chr5	31000000	31250000	-0.355821
chr5	31250000	31500000	-0.049155
chr5	31500000	31750000	0.180779
chr5	31750000	32000000	0.242178
chr5	32000000	32250000	0.369833
chr5	32250000	32500000	0.346267
chr5	32500000	32750000	0.26462
chr5	32750000	33000000	-0.333042
chr5	33000000	33250000	-0.254197
chr5	33250000	33500000	-0.0413015
chr5	33500000	33750000	0.362236
chr5	33750000	34000000	0.299879
chr5	34000000	34250000	0.287282
chr5	34250000	34500000	0.131804
chr5	34500000	34750000	0.159889
chr5	34750000	35000000	0.277687
chr5	35000000	35250000	0.34843
chr5	35250000	35500000	0.382233
chr5	35500000	35750000	0.244296
chr5	35750000	36000000	0.204869
chr5	36000000	36250000	0.231928
chr5	36250000	36500000	0.241389
chr5	36500000	36750000	0.284024
chr5	36750000	37000000	0.333221
chr5	37000000	37250000	0.422552
chr5	37250000	37500000	0.421131
chr5	37500000	37750000	0.304013
chr5	37750000	38000000	0.119395
chr5	38000000	38250000	-0.0523585
chr5	38250000	38500000	-0.0140384
chr5	38500000	38750000	-0.0444018
chr5	38750000	39000000	-0.00527782
chr5	39000000	39250000	0.0192293
chr5	39250000	39500000	-0.1358
chr5	39500000	39750000	-0.157392
chr5	39750000	40000000	-0.217804
chr5	40000000	40250000	-0.169391
chr5	40250000	40500000	0.0279764
chr5	40500000	40750000	0.0458656
chr5	40750000	41000000	0.0698519
chr5	41000000	41250000	-0.282055
chr5	41250000	41500000	-0.280004
chr5	41500000	41750000	-0.258546
chr5	41750000	42000000	-0.017768
chr5	42000000	42250000	-0.354135
chr5	42250000	42500000	-0.274055
chr5	42500000	42750000	-0.356719
chr5	42750000	43000000	0.0302111
chr5	43000000	43250000	0.319397
chr5	43250000	43500000	0.309366
chr5	43500000	43750000	-0.00986669
chr5	43750000	44000000	-0.403111
chr5	44000000	44250000	-0.628852
chr5	44250000	44500000	-0.570043
chr5	44500000	44750000	-0.676243
chr5	44750000	45000000	-0.48724
chr5	45000000	45250000	-0.563304
chr5	45250000	45500000	-0.713028
chr5	45500000	45750000	-0.595016
chr5	45750000	46000000	-0.629345
chr5	46000000	46250000	nan
chr5	46250000	46500000	nan
chr5	46500000	46750000	nan
chr5	46750000	47000000	nan
chr5	47000000	47250000	nan
chr5	47250000	47500000	nan
chr5	47500000	47750000	nan
chr5	47750000	48000000	nan
chr5	48000000	48250000	nan
chr5	48250000	48500000	nan
chr5	48500000	48750000	nan
chr5	48750000	49000000	nan
chr5	49000000	49250000	nan
chr5	49250000	49500000	nan
chr5	49500000	49750000	0.43484
chr5	49750000	50000000	nan
chr5	50000000	50250000	nan
chr5	50250000	50500000	-0.255502
chr5	50500000	50750000	-0.114103
chr5	50750000	51000000	-0.458355
chr5	51000000	51250000	-0.729632
chr5	51250000	51500000	-0.745551
chr5	51500000	51750000	-0.84431
chr5	51750000	52000000	-0.857279
chr5	52000000	52250000	-0.869862
chr5	52250000	52500000	-0.893894
chr5	52500000	52750000	-0.607228
chr5	52750000	53000000	-0.41163
chr5	53000000	53250000	-0.379696
chr5	53250000	53500000	-0.28171
chr5	53500000	53750000	-0.224008
chr5	53750000	54000000	-0.0883849
chr5	54000000	54250000	-0.0217768
chr5	54250000	54500000	0.0811346
chr5	54500000	54750000	-0.0219898
chr5	54750000	55000000	-0.082758
chr5	55000000	55250000	0.172458
chr5	55250000	55500000	0.414582
chr5	55500000	55750000	0.522791
chr5	55750000	56000000	0.558709
chr5	56000000	56250000	0.646993
chr5	56250000	56500000	0.542107
chr5	56500000	56750000	0.501104
chr5	56750000	57000000	0.470248
chr5	57000000	57250000	0.429356
chr5	57250000	57500000	-0.0464902
chr5	57500000	57750000	-0.319197
chr5	57750000	58000000	-0.457418
chr5	58000000	58250000	-0.585435
chr5	58250000	58500000	-0.275885
chr5	58500000	58750000	-0.311471
chr5	58750000	59000000	-0.114518
chr5	59000000	59250000	-0.245226
chr5	59250000	59500000	-0.347211
chr5	59500000	59750000	-0.240003
chr5	59750000	60000000	-0.392856
chr5	60000000	60250000	-0.332251
chr5	60250000	60500000	-0.24421
chr5	60500000	60750000	-0.0332498
chr5	60750000	61000000	0.00242978
chr5	61000000	61250000	0.150534
chr5	61250000	61500000	0.168699
chr5	61500000	61750000	0.0359257
chr5	61750000	62000000	-0.15327
chr5	62000000	62250000	-0.0316167
chr5	62250000	62500000	0.0781083
chr5	62500000	62750000	-0.207506
chr5	62750000	63000000	-0.48293
chr5	63000000	63250000	-0.776458
chr5	63250000	63500000	-0.808575
chr5	63500000	63750000	-0.840578
chr5	63750000	64000000	-0.912763
chr5	64000000	64250000	-0.666432
chr5	64250000	64500000	-0.474801
chr5	64500000	64750000	-0.261568
chr5	64750000	65000000	0.132876
chr5	65000000	65250000	0.302108
chr5	65250000	65500000	0.203283
chr5	65500000	65750000	0.417838
chr5	65750000	66000000	0.504785
chr5	66000000	66250000	0.307727
chr5	66250000	66500000	-0.0120878
chr5	66500000	66750000	-0.00575028
chr5	66750000	67000000	0.0133843
chr5	67000000	67250000	0.226545
chr5	67250000	67500000	0.097772
chr5	67500000	67750000	0.0167911
chr5	67750000	68000000	0.214995
chr5	68000000	68250000	0.214479
chr5	68250000	68500000	0.3845
chr5	68500000	68750000	0.278098
chr5	68750000	69000000	0.297764
chr5	69000000	69250000	0.558619
chr5	69250000	69500000	0.618296
chr5	69500000	69750000	nan
chr5	69750000	70000000	nan
chr5	70000000	70250000	nan
chr5	70250000	70500000	nan
chr5	70500000	70750000	nan
chr5	70750000	71000000	nan
chr5	71000000	71250000	nan
chr5	71250000	71500000	nan
chr5	71500000	71750000	0.535299
chr5	71750000	72000000	0.308238
chr5	72000000	72250000	0.450519
chr5	72250000	72500000	0.519084
chr5	72500000	72750000	0.426353
chr5	72750000	73000000	0.408252
chr5	73000000	73250000	0.261488
chr5	73250000	73500000	0.378405
chr5	73500000	73750000	0.514178
chr5	73750000	74000000	0.526648
chr5	74000000	74250000	0.491268
chr5	74250000	74500000	0.574884
chr5	74500000	74750000	0.471898
chr5	74750000	75000000	0.467225
chr5	75000000	75250000	0.286969
chr5	75250000	75500000	0.455287
chr5	75500000	75750000	0.463993
chr5	75750000	76000000	0.30332
chr5	76000000	76250000	0.411668
chr5	76250000	76500000	0.61083
chr5	76500000	76750000	0.601947
chr5	76750000	77000000	0.613731
chr5	77000000	77250000	0.460344
chr5	77250000	77500000	0.545215
chr5	77500000	77750000	0.561364
chr5	77750000	78000000	0.619018
chr5	78000000	78250000	0.598666
chr5	78250000	78500000	0.56052
chr5	78500000	78750000	0.64723
chr5	78750000	79000000	0.669999
chr5	79000000	79250000	0.530664
chr5	79250000	79500000	0.555111
chr5	79500000	79750000	0.534039
chr5	79750000	80000000	0.535798
chr5	80000000	80250000	0.552265
chr5	80250000	80500000	0.566131
chr5	80500000	80750000	0.485074
chr5	80750000	81000000	0.411623
chr5	81000000	81250000	0.402057
chr5	81250000	81500000	0.38036
chr5	81500000	81750000	0.227377
chr5	81750000	82000000	0.402816
chr5	82000000	82250000	0.305218
chr5	82250000	82500000	-0.122712
chr5	82500000	82750000	-0.262486
chr5	82750000	83000000	-0.0511444
chr5	83000000	83250000	0.0749429
chr5	83250000	83500000	-0.0981453
chr5	83500000	83750000	-0.438383
chr5	83750000	84000000	-0.547495
chr5	84000000	84250000	-0.373692
chr5	84250000	84500000	-0.440372
chr5	84500000	84750000	-0.446063
chr5	84750000	85000000	-0.502479
chr5	85000000	85250000	-0.631525
chr5	85250000	85500000	-0.670564
chr5	85500000	85750000	-0.72916
chr5	85750000	86000000	-0.662627
chr5	86000000	86250000	-0.602884
chr5	86250000	86500000	-0.58815
chr5	86500000	86750000	-0.519402
chr5	86750000	87000000	-0.505839
chr5	87000000	87250000	-0.0058586
chr5	87250000	87500000	-0.0810083
chr5	87500000	87750000	-0.509601
chr5	87750000	88000000	-0.618321
chr5	88000000	88250000	-0.439235
chr5	88250000	88500000	-0.447395
chr5	88500000	88750000	-0.237868
chr5	88750000	89000000	0.148942
chr5	89000000	89250000	0.163418
chr5	89250000	89500000	0.233732
chr5	89500000	89750000	0.111427
chr5	89750000	90000000	-0.138166
chr5	90000000	90250000	-0.155715
chr5	90250000	90500000	0.0196795
chr5	90500000	90750000	-0.224476
chr5	90750000	91000000	-0.370429
chr5	91000000	91250000	-0.16822
chr5	91250000	91500000	-0.139821
chr5	91500000	91750000	-0.716371
chr5	91750000	92000000	-0.760027
chr5	92000000	92250000	-0.831511
chr5	92250000	92500000	-0.761768
chr5	92500000	92750000	-0.745667
chr5	92750000	93000000	-0.622816
chr5	93000000	93250000	-0.560802
chr5	93250000	93500000	-0.540475
chr5	93500000	93750000	-0.286485
chr5	93750000	94000000	-0.290799
chr5	94000000	94250000	-0.275645
chr5	94250000	94500000	-0.353129
chr5	94500000	94750000	0.0648112
chr5	94750000	95000000	-0.0289933
chr5	95000000	95250000	0.211829
chr5	95250000	95500000	0.147341
chr5	95500000	95750000	0.397883
chr5	95750000	96000000	0.471095
chr5	96000000	96250000	0.230086
chr5	96250000	96500000	0.220865
chr5	96500000	96750000	0.274936
chr5	96750000	97000000	0.296541
chr5	97000000	97250000	0.268156
chr5	97250000	97500000	-0.164495
chr5	97500000	97750000	-0.286656
chr5	97750000	98000000	-0.30059
chr5	98000000	98250000	-0.270531
chr5	98250000	98500000	-0.304772
chr5	98500000	98750000	-0.406875
chr5	98750000	99000000	-0.0083601
chr5	99000000	99250000	-0.366404
chr5	99250000	99500000	-0.70022
chr5	99500000	99750000	-0.62277
chr5	99750000	100000000	-0.732375
chr5	100000000	100250000	-0.565813
chr5	100250000	100500000	-0.501965
chr5	100500000	100750000	-0.0451104
chr5	100750000	101000000	-0.00395477
chr5	101000000	101250000	-0.449813
chr5	101250000	101500000	-0.657466
chr5	101500000	101750000	-0.647244
chr5	101750000	102000000	-0.711626
chr5	102000000	102250000	-0.7126
chr5	102250000	102500000	-0.625064
chr5	102500000	102750000	-0.301715
chr5	102750000	103000000	-0.121897
chr5	103000000	103250000	-0.0310968
chr5	103250000	103500000	-0.0925416
chr5	103500000	103750000	-0.530501
chr5	103750000	104000000	-0.585858
chr5	104000000	104250000	-0.589444
chr5	104250000	104500000	-0.677698
chr5	104500000	104750000	-0.856617
chr5	104750000	105000000	-0.748287
chr5	105000000	105250000	-0.826885
chr5	105250000	105500000	-0.74781
chr5	105500000	105750000	-0.75041
chr5	105750000	106000000	-0.704528
chr5	106000000	106250000	-0.651607
chr5	106250000	106500000	-0.684655
chr5	106500000	106750000	-0.4934
chr5	106750000	107000000	-0.580306
chr5	107000000	107250000	-0.245995
chr5	107250000	107500000	-0.0662655
chr5	107500000	107750000	-0.186765
chr5	107750000	108000000	-0.0249075
chr5	108000000	108250000	-0.0161936
chr5	108250000	108500000	0.0358001
chr5	108500000	108750000	-0.00356546
chr5	108750000	109000000	0.224691
chr5	109000000	109250000	0.0646483
chr5	109250000	109500000	-0.00546427
chr5	109500000	109750000	-0.195566
chr5	109750000	110000000	-0.307902
chr5	110000000	110250000	-0.674348
chr5	110250000	110500000	-0.629215
chr5	110500000	110750000	-0.414529
chr5	110750000	111000000	-0.340383
chr5	111000000	111250000	-0.0190662
chr5	111250000	111500000	0.0961777
chr5	111500000	111750000	0.183708
chr5	111750000	112000000	0.299228
chr5	112000000	112250000	0.266852
chr5	112250000	112500000	0.148266
chr5	112500000	112750000	0.28833
chr5	112750000	113000000	0.277188
chr5	113000000	113250000	-0.0977956
chr5	113250000	113500000	-0.0828917
chr5	113500000	113750000	-0.309883
chr5	113750000	114000000	-0.647239
chr5	114000000	114250000	-0.579249
chr5	114250000	114500000	-0.399846
chr5	114500000	114750000	-0.74849
chr5	114750000	115000000	-0.690713
chr5	115000000	115250000	-0.326211
chr5	115250000	115500000	0.06499
chr5	115500000	115750000	-0.0256811
chr5	115750000	116000000	-0.02553
chr5	116000000	116250000	-0.0111115
chr5	116250000	116500000	0.14065
chr5	116500000	116750000	0.111947
chr5	116750000	117000000	-0.0750987
chr5	117000000	117250000	-0.378736
chr5	117250000	117500000	-0.624452
chr5	117500000	117750000	-0.692769
chr5	117750000	118000000	-0.71487
chr5	118000000	118250000	-0.647219
chr5	118250000	118500000	-0.554262
chr5	118500000	118750000	-0.499192
chr5	118750000	119000000	-0.107842
chr5	119000000	119250000	0.0949217
chr5	119250000	119500000	0.0696645
chr5	119500000	119750000	-0.362065
chr5	119750000	120000000	-0.622953
chr5	120000000	120250000	-0.654038
chr5	120250000	120500000	-0.627988
chr5	120500000	120750000	-0.620861
chr5	120750000	121000000	-0.801788
chr5	121000000	121250000	-0.830823
chr5	121250000	121500000	-0.834967
chr5	121500000	121750000	-0.696107
chr5	121750000	122000000	-0.651015
chr5	122000000	122250000	-0.5295
chr5	122250000	122500000	-0.431575
chr5	122500000	122750000	-0.1286
chr5	122750000	123000000	-0.0291616
chr5	123000000	123250000	-0.278673
chr5	123250000	123500000	-0.0812533
chr5	123500000	123750000	-0.190035
chr5	123750000	124000000	-0.3462
chr5	124000000	124250000	-0.313682
chr5	124250000	124500000	-0.23476
chr5	124500000	124750000	-0.0337177
chr5	124750000	125000000	0.12492
chr5	125000000	125250000	-0.0529822
chr5	125250000	125500000	-0.366937
chr5	125500000	125750000	-0.531125
chr5	125750000	126000000	-0.489044
chr5	126000000	126250000	-0.473244
chr5	126250000	126500000	-0.18877
chr5	126500000	126750000	0.219713
chr5	126750000	127000000	0.238255
chr5	127000000	127250000	0.022347
chr5	127250000	127500000	-0.0900945
chr5	127500000	127750000	-0.0863174
chr5	127750000	128000000	-0.0432382
chr5	128000000	128250000	-0.15162
chr5	128250000	128500000	-0.568683
chr5	128500000	128750000	-0.603477
chr5	128750000	129000000	-0.609837
chr5	129000000	129250000	-0.655925
chr5	129250000	129500000	-0.683334
chr5	129500000	129750000	-0.836768
chr5	129750000	130000000	-0.604722
chr5	130000000	130250000	-0.715087
chr5	130250000	130500000	-0.569528
chr5	130500000	130750000	-0.649882
chr5	130750000	131000000	-0.497628
chr5	131000000	131250000	-0.140503
chr5	131250000	131500000	0.0800683
chr5	131500000	131750000	0.154272
chr5	131750000	132000000	0.140698
chr5	132000000	132250000	0.366952
chr5	132250000	132500000	0.521817
chr5	132500000	132750000	0.590026
chr5	132750000	133000000	0.743703
chr5	133000000	133250000	0.651302
chr5	133250000	133500000	0.590141
chr5	133500000	133750000	0.532007
chr5	133750000	134000000	0.58992
chr5	134000000	134250000	0.613668
chr5	134250000	134500000	0.527644
chr5	134500000	134750000	0.635172
chr5	134750000	135000000	0.611764
chr5	135000000	135250000	0.431312
chr5	135250000	135500000	0.377942
chr5	135500000	135750000	0.254557
chr5	135750000	136000000	0.191921
chr5	136000000	136250000	0.267514
chr5	136250000	136500000	-0.021533
chr5	136500000	136750000	-0.205746
chr5	136750000	137000000	-0.235937
chr5	137000000	137250000	-0.0710688
chr5	137250000	137500000	0.0643922
chr5	137500000	137750000	0.379803
chr5	137750000	138000000	0.521721
chr5	138000000	138250000	0.585667
chr5	138250000	138500000	0.650885
chr5	138500000	138750000	0.731986
chr5	138750000	139000000	0.511752
chr5	139000000	139250000	0.654484
chr5	139250000	139500000	0.643468
chr5	139500000	139750000	0.637011
chr5	139750000	140000000	0.464353
chr5	140000000	140250000	0.483531
chr5	140250000	140500000	0.374346
chr5	140500000	140750000	0.141706
chr5	140750000	141000000	-0.604706
chr5	141000000	141250000	-0.631089
chr5	141250000	141500000	-0.267265
chr5	141500000	141750000	0.097519
chr5	141750000	142000000	0.305266
chr5	142000000	142250000	0.354248
chr5	142250000	142500000	0.41422
chr5	142500000	142750000	0.29958
chr5	142750000	143000000	0.249685
chr5	143000000	143250000	0.22062
chr5	143250000	143500000	0.288766
chr5	143500000	143750000	0.346755
chr5	143750000	144000000	0.0282401
chr5	144000000	144250000	-0.0946148
chr5	144250000	144500000	-0.512845
chr5	144500000	144750000	-0.842543
chr5	144750000	145000000	-0.714859
chr5	145000000	145250000	-0.794151
chr5	145250000	145500000	-0.752913
chr5	145500000	145750000	-0.600577
chr5	145750000	146000000	-0.356901
chr5	146000000	146250000	0.0330745
chr5	146250000	146500000	0.0273262
chr5	146500000	146750000	-0.325544
chr5	146750000	147000000	-0.561483
chr5	147000000	147250000	-0.473944
chr5	147250000	147500000	-0.490786
chr5	147500000	147750000	-0.404584
chr5	147750000	148000000	-0.489012
chr5	148000000	148250000	-0.660473
chr5	148250000	148500000	-0.536639
chr5	148500000	148750000	-0.358326
chr5	148750000	149000000	-0.0865747
chr5	149000000	149250000	-0.170491
chr5	149250000	149500000	0.338529
chr5	149500000	149750000	0.391396
chr5	149750000	150000000	0.508346
chr5	150000000	150250000	0.543232
chr5	150250000	150500000	0.601148
chr5	150500000	150750000	0.441858
chr5	150750000	151000000	0.129066
chr5	151000000	151250000	0.366386
chr5	151250000	151500000	0.346104
chr5	151500000	151750000	0.345235
chr5	151750000	152000000	-0.0148883
chr5	152000000	152250000	-0.205638
chr5	152250000	152500000	-0.307285
chr5	152500000	152750000	-0.571124
chr5	152750000	153000000	-0.780543
chr5	153000000	153250000	-0.639039
chr5	153250000	153500000	-0.622171
chr5	153500000	153750000	-0.416425
chr5	153750000	154000000	-0.275208
chr5	154000000	154250000	0.110471
chr5	154250000	154500000	0.140719
chr5	154500000	154750000	0.197416
chr5	154750000	155000000	0.231335
chr5	155000000	155250000	-0.382382
chr5	155250000	155500000	-0.542341
chr5	155500000	155750000	-0.594015
chr5	155750000	156000000	-0.464485
chr5	156000000	156250000	-0.373435
chr5	156250000	156500000	-0.218361
chr5	156500000	156750000	-0.138635
chr5	156750000	157000000	0.123549
chr5	157000000	157250000	0.332927
chr5	157250000	157500000	0.318381
chr5	157500000	157750000	0.428107
chr5	157750000	158000000	0.436104
chr5	158000000	158250000	0.226031
chr5	158250000	158500000	0.199816
chr5	158500000	158750000	0.299816
chr5	158750000	159000000	0.228547
chr5	159000000	159250000	0.293846
chr5	159250000	159500000	0.351677
chr5	159500000	159750000	0.216069
chr5	159750000	160000000	0.215037
chr5	160000000	160250000	0.278493
chr5	160250000	160500000	0.277679
chr5	160500000	160750000	-0.140058
chr5	160750000	161000000	-0.189333
chr5	161000000	161250000	-0.273234
chr5	161250000	161500000	-0.264579
chr5	161500000	161750000	-0.465591
chr5	161750000	162000000	-0.615908
chr5	162000000	162250000	-0.513777
chr5	162250000	162500000	-0.594038
chr5	162500000	162750000	-0.59203
chr5	162750000	163000000	-0.404244
chr5	163000000	163250000	-0.338598
chr5	163250000	163500000	-0.219558
chr5	163500000	163750000	-0.37417
chr5	163750000	164000000	-0.558229
chr5	164000000	164250000	-0.813907
chr5	164250000	164500000	-0.727089
chr5	164500000	164750000	-0.582794
chr5	164750000	165000000	-0.766333
chr5	165000000	165250000	-0.864447
chr5	165250000	165500000	-0.840552
chr5	165500000	165750000	-0.8034
chr5	165750000	166000000	-0.879829
chr5	166000000	166250000	-0.873731
chr5	166250000	166500000	-0.898902
chr5	166500000	166750000	-0.721302
chr5	166750000	167000000	-0.767708
chr5	167000000	167250000	-0.684225
chr5	167250000	167500000	-0.680498
chr5	167500000	167750000	-0.599883
chr5	167750000	168000000	-0.501666
chr5	168000000	168250000	-0.0617818
chr5	168250000	168500000	0.156845
chr5	168500000	168750000	0.270885
chr5	168750000	169000000	0.159083
chr5	169000000	169250000	-0.057481
chr5	169250000	169500000	-0.000792344
chr5	169500000	169750000	0.145174
chr5	169750000	170000000	-0.0912911
chr5	170000000	170250000	0.0753332
chr5	170250000	170500000	0.30694
chr5	170500000	170750000	0.0273123
chr5	170750000	171000000	-0.0903929
chr5	171000000	171250000	-0.179477
chr5	171250000	171500000	0.317254
chr5	171500000	171750000	0.311357
chr5	171750000	172000000	0.470441
chr5	172000000	172250000	0.479505
chr5	172250000	172500000	0.590575
chr5	172500000	172750000	0.430683
chr5	172750000	173000000	0.588473
chr5	173000000	173250000	0.450919
chr5	173250000	173500000	0.326828
chr5	173500000	173750000	0.448716
chr5	173750000	174000000	0.437387
chr5	174000000	174250000	0.289788
chr5	174250000	174500000	0.134615
chr5	174500000	174750000	0.107255
chr5	174750000	175000000	0.107147
chr5	175000000	175250000	-0.0218364
chr5	175250000	175500000	0.114389
chr5	175500000	175750000	0.246478
chr5	175750000	176000000	0.338159
chr5	176000000	176250000	0.465349
chr5	176250000	176500000	0.463687
chr5	176500000	176750000	0.539476
chr5	176750000	177000000	0.467888
chr5	177000000	177250000	0.568212
chr5	177250000	177500000	0.519245
chr5	177500000	177750000	0.517308
chr5	177750000	178000000	nan
chr5	178000000	178250000	0.290915
chr5	178250000	178500000	0.173581
chr5	178500000	178750000	0.0446542
chr5	178750000	179000000	-0.0599551
chr5	179000000	179250000	-0.112019
chr5	179250000	179500000	-0.066905
chr5	179500000	179750000	0.401699
chr5	179750000	180000000	0.479559
chr5	180000000	180250000	0.237507
chr5	180250000	180500000	0.251355
chr5	180500000	180750000	0.376826
chr5	180750000	181000000	0.402022
chr5	181000000	181250000	0.384975
chr5	181250000	181500000	nan
chr5	181500000	181538259	nan
#bedGraph section chr6:0-170805979
chr6	0	250000	nan
chr6	250000	500000	0.415921
chr6	500000	750000	0.335795
chr6	750000	1000000	0.237824
chr6	1000000	1250000	0.206264
chr6	1250000	1500000	0.235355
chr6	1500000	1750000	0.248775
chr6	1750000	2000000	0.21692
chr6	2000000	2250000	0.260425
chr6	2250000	2500000	0.215097
chr6	2500000	2750000	0.36043
chr6	2750000	3000000	0.441743
chr6	3000000	3250000	0.320276
chr6	3250000	3500000	0.309908
chr6	3500000	3750000	0.230671
chr6	3750000	4000000	0.204589
chr6	4000000	4250000	0.165344
chr6	4250000	4500000	0.0982963
chr6	4500000	4750000	0.103966
chr6	4750000	5000000	0.202932
chr6	5000000	5250000	0.268434
chr6	5250000	5500000	0.257511
chr6	5500000	5750000	0.218956
chr6	5750000	6000000	0.177865
chr6	6000000	6250000	0.177713
chr6	6250000	6500000	0.220347
chr6	6500000	6750000	0.173603
chr6	6750000	7000000	0.265542
chr6	7000000	7250000	0.262562
chr6	7250000	7500000	0.144718
chr6	7500000	7750000	0.102859
chr6	7750000	8000000	-0.0462251
chr6	8000000	8250000	-0.177472
chr6	8250000	8500000	-0.741865
chr6	8500000	8750000	-0.927757
chr6	8750000	9000000	-0.88525
chr6	9000000	9250000	-0.867185
chr6	9250000	9500000	-0.800427
chr6	9500000	9750000	-0.732466
chr6	9750000	10000000	-0.732072
chr6	10000000	10250000	-0.65311
chr6	10250000	10500000	-0.336764
chr6	10500000	10750000	0.0223606
chr6	10750000	11000000	0.0990798
chr6	11000000	11250000	0.107816
chr6	11250000	11500000	0.204557
chr6	11500000	11750000	0.237352
chr6	11750000	12000000	0.24772
chr6	12000000	12250000	0.250505
chr6	12250000	12500000	0.348602
chr6	12500000	12750000	0.134786
chr6	12750000	13000000	0.187449
chr6	13000000	13250000	0.240416
chr6	13250000	13500000	0.326727
chr6	13500000	13750000	0.408568
chr6	13750000	14000000	0.321431
chr6	14000000	14250000	0.326031
chr6	14250000	14500000	0.258482
chr6	14500000	14750000	0.193399
chr6	14750000	15000000	0.335153
chr6	15000000	15250000	0.387769
chr6	15250000	15500000	0.418361
chr6	15500000	15750000	0.292967
chr6	15750000	16000000	0.375585
chr6	16000000	16250000	0.421485
chr6	16250000	16500000	0.120208
chr6	16500000	16750000	0.159502
chr6	16750000	17000000	0.0283946
chr6	17000000	17250000	-0.0671264
chr6	17250000	17500000	-0.204047
chr6	17500000	17750000	0.107563
chr6	17750000	18000000	-0.0862142
chr6	18000000	18250000	-0.0429939
chr6	18250000	18500000	-0.186024
chr6	18500000	18750000	-0.607825
chr6	18750000	19000000	-0.811501
chr6	19000000	19250000	-0.805486
chr6	19250000	19500000	-0.797289
chr6	19500000	19750000	-0.820496
chr6	19750000	20000000	-0.6732
chr6	20000000	20250000	-0.27966
chr6	20250000	20500000	0.00514503
chr6	20500000	20750000	-0.00618012
chr6	20750000	21000000	0.0150411
chr6	21000000	21250000	0.0308898
chr6	21250000	21500000	-0.0324518
chr6	21500000	21750000	-0.0306581
chr6	21750000	22000000	0.00261604
chr6	22000000	22250000	-0.12669
chr6	22250000	22500000	-0.142296
chr6	22500000	22750000	-0.255261
chr6	22750000	23000000	-0.268822
chr6	23000000	23250000	-0.558694
chr6	23250000	23500000	-0.517592
chr6	23500000	23750000	-0.627147
chr6	23750000	24000000	-0.625114
chr6	24000000	24250000	-0.522665
chr6	24250000	24500000	-0.14458
chr6	24500000	24750000	0.167979
chr6	24750000	25000000	0.218659
chr6	25000000	25250000	0.33694
chr6	25250000	25500000	0.271198
chr6	25500000	25750000	0.278403
chr6	25750000	26000000	0.331938
chr6	26000000	26250000	0.576542
chr6	26250000	26500000	0.60763
chr6	26500000	26750000	0.507642
chr6	26750000	27000000	nan
chr6	27000000	27250000	0.390963
chr6	27250000	27500000	0.291454
chr6	27500000	27750000	0.465444
chr6	27750000	28000000	0.382599
chr6	28000000	28250000	0.43873
chr6	28250000	28500000	0.317315
chr6	28500000	28750000	0.342674
chr6	28750000	29000000	0.319621
chr6	29000000	29250000	0.1901
chr6	29250000	29500000	0.175984
chr6	29500000	29750000	0.477992
chr6	29750000	30000000	0.537184
chr6	30000000	30250000	0.603373
chr6	30250000	30500000	0.580369
chr6	30500000	30750000	0.624072
chr6	30750000	31000000	0.529389
chr6	31000000	31250000	0.627122
chr6	31250000	31500000	0.563806
chr6	31500000	31750000	0.608557
chr6	31750000	32000000	0.634044
chr6	32000000	32250000	0.638436
chr6	32250000	32500000	0.575585
chr6	32500000	32750000	0.549316
chr6	32750000	33000000	0.615308
chr6	33000000	33250000	0.611455
chr6	33250000	33500000	0.594045
chr6	33500000	33750000	0.599326
chr6	33750000	34000000	0.560995
chr6	34000000	34250000	0.591162
chr6	34250000	34500000	0.564435
chr6	34500000	34750000	0.60658
chr6	34750000	35000000	0.607494
chr6	35000000	35250000	0.584903
chr6	35250000	35500000	0.605409
chr6	35500000	35750000	0.583504
chr6	35750000	36000000	0.606037
chr6	36000000	36250000	0.517293
chr6	36250000	36500000	0.614336
chr6	36500000	36750000	0.651798
chr6	36750000	37000000	0.619387
chr6	37000000	37250000	0.598728
chr6	37250000	37500000	0.581556
chr6	37500000	37750000	0.621292
chr6	37750000	38000000	0.528167
chr6	38000000	38250000	0.483638
chr6	38250000	38500000	0.432771
chr6	38500000	38750000	0.53026
chr6	38750000	39000000	0.38644
chr6	39000000	39250000	0.344067
chr6	39250000	39500000	0.466164
chr6	39500000	39750000	0.393824
chr6	39750000	40000000	0.475082
chr6	40000000	40250000	0.35922
chr6	40250000	40500000	0.42142
chr6	40500000	40750000	0.407707
chr6	40750000	41000000	0.456089
chr6	41000000	41250000	0.535429
chr6	41250000	41500000	0.542297
chr6	41500000	41750000	0.600766
chr6	41750000	42000000	0.638487
chr6	42000000	42250000	0.642581
chr6	42250000	42500000	0.590936
chr6	42500000	42750000	0.647403
chr6	42750000	43000000	0.682817
chr6	43000000	43250000	0.66234
chr6	43250000	43500000	0.617382
chr6	43500000	43750000	0.612119
chr6	43750000	44000000	0.571272
chr6	44000000	44250000	0.595081
chr6	44250000	44500000	0.458428
chr6	44500000	44750000	0.344381
chr6	44750000	45000000	0.190735
chr6	45000000	45250000	0.15311
chr6	45250000	45500000	0.186114
chr6	45500000	45750000	0.254891
chr6	45750000	46000000	0.180846
chr6	46000000	46250000	0.0146694
chr6	46250000	46500000	0.048111
chr6	46500000	46750000	0.0532835
chr6	46750000	47000000	-0.12771
chr6	47000000	47250000	-0.175601
chr6	47250000	47500000	-0.07405
chr6	47500000	47750000	-0.138832
chr6	47750000	48000000	-0.406496
chr6	48000000	48250000	-0.471764
chr6	48250000	48500000	-0.586606
chr6	48500000	48750000	-0.557824
chr6	48750000	49000000	-0.573167
chr6	49000000	49250000	-0.558487
chr6	49250000	49500000	-0.410104
chr6	49500000	49750000	-0.501829
chr6	49750000	50000000	-0.451795
chr6	50000000	50250000	-0.506584
chr6	50250000	50500000	-0.490775
chr6	50500000	50750000	-0.390698
chr6	50750000	51000000	-0.270016
chr6	51000000	51250000	-0.368833
chr6	51250000	51500000	-0.137884
chr6	51500000	51750000	-0.22789
chr6	51750000	52000000	-0.134639
chr6	52000000	52250000	0.121807
chr6	52250000	52500000	0.239229
chr6	52500000	52750000	0.175088
chr6	52750000	53000000	0.108952
chr6	53000000	53250000	0.288307
chr6	53250000	53500000	0.371865
chr6	53500000	53750000	0.142409
chr6	53750000	54000000	0.0295523
chr6	54000000	54250000	-0.328962
chr6	54250000	54500000	-0.451653
chr6	54500000	54750000	-0.428052
chr6	54750000	55000000	-0.488265
chr6	55000000	55250000	-0.496053
chr6	55250000	55500000	-0.55792
chr6	55500000	55750000	-0.642475
chr6	55750000	56000000	-0.622606
chr6	56000000	56250000	-0.534304
chr6	56250000	56500000	-0.186099
chr6	56500000	56750000	-0.0687691
chr6	56750000	57000000	0.129023
chr6	57000000	57250000	0.0651844
chr6	57250000	57500000	-0.0193265
chr6	57500000	57750000	-0.41677
chr6	57750000	58000000	nan
chr6	58000000	58250000	-0.784868
chr6	58250000	58500000	nan
chr6	58500000	58750000	nan
chr6	58750000	59000000	nan
chr6	59000000	59250000	nan
chr6	59250000	59500000	nan
chr6	59500000	59750000	nan
chr6	59750000	60000000	nan
chr6	60000000	60250000	nan
chr6	60250000	60500000	nan
chr6	60500000	60750000	-0.895778
chr6	60750000	61000000	nan
chr6	61000000	61250000	nan
chr6	61250000	61500000	nan
chr6	61500000	61750000	-0.829673
chr6	61750000	62000000	-0.890996
chr6	62000000	62250000	-0.819519
chr6	62250000	62500000	-0.828097
chr6	62500000	62750000	-0.758091
chr6	62750000	63000000	-0.536198
chr6	63000000	63250000	-0.3501
chr6	63250000	63500000	-0.205749
chr6	63500000	63750000	-0.110923
chr6	63750000	64000000	-0.42104
chr6	64000000	64250000	-0.43686
chr6	64250000	64500000	-0.575483
chr6	64500000	64750000	-0.646605
chr6	64750000	65000000	-0.797384
chr6	65000000	65250000	-0.728759
chr6	65250000	65500000	-0.682473
chr6	65500000	65750000	-0.628753
chr6	65750000	66000000	-0.606684
chr6	66000000	66250000	-0.709115
chr6	66250000	66500000	-0.640432
chr6	66500000	66750000	-0.716483
chr6	66750000	67000000	-0.780542
chr6	67000000	67250000	-0.638382
chr6	67250000	67500000	-0.779021
chr6	67500000	67750000	-0.799828
chr6	67750000	68000000	-0.622937
chr6	68000000	68250000	-0.569484
chr6	68250000	68500000	-0.687132
chr6	68500000	68750000	-0.721617
chr6	68750000	69000000	-0.779146
chr6	69000000	69250000	-0.753729
chr6	69250000	69500000	-0.578878
chr6	69500000	69750000	-0.324408
chr6	69750000	70000000	-0.0365649
chr6	70000000	70250000	-0.143619
chr6	70250000	70500000	-0.111847
chr6	70500000	70750000	-0.0108493
chr6	70750000	71000000	-0.229523
chr6	71000000	71250000	-0.435467
chr6	71250000	71500000	-0.488532
chr6	71500000	71750000	-0.645443
chr6	71750000	72000000	-0.550512
chr6	72000000	72250000	-0.595362
chr6	72250000	72500000	-0.484058
chr6	72500000	72750000	-0.122907
chr6	72750000	73000000	-0.0810931
chr6	73000000	73250000	-0.102122
chr6	73250000	73500000	0.170316
chr6	73500000	73750000	0.12339
chr6	73750000	74000000	-0.29703
chr6	74000000	74250000	-0.45283
chr6	74250000	74500000	-0.431849
chr6	74500000	74750000	-0.363066
chr6	74750000	75000000	-0.452511
chr6	75000000	75250000	-0.401142
chr6	75250000	75500000	0.0138389
chr6	75500000	75750000	0.115776
chr6	75750000	76000000	-0.264177
chr6	76000000	76250000	-0.663666
chr6	76250000	76500000	-0.741411
chr6	76500000	76750000	-0.722846
chr6	76750000	77000000	-0.732334
chr6	77000000	77250000	-0.659475
chr6	77250000	77500000	-0.576675
chr6	77500000	77750000	-0.535518
chr6	77750000	78000000	-0.602734
chr6	78000000	78250000	-0.691111
chr6	78250000	78500000	-0.729546
chr6	78500000	78750000	-0.620735
chr6	78750000	79000000	-0.399718
chr6	79000000	79250000	-0.202432
chr6	79250000	79500000	-0.187187
chr6	79500000	79750000	-0.39402
chr6	79750000	80000000	-0.415993
chr6	80000000	80250000	-0.412643
chr6	80250000	80500000	-0.625507
chr6	80500000	80750000	-0.636279
chr6	80750000	81000000	-0.725197
chr6	81000000	81250000	-0.813148
chr6	81250000	81500000	-0.751687
chr6	81500000	81750000	-0.755626
chr6	81750000	82000000	-0.55937
chr6	82000000	82250000	-0.478549
chr6	82250000	82500000	-0.297313
chr6	82500000	82750000	-0.400993
chr6	82750000	83000000	-0.437092
chr6	83000000	83250000	-0.188877
chr6	83250000	83500000	-0.0134036
chr6	83500000	83750000	-0.293492
chr6	83750000	84000000	-0.281894
chr6	84000000	84250000	-0.113894
chr6	84250000	84500000	-0.165859
chr6	84500000	84750000	-0.130976
chr6	84750000	85000000	-0.370113
chr6	85000000	85250000	-0.525216
chr6	85250000	85500000	-0.285629
chr6	85500000	85750000	-0.142955
chr6	85750000	86000000	-0.608094
chr6	86000000	86250000	-0.774507
chr6	86250000	86500000	-0.771585
chr6	86500000	86750000	-0.7698
chr6	86750000	87000000	-0.63634
chr6	87000000	87250000	-0.108216
chr6	87250000	87500000	0.0999624
chr6	87500000	87750000	0.437839
chr6	87750000	88000000	0.406916
chr6	88000000	88250000	0.321642
chr6	88250000	88500000	0.324736
chr6	88500000	88750000	0.342249
chr6	88750000	89000000	0.37819
chr6	89000000	89250000	0.450854
chr6	89250000	89500000	0.419409
chr6	89500000	89750000	0.40691
chr6	89750000	90000000	0.262394
chr6	90000000	90250000	-0.109212
chr6	90250000	90500000	0.00603764
chr6	90500000	90750000	-0.268158
chr6	90750000	91000000	-0.567917
chr6	91000000	91250000	-0.554599
chr6	91250000	91500000	-0.247912
chr6	91500000	91750000	-0.230149
chr6	91750000	92000000	-0.383818
chr6	92000000	92250000	-0.600317
chr6	92250000	92500000	-0.576447
chr6	92500000	92750000	-0.643402
chr6	92750000	93000000	-0.684101
chr6	93000000	93250000	-0.767867
chr6	93250000	93500000	-0.693736
chr6	93500000	93750000	-0.786212
chr6	93750000	94000000	-0.721321
chr6	94000000	94250000	-0.591889
chr6	94250000	94500000	-0.708758
chr6	94500000	94750000	-0.706581
chr6	94750000	95000000	-0.705285
chr6	95000000	95250000	-0.86114
chr6	95250000	95500000	-0.693205
chr6	95500000	95750000	-0.599258
chr6	95750000	96000000	-0.703145
chr6	96000000	96250000	-0.552729
chr6	96250000	96500000	-0.558542
chr6	96500000	96750000	-0.171128
chr6	96750000	97000000	-0.175434
chr6	97000000	97250000	-0.290554
chr6	97250000	97500000	-0.450919
chr6	97500000	97750000	-0.602516
chr6	97750000	98000000	-0.699718
chr6	98000000	98250000	-0.753793
chr6	98250000	98500000	-0.634207
chr6	98500000	98750000	-0.662572
chr6	98750000	99000000	-0.511957
chr6	99000000	99250000	-0.427517
chr6	99250000	99500000	-0.105215
chr6	99500000	99750000	-0.285959
chr6	99750000	100000000	-0.470502
chr6	100000000	100250000	-0.4258
chr6	100250000	100500000	-0.427772
chr6	100500000	100750000	-0.364322
chr6	100750000	101000000	-0.455581
chr6	101000000	101250000	-0.642402
chr6	101250000	101500000	-0.761825
chr6	101500000	101750000	-0.691638
chr6	101750000	102000000	-0.666326
chr6	102000000	102250000	-0.747747
chr6	102250000	102500000	-0.713673
chr6	102500000	102750000	-0.698202
chr6	102750000	103000000	-0.649425
chr6	103000000	103250000	-0.715045
chr6	103250000	103500000	-0.79588
chr6	103500000	103750000	-0.867971
chr6	103750000	104000000	-0.913408
chr6	104000000	104250000	-0.792526
chr6	104250000	104500000	-0.696051
chr6	104500000	104750000	-0.562223
chr6	104750000	105000000	-0.235207
chr6	105000000	105250000	-0.0428081
chr6	105250000	105500000	0.214244
chr6	105500000	105750000	0.372351
chr6	105750000	106000000	0.281716
chr6	106000000	106250000	0.347788
chr6	106250000	106500000	0.401677
chr6	106500000	106750000	0.503983
chr6	106750000	107000000	0.48667
chr6	107000000	107250000	0.451685
chr6	107250000	107500000	0.392044
chr6	107500000	107750000	0.483446
chr6	107750000	108000000	0.522098
chr6	108000000	108250000	0.507926
chr6	108250000	108500000	0.495732
chr6	108500000	108750000	0.571365
chr6	108750000	109000000	0.484495
chr6	109000000	109250000	0.494373
chr6	109250000	109500000	0.522683
chr6	109500000	109750000	0.284628
chr6	109750000	110000000	0.240226
chr6	110000000	110250000	0.250108
chr6	110250000	110500000	0.222988
chr6	110500000	110750000	0.428305
chr6	110750000	111000000	0.514123
chr6	111000000	111250000	0.422328
chr6	111250000	111500000	0.369984
chr6	111500000	111750000	0.252666
chr6	111750000	112000000	0.183136
chr6	112000000	112250000	-0.0413398
chr6	112250000	112500000	-0.50778
chr6	112500000	112750000	-0.694842
chr6	112750000	113000000	-0.58394
chr6	113000000	113250000	-0.544233
chr6	113250000	113500000	-0.0898777
chr6	113500000	113750000	0.0617101
chr6	113750000	114000000	-0.0258822
chr6	114000000	114250000	-0.514129
chr6	114250000	114500000	-0.7202
chr6	114500000	114750000	-0.690371
chr6	114750000	115000000	-0.646331
chr6	115000000	115250000	-0.686257
chr6	115250000	115500000	-0.723717
chr6	115500000	115750000	-0.661651
chr6	115750000	116000000	-0.472043
chr6	116000000	116250000	-0.114324
chr6	116250000	116500000	0.0509624
chr6	116500000	116750000	-0.0732915
chr6	116750000	117000000	-0.561109
chr6	117000000	117250000	-0.769395
chr6	117250000	117500000	-0.55386
chr6	117500000	117750000	-0.30909
chr6	117750000	118000000	-0.453943
chr6	118000000	118250000	-0.623416
chr6	118250000	118500000	-0.325127
chr6	118500000	118750000	-0.143535
chr6	118750000	119000000	-0.0106065
chr6	119000000	119250000	-0.224264
chr6	119250000	119500000	-0.179823
chr6	119500000	119750000	-0.254155
chr6	119750000	120000000	-0.426728
chr6	120000000	120250000	-0.616131
chr6	120250000	120500000	-0.792889
chr6	120500000	120750000	-0.659346
chr6	120750000	121000000	-0.545494
chr6	121000000	121250000	-0.407029
chr6	121250000	121500000	-0.45865
chr6	121500000	121750000	-0.550277
chr6	121750000	122000000	-0.695933
chr6	122000000	122250000	-0.614147
chr6	122250000	122500000	-0.495687
chr6	122500000	122750000	-0.570816
chr6	122750000	123000000	-0.582611
chr6	123000000	123250000	-0.723448
chr6	123250000	123500000	-0.666938
chr6	123500000	123750000	-0.734853
chr6	123750000	124000000	-0.629892
chr6	124000000	124250000	-0.732634
chr6	124250000	124500000	-0.690172
chr6	124500000	124750000	-0.810956
chr6	124750000	125000000	-0.664629
chr6	125000000	125250000	-0.533329
chr6	125250000	125500000	-0.300993
chr6	125500000	125750000	-0.332967
chr6	125750000	126000000	-0.0557715
chr6	126000000	126250000	-0.178722
chr6	126250000	126500000	-0.414591
chr6	126500000	126750000	-0.68622
chr6	126750000	127000000	-0.644628
chr6	127000000	127250000	-0.335019
chr6	127250000	127500000	-0.337453
chr6	127500000	127750000	-0.544504
chr6	127750000	128000000	-0.447127
chr6	128000000	128250000	-0.450318
chr6	128250000	128500000	-0.587123
chr6	128500000	128750000	-0.373893
chr6	128750000	129000000	-0.524113
chr6	129000000	129250000	-0.740164
chr6	129250000	129500000	-0.378341
chr6	129500000	129750000	0.0694779
chr6	129750000	130000000	0.0730123
chr6	130000000	130250000	0.0810372
chr6	130250000	130500000	0.130048
chr6	130500000	130750000	0.120364
chr6	130750000	131000000	0.13802
chr6	131000000	131250000	0.0529552
chr6	131250000	131500000	-0.185542
chr6	131500000	131750000	-0.18071
chr6	131750000	132000000	-0.447205
chr6	132000000	132250000	-0.380753
chr6	132250000	132500000	-0.204484
chr6	132500000	132750000	-0.128876
chr6	132750000	133000000	-0.158553
chr6	133000000	133250000	-0.504582
chr6	133250000	133500000	-0.559387
chr6	133500000	133750000	-0.557517
chr6	133750000	134000000	-0.278334
chr6	134000000	134250000	0.106836
chr6	134250000	134500000	0.194375
chr6	134500000	134750000	0.182227
chr6	134750000	135000000	0.230848
chr6	135000000	135250000	0.420429
chr6	135250000	135500000	0.299572
chr6	135500000	135750000	0.00229842
chr6	135750000	136000000	-0.029712
chr6	136000000	136250000	-0.000359053
chr6	136250000	136500000	0.225559
chr6	136500000	136750000	0.285563
chr6	136750000	137000000	0.405924
chr6	137000000	137250000	0.477669
chr6	137250000	137500000	0.471638
chr6	137500000	137750000	0.527658
chr6	137750000	138000000	0.569873
chr6	138000000	138250000	0.351445
chr6	138250000	138500000	0.327199
chr6	138500000	138750000	0.344676
chr6	138750000	139000000	0.300283
chr6	139000000	139250000	0.228842
chr6	139250000	139500000	0.0361561
chr6	139500000	139750000	-0.136369
chr6	139750000	140000000	-0.254007
chr6	140000000	140250000	-0.263588
chr6	140250000	140500000	-0.326332
chr6	140500000	140750000	-0.290513
chr6	140750000	141000000	-0.440879
chr6	141000000	141250000	-0.351866
chr6	141250000	141500000	-0.308887
chr6	141500000	141750000	-0.641088
chr6	141750000	142000000	-0.906899
chr6	142000000	142250000	-0.747248
chr6	142250000	142500000	-0.650536
chr6	142500000	142750000	-0.284133
chr6	142750000	143000000	-0.00864879
chr6	143000000	143250000	-0.161087
chr6	143250000	143500000	-0.0749891
chr6	143500000	143750000	-0.103748
chr6	143750000	144000000	-0.0464646
chr6	144000000	144250000	0.0294132
chr6	144250000	144500000	0.0657529
chr6	144500000	144750000	-0.160607
chr6	144750000	145000000	-0.285076
chr6	145000000	145250000	-0.507015
chr6	145250000	145500000	-0.653862
chr6	145500000	145750000	-0.540252
chr6	145750000	146000000	-0.414923
chr6	146000000	146250000	-0.787853
chr6	146250000	146500000	-0.804249
chr6	146500000	146750000	-0.865766
chr6	146750000	147000000	-0.752511
chr6	147000000	147250000	-0.545247
chr6	147250000	147500000	-0.479338
chr6	147500000	147750000	-0.687652
chr6	147750000	148000000	-0.700069
chr6	148000000	148250000	-0.503955
chr6	148250000	148500000	-0.197514
chr6	148500000	148750000	0.0979838
chr6	148750000	149000000	0.22013
chr6	149000000	149250000	0.327952
chr6	149250000	149500000	0.406748
chr6	149500000	149750000	0.630555
chr6	149750000	150000000	0.450097
chr6	150000000	150250000	0.428153
chr6	150250000	150500000	0.307037
chr6	150500000	150750000	0.418999
chr6	150750000	151000000	0.306245
chr6	151000000	151250000	0.104003
chr6	151250000	151500000	0.211909
chr6	151500000	151750000	-0.0475006
chr6	151750000	152000000	-0.165694
chr6	152000000	152250000	-0.138081
chr6	152250000	152500000	-0.264755
chr6	152500000	152750000	-0.611109
chr6	152750000	153000000	-0.446151
chr6	153000000	153250000	-0.432118
chr6	153250000	153500000	-0.693805
chr6	153500000	153750000	-0.710997
chr6	153750000	154000000	-0.666187
chr6	154000000	154250000	-0.153585
chr6	154250000	154500000	0.070906
chr6	154500000	154750000	0.168375
chr6	154750000	155000000	0.245364
chr6	155000000	155250000	0.298976
chr6	155250000	155500000	0.0999431
chr6	155500000	155750000	-0.114217
chr6	155750000	156000000	-0.325663
chr6	156000000	156250000	-0.296837
chr6	156250000	156500000	-0.0830927
chr6	156500000	156750000	0.151246
chr6	156750000	157000000	0.206676
chr6	157000000	157250000	0.150115
chr6	157250000	157500000	0.424511
chr6	157500000	157750000	0.425839
chr6	157750000	158000000	0.483915
chr6	158000000	158250000	0.445429
chr6	158250000	158500000	0.464257
chr6	158500000	158750000	0.558457
chr6	158750000	159000000	0.469212
chr6	159000000	159250000	0.344893
chr6	159250000	159500000	-0.0495703
chr6	159500000	159750000	0.236688
chr6	159750000	160000000	0.298473
chr6	160000000	160250000	-0.03746
chr6	160250000	160500000	-0.298894
chr6	160500000	160750000	-0.341521
chr6	160750000	161000000	-0.377378
chr6	161000000	161250000	-0.157239
chr6	161250000	161500000	-0.398657
chr6	161500000	161750000	-0.560677
chr6	161750000	162000000	-0.621378
chr6	162000000	162250000	-0.69657
chr6	162250000	162500000	-0.756401
chr6	162500000	162750000	-0.734926
chr6	162750000	163000000	-0.854798
chr6	163000000	163250000	-0.677179
chr6	163250000	163500000	-0.459931
chr6	163500000	163750000	-0.320386
chr6	163750000	164000000	-0.473357
chr6	164000000	164250000	-0.708643
chr6	164250000	164500000	-0.598675
chr6	164500000	164750000	-0.782481
chr6	164750000	165000000	-0.824287
chr6	165000000	165250000	-0.873119
chr6	165250000	165500000	-0.923031
chr6	165500000	165750000	-0.660323
chr6	165750000	166000000	-0.473396
chr6	166000000	166250000	-0.335287
chr6	166250000	166500000	0.0287164
chr6	166500000	166750000	0.120518
chr6	166750000	167000000	0.195597
chr6	167000000	167250000	0.269689
chr6	167250000	167500000	0.0604184
chr6	167500000	167750000	-0.0818428
chr6	167750000	168000000	-0.0643484
chr6	168000000	168250000	-0.391722
chr6	168250000	168500000	-0.559879
chr6	168500000	168750000	-0.638091
chr6	168750000	169000000	-0.725126
chr6	169000000	169250000	-0.717691
chr6	169250000	169500000	-0.720609
chr6	169500000	169750000	-0.682519
chr6	169750000	170000000	-0.45679
chr6	170000000	170250000	-0.438242
chr6	170250000	170500000	-0.280518
chr6	170500000	170750000	nan
chr6	170750000	170805979	nan
#bedGraph section chr7:0-159345973
chr7	0	250000	-0.462261
chr7	250000	500000	-0.147449
chr7	500000	750000	-0.0153716
chr7	750000	1000000	0.265188
chr7	1000000	1250000	0.411445
chr7	1250000	1500000	0.356791
chr7	1500000	1750000	0.447848
chr7	1750000	2000000	0.348649
chr7	2000000	2250000	0.452379
chr7	2250000	2500000	0.50875
chr7	2500000	2750000	0.381369
chr7	2750000	3000000	0.160069
chr7	3000000	3250000	-0.0944809
chr7	3250000	3500000	-0.448967
chr7	3500000	3750000	-0.611444
chr7	3750000	4000000	-0.568892
chr7	4000000	4250000	-0.630706
chr7	4250000	4500000	-0.607972
chr7	4500000	4750000	-0.0460795
chr7	4750000	5000000	0.268179
chr7	5000000	5250000	0.361246
chr7	5250000	5500000	0.51057
chr7	5500000	5750000	0.593544
chr7	5750000	6000000	0.639321
chr7	6000000	6250000	0.553383
chr7	6250000	6500000	0.587276
chr7	6500000	6750000	0.593692
chr7	6750000	7000000	0.355639
chr7	7000000	7250000	0.156483
chr7	7250000	7500000	0.0476002
chr7	7500000	7750000	0.0890734
chr7	7750000	8000000	0.187507
chr7	8000000	8250000	0.143315
chr7	8250000	8500000	-0.310827
chr7	8500000	8750000	-0.569555
chr7	8750000	9000000	-0.532756
chr7	9000000	9250000	-0.596193
chr7	9250000	9500000	-0.724208
chr7	9500000	9750000	-0.792173
chr7	9750000	10000000	-0.685873
chr7	10000000	10250000	-0.729725
chr7	10250000	10500000	-0.564597
chr7	10500000	10750000	-0.500401
chr7	10750000	11000000	-0.337078
chr7	11000000	11250000	-0.160244
chr7	11250000	11500000	-0.449552
chr7	11500000	11750000	-0.49916
chr7	11750000	12000000	-0.554423
chr7	12000000	12250000	-0.515612
chr7	12250000	12500000	-0.410617
chr7	12500000	12750000	-0.364362
chr7	12750000	13000000	-0.573333
chr7	13000000	13250000	-0.647923
chr7	13250000	13500000	-0.615592
chr7	13500000	13750000	-0.657985
chr7	13750000	14000000	-0.502169
chr7	14000000	14250000	-0.613128
chr7	14250000	14500000	-0.551583
chr7	14500000	14750000	-0.547216
chr7	14750000	15000000	-0.502447
chr7	15000000	15250000	-0.418806
chr7	15250000	15500000	-0.592316
chr7	15500000	15750000	-0.451011
chr7	15750000	16000000	-0.609184
chr7	16000000	16250000	-0.698977
chr7	16250000	16500000	-0.564189
chr7	16500000	16750000	-0.394572
chr7	16750000	17000000	-0.300442
chr7	17000000	17250000	-0.152212
chr7	17250000	17500000	0.0909725
chr7	17500000	17750000	-0.0754718
chr7	17750000	18000000	-0.0318495
chr7	18000000	18250000	-0.221686
chr7	18250000	18500000	-0.304314
chr7	18500000	18750000	-0.546755
chr7	18750000	19000000	-0.551055
chr7	19000000	19250000	-0.539575
chr7	19250000	19500000	-0.555418
chr7	19500000	19750000	-0.318019
chr7	19750000	20000000	-0.166063
chr7	20000000	20250000	0.00367224
chr7	20250000	20500000	0.000379347
chr7	20500000	20750000	-0.114852
chr7	20750000	21000000	-0.186327
chr7	21000000	21250000	-0.123793
chr7	21250000	21500000	0.0920329
chr7	21500000	21750000	-0.0065167
chr7	21750000	22000000	0.151825
chr7	22000000	22250000	0.251544
chr7	22250000	22500000	0.18083
chr7	22500000	22750000	0.314281
chr7	22750000	23000000	0.46875
chr7	23000000	23250000	0.508281
chr7	23250000	23500000	0.46873
chr7	23500000	23750000	0.348726
chr7	23750000	24000000	-0.0147596
chr7	24000000	24250000	0.066818
chr7	24250000	24500000	0.183528
chr7	24500000	24750000	0.336575
chr7	24750000	25000000	0.318821
chr7	25000000	25250000	0.396676
chr7	25250000	25500000	0.121646
chr7	25500000	25750000	0.2623
chr7	25750000	26000000	0.410709
chr7	26000000	26250000	0.521998
chr7	26250000	26500000	0.435293
chr7	26500000	26750000	0.366558
chr7	26750000	27000000	0.304944
chr7	27000000	27250000	0.303767
chr7	27250000	27500000	0.200835
chr7	27500000	27750000	0.25477
chr7	27750000	28000000	0.287602
chr7	28000000	28250000	0.305936
chr7	28250000	28500000	0.243413
chr7	28500000	28750000	0.211584
chr7	28750000	29000000	0.151572
chr7	29000000	29250000	0.183151
chr7	29250000	29500000	0.203541
chr7	29500000	29750000	0.164311
chr7	29750000	30000000	0.221831
chr7	30000000	30250000	0.436237
chr7	30250000	30500000	0.460702
chr7	30500000	30750000	0.407712
chr7	30750000	31000000	0.21207
chr7	31000000	31250000	0.103064
chr7	31250000	31500000	-0.183845
chr7	31500000	31750000	-0.241296
chr7	31750000	32000000	-0.125247
chr7	32000000	32250000	-0.0706214
chr7	32250000	32500000	-0.0562142
chr7	32500000	32750000	0.101715
chr7	32750000	33000000	0.0499033
chr7	33000000	33250000	0.0459875
chr7	33250000	33500000	-0.275891
chr7	33500000	33750000	-0.351628
chr7	33750000	34000000	-0.351392
chr7	34000000	34250000	-0.558848
chr7	34250000	34500000	-0.276822
chr7	34500000	34750000	-0.212724
chr7	34750000	35000000	0.0155201
chr7	35000000	35250000	-0.0933678
chr7	35250000	35500000	-0.0905646
chr7	35500000	35750000	0.15961
chr7	35750000	36000000	0.317497
chr7	36000000	36250000	0.357831
chr7	36250000	36500000	0.283979
chr7	36500000	36750000	0.241533
chr7	36750000	37000000	0.249821
chr7	37000000	37250000	0.336024
chr7	37250000	37500000	0.319748
chr7	37500000	37750000	0.374225
chr7	37750000	38000000	0.285895
chr7	38000000	38250000	0.235968
chr7	38250000	38500000	0.202301
chr7	38500000	38750000	0.0734368
chr7	38750000	39000000	0.106949
chr7	39000000	39250000	0.132827
chr7	39250000	39500000	0.183676
chr7	39500000	39750000	0.28161
chr7	39750000	40000000	0.241094
chr7	40000000	40250000	0.069558
chr7	40250000	40500000	-0.24846
chr7	40500000	40750000	-0.102821
chr7	40750000	41000000	-0.157574
chr7	41000000	41250000	-0.169163
chr7	41250000	41500000	-0.181298
chr7	41500000	41750000	-0.16824
chr7	41750000	42000000	-0.00676301
chr7	42000000	42250000	-0.150848
chr7	42250000	42500000	-0.216618
chr7	42500000	42750000	-0.13262
chr7	42750000	43000000	0.163853
chr7	43000000	43250000	0.3026
chr7	43250000	43500000	0.308034
chr7	43500000	43750000	0.486078
chr7	43750000	44000000	0.583804
chr7	44000000	44250000	0.594324
chr7	44250000	44500000	0.670047
chr7	44500000	44750000	0.621309
chr7	44750000	45000000	0.602199
chr7	45000000	45250000	0.47409
chr7	45250000	45500000	0.28996
chr7	45500000	45750000	0.177766
chr7	45750000	46000000	0.185268
chr7	46000000	46250000	-0.0211058
chr7	46250000	46500000	-0.198976
chr7	46500000	46750000	-0.154029
chr7	46750000	47000000	-0.242272
chr7	47000000	47250000	-0.00282505
chr7	47250000	47500000	0.139112
chr7	47500000	47750000	0.136162
chr7	47750000	48000000	0.237992
chr7	48000000	48250000	0.00147917
chr7	48250000	48500000	-0.314191
chr7	48500000	48750000	-0.571831
chr7	48750000	49000000	-0.592269
chr7	49000000	49250000	-0.44534
chr7	49250000	49500000	-0.412043
chr7	49500000	49750000	-0.289785
chr7	49750000	50000000	-0.335596
chr7	50000000	50250000	-0.0141329
chr7	50250000	50500000	0.199672
chr7	50500000	50750000	-0.0165403
chr7	50750000	51000000	-0.238096
chr7	51000000	51250000	-0.286678
chr7	51250000	51500000	-0.34181
chr7	51500000	51750000	-0.662845
chr7	51750000	52000000	-0.667827
chr7	52000000	52250000	-0.640902
chr7	52250000	52500000	-0.541072
chr7	52500000	52750000	-0.575349
chr7	52750000	53000000	-0.583645
chr7	53000000	53250000	-0.736385
chr7	53250000	53500000	-0.638556
chr7	53500000	53750000	-0.708235
chr7	53750000	54000000	-0.694807
chr7	54000000	54250000	-0.636423
chr7	54250000	54500000	-0.519786
chr7	54500000	54750000	-0.41676
chr7	54750000	55000000	-0.182317
chr7	55000000	55250000	-0.000235324
chr7	55250000	55500000	-0.00619452
chr7	55500000	55750000	0.0461981
chr7	55750000	56000000	-0.0815939
chr7	56000000	56250000	-0.175259
chr7	56250000	56500000	-0.555214
chr7	56500000	56750000	-0.650616
chr7	56750000	57000000	nan
chr7	57000000	57250000	nan
chr7	57250000	57500000	-0.534025
chr7	57500000	57750000	-0.773145
chr7	57750000	58000000	nan
chr7	58000000	58250000	nan
chr7	58250000	58500000	nan
chr7	58500000	58750000	nan
chr7	58750000	59000000	nan
chr7	59000000	59250000	nan
chr7	59250000	59500000	nan
chr7	59500000	59750000	nan
chr7	59750000	60000000	nan
chr7	60000000	60250000	nan
chr7	60250000	60500000	nan
chr7	60500000	60750000	nan
chr7	60750000	61000000	nan
chr7	61000000	61250000	nan
chr7	61250000	61500000	nan
chr7	61500000	61750000	nan
chr7	61750000	62000000	nan
chr7	62000000	62250000	nan
chr7	62250000	62500000	-0.607225
chr7	62500000	62750000	nan
chr7	62750000	63000000	nan
chr7	63000000	63250000	-0.678691
chr7	63250000	63500000	nan
chr7	63500000	63750000	nan
chr7	63750000	64000000	-0.684823
chr7	64000000	64250000	-0.606311
chr7	64250000	64500000	-0.597902
chr7	64500000	64750000	-0.394073
chr7	64750000	65000000	-0.30217
chr7	65000000	65250000	nan
chr7	65250000	65500000	-0.179037
chr7	65500000	65750000	nan
chr7	65750000	66000000	0.274668
chr7	66000000	66250000	0.345022
chr7	66250000	66500000	0.367531
chr7	66500000	66750000	0.495493
chr7	66750000	67000000	0.48345
chr7	67000000	67250000	0.412901
chr7	67250000	67500000	-0.0307425
chr7	67500000	67750000	-0.439219
chr7	67750000	68000000	-0.402012
chr7	68000000	68250000	-0.356576
chr7	68250000	68500000	-0.403395
chr7	68500000	68750000	-0.32781
chr7	68750000	69000000	-0.335048
chr7	69000000	69250000	-0.204775
chr7	69250000	69500000	-0.0504735
chr7	69500000	69750000	0.141601
chr7	69750000	70000000	0.0858124
chr7	70000000	70250000	0.099443
chr7	70250000	70500000	0.115341
chr7	70500000	70750000	0.0234073
chr7	70750000	71000000	-0.166954
chr7	71000000	71250000	-0.416524
chr7	71250000	71500000	-0.538354
chr7	71500000	71750000	-0.47679
chr7	71750000	72000000	-0.436835
chr7	72000000	72250000	-0.339589
chr7	72250000	72500000	-0.353361
chr7	72500000	72750000	0.0891343
chr7	72750000	73000000	0.483049
chr7	73000000	73250000	nan
chr7	73250000	73500000	0.608893
chr7	73500000	73750000	0.657158
chr7	73750000	74000000	0.613361
chr7	74000000	74250000	0.752145
chr7	74250000	74500000	0.713934
chr7	74500000	74750000	0.800768
chr7	74750000	75000000	nan
chr7	75000000	75250000	nan
chr7	75250000	75500000	nan
chr7	75500000	75750000	0.729226
chr7	75750000	76000000	0.631607
chr7	76000000	76250000	0.665673
chr7	76250000	76500000	0.622042
chr7	76500000	76750000	0.414434
chr7	76750000	77000000	0.22866
chr7	77000000	77250000	0.410007
chr7	77250000	77500000	0.524833
chr7	77500000	77750000	0.425127
chr7	77750000	78000000	0.1617
chr7	78000000	78250000	-0.223295
chr7	78250000	78500000	-0.609146
chr7	78500000	78750000	-0.654101
chr7	78750000	79000000	-0.735572
chr7	79000000	79250000	-0.566052
chr7	79250000	79500000	-0.788211
chr7	79500000	79750000	-0.740144
chr7	79750000	80000000	-0.695367
chr7	80000000	80250000	-0.772933
chr7	80250000	80500000	-0.618922
chr7	80500000	80750000	-0.613061
chr7	80750000	81000000	-0.633374
chr7	81000000	81250000	-0.72867
chr7	81250000	81500000	-0.556814
chr7	81500000	81750000	-0.0830521
chr7	81750000	82000000	-0.106315
chr7	82000000	82250000	-0.254815
chr7	82250000	82500000	-0.17295
chr7	82500000	82750000	-0.389409
chr7	82750000	83000000	-0.723341
chr7	83000000	83250000	-0.756203
chr7	83250000	83500000	-0.670594
chr7	83500000	83750000	-0.50041
chr7	83750000	84000000	-0.551171
chr7	84000000	84250000	-0.666592
chr7	84250000	84500000	-0.504096
chr7	84500000	84750000	-0.597953
chr7	84750000	85000000	-0.524845
chr7	85000000	85250000	-0.631579
chr7	85250000	85500000	-0.621574
chr7	85500000	85750000	-0.658104
chr7	85750000	86000000	-0.830301
chr7	86000000	86250000	-0.6558
chr7	86250000	86500000	-0.778506
chr7	86500000	86750000	-0.700456
chr7	86750000	87000000	-0.491298
chr7	87000000	87250000	-0.160538
chr7	87250000	87500000	-0.0820097
chr7	87500000	87750000	-0.0676268
chr7	87750000	88000000	-0.000575253
chr7	88000000	88250000	0.0537753
chr7	88250000	88500000	-0.220481
chr7	88500000	88750000	-0.412281
chr7	88750000	89000000	-0.573658
chr7	89000000	89250000	-0.716538
chr7	89250000	89500000	-0.775452
chr7	89500000	89750000	-0.68301
chr7	89750000	90000000	-0.610585
chr7	90000000	90250000	-0.342782
chr7	90250000	90500000	-0.165403
chr7	90500000	90750000	0.0107503
chr7	90750000	91000000	-0.00265613
chr7	91000000	91250000	-0.201401
chr7	91250000	91500000	-0.552037
chr7	91500000	91750000	-0.561633
chr7	91750000	92000000	-0.110168
chr7	92000000	92250000	0.263506
chr7	92250000	92500000	0.154986
chr7	92500000	92750000	0.118469
chr7	92750000	93000000	0.0471834
chr7	93000000	93250000	0.0215486
chr7	93250000	93500000	-0.358052
chr7	93500000	93750000	-0.45903
chr7	93750000	94000000	-0.282478
chr7	94000000	94250000	-0.229864
chr7	94250000	94500000	-0.340575
chr7	94500000	94750000	-0.355058
chr7	94750000	95000000	-0.569725
chr7	95000000	95250000	-0.326809
chr7	95250000	95500000	-0.211944
chr7	95500000	95750000	-0.187918
chr7	95750000	96000000	-0.305259
chr7	96000000	96250000	-0.226705
chr7	96250000	96500000	-0.232381
chr7	96500000	96750000	-0.261905
chr7	96750000	97000000	-0.440579
chr7	97000000	97250000	-0.287847
chr7	97250000	97500000	-0.403585
chr7	97500000	97750000	-0.523345
chr7	97750000	98000000	-0.125563
chr7	98000000	98250000	0.307746
chr7	98250000	98500000	0.440921
chr7	98500000	98750000	0.240258
chr7	98750000	99000000	0.546236
chr7	99000000	99250000	0.700761
chr7	99250000	99500000	0.680569
chr7	99500000	99750000	0.601716
chr7	99750000	100000000	0.579383
chr7	100000000	100250000	0.664004
chr7	100250000	100500000	0.687937
chr7	100500000	100750000	0.646269
chr7	100750000	101000000	0.630762
chr7	101000000	101250000	0.695322
chr7	101250000	101500000	0.664213
chr7	101500000	101750000	0.602876
chr7	101750000	102000000	0.591446
chr7	102000000	102250000	0.618016
chr7	102250000	102500000	0.619449
chr7	102500000	102750000	nan
chr7	102750000	103000000	0.439406
chr7	103000000	103250000	0.363434
chr7	103250000	103500000	0.261277
chr7	103500000	103750000	-0.0637148
chr7	103750000	104000000	-0.153328
chr7	104000000	104250000	-0.046466
chr7	104250000	104500000	-0.00651678
chr7	104500000	104750000	-0.0244119
chr7	104750000	105000000	0.29828
chr7	105000000	105250000	0.472207
chr7	105250000	105500000	0.505158
chr7	105500000	105750000	0.478602
chr7	105750000	106000000	0.471278
chr7	106000000	106250000	0.577414
chr7	106250000	106500000	0.599107
chr7	106500000	106750000	0.419834
chr7	106750000	107000000	0.342813
chr7	107000000	107250000	0.415374
chr7	107250000	107500000	0.333662
chr7	107500000	107750000	0.333907
chr7	107750000	108000000	0.31853
chr7	108000000	108250000	0.127698
chr7	108250000	108500000	0.0673138
chr7	108500000	108750000	-0.401315
chr7	108750000	109000000	-0.804491
chr7	109000000	109250000	-0.900331
chr7	109250000	109500000	-0.902349
chr7	109500000	109750000	-0.860408
chr7	109750000	110000000	-0.931327
chr7	110000000	110250000	-0.852185
chr7	110250000	110500000	-0.717198
chr7	110500000	110750000	-0.602086
chr7	110750000	111000000	-0.431922
chr7	111000000	111250000	-0.25424
chr7	111250000	111500000	-0.268479
chr7	111500000	111750000	-0.400678
chr7	111750000	112000000	-0.457737
chr7	112000000	112250000	-0.257332
chr7	112250000	112500000	-0.165013
chr7	112500000	112750000	-0.433373
chr7	112750000	113000000	-0.420658
chr7	113000000	113250000	-0.562024
chr7	113250000	113500000	-0.690725
chr7	113500000	113750000	-0.849353
chr7	113750000	114000000	-0.827354
chr7	114000000	114250000	-0.601163
chr7	114250000	114500000	-0.430057
chr7	114500000	114750000	-0.308539
chr7	114750000	115000000	-0.237859
chr7	115000000	115250000	-0.442709
chr7	115250000	115500000	-0.545605
chr7	115500000	115750000	-0.593386
chr7	115750000	116000000	-0.599427
chr7	116000000	116250000	-0.335645
chr7	116250000	116500000	-0.167999
chr7	116500000	116750000	-0.142392
chr7	116750000	117000000	0.172662
chr7	117000000	117250000	0.249033
chr7	117250000	117500000	0.0268231
chr7	117500000	117750000	-0.0363398
chr7	117750000	118000000	-0.285668
chr7	118000000	118250000	-0.441503
chr7	118250000	118500000	-0.664536
chr7	118500000	118750000	-0.772983
chr7	118750000	119000000	-0.876583
chr7	119000000	119250000	-0.877809
chr7	119250000	119500000	-0.765145
chr7	119500000	119750000	-0.693117
chr7	119750000	120000000	-0.576354
chr7	120000000	120250000	-0.317643
chr7	120250000	120500000	-0.214148
chr7	120500000	120750000	-0.234073
chr7	120750000	121000000	-0.0864882
chr7	121000000	121250000	-0.176194
chr7	121250000	121500000	-0.0204655
chr7	121500000	121750000	-0.317702
chr7	121750000	122000000	-0.423185
chr7	122000000	122250000	-0.493745
chr7	122250000	122500000	-0.26658
chr7	122500000	122750000	-0.20929
chr7	122750000	123000000	-0.347408
chr7	123000000	123250000	-0.543361
chr7	123250000	123500000	-0.650648
chr7	123500000	123750000	-0.358477
chr7	123750000	124000000	-0.454806
chr7	124000000	124250000	-0.599773
chr7	124250000	124500000	-0.648468
chr7	124500000	124750000	-0.781922
chr7	124750000	125000000	-0.575465
chr7	125000000	125250000	-0.62797
chr7	125250000	125500000	-0.471107
chr7	125500000	125750000	-0.676009
chr7	125750000	126000000	-0.470549
chr7	126000000	126250000	-0.299429
chr7	126250000	126500000	-0.13948
chr7	126500000	126750000	-0.147679
chr7	126750000	127000000	-0.458514
chr7	127000000	127250000	-0.554251
chr7	127250000	127500000	-0.209233
chr7	127500000	127750000	0.1643
chr7	127750000	128000000	0.211476
chr7	128000000	128250000	0.209415
chr7	128250000	128500000	0.53483
chr7	128500000	128750000	0.630472
chr7	128750000	129000000	0.573888
chr7	129000000	129250000	0.553257
chr7	129250000	129500000	0.63954
chr7	129500000	129750000	0.668284
chr7	129750000	130000000	0.559993
chr7	130000000	130250000	0.563477
chr7	130250000	130500000	0.534297
chr7	130500000	130750000	0.482131
chr7	130750000	131000000	0.43212
chr7	131000000	131250000	0.424342
chr7	131250000	131500000	0.39173
chr7	131500000	131750000	0.272037
chr7	131750000	132000000	0.147419
chr7	132000000	132250000	0.0789657
chr7	132250000	132500000	0.139321
chr7	132500000	132750000	0.0905247
chr7	132750000	133000000	0.236577
chr7	133000000	133250000	0.297583
chr7	133250000	133500000	0.265424
chr7	133500000	133750000	0.237074
chr7	133750000	134000000	0.15027
chr7	134000000	134250000	0.161747
chr7	134250000	134500000	0.22117
chr7	134500000	134750000	0.241855
chr7	134750000	135000000	0.268732
chr7	135000000	135250000	0.343613
chr7	135250000	135500000	0.282817
chr7	135500000	135750000	0.122148
chr7	135750000	136000000	-0.0800716
chr7	136000000	136250000	-0.409253
chr7	136250000	136500000	-0.493076
chr7	136500000	136750000	-0.840438
chr7	136750000	137000000	-0.879502
chr7	137000000	137250000	-0.821994
chr7	137250000	137500000	-0.714958
chr7	137500000	137750000	-0.241212
chr7	137750000	138000000	0.0407463
chr7	138000000	138250000	0.0775601
chr7	138250000	138500000	0.0138257
chr7	138500000	138750000	-0.0104951
chr7	138750000	139000000	0.278014
chr7	139000000	139250000	0.387982
chr7	139250000	139500000	0.446798
chr7	139500000	139750000	0.36668
chr7	139750000	140000000	0.438762
chr7	140000000	140250000	0.386239
chr7	140250000	140500000	0.437027
chr7	140500000	140750000	0.376843
chr7	140750000	141000000	0.367225
chr7	141000000	141250000	0.221532
chr7	141250000	141500000	0.0549001
chr7	141500000	141750000	0.055286
chr7	141750000	142000000	-0.23325
chr7	142000000	142250000	-0.449848
chr7	142250000	142500000	-0.100446
chr7	142500000	142750000	-0.0773706
chr7	142750000	143000000	0.0122142
chr7	143000000	143250000	-0.263333
chr7	143250000	143500000	-0.103726
chr7	143500000	143750000	nan
chr7	143750000	144000000	nan
chr7	144000000	144250000	-0.550914
chr7	144250000	144500000	nan
chr7	144500000	144750000	-0.635767
chr7	144750000	145000000	-0.6772
chr7	145000000	145250000	-1.06148
chr7	145250000	145500000	-1.15362
chr7	145500000	145750000	-1.14836
chr7	145750000	146000000	-1.09025
chr7	146000000	146250000	-1.01954
chr7	146250000	146500000	-1.08871
chr7	146500000	146750000	-1.09644
chr7	146750000	147000000	-1.1428
chr7	147000000	147250000	-1.04773
chr7	147250000	147500000	-1.09409
chr7	147500000	147750000	-1.02913
chr7	147750000	148000000	-0.936144
chr7	148000000	148250000	-0.78344
chr7	148250000	148500000	-0.336543
chr7	148500000	148750000	0.128956
chr7	148750000	149000000	0.156813
chr7	149000000	149250000	0.312121
chr7	149250000	149500000	0.261046
chr7	149500000	149750000	0.3881
chr7	149750000	150000000	0.337203
chr7	150000000	150250000	0.2714
chr7	150250000	150500000	0.493299
chr7	150500000	150750000	0.443303
chr7	150750000	151000000	0.479129
chr7	151000000	151250000	0.656368
chr7	151250000	151500000	0.503934
chr7	151500000	151750000	0.40188
chr7	151750000	152000000	0.349523
chr7	152000000	152250000	0.334645
chr7	152250000	152500000	0.37404
chr7	152500000	152750000	0.314975
chr7	152750000	153000000	-0.280315
chr7	153000000	153250000	-0.828733
chr7	153250000	153500000	-0.971585
chr7	153500000	153750000	-0.931162
chr7	153750000	154000000	-1.0633
chr7	154000000	154250000	-0.928381
chr7	154250000	154500000	-0.950865
chr7	154500000	154750000	-0.779526
chr7	154750000	155000000	-0.417624
chr7	155000000	155250000	-0.0124974
chr7	155250000	155500000	0.00762493
chr7	155500000	155750000	0.128687
chr7	155750000	156000000	-0.0179069
chr7	156000000	156250000	-0.19848
chr7	156250000	156500000	-0.0902681
chr7	156500000	156750000	0.0619925
chr7	156750000	157000000	0.244647
chr7	157000000	157250000	0.2418
chr7	157250000	157500000	-0.0868397
chr7	157500000	157750000	-0.723446
chr7	157750000	158000000	-0.830435
chr7	158000000	158250000	-0.678131
chr7	158250000	158500000	-0.682618
chr7	158500000	158750000	-0.396123
chr7	158750000	159000000	-0.236898
chr7	159000000	159250000	-0.861459
chr7	159250000	159345973	nan
#bedGraph section chr8:0-145138636
chr8	0	250000	nan
chr8	250000	500000	-0.537567
chr8	500000	750000	-0.552575
chr8	750000	1000000	-0.80449
chr8	1000000	1250000	-0.822288
chr8	1250000	1500000	-0.821726
chr8	1500000	1750000	-0.689448
chr8	1750000	2000000	-0.583827
chr8	2000000	2250000	-0.756638
chr8	2250000	2500000	nan
chr8	2500000	2750000	-0.678608
chr8	2750000	3000000	-0.90956
chr8	3000000	3250000	-1.10702
chr8	3250000	3500000	-0.992905
chr8	3500000	3750000	-0.985269
chr8	3750000	4000000	-1.24985
chr8	4000000	4250000	-1.12464
chr8	4250000	4500000	-1.08866
chr8	4500000	4750000	-1.1979
chr8	4750000	5000000	-1.12061
chr8	5000000	5250000	-1.01401
chr8	5250000	5500000	-1.04636
chr8	5500000	5750000	-1.101
chr8	5750000	6000000	-1.04855
chr8	6000000	6250000	-0.744081
chr8	6250000	6500000	-0.168864
chr8	6500000	6750000	-0.00705736
chr8	6750000	7000000	-0.119804
chr8	7000000	7250000	nan
chr8	7250000	7500000	nan
chr8	7500000	7750000	nan
chr8	7750000	8000000	nan
chr8	8000000	8250000	nan
chr8	8250000	8500000	0.419183
chr8	8500000	8750000	0.529851
chr8	8750000	9000000	0.524598
chr8	9000000	9250000	0.396517
chr8	9250000	9500000	0.23536
chr8	9500000	9750000	0.194444
chr8	9750000	10000000	-0.0781927
chr8	10000000	10250000	-0.104935
chr8	10250000	10500000	-0.0659454
chr8	10500000	10750000	0.137409
chr8	10750000	11000000	0.39006
chr8	11000000	11250000	0.394739
chr8	11250000	11500000	0.503026
chr8	11500000	11750000	0.426724
chr8	11750000	12000000	0.470703
chr8	12000000	12250000	nan
chr8	12250000	12500000	nan
chr8	12500000	12750000	-0.176789
chr8	12750000	13000000	-0.264331
chr8	13000000	13250000	-0.570189
chr8	13250000	13500000	-0.734182
chr8	13500000	13750000	-0.937063
chr8	13750000	14000000	-1.07589
chr8	14000000	14250000	-1.03442
chr8	14250000	14500000	-1.06361
chr8	14500000	14750000	-1.06567
chr8	14750000	15000000	-1.04838
chr8	15000000	15250000	-1.04537
chr8	15250000	15500000	-1.03104
chr8	15500000	15750000	-1.08071
chr8	15750000	16000000	-1.04333
chr8	16000000	16250000	-1.11884
chr8	16250000	16500000	-1.13585
chr8	16500000	16750000	-1.01465
chr8	16750000	17000000	-0.985521
chr8	17000000	17250000	-0.653575
chr8	17250000	17500000	-0.545535
chr8	17500000	17750000	-0.449461
chr8	17750000	18000000	-0.23873
chr8	18000000	18250000	-0.12203
chr8	18250000	18500000	-0.522419
chr8	18500000	18750000	-0.669071
chr8	18750000	19000000	-0.453348
chr8	19000000	19250000	-0.44269
chr8	19250000	19500000	-0.236636
chr8	19500000	19750000	-0.114863
chr8	19750000	20000000	-0.132875
chr8	20000000	20250000	-0.103605
chr8	20250000	20500000	-0.0480591
chr8	20500000	20750000	-0.201635
chr8	20750000	21000000	-0.208874
chr8	21000000	21250000	0.0201822
chr8	21250000	21500000	0.0657063
chr8	21500000	21750000	0.225795
chr8	21750000	22000000	0.34053
chr8	22000000	22250000	0.483867
chr8	22250000	22500000	0.516566
chr8	22500000	22750000	0.64754
chr8	22750000	23000000	0.576647
chr8	23000000	23250000	0.601558
chr8	23250000	23500000	0.494743
chr8	23500000	23750000	0.316082
chr8	23750000	24000000	-0.0494085
chr8	24000000	24250000	-0.100949
chr8	24250000	24500000	-0.0907323
chr8	24500000	24750000	-0.306898
chr8	24750000	25000000	-0.261788
chr8	25000000	25250000	-0.049447
chr8	25250000	25500000	0.110398
chr8	25500000	25750000	-0.186497
chr8	25750000	26000000	-0.265057
chr8	26000000	26250000	0.0834021
chr8	26250000	26500000	0.302753
chr8	26500000	26750000	0.257418
chr8	26750000	27000000	0.0369806
chr8	27000000	27250000	0.0403561
chr8	27250000	27500000	0.373955
chr8	27500000	27750000	0.433857
chr8	27750000	28000000	0.52444
chr8	28000000	28250000	0.539633
chr8	28250000	28500000	0.709672
chr8	28500000	28750000	0.659063
chr8	28750000	29000000	0.644072
chr8	29000000	29250000	0.722172
chr8	29250000	29500000	0.688894
chr8	29500000	29750000	0.641151
chr8	29750000	30000000	0.61204
chr8	30000000	30250000	0.650744
chr8	30250000	30500000	0.343951
chr8	30500000	30750000	0.453023
chr8	30750000	31000000	0.220124
chr8	31000000	31250000	0.0231426
chr8	31250000	31500000	-0.539416
chr8	31500000	31750000	-0.58955
chr8	31750000	32000000	-0.535833
chr8	32000000	32250000	-0.430628
chr8	32250000	32500000	-0.397868
chr8	32500000	32750000	-0.255002
chr8	32750000	33000000	-0.16164
chr8	33000000	33250000	-0.294553
chr8	33250000	33500000	0.0147642
chr8	33500000	33750000	-0.124617
chr8	33750000	34000000	-0.678551
chr8	34000000	34250000	-0.883872
chr8	34250000	34500000	-0.870837
chr8	34500000	34750000	-0.874061
chr8	34750000	35000000	-1.00384
chr8	35000000	35250000	-0.840599
chr8	35250000	35500000	-0.831763
chr8	35500000	35750000	-0.725571
chr8	35750000	36000000	-0.764682
chr8	36000000	36250000	-0.844316
chr8	36250000	36500000	-0.924863
chr8	36500000	36750000	-1.00238
chr8	36750000	37000000	-0.438484
chr8	37000000	37250000	-0.231265
chr8	37250000	37500000	-0.00213086
chr8	37500000	37750000	0.148058
chr8	37750000	38000000	0.431236
chr8	38000000	38250000	0.498894
chr8	38250000	38500000	0.545945
chr8	38500000	38750000	0.389643
chr8	38750000	39000000	0.430787
chr8	39000000	39250000	0.025328
chr8	39250000	39500000	-0.100209
chr8	39500000	39750000	-0.0838066
chr8	39750000	40000000	-0.0922742
chr8	40000000	40250000	-0.0976063
chr8	40250000	40500000	-0.439865
chr8	40500000	40750000	-0.534074
chr8	40750000	41000000	-0.296222
chr8	41000000	41250000	-0.0984798
chr8	41250000	41500000	0.148251
chr8	41500000	41750000	0.40684
chr8	41750000	42000000	0.443124
chr8	42000000	42250000	0.495387
chr8	42250000	42500000	0.440693
chr8	42500000	42750000	0.301987
chr8	42750000	43000000	0.216294
chr8	43000000	43250000	-0.183581
chr8	43250000	43500000	-0.717194
chr8	43500000	43750000	-1.09254
chr8	43750000	44000000	nan
chr8	44000000	44250000	nan
chr8	44250000	44500000	nan
chr8	44500000	44750000	nan
chr8	44750000	45000000	nan
chr8	45000000	45250000	nan
chr8	45250000	45500000	nan
chr8	45500000	45750000	nan
chr8	45750000	46000000	nan
chr8	46000000	46250000	-0.839472
chr8	46250000	46500000	-1.08115
chr8	46500000	46750000	-1.29791
chr8	46750000	47000000	-1.17329
chr8	47000000	47250000	-0.662711
chr8	47250000	47500000	-0.0122006
chr8	47500000	47750000	0.114835
chr8	47750000	48000000	0.228224
chr8	48000000	48250000	-0.0891164
chr8	48250000	48500000	-0.224578
chr8	48500000	48750000	-0.367075
chr8	48750000	49000000	-0.323053
chr8	49000000	49250000	-0.378428
chr8	49250000	49500000	-0.539425
chr8	49500000	49750000	-0.688144
chr8	49750000	50000000	-0.643378
chr8	50000000	50250000	-0.572424
chr8	50250000	50500000	-0.704612
chr8	50500000	50750000	-0.677202
chr8	50750000	51000000	-0.609545
chr8	51000000	51250000	-0.487001
chr8	51250000	51500000	-0.435082
chr8	51500000	51750000	-0.384149
chr8	51750000	52000000	0.0367857
chr8	52000000	52250000	-0.255278
chr8	52250000	52500000	-0.262209
chr8	52500000	52750000	-0.0691807
chr8	52750000	53000000	-0.253425
chr8	53000000	53250000	-0.453874
chr8	53250000	53500000	-0.390678
chr8	53500000	53750000	-0.0899053
chr8	53750000	54000000	0.255442
chr8	54000000	54250000	0.212576
chr8	54250000	54500000	-0.0816995
chr8	54500000	54750000	-0.28836
chr8	54750000	55000000	-0.338317
chr8	55000000	55250000	-0.339934
chr8	55250000	55500000	-0.148848
chr8	55500000	55750000	0.0175166
chr8	55750000	56000000	0.441113
chr8	56000000	56250000	0.138239
chr8	56250000	56500000	-0.206112
chr8	56500000	56750000	-0.135119
chr8	56750000	57000000	-0.144468
chr8	57000000	57250000	-0.160395
chr8	57250000	57500000	-0.00674141
chr8	57500000	57750000	-0.173131
chr8	57750000	58000000	-0.0390734
chr8	58000000	58250000	0.250755
chr8	58250000	58500000	0.189743
chr8	58500000	58750000	0.0623145
chr8	58750000	59000000	-0.023751
chr8	59000000	59250000	-0.283115
chr8	59250000	59500000	-0.397794
chr8	59500000	59750000	-0.33921
chr8	59750000	60000000	-0.246543
chr8	60000000	60250000	-0.147144
chr8	60250000	60500000	0.154318
chr8	60500000	60750000	0.386866
chr8	60750000	61000000	0.452298
chr8	61000000	61250000	0.421757
chr8	61250000	61500000	0.176245
chr8	61500000	61750000	0.098189
chr8	61750000	62000000	-0.163752
chr8	62000000	62250000	-0.345291
chr8	62250000	62500000	-0.476494
chr8	62500000	62750000	-0.388598
chr8	62750000	63000000	-0.351672
chr8	63000000	63250000	-0.0420945
chr8	63250000	63500000	-0.20352
chr8	63500000	63750000	-0.512292
chr8	63750000	64000000	-0.539808
chr8	64000000	64250000	-0.32339
chr8	64250000	64500000	-0.193668
chr8	64500000	64750000	0.0959502
chr8	64750000	65000000	0.209882
chr8	65000000	65250000	0.0410416
chr8	65250000	65500000	-0.0787849
chr8	65500000	65750000	0.25954
chr8	65750000	66000000	0.471493
chr8	66000000	66250000	0.286402
chr8	66250000	66500000	0.354468
chr8	66500000	66750000	0.479751
chr8	66750000	67000000	0.36678
chr8	67000000	67250000	0.495325
chr8	67250000	67500000	0.396116
chr8	67500000	67750000	0.253756
chr8	67750000	68000000	0.0699989
chr8	68000000	68250000	-0.108737
chr8	68250000	68500000	-0.328411
chr8	68500000	68750000	-0.437244
chr8	68750000	69000000	-0.502188
chr8	69000000	69250000	-0.530866
chr8	69250000	69500000	-0.345057
chr8	69500000	69750000	-0.0335352
chr8	69750000	70000000	0.319859
chr8	70000000	70250000	0.326717
chr8	70250000	70500000	0.34707
chr8	70500000	70750000	0.234686
chr8	70750000	71000000	-0.187785
chr8	71000000	71250000	-0.235985
chr8	71250000	71500000	-0.239699
chr8	71500000	71750000	-0.15765
chr8	71750000	72000000	0.148605
chr8	72000000	72250000	-0.0176434
chr8	72250000	72500000	-0.181265
chr8	72500000	72750000	-0.261475
chr8	72750000	73000000	0.0152268
chr8	73000000	73250000	0.229628
chr8	73250000	73500000	0.202136
chr8	73500000	73750000	0.393015
chr8	73750000	74000000	0.391826
chr8	74000000	74250000	0.097505
chr8	74250000	74500000	-0.219244
chr8	74500000	74750000	-0.381766
chr8	74750000	75000000	-0.441195
chr8	75000000	75250000	-0.358456
chr8	75250000	75500000	-0.142686
chr8	75500000	75750000	-0.0992202
chr8	75750000	76000000	-0.348513
chr8	76000000	76250000	-0.435743
chr8	76250000	76500000	-0.330108
chr8	76500000	76750000	-0.244823
chr8	76750000	77000000	-0.187831
chr8	77000000	77250000	-0.330891
chr8	77250000	77500000	-0.435881
chr8	77500000	77750000	-0.484442
chr8	77750000	78000000	-0.548029
chr8	78000000	78250000	-0.466183
chr8	78250000	78500000	-0.403388
chr8	78500000	78750000	-0.120657
chr8	78750000	79000000	-0.102355
chr8	79000000	79250000	-0.416969
chr8	79250000	79500000	-0.295414
chr8	79500000	79750000	0.0300886
chr8	79750000	80000000	0.278642
chr8	80000000	80250000	0.3685
chr8	80250000	80500000	0.388869
chr8	80500000	80750000	0.251524
chr8	80750000	81000000	0.040073
chr8	81000000	81250000	0.23746
chr8	81250000	81500000	0.0408493
chr8	81500000	81750000	0.036169
chr8	81750000	82000000	-0.124099
chr8	82000000	82250000	-0.517224
chr8	82250000	82500000	-0.55771
chr8	82500000	82750000	-0.550187
chr8	82750000	83000000	-0.600035
chr8	83000000	83250000	-0.622176
chr8	83250000	83500000	-0.626779
chr8	83500000	83750000	-0.728308
chr8	83750000	84000000	-0.566089
chr8	84000000	84250000	-0.605431
chr8	84250000	84500000	-0.592346
chr8	84500000	84750000	-0.645285
chr8	84750000	85000000	-0.450952
chr8	85000000	85250000	-0.195304
chr8	85250000	85500000	-0.457645
chr8	85500000	85750000	-0.938795
chr8	85750000	86000000	nan
chr8	86000000	86250000	-0.646847
chr8	86250000	86500000	-0.333239
chr8	86500000	86750000	-0.362256
chr8	86750000	87000000	-0.759233
chr8	87000000	87250000	-0.882799
chr8	87250000	87500000	-0.896046
chr8	87500000	87750000	-0.85359
chr8	87750000	88000000	-0.81929
chr8	88000000	88250000	-0.704059
chr8	88250000	88500000	-0.646458
chr8	88500000	88750000	-0.771273
chr8	88750000	89000000	-0.702717
chr8	89000000	89250000	-0.544274
chr8	89250000	89500000	-0.352886
chr8	89500000	89750000	-0.265201
chr8	89750000	90000000	0.159819
chr8	90000000	90250000	-0.12046
chr8	90250000	90500000	-0.212448
chr8	90500000	90750000	-0.139239
chr8	90750000	91000000	-0.0982294
chr8	91000000	91250000	-0.0869846
chr8	91250000	91500000	-0.381004
chr8	91500000	91750000	-0.532537
chr8	91750000	92000000	-0.59327
chr8	92000000	92250000	-0.541656
chr8	92250000	92500000	-0.491428
chr8	92500000	92750000	-0.423833
chr8	92750000	93000000	-0.520104
chr8	93000000	93250000	-0.446147
chr8	93250000	93500000	-0.34548
chr8	93500000	93750000	-0.165699
chr8	93750000	94000000	0.270196
chr8	94000000	94250000	0.335395
chr8	94250000	94500000	0.358961
chr8	94500000	94750000	0.501472
chr8	94750000	95000000	0.429455
chr8	95000000	95250000	0.559993
chr8	95250000	95500000	0.185777
chr8	95500000	95750000	-0.129603
chr8	95750000	96000000	-0.0701538
chr8	96000000	96250000	-0.105861
chr8	96250000	96500000	-0.0431803
chr8	96500000	96750000	-0.316495
chr8	96750000	97000000	-0.332232
chr8	97000000	97250000	-0.238769
chr8	97250000	97500000	-0.0507658
chr8	97500000	97750000	0.257448
chr8	97750000	98000000	0.330492
chr8	98000000	98250000	0.492816
chr8	98250000	98500000	0.39327
chr8	98500000	98750000	0.476251
chr8	98750000	99000000	0.524726
chr8	99000000	99250000	0.393129
chr8	99250000	99500000	0.411458
chr8	99500000	99750000	0.418384
chr8	99750000	100000000	0.397391
chr8	100000000	100250000	0.494716
chr8	100250000	100500000	0.535979
chr8	100500000	100750000	0.534905
chr8	100750000	101000000	0.55958
chr8	101000000	101250000	0.548647
chr8	101250000	101500000	0.500054
chr8	101500000	101750000	0.436309
chr8	101750000	102000000	0.370723
chr8	102000000	102250000	0.482013
chr8	102250000	102500000	0.597326
chr8	102500000	102750000	0.639878
chr8	102750000	103000000	0.545571
chr8	103000000	103250000	0.326916
chr8	103250000	103500000	0.223836
chr8	103500000	103750000	-0.132542
chr8	103750000	104000000	-0.326187
chr8	104000000	104250000	-0.11042
chr8	104250000	104500000	0.120745
chr8	104500000	104750000	0.0893192
chr8	104750000	105000000	-0.168341
chr8	105000000	105250000	-0.316711
chr8	105250000	105500000	-0.440173
chr8	105500000	105750000	-0.337825
chr8	105750000	106000000	-0.34093
chr8	106000000	106250000	-0.247342
chr8	106250000	106500000	-0.166443
chr8	106500000	106750000	-0.125751
chr8	106750000	107000000	-0.246658
chr8	107000000	107250000	-0.362388
chr8	107250000	107500000	-0.453809
chr8	107500000	107750000	-0.31517
chr8	107750000	108000000	-0.281245
chr8	108000000	108250000	-0.193505
chr8	108250000	108500000	-0.00411665
chr8	108500000	108750000	-0.225985
chr8	108750000	109000000	-0.0911041
chr8	109000000	109250000	0.00465696
chr8	109250000	109500000	0.0312779
chr8	109500000	109750000	-0.0117516
chr8	109750000	110000000	-0.27935
chr8	110000000	110250000	-0.296146
chr8	110250000	110500000	-0.478225
chr8	110500000	110750000	-0.411353
chr8	110750000	111000000	-0.331763
chr8	111000000	111250000	-0.508628
chr8	111250000	111500000	-0.469909
chr8	111500000	111750000	-0.52547
chr8	111750000	112000000	-0.447065
chr8	112000000	112250000	-0.52339
chr8	112250000	112500000	-0.53891
chr8	112500000	112750000	-0.534242
chr8	112750000	113000000	-0.458099
chr8	113000000	113250000	-0.449823
chr8	113250000	113500000	-0.411322
chr8	113500000	113750000	0.0304453
chr8	113750000	114000000	-0.161276
chr8	114000000	114250000	-0.249546
chr8	114250000	114500000	-0.297647
chr8	114500000	114750000	-0.428014
chr8	114750000	115000000	-0.537542
chr8	115000000	115250000	-0.160431
chr8	115250000	115500000	-0.410564
chr8	115500000	115750000	-0.277457
chr8	115750000	116000000	-0.33453
chr8	116000000	116250000	-0.239544
chr8	116250000	116500000	-0.124514
chr8	116500000	116750000	-0.0738881
chr8	116750000	117000000	0.126506
chr8	117000000	117250000	-0.0737574
chr8	117250000	117500000	-0.0524614
chr8	117500000	117750000	0.0125611
chr8	117750000	118000000	0.134458
chr8	118000000	118250000	0.195265
chr8	118250000	118500000	0.16762
chr8	118500000	118750000	0.267703
chr8	118750000	119000000	0.189202
chr8	119000000	119250000	-0.0493229
chr8	119250000	119500000	0.0513522
chr8	119500000	119750000	0.174656
chr8	119750000	120000000	0.2587
chr8	120000000	120250000	0.0519438
chr8	120250000	120500000	0.0439299
chr8	120500000	120750000	0.0636064
chr8	120750000	121000000	0.0327445
chr8	121000000	121250000	-0.284489
chr8	121250000	121500000	-0.432484
chr8	121500000	121750000	-0.308645
chr8	121750000	122000000	-0.43902
chr8	122000000	122250000	-0.23412
chr8	122250000	122500000	-0.214125
chr8	122500000	122750000	0.0202304
chr8	122750000	123000000	0.256327
chr8	123000000	123250000	0.372505
chr8	123250000	123500000	0.394964
chr8	123500000	123750000	0.292109
chr8	123750000	124000000	0.294212
chr8	124000000	124250000	0.294991
chr8	124250000	124500000	0.29004
chr8	124500000	124750000	0.473155
chr8	124750000	125000000	0.375162
chr8	125000000	125250000	0.544685
chr8	125250000	125500000	0.396833
chr8	125500000	125750000	0.399295
chr8	125750000	126000000	0.0169246
chr8	126000000	126250000	-0.2039
chr8	126250000	126500000	-0.19707
chr8	126500000	126750000	-0.187021
chr8	126750000	127000000	0.158277
chr8	127000000	127250000	0.222108
chr8	127250000	127500000	0.363299
chr8	127500000	127750000	0.379004
chr8	127750000	128000000	0.278678
chr8	128000000	128250000	0.193924
chr8	128250000	128500000	0.117151
chr8	128500000	128750000	-0.0791481
chr8	128750000	129000000	-0.0587695
chr8	129000000	129250000	-0.221285
chr8	129250000	129500000	0.0257415
chr8	129500000	129750000	0.000600861
chr8	129750000	130000000	0.113468
chr8	130000000	130250000	0.22496
chr8	130250000	130500000	0.293225
chr8	130500000	130750000	0.0994149
chr8	130750000	131000000	-0.138107
chr8	131000000	131250000	-0.641268
chr8	131250000	131500000	-0.452582
chr8	131500000	131750000	-0.544155
chr8	131750000	132000000	-0.0496518
chr8	132000000	132250000	-0.156547
chr8	132250000	132500000	-0.288197
chr8	132500000	132750000	-0.0448241
chr8	132750000	133000000	0.174328
chr8	133000000	133250000	0.180057
chr8	133250000	133500000	0.288242
chr8	133500000	133750000	0.282815
chr8	133750000	134000000	0.104528
chr8	134000000	134250000	0.0145611
chr8	134250000	134500000	0.0187403
chr8	134500000	134750000	0.202521
chr8	134750000	135000000	-0.13747
chr8	135000000	135250000	-0.425743
chr8	135250000	135500000	-0.438999
chr8	135500000	135750000	-0.348726
chr8	135750000	136000000	-0.521341
chr8	136000000	136250000	-0.317547
chr8	136250000	136500000	-0.309099
chr8	136500000	136750000	-0.246393
chr8	136750000	137000000	-0.76441
chr8	137000000	137250000	-0.781307
chr8	137250000	137500000	-0.695646
chr8	137500000	137750000	-0.813892
chr8	137750000	138000000	-0.770798
chr8	138000000	138250000	-0.686482
chr8	138250000	138500000	-0.887983
chr8	138500000	138750000	-0.540932
chr8	138750000	139000000	-0.238166
chr8	139000000	139250000	-0.199623
chr8	139250000	139500000	0.118491
chr8	139500000	139750000	0.135976
chr8	139750000	140000000	0.185016
chr8	140000000	140250000	0.252214
chr8	140250000	140500000	0.471979
chr8	140500000	140750000	0.50781
chr8	140750000	141000000	0.422884
chr8	141000000	141250000	0.521202
chr8	141250000	141500000	0.432759
chr8	141500000	141750000	0.443999
chr8	141750000	142000000	0.430624
chr8	142000000	142250000	0.297545
chr8	142250000	142500000	0.332653
chr8	142500000	142750000	0.356398
chr8	142750000	143000000	0.379434
chr8	143000000	143250000	0.452189
chr8	143250000	143500000	0.48224
chr8	143500000	143750000	0.476576
chr8	143750000	144000000	0.442673
chr8	144000000	144250000	0.489604
chr8	144250000	144500000	0.387116
chr8	144500000	144750000	0.242485
chr8	144750000	145000000	0.342016
chr8	145000000	145138636	nan
#bedGraph section chr9:0-138394717
chr9	0	250000	nan
chr9	250000	500000	0.347864
chr9	500000	750000	0.127234
chr9	750000	1000000	0.140469
chr9	1000000	1250000	0.0840252
chr9	1250000	1500000	0.139781
chr9	1500000	1750000	0.165624
chr9	1750000	2000000	0.221052
chr9	2000000	2250000	0.122759
chr9	2250000	2500000	-0.254237
chr9	2500000	2750000	-0.0759152
chr9	2750000	3000000	-0.112697
chr9	3000000	3250000	-0.188105
chr9	3250000	3500000	0.00212546
chr9	3500000	3750000	-0.0847579
chr9	3750000	4000000	-0.158019
chr9	4000000	4250000	-0.203074
chr9	4250000	4500000	0.145085
chr9	4500000	4750000	0.278012
chr9	4750000	5000000	0.286766
chr9	5000000	5250000	0.20448
chr9	5250000	5500000	0.314278
chr9	5500000	5750000	0.334387
chr9	5750000	6000000	0.365881
chr9	6000000	6250000	0.380067
chr9	6250000	6500000	0.213188
chr9	6500000	6750000	0.418828
chr9	6750000	7000000	0.0976393
chr9	7000000	7250000	-0.101715
chr9	7250000	7500000	-0.317899
chr9	7500000	7750000	-0.468499
chr9	7750000	8000000	-0.599649
chr9	8000000	8250000	-0.685967
chr9	8250000	8500000	-0.50971
chr9	8500000	8750000	-0.605977
chr9	8750000	9000000	-0.52026
chr9	9000000	9250000	-0.524953
chr9	9250000	9500000	-0.658167
chr9	9500000	9750000	-0.636294
chr9	9750000	10000000	-0.571008
chr9	10000000	10250000	-0.718034
chr9	10250000	10500000	-0.735709
chr9	10500000	10750000	-0.885261
chr9	10750000	11000000	-0.838401
chr9	11000000	11250000	-0.824736
chr9	11250000	11500000	-0.727109
chr9	11500000	11750000	-0.737429
chr9	11750000	12000000	-0.835627
chr9	12000000	12250000	-0.903456
chr9	12250000	12500000	-0.717587
chr9	12500000	12750000	-0.704153
chr9	12750000	13000000	-0.651434
chr9	13000000	13250000	-0.583435
chr9	13250000	13500000	-0.547019
chr9	13500000	13750000	-0.759378
chr9	13750000	14000000	-0.795255
chr9	14000000	14250000	-0.518729
chr9	14250000	14500000	-0.335896
chr9	14500000	14750000	-0.289107
chr9	14750000	15000000	-0.458879
chr9	15000000	15250000	-0.316969
chr9	15250000	15500000	0.068215
chr9	15500000	15750000	-0.222419
chr9	15750000	16000000	-0.531523
chr9	16000000	16250000	-0.508187
chr9	16250000	16500000	-0.40146
chr9	16500000	16750000	-0.2832
chr9	16750000	17000000	-0.659522
chr9	17000000	17250000	-0.784469
chr9	17250000	17500000	-0.844621
chr9	17500000	17750000	-0.673321
chr9	17750000	18000000	-0.577989
chr9	18000000	18250000	-0.674851
chr9	18250000	18500000	-0.678877
chr9	18500000	18750000	-0.466269
chr9	18750000	19000000	-0.278081
chr9	19000000	19250000	0.0866505
chr9	19250000	19500000	0.0496543
chr9	19500000	19750000	-0.358834
chr9	19750000	20000000	-0.269717
chr9	20000000	20250000	-0.219009
chr9	20250000	20500000	-0.0356195
chr9	20500000	20750000	0.128809
chr9	20750000	21000000	0.204609
chr9	21000000	21250000	-0.0357823
chr9	21250000	21500000	-0.0635497
chr9	21500000	21750000	-0.27167
chr9	21750000	22000000	-0.281251
chr9	22000000	22250000	-0.426889
chr9	22250000	22500000	-0.83114
chr9	22500000	22750000	-0.857517
chr9	22750000	23000000	-0.71202
chr9	23000000	23250000	-0.671098
chr9	23250000	23500000	-0.696971
chr9	23500000	23750000	-0.689051
chr9	23750000	24000000	-0.638857
chr9	24000000	24250000	-0.771395
chr9	24250000	24500000	-0.809503
chr9	24500000	24750000	-0.8096
chr9	24750000	25000000	-0.836345
chr9	25000000	25250000	-0.850085
chr9	25250000	25500000	-0.863064
chr9	25500000	25750000	-0.893007
chr9	25750000	26000000	-0.858495
chr9	26000000	26250000	-0.927607
chr9	26250000	26500000	-0.817547
chr9	26500000	26750000	-0.667656
chr9	26750000	27000000	-0.174374
chr9	27000000	27250000	-0.299915
chr9	27250000	27500000	-0.147778
chr9	27500000	27750000	-0.346192
chr9	27750000	28000000	-0.538424
chr9	28000000	28250000	-0.6055
chr9	28250000	28500000	-0.712052
chr9	28500000	28750000	-0.548178
chr9	28750000	29000000	-0.682634
chr9	29000000	29250000	-0.587246
chr9	29250000	29500000	-0.492687
chr9	29500000	29750000	-0.491763
chr9	29750000	30000000	-0.486951
chr9	30000000	30250000	-0.474368
chr9	30250000	30500000	-0.558241
chr9	30500000	30750000	-0.591045
chr9	30750000	31000000	-0.592415
chr9	31000000	31250000	-0.561096
chr9	31250000	31500000	-0.583824
chr9	31500000	31750000	-0.599696
chr9	31750000	32000000	-0.716586
chr9	32000000	32250000	-0.622193
chr9	32250000	32500000	-0.252558
chr9	32500000	32750000	-0.252707
chr9	32750000	33000000	-0.151029
chr9	33000000	33250000	0.265132
chr9	33250000	33500000	0.378341
chr9	33500000	33750000	0.280126
chr9	33750000	34000000	0.53574
chr9	34000000	34250000	0.566886
chr9	34250000	34500000	0.502713
chr9	34500000	34750000	0.570998
chr9	34750000	35000000	0.492259
chr9	35000000	35250000	0.48509
chr9	35250000	35500000	0.455418
chr9	35500000	35750000	0.625421
chr9	35750000	36000000	0.633668
chr9	36000000	36250000	0.461151
chr9	36250000	36500000	0.529192
chr9	36500000	36750000	0.514178
chr9	36750000	37000000	0.395441
chr9	37000000	37250000	0.359971
chr9	37250000	37500000	0.399431
chr9	37500000	37750000	0.376
chr9	37750000	38000000	0.29597
chr9	38000000	38250000	0.315342
chr9	38250000	38500000	0.115658
chr9	38500000	38750000	-0.06598
chr9	38750000	39000000	nan
chr9	39000000	39250000	-0.746396
chr9	39250000	39500000	nan
chr9	39500000	39750000	nan
chr9	39750000	40000000	nan
chr9	40000000	40250000	nan
chr9	40250000	40500000	nan
chr9	40500000	40750000	nan
chr9	40750000	41000000	-0.733631
chr9	41000000	41250000	-0.408948
chr9	41250000	41500000	nan
chr9	41500000	41750000	nan
chr9	41750000	42000000	nan
chr9	42000000	42250000	nan
chr9	42250000	42500000	-0.927423
chr9	42500000	42750000	nan
chr9	42750000	43000000	nan
chr9	43000000	43250000	nan
chr9	43250000	43500000	nan
chr9	43500000	43750000	nan
chr9	43750000	44000000	nan
chr9	44000000	44250000	nan
chr9	44250000	44500000	nan
chr9	44500000	44750000	nan
chr9	44750000	45000000	nan
chr9	45000000	45250000	nan
chr9	45250000	45500000	nan
chr9	45500000	45750000	nan
chr9	45750000	46000000	nan
chr9	46000000	46250000	nan
chr9	46250000	46500000	nan
chr9	46500000	46750000	nan
chr9	46750000	47000000	nan
chr9	47000000	47250000	nan
chr9	47250000	47500000	nan
chr9	47500000	47750000	nan
chr9	47750000	48000000	nan
chr9	48000000	48250000	nan
chr9	48250000	48500000	nan
chr9	48500000	48750000	nan
chr9	48750000	49000000	nan
chr9	49000000	49250000	nan
chr9	49250000	49500000	nan
chr9	49500000	49750000	nan
chr9	49750000	50000000	nan
chr9	50000000	50250000	nan
chr9	50250000	50500000	nan
chr9	50500000	50750000	nan
chr9	50750000	51000000	nan
chr9	51000000	51250000	nan
chr9	51250000	51500000	nan
chr9	51500000	51750000	nan
chr9	51750000	52000000	nan
chr9	52000000	52250000	nan
chr9	52250000	52500000	nan
chr9	52500000	52750000	nan
chr9	52750000	53000000	nan
chr9	53000000	53250000	nan
chr9	53250000	53500000	nan
chr9	53500000	53750000	nan
chr9	53750000	54000000	nan
chr9	54000000	54250000	nan
chr9	54250000	54500000	nan
chr9	54500000	54750000	nan
chr9	54750000	55000000	nan
chr9	55000000	55250000	nan
chr9	55250000	55500000	nan
chr9	55500000	55750000	nan
chr9	55750000	56000000	nan
chr9	56000000	56250000	nan
chr9	56250000	56500000	nan
chr9	56500000	56750000	nan
chr9	56750000	57000000	nan
chr9	57000000	57250000	nan
chr9	57250000	57500000	nan
chr9	57500000	57750000	nan
chr9	57750000	58000000	nan
chr9	58000000	58250000	nan
chr9	58250000	58500000	nan
chr9	58500000	58750000	nan
chr9	58750000	59000000	nan
chr9	59000000	59250000	nan
chr9	59250000	59500000	nan
chr9	59500000	59750000	nan
chr9	59750000	60000000	nan
chr9	60000000	60250000	nan
chr9	60250000	60500000	nan
chr9	60500000	60750000	nan
chr9	60750000	61000000	nan
chr9	61000000	61250000	nan
chr9	61250000	61500000	nan
chr9	61500000	61750000	nan
chr9	61750000	62000000	nan
chr9	62000000	62250000	nan
chr9	62250000	62500000	nan
chr9	62500000	62750000	nan
chr9	62750000	63000000	-0.29159
chr9	63000000	63250000	nan
chr9	63250000	63500000	nan
chr9	63500000	63750000	nan
chr9	63750000	64000000	-0.53809
chr9	64000000	64250000	nan
chr9	64250000	64500000	nan
chr9	64500000	64750000	nan
chr9	64750000	65000000	nan
chr9	65000000	65250000	nan
chr9	65250000	65500000	nan
chr9	65500000	65750000	nan
chr9	65750000	66000000	nan
chr9	66000000	66250000	nan
chr9	66250000	66500000	nan
chr9	66500000	66750000	nan
chr9	66750000	67000000	nan
chr9	67000000	67250000	nan
chr9	67250000	67500000	nan
chr9	67500000	67750000	nan
chr9	67750000	68000000	nan
chr9	68000000	68250000	nan
chr9	68250000	68500000	-0.285407
chr9	68500000	68750000	-0.0351845
chr9	68750000	69000000	0.0160603
chr9	69000000	69250000	0.0363601
chr9	69250000	69500000	-0.240649
chr9	69500000	69750000	-0.45779
chr9	69750000	70000000	-0.520178
chr9	70000000	70250000	-0.457764
chr9	70250000	70500000	-0.136645
chr9	70500000	70750000	-0.247185
chr9	70750000	71000000	-0.673766
chr9	71000000	71250000	-0.791195
chr9	71250000	71500000	-0.534869
chr9	71500000	71750000	-0.280267
chr9	71750000	72000000	-0.0694037
chr9	72000000	72250000	-0.0406994
chr9	72250000	72500000	0.0857001
chr9	72500000	72750000	-0.107532
chr9	72750000	73000000	-0.339978
chr9	73000000	73250000	-0.488615
chr9	73250000	73500000	-0.704659
chr9	73500000	73750000	-0.698673
chr9	73750000	74000000	-0.72101
chr9	74000000	74250000	-0.800797
chr9	74250000	74500000	-0.804287
chr9	74500000	74750000	-0.585598
chr9	74750000	75000000	-0.234912
chr9	75000000	75250000	-0.391889
chr9	75250000	75500000	-0.786948
chr9	75500000	75750000	-0.886569
chr9	75750000	76000000	-0.821547
chr9	76000000	76250000	-0.700556
chr9	76250000	76500000	-0.297408
chr9	76500000	76750000	-0.266792
chr9	76750000	77000000	-0.447398
chr9	77000000	77250000	-0.255057
chr9	77250000	77500000	-0.29077
chr9	77500000	77750000	-0.452111
chr9	77750000	78000000	-0.374613
chr9	78000000	78250000	-0.440374
chr9	78250000	78500000	-0.638427
chr9	78500000	78750000	-0.940236
chr9	78750000	79000000	-0.989034
chr9	79000000	79250000	-0.995638
chr9	79250000	79500000	-0.750997
chr9	79500000	79750000	-0.483748
chr9	79750000	80000000	-0.670337
chr9	80000000	80250000	-0.912064
chr9	80250000	80500000	-1.0608
chr9	80500000	80750000	-0.998862
chr9	80750000	81000000	-0.995129
chr9	81000000	81250000	-0.989291
chr9	81250000	81500000	-0.924943
chr9	81500000	81750000	-0.794437
chr9	81750000	82000000	-0.766614
chr9	82000000	82250000	-0.929017
chr9	82250000	82500000	-0.986115
chr9	82500000	82750000	-1.01497
chr9	82750000	83000000	-0.976856
chr9	83000000	83250000	-0.917867
chr9	83250000	83500000	-0.685792
chr9	83500000	83750000	-0.333666
chr9	83750000	84000000	-0.0370047
chr9	84000000	84250000	-0.0527243
chr9	84250000	84500000	-0.00724745
chr9	84500000	84750000	-0.0617003
chr9	84750000	85000000	0.0468978
chr9	85000000	85250000	-0.063399
chr9	85250000	85500000	-0.112476
chr9	85500000	85750000	0.0966899
chr9	85750000	86000000	0.194005
chr9	86000000	86250000	0.117852
chr9	86250000	86500000	-0.0082093
chr9	86500000	86750000	-0.200015
chr9	86750000	87000000	-0.324214
chr9	87000000	87250000	-0.174186
chr9	87250000	87500000	-0.0165923
chr9	87500000	87750000	0.0163966
chr9	87750000	88000000	-0.286429
chr9	88000000	88250000	-0.333738
chr9	88250000	88500000	-0.127012
chr9	88500000	88750000	-0.279768
chr9	88750000	89000000	-0.349026
chr9	89000000	89250000	-0.109198
chr9	89250000	89500000	0.201992
chr9	89500000	89750000	0.314143
chr9	89750000	90000000	0.260231
chr9	90000000	90250000	0.227934
chr9	90250000	90500000	0.0198452
chr9	90500000	90750000	0.077214
chr9	90750000	91000000	0.269052
chr9	91000000	91250000	0.172669
chr9	91250000	91500000	0.192341
chr9	91500000	91750000	0.172595
chr9	91750000	92000000	0.193212
chr9	92000000	92250000	0.395758
chr9	92250000	92500000	0.466629
chr9	92500000	92750000	0.42885
chr9	92750000	93000000	0.476167
chr9	93000000	93250000	0.44947
chr9	93250000	93500000	0.327488
chr9	93500000	93750000	0.188925
chr9	93750000	94000000	0.146557
chr9	94000000	94250000	0.269017
chr9	94250000	94500000	0.353531
chr9	94500000	94750000	0.429281
chr9	94750000	95000000	0.381106
chr9	95000000	95250000	0.393495
chr9	95250000	95500000	0.332976
chr9	95500000	95750000	0.222847
chr9	95750000	96000000	0.303284
chr9	96000000	96250000	0.315223
chr9	96250000	96500000	0.257677
chr9	96500000	96750000	0.269808
chr9	96750000	97000000	0.253052
chr9	97000000	97250000	0.16524
chr9	97250000	97500000	0.248869
chr9	97500000	97750000	0.388891
chr9	97750000	98000000	0.342867
chr9	98000000	98250000	0.356643
chr9	98250000	98500000	0.309739
chr9	98500000	98750000	0.18366
chr9	98750000	99000000	0.169669
chr9	99000000	99250000	0.288661
chr9	99250000	99500000	0.248005
chr9	99500000	99750000	0.184909
chr9	99750000	100000000	0.184701
chr9	100000000	100250000	0.146217
chr9	100250000	100500000	-0.00333482
chr9	100500000	100750000	-0.534226
chr9	100750000	101000000	-0.860125
chr9	101000000	101250000	-0.837966
chr9	101250000	101500000	-0.742956
chr9	101500000	101750000	-0.927095
chr9	101750000	102000000	-1.07166
chr9	102000000	102250000	-1.21953
chr9	102250000	102500000	-1.01174
chr9	102500000	102750000	-1.0841
chr9	102750000	103000000	-1.13028
chr9	103000000	103250000	-1.01718
chr9	103250000	103500000	-0.920104
chr9	103500000	103750000	-1.1219
chr9	103750000	104000000	-0.922871
chr9	104000000	104250000	-0.856057
chr9	104250000	104500000	-0.864164
chr9	104500000	104750000	-0.699012
chr9	104750000	105000000	-0.393933
chr9	105000000	105250000	-0.251348
chr9	105250000	105500000	-0.19057
chr9	105500000	105750000	-0.191328
chr9	105750000	106000000	-0.470464
chr9	106000000	106250000	-0.639506
chr9	106250000	106500000	-0.516618
chr9	106500000	106750000	-0.378408
chr9	106750000	107000000	-0.356684
chr9	107000000	107250000	-0.140408
chr9	107250000	107500000	-0.177455
chr9	107500000	107750000	-0.316444
chr9	107750000	108000000	-0.550245
chr9	108000000	108250000	-0.51556
chr9	108250000	108500000	-0.750946
chr9	108500000	108750000	-0.563573
chr9	108750000	109000000	-0.196576
chr9	109000000	109250000	0.131498
chr9	109250000	109500000	0.0523724
chr9	109500000	109750000	-0.0840365
chr9	109750000	110000000	0.0390013
chr9	110000000	110250000	0.139759
chr9	110250000	110500000	0.00215917
chr9	110500000	110750000	-0.0229942
chr9	110750000	111000000	0.153487
chr9	111000000	111250000	0.168059
chr9	111250000	111500000	0.0597978
chr9	111500000	111750000	0.15704
chr9	111750000	112000000	0.336673
chr9	112000000	112250000	0.335703
chr9	112250000	112500000	0.3394
chr9	112500000	112750000	0.155569
chr9	112750000	113000000	0.000610673
chr9	113000000	113250000	-0.112476
chr9	113250000	113500000	0.151219
chr9	113500000	113750000	0.0619737
chr9	113750000	114000000	-0.0367939
chr9	114000000	114250000	-0.00368723
chr9	114250000	114500000	0.0605665
chr9	114500000	114750000	-0.00647045
chr9	114750000	115000000	-0.299767
chr9	115000000	115250000	-0.356997
chr9	115250000	115500000	-0.4659
chr9	115500000	115750000	-0.623301
chr9	115750000	116000000	-1.02375
chr9	116000000	116250000	-0.813622
chr9	116250000	116500000	-0.697182
chr9	116500000	116750000	-0.504282
chr9	116750000	117000000	-0.405182
chr9	117000000	117250000	-0.525239
chr9	117250000	117500000	-0.636698
chr9	117500000	117750000	-0.633193
chr9	117750000	118000000	-0.559165
chr9	118000000	118250000	-0.872699
chr9	118250000	118500000	-0.787073
chr9	118500000	118750000	-0.7919
chr9	118750000	119000000	-0.898995
chr9	119000000	119250000	-0.8273
chr9	119250000	119500000	-0.852632
chr9	119500000	119750000	-0.603381
chr9	119750000	120000000	-0.644228
chr9	120000000	120250000	-0.703786
chr9	120250000	120500000	-0.284488
chr9	120500000	120750000	0.0470355
chr9	120750000	121000000	0.226314
chr9	121000000	121250000	0.410589
chr9	121250000	121500000	0.161593
chr9	121500000	121750000	0.287598
chr9	121750000	122000000	0.146757
chr9	122000000	122250000	0.24384
chr9	122250000	122500000	0.229618
chr9	122500000	122750000	-0.0562022
chr9	122750000	123000000	0.288446
chr9	123000000	123250000	0.229313
chr9	123250000	123500000	0.204438
chr9	123500000	123750000	0.29241
chr9	123750000	124000000	0.255082
chr9	124000000	124250000	0.288695
chr9	124250000	124500000	0.271321
chr9	124500000	124750000	0.361043
chr9	124750000	125000000	0.490454
chr9	125000000	125250000	0.476866
chr9	125250000	125500000	0.423985
chr9	125500000	125750000	0.384067
chr9	125750000	126000000	0.333041
chr9	126000000	126250000	0.351006
chr9	126250000	126500000	0.303205
chr9	126500000	126750000	0.413215
chr9	126750000	127000000	0.466272
chr9	127000000	127250000	0.505161
chr9	127250000	127500000	0.54671
chr9	127500000	127750000	0.453347
chr9	127750000	128000000	0.507271
chr9	128000000	128250000	0.514014
chr9	128250000	128500000	0.537839
chr9	128500000	128750000	0.507792
chr9	128750000	129000000	0.513321
chr9	129000000	129250000	0.543421
chr9	129250000	129500000	0.454131
chr9	129500000	129750000	0.513303
chr9	129750000	130000000	0.492128
chr9	130000000	130250000	0.511884
chr9	130250000	130500000	0.494847
chr9	130500000	130750000	0.493411
chr9	130750000	131000000	0.53977
chr9	131000000	131250000	0.505497
chr9	131250000	131500000	0.531578
chr9	131500000	131750000	0.438796
chr9	131750000	132000000	0.485269
chr9	132000000	132250000	0.491898
chr9	132250000	132500000	0.531567
chr9	132500000	132750000	0.496704
chr9	132750000	133000000	0.522104
chr9	133000000	133250000	0.506217
chr9	133250000	133500000	0.480392
chr9	133500000	133750000	0.477624
chr9	133750000	134000000	0.357036
chr9	134000000	134250000	0.419955
chr9	134250000	134500000	0.333238
chr9	134500000	134750000	0.262794
chr9	134750000	135000000	0.33394
chr9	135000000	135250000	0.28673
chr9	135250000	135500000	0.412977
chr9	135500000	135750000	0.392527
chr9	135750000	136000000	0.373439
chr9	136000000	136250000	0.515524
chr9	136250000	136500000	0.464692
chr9	136500000	136750000	0.381235
chr9	136750000	137000000	0.515931
chr9	137000000	137250000	0.425848
chr9	137250000	137500000	0.422671
chr9	137500000	137750000	0.457736
chr9	137750000	138000000	0.403282
chr9	138000000	138250000	0.300323
chr9	138250000	138394717	nan
#bedGraph section chrX:0-156040895
chrX	0	250000	nan
chrX	250000	500000	-0.0672288
chrX	500000	750000	-0.177898
chrX	750000	1000000	-0.0917778
chrX	1000000	1250000	0.137222
chrX	1250000	1500000	0.421087
chrX	1500000	1750000	0.363278
chrX	1750000	2000000	0.0769968
chrX	2000000	2250000	nan
chrX	2250000	2500000	0.266049
chrX	2500000	2750000	0.398223
chrX	2750000	3000000	0.252496
chrX	3000000	3250000	-0.349962
chrX	3250000	3500000	-0.240241
chrX	3500000	3750000	-0.00503225
chrX	3750000	4000000	0.0855412
chrX	4000000	4250000	-0.516187
chrX	4250000	4500000	-0.535648
chrX	4500000	4750000	-0.488885
chrX	4750000	5000000	-0.551184
chrX	5000000	5250000	-0.37963
chrX	5250000	5500000	-0.434282
chrX	5500000	5750000	-0.368407
chrX	5750000	6000000	-0.245641
chrX	6000000	6250000	-0.281088
chrX	6250000	6500000	-0.290452
chrX	6500000	6750000	-0.0337456
chrX	6750000	7000000	0.0406272
chrX	7000000	7250000	0.182545
chrX	7250000	7500000	-0.0532357
chrX	7500000	7750000	-0.139617
chrX	7750000	8000000	-0.227938
chrX	8000000	8250000	-0.385013
chrX	8250000	8500000	-0.4859
chrX	8500000	8750000	-0.135835
chrX	8750000	9000000	-0.206882
chrX	9000000	9250000	-0.29922
chrX	9250000	9500000	-0.0907865
chrX	9500000	9750000	0.0597322
chrX	9750000	10000000	0.330058
chrX	10000000	10250000	0.278095
chrX	10250000	10500000	0.0568688
chrX	10500000	10750000	0.16648
chrX	10750000	11000000	0.0616291
chrX	11000000	11250000	0.239496
chrX	11250000	11500000	0.178807
chrX	11500000	11750000	0.418304
chrX	11750000	12000000	0.308294
chrX	12000000	12250000	0.182515
chrX	12250000	12500000	0.387587
chrX	12500000	12750000	0.377801
chrX	12750000	13000000	0.625869
chrX	13000000	13250000	0.588691
chrX	13250000	13500000	0.472967
chrX	13500000	13750000	0.513287
chrX	13750000	14000000	0.427679
chrX	14000000	14250000	0.332959
chrX	14250000	14500000	0.129351
chrX	14500000	14750000	0.199235
chrX	14750000	15000000	0.129886
chrX	15000000	15250000	0.264479
chrX	15250000	15500000	0.316307
chrX	15500000	15750000	0.416582
chrX	15750000	16000000	0.352358
chrX	16000000	16250000	0.298597
chrX	16250000	16500000	0.182577
chrX	16500000	16750000	0.404693
chrX	16750000	17000000	0.340226
chrX	17000000	17250000	0.0959743
chrX	17250000	17500000	0.0882152
chrX	17500000	17750000	0.129441
chrX	17750000	18000000	0.0517999
chrX	18000000	18250000	-0.102285
chrX	18250000	18500000	0.195621
chrX	18500000	18750000	0.245642
chrX	18750000	19000000	0.312837
chrX	19000000	19250000	0.194357
chrX	19250000	19500000	0.234941
chrX	19500000	19750000	0.295867
chrX	19750000	20000000	0.34066
chrX	20000000	20250000	0.314594
chrX	20250000	20500000	-0.02238
chrX	20500000	20750000	-0.271122
chrX	20750000	21000000	-0.684048
chrX	21000000	21250000	-0.513888
chrX	21250000	21500000	-0.552741
chrX	21500000	21750000	-0.251062
chrX	21750000	22000000	-0.0463128
chrX	22000000	22250000	0.0737547
chrX	22250000	22500000	-0.100992
chrX	22500000	22750000	-0.208718
chrX	22750000	23000000	-0.35202
chrX	23000000	23250000	-0.083262
chrX	23250000	23500000	-0.199865
chrX	23500000	23750000	0.193175
chrX	23750000	24000000	0.296342
chrX	24000000	24250000	0.527875
chrX	24250000	24500000	0.311027
chrX	24500000	24750000	0.164253
chrX	24750000	25000000	0.0867152
chrX	25000000	25250000	-0.0824634
chrX	25250000	25500000	-0.40374
chrX	25500000	25750000	-0.54796
chrX	25750000	26000000	-0.704562
chrX	26000000	26250000	-0.726315
chrX	26250000	26500000	-0.678172
chrX	26500000	26750000	-0.405851
chrX	26750000	27000000	-0.498645
chrX	27000000	27250000	-0.520082
chrX	27250000	27500000	-0.376371
chrX	27500000	27750000	-0.37046
chrX	27750000	28000000	-0.204186
chrX	28000000	28250000	-0.408676
chrX	28250000	28500000	-0.463303
chrX	28500000	28750000	-0.22619
chrX	28750000	29000000	-0.234483
chrX	29000000	29250000	-0.094136
chrX	29250000	29500000	0.0575012
chrX	29500000	29750000	0.0893502
chrX	29750000	30000000	-0.0364887
chrX	30000000	30250000	-0.00330349
chrX	30250000	30500000	0.027301
chrX	30500000	30750000	0.32236
chrX	30750000	31000000	0.148884
chrX	31000000	31250000	0.2142
chrX	31250000	31500000	0.0503704
chrX	31500000	31750000	0.0523332
chrX	31750000	32000000	-0.137056
chrX	32000000	32250000	-0.219541
chrX	32250000	32500000	-0.359991
chrX	32500000	32750000	-0.326779
chrX	32750000	33000000	-0.424219
chrX	33000000	33250000	-0.220177
chrX	33250000	33500000	-0.44409
chrX	33500000	33750000	-0.599221
chrX	33750000	34000000	-0.692714
chrX	34000000	34250000	-0.445494
chrX	34250000	34500000	-0.352935
chrX	34500000	34750000	-0.409279
chrX	34750000	35000000	-0.325838
chrX	35000000	35250000	-0.416546
chrX	35250000	35500000	-0.231256
chrX	35500000	35750000	-0.162002
chrX	35750000	36000000	-0.236897
chrX	36000000	36250000	-0.313279
chrX	36250000	36500000	-0.472888
chrX	36500000	36750000	-0.398106
chrX	36750000	37000000	-0.195302
chrX	37000000	37250000	nan
chrX	37250000	37500000	0.0281615
chrX	37500000	37750000	0.159934
chrX	37750000	38000000	0.15648
chrX	38000000	38250000	0.232915
chrX	38250000	38500000	0.32353
chrX	38500000	38750000	0.283306
chrX	38750000	39000000	0.354778
chrX	39000000	39250000	0.211304
chrX	39250000	39500000	0.309874
chrX	39500000	39750000	0.390592
chrX	39750000	40000000	0.42717
chrX	40000000	40250000	0.335671
chrX	40250000	40500000	0.467801
chrX	40500000	40750000	0.644929
chrX	40750000	41000000	0.480223
chrX	41000000	41250000	0.529735
chrX	41250000	41500000	0.6388
chrX	41500000	41750000	0.408334
chrX	41750000	42000000	0.319007
chrX	42000000	42250000	0.241808
chrX	42250000	42500000	0.183127
chrX	42500000	42750000	0.227972
chrX	42750000	43000000	0.327618
chrX	43000000	43250000	0.194654
chrX	43250000	43500000	0.073284
chrX	43500000	43750000	0.267158
chrX	43750000	44000000	0.160805
chrX	44000000	44250000	0.110324
chrX	44250000	44500000	0.19949
chrX	44500000	44750000	0.334011
chrX	44750000	45000000	0.447505
chrX	45000000	45250000	0.300539
chrX	45250000	45500000	0.0809346
chrX	45500000	45750000	0.12374
chrX	45750000	46000000	0.138462
chrX	46000000	46250000	0.178448
chrX	46250000	46500000	0.282269
chrX	46500000	46750000	0.539298
chrX	46750000	47000000	0.532055
chrX	47000000	47250000	0.505117
chrX	47250000	47500000	0.449044
chrX	47500000	47750000	0.281597
chrX	47750000	48000000	0.289997
chrX	48000000	48250000	0.27617
chrX	48250000	48500000	0.136704
chrX	48500000	48750000	0.342059
chrX	48750000	49000000	0.315132
chrX	49000000	49250000	0.348369
chrX	49250000	49500000	nan
chrX	49500000	49750000	0.182176
chrX	49750000	50000000	0.278113
chrX	50000000	50250000	0.235084
chrX	50250000	50500000	0.0435232
chrX	50500000	50750000	0.027153
chrX	50750000	51000000	0.0745744
chrX	51000000	51250000	-0.0240444
chrX	51250000	51500000	-0.0681269
chrX	51500000	51750000	0.028013
chrX	51750000	52000000	0.00111427
chrX	52000000	52250000	-0.0757552
chrX	52250000	52500000	0.130292
chrX	52500000	52750000	nan
chrX	52750000	53000000	nan
chrX	53000000	53250000	0.479602
chrX	53250000	53500000	0.565839
chrX	53500000	53750000	0.462177
chrX	53750000	54000000	0.477069
chrX	54000000	54250000	0.480846
chrX	54250000	54500000	0.318872
chrX	54500000	54750000	0.314206
chrX	54750000	55000000	0.202468
chrX	55000000	55250000	0.193963
chrX	55250000	55500000	0.0436896
chrX	55500000	55750000	0.0582492
chrX	55750000	56000000	0.185411
chrX	56000000	56250000	0.168378
chrX	56250000	56500000	0.000639496
chrX	56500000	56750000	0.0960081
chrX	56750000	57000000	-0.0362782
chrX	57000000	57250000	-0.110073
chrX	57250000	57500000	-0.186627
chrX	57500000	57750000	-0.417336
chrX	57750000	58000000	-0.497283
chrX	58000000	58250000	-0.547429
chrX	58250000	58500000	-0.432313
chrX	58500000	58750000	nan
chrX	58750000	59000000	nan
chrX	59000000	59250000	nan
chrX	59250000	59500000	nan
chrX	59500000	59750000	nan
chrX	59750000	60000000	nan
chrX	60000000	60250000	nan
chrX	60250000	60500000	nan
chrX	60500000	60750000	nan
chrX	60750000	61000000	nan
chrX	61000000	61250000	nan
chrX	61250000	61500000	nan
chrX	61500000	61750000	nan
chrX	61750000	62000000	nan
chrX	62000000	62250000	nan
chrX	62250000	62500000	nan
chrX	62500000	62750000	-0.759706
chrX	62750000	63000000	-0.656518
chrX	63000000	63250000	nan
chrX	63250000	63500000	-0.208259
chrX	63500000	63750000	-0.223564
chrX	63750000	64000000	-0.441948
chrX	64000000	64250000	-0.475447
chrX	64250000	64500000	-0.392963
chrX	64500000	64750000	-0.606353
chrX	64750000	65000000	-0.715907
chrX	65000000	65250000	-0.627589
chrX	65250000	65500000	-0.443584
chrX	65500000	65750000	0.0882892
chrX	65750000	66000000	-0.00500246
chrX	66000000	66250000	-0.0576281
chrX	66250000	66500000	-0.334865
chrX	66500000	66750000	-0.373975
chrX	66750000	67000000	-0.492249
chrX	67000000	67250000	-0.591107
chrX	67250000	67500000	-0.601555
chrX	67500000	67750000	-0.656689
chrX	67750000	68000000	-0.5736
chrX	68000000	68250000	-0.409718
chrX	68250000	68500000	-0.206908
chrX	68500000	68750000	0.0654729
chrX	68750000	69000000	0.110285
chrX	69000000	69250000	0.183182
chrX	69250000	69500000	0.0167598
chrX	69500000	69750000	-0.207278
chrX	69750000	70000000	-0.354042
chrX	70000000	70250000	0.0546207
chrX	70250000	70500000	0.246383
chrX	70500000	70750000	0.121847
chrX	70750000	71000000	0.12777
chrX	71000000	71250000	0.434293
chrX	71250000	71500000	0.368892
chrX	71500000	71750000	0.507339
chrX	71750000	72000000	0.149335
chrX	72000000	72250000	0.300879
chrX	72250000	72500000	0.197053
chrX	72500000	72750000	0.018742
chrX	72750000	73000000	nan
chrX	73000000	73250000	-0.510577
chrX	73250000	73500000	-0.557212
chrX	73500000	73750000	-0.274304
chrX	73750000	74000000	0.0115281
chrX	74000000	74250000	0.0284224
chrX	74250000	74500000	0.0565816
chrX	74500000	74750000	-0.0392222
chrX	74750000	75000000	-0.156394
chrX	75000000	75250000	-0.174656
chrX	75250000	75500000	-0.149283
chrX	75500000	75750000	-0.390052
chrX	75750000	76000000	-0.586823
chrX	76000000	76250000	-0.292434
chrX	76250000	76500000	-0.466994
chrX	76500000	76750000	-0.694746
chrX	76750000	77000000	-0.607802
chrX	77000000	77250000	-0.668021
chrX	77250000	77500000	-0.398792
chrX	77500000	77750000	-0.0843294
chrX	77750000	78000000	0.0822288
chrX	78000000	78250000	-0.0254236
chrX	78250000	78500000	-0.100053
chrX	78500000	78750000	-0.0877985
chrX	78750000	79000000	0.0326379
chrX	79000000	79250000	0.073826
chrX	79250000	79500000	-0.00239591
chrX	79500000	79750000	-0.438578
chrX	79750000	80000000	-0.643507
chrX	80000000	80250000	-0.612442
chrX	80250000	80500000	-0.636421
chrX	80500000	80750000	-0.419435
chrX	80750000	81000000	-0.548432
chrX	81000000	81250000	-0.54788
chrX	81250000	81500000	-0.504751
chrX	81500000	81750000	-0.683656
chrX	81750000	82000000	-0.677832
chrX	82000000	82250000	-0.644399
chrX	82250000	82500000	-0.690822
chrX	82500000	82750000	-0.547575
chrX	82750000	83000000	-0.609481
chrX	83000000	83250000	-0.583792
chrX	83250000	83500000	-0.6093
chrX	83500000	83750000	-0.578571
chrX	83750000	84000000	-0.59923
chrX	84000000	84250000	-0.545435
chrX	84250000	84500000	-0.556207
chrX	84500000	84750000	-0.709298
chrX	84750000	85000000	-0.456364
chrX	85000000	85250000	-0.374936
chrX	85250000	85500000	-0.387508
chrX	85500000	85750000	-0.488317
chrX	85750000	86000000	-0.39049
chrX	86000000	86250000	-0.437541
chrX	86250000	86500000	-0.550131
chrX	86500000	86750000	-0.656168
chrX	86750000	87000000	-0.633799
chrX	87000000	87250000	-0.632889
chrX	87250000	87500000	-0.557673
chrX	87500000	87750000	-0.623479
chrX	87750000	88000000	-0.511181
chrX	88000000	88250000	-0.610172
chrX	88250000	88500000	-0.573071
chrX	88500000	88750000	-0.601497
chrX	88750000	89000000	-0.713079
chrX	89000000	89250000	-0.402744
chrX	89250000	89500000	nan
chrX	89500000	89750000	nan
chrX	89750000	90000000	nan
chrX	90000000	90250000	-0.321769
chrX	90250000	90500000	nan
chrX	90500000	90750000	nan
chrX	90750000	91000000	nan
chrX	91000000	91250000	-0.407575
chrX	91250000	91500000	-0.593352
chrX	91500000	91750000	nan
chrX	91750000	92000000	nan
chrX	92000000	92250000	-0.146237
chrX	92250000	92500000	nan
chrX	92500000	92750000	nan
chrX	92750000	93000000	nan
chrX	93000000	93250000	-0.358754
chrX	93250000	93500000	-0.576667
chrX	93500000	93750000	-0.536751
chrX	93750000	94000000	-0.515268
chrX	94000000	94250000	-0.564827
chrX	94250000	94500000	-0.570674
chrX	94500000	94750000	-0.449927
chrX	94750000	95000000	-0.521924
chrX	95000000	95250000	-0.561872
chrX	95250000	95500000	-0.571856
chrX	95500000	95750000	-0.553036
chrX	95750000	96000000	-0.503357
chrX	96000000	96250000	-0.548562
chrX	96250000	96500000	-0.367062
chrX	96500000	96750000	-0.0680963
chrX	96750000	97000000	-0.00578365
chrX	97000000	97250000	0.215564
chrX	97250000	97500000	0.157247
chrX	97500000	97750000	-0.000806854
chrX	97750000	98000000	-0.230484
chrX	98000000	98250000	-0.487776
chrX	98250000	98500000	-0.496733
chrX	98500000	98750000	-0.544734
chrX	98750000	99000000	-0.57188
chrX	99000000	99250000	-0.586437
chrX	99250000	99500000	-0.529124
chrX	99500000	99750000	-0.621176
chrX	99750000	100000000	-0.628285
chrX	100000000	100250000	-0.510978
chrX	100250000	100500000	-0.297141
chrX	100500000	100750000	-0.0536807
chrX	100750000	101000000	0.218174
chrX	101000000	101250000	0.385919
chrX	101250000	101500000	0.182234
chrX	101500000	101750000	-0.00949889
chrX	101750000	102000000	-0.144473
chrX	102000000	102250000	-0.347869
chrX	102250000	102500000	nan
chrX	102500000	102750000	0.0100752
chrX	102750000	103000000	-0.039916
chrX	103000000	103250000	0.154118
chrX	103250000	103500000	0.218617
chrX	103500000	103750000	0.328237
chrX	103750000	104000000	0.160664
chrX	104000000	104250000	0.277314
chrX	104250000	104500000	0.0149444
chrX	104500000	104750000	-0.219716
chrX	104750000	105000000	-0.33078
chrX	105000000	105250000	-0.434334
chrX	105250000	105500000	-0.415189
chrX	105500000	105750000	-0.344793
chrX	105750000	106000000	-0.313283
chrX	106000000	106250000	-0.392345
chrX	106250000	106500000	-0.135032
chrX	106500000	106750000	-0.0940194
chrX	106750000	107000000	0.0939595
chrX	107000000	107250000	0.217747
chrX	107250000	107500000	0.219646
chrX	107500000	107750000	0.366205
chrX	107750000	108000000	0.167008
chrX	108000000	108250000	0.218148
chrX	108250000	108500000	-0.0373637
chrX	108500000	108750000	-0.127204
chrX	108750000	109000000	-0.168302
chrX	109000000	109250000	-0.13988
chrX	109250000	109500000	0.0963946
chrX	109500000	109750000	0.203528
chrX	109750000	110000000	0.33152
chrX	110000000	110250000	0.282861
chrX	110250000	110500000	0.192953
chrX	110500000	110750000	0.0113956
chrX	110750000	111000000	-0.0720091
chrX	111000000	111250000	-0.0563624
chrX	111250000	111500000	-0.000588372
chrX	111500000	111750000	0.0325676
chrX	111750000	112000000	0.0509602
chrX	112000000	112250000	0.203418
chrX	112250000	112500000	0.0620125
chrX	112500000	112750000	0.0953882
chrX	112750000	113000000	0.190013
chrX	113000000	113250000	-0.0373793
chrX	113250000	113500000	-0.178041
chrX	113500000	113750000	-0.0481327
chrX	113750000	114000000	-0.0671816
chrX	114000000	114250000	-0.292276
chrX	114250000	114500000	-0.314503
chrX	114500000	114750000	-0.343946
chrX	114750000	115000000	-0.313963
chrX	115000000	115250000	-0.249322
chrX	115250000	115500000	0.0345518
chrX	115500000	115750000	0.0266551
chrX	115750000	116000000	nan
chrX	116000000	116250000	-0.722609
chrX	116250000	116500000	-0.516047
chrX	116500000	116750000	-0.603488
chrX	116750000	117000000	-0.511253
chrX	117000000	117250000	-0.584169
chrX	117250000	117500000	-0.450494
chrX	117500000	117750000	-0.439567
chrX	117750000	118000000	-0.295825
chrX	118000000	118250000	-0.23355
chrX	118250000	118500000	0.0480221
chrX	118500000	118750000	0.243367
chrX	118750000	119000000	0.273697
chrX	119000000	119250000	0.316845
chrX	119250000	119500000	0.523969
chrX	119500000	119750000	0.647102
chrX	119750000	120000000	0.600693
chrX	120000000	120250000	0.328832
chrX	120250000	120500000	0.25207
chrX	120500000	120750000	0.0822805
chrX	120750000	121000000	nan
chrX	121000000	121250000	-0.225193
chrX	121250000	121500000	-0.188094
chrX	121500000	121750000	-0.438118
chrX	121750000	122000000	-0.403873
chrX	122000000	122250000	-0.463856
chrX	122250000	122500000	-0.499849
chrX	122500000	122750000	-0.551946
chrX	122750000	123000000	-0.4802
chrX	123000000	123250000	-0.24892
chrX	123250000	123500000	-0.0935446
chrX	123500000	123750000	0.07125
chrX	123750000	124000000	0.240333
chrX	124000000	124250000	0.0592704
chrX	124250000	124500000	-0.209355
chrX	124500000	124750000	-0.299189
chrX	124750000	125000000	-0.304049
chrX	125000000	125250000	-0.368258
chrX	125250000	125500000	-0.477505
chrX	125500000	125750000	-0.697775
chrX	125750000	126000000	-0.470881
chrX	126000000	126250000	-0.625707
chrX	126250000	126500000	-0.691843
chrX	126500000	126750000	-0.525852
chrX	126750000	127000000	-0.620224
chrX	127000000	127250000	-0.556002
chrX	127250000	127500000	-0.587612
chrX	127500000	127750000	-0.73219
chrX	127750000	128000000	-0.580577
chrX	128000000	128250000	-0.522006
chrX	128250000	128500000	-0.686863
chrX	128500000	128750000	-0.446814
chrX	128750000	129000000	-0.445308
chrX	129000000	129250000	-0.417176
chrX	129250000	129500000	-0.271562
chrX	129500000	129750000	0.323399
chrX	129750000	130000000	0.464893
chrX	130000000	130250000	0.434393
chrX	130250000	130500000	0.213775
chrX	130500000	130750000	0.199128
chrX	130750000	131000000	0.048991
chrX	131000000	131250000	-0.163199
chrX	131250000	131500000	-0.229513
chrX	131500000	131750000	-0.245661
chrX	131750000	132000000	-0.000796839
chrX	132000000	132250000	0.107862
chrX	132250000	132500000	0.0314243
chrX	132500000	132750000	0.0205733
chrX	132750000	133000000	-0.0586806
chrX	133000000	133250000	-0.104472
chrX	133250000	133500000	-0.00177326
chrX	133500000	133750000	-0.0034994
chrX	133750000	134000000	0.115605
chrX	134000000	134250000	-0.0107501
chrX	134250000	134500000	0.30993
chrX	134500000	134750000	0.267329
chrX	134750000	135000000	0.342627
chrX	135000000	135250000	0.332241
chrX	135250000	135500000	0.223047
chrX	135500000	135750000	0.229554
chrX	135750000	136000000	nan
chrX	136000000	136250000	0.27781
chrX	136250000	136500000	0.233423
chrX	136500000	136750000	0.342065
chrX	136750000	137000000	0.32493
chrX	137000000	137250000	0.0302004
chrX	137250000	137500000	-0.153058
chrX	137500000	137750000	-0.28613
chrX	137750000	138000000	-0.438165
chrX	138000000	138250000	-0.334947
chrX	138250000	138500000	-0.44695
chrX	138500000	138750000	-0.356782
chrX	138750000	139000000	-0.283509
chrX	139000000	139250000	-0.300422
chrX	139250000	139500000	-0.203216
chrX	139500000	139750000	-0.250862
chrX	139750000	140000000	0.110623
chrX	140000000	140250000	-0.265579
chrX	140250000	140500000	-0.521179
chrX	140500000	140750000	-0.439148
chrX	140750000	141000000	-0.671298
chrX	141000000	141250000	nan
chrX	141250000	141500000	-0.733929
chrX	141500000	141750000	nan
chrX	141750000	142000000	-0.759605
chrX	142000000	142250000	-0.619056
chrX	142250000	142500000	-0.756986
chrX	142500000	142750000	-0.708751
chrX	142750000	143000000	-0.468463
chrX	143000000	143250000	-0.422898
chrX	143250000	143500000	-0.681242
chrX	143500000	143750000	-0.63872
chrX	143750000	144000000	-0.670189
chrX	144000000	144250000	nan
chrX	144250000	144500000	-0.752403
chrX	144500000	144750000	-0.696384
chrX	144750000	145000000	-0.842237
chrX	145000000	145250000	-0.847274
chrX	145250000	145500000	-0.755445
chrX	145500000	145750000	-0.756337
chrX	145750000	146000000	-0.87791
chrX	146000000	146250000	-0.76077
chrX	146250000	146500000	-0.94343
chrX	146500000	146750000	-1.01261
chrX	146750000	147000000	-1.06878
chrX	147000000	147250000	-0.916467
chrX	147250000	147500000	-0.877238
chrX	147500000	147750000	-0.834588
chrX	147750000	148000000	-0.644927
chrX	148000000	148250000	-0.463091
chrX	148250000	148500000	-0.404576
chrX	148500000	148750000	-0.315002
chrX	148750000	149000000	-0.274928
chrX	149000000	149250000	-0.318054
chrX	149250000	149500000	-0.259686
chrX	149500000	149750000	0.0867716
chrX	149750000	150000000	0.169909
chrX	150000000	150250000	0.10807
chrX	150250000	150500000	0.139131
chrX	150500000	150750000	0.0906417
chrX	150750000	151000000	0.06065
chrX	151000000	151250000	-0.138661
chrX	151250000	151500000	-0.214618
chrX	151500000	151750000	-0.167704
chrX	151750000	152000000	-0.533015
chrX	152000000	152250000	-0.649367
chrX	152250000	152500000	-0.79651
chrX	152500000	152750000	-0.617371
chrX	152750000	153000000	-0.0358523
chrX	153000000	153250000	0.111565
chrX	153250000	153500000	0.115518
chrX	153500000	153750000	0.205499
chrX	153750000	154000000	0.295673
chrX	154000000	154250000	0.23499
chrX	154250000	154500000	0.238368
chrX	154500000	154750000	-0.0432173
chrX	154750000	155000000	-0.29007
chrX	155000000	155250000	-0.340992
chrX	155250000	155500000	nan
chrX	155500000	155750000	-0.559798
chrX	155750000	156000000	-0.664169
chrX	156000000	156040895	nan
#bedGraph section chrY:0-57227415
chrY	0	250000	nan
chrY	250000	500000	nan
chrY	500000	750000	nan
chrY	750000	1000000	nan
chrY	1000000	1250000	nan
chrY	1250000	1500000	nan
chrY	1500000	1750000	nan
chrY	1750000	2000000	nan
chrY	2000000	2250000	nan
chrY	2250000	2500000	nan
chrY	2500000	2750000	nan
chrY	2750000	3000000	0.290135
chrY	3000000	3250000	0.234481
chrY	3250000	3500000	0.30702
chrY	3500000	3750000	0.310971
chrY	3750000	4000000	0.311186
chrY	4000000	4250000	0.311195
chrY	4250000	4500000	0.311148
chrY	4500000	4750000	0.310275
chrY	4750000	5000000	0.294251
chrY	5000000	5250000	nan
chrY	5250000	5500000	0.294248
chrY	5500000	5750000	0.310225
chrY	5750000	6000000	0.310225
chrY	6000000	6250000	0.294248
chrY	6250000	6500000	nan
chrY	6500000	6750000	0.277404
chrY	6750000	7000000	nan
chrY	7000000	7250000	nan
chrY	7250000	7500000	nan
chrY	7500000	7750000	nan
chrY	7750000	8000000	nan
chrY	8000000	8250000	nan
chrY	8250000	8500000	nan
chrY	8500000	8750000	nan
chrY	8750000	9000000	nan
chrY	9000000	9250000	nan
chrY	9250000	9500000	nan
chrY	9500000	9750000	nan
chrY	9750000	10000000	nan
chrY	10000000	10250000	-0.607715
chrY	10250000	10500000	nan
chrY	10500000	10750000	-2.2332
chrY	10750000	11000000	-1.74517
chrY	11000000	11250000	-1.26168
chrY	11250000	11500000	-0.961302
chrY	11500000	11750000	-2.58504
chrY	11750000	12000000	0.137043
chrY	12000000	12250000	nan
chrY	12250000	12500000	nan
chrY	12500000	12750000	nan
chrY	12750000	13000000	nan
chrY	13000000	13250000	nan
chrY	13250000	13500000	nan
chrY	13500000	13750000	nan
chrY	13750000	14000000	0.277404
chrY	14000000	14250000	nan
chrY	14250000	14500000	nan
chrY	14500000	14750000	nan
chrY	14750000	15000000	nan
chrY	15000000	15250000	nan
chrY	15250000	15500000	nan
chrY	15500000	15750000	nan
chrY	15750000	16000000	nan
chrY	16000000	16250000	nan
chrY	16250000	16500000	nan
chrY	16500000	16750000	nan
chrY	16750000	17000000	0.26664
chrY	17000000	17250000	nan
chrY	17250000	17500000	nan
chrY	17500000	17750000	nan
chrY	17750000	18000000	nan
chrY	18000000	18250000	nan
chrY	18250000	18500000	nan
chrY	18500000	18750000	nan
chrY	18750000	19000000	nan
chrY	19000000	19250000	nan
chrY	19250000	19500000	nan
chrY	19500000	19750000	nan
chrY	19750000	20000000	nan
chrY	20000000	20250000	nan
chrY	20250000	20500000	nan
chrY	20500000	20750000	nan
chrY	20750000	21000000	nan
chrY	21000000	21250000	nan
chrY	21250000	21500000	nan
chrY	21500000	21750000	nan
chrY	21750000	22000000	nan
chrY	22000000	22250000	nan
chrY	22250000	22500000	nan
chrY	22500000	22750000	nan
chrY	22750000	23000000	nan
chrY	23000000	23250000	nan
chrY	23250000	23500000	nan
chrY	23500000	23750000	nan
chrY	23750000	24000000	nan
chrY	24000000	24250000	nan
chrY	24250000	24500000	nan
chrY	24500000	24750000	nan
chrY	24750000	25000000	nan
chrY	25000000	25250000	nan
chrY	25250000	25500000	nan
chrY	25500000	25750000	nan
chrY	25750000	26000000	nan
chrY	26000000	26250000	nan
chrY	26250000	26500000	0.203584
chrY	26500000	26750000	-0.568301
chrY	26750000	27000000	nan
chrY	27000000	27250000	nan
chrY	27250000	27500000	nan
chrY	27500000	27750000	nan
chrY	27750000	28000000	nan
chrY	28000000	28250000	nan
chrY	28250000	28500000	nan
chrY	28500000	28750000	nan
chrY	28750000	29000000	nan
chrY	29000000	29250000	nan
chrY	29250000	29500000	nan
chrY	29500000	29750000	nan
chrY	29750000	30000000	nan
chrY	30000000	30250000	nan
chrY	30250000	30500000	nan
chrY	30500000	30750000	nan
chrY	30750000	31000000	nan
chrY	31000000	31250000	nan
chrY	31250000	31500000	nan
chrY	31500000	31750000	nan
chrY	31750000	32000000	nan
chrY	32000000	32250000	nan
chrY	32250000	32500000	nan
chrY	32500000	32750000	nan
chrY	32750000	33000000	nan
chrY	33000000	33250000	nan
chrY	33250000	33500000	nan
chrY	33500000	33750000	nan
chrY	33750000	34000000	nan
chrY	34000000	34250000	nan
chrY	34250000	34500000	nan
chrY	34500000	34750000	nan
chrY	34750000	35000000	nan
chrY	35000000	35250000	nan
chrY	35250000	35500000	nan
chrY	35500000	35750000	nan
chrY	35750000	36000000	nan
chrY	36000000	36250000	nan
chrY	36250000	36500000	nan
chrY	36500000	36750000	nan
chrY	36750000	37000000	nan
chrY	37000000	37250000	nan
chrY	37250000	37500000	nan
chrY	37500000	37750000	nan
chrY	37750000	38000000	nan
chrY	38000000	38250000	nan
chrY	38250000	38500000	nan
chrY	38500000	38750000	nan
chrY	38750000	39000000	nan
chrY	39000000	39250000	nan
chrY	39250000	39500000	nan
chrY	39500000	39750000	nan
chrY	39750000	40000000	nan
chrY	40000000	40250000	nan
chrY	40250000	40500000	nan
chrY	40500000	40750000	nan
chrY	40750000	41000000	nan
chrY	41000000	41250000	nan
chrY	41250000	41500000	nan
chrY	41500000	41750000	nan
chrY	41750000	42000000	nan
chrY	42000000	42250000	nan
chrY	42250000	42500000	nan
chrY	42500000	42750000	nan
chrY	42750000	43000000	nan
chrY	43000000	43250000	nan
chrY	43250000	43500000	nan
chrY	43500000	43750000	nan
chrY	43750000	44000000	nan
chrY	44000000	44250000	nan
chrY	44250000	44500000	nan
chrY	44500000	44750000	nan
chrY	44750000	45000000	nan
chrY	45000000	45250000	nan
chrY	45250000	45500000	nan
chrY	45500000	45750000	nan
chrY	45750000	46000000	nan
chrY	46000000	46250000	nan
chrY	46250000	46500000	nan
chrY	46500000	46750000	nan
chrY	46750000	47000000	nan
chrY	47000000	47250000	nan
chrY	47250000	47500000	nan
chrY	47500000	47750000	nan
chrY	47750000	48000000	nan
chrY	48000000	48250000	nan
chrY	48250000	48500000	nan
chrY	48500000	48750000	nan
chrY	48750000	49000000	nan
chrY	49000000	49250000	nan
chrY	49250000	49500000	nan
chrY	49500000	49750000	nan
chrY	49750000	50000000	nan
chrY	50000000	50250000	nan
chrY	50250000	50500000	nan
chrY	50500000	50750000	nan
chrY	50750000	51000000	nan
chrY	51000000	51250000	nan
chrY	51250000	51500000	nan
chrY	51500000	51750000	nan
chrY	51750000	52000000	nan
chrY	52000000	52250000	nan
chrY	52250000	52500000	nan
chrY	52500000	52750000	nan
chrY	52750000	53000000	nan
chrY	53000000	53250000	nan
chrY	53250000	53500000	nan
chrY	53500000	53750000	nan
chrY	53750000	54000000	nan
chrY	54000000	54250000	nan
chrY	54250000	54500000	nan
chrY	54500000	54750000	nan
chrY	54750000	55000000	nan
chrY	55000000	55250000	nan
chrY	55250000	55500000	nan
chrY	55500000	55750000	nan
chrY	55750000	56000000	nan
chrY	56000000	56250000	nan
chrY	56250000	56500000	nan
chrY	56500000	56750000	nan
chrY	56750000	57000000	-0.198239
chrY	57000000	57227415	nan
