#bedGraph section chr1:0-248956422
chr1	0	250000	nan
chr1	250000	500000	nan
chr1	500000	750000	0.189525
chr1	750000	1000000	0.43463
chr1	1000000	1250000	1.05074
chr1	1250000	1500000	2.33282
chr1	1500000	1750000	1.44951
chr1	1750000	2000000	1.18279
chr1	2000000	2250000	0.628184
chr1	2250000	2500000	-0.296725
chr1	2500000	2750000	1.38595
chr1	2750000	3000000	-0.168481
chr1	3000000	3250000	0.165249
chr1	3250000	3500000	-0.406808
chr1	3500000	3750000	-0.0155194
chr1	3750000	4000000	0.301998
chr1	4000000	4250000	-0.390942
chr1	4250000	4500000	-0.112452
chr1	4500000	4750000	-0.138881
chr1	4750000	5000000	-0.220038
chr1	5000000	5250000	-0.971986
chr1	5250000	5500000	-0.280089
chr1	5500000	5750000	-0.0234585
chr1	5750000	6000000	-0.450066
chr1	6000000	6250000	0.481772
chr1	6250000	6500000	0.757157
chr1	6500000	6750000	1.06457
chr1	6750000	7000000	-0.133499
chr1	7000000	7250000	0.16923
chr1	7250000	7500000	0.0781065
chr1	7500000	7750000	0.783393
chr1	7750000	8000000	0.140193
chr1	8000000	8250000	0.506681
chr1	8250000	8500000	1.18651
chr1	8500000	8750000	0.883223
chr1	8750000	9000000	-0.0734708
chr1	9000000	9250000	1.61268
chr1	9250000	9500000	0.878182
chr1	9500000	9750000	1.69856
chr1	9750000	10000000	1.24382
chr1	10000000	10250000	0.187169
chr1	10250000	10500000	0.44002
chr1	10500000	10750000	0.292932
chr1	10750000	11000000	0.876067
chr1	11000000	11250000	0.824471
chr1	11250000	11500000	0.697945
chr1	11500000	11750000	0.135515
chr1	11750000	12000000	1.68129
chr1	12000000	12250000	1.04331
chr1	12250000	12500000	0.936207
chr1	12500000	12750000	0.107373
chr1	12750000	13000000	-0.992253
chr1	13000000	13250000	nan
chr1	13250000	13500000	-0.354152
chr1	13500000	13750000	0.164474
chr1	13750000	14000000	0.251729
chr1	14000000	14250000	-0.368944
chr1	14250000	14500000	-0.75514
chr1	14500000	14750000	-0.0517953
chr1	14750000	15000000	-0.197671
chr1	15000000	15250000	-0.144399
chr1	15250000	15500000	0.260132
chr1	15500000	15750000	0.00417737
chr1	15750000	16000000	2.49595
chr1	16000000	16250000	0.691509
chr1	16250000	16500000	0.646905
chr1	16500000	16750000	0.663952
chr1	16750000	17000000	0.67802
chr1	17000000	17250000	0.720209
chr1	17250000	17500000	-0.102005
chr1	17500000	17750000	0.745592
chr1	17750000	18000000	-0.147434
chr1	18000000	18250000	-0.55743
chr1	18250000	18500000	-0.0897775
chr1	18500000	18750000	0.185855
chr1	18750000	19000000	0.417194
chr1	19000000	19250000	0.862672
chr1	19250000	19500000	0.748661
chr1	19500000	19750000	0.694459
chr1	19750000	20000000	0.362399
chr1	20000000	20250000	0.176375
chr1	20250000	20500000	0.00598941
chr1	20500000	20750000	0.692928
chr1	20750000	21000000	1.29929
chr1	21000000	21250000	0.78471
chr1	21250000	21500000	1.48637
chr1	21500000	21750000	0.604599
chr1	21750000	22000000	0.958127
chr1	22000000	22250000	0.360256
chr1	22250000	22500000	0.635537
chr1	22500000	22750000	0.15615
chr1	22750000	23000000	0.845132
chr1	23000000	23250000	0.0738381
chr1	23250000	23500000	0.821247
chr1	23500000	23750000	0.949491
chr1	23750000	24000000	0.203334
chr1	24000000	24250000	-0.512181
chr1	24250000	24500000	0.434862
chr1	24500000	24750000	1.77019
chr1	24750000	25000000	0.543926
chr1	25000000	25250000	0.172351
chr1	25250000	25500000	0.644253
chr1	25500000	25750000	0.566775
chr1	25750000	26000000	1.01725
chr1	26000000	26250000	0.877765
chr1	26250000	26500000	0.750599
chr1	26500000	26750000	0.791649
chr1	26750000	27000000	0.668776
chr1	27000000	27250000	0.837783
chr1	27250000	27500000	0.416266
chr1	27500000	27750000	0.798934
chr1	27750000	28000000	0.560567
chr1	28000000	28250000	0.692723
chr1	28250000	28500000	0.606718
chr1	28500000	28750000	2.09666
chr1	28750000	29000000	0.118599
chr1	29000000	29250000	0.129384
chr1	29250000	29500000	-0.0801742
chr1	29500000	29750000	0.495068
chr1	29750000	30000000	-0.025836
chr1	30000000	30250000	-0.223826
chr1	30250000	30500000	-0.0918301
chr1	30500000	30750000	0.423492
chr1	30750000	31000000	1.41194
chr1	31000000	31250000	0.050772
chr1	31250000	31500000	0.616805
chr1	31500000	31750000	0.261347
chr1	31750000	32000000	1.60758
chr1	32000000	32250000	0.430578
chr1	32250000	32500000	0.527206
chr1	32500000	32750000	0.771759
chr1	32750000	33000000	0.87239
chr1	33000000	33250000	0.731797
chr1	33250000	33500000	0.306763
chr1	33500000	33750000	-0.495
chr1	33750000	34000000	-0.386834
chr1	34000000	34250000	-0.0598695
chr1	34250000	34500000	-0.240901
chr1	34500000	34750000	0.102859
chr1	34750000	35000000	0.0807336
chr1	35000000	35250000	-0.127837
chr1	35250000	35500000	0.520231
chr1	35500000	35750000	1.07646
chr1	35750000	36000000	2.07269
chr1	36000000	36250000	1.66031
chr1	36250000	36500000	0.289396
chr1	36500000	36750000	0.148523
chr1	36750000	37000000	0.438522
chr1	37000000	37250000	0.252274
chr1	37250000	37500000	-0.04652
chr1	37500000	37750000	0.169812
chr1	37750000	38000000	0.254641
chr1	38000000	38250000	-0.00317647
chr1	38250000	38500000	-0.0809772
chr1	38500000	38750000	0.167511
chr1	38750000	39000000	0.320282
chr1	39000000	39250000	-0.118371
chr1	39250000	39500000	0.145595
chr1	39500000	39750000	1.68835
chr1	39750000	40000000	0.760335
chr1	40000000	40250000	0.128585
chr1	40250000	40500000	0.802458
chr1	40500000	40750000	0.139619
chr1	40750000	41000000	0.617117
chr1	41000000	41250000	1.08168
chr1	41250000	41500000	0.681678
chr1	41500000	41750000	0.457536
chr1	41750000	42000000	0.229297
chr1	42000000	42250000	0.372415
chr1	42250000	42500000	1.00019
chr1	42500000	42750000	0.82564
chr1	42750000	43000000	0.480151
chr1	43000000	43250000	0.395552
chr1	43250000	43500000	0.846928
chr1	43500000	43750000	0.552055
chr1	43750000	44000000	0.435801
chr1	44000000	44250000	0.843915
chr1	44250000	44500000	0.628142
chr1	44500000	44750000	0.907153
chr1	44750000	45000000	2.53259
chr1	45000000	45250000	1.28764
chr1	45250000	45500000	0.902394
chr1	45500000	45750000	1.35032
chr1	45750000	46000000	0.845862
chr1	46000000	46250000	1.4437
chr1	46250000	46500000	2.29012
chr1	46500000	46750000	-0.104709
chr1	46750000	47000000	0.12729
chr1	47000000	47250000	0.549943
chr1	47250000	47500000	0.444139
chr1	47500000	47750000	-0.452809
chr1	47750000	48000000	-0.152173
chr1	48000000	48250000	-0.678786
chr1	48250000	48500000	-0.354891
chr1	48500000	48750000	0.101628
chr1	48750000	49000000	-0.815032
chr1	49000000	49250000	-0.377996
chr1	49250000	49500000	-0.203566
chr1	49500000	49750000	-0.957698
chr1	49750000	50000000	-0.176836
chr1	50000000	50250000	-0.871045
chr1	50250000	50500000	-0.834483
chr1	50500000	50750000	-0.723716
chr1	50750000	51000000	0.957857
chr1	51000000	51250000	0.459517
chr1	51250000	51500000	1.79069
chr1	51500000	51750000	0.489361
chr1	51750000	52000000	1.3978
chr1	52000000	52250000	0.35153
chr1	52250000	52500000	1.34282
chr1	52500000	52750000	2.18163
chr1	52750000	53000000	1.44732
chr1	53000000	53250000	0.698273
chr1	53250000	53500000	0.133981
chr1	53500000	53750000	0.180615
chr1	53750000	54000000	1.30057
chr1	54000000	54250000	1.26644
chr1	54250000	54500000	1.3256
chr1	54500000	54750000	0.333919
chr1	54750000	55000000	0.425164
chr1	55000000	55250000	0.717343
chr1	55250000	55500000	-0.372622
chr1	55500000	55750000	-0.144881
chr1	55750000	56000000	-0.836425
chr1	56000000	56250000	-0.0256139
chr1	56250000	56500000	0.0362551
chr1	56500000	56750000	-0.354493
chr1	56750000	57000000	-1.09562
chr1	57000000	57250000	-0.720293
chr1	57250000	57500000	-0.971749
chr1	57500000	57750000	-1.14307
chr1	57750000	58000000	-0.15042
chr1	58000000	58250000	-0.354242
chr1	58250000	58500000	-0.207957
chr1	58500000	58750000	-0.0520048
chr1	58750000	59000000	0.0990788
chr1	59000000	59250000	0.0704892
chr1	59250000	59500000	0.526734
chr1	59500000	59750000	0.204553
chr1	59750000	60000000	-0.34115
chr1	60000000	60250000	-0.61056
chr1	60250000	60500000	-0.465943
chr1	60500000	60750000	-0.490991
chr1	60750000	61000000	-0.62926
chr1	61000000	61250000	-0.518316
chr1	61250000	61500000	-0.701411
chr1	61500000	61750000	-0.254583
chr1	61750000	62000000	-0.540536
chr1	62000000	62250000	-0.568931
chr1	62250000	62500000	-0.422087
chr1	62500000	62750000	-0.0195662
chr1	62750000	63000000	-0.261746
chr1	63000000	63250000	-0.178297
chr1	63250000	63500000	-0.141044
chr1	63500000	63750000	-0.235109
chr1	63750000	64000000	0.0784258
chr1	64000000	64250000	-0.563965
chr1	64250000	64500000	-0.422454
chr1	64500000	64750000	-0.489888
chr1	64750000	65000000	-0.45389
chr1	65000000	65250000	-0.0265695
chr1	65250000	65500000	0.217414
chr1	65500000	65750000	-0.276031
chr1	65750000	66000000	-0.817127
chr1	66000000	66250000	-0.229003
chr1	66250000	66500000	0.271821
chr1	66500000	66750000	-0.102177
chr1	66750000	67000000	-0.0596085
chr1	67000000	67250000	0.284173
chr1	67250000	67500000	-0.0785125
chr1	67500000	67750000	-0.00782683
chr1	67750000	68000000	-0.561205
chr1	68000000	68250000	-0.282779
chr1	68250000	68500000	-0.578383
chr1	68500000	68750000	-0.53148
chr1	68750000	69000000	-0.964831
chr1	69000000	69250000	-0.825498
chr1	69250000	69500000	-0.848385
chr1	69500000	69750000	-0.753858
chr1	69750000	70000000	-0.628904
chr1	70000000	70250000	-0.100439
chr1	70250000	70500000	-0.330944
chr1	70500000	70750000	-0.844674
chr1	70750000	71000000	-0.235723
chr1	71000000	71250000	-0.176183
chr1	71250000	71500000	-0.486441
chr1	71500000	71750000	-0.176582
chr1	71750000	72000000	-0.463314
chr1	72000000	72250000	-0.623808
chr1	72250000	72500000	-0.967722
chr1	72500000	72750000	-0.889579
chr1	72750000	73000000	-0.906355
chr1	73000000	73250000	-0.804181
chr1	73250000	73500000	-0.107885
chr1	73500000	73750000	-0.829619
chr1	73750000	74000000	-0.556296
chr1	74000000	74250000	-0.383674
chr1	74250000	74500000	-0.20263
chr1	74500000	74750000	-0.504216
chr1	74750000	75000000	-0.237669
chr1	75000000	75250000	-1.30846
chr1	75250000	75500000	0.113116
chr1	75500000	75750000	-0.129542
chr1	75750000	76000000	0.0028398
chr1	76000000	76250000	-0.185607
chr1	76250000	76500000	-0.23812
chr1	76500000	76750000	-0.289535
chr1	76750000	77000000	-0.15565
chr1	77000000	77250000	-0.108034
chr1	77250000	77500000	0.014561
chr1	77500000	77750000	-0.114461
chr1	77750000	78000000	0.206785
chr1	78000000	78250000	-0.0662776
chr1	78250000	78500000	-0.700458
chr1	78500000	78750000	-0.690802
chr1	78750000	79000000	-0.145374
chr1	79000000	79250000	-0.101866
chr1	79250000	79500000	-0.644402
chr1	79500000	79750000	0.0309296
chr1	79750000	80000000	-0.853521
chr1	80000000	80250000	0.0464656
chr1	80250000	80500000	-0.335457
chr1	80500000	80750000	0.172699
chr1	80750000	81000000	-0.790685
chr1	81000000	81250000	-0.683624
chr1	81250000	81500000	-0.302235
chr1	81500000	81750000	0.734871
chr1	81750000	82000000	-0.368875
chr1	82000000	82250000	-0.312965
chr1	82250000	82500000	-0.939645
chr1	82500000	82750000	-0.582544
chr1	82750000	83000000	-0.706834
chr1	83000000	83250000	-0.41335
chr1	83250000	83500000	-0.103274
chr1	83500000	83750000	-0.282916
chr1	83750000	84000000	-0.331813
chr1	84000000	84250000	-0.38835
chr1	84250000	84500000	0.00330982
chr1	84500000	84750000	-0.324982
chr1	84750000	85000000	0.00219011
chr1	85000000	85250000	-0.018699
chr1	85250000	85500000	0.208009
chr1	85500000	85750000	-0.0613793
chr1	85750000	86000000	-0.233794
chr1	86000000	86250000	-0.239289
chr1	86250000	86500000	-0.364257
chr1	86500000	86750000	-0.292216
chr1	86750000	87000000	0.269832
chr1	87000000	87250000	-0.347164
chr1	87250000	87500000	-0.33379
chr1	87500000	87750000	-0.26041
chr1	87750000	88000000	-0.113883
chr1	88000000	88250000	-0.660947
chr1	88250000	88500000	-1.15938
chr1	88500000	88750000	0.0256736
chr1	88750000	89000000	1.22589
chr1	89000000	89250000	0.0929217
chr1	89250000	89500000	0.269945
chr1	89500000	89750000	0.464538
chr1	89750000	90000000	0.351421
chr1	90000000	90250000	-0.352367
chr1	90250000	90500000	-0.500644
chr1	90500000	90750000	0.15219
chr1	90750000	91000000	-0.700492
chr1	91000000	91250000	0.0350109
chr1	91250000	91500000	-0.269635
chr1	91500000	91750000	-0.794078
chr1	91750000	92000000	-0.488276
chr1	92000000	92250000	0.353473
chr1	92250000	92500000	0.423849
chr1	92500000	92750000	0.178258
chr1	92750000	93000000	0.678397
chr1	93000000	93250000	0.446698
chr1	93250000	93500000	0.540222
chr1	93500000	93750000	0.571339
chr1	93750000	94000000	-0.412853
chr1	94000000	94250000	-0.568952
chr1	94250000	94500000	-0.0126119
chr1	94500000	94750000	-0.545999
chr1	94750000	95000000	0.0293795
chr1	95000000	95250000	-0.350997
chr1	95250000	95500000	-0.585505
chr1	95500000	95750000	-0.504383
chr1	95750000	96000000	-0.601777
chr1	96000000	96250000	-0.821744
chr1	96250000	96500000	-0.172149
chr1	96500000	96750000	-0.431081
chr1	96750000	97000000	-0.624268
chr1	97000000	97250000	-0.562565
chr1	97250000	97500000	-0.778935
chr1	97500000	97750000	0.419166
chr1	97750000	98000000	-0.160473
chr1	98000000	98250000	-0.413353
chr1	98250000	98500000	-0.407705
chr1	98500000	98750000	-0.547897
chr1	98750000	99000000	-0.718566
chr1	99000000	99250000	-0.410176
chr1	99250000	99500000	-0.637131
chr1	99500000	99750000	-0.719663
chr1	99750000	100000000	0.57352
chr1	100000000	100250000	0.894445
chr1	100250000	100500000	0.172778
chr1	100500000	100750000	0.656314
chr1	100750000	101000000	-0.509822
chr1	101000000	101250000	0.425179
chr1	101250000	101500000	0.226622
chr1	101500000	101750000	-0.787504
chr1	101750000	102000000	-0.379392
chr1	102000000	102250000	-0.394506
chr1	102250000	102500000	-0.77509
chr1	102500000	102750000	-1.06069
chr1	102750000	103000000	-0.733411
chr1	103000000	103250000	-0.323548
chr1	103250000	103500000	-0.305622
chr1	103500000	103750000	-0.253709
chr1	103750000	104000000	-0.565278
chr1	104000000	104250000	-0.448296
chr1	104250000	104500000	-1.10291
chr1	104500000	104750000	-0.76323
chr1	104750000	105000000	-0.0509201
chr1	105000000	105250000	-0.344626
chr1	105250000	105500000	-0.569836
chr1	105500000	105750000	-0.585601
chr1	105750000	106000000	-0.872901
chr1	106000000	106250000	-0.544525
chr1	106250000	106500000	-1.54633
chr1	106500000	106750000	-0.958609
chr1	106750000	107000000	0.238233
chr1	107000000	107250000	-0.564865
chr1	107250000	107500000	-0.19954
chr1	107500000	107750000	-0.23121
chr1	107750000	108000000	-0.273944
chr1	108000000	108250000	-0.237374
chr1	108250000	108500000	nan
chr1	108500000	108750000	-0.355665
chr1	108750000	109000000	1.07588
chr1	109000000	109250000	1.63158
chr1	109250000	109500000	1.23175
chr1	109500000	109750000	0.880259
chr1	109750000	110000000	1.03924
chr1	110000000	110250000	0.776989
chr1	110250000	110500000	0.660574
chr1	110500000	110750000	0.562201
chr1	110750000	111000000	0.58219
chr1	111000000	111250000	0.722977
chr1	111250000	111500000	0.814257
chr1	111500000	111750000	0.427727
chr1	111750000	112000000	-0.00792691
chr1	112000000	112250000	0.0881519
chr1	112250000	112500000	0.17902
chr1	112500000	112750000	0.427452
chr1	112750000	113000000	0.529672
chr1	113000000	113250000	0.00168717
chr1	113250000	113500000	0.180562
chr1	113500000	113750000	0.341407
chr1	113750000	114000000	0.663361
chr1	114000000	114250000	-0.0194356
chr1	114250000	114500000	0.552706
chr1	114500000	114750000	0.348036
chr1	114750000	115000000	0.150681
chr1	115000000	115250000	-0.544217
chr1	115250000	115500000	-0.127462
chr1	115500000	115750000	-0.199219
chr1	115750000	116000000	-0.186086
chr1	116000000	116250000	-0.350238
chr1	116250000	116500000	-0.0459171
chr1	116500000	116750000	0.506142
chr1	116750000	117000000	1.05995
chr1	117000000	117250000	0.331736
chr1	117250000	117500000	-0.133968
chr1	117500000	117750000	0.622451
chr1	117750000	118000000	0.0692721
chr1	118000000	118250000	-0.260479
chr1	118250000	118500000	-0.655866
chr1	118500000	118750000	-0.46927
chr1	118750000	119000000	-0.594871
chr1	119000000	119250000	-0.266145
chr1	119250000	119500000	-0.101191
chr1	119500000	119750000	-0.0390256
chr1	119750000	120000000	0.0731216
chr1	120000000	120250000	nan
chr1	120250000	120500000	nan
chr1	120500000	120750000	nan
chr1	120750000	121000000	-0.4297
chr1	121000000	121250000	-0.925151
chr1	121250000	121500000	-0.51295
chr1	121500000	121750000	nan
chr1	121750000	122000000	nan
chr1	122000000	122250000	nan
chr1	122250000	122500000	nan
chr1	122500000	122750000	nan
chr1	122750000	123000000	nan
chr1	123000000	123250000	nan
chr1	123250000	123500000	nan
chr1	123500000	123750000	nan
chr1	123750000	124000000	nan
chr1	124000000	124250000	nan
chr1	124250000	124500000	nan
chr1	124500000	124750000	nan
chr1	124750000	125000000	nan
chr1	125000000	125250000	-0.662247
chr1	125250000	125500000	nan
chr1	125500000	125750000	nan
chr1	125750000	126000000	nan
chr1	126000000	126250000	nan
chr1	126250000	126500000	nan
chr1	126500000	126750000	nan
chr1	126750000	127000000	nan
chr1	127000000	127250000	nan
chr1	127250000	127500000	nan
chr1	127500000	127750000	nan
chr1	127750000	128000000	nan
chr1	128000000	128250000	nan
chr1	128250000	128500000	nan
chr1	128500000	128750000	nan
chr1	128750000	129000000	nan
chr1	129000000	129250000	nan
chr1	129250000	129500000	nan
chr1	129500000	129750000	nan
chr1	129750000	130000000	nan
chr1	130000000	130250000	nan
chr1	130250000	130500000	nan
chr1	130500000	130750000	nan
chr1	130750000	131000000	nan
chr1	131000000	131250000	nan
chr1	131250000	131500000	nan
chr1	131500000	131750000	nan
chr1	131750000	132000000	nan
chr1	132000000	132250000	nan
chr1	132250000	132500000	nan
chr1	132500000	132750000	nan
chr1	132750000	133000000	nan
chr1	133000000	133250000	nan
chr1	133250000	133500000	nan
chr1	133500000	133750000	nan
chr1	133750000	134000000	nan
chr1	134000000	134250000	nan
chr1	134250000	134500000	nan
chr1	134500000	134750000	nan
chr1	134750000	135000000	nan
chr1	135000000	135250000	nan
chr1	135250000	135500000	nan
chr1	135500000	135750000	nan
chr1	135750000	136000000	nan
chr1	136000000	136250000	nan
chr1	136250000	136500000	nan
chr1	136500000	136750000	nan
chr1	136750000	137000000	nan
chr1	137000000	137250000	nan
chr1	137250000	137500000	nan
chr1	137500000	137750000	nan
chr1	137750000	138000000	nan
chr1	138000000	138250000	nan
chr1	138250000	138500000	nan
chr1	138500000	138750000	nan
chr1	138750000	139000000	nan
chr1	139000000	139250000	nan
chr1	139250000	139500000	nan
chr1	139500000	139750000	nan
chr1	139750000	140000000	nan
chr1	140000000	140250000	nan
chr1	140250000	140500000	nan
chr1	140500000	140750000	nan
chr1	140750000	141000000	nan
chr1	141000000	141250000	nan
chr1	141250000	141500000	nan
chr1	141500000	141750000	nan
chr1	141750000	142000000	nan
chr1	142000000	142250000	nan
chr1	142250000	142500000	nan
chr1	142500000	142750000	nan
chr1	142750000	143000000	nan
chr1	143000000	143250000	-0.818505
chr1	143250000	143500000	-1.24071
chr1	143500000	143750000	-0.566482
chr1	143750000	144000000	nan
chr1	144000000	144250000	nan
chr1	144250000	144500000	nan
chr1	144500000	144750000	nan
chr1	144750000	145000000	nan
chr1	145000000	145250000	nan
chr1	145250000	145500000	nan
chr1	145500000	145750000	0.609856
chr1	145750000	146000000	1.6328
chr1	146000000	146250000	nan
chr1	146250000	146500000	nan
chr1	146500000	146750000	-0.328752
chr1	146750000	147000000	0.0349602
chr1	147000000	147250000	-0.244675
chr1	147250000	147500000	-0.0567067
chr1	147500000	147750000	0.525222
chr1	147750000	148000000	0.909286
chr1	148000000	148250000	1.34515
chr1	148250000	148500000	1.23237
chr1	148500000	148750000	nan
chr1	148750000	149000000	nan
chr1	149000000	149250000	nan
chr1	149250000	149500000	nan
chr1	149500000	149750000	nan
chr1	149750000	150000000	1.42982
chr1	150000000	150250000	1.77698
chr1	150250000	150500000	1.89921
chr1	150500000	150750000	1.94373
chr1	150750000	151000000	0.835815
chr1	151000000	151250000	1.29295
chr1	151250000	151500000	2.29881
chr1	151500000	151750000	1.1804
chr1	151750000	152000000	0.102956
chr1	152000000	152250000	0.00325037
chr1	152250000	152500000	0.00450837
chr1	152500000	152750000	-0.418139
chr1	152750000	153000000	-0.412276
chr1	153000000	153250000	-0.141747
chr1	153250000	153500000	1.38273
chr1	153500000	153750000	1.65618
chr1	153750000	154000000	0.941509
chr1	154000000	154250000	1.2844
chr1	154250000	154500000	1.62804
chr1	154500000	154750000	1.30259
chr1	154750000	155000000	0.475068
chr1	155000000	155250000	0.933625
chr1	155250000	155500000	1.27128
chr1	155500000	155750000	0.746492
chr1	155750000	156000000	0.713989
chr1	156000000	156250000	0.714024
chr1	156250000	156500000	0.897746
chr1	156500000	156750000	1.33709
chr1	156750000	157000000	1.36162
chr1	157000000	157250000	-0.302926
chr1	157250000	157500000	0.360122
chr1	157500000	157750000	0.522153
chr1	157750000	158000000	0.177564
chr1	158000000	158250000	-0.35946
chr1	158250000	158500000	0.269959
chr1	158500000	158750000	-0.723373
chr1	158750000	159000000	-0.519019
chr1	159000000	159250000	-0.512899
chr1	159250000	159500000	-0.106259
chr1	159500000	159750000	-0.91365
chr1	159750000	160000000	0.138119
chr1	160000000	160250000	1.30691
chr1	160250000	160500000	0.524041
chr1	160500000	160750000	0.67675
chr1	160750000	161000000	0.516451
chr1	161000000	161250000	1.20797
chr1	161250000	161500000	0.0457659
chr1	161500000	161750000	0.104151
chr1	161750000	162000000	0.530493
chr1	162000000	162250000	-0.0760053
chr1	162250000	162500000	-0.170714
chr1	162500000	162750000	-0.0231771
chr1	162750000	163000000	-0.569838
chr1	163000000	163250000	0.100119
chr1	163250000	163500000	-0.558594
chr1	163500000	163750000	-1.06084
chr1	163750000	164000000	-0.957551
chr1	164000000	164250000	-0.518523
chr1	164250000	164500000	-0.970883
chr1	164500000	164750000	-1.4311
chr1	164750000	165000000	-0.540092
chr1	165000000	165250000	-0.68206
chr1	165250000	165500000	-0.625869
chr1	165500000	165750000	-0.0872
chr1	165750000	166000000	-0.0819476
chr1	166000000	166250000	0.303834
chr1	166250000	166500000	-0.644527
chr1	166500000	166750000	-0.672143
chr1	166750000	167000000	-0.348937
chr1	167000000	167250000	-0.246857
chr1	167250000	167500000	0.417428
chr1	167500000	167750000	1.0071
chr1	167750000	168000000	0.285387
chr1	168000000	168250000	0.649733
chr1	168250000	168500000	0.0467713
chr1	168500000	168750000	0.242548
chr1	168750000	169000000	-0.422227
chr1	169000000	169250000	0.0405707
chr1	169250000	169500000	0.222748
chr1	169500000	169750000	0.154613
chr1	169750000	170000000	0.192645
chr1	170000000	170250000	-0.323467
chr1	170250000	170500000	-0.479504
chr1	170500000	170750000	-0.151485
chr1	170750000	171000000	-0.114136
chr1	171000000	171250000	-0.59569
chr1	171250000	171500000	-0.145414
chr1	171500000	171750000	0.449282
chr1	171750000	172000000	-0.140749
chr1	172000000	172250000	-0.704262
chr1	172250000	172500000	0.0395188
chr1	172500000	172750000	0.141491
chr1	172750000	173000000	0.0203565
chr1	173000000	173250000	-0.316805
chr1	173250000	173500000	0.720682
chr1	173500000	173750000	-0.15943
chr1	173750000	174000000	0.15619
chr1	174000000	174250000	0.374326
chr1	174250000	174500000	0.477479
chr1	174500000	174750000	-0.427317
chr1	174750000	175000000	-0.0201179
chr1	175000000	175250000	-0.247306
chr1	175250000	175500000	-0.191735
chr1	175500000	175750000	0.0336733
chr1	175750000	176000000	-0.268469
chr1	176000000	176250000	1.06102
chr1	176250000	176500000	-0.610145
chr1	176500000	176750000	-1.01295
chr1	176750000	177000000	-0.227131
chr1	177000000	177250000	-0.36254
chr1	177250000	177500000	-0.719273
chr1	177500000	177750000	-0.480008
chr1	177750000	178000000	-0.440766
chr1	178000000	178250000	-0.396615
chr1	178250000	178500000	-0.454176
chr1	178500000	178750000	-0.526288
chr1	178750000	179000000	0.0963473
chr1	179000000	179250000	0.601206
chr1	179250000	179500000	-0.211388
chr1	179500000	179750000	-0.212629
chr1	179750000	180000000	1.02284
chr1	180000000	180250000	0.756574
chr1	180250000	180500000	0.784533
chr1	180500000	180750000	0.625569
chr1	180750000	181000000	0.44745
chr1	181000000	181250000	0.425692
chr1	181250000	181500000	-0.010256
chr1	181500000	181750000	0.44457
chr1	181750000	182000000	-0.208554
chr1	182000000	182250000	0.174547
chr1	182250000	182500000	-0.347902
chr1	182500000	182750000	0.878607
chr1	182750000	183000000	0.811709
chr1	183000000	183250000	1.17992
chr1	183250000	183500000	0.199554
chr1	183500000	183750000	0.721185
chr1	183750000	184000000	0.954829
chr1	184000000	184250000	-0.0710988
chr1	184250000	184500000	-0.127293
chr1	184500000	184750000	-0.0736826
chr1	184750000	185000000	0.106824
chr1	185000000	185250000	0.299388
chr1	185250000	185500000	-0.284544
chr1	185500000	185750000	0.843377
chr1	185750000	186000000	-0.749633
chr1	186000000	186250000	-0.317135
chr1	186250000	186500000	-0.186112
chr1	186500000	186750000	-0.27223
chr1	186750000	187000000	-0.423701
chr1	187000000	187250000	-0.252906
chr1	187250000	187500000	-0.426974
chr1	187500000	187750000	-0.793516
chr1	187750000	188000000	-0.607163
chr1	188000000	188250000	-0.577932
chr1	188250000	188500000	-0.51237
chr1	188500000	188750000	-0.510334
chr1	188750000	189000000	-0.661954
chr1	189000000	189250000	-0.46985
chr1	189250000	189500000	-0.228279
chr1	189500000	189750000	-0.852884
chr1	189750000	190000000	-0.913439
chr1	190000000	190250000	-0.356845
chr1	190250000	190500000	-0.533145
chr1	190500000	190750000	-0.713132
chr1	190750000	191000000	-0.88899
chr1	191000000	191250000	-0.250902
chr1	191250000	191500000	-0.309142
chr1	191500000	191750000	-0.541212
chr1	191750000	192000000	-0.570728
chr1	192000000	192250000	-0.276207
chr1	192250000	192500000	-0.676424
chr1	192500000	192750000	0.403903
chr1	192750000	193000000	-0.0349019
chr1	193000000	193250000	-0.153646
chr1	193250000	193500000	-0.863127
chr1	193500000	193750000	-0.716595
chr1	193750000	194000000	-0.507021
chr1	194000000	194250000	-0.393791
chr1	194250000	194500000	-0.39853
chr1	194500000	194750000	-0.490999
chr1	194750000	195000000	-0.475385
chr1	195000000	195250000	-0.460135
chr1	195250000	195500000	-1.28163
chr1	195500000	195750000	-0.721421
chr1	195750000	196000000	-0.708438
chr1	196000000	196250000	-0.393909
chr1	196250000	196500000	-1.10286
chr1	196500000	196750000	-0.78834
chr1	196750000	197000000	-0.86203
chr1	197000000	197250000	-0.292636
chr1	197250000	197500000	-0.24773
chr1	197500000	197750000	-0.575867
chr1	197750000	198000000	-0.671484
chr1	198000000	198250000	-0.54612
chr1	198250000	198500000	-0.362646
chr1	198500000	198750000	-0.0754471
chr1	198750000	199000000	0.0653661
chr1	199000000	199250000	0.654607
chr1	199250000	199500000	-0.529052
chr1	199500000	199750000	-0.597679
chr1	199750000	200000000	-0.294558
chr1	200000000	200250000	0.0473167
chr1	200250000	200500000	0.413123
chr1	200500000	200750000	0.0865736
chr1	200750000	201000000	0.979757
chr1	201000000	201250000	0.314895
chr1	201250000	201500000	0.950008
chr1	201500000	201750000	1.11271
chr1	201750000	202000000	2.25109
chr1	202000000	202250000	2.16229
chr1	202250000	202500000	0.39209
chr1	202500000	202750000	1.62738
chr1	202750000	203000000	1.58164
chr1	203000000	203250000	0.478306
chr1	203250000	203500000	0.669275
chr1	203500000	203750000	2.9389
chr1	203750000	204000000	1.15548
chr1	204000000	204250000	0.506989
chr1	204250000	204500000	0.966807
chr1	204500000	204750000	0.876305
chr1	204750000	205000000	0.584845
chr1	205000000	205250000	0.404069
chr1	205250000	205500000	1.32974
chr1	205500000	205750000	1.57736
chr1	205750000	206000000	0.46503
chr1	206000000	206250000	0.250703
chr1	206250000	206500000	0.14999
chr1	206500000	206750000	0.740632
chr1	206750000	207000000	0.713112
chr1	207000000	207250000	0.0824127
chr1	207250000	207500000	0.61891
chr1	207500000	207750000	1.94065
chr1	207750000	208000000	0.561134
chr1	208000000	208250000	0.0507554
chr1	208250000	208500000	-0.0933152
chr1	208500000	208750000	-0.576639
chr1	208750000	209000000	-0.797441
chr1	209000000	209250000	-0.256541
chr1	209250000	209500000	0.316584
chr1	209500000	209750000	-0.049212
chr1	209750000	210000000	0.1223
chr1	210000000	210250000	0.0833228
chr1	210250000	210500000	0.390952
chr1	210500000	210750000	-0.516372
chr1	210750000	211000000	-0.733524
chr1	211000000	211250000	-0.613738
chr1	211250000	211500000	0.0464979
chr1	211500000	211750000	0.669544
chr1	211750000	212000000	0.927876
chr1	212000000	212250000	1.23954
chr1	212250000	212500000	0.123302
chr1	212500000	212750000	1.20283
chr1	212750000	213000000	1.05381
chr1	213000000	213250000	0.114273
chr1	213250000	213500000	-0.0361369
chr1	213500000	213750000	-1.05093
chr1	213750000	214000000	-0.923995
chr1	214000000	214250000	-0.233949
chr1	214250000	214500000	-0.0354039
chr1	214500000	214750000	0.407131
chr1	214750000	215000000	-0.557282
chr1	215000000	215250000	-0.224663
chr1	215250000	215500000	0.244266
chr1	215500000	215750000	-0.504511
chr1	215750000	216000000	-0.745058
chr1	216000000	216250000	-0.893182
chr1	216250000	216500000	-0.45684
chr1	216500000	216750000	-1.14329
chr1	216750000	217000000	-0.460164
chr1	217000000	217250000	-0.435155
chr1	217250000	217500000	-0.781999
chr1	217500000	217750000	-1.50571
chr1	217750000	218000000	-0.0679363
chr1	218000000	218250000	-0.489242
chr1	218250000	218500000	-0.638007
chr1	218500000	218750000	-0.331169
chr1	218750000	219000000	-0.670583
chr1	219000000	219250000	-0.213898
chr1	219250000	219500000	-0.604563
chr1	219500000	219750000	-0.531864
chr1	219750000	220000000	-0.0684087
chr1	220000000	220250000	0.486235
chr1	220250000	220500000	-0.212878
chr1	220500000	220750000	-0.663374
chr1	220750000	221000000	-0.0229735
chr1	221000000	221250000	-0.128177
chr1	221250000	221500000	-0.0332796
chr1	221500000	221750000	0.173316
chr1	221750000	222000000	0.348157
chr1	222000000	222250000	-0.416143
chr1	222250000	222500000	-0.320036
chr1	222500000	222750000	0.0238247
chr1	222750000	223000000	-0.445135
chr1	223000000	223250000	0.927094
chr1	223250000	223500000	-0.29524
chr1	223500000	223750000	-0.341642
chr1	223750000	224000000	0.774207
chr1	224000000	224250000	0.911162
chr1	224250000	224500000	0.020283
chr1	224500000	224750000	-0.347668
chr1	224750000	225000000	0.132244
chr1	225000000	225250000	-0.00327757
chr1	225250000	225500000	-0.531299
chr1	225500000	225750000	-0.807181
chr1	225750000	226000000	0.317671
chr1	226000000	226250000	-0.0564912
chr1	226250000	226500000	0.0847308
chr1	226500000	226750000	-0.0724383
chr1	226750000	227000000	0.225167
chr1	227000000	227250000	0.205659
chr1	227250000	227500000	-0.971536
chr1	227500000	227750000	-0.772052
chr1	227750000	228000000	-0.0860828
chr1	228000000	228250000	0.306522
chr1	228250000	228500000	-0.402182
chr1	228500000	228750000	-0.521086
chr1	228750000	229000000	0.199087
chr1	229000000	229250000	-0.449585
chr1	229250000	229500000	0.22219
chr1	229500000	229750000	-0.0700144
chr1	229750000	230000000	0.0328299
chr1	230000000	230250000	0.37128
chr1	230250000	230500000	-0.123918
chr1	230500000	230750000	-0.207923
chr1	230750000	231000000	-0.186809
chr1	231000000	231250000	-0.249919
chr1	231250000	231500000	0.442621
chr1	231500000	231750000	-0.545708
chr1	231750000	232000000	-0.608249
chr1	232000000	232250000	-0.68001
chr1	232250000	232500000	-0.34207
chr1	232500000	232750000	-0.242
chr1	232750000	233000000	0.146777
chr1	233000000	233250000	-0.0407398
chr1	233250000	233500000	0.133166
chr1	233500000	233750000	0.850635
chr1	233750000	234000000	0.511987
chr1	234000000	234250000	0.050981
chr1	234250000	234500000	0.768848
chr1	234500000	234750000	1.31757
chr1	234750000	235000000	1.32215
chr1	235000000	235250000	1.60601
chr1	235250000	235500000	1.27562
chr1	235500000	235750000	0.594809
chr1	235750000	236000000	0.769484
chr1	236000000	236250000	1.57014
chr1	236250000	236500000	1.24935
chr1	236500000	236750000	-0.444209
chr1	236750000	237000000	-0.587172
chr1	237000000	237250000	-0.101376
chr1	237250000	237500000	-0.517103
chr1	237500000	237750000	-0.683042
chr1	237750000	238000000	-0.369926
chr1	238000000	238250000	-0.434875
chr1	238250000	238500000	-0.932102
chr1	238500000	238750000	-0.491841
chr1	238750000	239000000	-1.00593
chr1	239000000	239250000	-0.654175
chr1	239250000	239500000	-0.655153
chr1	239500000	239750000	-1.47639
chr1	239750000	240000000	-0.828535
chr1	240000000	240250000	-1.50578
chr1	240250000	240500000	-0.478557
chr1	240500000	240750000	-1.57845
chr1	240750000	241000000	-1.46098
chr1	241000000	241250000	-0.891808
chr1	241250000	241500000	-0.424338
chr1	241500000	241750000	-0.0718303
chr1	241750000	242000000	0.950266
chr1	242000000	242250000	-0.769185
chr1	242250000	242500000	-0.973902
chr1	242500000	242750000	-0.726827
chr1	242750000	243000000	-0.352183
chr1	243000000	243250000	0.5921
chr1	243250000	243500000	-0.498295
chr1	243500000	243750000	-0.19368
chr1	243750000	244000000	0.148033
chr1	244000000	244250000	-0.466985
chr1	244250000	244500000	0.00166449
chr1	244500000	244750000	0.569803
chr1	244750000	245000000	2.13568
chr1	245000000	245250000	0.0769759
chr1	245250000	245500000	-0.186842
chr1	245500000	245750000	0.202983
chr1	245750000	246000000	-0.0158285
chr1	246000000	246250000	0.0942143
chr1	246250000	246500000	0.545044
chr1	246500000	246750000	0.441515
chr1	246750000	247000000	0.139663
chr1	247000000	247250000	-0.195648
chr1	247250000	247500000	-0.686625
chr1	247500000	247750000	-1.125
chr1	247750000	248000000	-1.53456
chr1	248000000	248250000	-0.797143
chr1	248250000	248500000	-0.133622
chr1	248500000	248750000	0.195946
chr1	248750000	248956422	-0.170772
#bedGraph section chr10:0-133797422
chr10	0	250000	0.910663
chr10	250000	500000	-0.610551
chr10	500000	750000	0.112084
chr10	750000	1000000	0.86278
chr10	1000000	1250000	-0.689195
chr10	1250000	1500000	0.591354
chr10	1500000	1750000	-0.133962
chr10	1750000	2000000	-0.156364
chr10	2000000	2250000	-1.51351
chr10	2250000	2500000	-1.18771
chr10	2500000	2750000	-0.324853
chr10	2750000	3000000	-0.20056
chr10	3000000	3250000	0.0871101
chr10	3250000	3500000	-0.149521
chr10	3500000	3750000	-0.34792
chr10	3750000	4000000	0.340733
chr10	4000000	4250000	0.344877
chr10	4250000	4500000	-0.505595
chr10	4500000	4750000	-0.408735
chr10	4750000	5000000	-0.799571
chr10	5000000	5250000	-0.599781
chr10	5250000	5500000	-0.890552
chr10	5500000	5750000	0.247973
chr10	5750000	6000000	1.19776
chr10	6000000	6250000	0.488877
chr10	6250000	6500000	0.467484
chr10	6500000	6750000	0.642519
chr10	6750000	7000000	0.0444836
chr10	7000000	7250000	0.559427
chr10	7250000	7500000	-0.0895194
chr10	7500000	7750000	0.262408
chr10	7750000	8000000	0.731969
chr10	8000000	8250000	-0.186951
chr10	8250000	8500000	-0.294208
chr10	8500000	8750000	-0.417067
chr10	8750000	9000000	-0.943096
chr10	9000000	9250000	-0.426975
chr10	9250000	9500000	-0.785843
chr10	9500000	9750000	-1.81042
chr10	9750000	10000000	-0.16418
chr10	10000000	10250000	-0.355566
chr10	10250000	10500000	-0.29372
chr10	10500000	10750000	-0.157461
chr10	10750000	11000000	-1.47494
chr10	11000000	11250000	-0.0218833
chr10	11250000	11500000	0.160026
chr10	11500000	11750000	0.663588
chr10	11750000	12000000	1.18939
chr10	12000000	12250000	0.347333
chr10	12250000	12500000	0.491766
chr10	12500000	12750000	0.524305
chr10	12750000	13000000	0.226673
chr10	13000000	13250000	0.241355
chr10	13250000	13500000	0.485216
chr10	13500000	13750000	0.708571
chr10	13750000	14000000	0.618691
chr10	14000000	14250000	0.152612
chr10	14250000	14500000	0.294952
chr10	14500000	14750000	0.614844
chr10	14750000	15000000	1.73983
chr10	15000000	15250000	0.640218
chr10	15250000	15500000	-0.318917
chr10	15500000	15750000	0.204378
chr10	15750000	16000000	-0.837334
chr10	16000000	16250000	-0.515605
chr10	16250000	16500000	-0.421156
chr10	16500000	16750000	-0.406676
chr10	16750000	17000000	-1.10799
chr10	17000000	17250000	-0.952923
chr10	17250000	17500000	0.0491193
chr10	17500000	17750000	0.442411
chr10	17750000	18000000	-0.00493318
chr10	18000000	18250000	-0.156348
chr10	18250000	18500000	-0.113138
chr10	18500000	18750000	-0.178082
chr10	18750000	19000000	-1.0557
chr10	19000000	19250000	-0.0589005
chr10	19250000	19500000	-0.499195
chr10	19500000	19750000	-1.01019
chr10	19750000	20000000	-1.07503
chr10	20000000	20250000	0.17911
chr10	20250000	20500000	-0.719569
chr10	20500000	20750000	-0.283122
chr10	20750000	21000000	0.0630811
chr10	21000000	21250000	-0.0268865
chr10	21250000	21500000	0.311844
chr10	21500000	21750000	0.658126
chr10	21750000	22000000	0.268392
chr10	22000000	22250000	0.511245
chr10	22250000	22500000	-0.296822
chr10	22500000	22750000	0.395447
chr10	22750000	23000000	-0.246497
chr10	23000000	23250000	0.336986
chr10	23250000	23500000	0.0239932
chr10	23500000	23750000	0.306607
chr10	23750000	24000000	-0.200667
chr10	24000000	24250000	-0.251878
chr10	24250000	24500000	-0.199145
chr10	24500000	24750000	0.248205
chr10	24750000	25000000	0.430752
chr10	25000000	25250000	-0.450735
chr10	25250000	25500000	-0.307454
chr10	25500000	25750000	-0.228575
chr10	25750000	26000000	-1.42977
chr10	26000000	26250000	0.237604
chr10	26250000	26500000	0.577713
chr10	26500000	26750000	-0.0960243
chr10	26750000	27000000	0.512688
chr10	27000000	27250000	0.266347
chr10	27250000	27500000	-0.0484281
chr10	27500000	27750000	-0.184326
chr10	27750000	28000000	-0.937515
chr10	28000000	28250000	-1.0549
chr10	28250000	28500000	-0.553595
chr10	28500000	28750000	0.21924
chr10	28750000	29000000	-0.364868
chr10	29000000	29250000	-0.0466646
chr10	29250000	29500000	0.213094
chr10	29500000	29750000	0.222202
chr10	29750000	30000000	-0.0891807
chr10	30000000	30250000	0.224544
chr10	30250000	30500000	0.204039
chr10	30500000	30750000	0.0836707
chr10	30750000	31000000	-0.170181
chr10	31000000	31250000	0.611231
chr10	31250000	31500000	0.368843
chr10	31500000	31750000	-0.171827
chr10	31750000	32000000	0.681842
chr10	32000000	32250000	0.676023
chr10	32250000	32500000	0.441219
chr10	32500000	32750000	-0.254049
chr10	32750000	33000000	-0.113708
chr10	33000000	33250000	-0.628618
chr10	33250000	33500000	-0.0595858
chr10	33500000	33750000	0.131339
chr10	33750000	34000000	-0.0783084
chr10	34000000	34250000	-0.139271
chr10	34250000	34500000	0.269976
chr10	34500000	34750000	0.0578227
chr10	34750000	35000000	0.428154
chr10	35000000	35250000	0.35122
chr10	35250000	35500000	0.104279
chr10	35500000	35750000	-0.401706
chr10	35750000	36000000	-0.161124
chr10	36000000	36250000	-0.19866
chr10	36250000	36500000	-0.5217
chr10	36500000	36750000	-0.373054
chr10	36750000	37000000	-0.565261
chr10	37000000	37250000	-0.473036
chr10	37250000	37500000	-0.416172
chr10	37500000	37750000	-0.39899
chr10	37750000	38000000	-0.730333
chr10	38000000	38250000	-0.293016
chr10	38250000	38500000	-0.569771
chr10	38500000	38750000	-0.586497
chr10	38750000	39000000	nan
chr10	39000000	39250000	-0.592177
chr10	39250000	39500000	nan
chr10	39500000	39750000	nan
chr10	39750000	40000000	nan
chr10	40000000	40250000	nan
chr10	40250000	40500000	nan
chr10	40500000	40750000	nan
chr10	40750000	41000000	nan
chr10	41000000	41250000	nan
chr10	41250000	41500000	nan
chr10	41500000	41750000	nan
chr10	41750000	42000000	-0.256531
chr10	42000000	42250000	-2.09264
chr10	42250000	42500000	-1.6601
chr10	42500000	42750000	-1.07014
chr10	42750000	43000000	-0.353923
chr10	43000000	43250000	-0.669262
chr10	43250000	43500000	-0.220177
chr10	43500000	43750000	-0.384821
chr10	43750000	44000000	-0.49202
chr10	44000000	44250000	-1.37033
chr10	44250000	44500000	-0.39649
chr10	44500000	44750000	-0.897604
chr10	44750000	45000000	-0.111729
chr10	45000000	45250000	0.262745
chr10	45250000	45500000	0.536439
chr10	45500000	45750000	0.745907
chr10	45750000	46000000	1.29146
chr10	46000000	46250000	0.311347
chr10	46250000	46500000	-0.713451
chr10	46500000	46750000	-0.0182557
chr10	46750000	47000000	nan
chr10	47000000	47250000	-0.377163
chr10	47250000	47500000	0.0366673
chr10	47500000	47750000	nan
chr10	47750000	48000000	nan
chr10	48000000	48250000	0.387254
chr10	48250000	48500000	-0.0255834
chr10	48500000	48750000	0.704761
chr10	48750000	49000000	0.520006
chr10	49000000	49250000	0.508239
chr10	49250000	49500000	0.730149
chr10	49500000	49750000	0.167547
chr10	49750000	50000000	0.0931004
chr10	50000000	50250000	0.0129909
chr10	50250000	50500000	0.426009
chr10	50500000	50750000	-0.304708
chr10	50750000	51000000	-0.309225
chr10	51000000	51250000	-0.371221
chr10	51250000	51500000	-0.681221
chr10	51500000	51750000	-0.0525171
chr10	51750000	52000000	-0.0761198
chr10	52000000	52250000	-0.657078
chr10	52250000	52500000	-1.13033
chr10	52500000	52750000	-0.153117
chr10	52750000	53000000	0.0275877
chr10	53000000	53250000	0.675073
chr10	53250000	53500000	-0.565654
chr10	53500000	53750000	-0.71817
chr10	53750000	54000000	-0.417549
chr10	54000000	54250000	-0.538806
chr10	54250000	54500000	-0.251847
chr10	54500000	54750000	-1.35803
chr10	54750000	55000000	-0.484308
chr10	55000000	55250000	-0.295279
chr10	55250000	55500000	-0.766646
chr10	55500000	55750000	-0.973694
chr10	55750000	56000000	-0.51373
chr10	56000000	56250000	-0.885572
chr10	56250000	56500000	-0.171008
chr10	56500000	56750000	0.21973
chr10	56750000	57000000	-0.459772
chr10	57000000	57250000	-0.342286
chr10	57250000	57500000	-1.2753
chr10	57500000	57750000	-0.207366
chr10	57750000	58000000	-1.11541
chr10	58000000	58250000	-0.139764
chr10	58250000	58500000	-0.295653
chr10	58500000	58750000	-0.495839
chr10	58750000	59000000	-0.291849
chr10	59000000	59250000	-0.236928
chr10	59250000	59500000	-0.639132
chr10	59500000	59750000	-0.076301
chr10	59750000	60000000	-0.343638
chr10	60000000	60250000	0.123121
chr10	60250000	60500000	-0.42354
chr10	60500000	60750000	-0.36781
chr10	60750000	61000000	-0.122377
chr10	61000000	61250000	-0.104149
chr10	61250000	61500000	-0.274481
chr10	61500000	61750000	-0.14409
chr10	61750000	62000000	0.272735
chr10	62000000	62250000	0.662315
chr10	62250000	62500000	0.00240578
chr10	62500000	62750000	0.517546
chr10	62750000	63000000	0.437237
chr10	63000000	63250000	0.497309
chr10	63250000	63500000	0.47071
chr10	63500000	63750000	-0.261661
chr10	63750000	64000000	-0.190672
chr10	64000000	64250000	-0.810232
chr10	64250000	64500000	-1.79933
chr10	64500000	64750000	0.299566
chr10	64750000	65000000	-1.18371
chr10	65000000	65250000	-0.792913
chr10	65250000	65500000	-0.668397
chr10	65500000	65750000	-0.0712668
chr10	65750000	66000000	-0.615898
chr10	66000000	66250000	-0.626262
chr10	66250000	66500000	-0.292853
chr10	66500000	66750000	-1.49728
chr10	66750000	67000000	-1.14236
chr10	67000000	67250000	-0.607267
chr10	67250000	67500000	-0.445186
chr10	67500000	67750000	-0.425067
chr10	67750000	68000000	0.498384
chr10	68000000	68250000	0.423907
chr10	68250000	68500000	0.320971
chr10	68500000	68750000	0.847821
chr10	68750000	69000000	1.63745
chr10	69000000	69250000	1.14984
chr10	69250000	69500000	0.433654
chr10	69500000	69750000	0.483872
chr10	69750000	70000000	-0.279356
chr10	70000000	70250000	0.160491
chr10	70250000	70500000	0.488899
chr10	70500000	70750000	0.538447
chr10	70750000	71000000	0.320792
chr10	71000000	71250000	0.42743
chr10	71250000	71500000	0.604459
chr10	71500000	71750000	0.582341
chr10	71750000	72000000	0.283955
chr10	72000000	72250000	0.607562
chr10	72250000	72500000	0.410471
chr10	72500000	72750000	0.331356
chr10	72750000	73000000	0.327485
chr10	73000000	73250000	0.563819
chr10	73250000	73500000	1.07519
chr10	73500000	73750000	0.901064
chr10	73750000	74000000	0.740534
chr10	74000000	74250000	0.612734
chr10	74250000	74500000	0.200825
chr10	74500000	74750000	1.0731
chr10	74750000	75000000	0.643151
chr10	75000000	75250000	0.593423
chr10	75250000	75500000	0.63053
chr10	75500000	75750000	0.208431
chr10	75750000	76000000	-0.287676
chr10	76000000	76250000	-0.6139
chr10	76250000	76500000	-0.0475768
chr10	76500000	76750000	-0.812613
chr10	76750000	77000000	-0.463333
chr10	77000000	77250000	0.152007
chr10	77250000	77500000	0.134431
chr10	77500000	77750000	0.536633
chr10	77750000	78000000	0.137544
chr10	78000000	78250000	0.293131
chr10	78250000	78500000	0.145846
chr10	78500000	78750000	-0.0268836
chr10	78750000	79000000	-0.132536
chr10	79000000	79250000	0.163398
chr10	79250000	79500000	0.759591
chr10	79500000	79750000	0.144929
chr10	79750000	80000000	0.159393
chr10	80000000	80250000	-0.24659
chr10	80250000	80500000	0.468904
chr10	80500000	80750000	-0.101046
chr10	80750000	81000000	-0.728837
chr10	81000000	81250000	-0.230931
chr10	81250000	81500000	-1.14283
chr10	81500000	81750000	-0.490094
chr10	81750000	82000000	-0.544713
chr10	82000000	82250000	-0.848591
chr10	82250000	82500000	-1.80319
chr10	82500000	82750000	-1.37224
chr10	82750000	83000000	-0.521182
chr10	83000000	83250000	-0.629237
chr10	83250000	83500000	0.191943
chr10	83500000	83750000	-1.21752
chr10	83750000	84000000	-0.805488
chr10	84000000	84250000	-0.0750844
chr10	84250000	84500000	0.310334
chr10	84500000	84750000	-0.50795
chr10	84750000	85000000	-0.441351
chr10	85000000	85250000	-1.12641
chr10	85250000	85500000	-1.02195
chr10	85500000	85750000	-0.261092
chr10	85750000	86000000	-0.141556
chr10	86000000	86250000	-0.735989
chr10	86250000	86500000	-0.200804
chr10	86500000	86750000	0.179978
chr10	86750000	87000000	0.514233
chr10	87000000	87250000	0.617196
chr10	87250000	87500000	0.45669
chr10	87500000	87750000	0.829117
chr10	87750000	88000000	0.986105
chr10	88000000	88250000	0.242587
chr10	88250000	88500000	0.376951
chr10	88500000	88750000	-0.0798093
chr10	88750000	89000000	0.343668
chr10	89000000	89250000	0.0922036
chr10	89250000	89500000	0.822648
chr10	89500000	89750000	0.275786
chr10	89750000	90000000	0.377805
chr10	90000000	90250000	0.136848
chr10	90250000	90500000	-0.222109
chr10	90500000	90750000	-0.053805
chr10	90750000	91000000	0.077481
chr10	91000000	91250000	0.145698
chr10	91250000	91500000	-0.099952
chr10	91500000	91750000	-0.639289
chr10	91750000	92000000	-0.501832
chr10	92000000	92250000	0.478201
chr10	92250000	92500000	0.473681
chr10	92500000	92750000	0.828348
chr10	92750000	93000000	0.354208
chr10	93000000	93250000	-0.216829
chr10	93250000	93500000	0.3699
chr10	93500000	93750000	0.370895
chr10	93750000	94000000	0.119508
chr10	94000000	94250000	-0.0938116
chr10	94250000	94500000	0.543413
chr10	94500000	94750000	-0.453733
chr10	94750000	95000000	-0.709615
chr10	95000000	95250000	0.0207244
chr10	95250000	95500000	0.220109
chr10	95500000	95750000	0.268914
chr10	95750000	96000000	0.616068
chr10	96000000	96250000	0.458213
chr10	96250000	96500000	0.577477
chr10	96500000	96750000	0.644457
chr10	96750000	97000000	0.192107
chr10	97000000	97250000	0.174327
chr10	97250000	97500000	0.650261
chr10	97500000	97750000	0.420331
chr10	97750000	98000000	-0.030377
chr10	98000000	98250000	-0.0295667
chr10	98250000	98500000	-0.328527
chr10	98500000	98750000	-0.641783
chr10	98750000	99000000	-1.1877
chr10	99000000	99250000	-0.33139
chr10	99250000	99500000	-0.213581
chr10	99500000	99750000	0.488376
chr10	99750000	100000000	0.866318
chr10	100000000	100250000	0.868663
chr10	100250000	100500000	0.410841
chr10	100500000	100750000	0.460523
chr10	100750000	101000000	0.45019
chr10	101000000	101250000	0.533623
chr10	101250000	101500000	0.909318
chr10	101500000	101750000	0.543666
chr10	101750000	102000000	0.992857
chr10	102000000	102250000	0.990647
chr10	102250000	102500000	0.581014
chr10	102500000	102750000	0.679832
chr10	102750000	103000000	1.38862
chr10	103000000	103250000	0.717913
chr10	103250000	103500000	0.867032
chr10	103500000	103750000	0.379434
chr10	103750000	104000000	0.104225
chr10	104000000	104250000	0.366937
chr10	104250000	104500000	0.262289
chr10	104500000	104750000	-0.360809
chr10	104750000	105000000	-0.242551
chr10	105000000	105250000	-1.12147
chr10	105250000	105500000	-0.417298
chr10	105500000	105750000	-1.10215
chr10	105750000	106000000	-0.947749
chr10	106000000	106250000	-1.12056
chr10	106250000	106500000	-1.08938
chr10	106500000	106750000	-0.505344
chr10	106750000	107000000	-0.418301
chr10	107000000	107250000	-0.607949
chr10	107250000	107500000	-0.0467763
chr10	107500000	107750000	-0.606421
chr10	107750000	108000000	-0.415381
chr10	108000000	108250000	-0.0580292
chr10	108250000	108500000	-0.562169
chr10	108500000	108750000	-0.561391
chr10	108750000	109000000	-1.15541
chr10	109000000	109250000	-0.856701
chr10	109250000	109500000	-0.994642
chr10	109500000	109750000	-1.03694
chr10	109750000	110000000	-0.0387731
chr10	110000000	110250000	0.00135097
chr10	110250000	110500000	0.546288
chr10	110500000	110750000	0.250919
chr10	110750000	111000000	0.907904
chr10	111000000	111250000	-0.0528693
chr10	111250000	111500000	-0.484889
chr10	111500000	111750000	-0.962316
chr10	111750000	112000000	-0.929184
chr10	112000000	112250000	-0.160504
chr10	112250000	112500000	0.496345
chr10	112500000	112750000	-0.146004
chr10	112750000	113000000	-0.216667
chr10	113000000	113250000	0.0611557
chr10	113250000	113500000	-0.609217
chr10	113500000	113750000	-0.13831
chr10	113750000	114000000	0.155987
chr10	114000000	114250000	-0.0332549
chr10	114250000	114500000	-0.322239
chr10	114500000	114750000	0.225002
chr10	114750000	115000000	0.266351
chr10	115000000	115250000	-0.649353
chr10	115250000	115500000	-0.781476
chr10	115500000	115750000	-1.32521
chr10	115750000	116000000	-1.71702
chr10	116000000	116250000	-0.765351
chr10	116250000	116500000	-0.902157
chr10	116500000	116750000	-0.699225
chr10	116750000	117000000	-0.959899
chr10	117000000	117250000	-0.0374356
chr10	117250000	117500000	0.0168521
chr10	117500000	117750000	-0.424429
chr10	117750000	118000000	-0.301973
chr10	118000000	118250000	-0.342453
chr10	118250000	118500000	-0.299238
chr10	118500000	118750000	0.599882
chr10	118750000	119000000	0.297715
chr10	119000000	119250000	1.8872
chr10	119250000	119500000	0.576109
chr10	119500000	119750000	0.537902
chr10	119750000	120000000	-0.285359
chr10	120000000	120250000	-0.211305
chr10	120250000	120500000	-0.104097
chr10	120500000	120750000	-1.19057
chr10	120750000	121000000	-0.333129
chr10	121000000	121250000	-0.157546
chr10	121250000	121500000	0.0109805
chr10	121500000	121750000	0.0490366
chr10	121750000	122000000	0.156805
chr10	122000000	122250000	0.190306
chr10	122250000	122500000	-0.241743
chr10	122500000	122750000	-0.621202
chr10	122750000	123000000	0.47745
chr10	123000000	123250000	0.201813
chr10	123250000	123500000	0.944618
chr10	123500000	123750000	0.338344
chr10	123750000	124000000	0.827996
chr10	124000000	124250000	0.816653
chr10	124250000	124500000	1.31922
chr10	124500000	124750000	0.566824
chr10	124750000	125000000	-0.44084
chr10	125000000	125250000	0.100396
chr10	125250000	125500000	-0.0397494
chr10	125500000	125750000	-0.171873
chr10	125750000	126000000	0.0478133
chr10	126000000	126250000	-2.05206
chr10	126250000	126500000	-1.66166
chr10	126500000	126750000	-0.609755
chr10	126750000	127000000	-1.95904
chr10	127000000	127250000	-1.42701
chr10	127250000	127500000	-1.0574
chr10	127500000	127750000	-1.87964
chr10	127750000	128000000	-0.425808
chr10	128000000	128250000	-0.302963
chr10	128250000	128500000	-0.00123921
chr10	128500000	128750000	-0.890873
chr10	128750000	129000000	-0.561087
chr10	129000000	129250000	-0.475088
chr10	129250000	129500000	-0.983901
chr10	129500000	129750000	-0.446922
chr10	129750000	130000000	-0.988038
chr10	130000000	130250000	-0.825579
chr10	130250000	130500000	-1.37111
chr10	130500000	130750000	-1.84423
chr10	130750000	131000000	-1.07466
chr10	131000000	131250000	-1.08392
chr10	131250000	131500000	-1.11665
chr10	131500000	131750000	-0.870161
chr10	131750000	132000000	-0.712295
chr10	132000000	132250000	-0.716294
chr10	132250000	132500000	-0.465947
chr10	132500000	132750000	-0.519632
chr10	132750000	133000000	-1.24788
chr10	133000000	133250000	-0.762785
chr10	133250000	133500000	0.499584
chr10	133500000	133750000	-0.835597
chr10	133750000	133797422	nan
#bedGraph section chr11:0-135086622
chr11	0	250000	1.43029
chr11	250000	500000	1.17111
chr11	500000	750000	1.26241
chr11	750000	1000000	0.509236
chr11	1000000	1250000	-0.133759
chr11	1250000	1500000	0.0819326
chr11	1500000	1750000	0.950355
chr11	1750000	2000000	1.05202
chr11	2000000	2250000	0.548668
chr11	2250000	2500000	1.30484
chr11	2500000	2750000	0.329219
chr11	2750000	3000000	0.582566
chr11	3000000	3250000	0.269036
chr11	3250000	3500000	0.0379344
chr11	3500000	3750000	0.783282
chr11	3750000	4000000	0.721525
chr11	4000000	4250000	0.207368
chr11	4250000	4500000	0.176547
chr11	4500000	4750000	0.108266
chr11	4750000	5000000	-0.810296
chr11	5000000	5250000	-0.731479
chr11	5250000	5500000	-0.813518
chr11	5500000	5750000	-2.00854
chr11	5750000	6000000	-0.49736
chr11	6000000	6250000	-0.317762
chr11	6250000	6500000	0.0827714
chr11	6500000	6750000	0.0663567
chr11	6750000	7000000	0.046239
chr11	7000000	7250000	-1.1835
chr11	7250000	7500000	0.275069
chr11	7500000	7750000	0.106105
chr11	7750000	8000000	-0.343533
chr11	8000000	8250000	-0.484421
chr11	8250000	8500000	0.30716
chr11	8500000	8750000	0.949935
chr11	8750000	9000000	0.792431
chr11	9000000	9250000	1.43285
chr11	9250000	9500000	1.055
chr11	9500000	9750000	0.643068
chr11	9750000	10000000	0.194472
chr11	10000000	10250000	-0.14563
chr11	10250000	10500000	-0.339696
chr11	10500000	10750000	-0.459708
chr11	10750000	11000000	0.0106989
chr11	11000000	11250000	0.0540043
chr11	11250000	11500000	-0.645044
chr11	11500000	11750000	0.148504
chr11	11750000	12000000	0.547403
chr11	12000000	12250000	-0.0914272
chr11	12250000	12500000	-1.08841
chr11	12500000	12750000	-0.181442
chr11	12750000	13000000	-0.751976
chr11	13000000	13250000	-0.0708162
chr11	13250000	13500000	-0.756085
chr11	13500000	13750000	-0.61112
chr11	13750000	14000000	-0.456206
chr11	14000000	14250000	-0.881227
chr11	14250000	14500000	0.169093
chr11	14500000	14750000	-0.353865
chr11	14750000	15000000	-0.721874
chr11	15000000	15250000	-0.468638
chr11	15250000	15500000	-0.80196
chr11	15500000	15750000	-0.800235
chr11	15750000	16000000	-0.598272
chr11	16000000	16250000	-0.531265
chr11	16250000	16500000	-0.131404
chr11	16500000	16750000	-0.601255
chr11	16750000	17000000	0.293335
chr11	17000000	17250000	0.00573612
chr11	17250000	17500000	0.562023
chr11	17500000	17750000	-0.123447
chr11	17750000	18000000	-0.190431
chr11	18000000	18250000	0.00627163
chr11	18250000	18500000	1.00945
chr11	18500000	18750000	1.05205
chr11	18750000	19000000	-0.136801
chr11	19000000	19250000	0.287305
chr11	19250000	19500000	0.35119
chr11	19500000	19750000	-0.0384419
chr11	19750000	20000000	0.0441377
chr11	20000000	20250000	-0.0287201
chr11	20250000	20500000	0.215275
chr11	20500000	20750000	-0.11755
chr11	20750000	21000000	-1.00344
chr11	21000000	21250000	-0.513336
chr11	21250000	21500000	-1.05766
chr11	21500000	21750000	-0.412537
chr11	21750000	22000000	-0.404744
chr11	22000000	22250000	-0.932398
chr11	22250000	22500000	-0.321913
chr11	22500000	22750000	-0.395574
chr11	22750000	23000000	-0.0840305
chr11	23000000	23250000	-0.230927
chr11	23250000	23500000	-0.397025
chr11	23500000	23750000	-0.0592524
chr11	23750000	24000000	-0.279603
chr11	24000000	24250000	-1.60102
chr11	24250000	24500000	-0.86455
chr11	24500000	24750000	-1.0374
chr11	24750000	25000000	-0.775511
chr11	25000000	25250000	-0.38454
chr11	25250000	25500000	-0.571005
chr11	25500000	25750000	-0.391015
chr11	25750000	26000000	-0.196042
chr11	26000000	26250000	0.0933275
chr11	26250000	26500000	-0.261404
chr11	26500000	26750000	-0.383058
chr11	26750000	27000000	-0.224028
chr11	27000000	27250000	-0.466175
chr11	27250000	27500000	-0.806785
chr11	27500000	27750000	-0.662943
chr11	27750000	28000000	-0.0316024
chr11	28000000	28250000	0.14507
chr11	28250000	28500000	-0.511651
chr11	28500000	28750000	-0.27676
chr11	28750000	29000000	-0.132422
chr11	29000000	29250000	-0.501556
chr11	29250000	29500000	-0.0336151
chr11	29500000	29750000	-0.613681
chr11	29750000	30000000	-0.360658
chr11	30000000	30250000	-0.473047
chr11	30250000	30500000	-0.226499
chr11	30500000	30750000	-0.731504
chr11	30750000	31000000	-0.803505
chr11	31000000	31250000	-0.201525
chr11	31250000	31500000	0.600846
chr11	31500000	31750000	0.0668825
chr11	31750000	32000000	0.201717
chr11	32000000	32250000	-0.113076
chr11	32250000	32500000	0.345587
chr11	32500000	32750000	0.0780854
chr11	32750000	33000000	0.162276
chr11	33000000	33250000	0.541616
chr11	33250000	33500000	0.067306
chr11	33500000	33750000	0.475519
chr11	33750000	34000000	1.12
chr11	34000000	34250000	0.634673
chr11	34250000	34500000	0.365454
chr11	34500000	34750000	-0.384021
chr11	34750000	35000000	0.130712
chr11	35000000	35250000	0.714982
chr11	35250000	35500000	0.106961
chr11	35500000	35750000	-0.0154201
chr11	35750000	36000000	-0.582525
chr11	36000000	36250000	-0.157679
chr11	36250000	36500000	0.242772
chr11	36500000	36750000	-0.923469
chr11	36750000	37000000	-1.47082
chr11	37000000	37250000	0.0299875
chr11	37250000	37500000	-0.260951
chr11	37500000	37750000	-0.478851
chr11	37750000	38000000	-1.15857
chr11	38000000	38250000	-0.800221
chr11	38250000	38500000	-1.18918
chr11	38500000	38750000	-0.12644
chr11	38750000	39000000	-0.454213
chr11	39000000	39250000	-0.356187
chr11	39250000	39500000	-0.231943
chr11	39500000	39750000	-0.579765
chr11	39750000	40000000	-0.478837
chr11	40000000	40250000	-1.12694
chr11	40250000	40500000	-0.696098
chr11	40500000	40750000	-0.521046
chr11	40750000	41000000	-1.18817
chr11	41000000	41250000	0.00665883
chr11	41250000	41500000	-0.581938
chr11	41500000	41750000	-0.400409
chr11	41750000	42000000	-0.729856
chr11	42000000	42250000	-1.49191
chr11	42250000	42500000	-0.623
chr11	42500000	42750000	-0.400101
chr11	42750000	43000000	-0.512653
chr11	43000000	43250000	-1.28359
chr11	43250000	43500000	0.108777
chr11	43500000	43750000	-0.0714412
chr11	43750000	44000000	-0.212255
chr11	44000000	44250000	-0.167363
chr11	44250000	44500000	-0.995543
chr11	44500000	44750000	0.426419
chr11	44750000	45000000	0.0188125
chr11	45000000	45250000	-0.0121849
chr11	45250000	45500000	0.00618554
chr11	45500000	45750000	0.22585
chr11	45750000	46000000	0.785109
chr11	46000000	46250000	1.39256
chr11	46250000	46500000	0.600868
chr11	46500000	46750000	0.87984
chr11	46750000	47000000	0.597615
chr11	47000000	47250000	1.0033
chr11	47250000	47500000	0.715235
chr11	47500000	47750000	1.23269
chr11	47750000	48000000	0.974591
chr11	48000000	48250000	-0.407063
chr11	48250000	48500000	-0.628545
chr11	48500000	48750000	-1.24539
chr11	48750000	49000000	nan
chr11	49000000	49250000	-1.59004
chr11	49250000	49500000	-1.42698
chr11	49500000	49750000	-0.892284
chr11	49750000	50000000	-1.05138
chr11	50000000	50250000	-0.441367
chr11	50250000	50500000	-0.818577
chr11	50500000	50750000	-0.65255
chr11	50750000	51000000	nan
chr11	51000000	51250000	nan
chr11	51250000	51500000	nan
chr11	51500000	51750000	nan
chr11	51750000	52000000	nan
chr11	52000000	52250000	nan
chr11	52250000	52500000	nan
chr11	52500000	52750000	nan
chr11	52750000	53000000	nan
chr11	53000000	53250000	nan
chr11	53250000	53500000	nan
chr11	53500000	53750000	nan
chr11	53750000	54000000	nan
chr11	54000000	54250000	nan
chr11	54250000	54500000	nan
chr11	54500000	54750000	-0.949641
chr11	54750000	55000000	-0.396912
chr11	55000000	55250000	-0.556712
chr11	55250000	55500000	-0.747537
chr11	55500000	55750000	-0.633931
chr11	55750000	56000000	-1.06217
chr11	56000000	56250000	-0.691157
chr11	56250000	56500000	-1.11682
chr11	56500000	56750000	-0.967246
chr11	56750000	57000000	-1.10455
chr11	57000000	57250000	-0.943794
chr11	57250000	57500000	0.204693
chr11	57500000	57750000	0.23328
chr11	57750000	58000000	-0.433167
chr11	58000000	58250000	-0.406385
chr11	58250000	58500000	-0.738948
chr11	58500000	58750000	-0.0127973
chr11	58750000	59000000	-0.343021
chr11	59000000	59250000	0.492232
chr11	59250000	59500000	-0.254017
chr11	59500000	59750000	0.347969
chr11	59750000	60000000	-0.090206
chr11	60000000	60250000	-0.179655
chr11	60250000	60500000	0.50804
chr11	60500000	60750000	0.531815
chr11	60750000	61000000	0.614406
chr11	61000000	61250000	0.230061
chr11	61250000	61500000	0.96127
chr11	61500000	61750000	1.10436
chr11	61750000	62000000	0.821683
chr11	62000000	62250000	0.626047
chr11	62250000	62500000	0.519433
chr11	62500000	62750000	0.872993
chr11	62750000	63000000	0.64055
chr11	63000000	63250000	0.185375
chr11	63250000	63500000	0.484702
chr11	63500000	63750000	0.482315
chr11	63750000	64000000	0.41714
chr11	64000000	64250000	0.693049
chr11	64250000	64500000	0.863013
chr11	64500000	64750000	0.501896
chr11	64750000	65000000	0.929726
chr11	65000000	65250000	0.777048
chr11	65250000	65500000	0.657385
chr11	65500000	65750000	0.550945
chr11	65750000	66000000	0.468655
chr11	66000000	66250000	0.640515
chr11	66250000	66500000	0.75058
chr11	66500000	66750000	0.665339
chr11	66750000	67000000	1.0592
chr11	67000000	67250000	0.471371
chr11	67250000	67500000	0.60008
chr11	67500000	67750000	0.709613
chr11	67750000	68000000	0.831169
chr11	68000000	68250000	0.618966
chr11	68250000	68500000	0.764466
chr11	68500000	68750000	0.94896
chr11	68750000	69000000	0.529205
chr11	69000000	69250000	0.738813
chr11	69250000	69500000	0.45706
chr11	69500000	69750000	0.251144
chr11	69750000	70000000	0.375757
chr11	70000000	70250000	-0.0132348
chr11	70250000	70500000	0.226978
chr11	70500000	70750000	0.197975
chr11	70750000	71000000	0.555931
chr11	71000000	71250000	0.548972
chr11	71250000	71500000	0.0547341
chr11	71500000	71750000	0.691184
chr11	71750000	72000000	0.694389
chr11	72000000	72250000	0.738785
chr11	72250000	72500000	0.419975
chr11	72500000	72750000	0.299072
chr11	72750000	73000000	0.25864
chr11	73000000	73250000	0.437715
chr11	73250000	73500000	0.449445
chr11	73500000	73750000	0.417833
chr11	73750000	74000000	0.626173
chr11	74000000	74250000	0.0996161
chr11	74250000	74500000	0.280954
chr11	74500000	74750000	0.410807
chr11	74750000	75000000	0.363334
chr11	75000000	75250000	0.110141
chr11	75250000	75500000	0.785193
chr11	75500000	75750000	0.851296
chr11	75750000	76000000	0.657196
chr11	76000000	76250000	0.740935
chr11	76250000	76500000	0.463779
chr11	76500000	76750000	0.482144
chr11	76750000	77000000	0.621082
chr11	77000000	77250000	0.557054
chr11	77250000	77500000	1.24158
chr11	77500000	77750000	0.332193
chr11	77750000	78000000	0.866201
chr11	78000000	78250000	0.616126
chr11	78250000	78500000	0.3496
chr11	78500000	78750000	-0.267129
chr11	78750000	79000000	-0.32613
chr11	79000000	79250000	-0.0867894
chr11	79250000	79500000	-0.159888
chr11	79500000	79750000	-0.811527
chr11	79750000	80000000	-0.198499
chr11	80000000	80250000	-0.137016
chr11	80250000	80500000	-1.05131
chr11	80500000	80750000	-0.661648
chr11	80750000	81000000	-0.409303
chr11	81000000	81250000	-0.52255
chr11	81250000	81500000	-1.33659
chr11	81500000	81750000	-0.428486
chr11	81750000	82000000	-0.2986
chr11	82000000	82250000	-0.337596
chr11	82250000	82500000	-1.52454
chr11	82500000	82750000	-0.376188
chr11	82750000	83000000	0.382749
chr11	83000000	83250000	0.743147
chr11	83250000	83500000	-0.265463
chr11	83500000	83750000	-0.754005
chr11	83750000	84000000	-0.0218516
chr11	84000000	84250000	-1.09355
chr11	84250000	84500000	-0.865256
chr11	84500000	84750000	-1.0505
chr11	84750000	85000000	-1.16431
chr11	85000000	85250000	-0.397717
chr11	85250000	85500000	-0.496248
chr11	85500000	85750000	-0.556644
chr11	85750000	86000000	-0.432251
chr11	86000000	86250000	0.608986
chr11	86250000	86500000	-0.456738
chr11	86500000	86750000	0.390545
chr11	86750000	87000000	-0.279502
chr11	87000000	87250000	0.0482105
chr11	87250000	87500000	-0.121417
chr11	87500000	87750000	-1.03584
chr11	87750000	88000000	-0.488699
chr11	88000000	88250000	0.0570191
chr11	88250000	88500000	0.218607
chr11	88500000	88750000	-0.652255
chr11	88750000	89000000	-0.654017
chr11	89000000	89250000	-1.08816
chr11	89250000	89500000	-0.922827
chr11	89500000	89750000	-1.27385
chr11	89750000	90000000	nan
chr11	90000000	90250000	-0.460477
chr11	90250000	90500000	-0.631478
chr11	90500000	90750000	-0.949809
chr11	90750000	91000000	-0.705158
chr11	91000000	91250000	-1.38254
chr11	91250000	91500000	-0.561023
chr11	91500000	91750000	-0.375287
chr11	91750000	92000000	-0.804535
chr11	92000000	92250000	-0.919278
chr11	92250000	92500000	-0.559635
chr11	92500000	92750000	-0.609277
chr11	92750000	93000000	-0.45377
chr11	93000000	93250000	-0.638607
chr11	93250000	93500000	0.071933
chr11	93500000	93750000	0.586332
chr11	93750000	94000000	0.124024
chr11	94000000	94250000	-0.638746
chr11	94250000	94500000	-0.654229
chr11	94500000	94750000	0.214475
chr11	94750000	95000000	-0.672306
chr11	95000000	95250000	0.294852
chr11	95250000	95500000	0.57935
chr11	95500000	95750000	-0.0231447
chr11	95750000	96000000	0.411487
chr11	96000000	96250000	0.0441269
chr11	96250000	96500000	-0.0279587
chr11	96500000	96750000	-0.597014
chr11	96750000	97000000	-0.227064
chr11	97000000	97250000	-0.755039
chr11	97250000	97500000	-0.324923
chr11	97500000	97750000	-0.370144
chr11	97750000	98000000	0.120524
chr11	98000000	98250000	-0.385876
chr11	98250000	98500000	-0.419651
chr11	98500000	98750000	-0.571771
chr11	98750000	99000000	-0.466143
chr11	99000000	99250000	-0.731483
chr11	99250000	99500000	-1.38766
chr11	99500000	99750000	-0.844286
chr11	99750000	100000000	-1.65929
chr11	100000000	100250000	-0.973833
chr11	100250000	100500000	-1.44346
chr11	100500000	100750000	-0.814232
chr11	100750000	101000000	-0.424543
chr11	101000000	101250000	-0.419371
chr11	101250000	101500000	-1.01114
chr11	101500000	101750000	-1.3046
chr11	101750000	102000000	-0.632573
chr11	102000000	102250000	-0.625924
chr11	102250000	102500000	0.47848
chr11	102500000	102750000	0.202608
chr11	102750000	103000000	0.00691679
chr11	103000000	103250000	0.107112
chr11	103250000	103500000	-0.385928
chr11	103500000	103750000	-0.397485
chr11	103750000	104000000	-0.222475
chr11	104000000	104250000	-0.05339
chr11	104250000	104500000	-0.591473
chr11	104500000	104750000	-0.476894
chr11	104750000	105000000	-0.245181
chr11	105000000	105250000	-0.820689
chr11	105250000	105500000	-0.552923
chr11	105500000	105750000	-1.15107
chr11	105750000	106000000	-0.596774
chr11	106000000	106250000	-0.174511
chr11	106250000	106500000	-0.536364
chr11	106500000	106750000	-0.0344974
chr11	106750000	107000000	-1.16915
chr11	107000000	107250000	-1.23775
chr11	107250000	107500000	-0.254329
chr11	107500000	107750000	0.258353
chr11	107750000	108000000	0.710049
chr11	108000000	108250000	0.43206
chr11	108250000	108500000	0.295277
chr11	108500000	108750000	0.42755
chr11	108750000	109000000	0.0289097
chr11	109000000	109250000	-0.819749
chr11	109250000	109500000	-0.3627
chr11	109500000	109750000	-0.753109
chr11	109750000	110000000	-0.241271
chr11	110000000	110250000	-0.285704
chr11	110250000	110500000	-0.12587
chr11	110500000	110750000	0.0925271
chr11	110750000	111000000	-0.0363088
chr11	111000000	111250000	-0.0560895
chr11	111250000	111500000	0.670012
chr11	111500000	111750000	0.370427
chr11	111750000	112000000	0.472386
chr11	112000000	112250000	-0.0871305
chr11	112250000	112500000	-0.217235
chr11	112500000	112750000	-0.215352
chr11	112750000	113000000	-0.905416
chr11	113000000	113250000	-1.11748
chr11	113250000	113500000	-0.0757915
chr11	113500000	113750000	0.463151
chr11	113750000	114000000	-0.222506
chr11	114000000	114250000	0.406203
chr11	114250000	114500000	-1.69024
chr11	114500000	114750000	-0.640478
chr11	114750000	115000000	-0.768543
chr11	115000000	115250000	-0.580667
chr11	115250000	115500000	-0.172881
chr11	115500000	115750000	-0.0735913
chr11	115750000	116000000	0.914106
chr11	116000000	116250000	-0.204959
chr11	116250000	116500000	-0.408658
chr11	116500000	116750000	0.206352
chr11	116750000	117000000	1.23991
chr11	117000000	117250000	1.16118
chr11	117250000	117500000	0.744268
chr11	117500000	117750000	0.764552
chr11	117750000	118000000	0.693211
chr11	118000000	118250000	0.647598
chr11	118250000	118500000	0.943485
chr11	118500000	118750000	0.621949
chr11	118750000	119000000	1.25282
chr11	119000000	119250000	1.31016
chr11	119250000	119500000	0.997331
chr11	119500000	119750000	0.30395
chr11	119750000	120000000	0.504529
chr11	120000000	120250000	0.280798
chr11	120250000	120500000	0.671902
chr11	120500000	120750000	0.675294
chr11	120750000	121000000	0.049619
chr11	121000000	121250000	0.387266
chr11	121250000	121500000	0.153247
chr11	121500000	121750000	0.0279777
chr11	121750000	122000000	-0.310579
chr11	122000000	122250000	-0.270583
chr11	122250000	122500000	-0.225062
chr11	122500000	122750000	-0.401164
chr11	122750000	123000000	0.0889384
chr11	123000000	123250000	0.161278
chr11	123250000	123500000	-0.0651899
chr11	123500000	123750000	-0.0402061
chr11	123750000	124000000	-0.917081
chr11	124000000	124250000	-1.25375
chr11	124250000	124500000	-0.232592
chr11	124500000	124750000	-0.4168
chr11	124750000	125000000	0.134107
chr11	125000000	125250000	0.488401
chr11	125250000	125500000	0.118571
chr11	125500000	125750000	1.10045
chr11	125750000	126000000	0.290059
chr11	126000000	126250000	1.62799
chr11	126250000	126500000	-0.0642069
chr11	126500000	126750000	0.103989
chr11	126750000	127000000	-0.593048
chr11	127000000	127250000	-0.662304
chr11	127250000	127500000	-1.45271
chr11	127500000	127750000	-0.582635
chr11	127750000	128000000	-1.11199
chr11	128000000	128250000	-1.22218
chr11	128250000	128500000	0.46284
chr11	128500000	128750000	0.215116
chr11	128750000	129000000	0.430189
chr11	129000000	129250000	-0.414387
chr11	129250000	129500000	-0.652473
chr11	129500000	129750000	-0.708556
chr11	129750000	130000000	-0.0906681
chr11	130000000	130250000	0.479177
chr11	130250000	130500000	0.719557
chr11	130500000	130750000	-0.395647
chr11	130750000	131000000	-0.0913787
chr11	131000000	131250000	-0.700797
chr11	131250000	131500000	-1.66426
chr11	131500000	131750000	-0.658199
chr11	131750000	132000000	-0.100691
chr11	132000000	132250000	-0.582845
chr11	132250000	132500000	-1.49307
chr11	132500000	132750000	-1.59553
chr11	132750000	133000000	-1.02827
chr11	133000000	133250000	-0.369633
chr11	133250000	133500000	-0.419343
chr11	133500000	133750000	-0.651365
chr11	133750000	134000000	-0.0736194
chr11	134000000	134250000	-0.291008
chr11	134250000	134500000	-0.373144
chr11	134500000	134750000	-1.03252
chr11	134750000	135000000	0.0952291
chr11	135000000	135086622	-1.39547
#bedGraph section chr12:0-133275309
chr12	0	250000	0.472514
chr12	250000	500000	0.73581
chr12	500000	750000	0.543114
chr12	750000	1000000	0.872246
chr12	1000000	1250000	0.885663
chr12	1250000	1500000	1.10812
chr12	1500000	1750000	0.296036
chr12	1750000	2000000	-0.27477
chr12	2000000	2250000	0.242341
chr12	2250000	2500000	0.799079
chr12	2500000	2750000	0.260196
chr12	2750000	3000000	-0.348192
chr12	3000000	3250000	0.692746
chr12	3250000	3500000	0.290173
chr12	3500000	3750000	-0.538505
chr12	3750000	4000000	0.826456
chr12	4000000	4250000	0.994999
chr12	4250000	4500000	-0.0720196
chr12	4500000	4750000	0.695975
chr12	4750000	5000000	0.331861
chr12	5000000	5250000	0.475348
chr12	5250000	5500000	0.297068
chr12	5500000	5750000	-0.13305
chr12	5750000	6000000	0.163907
chr12	6000000	6250000	0.0911039
chr12	6250000	6500000	0.203788
chr12	6500000	6750000	0.218806
chr12	6750000	7000000	2.5125
chr12	7000000	7250000	0.707158
chr12	7250000	7500000	0.803274
chr12	7500000	7750000	-0.0590797
chr12	7750000	8000000	-0.132274
chr12	8000000	8250000	0.108547
chr12	8250000	8500000	-0.374923
chr12	8500000	8750000	1.20041
chr12	8750000	9000000	-0.394684
chr12	9000000	9250000	0.269192
chr12	9250000	9500000	0.254331
chr12	9500000	9750000	0.669604
chr12	9750000	10000000	0.399165
chr12	10000000	10250000	-0.0970209
chr12	10250000	10500000	0.226641
chr12	10500000	10750000	0.143873
chr12	10750000	11000000	-0.223734
chr12	11000000	11250000	0.0349741
chr12	11250000	11500000	-0.335552
chr12	11500000	11750000	0.0921578
chr12	11750000	12000000	0.055137
chr12	12000000	12250000	0.46434
chr12	12250000	12500000	0.709495
chr12	12500000	12750000	0.639068
chr12	12750000	13000000	0.442015
chr12	13000000	13250000	-0.340564
chr12	13250000	13500000	-0.218463
chr12	13500000	13750000	-0.226584
chr12	13750000	14000000	0.0815511
chr12	14000000	14250000	-0.0048906
chr12	14250000	14500000	0.0660238
chr12	14500000	14750000	0.445481
chr12	14750000	15000000	0.180176
chr12	15000000	15250000	-0.374724
chr12	15250000	15500000	-0.039725
chr12	15500000	15750000	0.360612
chr12	15750000	16000000	0.524903
chr12	16000000	16250000	-0.733971
chr12	16250000	16500000	-1.17223
chr12	16500000	16750000	0.778418
chr12	16750000	17000000	-0.909945
chr12	17000000	17250000	-0.541805
chr12	17250000	17500000	-0.533792
chr12	17500000	17750000	-0.457994
chr12	17750000	18000000	-2.14424
chr12	18000000	18250000	-1.53569
chr12	18250000	18500000	-0.282028
chr12	18500000	18750000	-0.766832
chr12	18750000	19000000	-0.457161
chr12	19000000	19250000	-0.511134
chr12	19250000	19500000	-1.69294
chr12	19500000	19750000	-0.555249
chr12	19750000	20000000	0.465579
chr12	20000000	20250000	-0.358433
chr12	20250000	20500000	-1.03751
chr12	20500000	20750000	-0.347563
chr12	20750000	21000000	-1.0722
chr12	21000000	21250000	-0.181994
chr12	21250000	21500000	-1.00589
chr12	21500000	21750000	-0.519941
chr12	21750000	22000000	-0.576835
chr12	22000000	22250000	-0.392402
chr12	22250000	22500000	-0.52479
chr12	22500000	22750000	-0.343904
chr12	22750000	23000000	-0.0727948
chr12	23000000	23250000	-0.998722
chr12	23250000	23500000	-0.650874
chr12	23500000	23750000	-0.430673
chr12	23750000	24000000	0.359694
chr12	24000000	24250000	0.075473
chr12	24250000	24500000	-0.337036
chr12	24500000	24750000	-0.385977
chr12	24750000	25000000	0.254786
chr12	25000000	25250000	0.883222
chr12	25250000	25500000	0.229994
chr12	25500000	25750000	-0.293265
chr12	25750000	26000000	-0.342181
chr12	26000000	26250000	0.29264
chr12	26250000	26500000	0.562073
chr12	26500000	26750000	0.773646
chr12	26750000	27000000	0.530983
chr12	27000000	27250000	0.24951
chr12	27250000	27500000	0.47374
chr12	27500000	27750000	0.563762
chr12	27750000	28000000	0.17671
chr12	28000000	28250000	-0.875439
chr12	28250000	28500000	-0.404524
chr12	28500000	28750000	-0.406523
chr12	28750000	29000000	-1.01356
chr12	29000000	29250000	-0.418866
chr12	29250000	29500000	-0.155243
chr12	29500000	29750000	-0.447845
chr12	29750000	30000000	-0.294806
chr12	30000000	30250000	-0.119654
chr12	30250000	30500000	-0.881601
chr12	30500000	30750000	-0.459486
chr12	30750000	31000000	-0.804427
chr12	31000000	31250000	0.426632
chr12	31250000	31500000	0.524956
chr12	31500000	31750000	0.442119
chr12	31750000	32000000	1.47694
chr12	32000000	32250000	1.07519
chr12	32250000	32500000	0.16322
chr12	32500000	32750000	0.407254
chr12	32750000	33000000	-0.150115
chr12	33000000	33250000	-0.757085
chr12	33250000	33500000	-1.02387
chr12	33500000	33750000	-0.651054
chr12	33750000	34000000	-0.543984
chr12	34000000	34250000	-0.644451
chr12	34250000	34500000	-1.33264
chr12	34500000	34750000	nan
chr12	34750000	35000000	nan
chr12	35000000	35250000	nan
chr12	35250000	35500000	nan
chr12	35500000	35750000	nan
chr12	35750000	36000000	nan
chr12	36000000	36250000	nan
chr12	36250000	36500000	nan
chr12	36500000	36750000	nan
chr12	36750000	37000000	nan
chr12	37000000	37250000	nan
chr12	37250000	37500000	-1.08212
chr12	37500000	37750000	-0.933131
chr12	37750000	38000000	-0.653931
chr12	38000000	38250000	-0.733544
chr12	38250000	38500000	-0.683438
chr12	38500000	38750000	-0.561269
chr12	38750000	39000000	-0.114824
chr12	39000000	39250000	-1.17703
chr12	39250000	39500000	-0.306023
chr12	39500000	39750000	-1.70655
chr12	39750000	40000000	-0.956842
chr12	40000000	40250000	-0.2697
chr12	40250000	40500000	-0.51842
chr12	40500000	40750000	-0.314708
chr12	40750000	41000000	-0.461835
chr12	41000000	41250000	-1.01075
chr12	41250000	41500000	-0.84336
chr12	41500000	41750000	-0.455832
chr12	41750000	42000000	-0.707082
chr12	42000000	42250000	0.461985
chr12	42250000	42500000	-0.0639786
chr12	42500000	42750000	-0.787943
chr12	42750000	43000000	-0.940071
chr12	43000000	43250000	-0.610689
chr12	43250000	43500000	-0.580268
chr12	43500000	43750000	-0.469491
chr12	43750000	44000000	-0.262412
chr12	44000000	44250000	-0.707435
chr12	44250000	44500000	-0.262368
chr12	44500000	44750000	-0.784884
chr12	44750000	45000000	-1.31252
chr12	45000000	45250000	0.11077
chr12	45250000	45500000	-0.0448043
chr12	45500000	45750000	-0.469561
chr12	45750000	46000000	2.14428
chr12	46000000	46250000	0.28238
chr12	46250000	46500000	0.577555
chr12	46500000	46750000	0.226489
chr12	46750000	47000000	-0.486657
chr12	47000000	47250000	-0.17829
chr12	47250000	47500000	-0.246536
chr12	47500000	47750000	0.207963
chr12	47750000	48000000	0.942184
chr12	48000000	48250000	0.154378
chr12	48250000	48500000	0.131859
chr12	48500000	48750000	0.40668
chr12	48750000	49000000	0.61589
chr12	49000000	49250000	1.19063
chr12	49250000	49500000	1.44499
chr12	49500000	49750000	0.920843
chr12	49750000	50000000	0.967525
chr12	50000000	50250000	1.20592
chr12	50250000	50500000	0.474524
chr12	50500000	50750000	1.42761
chr12	50750000	51000000	0.69231
chr12	51000000	51250000	0.70461
chr12	51250000	51500000	0.232816
chr12	51500000	51750000	0.19644
chr12	51750000	52000000	0.777665
chr12	52000000	52250000	0.24896
chr12	52250000	52500000	0.090313
chr12	52500000	52750000	0.308177
chr12	52750000	53000000	0.224573
chr12	53000000	53250000	0.98409
chr12	53250000	53500000	1.51301
chr12	53500000	53750000	0.608927
chr12	53750000	54000000	0.483635
chr12	54000000	54250000	0.421883
chr12	54250000	54500000	1.01748
chr12	54500000	54750000	0.213268
chr12	54750000	55000000	-0.293222
chr12	55000000	55250000	-0.25274
chr12	55250000	55500000	-0.481216
chr12	55500000	55750000	-0.0187964
chr12	55750000	56000000	1.88468
chr12	56000000	56250000	0.553743
chr12	56250000	56500000	0.738117
chr12	56500000	56750000	1.19055
chr12	56750000	57000000	0.307811
chr12	57000000	57250000	0.942383
chr12	57250000	57500000	1.33658
chr12	57500000	57750000	0.498222
chr12	57750000	58000000	-0.196219
chr12	58000000	58250000	-0.667
chr12	58250000	58500000	-0.232055
chr12	58500000	58750000	-0.788942
chr12	58750000	59000000	-0.756296
chr12	59000000	59250000	-0.737073
chr12	59250000	59500000	-0.242189
chr12	59500000	59750000	-0.582009
chr12	59750000	60000000	-0.471952
chr12	60000000	60250000	-1.30815
chr12	60250000	60500000	-0.925489
chr12	60500000	60750000	-1.70557
chr12	60750000	61000000	-0.932249
chr12	61000000	61250000	-1.86718
chr12	61250000	61500000	-1.3203
chr12	61500000	61750000	-1.62646
chr12	61750000	62000000	-0.82561
chr12	62000000	62250000	-0.42199
chr12	62250000	62500000	0.845104
chr12	62500000	62750000	1.05526
chr12	62750000	63000000	-0.374934
chr12	63000000	63250000	-0.55825
chr12	63250000	63500000	-0.491938
chr12	63500000	63750000	-0.502563
chr12	63750000	64000000	0.0750815
chr12	64000000	64250000	-0.718463
chr12	64250000	64500000	-0.478092
chr12	64500000	64750000	0.866276
chr12	64750000	65000000	0.0308643
chr12	65000000	65250000	-0.232113
chr12	65250000	65500000	-0.0841275
chr12	65500000	65750000	-0.0735384
chr12	65750000	66000000	-0.284391
chr12	66000000	66250000	0.0593291
chr12	66250000	66500000	-0.0512371
chr12	66500000	66750000	-0.198155
chr12	66750000	67000000	-0.576812
chr12	67000000	67250000	-0.375605
chr12	67250000	67500000	-0.149869
chr12	67500000	67750000	0.33708
chr12	67750000	68000000	-0.155957
chr12	68000000	68250000	-0.00715936
chr12	68250000	68500000	0.310939
chr12	68500000	68750000	0.496689
chr12	68750000	69000000	0.558746
chr12	69000000	69250000	0.452124
chr12	69250000	69500000	-0.023232
chr12	69500000	69750000	0.120661
chr12	69750000	70000000	-0.460859
chr12	70000000	70250000	0.0338193
chr12	70250000	70500000	-0.192652
chr12	70500000	70750000	-0.0657629
chr12	70750000	71000000	-0.782835
chr12	71000000	71250000	-1.09619
chr12	71250000	71500000	-0.535465
chr12	71500000	71750000	0.12799
chr12	71750000	72000000	-0.303801
chr12	72000000	72250000	-0.572258
chr12	72250000	72500000	-0.676751
chr12	72500000	72750000	-0.927608
chr12	72750000	73000000	-0.522599
chr12	73000000	73250000	-0.878923
chr12	73250000	73500000	-0.554701
chr12	73500000	73750000	-1.33683
chr12	73750000	74000000	-1.00802
chr12	74000000	74250000	-0.853865
chr12	74250000	74500000	-0.517008
chr12	74500000	74750000	-0.528242
chr12	74750000	75000000	-1.1399
chr12	75000000	75250000	-0.447238
chr12	75250000	75500000	0.147489
chr12	75500000	75750000	-0.0634658
chr12	75750000	76000000	-0.0910714
chr12	76000000	76250000	-0.174536
chr12	76250000	76500000	0.0495246
chr12	76500000	76750000	0.360004
chr12	76750000	77000000	-0.0142056
chr12	77000000	77250000	-0.753721
chr12	77250000	77500000	-0.331859
chr12	77500000	77750000	-0.538313
chr12	77750000	78000000	0.295825
chr12	78000000	78250000	-0.475585
chr12	78250000	78500000	-0.213741
chr12	78500000	78750000	-0.306763
chr12	78750000	79000000	-0.407411
chr12	79000000	79250000	0.0911994
chr12	79250000	79500000	-0.83162
chr12	79500000	79750000	-0.0927981
chr12	79750000	80000000	-0.159167
chr12	80000000	80250000	-0.0590298
chr12	80250000	80500000	-0.0908941
chr12	80500000	80750000	-0.609539
chr12	80750000	81000000	0.66495
chr12	81000000	81250000	-0.26114
chr12	81250000	81500000	-0.458903
chr12	81500000	81750000	-0.643568
chr12	81750000	82000000	-1.03802
chr12	82000000	82250000	0.181454
chr12	82250000	82500000	-1.06401
chr12	82500000	82750000	-0.200454
chr12	82750000	83000000	-0.165392
chr12	83000000	83250000	0.976094
chr12	83250000	83500000	-0.188238
chr12	83500000	83750000	-0.85677
chr12	83750000	84000000	-0.731305
chr12	84000000	84250000	-0.604343
chr12	84250000	84500000	-0.259378
chr12	84500000	84750000	-0.170229
chr12	84750000	85000000	0.247944
chr12	85000000	85250000	-0.979515
chr12	85250000	85500000	-0.182773
chr12	85500000	85750000	-0.381287
chr12	85750000	86000000	0.513745
chr12	86000000	86250000	0.114091
chr12	86250000	86500000	-0.763807
chr12	86500000	86750000	-0.362975
chr12	86750000	87000000	0.0322275
chr12	87000000	87250000	-0.281361
chr12	87250000	87500000	-0.877232
chr12	87500000	87750000	-0.663718
chr12	87750000	88000000	-0.303405
chr12	88000000	88250000	-0.242395
chr12	88250000	88500000	0.350889
chr12	88500000	88750000	-1.82597
chr12	88750000	89000000	-0.120054
chr12	89000000	89250000	-0.69651
chr12	89250000	89500000	-0.0385744
chr12	89500000	89750000	-0.0493321
chr12	89750000	90000000	-0.772509
chr12	90000000	90250000	-0.41939
chr12	90250000	90500000	-0.667014
chr12	90500000	90750000	-0.51561
chr12	90750000	91000000	-0.739693
chr12	91000000	91250000	-0.798248
chr12	91250000	91500000	-0.474178
chr12	91500000	91750000	-1.08553
chr12	91750000	92000000	-0.0786222
chr12	92000000	92250000	0.0583018
chr12	92250000	92500000	-0.28054
chr12	92500000	92750000	0.0962409
chr12	92750000	93000000	0.691538
chr12	93000000	93250000	0.307333
chr12	93250000	93500000	0.14993
chr12	93500000	93750000	0.416247
chr12	93750000	94000000	-0.0801858
chr12	94000000	94250000	-0.283303
chr12	94250000	94500000	1.06532
chr12	94500000	94750000	0.382819
chr12	94750000	95000000	0.767985
chr12	95000000	95250000	0.24526
chr12	95250000	95500000	0.0673347
chr12	95500000	95750000	0.568886
chr12	95750000	96000000	0.108643
chr12	96000000	96250000	0.934198
chr12	96250000	96500000	0.141395
chr12	96500000	96750000	0.0554852
chr12	96750000	97000000	-0.534998
chr12	97000000	97250000	-0.787192
chr12	97250000	97500000	-0.212744
chr12	97500000	97750000	-0.979069
chr12	97750000	98000000	-0.833308
chr12	98000000	98250000	0.30596
chr12	98250000	98500000	-0.541691
chr12	98500000	98750000	-0.289813
chr12	98750000	99000000	-0.0605973
chr12	99000000	99250000	-0.15153
chr12	99250000	99500000	-0.305135
chr12	99500000	99750000	-0.914333
chr12	99750000	100000000	0.0722964
chr12	100000000	100250000	-0.251127
chr12	100250000	100500000	-0.052791
chr12	100500000	100750000	0.38826
chr12	100750000	101000000	-1.77879
chr12	101000000	101250000	-0.829707
chr12	101250000	101500000	0.201877
chr12	101500000	101750000	0.0604025
chr12	101750000	102000000	0.410013
chr12	102000000	102250000	-0.26263
chr12	102250000	102500000	0.492968
chr12	102500000	102750000	-0.155811
chr12	102750000	103000000	-0.299844
chr12	103000000	103250000	0.602728
chr12	103250000	103500000	0.27868
chr12	103500000	103750000	0.152716
chr12	103750000	104000000	0.339107
chr12	104000000	104250000	0.319043
chr12	104250000	104500000	0.74852
chr12	104500000	104750000	0.287486
chr12	104750000	105000000	0.759359
chr12	105000000	105250000	0.415028
chr12	105250000	105500000	0.141369
chr12	105500000	105750000	-0.639803
chr12	105750000	106000000	-0.913398
chr12	106000000	106250000	0.0692542
chr12	106250000	106500000	1.15197
chr12	106500000	106750000	0.177802
chr12	106750000	107000000	-0.138423
chr12	107000000	107250000	-0.39779
chr12	107250000	107500000	0.0314486
chr12	107500000	107750000	-0.0800817
chr12	107750000	108000000	0.465899
chr12	108000000	108250000	0.61925
chr12	108250000	108500000	0.470367
chr12	108500000	108750000	0.918358
chr12	108750000	109000000	0.470936
chr12	109000000	109250000	1.11559
chr12	109250000	109500000	0.255013
chr12	109500000	109750000	0.0568997
chr12	109750000	110000000	0.382303
chr12	110000000	110250000	1.84728
chr12	110250000	110500000	1.4237
chr12	110500000	110750000	0.414085
chr12	110750000	111000000	0.787111
chr12	111000000	111250000	-0.395259
chr12	111250000	111500000	0.607557
chr12	111500000	111750000	0.637131
chr12	111750000	112000000	0.414294
chr12	112000000	112250000	1.04081
chr12	112250000	112500000	0.904204
chr12	112500000	112750000	1.00009
chr12	112750000	113000000	0.217195
chr12	113000000	113250000	0.613076
chr12	113250000	113500000	0.82037
chr12	113500000	113750000	-0.0307861
chr12	113750000	114000000	0.0602044
chr12	114000000	114250000	-0.717368
chr12	114250000	114500000	-0.359299
chr12	114500000	114750000	-0.210074
chr12	114750000	115000000	-0.509978
chr12	115000000	115250000	-0.752204
chr12	115250000	115500000	-0.289393
chr12	115500000	115750000	-0.457837
chr12	115750000	116000000	-0.437572
chr12	116000000	116250000	0.142069
chr12	116250000	116500000	0.157996
chr12	116500000	116750000	0.455997
chr12	116750000	117000000	-0.0612032
chr12	117000000	117250000	0.374216
chr12	117250000	117500000	-0.64885
chr12	117500000	117750000	-0.794714
chr12	117750000	118000000	-0.0409158
chr12	118000000	118250000	1.39871
chr12	118250000	118500000	0.294376
chr12	118500000	118750000	0.109532
chr12	118750000	119000000	-0.0531981
chr12	119000000	119250000	-0.93353
chr12	119250000	119500000	-0.457973
chr12	119500000	119750000	-0.570412
chr12	119750000	120000000	0.782265
chr12	120000000	120250000	1.05722
chr12	120250000	120500000	0.932308
chr12	120500000	120750000	0.229665
chr12	120750000	121000000	1.13137
chr12	121000000	121250000	1.2121
chr12	121250000	121500000	1.48169
chr12	121500000	121750000	1.57828
chr12	121750000	122000000	0.873774
chr12	122000000	122250000	0.985244
chr12	122250000	122500000	1.6765
chr12	122500000	122750000	0.644908
chr12	122750000	123000000	1.46121
chr12	123000000	123250000	1.00682
chr12	123250000	123500000	0.678093
chr12	123500000	123750000	0.340385
chr12	123750000	124000000	0.772391
chr12	124000000	124250000	1.07558
chr12	124250000	124500000	0.664073
chr12	124500000	124750000	-0.0306284
chr12	124750000	125000000	0.907281
chr12	125000000	125250000	0.481573
chr12	125250000	125500000	-0.0124787
chr12	125500000	125750000	-0.942669
chr12	125750000	126000000	-0.838634
chr12	126000000	126250000	-0.858853
chr12	126250000	126500000	-2.55572
chr12	126500000	126750000	-0.226635
chr12	126750000	127000000	-1.05518
chr12	127000000	127250000	-1.04501
chr12	127250000	127500000	-1.29558
chr12	127500000	127750000	-0.820494
chr12	127750000	128000000	-0.607389
chr12	128000000	128250000	-0.23928
chr12	128250000	128500000	-1.02211
chr12	128500000	128750000	-1.08196
chr12	128750000	129000000	0.382605
chr12	129000000	129250000	0.355964
chr12	129250000	129500000	-0.603791
chr12	129500000	129750000	-0.185375
chr12	129750000	130000000	-0.480322
chr12	130000000	130250000	-0.763948
chr12	130250000	130500000	0.104715
chr12	130500000	130750000	-0.859261
chr12	130750000	131000000	0.336652
chr12	131000000	131250000	-0.394226
chr12	131250000	131500000	-0.895941
chr12	131500000	131750000	0.457073
chr12	131750000	132000000	0.798763
chr12	132000000	132250000	1.0967
chr12	132250000	132500000	0.499446
chr12	132500000	132750000	0.285727
chr12	132750000	133000000	0.269258
chr12	133000000	133250000	0.772328
chr12	133250000	133275309	nan
#bedGraph section chr13:0-114364328
chr13	0	250000	nan
chr13	250000	500000	nan
chr13	500000	750000	nan
chr13	750000	1000000	nan
chr13	1000000	1250000	nan
chr13	1250000	1500000	nan
chr13	1500000	1750000	nan
chr13	1750000	2000000	nan
chr13	2000000	2250000	nan
chr13	2250000	2500000	nan
chr13	2500000	2750000	nan
chr13	2750000	3000000	nan
chr13	3000000	3250000	nan
chr13	3250000	3500000	nan
chr13	3500000	3750000	nan
chr13	3750000	4000000	nan
chr13	4000000	4250000	nan
chr13	4250000	4500000	nan
chr13	4500000	4750000	nan
chr13	4750000	5000000	nan
chr13	5000000	5250000	nan
chr13	5250000	5500000	nan
chr13	5500000	5750000	nan
chr13	5750000	6000000	nan
chr13	6000000	6250000	nan
chr13	6250000	6500000	nan
chr13	6500000	6750000	nan
chr13	6750000	7000000	nan
chr13	7000000	7250000	nan
chr13	7250000	7500000	nan
chr13	7500000	7750000	nan
chr13	7750000	8000000	nan
chr13	8000000	8250000	nan
chr13	8250000	8500000	nan
chr13	8500000	8750000	nan
chr13	8750000	9000000	nan
chr13	9000000	9250000	nan
chr13	9250000	9500000	nan
chr13	9500000	9750000	nan
chr13	9750000	10000000	nan
chr13	10000000	10250000	nan
chr13	10250000	10500000	nan
chr13	10500000	10750000	nan
chr13	10750000	11000000	nan
chr13	11000000	11250000	nan
chr13	11250000	11500000	nan
chr13	11500000	11750000	nan
chr13	11750000	12000000	nan
chr13	12000000	12250000	nan
chr13	12250000	12500000	nan
chr13	12500000	12750000	nan
chr13	12750000	13000000	nan
chr13	13000000	13250000	nan
chr13	13250000	13500000	nan
chr13	13500000	13750000	nan
chr13	13750000	14000000	nan
chr13	14000000	14250000	nan
chr13	14250000	14500000	nan
chr13	14500000	14750000	nan
chr13	14750000	15000000	nan
chr13	15000000	15250000	nan
chr13	15250000	15500000	nan
chr13	15500000	15750000	nan
chr13	15750000	16000000	nan
chr13	16000000	16250000	nan
chr13	16250000	16500000	nan
chr13	16500000	16750000	nan
chr13	16750000	17000000	0.261249
chr13	17000000	17250000	0.296064
chr13	17250000	17500000	0.310557
chr13	17500000	17750000	nan
chr13	17750000	18000000	nan
chr13	18000000	18250000	0.116202
chr13	18250000	18500000	nan
chr13	18500000	18750000	-1.09878
chr13	18750000	19000000	-1.70368
chr13	19000000	19250000	-0.627027
chr13	19250000	19500000	-0.687852
chr13	19500000	19750000	-0.0303629
chr13	19750000	20000000	0.281792
chr13	20000000	20250000	0.637413
chr13	20250000	20500000	0.177714
chr13	20500000	20750000	0.707854
chr13	20750000	21000000	0.271276
chr13	21000000	21250000	0.212587
chr13	21250000	21500000	0.950975
chr13	21500000	21750000	-0.330697
chr13	21750000	22000000	-0.971926
chr13	22000000	22250000	0.00369074
chr13	22250000	22500000	-1.97335
chr13	22500000	22750000	-1.27527
chr13	22750000	23000000	-0.342269
chr13	23000000	23250000	-0.805614
chr13	23250000	23500000	-0.0177427
chr13	23500000	23750000	0.447633
chr13	23750000	24000000	1.18801
chr13	24000000	24250000	0.550972
chr13	24250000	24500000	0.437402
chr13	24500000	24750000	0.137802
chr13	24750000	25000000	0.913455
chr13	25000000	25250000	0.187208
chr13	25250000	25500000	-0.533461
chr13	25500000	25750000	-1.52374
chr13	25750000	26000000	-0.100565
chr13	26000000	26250000	0.0054925
chr13	26250000	26500000	-0.670835
chr13	26500000	26750000	-0.0363237
chr13	26750000	27000000	0.0587251
chr13	27000000	27250000	0.869443
chr13	27250000	27500000	0.931632
chr13	27500000	27750000	0.148669
chr13	27750000	28000000	-0.0785015
chr13	28000000	28250000	0.366046
chr13	28250000	28500000	0.749081
chr13	28500000	28750000	0.455548
chr13	28750000	29000000	0.431436
chr13	29000000	29250000	-0.765191
chr13	29250000	29500000	-0.341633
chr13	29500000	29750000	-0.151526
chr13	29750000	30000000	0.335048
chr13	30000000	30250000	0.275407
chr13	30250000	30500000	0.343009
chr13	30500000	30750000	0.0257949
chr13	30750000	31000000	0.16834
chr13	31000000	31250000	0.17926
chr13	31250000	31500000	-1.55649
chr13	31500000	31750000	-0.142471
chr13	31750000	32000000	1.30938
chr13	32000000	32250000	-0.0098941
chr13	32250000	32500000	0.742277
chr13	32500000	32750000	0.311149
chr13	32750000	33000000	0.590562
chr13	33000000	33250000	0.472286
chr13	33250000	33500000	0.500226
chr13	33500000	33750000	0.403131
chr13	33750000	34000000	-0.0499159
chr13	34000000	34250000	0.0312119
chr13	34250000	34500000	0.448782
chr13	34500000	34750000	-0.714233
chr13	34750000	35000000	0.120389
chr13	35000000	35250000	-1.10714
chr13	35250000	35500000	-0.0685533
chr13	35500000	35750000	0.0461552
chr13	35750000	36000000	-0.404376
chr13	36000000	36250000	-0.376042
chr13	36250000	36500000	0.591058
chr13	36500000	36750000	-0.968902
chr13	36750000	37000000	-0.0569994
chr13	37000000	37250000	-0.0345347
chr13	37250000	37500000	-0.647245
chr13	37500000	37750000	-0.587215
chr13	37750000	38000000	-0.21199
chr13	38000000	38250000	-2.27677
chr13	38250000	38500000	-0.375004
chr13	38500000	38750000	-1.39936
chr13	38750000	39000000	0.103652
chr13	39000000	39250000	0.191922
chr13	39250000	39500000	0.0893288
chr13	39500000	39750000	0.311669
chr13	39750000	40000000	0.0416043
chr13	40000000	40250000	0.582393
chr13	40250000	40500000	0.522797
chr13	40500000	40750000	0.524742
chr13	40750000	41000000	0.4085
chr13	41000000	41250000	0.459315
chr13	41250000	41500000	0.147361
chr13	41500000	41750000	1.02649
chr13	41750000	42000000	0.298814
chr13	42000000	42250000	0.684732
chr13	42250000	42500000	0.457666
chr13	42500000	42750000	0.541784
chr13	42750000	43000000	0.0384183
chr13	43000000	43250000	0.407229
chr13	43250000	43500000	0.124743
chr13	43500000	43750000	-0.15564
chr13	43750000	44000000	0.101752
chr13	44000000	44250000	0.123172
chr13	44250000	44500000	0.608725
chr13	44500000	44750000	0.361679
chr13	44750000	45000000	0.029016
chr13	45000000	45250000	0.418649
chr13	45250000	45500000	0.128175
chr13	45500000	45750000	0.465471
chr13	45750000	46000000	0.67807
chr13	46000000	46250000	0.514796
chr13	46250000	46500000	0.581167
chr13	46500000	46750000	0.733709
chr13	46750000	47000000	-0.179408
chr13	47000000	47250000	-0.131461
chr13	47250000	47500000	-0.0690135
chr13	47500000	47750000	-0.272326
chr13	47750000	48000000	-0.0483804
chr13	48000000	48250000	0.409284
chr13	48250000	48500000	0.726643
chr13	48500000	48750000	0.116181
chr13	48750000	49000000	0.148432
chr13	49000000	49250000	0.320635
chr13	49250000	49500000	0.25731
chr13	49500000	49750000	0.854891
chr13	49750000	50000000	0.508801
chr13	50000000	50250000	0.440342
chr13	50250000	50500000	-0.371909
chr13	50500000	50750000	0.555801
chr13	50750000	51000000	0.535237
chr13	51000000	51250000	0.250273
chr13	51250000	51500000	0.0593933
chr13	51500000	51750000	0.781093
chr13	51750000	52000000	0.595399
chr13	52000000	52250000	-0.363106
chr13	52250000	52500000	-0.108861
chr13	52500000	52750000	0.328087
chr13	52750000	53000000	0.0711992
chr13	53000000	53250000	-0.464817
chr13	53250000	53500000	-0.75462
chr13	53500000	53750000	-2.48928
chr13	53750000	54000000	-0.447506
chr13	54000000	54250000	-0.307845
chr13	54250000	54500000	-1.17693
chr13	54500000	54750000	-0.47693
chr13	54750000	55000000	-0.483411
chr13	55000000	55250000	-0.295716
chr13	55250000	55500000	-1.33253
chr13	55500000	55750000	-0.569384
chr13	55750000	56000000	-1.22382
chr13	56000000	56250000	-0.341039
chr13	56250000	56500000	-0.783941
chr13	56500000	56750000	-1.92006
chr13	56750000	57000000	-0.686385
chr13	57000000	57250000	-0.66821
chr13	57250000	57500000	-0.617515
chr13	57500000	57750000	-0.889489
chr13	57750000	58000000	0.504571
chr13	58000000	58250000	-0.447413
chr13	58250000	58500000	-0.0650864
chr13	58500000	58750000	-0.259482
chr13	58750000	59000000	-0.279047
chr13	59000000	59250000	-0.213303
chr13	59250000	59500000	-0.603293
chr13	59500000	59750000	-1.15735
chr13	59750000	60000000	0.0829596
chr13	60000000	60250000	0.120785
chr13	60250000	60500000	-0.0293522
chr13	60500000	60750000	-0.218476
chr13	60750000	61000000	0.565578
chr13	61000000	61250000	-0.411484
chr13	61250000	61500000	0.395244
chr13	61500000	61750000	0.26854
chr13	61750000	62000000	0.15863
chr13	62000000	62250000	0.0758002
chr13	62250000	62500000	0.553577
chr13	62500000	62750000	0.0582363
chr13	62750000	63000000	-0.514825
chr13	63000000	63250000	0.239025
chr13	63250000	63500000	-0.00676784
chr13	63500000	63750000	-0.558076
chr13	63750000	64000000	-0.73458
chr13	64000000	64250000	-0.166771
chr13	64250000	64500000	-0.118975
chr13	64500000	64750000	-0.090079
chr13	64750000	65000000	-0.393736
chr13	65000000	65250000	-0.724399
chr13	65250000	65500000	-0.610126
chr13	65500000	65750000	-0.219665
chr13	65750000	66000000	0.130877
chr13	66000000	66250000	0.577979
chr13	66250000	66500000	-0.580213
chr13	66500000	66750000	0.225872
chr13	66750000	67000000	-0.365764
chr13	67000000	67250000	-0.267153
chr13	67250000	67500000	-1.39474
chr13	67500000	67750000	-0.775405
chr13	67750000	68000000	-1.66884
chr13	68000000	68250000	0.406975
chr13	68250000	68500000	-0.632203
chr13	68500000	68750000	-0.272768
chr13	68750000	69000000	-0.453623
chr13	69000000	69250000	-1.24591
chr13	69250000	69500000	-0.740357
chr13	69500000	69750000	0.37171
chr13	69750000	70000000	0.237495
chr13	70000000	70250000	-0.957052
chr13	70250000	70500000	-0.218662
chr13	70500000	70750000	-0.571028
chr13	70750000	71000000	0.260097
chr13	71000000	71250000	0.131292
chr13	71250000	71500000	0.267963
chr13	71500000	71750000	0.195598
chr13	71750000	72000000	-0.592206
chr13	72000000	72250000	0.363507
chr13	72250000	72500000	-0.455743
chr13	72500000	72750000	0.296389
chr13	72750000	73000000	0.598549
chr13	73000000	73250000	0.478696
chr13	73250000	73500000	0.138796
chr13	73500000	73750000	-0.311339
chr13	73750000	74000000	0.195761
chr13	74000000	74250000	0.550392
chr13	74250000	74500000	0.23729
chr13	74500000	74750000	-0.0421925
chr13	74750000	75000000	-0.177663
chr13	75000000	75250000	0.0514129
chr13	75250000	75500000	0.485721
chr13	75500000	75750000	0.803473
chr13	75750000	76000000	0.606193
chr13	76000000	76250000	-1.29777
chr13	76250000	76500000	-0.0337679
chr13	76500000	76750000	-0.39848
chr13	76750000	77000000	0.0137178
chr13	77000000	77250000	1.35478
chr13	77250000	77500000	1.16569
chr13	77500000	77750000	0.238503
chr13	77750000	78000000	0.0550043
chr13	78000000	78250000	-0.0232908
chr13	78250000	78500000	-0.4628
chr13	78500000	78750000	0.290349
chr13	78750000	79000000	-0.457629
chr13	79000000	79250000	0.474315
chr13	79250000	79500000	0.342643
chr13	79500000	79750000	-0.598767
chr13	79750000	80000000	0.00664041
chr13	80000000	80250000	-0.520633
chr13	80250000	80500000	-0.121657
chr13	80500000	80750000	0.498825
chr13	80750000	81000000	-0.370276
chr13	81000000	81250000	-0.295798
chr13	81250000	81500000	0.0333984
chr13	81500000	81750000	0.141689
chr13	81750000	82000000	-1.18994
chr13	82000000	82250000	-1.33871
chr13	82250000	82500000	-0.755241
chr13	82500000	82750000	-0.63911
chr13	82750000	83000000	-1.29478
chr13	83000000	83250000	-2.07154
chr13	83250000	83500000	0.0561573
chr13	83500000	83750000	-0.902721
chr13	83750000	84000000	-1.20941
chr13	84000000	84250000	-0.0590643
chr13	84250000	84500000	-0.879556
chr13	84500000	84750000	-0.248092
chr13	84750000	85000000	-0.0578905
chr13	85000000	85250000	0.293837
chr13	85250000	85500000	-0.95411
chr13	85500000	85750000	-0.301055
chr13	85750000	86000000	-0.32116
chr13	86000000	86250000	-0.95784
chr13	86250000	86500000	0.113873
chr13	86500000	86750000	-0.635675
chr13	86750000	87000000	-0.997362
chr13	87000000	87250000	-1.22972
chr13	87250000	87500000	0.39155
chr13	87500000	87750000	0.0956904
chr13	87750000	88000000	0.2914
chr13	88000000	88250000	-0.334533
chr13	88250000	88500000	-1.07183
chr13	88500000	88750000	-0.770116
chr13	88750000	89000000	-0.0424085
chr13	89000000	89250000	-0.67743
chr13	89250000	89500000	-0.23641
chr13	89500000	89750000	-1.7102
chr13	89750000	90000000	-0.180727
chr13	90000000	90250000	0.0012035
chr13	90250000	90500000	-1.4464
chr13	90500000	90750000	0.160447
chr13	90750000	91000000	0.0881348
chr13	91000000	91250000	-0.26709
chr13	91250000	91500000	0.69268
chr13	91500000	91750000	-1.87401
chr13	91750000	92000000	0.732247
chr13	92000000	92250000	-1.22133
chr13	92250000	92500000	-0.31312
chr13	92500000	92750000	-1.46766
chr13	92750000	93000000	-0.469694
chr13	93000000	93250000	-0.685969
chr13	93250000	93500000	-0.183983
chr13	93500000	93750000	-0.411627
chr13	93750000	94000000	-0.300866
chr13	94000000	94250000	-0.086379
chr13	94250000	94500000	-0.564294
chr13	94500000	94750000	0.492044
chr13	94750000	95000000	-0.138758
chr13	95000000	95250000	0.653739
chr13	95250000	95500000	0.341075
chr13	95500000	95750000	0.985011
chr13	95750000	96000000	-0.709201
chr13	96000000	96250000	0.460723
chr13	96250000	96500000	-0.659004
chr13	96500000	96750000	-0.164466
chr13	96750000	97000000	-0.0702984
chr13	97000000	97250000	0.491559
chr13	97250000	97500000	0.17425
chr13	97500000	97750000	0.151688
chr13	97750000	98000000	0.0328536
chr13	98000000	98250000	-0.23624
chr13	98250000	98500000	0.282555
chr13	98500000	98750000	0.2844
chr13	98750000	99000000	0.178844
chr13	99000000	99250000	0.135122
chr13	99250000	99500000	0.691086
chr13	99500000	99750000	0.327486
chr13	99750000	100000000	0.804151
chr13	100000000	100250000	0.377427
chr13	100250000	100500000	0.0992153
chr13	100500000	100750000	0.0407138
chr13	100750000	101000000	0.0163346
chr13	101000000	101250000	0.313605
chr13	101250000	101500000	0.261846
chr13	101500000	101750000	0.394758
chr13	101750000	102000000	-0.614674
chr13	102000000	102250000	0.0401414
chr13	102250000	102500000	-1.23478
chr13	102500000	102750000	0.0859217
chr13	102750000	103000000	1.56338
chr13	103000000	103250000	0.0378705
chr13	103250000	103500000	0.149123
chr13	103500000	103750000	0.461335
chr13	103750000	104000000	0.178682
chr13	104000000	104250000	-0.572424
chr13	104250000	104500000	-0.102749
chr13	104500000	104750000	-0.735656
chr13	104750000	105000000	-0.141515
chr13	105000000	105250000	0.0743518
chr13	105250000	105500000	-0.363897
chr13	105500000	105750000	-2.09353
chr13	105750000	106000000	0.158056
chr13	106000000	106250000	0.443572
chr13	106250000	106500000	-0.131021
chr13	106500000	106750000	0.207869
chr13	106750000	107000000	-1.08016
chr13	107000000	107250000	-0.39149
chr13	107250000	107500000	-0.681162
chr13	107500000	107750000	-1.41415
chr13	107750000	108000000	-0.575786
chr13	108000000	108250000	-0.0198205
chr13	108250000	108500000	0.572265
chr13	108500000	108750000	-0.0622319
chr13	108750000	109000000	-0.529891
chr13	109000000	109250000	-0.181399
chr13	109250000	109500000	-0.480734
chr13	109500000	109750000	-0.479562
chr13	109750000	110000000	-0.421518
chr13	110000000	110250000	-0.27293
chr13	110250000	110500000	-0.197484
chr13	110500000	110750000	0.618683
chr13	110750000	111000000	0.530457
chr13	111000000	111250000	1.22508
chr13	111250000	111500000	0.309027
chr13	111500000	111750000	-1.87374
chr13	111750000	112000000	-1.22775
chr13	112000000	112250000	-1.16892
chr13	112250000	112500000	-1.12657
chr13	112500000	112750000	0.288616
chr13	112750000	113000000	0.101391
chr13	113000000	113250000	1.61757
chr13	113250000	113500000	0.808025
chr13	113500000	113750000	0.367704
chr13	113750000	114000000	0.369653
chr13	114000000	114250000	0.965601
chr13	114250000	114364328	0.154277
#bedGraph section chr14:0-107043718
chr14	0	250000	nan
chr14	250000	500000	nan
chr14	500000	750000	nan
chr14	750000	1000000	nan
chr14	1000000	1250000	nan
chr14	1250000	1500000	nan
chr14	1500000	1750000	nan
chr14	1750000	2000000	nan
chr14	2000000	2250000	nan
chr14	2250000	2500000	nan
chr14	2500000	2750000	nan
chr14	2750000	3000000	nan
chr14	3000000	3250000	nan
chr14	3250000	3500000	nan
chr14	3500000	3750000	nan
chr14	3750000	4000000	nan
chr14	4000000	4250000	nan
chr14	4250000	4500000	nan
chr14	4500000	4750000	nan
chr14	4750000	5000000	nan
chr14	5000000	5250000	nan
chr14	5250000	5500000	nan
chr14	5500000	5750000	nan
chr14	5750000	6000000	nan
chr14	6000000	6250000	nan
chr14	6250000	6500000	nan
chr14	6500000	6750000	nan
chr14	6750000	7000000	nan
chr14	7000000	7250000	nan
chr14	7250000	7500000	nan
chr14	7500000	7750000	nan
chr14	7750000	8000000	nan
chr14	8000000	8250000	nan
chr14	8250000	8500000	nan
chr14	8500000	8750000	nan
chr14	8750000	9000000	nan
chr14	9000000	9250000	nan
chr14	9250000	9500000	nan
chr14	9500000	9750000	nan
chr14	9750000	10000000	nan
chr14	10000000	10250000	nan
chr14	10250000	10500000	nan
chr14	10500000	10750000	nan
chr14	10750000	11000000	nan
chr14	11000000	11250000	nan
chr14	11250000	11500000	nan
chr14	11500000	11750000	nan
chr14	11750000	12000000	nan
chr14	12000000	12250000	nan
chr14	12250000	12500000	nan
chr14	12500000	12750000	nan
chr14	12750000	13000000	nan
chr14	13000000	13250000	nan
chr14	13250000	13500000	nan
chr14	13500000	13750000	nan
chr14	13750000	14000000	nan
chr14	14000000	14250000	nan
chr14	14250000	14500000	nan
chr14	14500000	14750000	nan
chr14	14750000	15000000	nan
chr14	15000000	15250000	nan
chr14	15250000	15500000	nan
chr14	15500000	15750000	nan
chr14	15750000	16000000	nan
chr14	16000000	16250000	nan
chr14	16250000	16500000	nan
chr14	16500000	16750000	nan
chr14	16750000	17000000	nan
chr14	17000000	17250000	nan
chr14	17250000	17500000	nan
chr14	17500000	17750000	nan
chr14	17750000	18000000	nan
chr14	18000000	18250000	nan
chr14	18250000	18500000	nan
chr14	18500000	18750000	nan
chr14	18750000	19000000	nan
chr14	19000000	19250000	nan
chr14	19250000	19500000	nan
chr14	19500000	19750000	nan
chr14	19750000	20000000	-0.755592
chr14	20000000	20250000	-1.15254
chr14	20250000	20500000	0.224152
chr14	20500000	20750000	0.0534825
chr14	20750000	21000000	-0.459018
chr14	21000000	21250000	0.431801
chr14	21250000	21500000	1.34827
chr14	21500000	21750000	-0.157405
chr14	21750000	22000000	0.329449
chr14	22000000	22250000	0.211457
chr14	22250000	22500000	0.504005
chr14	22500000	22750000	0.606086
chr14	22750000	23000000	0.987123
chr14	23000000	23250000	0.601471
chr14	23250000	23500000	0.442599
chr14	23500000	23750000	0.38151
chr14	23750000	24000000	-0.270798
chr14	24000000	24250000	1.1514
chr14	24250000	24500000	0.341635
chr14	24500000	24750000	-0.803842
chr14	24750000	25000000	-0.0024248
chr14	25000000	25250000	-0.500402
chr14	25250000	25500000	-1.79594
chr14	25500000	25750000	-1.79378
chr14	25750000	26000000	-1.27899
chr14	26000000	26250000	-0.537435
chr14	26250000	26500000	-0.896526
chr14	26500000	26750000	-0.741251
chr14	26750000	27000000	-1.45985
chr14	27000000	27250000	-0.836647
chr14	27250000	27500000	-1.29843
chr14	27500000	27750000	-1.56499
chr14	27750000	28000000	-0.685056
chr14	28000000	28250000	-1.13389
chr14	28250000	28500000	-0.93211
chr14	28500000	28750000	-0.569042
chr14	28750000	29000000	-1.40166
chr14	29000000	29250000	-0.950001
chr14	29250000	29500000	-0.782132
chr14	29500000	29750000	-0.979916
chr14	29750000	30000000	-0.522834
chr14	30000000	30250000	-0.88216
chr14	30250000	30500000	-0.630637
chr14	30500000	30750000	0.350086
chr14	30750000	31000000	0.201203
chr14	31000000	31250000	0.984265
chr14	31250000	31500000	0.464017
chr14	31500000	31750000	0.15268
chr14	31750000	32000000	-0.81044
chr14	32000000	32250000	-0.00957855
chr14	32250000	32500000	0.228126
chr14	32500000	32750000	0.0800237
chr14	32750000	33000000	-0.48251
chr14	33000000	33250000	-0.381471
chr14	33250000	33500000	-0.837464
chr14	33500000	33750000	-0.281041
chr14	33750000	34000000	-0.0972698
chr14	34000000	34250000	-0.113231
chr14	34250000	34500000	0.0208341
chr14	34500000	34750000	0.322588
chr14	34750000	35000000	0.414214
chr14	35000000	35250000	0.804027
chr14	35250000	35500000	0.819406
chr14	35500000	35750000	1.2108
chr14	35750000	36000000	0.187783
chr14	36000000	36250000	-1.10292
chr14	36250000	36500000	-0.424912
chr14	36500000	36750000	-1.79164
chr14	36750000	37000000	-0.877101
chr14	37000000	37250000	-1.14106
chr14	37250000	37500000	-1.07985
chr14	37500000	37750000	-2.08931
chr14	37750000	38000000	-1.56695
chr14	38000000	38250000	-1.29827
chr14	38250000	38500000	-1.40526
chr14	38500000	38750000	-0.848113
chr14	38750000	39000000	-0.0386633
chr14	39000000	39250000	0.421602
chr14	39250000	39500000	0.36218
chr14	39500000	39750000	-0.51093
chr14	39750000	40000000	-0.0418427
chr14	40000000	40250000	-0.837713
chr14	40250000	40500000	-0.292519
chr14	40500000	40750000	-1.06777
chr14	40750000	41000000	-0.647722
chr14	41000000	41250000	-0.359078
chr14	41250000	41500000	-0.574096
chr14	41500000	41750000	-0.261896
chr14	41750000	42000000	-0.986938
chr14	42000000	42250000	-0.267952
chr14	42250000	42500000	-0.234647
chr14	42500000	42750000	-0.0968683
chr14	42750000	43000000	-0.793194
chr14	43000000	43250000	-0.930324
chr14	43250000	43500000	-0.781901
chr14	43500000	43750000	-0.420828
chr14	43750000	44000000	-1.10302
chr14	44000000	44250000	-1.07376
chr14	44250000	44500000	-1.18088
chr14	44500000	44750000	-1.23588
chr14	44750000	45000000	-0.50063
chr14	45000000	45250000	0.44652
chr14	45250000	45500000	-0.348257
chr14	45500000	45750000	-0.359421
chr14	45750000	46000000	-1.2637
chr14	46000000	46250000	-0.566557
chr14	46250000	46500000	-0.504956
chr14	46500000	46750000	-1.15309
chr14	46750000	47000000	-1.8363
chr14	47000000	47250000	-0.46704
chr14	47250000	47500000	-0.163578
chr14	47500000	47750000	-0.33011
chr14	47750000	48000000	-0.969983
chr14	48000000	48250000	-1.74317
chr14	48250000	48500000	-1.34973
chr14	48500000	48750000	-0.292197
chr14	48750000	49000000	-1.36575
chr14	49000000	49250000	-0.613568
chr14	49250000	49500000	-0.0777899
chr14	49500000	49750000	0.713297
chr14	49750000	50000000	0.760849
chr14	50000000	50250000	1.00502
chr14	50250000	50500000	0.863501
chr14	50500000	50750000	0.778913
chr14	50750000	51000000	-0.115376
chr14	51000000	51250000	0.214658
chr14	51250000	51500000	-0.124822
chr14	51500000	51750000	-0.0578843
chr14	51750000	52000000	0.126345
chr14	52000000	52250000	-0.387681
chr14	52250000	52500000	-0.13104
chr14	52500000	52750000	0.234239
chr14	52750000	53000000	-0.115766
chr14	53000000	53250000	0.236329
chr14	53250000	53500000	-0.447837
chr14	53500000	53750000	-0.564218
chr14	53750000	54000000	-0.846136
chr14	54000000	54250000	-0.525316
chr14	54250000	54500000	0.239195
chr14	54500000	54750000	0.479783
chr14	54750000	55000000	0.823854
chr14	55000000	55250000	0.60597
chr14	55250000	55500000	0.770383
chr14	55500000	55750000	0.684182
chr14	55750000	56000000	-0.0739314
chr14	56000000	56250000	-0.0902289
chr14	56250000	56500000	-0.475222
chr14	56500000	56750000	0.0230056
chr14	56750000	57000000	-0.229317
chr14	57000000	57250000	0.169482
chr14	57250000	57500000	-0.0288097
chr14	57500000	57750000	-0.572576
chr14	57750000	58000000	-0.372139
chr14	58000000	58250000	0.0544511
chr14	58250000	58500000	0.485752
chr14	58500000	58750000	0.0910793
chr14	58750000	59000000	0.348564
chr14	59000000	59250000	0.0294351
chr14	59250000	59500000	0.222657
chr14	59500000	59750000	-0.900708
chr14	59750000	60000000	-0.131379
chr14	60000000	60250000	0.295014
chr14	60250000	60500000	-0.0929464
chr14	60500000	60750000	-0.628074
chr14	60750000	61000000	0.0320275
chr14	61000000	61250000	-0.619735
chr14	61250000	61500000	0.231125
chr14	61500000	61750000	0.527084
chr14	61750000	62000000	-0.260565
chr14	62000000	62250000	-0.457513
chr14	62250000	62500000	-0.847413
chr14	62500000	62750000	-1.4444
chr14	62750000	63000000	-1.57515
chr14	63000000	63250000	-0.145908
chr14	63250000	63500000	0.190326
chr14	63500000	63750000	0.561876
chr14	63750000	64000000	0.629541
chr14	64000000	64250000	0.91122
chr14	64250000	64500000	0.752704
chr14	64500000	64750000	0.549273
chr14	64750000	65000000	0.395989
chr14	65000000	65250000	0.060923
chr14	65250000	65500000	0.127597
chr14	65500000	65750000	0.286917
chr14	65750000	66000000	0.0568403
chr14	66000000	66250000	-0.0447138
chr14	66250000	66500000	-0.0165423
chr14	66500000	66750000	0.356477
chr14	66750000	67000000	0.075299
chr14	67000000	67250000	0.43695
chr14	67250000	67500000	0.241902
chr14	67500000	67750000	0.621307
chr14	67750000	68000000	0.847852
chr14	68000000	68250000	0.410363
chr14	68250000	68500000	0.594603
chr14	68500000	68750000	0.595794
chr14	68750000	69000000	0.328919
chr14	69000000	69250000	0.397153
chr14	69250000	69500000	0.556347
chr14	69500000	69750000	0.20448
chr14	69750000	70000000	0.18016
chr14	70000000	70250000	0.53463
chr14	70250000	70500000	0.738828
chr14	70500000	70750000	0.583202
chr14	70750000	71000000	0.500273
chr14	71000000	71250000	0.476964
chr14	71250000	71500000	0.698788
chr14	71500000	71750000	0.568733
chr14	71750000	72000000	0.0718716
chr14	72000000	72250000	0.183486
chr14	72250000	72500000	0.351948
chr14	72500000	72750000	0.450061
chr14	72750000	73000000	0.658494
chr14	73000000	73250000	0.655838
chr14	73250000	73500000	0.856967
chr14	73500000	73750000	0.668912
chr14	73750000	74000000	0.570273
chr14	74000000	74250000	1.11357
chr14	74250000	74500000	0.624033
chr14	74500000	74750000	0.8466
chr14	74750000	75000000	0.661985
chr14	75000000	75250000	0.428035
chr14	75250000	75500000	0.788144
chr14	75500000	75750000	0.611564
chr14	75750000	76000000	0.499256
chr14	76000000	76250000	0.536863
chr14	76250000	76500000	0.244104
chr14	76500000	76750000	0.544414
chr14	76750000	77000000	0.828399
chr14	77000000	77250000	0.270049
chr14	77250000	77500000	0.733515
chr14	77500000	77750000	0.101212
chr14	77750000	78000000	0.0233162
chr14	78000000	78250000	-0.334096
chr14	78250000	78500000	-0.74209
chr14	78500000	78750000	-0.243279
chr14	78750000	79000000	-0.464562
chr14	79000000	79250000	-0.758903
chr14	79250000	79500000	-0.72715
chr14	79500000	79750000	-0.321845
chr14	79750000	80000000	-1.13635
chr14	80000000	80250000	-0.364303
chr14	80250000	80500000	-0.447202
chr14	80500000	80750000	-0.308048
chr14	80750000	81000000	-0.262253
chr14	81000000	81250000	0.0730333
chr14	81250000	81500000	-0.11015
chr14	81500000	81750000	-0.973484
chr14	81750000	82000000	-0.543063
chr14	82000000	82250000	-1.06283
chr14	82250000	82500000	-1.20756
chr14	82500000	82750000	-0.575137
chr14	82750000	83000000	-0.926792
chr14	83000000	83250000	-0.992815
chr14	83250000	83500000	-0.607869
chr14	83500000	83750000	-1.31414
chr14	83750000	84000000	-1.1047
chr14	84000000	84250000	-1.24285
chr14	84250000	84500000	-0.0832368
chr14	84500000	84750000	-0.775851
chr14	84750000	85000000	-1.05497
chr14	85000000	85250000	-0.902097
chr14	85250000	85500000	-1.24717
chr14	85500000	85750000	-1.02282
chr14	85750000	86000000	-0.954046
chr14	86000000	86250000	-0.961934
chr14	86250000	86500000	-0.5213
chr14	86500000	86750000	-0.78525
chr14	86750000	87000000	-1.89257
chr14	87000000	87250000	-1.64406
chr14	87250000	87500000	-2.09821
chr14	87500000	87750000	-0.360385
chr14	87750000	88000000	-0.322317
chr14	88000000	88250000	-0.52831
chr14	88250000	88500000	-0.22173
chr14	88500000	88750000	0.0270742
chr14	88750000	89000000	-0.173248
chr14	89000000	89250000	0.0209335
chr14	89250000	89500000	0.969514
chr14	89500000	89750000	0.185891
chr14	89750000	90000000	0.497197
chr14	90000000	90250000	0.0409141
chr14	90250000	90500000	-0.0448365
chr14	90500000	90750000	-0.0996773
chr14	90750000	91000000	0.46643
chr14	91000000	91250000	0.413024
chr14	91250000	91500000	0.111543
chr14	91500000	91750000	0.251638
chr14	91750000	92000000	0.343708
chr14	92000000	92250000	1.01194
chr14	92250000	92500000	0.74453
chr14	92500000	92750000	0.406674
chr14	92750000	93000000	0.332595
chr14	93000000	93250000	0.282784
chr14	93250000	93500000	0.527422
chr14	93500000	93750000	-0.490733
chr14	93750000	94000000	0.417679
chr14	94000000	94250000	0.149147
chr14	94250000	94500000	-0.0627469
chr14	94500000	94750000	0.00822837
chr14	94750000	95000000	-0.803535
chr14	95000000	95250000	0.43857
chr14	95250000	95500000	0.584341
chr14	95500000	95750000	0.741001
chr14	95750000	96000000	0.386246
chr14	96000000	96250000	0.262294
chr14	96250000	96500000	0.397613
chr14	96500000	96750000	0.228929
chr14	96750000	97000000	0.143226
chr14	97000000	97250000	-0.411496
chr14	97250000	97500000	-0.157264
chr14	97500000	97750000	-0.613023
chr14	97750000	98000000	-0.836232
chr14	98000000	98250000	-1.18845
chr14	98250000	98500000	-0.306918
chr14	98500000	98750000	-0.879576
chr14	98750000	99000000	-1.13648
chr14	99000000	99250000	-0.271193
chr14	99250000	99500000	-0.551794
chr14	99500000	99750000	0.0564385
chr14	99750000	100000000	0.974877
chr14	100000000	100250000	0.667414
chr14	100250000	100500000	0.55572
chr14	100500000	100750000	0.0531902
chr14	100750000	101000000	-0.608663
chr14	101000000	101250000	-0.974137
chr14	101250000	101500000	-0.817635
chr14	101500000	101750000	-0.418409
chr14	101750000	102000000	0.632739
chr14	102000000	102250000	0.97804
chr14	102250000	102500000	0.801552
chr14	102500000	102750000	0.69287
chr14	102750000	103000000	0.283077
chr14	103000000	103250000	0.845655
chr14	103250000	103500000	0.499538
chr14	103500000	103750000	0.921336
chr14	103750000	104000000	0.307357
chr14	104000000	104250000	0.435387
chr14	104250000	104500000	0.161081
chr14	104500000	104750000	0.475301
chr14	104750000	105000000	0.608104
chr14	105000000	105250000	0.506162
chr14	105250000	105500000	0.826784
chr14	105500000	105750000	0.686232
chr14	105750000	106000000	0.388851
chr14	106000000	106250000	0.886262
chr14	106250000	106500000	0.457863
chr14	106500000	106750000	0.644769
chr14	106750000	107000000	1.19705
chr14	107000000	107043718	nan
#bedGraph section chr15:0-101991189
chr15	0	250000	nan
chr15	250000	500000	nan
chr15	500000	750000	nan
chr15	750000	1000000	nan
chr15	1000000	1250000	nan
chr15	1250000	1500000	nan
chr15	1500000	1750000	nan
chr15	1750000	2000000	nan
chr15	2000000	2250000	nan
chr15	2250000	2500000	nan
chr15	2500000	2750000	nan
chr15	2750000	3000000	nan
chr15	3000000	3250000	nan
chr15	3250000	3500000	nan
chr15	3500000	3750000	nan
chr15	3750000	4000000	nan
chr15	4000000	4250000	nan
chr15	4250000	4500000	nan
chr15	4500000	4750000	nan
chr15	4750000	5000000	nan
chr15	5000000	5250000	nan
chr15	5250000	5500000	nan
chr15	5500000	5750000	nan
chr15	5750000	6000000	nan
chr15	6000000	6250000	nan
chr15	6250000	6500000	nan
chr15	6500000	6750000	nan
chr15	6750000	7000000	nan
chr15	7000000	7250000	nan
chr15	7250000	7500000	nan
chr15	7500000	7750000	nan
chr15	7750000	8000000	nan
chr15	8000000	8250000	nan
chr15	8250000	8500000	nan
chr15	8500000	8750000	nan
chr15	8750000	9000000	nan
chr15	9000000	9250000	nan
chr15	9250000	9500000	nan
chr15	9500000	9750000	nan
chr15	9750000	10000000	nan
chr15	10000000	10250000	nan
chr15	10250000	10500000	nan
chr15	10500000	10750000	nan
chr15	10750000	11000000	nan
chr15	11000000	11250000	nan
chr15	11250000	11500000	nan
chr15	11500000	11750000	nan
chr15	11750000	12000000	nan
chr15	12000000	12250000	nan
chr15	12250000	12500000	nan
chr15	12500000	12750000	nan
chr15	12750000	13000000	nan
chr15	13000000	13250000	nan
chr15	13250000	13500000	nan
chr15	13500000	13750000	nan
chr15	13750000	14000000	nan
chr15	14000000	14250000	nan
chr15	14250000	14500000	nan
chr15	14500000	14750000	nan
chr15	14750000	15000000	nan
chr15	15000000	15250000	nan
chr15	15250000	15500000	nan
chr15	15500000	15750000	nan
chr15	15750000	16000000	nan
chr15	16000000	16250000	nan
chr15	16250000	16500000	nan
chr15	16500000	16750000	nan
chr15	16750000	17000000	nan
chr15	17000000	17250000	nan
chr15	17250000	17500000	nan
chr15	17500000	17750000	nan
chr15	17750000	18000000	nan
chr15	18000000	18250000	nan
chr15	18250000	18500000	nan
chr15	18500000	18750000	nan
chr15	18750000	19000000	nan
chr15	19000000	19250000	nan
chr15	19250000	19500000	nan
chr15	19500000	19750000	nan
chr15	19750000	20000000	-1.78743
chr15	20000000	20250000	-1.67723
chr15	20250000	20500000	-1.325
chr15	20500000	20750000	nan
chr15	20750000	21000000	nan
chr15	21000000	21250000	nan
chr15	21250000	21500000	nan
chr15	21500000	21750000	nan
chr15	21750000	22000000	nan
chr15	22000000	22250000	nan
chr15	22250000	22500000	nan
chr15	22500000	22750000	nan
chr15	22750000	23000000	-0.407485
chr15	23000000	23250000	-1.03439
chr15	23250000	23500000	-0.470481
chr15	23500000	23750000	-1.06211
chr15	23750000	24000000	-1.30842
chr15	24000000	24250000	-2.19376
chr15	24250000	24500000	-0.551995
chr15	24500000	24750000	-1.48629
chr15	24750000	25000000	-0.202223
chr15	25000000	25250000	-0.795627
chr15	25250000	25500000	-0.420529
chr15	25500000	25750000	-0.750198
chr15	25750000	26000000	-0.863499
chr15	26000000	26250000	-1.72856
chr15	26250000	26500000	-0.85288
chr15	26500000	26750000	-1.29212
chr15	26750000	27000000	-0.970961
chr15	27000000	27250000	-0.884566
chr15	27250000	27500000	-1.25814
chr15	27500000	27750000	-1.87258
chr15	27750000	28000000	-0.955097
chr15	28000000	28250000	-0.523366
chr15	28250000	28500000	-0.143476
chr15	28500000	28750000	nan
chr15	28750000	29000000	-0.69225
chr15	29000000	29250000	-0.704588
chr15	29250000	29500000	-0.512474
chr15	29500000	29750000	-1.83502
chr15	29750000	30000000	-1.63228
chr15	30000000	30250000	-0.701452
chr15	30250000	30500000	nan
chr15	30500000	30750000	0.0130166
chr15	30750000	31000000	0.186731
chr15	31000000	31250000	0.381834
chr15	31250000	31500000	0.0426719
chr15	31500000	31750000	-0.456791
chr15	31750000	32000000	-0.378472
chr15	32000000	32250000	-0.643778
chr15	32250000	32500000	nan
chr15	32500000	32750000	0.35727
chr15	32750000	33000000	0.0490535
chr15	33000000	33250000	0.202963
chr15	33250000	33500000	-0.237427
chr15	33500000	33750000	-0.307501
chr15	33750000	34000000	-0.125386
chr15	34000000	34250000	-0.203843
chr15	34250000	34500000	0.657817
chr15	34500000	34750000	-0.0029782
chr15	34750000	35000000	0.200884
chr15	35000000	35250000	-0.0216881
chr15	35250000	35500000	-0.574551
chr15	35500000	35750000	-0.332747
chr15	35750000	36000000	-0.820674
chr15	36000000	36250000	-0.903183
chr15	36250000	36500000	-1.08381
chr15	36500000	36750000	-0.0834775
chr15	36750000	37000000	-0.449387
chr15	37000000	37250000	-0.805989
chr15	37250000	37500000	-1.75328
chr15	37500000	37750000	-1.62916
chr15	37750000	38000000	-0.517788
chr15	38000000	38250000	-0.0842114
chr15	38250000	38500000	-0.299912
chr15	38500000	38750000	0.364589
chr15	38750000	39000000	0.0648297
chr15	39000000	39250000	-1.35823
chr15	39250000	39500000	-0.236079
chr15	39500000	39750000	-0.155881
chr15	39750000	40000000	0.432444
chr15	40000000	40250000	0.374419
chr15	40250000	40500000	0.908655
chr15	40500000	40750000	0.684151
chr15	40750000	41000000	0.816121
chr15	41000000	41250000	0.605499
chr15	41250000	41500000	0.731698
chr15	41500000	41750000	0.327874
chr15	41750000	42000000	0.940443
chr15	42000000	42250000	0.718932
chr15	42250000	42500000	0.711723
chr15	42500000	42750000	0.45194
chr15	42750000	43000000	0.0781736
chr15	43000000	43250000	0.526477
chr15	43250000	43500000	0.818757
chr15	43500000	43750000	0.50687
chr15	43750000	44000000	0.86969
chr15	44000000	44250000	0.495513
chr15	44250000	44500000	0.706044
chr15	44500000	44750000	0.530314
chr15	44750000	45000000	0.0758264
chr15	45000000	45250000	0.175646
chr15	45250000	45500000	0.244104
chr15	45500000	45750000	-0.243124
chr15	45750000	46000000	-1.61134
chr15	46000000	46250000	-1.823
chr15	46250000	46500000	-2.04873
chr15	46500000	46750000	-1.25455
chr15	46750000	47000000	-0.881385
chr15	47000000	47250000	-1.25559
chr15	47250000	47500000	-0.847965
chr15	47500000	47750000	-1.20639
chr15	47750000	48000000	-0.790114
chr15	48000000	48250000	-0.678186
chr15	48250000	48500000	-0.278533
chr15	48500000	48750000	0.306841
chr15	48750000	49000000	0.141098
chr15	49000000	49250000	0.1338
chr15	49250000	49500000	-0.0237426
chr15	49500000	49750000	-0.5484
chr15	49750000	50000000	-0.447792
chr15	50000000	50250000	0.154903
chr15	50250000	50500000	0.486502
chr15	50500000	50750000	0.308083
chr15	50750000	51000000	0.379982
chr15	51000000	51250000	0.247946
chr15	51250000	51500000	0.37041
chr15	51500000	51750000	0.482276
chr15	51750000	52000000	0.372108
chr15	52000000	52250000	0.136695
chr15	52250000	52500000	0.406858
chr15	52500000	52750000	0.863529
chr15	52750000	53000000	-1.05841
chr15	53000000	53250000	-0.729309
chr15	53250000	53500000	-1.2504
chr15	53500000	53750000	-0.505699
chr15	53750000	54000000	-0.754507
chr15	54000000	54250000	-0.55203
chr15	54250000	54500000	-0.590377
chr15	54500000	54750000	-0.59733
chr15	54750000	55000000	-0.826189
chr15	55000000	55250000	-0.473257
chr15	55250000	55500000	0.354266
chr15	55500000	55750000	0.0532062
chr15	55750000	56000000	-0.938035
chr15	56000000	56250000	-0.356579
chr15	56250000	56500000	-0.124547
chr15	56500000	56750000	0.0535306
chr15	56750000	57000000	0.489219
chr15	57000000	57250000	0.614733
chr15	57250000	57500000	-0.0847139
chr15	57500000	57750000	0.294764
chr15	57750000	58000000	0.0611723
chr15	58000000	58250000	0.305656
chr15	58250000	58500000	0.0956948
chr15	58500000	58750000	0.914981
chr15	58750000	59000000	0.557514
chr15	59000000	59250000	0.274615
chr15	59250000	59500000	0.657635
chr15	59500000	59750000	0.575773
chr15	59750000	60000000	0.356445
chr15	60000000	60250000	-0.840875
chr15	60250000	60500000	-0.309305
chr15	60500000	60750000	0.469676
chr15	60750000	61000000	0.336712
chr15	61000000	61250000	-0.0118352
chr15	61250000	61500000	-0.55136
chr15	61500000	61750000	-1.18392
chr15	61750000	62000000	-0.37887
chr15	62000000	62250000	-0.164664
chr15	62250000	62500000	-0.0140983
chr15	62500000	62750000	-0.231037
chr15	62750000	63000000	0.199013
chr15	63000000	63250000	0.319532
chr15	63250000	63500000	0.78005
chr15	63500000	63750000	0.367328
chr15	63750000	64000000	0.755062
chr15	64000000	64250000	0.55016
chr15	64250000	64500000	0.641377
chr15	64500000	64750000	0.754317
chr15	64750000	65000000	0.663818
chr15	65000000	65250000	0.642563
chr15	65250000	65500000	0.515227
chr15	65500000	65750000	0.46217
chr15	65750000	66000000	0.432895
chr15	66000000	66250000	0.568547
chr15	66250000	66500000	0.429845
chr15	66500000	66750000	0.666383
chr15	66750000	67000000	-0.23638
chr15	67000000	67250000	0.520043
chr15	67250000	67500000	0.21786
chr15	67500000	67750000	0.258561
chr15	67750000	68000000	0.649633
chr15	68000000	68250000	0.408857
chr15	68250000	68500000	0.427634
chr15	68500000	68750000	-0.42043
chr15	68750000	69000000	0.407066
chr15	69000000	69250000	0.402041
chr15	69250000	69500000	0.0847716
chr15	69500000	69750000	0.187321
chr15	69750000	70000000	0.259788
chr15	70000000	70250000	0.496806
chr15	70250000	70500000	0.533437
chr15	70500000	70750000	0.029622
chr15	70750000	71000000	-0.0340857
chr15	71000000	71250000	-0.320317
chr15	71250000	71500000	-0.376125
chr15	71500000	71750000	-0.525994
chr15	71750000	72000000	0.592439
chr15	72000000	72250000	0.16818
chr15	72250000	72500000	0.39959
chr15	72500000	72750000	-0.139009
chr15	72750000	73000000	0.318146
chr15	73000000	73250000	-0.133167
chr15	73250000	73500000	-0.42589
chr15	73500000	73750000	-0.244425
chr15	73750000	74000000	-0.00155576
chr15	74000000	74250000	0.764346
chr15	74250000	74500000	0.0989486
chr15	74500000	74750000	0.845957
chr15	74750000	75000000	0.727191
chr15	75000000	75250000	0.206068
chr15	75250000	75500000	0.643596
chr15	75500000	75750000	0.532636
chr15	75750000	76000000	0.678902
chr15	76000000	76250000	0.563782
chr15	76250000	76500000	0.101754
chr15	76500000	76750000	0.188178
chr15	76750000	77000000	0.531295
chr15	77000000	77250000	0.426544
chr15	77250000	77500000	0.576111
chr15	77500000	77750000	0.259168
chr15	77750000	78000000	0.328034
chr15	78000000	78250000	0.558142
chr15	78250000	78500000	0.534922
chr15	78500000	78750000	0.507921
chr15	78750000	79000000	0.638583
chr15	79000000	79250000	0.218277
chr15	79250000	79500000	-0.0353208
chr15	79500000	79750000	0.0984965
chr15	79750000	80000000	0.137474
chr15	80000000	80250000	0.585037
chr15	80250000	80500000	-0.0991031
chr15	80500000	80750000	0.181291
chr15	80750000	81000000	0.033051
chr15	81000000	81250000	-0.634003
chr15	81250000	81500000	0.0113312
chr15	81500000	81750000	-1.07595
chr15	81750000	82000000	-0.832713
chr15	82000000	82250000	-0.405549
chr15	82250000	82500000	0.538153
chr15	82500000	82750000	0.304473
chr15	82750000	83000000	0.183024
chr15	83000000	83250000	-0.0283718
chr15	83250000	83500000	-0.139347
chr15	83500000	83750000	-0.198728
chr15	83750000	84000000	-0.0259265
chr15	84000000	84250000	0.00988432
chr15	84250000	84500000	nan
chr15	84500000	84750000	0.51658
chr15	84750000	85000000	0.667467
chr15	85000000	85250000	-0.00908704
chr15	85250000	85500000	0.135804
chr15	85500000	85750000	0.907363
chr15	85750000	86000000	-0.515906
chr15	86000000	86250000	-0.767117
chr15	86250000	86500000	-1.07463
chr15	86500000	86750000	-1.53798
chr15	86750000	87000000	-1.11897
chr15	87000000	87250000	-0.763585
chr15	87250000	87500000	-3.26483
chr15	87500000	87750000	-0.574027
chr15	87750000	88000000	-1.37394
chr15	88000000	88250000	-0.650814
chr15	88250000	88500000	0.15786
chr15	88500000	88750000	0.39391
chr15	88750000	89000000	0.140453
chr15	89000000	89250000	0.495501
chr15	89250000	89500000	0.796372
chr15	89500000	89750000	0.171667
chr15	89750000	90000000	0.480966
chr15	90000000	90250000	0.511242
chr15	90250000	90500000	0.842296
chr15	90500000	90750000	0.573987
chr15	90750000	91000000	0.683985
chr15	91000000	91250000	0.346265
chr15	91250000	91500000	-0.703885
chr15	91500000	91750000	0.0579424
chr15	91750000	92000000	0.101166
chr15	92000000	92250000	-0.142073
chr15	92250000	92500000	-0.357413
chr15	92500000	92750000	0.0247312
chr15	92750000	93000000	0.0889697
chr15	93000000	93250000	-0.168717
chr15	93250000	93500000	0.309737
chr15	93500000	93750000	-0.312349
chr15	93750000	94000000	-0.949282
chr15	94000000	94250000	-0.389724
chr15	94250000	94500000	0.034909
chr15	94500000	94750000	0.00819051
chr15	94750000	95000000	-0.963044
chr15	95000000	95250000	-0.874624
chr15	95250000	95500000	-0.514637
chr15	95500000	95750000	0.151473
chr15	95750000	96000000	0.153797
chr15	96000000	96250000	-0.0116027
chr15	96250000	96500000	0.131763
chr15	96500000	96750000	-0.58847
chr15	96750000	97000000	-0.598635
chr15	97000000	97250000	-0.918092
chr15	97250000	97500000	-1.73727
chr15	97500000	97750000	-0.933848
chr15	97750000	98000000	-0.664967
chr15	98000000	98250000	-1.14706
chr15	98250000	98500000	-1.23709
chr15	98500000	98750000	-0.771939
chr15	98750000	99000000	0.261776
chr15	99000000	99250000	0.047655
chr15	99250000	99500000	0.966403
chr15	99500000	99750000	0.252776
chr15	99750000	100000000	-0.286619
chr15	100000000	100250000	-1.60988
chr15	100250000	100500000	-0.718915
chr15	100500000	100750000	-0.00356179
chr15	100750000	101000000	-0.243589
chr15	101000000	101250000	0.881917
chr15	101250000	101500000	0.21073
chr15	101500000	101750000	-0.358591
chr15	101750000	101991189	-0.00372073
#bedGraph section chr16:0-90338345
chr16	0	250000	0.252996
chr16	250000	500000	0.521651
chr16	500000	750000	0.516632
chr16	750000	1000000	0.226273
chr16	1000000	1250000	-0.371301
chr16	1250000	1500000	0.687711
chr16	1500000	1750000	0.646468
chr16	1750000	2000000	0.629583
chr16	2000000	2250000	0.451229
chr16	2250000	2500000	0.698763
chr16	2500000	2750000	0.683768
chr16	2750000	3000000	0.539081
chr16	3000000	3250000	1.0059
chr16	3250000	3500000	0.826312
chr16	3500000	3750000	0.696896
chr16	3750000	4000000	0.557309
chr16	4000000	4250000	-0.306752
chr16	4250000	4500000	0.999105
chr16	4500000	4750000	0.911808
chr16	4750000	5000000	0.983073
chr16	5000000	5250000	0.329571
chr16	5250000	5500000	-1.22291
chr16	5500000	5750000	-1.65639
chr16	5750000	6000000	-1.44634
chr16	6000000	6250000	-0.742634
chr16	6250000	6500000	-1.85785
chr16	6500000	6750000	-0.66548
chr16	6750000	7000000	-1.86259
chr16	7000000	7250000	-1.10436
chr16	7250000	7500000	-1.34237
chr16	7500000	7750000	-1.26452
chr16	7750000	8000000	-1.32018
chr16	8000000	8250000	-1.93217
chr16	8250000	8500000	-1.16941
chr16	8500000	8750000	-0.563682
chr16	8750000	9000000	0.35057
chr16	9000000	9250000	0.261016
chr16	9250000	9500000	-0.649705
chr16	9500000	9750000	-0.597466
chr16	9750000	10000000	-0.515976
chr16	10000000	10250000	0.145617
chr16	10250000	10500000	0.745002
chr16	10500000	10750000	0.320143
chr16	10750000	11000000	0.573715
chr16	11000000	11250000	0.613174
chr16	11250000	11500000	0.66397
chr16	11500000	11750000	0.902718
chr16	11750000	12000000	0.970986
chr16	12000000	12250000	0.421148
chr16	12250000	12500000	-0.0272438
chr16	12500000	12750000	-0.113589
chr16	12750000	13000000	-0.699286
chr16	13000000	13250000	-0.806752
chr16	13250000	13500000	-0.468145
chr16	13500000	13750000	-0.793744
chr16	13750000	14000000	0.00337751
chr16	14000000	14250000	0.700622
chr16	14250000	14500000	-0.204639
chr16	14500000	14750000	0.462947
chr16	14750000	15000000	0.699508
chr16	15000000	15250000	0.461548
chr16	15250000	15500000	0.402453
chr16	15500000	15750000	0.7216
chr16	15750000	16000000	0.826862
chr16	16000000	16250000	0.843112
chr16	16250000	16500000	nan
chr16	16500000	16750000	-0.469751
chr16	16750000	17000000	-0.142123
chr16	17000000	17250000	-0.183282
chr16	17250000	17500000	-0.0581772
chr16	17500000	17750000	-0.106303
chr16	17750000	18000000	-0.550663
chr16	18000000	18250000	-0.922513
chr16	18250000	18500000	nan
chr16	18500000	18750000	nan
chr16	18750000	19000000	0.40729
chr16	19000000	19250000	0.336672
chr16	19250000	19500000	-0.0848867
chr16	19500000	19750000	-0.201832
chr16	19750000	20000000	-0.296484
chr16	20000000	20250000	-0.809191
chr16	20250000	20500000	-0.459556
chr16	20500000	20750000	-0.327534
chr16	20750000	21000000	0.661527
chr16	21000000	21250000	0.293387
chr16	21250000	21500000	0.780223
chr16	21500000	21750000	0.70997
chr16	21750000	22000000	nan
chr16	22000000	22250000	1.13115
chr16	22250000	22500000	0.590228
chr16	22500000	22750000	0.177344
chr16	22750000	23000000	-0.000986226
chr16	23000000	23250000	0.113382
chr16	23250000	23500000	0.329066
chr16	23500000	23750000	0.547521
chr16	23750000	24000000	0.393552
chr16	24000000	24250000	0.0549439
chr16	24250000	24500000	-0.137747
chr16	24500000	24750000	0.0261883
chr16	24750000	25000000	0.15625
chr16	25000000	25250000	0.599176
chr16	25250000	25500000	-0.490549
chr16	25500000	25750000	-0.721259
chr16	25750000	26000000	-0.737066
chr16	26000000	26250000	-0.845211
chr16	26250000	26500000	-0.944666
chr16	26500000	26750000	-0.557015
chr16	26750000	27000000	-0.584687
chr16	27000000	27250000	-0.141595
chr16	27250000	27500000	0.623305
chr16	27500000	27750000	0.147833
chr16	27750000	28000000	0.0220892
chr16	28000000	28250000	0.274319
chr16	28250000	28500000	0.829742
chr16	28500000	28750000	0.775197
chr16	28750000	29000000	0.917691
chr16	29000000	29250000	0.626003
chr16	29250000	29500000	0.57488
chr16	29500000	29750000	1.05302
chr16	29750000	30000000	1.27392
chr16	30000000	30250000	0.815383
chr16	30250000	30500000	1.39072
chr16	30500000	30750000	1.20924
chr16	30750000	31000000	1.05057
chr16	31000000	31250000	0.567699
chr16	31250000	31500000	0.217351
chr16	31500000	31750000	-0.469309
chr16	31750000	32000000	-0.320061
chr16	32000000	32250000	nan
chr16	32250000	32500000	nan
chr16	32500000	32750000	nan
chr16	32750000	33000000	nan
chr16	33000000	33250000	nan
chr16	33250000	33500000	nan
chr16	33500000	33750000	nan
chr16	33750000	34000000	nan
chr16	34000000	34250000	-0.768629
chr16	34250000	34500000	nan
chr16	34500000	34750000	-0.105442
chr16	34750000	35000000	nan
chr16	35000000	35250000	-1.51095
chr16	35250000	35500000	-0.971133
chr16	35500000	35750000	-0.987552
chr16	35750000	36000000	-1.21651
chr16	36000000	36250000	nan
chr16	36250000	36500000	nan
chr16	36500000	36750000	nan
chr16	36750000	37000000	nan
chr16	37000000	37250000	nan
chr16	37250000	37500000	nan
chr16	37500000	37750000	nan
chr16	37750000	38000000	nan
chr16	38000000	38250000	nan
chr16	38250000	38500000	nan
chr16	38500000	38750000	nan
chr16	38750000	39000000	nan
chr16	39000000	39250000	nan
chr16	39250000	39500000	nan
chr16	39500000	39750000	nan
chr16	39750000	40000000	nan
chr16	40000000	40250000	nan
chr16	40250000	40500000	nan
chr16	40500000	40750000	nan
chr16	40750000	41000000	nan
chr16	41000000	41250000	nan
chr16	41250000	41500000	nan
chr16	41500000	41750000	nan
chr16	41750000	42000000	nan
chr16	42000000	42250000	nan
chr16	42250000	42500000	nan
chr16	42500000	42750000	nan
chr16	42750000	43000000	nan
chr16	43000000	43250000	nan
chr16	43250000	43500000	nan
chr16	43500000	43750000	nan
chr16	43750000	44000000	nan
chr16	44000000	44250000	nan
chr16	44250000	44500000	nan
chr16	44500000	44750000	nan
chr16	44750000	45000000	nan
chr16	45000000	45250000	nan
chr16	45250000	45500000	nan
chr16	45500000	45750000	nan
chr16	45750000	46000000	nan
chr16	46000000	46250000	nan
chr16	46250000	46500000	-0.0399565
chr16	46500000	46750000	-0.327032
chr16	46750000	47000000	0.829843
chr16	47000000	47250000	0.271795
chr16	47250000	47500000	0.0758962
chr16	47500000	47750000	-0.0459197
chr16	47750000	48000000	-0.930781
chr16	48000000	48250000	-0.404858
chr16	48250000	48500000	0.410461
chr16	48500000	48750000	-0.480444
chr16	48750000	49000000	-1.34309
chr16	49000000	49250000	-1.20812
chr16	49250000	49500000	-0.332949
chr16	49500000	49750000	-0.706811
chr16	49750000	50000000	-0.838413
chr16	50000000	50250000	0.320564
chr16	50250000	50500000	0.130935
chr16	50500000	50750000	0.0940387
chr16	50750000	51000000	-0.178731
chr16	51000000	51250000	-0.832217
chr16	51250000	51500000	-1.22103
chr16	51500000	51750000	-0.663874
chr16	51750000	52000000	-0.725662
chr16	52000000	52250000	-1.11557
chr16	52250000	52500000	-0.690538
chr16	52500000	52750000	-0.9809
chr16	52750000	53000000	-0.434728
chr16	53000000	53250000	0.571541
chr16	53250000	53500000	0.248894
chr16	53500000	53750000	-0.0644135
chr16	53750000	54000000	-0.213004
chr16	54000000	54250000	-0.311044
chr16	54250000	54500000	-0.970767
chr16	54500000	54750000	-1.02728
chr16	54750000	55000000	-0.515641
chr16	55000000	55250000	-0.73921
chr16	55250000	55500000	-0.465184
chr16	55500000	55750000	-0.826565
chr16	55750000	56000000	-0.558488
chr16	56000000	56250000	-0.488121
chr16	56250000	56500000	0.0628607
chr16	56500000	56750000	0.532913
chr16	56750000	57000000	0.69344
chr16	57000000	57250000	1.02336
chr16	57250000	57500000	1.31316
chr16	57500000	57750000	0.597333
chr16	57750000	58000000	-0.0269566
chr16	58000000	58250000	-0.0648309
chr16	58250000	58500000	0.0370698
chr16	58500000	58750000	0.608911
chr16	58750000	59000000	-0.489921
chr16	59000000	59250000	-1.10244
chr16	59250000	59500000	-1.46935
chr16	59500000	59750000	-1.71807
chr16	59750000	60000000	-0.364698
chr16	60000000	60250000	-0.985456
chr16	60250000	60500000	-0.357818
chr16	60500000	60750000	-0.798112
chr16	60750000	61000000	-0.509693
chr16	61000000	61250000	-0.547577
chr16	61250000	61500000	-1.51109
chr16	61500000	61750000	-0.385966
chr16	61750000	62000000	-0.845533
chr16	62000000	62250000	-0.547037
chr16	62250000	62500000	-1.36171
chr16	62500000	62750000	-0.778479
chr16	62750000	63000000	-0.767522
chr16	63000000	63250000	-0.915814
chr16	63250000	63500000	-0.7466
chr16	63500000	63750000	-0.679474
chr16	63750000	64000000	-0.383814
chr16	64000000	64250000	-0.341342
chr16	64250000	64500000	-0.37459
chr16	64500000	64750000	-1.03018
chr16	64750000	65000000	-1.47364
chr16	65000000	65250000	-1.00664
chr16	65250000	65500000	-1.28294
chr16	65500000	65750000	-1.17707
chr16	65750000	66000000	-1.23767
chr16	66000000	66250000	-1.2622
chr16	66250000	66500000	-0.228704
chr16	66500000	66750000	0.954482
chr16	66750000	67000000	0.536742
chr16	67000000	67250000	1.70024
chr16	67250000	67500000	1.39896
chr16	67500000	67750000	1.25216
chr16	67750000	68000000	1.174
chr16	68000000	68250000	0.675254
chr16	68250000	68500000	0.669105
chr16	68500000	68750000	0.622945
chr16	68750000	69000000	-0.098459
chr16	69000000	69250000	0.684241
chr16	69250000	69500000	0.529085
chr16	69500000	69750000	0.69002
chr16	69750000	70000000	0.94708
chr16	70000000	70250000	0.958233
chr16	70250000	70500000	0.915006
chr16	70500000	70750000	0.597747
chr16	70750000	71000000	-0.281325
chr16	71000000	71250000	-0.40542
chr16	71250000	71500000	0.106207
chr16	71500000	71750000	0.0277014
chr16	71750000	72000000	0.575339
chr16	72000000	72250000	0.143927
chr16	72250000	72500000	-0.178399
chr16	72500000	72750000	-0.00850075
chr16	72750000	73000000	-0.0107781
chr16	73000000	73250000	-0.727095
chr16	73250000	73500000	-0.444151
chr16	73500000	73750000	-0.631956
chr16	73750000	74000000	-0.6452
chr16	74000000	74250000	-0.640468
chr16	74250000	74500000	0.266794
chr16	74500000	74750000	0.334752
chr16	74750000	75000000	0.387752
chr16	75000000	75250000	0.482532
chr16	75250000	75500000	0.566825
chr16	75500000	75750000	0.164968
chr16	75750000	76000000	-1.18681
chr16	76000000	76250000	-0.711299
chr16	76250000	76500000	-0.127082
chr16	76500000	76750000	-0.32112
chr16	76750000	77000000	-0.460145
chr16	77000000	77250000	-0.926233
chr16	77250000	77500000	-0.464086
chr16	77500000	77750000	-0.623908
chr16	77750000	78000000	-0.70325
chr16	78000000	78250000	-0.639046
chr16	78250000	78500000	-0.881486
chr16	78500000	78750000	-0.6031
chr16	78750000	79000000	-1.39439
chr16	79000000	79250000	-0.86402
chr16	79250000	79500000	-1.22305
chr16	79500000	79750000	-0.856457
chr16	79750000	80000000	-0.973565
chr16	80000000	80250000	-0.289046
chr16	80250000	80500000	-0.531621
chr16	80500000	80750000	-0.67952
chr16	80750000	81000000	-0.13333
chr16	81000000	81250000	0.0368368
chr16	81250000	81500000	0.350866
chr16	81500000	81750000	0.0437049
chr16	81750000	82000000	0.902698
chr16	82000000	82250000	-0.279431
chr16	82250000	82500000	-0.875035
chr16	82500000	82750000	-0.693859
chr16	82750000	83000000	-0.755743
chr16	83000000	83250000	-0.975785
chr16	83250000	83500000	-1.07459
chr16	83500000	83750000	-0.796453
chr16	83750000	84000000	0.119023
chr16	84000000	84250000	-0.100124
chr16	84250000	84500000	-0.129464
chr16	84500000	84750000	0.453876
chr16	84750000	85000000	-0.3756
chr16	85000000	85250000	0.519687
chr16	85250000	85500000	0.053447
chr16	85500000	85750000	0.332431
chr16	85750000	86000000	0.421397
chr16	86000000	86250000	0.222561
chr16	86250000	86500000	-0.95974
chr16	86500000	86750000	-0.315262
chr16	86750000	87000000	-0.537267
chr16	87000000	87250000	-0.226472
chr16	87250000	87500000	-0.173011
chr16	87500000	87750000	-0.442507
chr16	87750000	88000000	0.410987
chr16	88000000	88250000	-0.00536885
chr16	88250000	88500000	0.499079
chr16	88500000	88750000	0.465252
chr16	88750000	89000000	0.697975
chr16	89000000	89250000	0.895457
chr16	89250000	89500000	0.866961
chr16	89500000	89750000	1.14711
chr16	89750000	90000000	0.610566
chr16	90000000	90250000	0.420797
chr16	90250000	90338345	nan
#bedGraph section chr17:0-83257441
chr17	0	250000	-0.741757
chr17	250000	500000	0.235275
chr17	500000	750000	-0.756389
chr17	750000	1000000	-0.267466
chr17	1000000	1250000	0.291681
chr17	1250000	1500000	0.218891
chr17	1500000	1750000	0.786994
chr17	1750000	2000000	0.608241
chr17	2000000	2250000	0.41691
chr17	2250000	2500000	0.431949
chr17	2500000	2750000	0.469083
chr17	2750000	3000000	-0.350649
chr17	3000000	3250000	-0.108663
chr17	3250000	3500000	-0.62574
chr17	3500000	3750000	-0.0199399
chr17	3750000	4000000	0.785088
chr17	4000000	4250000	0.137426
chr17	4250000	4500000	0.103751
chr17	4500000	4750000	0.545615
chr17	4750000	5000000	0.975244
chr17	5000000	5250000	0.987231
chr17	5250000	5500000	1.12491
chr17	5500000	5750000	0.0131242
chr17	5750000	6000000	-1.08062
chr17	6000000	6250000	-0.844723
chr17	6250000	6500000	-0.491085
chr17	6500000	6750000	0.0607333
chr17	6750000	7000000	0.338845
chr17	7000000	7250000	0.413926
chr17	7250000	7500000	0.782607
chr17	7500000	7750000	1.3184
chr17	7750000	8000000	0.690173
chr17	8000000	8250000	0.779303
chr17	8250000	8500000	1.03598
chr17	8500000	8750000	0.160397
chr17	8750000	9000000	0.0163768
chr17	9000000	9250000	0.0819826
chr17	9250000	9500000	-0.00966719
chr17	9500000	9750000	-0.367719
chr17	9750000	10000000	-0.529564
chr17	10000000	10250000	-0.471944
chr17	10250000	10500000	-0.770016
chr17	10500000	10750000	-0.961496
chr17	10750000	11000000	-0.819367
chr17	11000000	11250000	-2.89593
chr17	11250000	11500000	-1.70332
chr17	11500000	11750000	-1.93582
chr17	11750000	12000000	-0.943339
chr17	12000000	12250000	-0.445015
chr17	12250000	12500000	-0.56209
chr17	12500000	12750000	-0.848822
chr17	12750000	13000000	-0.403832
chr17	13000000	13250000	-0.846236
chr17	13250000	13500000	-1.67772
chr17	13500000	13750000	-1.29653
chr17	13750000	14000000	-0.457963
chr17	14000000	14250000	-0.862669
chr17	14250000	14500000	-0.593598
chr17	14500000	14750000	-1.159
chr17	14750000	15000000	-1.46285
chr17	15000000	15250000	-1.07455
chr17	15250000	15500000	-1.63643
chr17	15500000	15750000	-0.568959
chr17	15750000	16000000	-0.233946
chr17	16000000	16250000	0.427464
chr17	16250000	16500000	0.118549
chr17	16500000	16750000	0.223267
chr17	16750000	17000000	0.0641414
chr17	17000000	17250000	0.635066
chr17	17250000	17500000	-0.0748351
chr17	17500000	17750000	0.659563
chr17	17750000	18000000	0.615231
chr17	18000000	18250000	0.454159
chr17	18250000	18500000	0.71022
chr17	18500000	18750000	0.0231884
chr17	18750000	19000000	0.438649
chr17	19000000	19250000	nan
chr17	19250000	19500000	0.00151959
chr17	19500000	19750000	0.298154
chr17	19750000	20000000	0.0777597
chr17	20000000	20250000	-0.241596
chr17	20250000	20500000	-0.495165
chr17	20500000	20750000	-1.29364
chr17	20750000	21000000	-0.565526
chr17	21000000	21250000	-0.330092
chr17	21250000	21500000	-0.912986
chr17	21500000	21750000	-1.56469
chr17	21750000	22000000	-1.25246
chr17	22000000	22250000	-0.905912
chr17	22250000	22500000	-2.10721
chr17	22500000	22750000	-1.57636
chr17	22750000	23000000	nan
chr17	23000000	23250000	nan
chr17	23250000	23500000	nan
chr17	23500000	23750000	nan
chr17	23750000	24000000	nan
chr17	24000000	24250000	nan
chr17	24250000	24500000	nan
chr17	24500000	24750000	nan
chr17	24750000	25000000	nan
chr17	25000000	25250000	nan
chr17	25250000	25500000	nan
chr17	25500000	25750000	nan
chr17	25750000	26000000	nan
chr17	26000000	26250000	nan
chr17	26250000	26500000	nan
chr17	26500000	26750000	nan
chr17	26750000	27000000	-1.97907
chr17	27000000	27250000	-1.30191
chr17	27250000	27500000	-0.687688
chr17	27500000	27750000	-0.50934
chr17	27750000	28000000	-0.207838
chr17	28000000	28250000	-0.314364
chr17	28250000	28500000	0.634697
chr17	28500000	28750000	1.45166
chr17	28750000	29000000	1.08228
chr17	29000000	29250000	0.764348
chr17	29250000	29500000	1.08048
chr17	29500000	29750000	1.34111
chr17	29750000	30000000	0.0827505
chr17	30000000	30250000	0.898875
chr17	30250000	30500000	0.528692
chr17	30500000	30750000	0.723584
chr17	30750000	31000000	1.59265
chr17	31000000	31250000	0.587684
chr17	31250000	31500000	0.268003
chr17	31500000	31750000	0.305819
chr17	31750000	32000000	0.235006
chr17	32000000	32250000	1.03404
chr17	32250000	32500000	-0.0331025
chr17	32500000	32750000	-0.0501931
chr17	32750000	33000000	-0.149096
chr17	33000000	33250000	-0.590015
chr17	33250000	33500000	-0.794366
chr17	33500000	33750000	-0.64573
chr17	33750000	34000000	-0.380561
chr17	34000000	34250000	-0.308792
chr17	34250000	34500000	-0.4721
chr17	34500000	34750000	-0.205167
chr17	34750000	35000000	-0.112692
chr17	35000000	35250000	0.0940701
chr17	35250000	35500000	0.300836
chr17	35500000	35750000	0.136307
chr17	35750000	36000000	0.427408
chr17	36000000	36250000	0.42983
chr17	36250000	36500000	0.485045
chr17	36500000	36750000	0.410993
chr17	36750000	37000000	-0.0102242
chr17	37000000	37250000	0.187812
chr17	37250000	37500000	0.229432
chr17	37500000	37750000	0.182484
chr17	37750000	38000000	0.966202
chr17	38000000	38250000	nan
chr17	38250000	38500000	0.629888
chr17	38500000	38750000	0.577221
chr17	38750000	39000000	0.98863
chr17	39000000	39250000	0.243286
chr17	39250000	39500000	1.29218
chr17	39500000	39750000	0.708516
chr17	39750000	40000000	0.769043
chr17	40000000	40250000	0.81865
chr17	40250000	40500000	0.597922
chr17	40500000	40750000	-0.144771
chr17	40750000	41000000	-0.019359
chr17	41000000	41250000	-0.642813
chr17	41250000	41500000	-0.292456
chr17	41500000	41750000	0.154851
chr17	41750000	42000000	1.03428
chr17	42000000	42250000	-0.0244117
chr17	42250000	42500000	0.491707
chr17	42500000	42750000	0.216228
chr17	42750000	43000000	0.576818
chr17	43000000	43250000	0.833157
chr17	43250000	43500000	0.525635
chr17	43500000	43750000	0.466597
chr17	43750000	44000000	0.230452
chr17	44000000	44250000	0.362545
chr17	44250000	44500000	0.363414
chr17	44500000	44750000	0.479868
chr17	44750000	45000000	0.0224489
chr17	45000000	45250000	0.728748
chr17	45250000	45500000	0.765013
chr17	45500000	45750000	0.232252
chr17	45750000	46000000	0.261121
chr17	46000000	46250000	0.357569
chr17	46250000	46500000	0.577187
chr17	46500000	46750000	nan
chr17	46750000	47000000	0.229671
chr17	47000000	47250000	0.229267
chr17	47250000	47500000	0.307322
chr17	47500000	47750000	0.539704
chr17	47750000	48000000	0.410583
chr17	48000000	48250000	0.397257
chr17	48250000	48500000	0.407128
chr17	48500000	48750000	0.365909
chr17	48750000	49000000	0.581766
chr17	49000000	49250000	0.506292
chr17	49250000	49500000	0.755742
chr17	49500000	49750000	0.226995
chr17	49750000	50000000	0.453634
chr17	50000000	50250000	0.643412
chr17	50250000	50500000	0.639846
chr17	50500000	50750000	-0.0111205
chr17	50750000	51000000	1.17181
chr17	51000000	51250000	0.355935
chr17	51250000	51500000	-1.13656
chr17	51500000	51750000	-1.44956
chr17	51750000	52000000	-1.63856
chr17	52000000	52250000	-1.68716
chr17	52250000	52500000	-1.20924
chr17	52500000	52750000	-2.06956
chr17	52750000	53000000	-0.896104
chr17	53000000	53250000	-0.669151
chr17	53250000	53500000	-1.08319
chr17	53500000	53750000	-1.19842
chr17	53750000	54000000	-0.88201
chr17	54000000	54250000	-0.508728
chr17	54250000	54500000	-1.65925
chr17	54500000	54750000	-1.3832
chr17	54750000	55000000	-0.925855
chr17	55000000	55250000	-0.551931
chr17	55250000	55500000	-0.801033
chr17	55500000	55750000	-0.572259
chr17	55750000	56000000	-1.00366
chr17	56000000	56250000	-0.884992
chr17	56250000	56500000	-0.958448
chr17	56500000	56750000	-0.518219
chr17	56750000	57000000	0.212137
chr17	57000000	57250000	0.113273
chr17	57250000	57500000	0.086983
chr17	57500000	57750000	0.206642
chr17	57750000	58000000	0.24431
chr17	58000000	58250000	0.0910001
chr17	58250000	58500000	0.660182
chr17	58500000	58750000	0.95551
chr17	58750000	59000000	0.677642
chr17	59000000	59250000	0.488389
chr17	59250000	59500000	0.674478
chr17	59500000	59750000	1.71773
chr17	59750000	60000000	0.187633
chr17	60000000	60250000	0.811578
chr17	60250000	60500000	1.07363
chr17	60500000	60750000	0.0566719
chr17	60750000	61000000	-0.54623
chr17	61000000	61250000	-0.276181
chr17	61250000	61500000	-0.120207
chr17	61500000	61750000	-0.0040242
chr17	61750000	62000000	0.0834761
chr17	62000000	62250000	0.00703683
chr17	62250000	62500000	-0.189132
chr17	62500000	62750000	0.329793
chr17	62750000	63000000	-0.341514
chr17	63000000	63250000	-0.0794146
chr17	63250000	63500000	-0.0584842
chr17	63500000	63750000	0.757011
chr17	63750000	64000000	1.1599
chr17	64000000	64250000	0.434031
chr17	64250000	64500000	0.565841
chr17	64500000	64750000	0.573687
chr17	64750000	65000000	0.262501
chr17	65000000	65250000	0.605362
chr17	65250000	65500000	-0.457732
chr17	65500000	65750000	-0.507032
chr17	65750000	66000000	-0.621138
chr17	66000000	66250000	-0.0222861
chr17	66250000	66500000	-0.390502
chr17	66500000	66750000	-0.278033
chr17	66750000	67000000	-0.27767
chr17	67000000	67250000	-0.268847
chr17	67250000	67500000	0.715125
chr17	67500000	67750000	0.482829
chr17	67750000	68000000	0.996132
chr17	68000000	68250000	0.492276
chr17	68250000	68500000	0.676696
chr17	68500000	68750000	-0.436258
chr17	68750000	69000000	-0.277024
chr17	69000000	69250000	0.0276425
chr17	69250000	69500000	-0.150988
chr17	69500000	69750000	-0.591014
chr17	69750000	70000000	-0.794165
chr17	70000000	70250000	-0.730972
chr17	70250000	70500000	0.130629
chr17	70500000	70750000	-0.751826
chr17	70750000	71000000	-1.64757
chr17	71000000	71250000	-1.48738
chr17	71250000	71500000	-2.09129
chr17	71500000	71750000	-0.332559
chr17	71750000	72000000	-0.969587
chr17	72000000	72250000	-1.00988
chr17	72250000	72500000	-0.462228
chr17	72500000	72750000	-0.554164
chr17	72750000	73000000	-0.269899
chr17	73000000	73250000	-0.418541
chr17	73250000	73500000	-0.570955
chr17	73500000	73750000	-1.04726
chr17	73750000	74000000	-0.741363
chr17	74000000	74250000	-0.14353
chr17	74250000	74500000	0.394656
chr17	74500000	74750000	0.0770533
chr17	74750000	75000000	0.676515
chr17	75000000	75250000	0.995186
chr17	75250000	75500000	1.46726
chr17	75500000	75750000	0.942148
chr17	75750000	76000000	0.957892
chr17	76000000	76250000	1.58215
chr17	76250000	76500000	0.420597
chr17	76500000	76750000	0.882214
chr17	76750000	77000000	0.882323
chr17	77000000	77250000	0.53047
chr17	77250000	77500000	0.595236
chr17	77500000	77750000	0.280784
chr17	77750000	78000000	0.157225
chr17	78000000	78250000	0.620419
chr17	78250000	78500000	0.583838
chr17	78500000	78750000	0.14456
chr17	78750000	79000000	0.215185
chr17	79000000	79250000	-0.00188038
chr17	79250000	79500000	-0.276679
chr17	79500000	79750000	-0.356014
chr17	79750000	80000000	0.598219
chr17	80000000	80250000	0.356354
chr17	80250000	80500000	0.468039
chr17	80500000	80750000	0.529753
chr17	80750000	81000000	0.370861
chr17	81000000	81250000	0.560768
chr17	81250000	81500000	0.613684
chr17	81500000	81750000	0.686089
chr17	81750000	82000000	1.22221
chr17	82000000	82250000	1.01444
chr17	82250000	82500000	0.631833
chr17	82500000	82750000	1.32308
chr17	82750000	83000000	0.246395
chr17	83000000	83250000	0.285786
chr17	83250000	83257441	nan
#bedGraph section chr18:0-80373285
chr18	0	250000	0.481982
chr18	250000	500000	-0.515168
chr18	500000	750000	0.622983
chr18	750000	1000000	0.351815
chr18	1000000	1250000	-1.19166
chr18	1250000	1500000	-0.105963
chr18	1500000	1750000	-0.297263
chr18	1750000	2000000	-0.241458
chr18	2000000	2250000	-0.277724
chr18	2250000	2500000	0.890947
chr18	2500000	2750000	0.890672
chr18	2750000	3000000	0.893596
chr18	3000000	3250000	0.229677
chr18	3250000	3500000	0.46155
chr18	3500000	3750000	0.839872
chr18	3750000	4000000	0.158895
chr18	4000000	4250000	-0.460856
chr18	4250000	4500000	0.657679
chr18	4500000	4750000	0.393328
chr18	4750000	5000000	0.550881
chr18	5000000	5250000	-0.903668
chr18	5250000	5500000	0.295466
chr18	5500000	5750000	-0.360785
chr18	5750000	6000000	-0.331187
chr18	6000000	6250000	0.222893
chr18	6250000	6500000	0.118444
chr18	6500000	6750000	0.414254
chr18	6750000	7000000	-0.937861
chr18	7000000	7250000	-0.613874
chr18	7250000	7500000	-1.54382
chr18	7500000	7750000	-0.863261
chr18	7750000	8000000	-0.784292
chr18	8000000	8250000	-0.641908
chr18	8250000	8500000	-0.146922
chr18	8500000	8750000	0.935303
chr18	8750000	9000000	0.520908
chr18	9000000	9250000	0.584238
chr18	9250000	9500000	0.464318
chr18	9500000	9750000	0.162942
chr18	9750000	10000000	0.476694
chr18	10000000	10250000	0.250441
chr18	10250000	10500000	0.0714035
chr18	10500000	10750000	0.482881
chr18	10750000	11000000	0.117592
chr18	11000000	11250000	0.12498
chr18	11250000	11500000	-0.0455132
chr18	11500000	11750000	-0.166736
chr18	11750000	12000000	0.43217
chr18	12000000	12250000	-0.0153726
chr18	12250000	12500000	0.769119
chr18	12500000	12750000	0.624037
chr18	12750000	13000000	0.734017
chr18	13000000	13250000	0.0964244
chr18	13250000	13500000	0.458112
chr18	13500000	13750000	0.721292
chr18	13750000	14000000	-0.0783329
chr18	14000000	14250000	-0.418421
chr18	14250000	14500000	-0.0565338
chr18	14500000	14750000	-0.697225
chr18	14750000	15000000	-3.77237
chr18	15000000	15250000	-0.104402
chr18	15250000	15500000	nan
chr18	15500000	15750000	nan
chr18	15750000	16000000	nan
chr18	16000000	16250000	nan
chr18	16250000	16500000	nan
chr18	16500000	16750000	nan
chr18	16750000	17000000	nan
chr18	17000000	17250000	nan
chr18	17250000	17500000	nan
chr18	17500000	17750000	nan
chr18	17750000	18000000	nan
chr18	18000000	18250000	nan
chr18	18250000	18500000	nan
chr18	18500000	18750000	nan
chr18	18750000	19000000	nan
chr18	19000000	19250000	nan
chr18	19250000	19500000	nan
chr18	19500000	19750000	nan
chr18	19750000	20000000	nan
chr18	20000000	20250000	nan
chr18	20250000	20500000	nan
chr18	20500000	20750000	nan
chr18	20750000	21000000	nan
chr18	21000000	21250000	-0.734593
chr18	21250000	21500000	-0.328922
chr18	21500000	21750000	0.146778
chr18	21750000	22000000	0.11423
chr18	22000000	22250000	-1.48512
chr18	22250000	22500000	-0.243892
chr18	22500000	22750000	-0.213656
chr18	22750000	23000000	0.498399
chr18	23000000	23250000	0.917978
chr18	23250000	23500000	0.508863
chr18	23500000	23750000	0.547331
chr18	23750000	24000000	0.850715
chr18	24000000	24250000	0.637211
chr18	24250000	24500000	-0.116791
chr18	24500000	24750000	-0.0301685
chr18	24750000	25000000	-0.00422886
chr18	25000000	25250000	0.113411
chr18	25250000	25500000	-0.439475
chr18	25500000	25750000	-0.304728
chr18	25750000	26000000	0.0752495
chr18	26000000	26250000	1.20305
chr18	26250000	26500000	0.556965
chr18	26500000	26750000	0.239491
chr18	26750000	27000000	0.185787
chr18	27000000	27250000	-0.333721
chr18	27250000	27500000	-0.555344
chr18	27500000	27750000	-0.337607
chr18	27750000	28000000	-0.69751
chr18	28000000	28250000	-1.37503
chr18	28250000	28500000	-0.373334
chr18	28500000	28750000	-0.0742473
chr18	28750000	29000000	-0.039354
chr18	29000000	29250000	-0.54405
chr18	29250000	29500000	0.232517
chr18	29500000	29750000	-1.02928
chr18	29750000	30000000	-0.468703
chr18	30000000	30250000	-0.209233
chr18	30250000	30500000	-0.379695
chr18	30500000	30750000	-0.372248
chr18	30750000	31000000	-0.597436
chr18	31000000	31250000	-0.414802
chr18	31250000	31500000	-0.0867676
chr18	31500000	31750000	1.05641
chr18	31750000	32000000	0.740859
chr18	32000000	32250000	-0.0751773
chr18	32250000	32500000	-0.428553
chr18	32500000	32750000	-0.265781
chr18	32750000	33000000	-0.6455
chr18	33000000	33250000	-1.62193
chr18	33250000	33500000	-0.452249
chr18	33500000	33750000	-0.243911
chr18	33750000	34000000	-0.995638
chr18	34000000	34250000	0.253216
chr18	34250000	34500000	-0.153634
chr18	34500000	34750000	-0.383272
chr18	34750000	35000000	0.138877
chr18	35000000	35250000	0.71205
chr18	35250000	35500000	0.563839
chr18	35500000	35750000	0.0346094
chr18	35750000	36000000	0.516045
chr18	36000000	36250000	0.728226
chr18	36250000	36500000	0.332695
chr18	36500000	36750000	0.469014
chr18	36750000	37000000	0.207365
chr18	37000000	37250000	-0.219
chr18	37250000	37500000	-0.0510705
chr18	37500000	37750000	-0.738431
chr18	37750000	38000000	-0.495806
chr18	38000000	38250000	-0.532528
chr18	38250000	38500000	-0.439839
chr18	38500000	38750000	-0.0398485
chr18	38750000	39000000	-0.0280334
chr18	39000000	39250000	-0.919408
chr18	39250000	39500000	-0.817858
chr18	39500000	39750000	-0.0334272
chr18	39750000	40000000	-0.460663
chr18	40000000	40250000	-0.713716
chr18	40250000	40500000	-0.0544281
chr18	40500000	40750000	0.132836
chr18	40750000	41000000	-0.49189
chr18	41000000	41250000	-0.861652
chr18	41250000	41500000	-0.197455
chr18	41500000	41750000	-0.0810372
chr18	41750000	42000000	-0.138044
chr18	42000000	42250000	0.188409
chr18	42250000	42500000	-0.158516
chr18	42500000	42750000	-0.658902
chr18	42750000	43000000	-0.270198
chr18	43000000	43250000	0.129096
chr18	43250000	43500000	-0.59703
chr18	43500000	43750000	-0.181796
chr18	43750000	44000000	-0.918337
chr18	44000000	44250000	-0.565076
chr18	44250000	44500000	-0.346783
chr18	44500000	44750000	0.0147528
chr18	44750000	45000000	0.412855
chr18	45000000	45250000	-0.0717171
chr18	45250000	45500000	0.15252
chr18	45500000	45750000	0.144634
chr18	45750000	46000000	0.772254
chr18	46000000	46250000	0.430384
chr18	46250000	46500000	0.381975
chr18	46500000	46750000	0.250429
chr18	46750000	47000000	0.881195
chr18	47000000	47250000	0.523481
chr18	47250000	47500000	0.313277
chr18	47500000	47750000	0.0981779
chr18	47750000	48000000	0.346604
chr18	48000000	48250000	0.0519513
chr18	48250000	48500000	0.148888
chr18	48500000	48750000	0.203997
chr18	48750000	49000000	0.785427
chr18	49000000	49250000	0.643945
chr18	49250000	49500000	0.660676
chr18	49500000	49750000	0.0709504
chr18	49750000	50000000	0.635588
chr18	50000000	50250000	0.63401
chr18	50250000	50500000	0.380882
chr18	50500000	50750000	-0.0674522
chr18	50750000	51000000	0.497532
chr18	51000000	51250000	0.585265
chr18	51250000	51500000	-0.0142287
chr18	51500000	51750000	-0.127361
chr18	51750000	52000000	0.424046
chr18	52000000	52250000	-0.0641276
chr18	52250000	52500000	0.00342143
chr18	52500000	52750000	-0.0653183
chr18	52750000	53000000	-0.0972031
chr18	53000000	53250000	-0.397984
chr18	53250000	53500000	-1.33129
chr18	53500000	53750000	-0.533524
chr18	53750000	54000000	-0.565371
chr18	54000000	54250000	0.129812
chr18	54250000	54500000	-0.155438
chr18	54500000	54750000	-0.29427
chr18	54750000	55000000	-0.874021
chr18	55000000	55250000	-0.376382
chr18	55250000	55500000	0.3199
chr18	55500000	55750000	-0.521349
chr18	55750000	56000000	-1.41347
chr18	56000000	56250000	0.463286
chr18	56250000	56500000	-0.32936
chr18	56500000	56750000	0.498715
chr18	56750000	57000000	0.139358
chr18	57000000	57250000	0.0284503
chr18	57250000	57500000	0.0756916
chr18	57500000	57750000	0.185465
chr18	57750000	58000000	0.0746534
chr18	58000000	58250000	0.49979
chr18	58250000	58500000	0.637928
chr18	58500000	58750000	0.983374
chr18	58750000	59000000	0.659225
chr18	59000000	59250000	0.562065
chr18	59250000	59500000	-0.137523
chr18	59500000	59750000	0.0848829
chr18	59750000	60000000	0.677983
chr18	60000000	60250000	-1.68684
chr18	60250000	60500000	-0.168284
chr18	60500000	60750000	-0.173079
chr18	60750000	61000000	-0.0390488
chr18	61000000	61250000	-0.00711179
chr18	61250000	61500000	-0.76597
chr18	61500000	61750000	-0.562981
chr18	61750000	62000000	-0.628529
chr18	62000000	62250000	0.491561
chr18	62250000	62500000	0.45692
chr18	62500000	62750000	0.358129
chr18	62750000	63000000	0.845686
chr18	63000000	63250000	0.635911
chr18	63250000	63500000	0.350594
chr18	63500000	63750000	-1.64242
chr18	63750000	64000000	0.353529
chr18	64000000	64250000	0.119453
chr18	64250000	64500000	0.168195
chr18	64500000	64750000	-0.0745203
chr18	64750000	65000000	-0.307036
chr18	65000000	65250000	-0.666132
chr18	65250000	65500000	-0.564105
chr18	65500000	65750000	-1.2409
chr18	65750000	66000000	0.0254192
chr18	66000000	66250000	-0.546138
chr18	66250000	66500000	-0.631879
chr18	66500000	66750000	-0.411027
chr18	66750000	67000000	-0.180415
chr18	67000000	67250000	0.0496751
chr18	67250000	67500000	-1.6323
chr18	67500000	67750000	-0.559053
chr18	67750000	68000000	-0.338094
chr18	68000000	68250000	0.339217
chr18	68250000	68500000	0.265473
chr18	68500000	68750000	0.0739594
chr18	68750000	69000000	-0.25175
chr18	69000000	69250000	-0.267632
chr18	69250000	69500000	-1.34431
chr18	69500000	69750000	-0.430072
chr18	69750000	70000000	0.776739
chr18	70000000	70250000	0.964298
chr18	70250000	70500000	-0.635339
chr18	70500000	70750000	-1.43402
chr18	70750000	71000000	-0.470997
chr18	71000000	71250000	-0.718438
chr18	71250000	71500000	-0.866905
chr18	71500000	71750000	-1.37565
chr18	71750000	72000000	-0.651684
chr18	72000000	72250000	-1.38223
chr18	72250000	72500000	-0.728863
chr18	72500000	72750000	-0.979224
chr18	72750000	73000000	-0.856898
chr18	73000000	73250000	-0.584454
chr18	73250000	73500000	-0.639424
chr18	73500000	73750000	-0.399925
chr18	73750000	74000000	-0.239701
chr18	74000000	74250000	0.161301
chr18	74250000	74500000	0.180115
chr18	74500000	74750000	0.615058
chr18	74750000	75000000	0.418707
chr18	75000000	75250000	0.349819
chr18	75250000	75500000	-0.147198
chr18	75500000	75750000	-0.441474
chr18	75750000	76000000	-1.45233
chr18	76000000	76250000	0.0367488
chr18	76250000	76500000	-0.501825
chr18	76500000	76750000	0.374446
chr18	76750000	77000000	0.0880996
chr18	77000000	77250000	-0.248526
chr18	77250000	77500000	-0.870368
chr18	77500000	77750000	-0.595998
chr18	77750000	78000000	-2.03352
chr18	78000000	78250000	-1.18259
chr18	78250000	78500000	-0.229234
chr18	78500000	78750000	-1.60915
chr18	78750000	79000000	-0.694165
chr18	79000000	79250000	0.221066
chr18	79250000	79500000	0.236805
chr18	79500000	79750000	0.856196
chr18	79750000	80000000	-0.444395
chr18	80000000	80250000	0.756318
chr18	80250000	80373285	nan
#bedGraph section chr19:0-58617616
chr19	0	250000	nan
chr19	250000	500000	-0.537741
chr19	500000	750000	0.802388
chr19	750000	1000000	0.39731
chr19	1000000	1250000	0.891488
chr19	1250000	1500000	0.590551
chr19	1500000	1750000	0.676066
chr19	1750000	2000000	0.642884
chr19	2000000	2250000	0.688878
chr19	2250000	2500000	0.0246536
chr19	2500000	2750000	0.539743
chr19	2750000	3000000	0.221953
chr19	3000000	3250000	0.269373
chr19	3250000	3500000	0.568795
chr19	3500000	3750000	0.6163
chr19	3750000	4000000	0.320457
chr19	4000000	4250000	0.598402
chr19	4250000	4500000	0.744789
chr19	4500000	4750000	0.562344
chr19	4750000	5000000	0.275289
chr19	5000000	5250000	0.610994
chr19	5250000	5500000	-0.0806129
chr19	5500000	5750000	0.468986
chr19	5750000	6000000	0.335555
chr19	6000000	6250000	0.671176
chr19	6250000	6500000	0.514696
chr19	6500000	6750000	0.485834
chr19	6750000	7000000	0.557979
chr19	7000000	7250000	0.47808
chr19	7250000	7500000	0.68351
chr19	7500000	7750000	0.425142
chr19	7750000	8000000	0.258009
chr19	8000000	8250000	0.387172
chr19	8250000	8500000	0.150408
chr19	8500000	8750000	-1.03037
chr19	8750000	9000000	-2.09872
chr19	9000000	9250000	-1.95053
chr19	9250000	9500000	-2.22101
chr19	9500000	9750000	-1.73827
chr19	9750000	10000000	-0.540737
chr19	10000000	10250000	-0.0391047
chr19	10250000	10500000	0.422009
chr19	10500000	10750000	0.782142
chr19	10750000	11000000	0.75115
chr19	11000000	11250000	0.566305
chr19	11250000	11500000	0.500462
chr19	11500000	11750000	0.0343204
chr19	11750000	12000000	-0.105714
chr19	12000000	12250000	-0.209808
chr19	12250000	12500000	-0.361188
chr19	12500000	12750000	0.0146181
chr19	12750000	13000000	0.448988
chr19	13000000	13250000	0.275546
chr19	13250000	13500000	0.150543
chr19	13500000	13750000	0.488424
chr19	13750000	14000000	0.538158
chr19	14000000	14250000	0.549865
chr19	14250000	14500000	0.598749
chr19	14500000	14750000	0.334451
chr19	14750000	15000000	0.0845567
chr19	15000000	15250000	-0.103262
chr19	15250000	15500000	0.595565
chr19	15500000	15750000	0.144133
chr19	15750000	16000000	-0.156657
chr19	16000000	16250000	0.532839
chr19	16250000	16500000	0.333368
chr19	16500000	16750000	0.477304
chr19	16750000	17000000	0.45073
chr19	17000000	17250000	0.556146
chr19	17250000	17500000	0.421815
chr19	17500000	17750000	0.632328
chr19	17750000	18000000	0.586562
chr19	18000000	18250000	0.730859
chr19	18250000	18500000	0.577632
chr19	18500000	18750000	0.520335
chr19	18750000	19000000	0.57401
chr19	19000000	19250000	0.739341
chr19	19250000	19500000	0.137636
chr19	19500000	19750000	-0.538306
chr19	19750000	20000000	-1.18599
chr19	20000000	20250000	-1.63627
chr19	20250000	20500000	-1.7277
chr19	20500000	20750000	-0.602866
chr19	20750000	21000000	-0.4504
chr19	21000000	21250000	-0.779186
chr19	21250000	21500000	-1.00848
chr19	21500000	21750000	-1.3912
chr19	21750000	22000000	-0.962026
chr19	22000000	22250000	-1.61578
chr19	22250000	22500000	-1.14801
chr19	22500000	22750000	-0.939573
chr19	22750000	23000000	-1.28643
chr19	23000000	23250000	-1.2904
chr19	23250000	23500000	-1.04887
chr19	23500000	23750000	-0.79228
chr19	23750000	24000000	-0.795284
chr19	24000000	24250000	-1.46381
chr19	24250000	24500000	-1.45095
chr19	24500000	24750000	nan
chr19	24750000	25000000	nan
chr19	25000000	25250000	nan
chr19	25250000	25500000	nan
chr19	25500000	25750000	nan
chr19	25750000	26000000	nan
chr19	26000000	26250000	nan
chr19	26250000	26500000	nan
chr19	26500000	26750000	nan
chr19	26750000	27000000	nan
chr19	27000000	27250000	nan
chr19	27250000	27500000	-0.999847
chr19	27500000	27750000	-1.10112
chr19	27750000	28000000	-1.58071
chr19	28000000	28250000	-1.05092
chr19	28250000	28500000	-1.60341
chr19	28500000	28750000	-0.682208
chr19	28750000	29000000	-1.1263
chr19	29000000	29250000	-1.07673
chr19	29250000	29500000	-0.676207
chr19	29500000	29750000	-0.208156
chr19	29750000	30000000	-0.21811
chr19	30000000	30250000	-0.565782
chr19	30250000	30500000	-0.659519
chr19	30500000	30750000	-1.05244
chr19	30750000	31000000	-0.857122
chr19	31000000	31250000	-1.2791
chr19	31250000	31500000	-0.740687
chr19	31500000	31750000	-1.44619
chr19	31750000	32000000	-1.05183
chr19	32000000	32250000	-0.646909
chr19	32250000	32500000	-0.315772
chr19	32500000	32750000	-0.181806
chr19	32750000	33000000	-0.11048
chr19	33000000	33250000	0.165957
chr19	33250000	33500000	-0.217398
chr19	33500000	33750000	-0.339701
chr19	33750000	34000000	-0.399413
chr19	34000000	34250000	0.0948319
chr19	34250000	34500000	0.0838793
chr19	34500000	34750000	-1.03503
chr19	34750000	35000000	-1.3404
chr19	35000000	35250000	-0.365893
chr19	35250000	35500000	0.497363
chr19	35500000	35750000	0.468764
chr19	35750000	36000000	0.360551
chr19	36000000	36250000	-0.339393
chr19	36250000	36500000	-0.650586
chr19	36500000	36750000	-0.902473
chr19	36750000	37000000	-1.95566
chr19	37000000	37250000	-0.934954
chr19	37250000	37500000	-0.988535
chr19	37500000	37750000	-2.00503
chr19	37750000	38000000	-0.435127
chr19	38000000	38250000	-0.0646118
chr19	38250000	38500000	0.163127
chr19	38500000	38750000	0.118317
chr19	38750000	39000000	0.58991
chr19	39000000	39250000	0.40621
chr19	39250000	39500000	0.55871
chr19	39500000	39750000	0.147858
chr19	39750000	40000000	0.322917
chr19	40000000	40250000	0.364328
chr19	40250000	40500000	0.458248
chr19	40500000	40750000	0.368193
chr19	40750000	41000000	0.207152
chr19	41000000	41250000	0.0588131
chr19	41250000	41500000	0.357553
chr19	41500000	41750000	0.224329
chr19	41750000	42000000	0.385597
chr19	42000000	42250000	0.563879
chr19	42250000	42500000	0.355318
chr19	42500000	42750000	-0.404909
chr19	42750000	43000000	-0.546223
chr19	43000000	43250000	-0.71119
chr19	43250000	43500000	-0.494165
chr19	43500000	43750000	0.0465323
chr19	43750000	44000000	-0.0946798
chr19	44000000	44250000	-0.799236
chr19	44250000	44500000	-0.860015
chr19	44500000	44750000	-0.379578
chr19	44750000	45000000	0.471263
chr19	45000000	45250000	0.123691
chr19	45250000	45500000	0.765807
chr19	45500000	45750000	0.739575
chr19	45750000	46000000	0.621665
chr19	46000000	46250000	0.43222
chr19	46250000	46500000	0.278592
chr19	46500000	46750000	0.484999
chr19	46750000	47000000	0.601736
chr19	47000000	47250000	0.395025
chr19	47250000	47500000	0.457645
chr19	47500000	47750000	0.44174
chr19	47750000	48000000	0.592882
chr19	48000000	48250000	-0.0349991
chr19	48250000	48500000	0.466176
chr19	48500000	48750000	0.401272
chr19	48750000	49000000	0.562204
chr19	49000000	49250000	0.59677
chr19	49250000	49500000	0.74814
chr19	49500000	49750000	0.397573
chr19	49750000	50000000	0.350976
chr19	50000000	50250000	0.0267495
chr19	50250000	50500000	0.349928
chr19	50500000	50750000	0.2554
chr19	50750000	51000000	0.251984
chr19	51000000	51250000	-0.0788446
chr19	51250000	51500000	-0.343227
chr19	51500000	51750000	-0.966277
chr19	51750000	52000000	-1.40058
chr19	52000000	52250000	-0.319338
chr19	52250000	52500000	-1.29397
chr19	52500000	52750000	-0.558074
chr19	52750000	53000000	-0.359631
chr19	53000000	53250000	-0.947675
chr19	53250000	53500000	-1.12475
chr19	53500000	53750000	-1.48619
chr19	53750000	54000000	-1.5556
chr19	54000000	54250000	-0.477046
chr19	54250000	54500000	-0.169581
chr19	54500000	54750000	-0.337026
chr19	54750000	55000000	-0.923251
chr19	55000000	55250000	0.353238
chr19	55250000	55500000	0.360663
chr19	55500000	55750000	-0.423504
chr19	55750000	56000000	-1.70835
chr19	56000000	56250000	-0.827411
chr19	56250000	56500000	-1.60307
chr19	56500000	56750000	-1.6008
chr19	56750000	57000000	-2.69655
chr19	57000000	57250000	-0.936971
chr19	57250000	57500000	-0.657763
chr19	57500000	57750000	-0.537464
chr19	57750000	58000000	-0.738498
chr19	58000000	58250000	-1.63669
chr19	58250000	58500000	0.0760132
chr19	58500000	58617616	-0.028406
#bedGraph section chr2:0-242193529
chr2	0	250000	-0.175659
chr2	250000	500000	-0.0157842
chr2	500000	750000	-0.429502
chr2	750000	1000000	-0.760213
chr2	1000000	1250000	-1.38403
chr2	1250000	1500000	-2.40865
chr2	1500000	1750000	-0.702561
chr2	1750000	2000000	-0.646731
chr2	2000000	2250000	-1.25942
chr2	2250000	2500000	-0.701497
chr2	2500000	2750000	-0.396169
chr2	2750000	3000000	-0.110048
chr2	3000000	3250000	-0.632493
chr2	3250000	3500000	0.576853
chr2	3500000	3750000	0.700651
chr2	3750000	4000000	-0.918156
chr2	4000000	4250000	-1.6391
chr2	4250000	4500000	-0.634516
chr2	4500000	4750000	-0.728033
chr2	4750000	5000000	-1.367
chr2	5000000	5250000	-1.46267
chr2	5250000	5500000	-1.53148
chr2	5500000	5750000	-0.348895
chr2	5750000	6000000	-0.190894
chr2	6000000	6250000	-0.660862
chr2	6250000	6500000	-1.27366
chr2	6500000	6750000	-1.05989
chr2	6750000	7000000	-0.00291179
chr2	7000000	7250000	0.463247
chr2	7250000	7500000	0.332878
chr2	7500000	7750000	-0.30868
chr2	7750000	8000000	0.115411
chr2	8000000	8250000	0.480189
chr2	8250000	8500000	0.466328
chr2	8500000	8750000	0.960901
chr2	8750000	9000000	0.44467
chr2	9000000	9250000	0.773217
chr2	9250000	9500000	1.50322
chr2	9500000	9750000	1.30035
chr2	9750000	10000000	1.54005
chr2	10000000	10250000	0.764789
chr2	10250000	10500000	1.58084
chr2	10500000	10750000	0.730896
chr2	10750000	11000000	0.707066
chr2	11000000	11250000	0.00195582
chr2	11250000	11500000	0.414515
chr2	11500000	11750000	0.0670729
chr2	11750000	12000000	-0.00106238
chr2	12000000	12250000	0.431007
chr2	12250000	12500000	-0.0315178
chr2	12500000	12750000	-0.0163921
chr2	12750000	13000000	0.395543
chr2	13000000	13250000	0.103054
chr2	13250000	13500000	-0.519972
chr2	13500000	13750000	0.871506
chr2	13750000	14000000	-0.19441
chr2	14000000	14250000	0.582508
chr2	14250000	14500000	0.0052442
chr2	14500000	14750000	-0.162942
chr2	14750000	15000000	-0.819773
chr2	15000000	15250000	-0.168018
chr2	15250000	15500000	0.142816
chr2	15500000	15750000	0.0506692
chr2	15750000	16000000	-0.0340107
chr2	16000000	16250000	0.0175989
chr2	16250000	16500000	-0.413787
chr2	16500000	16750000	0.202012
chr2	16750000	17000000	-0.3756
chr2	17000000	17250000	-0.361864
chr2	17250000	17500000	0.0545778
chr2	17500000	17750000	-0.145401
chr2	17750000	18000000	-0.150397
chr2	18000000	18250000	-0.716568
chr2	18250000	18500000	-0.524495
chr2	18500000	18750000	-0.699933
chr2	18750000	19000000	-0.781206
chr2	19000000	19250000	-0.0542438
chr2	19250000	19500000	-0.693933
chr2	19500000	19750000	-0.788391
chr2	19750000	20000000	0.0256927
chr2	20000000	20250000	0.68603
chr2	20250000	20500000	1.69536
chr2	20500000	20750000	0.60813
chr2	20750000	21000000	0.416203
chr2	21000000	21250000	-0.561013
chr2	21250000	21500000	0.341917
chr2	21500000	21750000	-2.30701
chr2	21750000	22000000	-1.23018
chr2	22000000	22250000	-0.892448
chr2	22250000	22500000	-0.256657
chr2	22500000	22750000	-1.38524
chr2	22750000	23000000	-0.769796
chr2	23000000	23250000	0.170925
chr2	23250000	23500000	0.321738
chr2	23500000	23750000	-0.019012
chr2	23750000	24000000	0.365252
chr2	24000000	24250000	0.540759
chr2	24250000	24500000	0.702041
chr2	24500000	24750000	1.39288
chr2	24750000	25000000	1.83955
chr2	25000000	25250000	0.583509
chr2	25250000	25500000	0.93067
chr2	25500000	25750000	0.634669
chr2	25750000	26000000	0.656094
chr2	26000000	26250000	0.486969
chr2	26250000	26500000	1.22078
chr2	26500000	26750000	0.71711
chr2	26750000	27000000	0.458288
chr2	27000000	27250000	0.893294
chr2	27250000	27500000	1.02432
chr2	27500000	27750000	0.399278
chr2	27750000	28000000	0.127435
chr2	28000000	28250000	0.370978
chr2	28250000	28500000	0.375396
chr2	28500000	28750000	0.508387
chr2	28750000	29000000	1.21134
chr2	29000000	29250000	0.585641
chr2	29250000	29500000	0.398198
chr2	29500000	29750000	0.517317
chr2	29750000	30000000	-0.703335
chr2	30000000	30250000	0.374536
chr2	30250000	30500000	0.68073
chr2	30500000	30750000	0.551956
chr2	30750000	31000000	0.448934
chr2	31000000	31250000	0.0592957
chr2	31250000	31500000	0.0473288
chr2	31500000	31750000	-0.351832
chr2	31750000	32000000	0.788538
chr2	32000000	32250000	0.348713
chr2	32250000	32500000	1.61283
chr2	32500000	32750000	1.57986
chr2	32750000	33000000	0.496796
chr2	33000000	33250000	0.23291
chr2	33250000	33500000	0.210979
chr2	33500000	33750000	0.222142
chr2	33750000	34000000	0.0428823
chr2	34000000	34250000	-1.18612
chr2	34250000	34500000	-0.899091
chr2	34500000	34750000	-0.345362
chr2	34750000	35000000	-0.494259
chr2	35000000	35250000	-0.693703
chr2	35250000	35500000	-0.946318
chr2	35500000	35750000	-0.459183
chr2	35750000	36000000	-0.435815
chr2	36000000	36250000	-0.651644
chr2	36250000	36500000	-0.519373
chr2	36500000	36750000	-0.310459
chr2	36750000	37000000	0.991318
chr2	37000000	37250000	0.512887
chr2	37250000	37500000	0.0365108
chr2	37500000	37750000	0.679319
chr2	37750000	38000000	0.624123
chr2	38000000	38250000	0.611113
chr2	38250000	38500000	0.416231
chr2	38500000	38750000	0.908428
chr2	38750000	39000000	0.0863667
chr2	39000000	39250000	1.19853
chr2	39250000	39500000	-0.443978
chr2	39500000	39750000	-0.154817
chr2	39750000	40000000	-0.0213139
chr2	40000000	40250000	0.0489048
chr2	40250000	40500000	-0.965824
chr2	40500000	40750000	-1.53895
chr2	40750000	41000000	0.146144
chr2	41000000	41250000	-0.980649
chr2	41250000	41500000	-1.05854
chr2	41500000	41750000	-0.811604
chr2	41750000	42000000	0.236441
chr2	42000000	42250000	0.4058
chr2	42250000	42500000	0.631418
chr2	42500000	42750000	1.21409
chr2	42750000	43000000	0.262528
chr2	43000000	43250000	0.676045
chr2	43250000	43500000	1.46963
chr2	43500000	43750000	0.717854
chr2	43750000	44000000	0.55821
chr2	44000000	44250000	0.542671
chr2	44250000	44500000	1.07411
chr2	44500000	44750000	0.62884
chr2	44750000	45000000	0.518361
chr2	45000000	45250000	0.00845857
chr2	45250000	45500000	0.278289
chr2	45500000	45750000	0.774299
chr2	45750000	46000000	-0.0107242
chr2	46000000	46250000	0.383562
chr2	46250000	46500000	0.760251
chr2	46500000	46750000	0.676869
chr2	46750000	47000000	0.282933
chr2	47000000	47250000	1.36064
chr2	47250000	47500000	0.602367
chr2	47500000	47750000	0.686515
chr2	47750000	48000000	0.241303
chr2	48000000	48250000	0.544989
chr2	48250000	48500000	0.296211
chr2	48500000	48750000	-0.244334
chr2	48750000	49000000	-0.900906
chr2	49000000	49250000	-0.85538
chr2	49250000	49500000	-0.809461
chr2	49500000	49750000	-0.596948
chr2	49750000	50000000	-2.25251
chr2	50000000	50250000	-0.472115
chr2	50250000	50500000	-0.0495628
chr2	50500000	50750000	-2.74084
chr2	50750000	51000000	-0.0670887
chr2	51000000	51250000	-0.668553
chr2	51250000	51500000	-0.425584
chr2	51500000	51750000	-0.488237
chr2	51750000	52000000	-0.902555
chr2	52000000	52250000	-0.700858
chr2	52250000	52500000	-1.16341
chr2	52500000	52750000	-0.634631
chr2	52750000	53000000	-2.14672
chr2	53000000	53250000	-0.563284
chr2	53250000	53500000	-0.327779
chr2	53500000	53750000	0.0599074
chr2	53750000	54000000	0.317446
chr2	54000000	54250000	0.120953
chr2	54250000	54500000	-0.053718
chr2	54500000	54750000	0.683441
chr2	54750000	55000000	1.13004
chr2	55000000	55250000	-0.208674
chr2	55250000	55500000	1.21899
chr2	55500000	55750000	0.754425
chr2	55750000	56000000	-0.54949
chr2	56000000	56250000	-0.686562
chr2	56250000	56500000	-0.174656
chr2	56500000	56750000	-0.343381
chr2	56750000	57000000	-0.857947
chr2	57000000	57250000	-0.554459
chr2	57250000	57500000	-1.02592
chr2	57500000	57750000	0.10857
chr2	57750000	58000000	0.0179272
chr2	58000000	58250000	-0.108366
chr2	58250000	58500000	-0.0240385
chr2	58500000	58750000	-0.883136
chr2	58750000	59000000	-0.526264
chr2	59000000	59250000	-0.184199
chr2	59250000	59500000	-0.284007
chr2	59500000	59750000	-0.0645304
chr2	59750000	60000000	-0.445805
chr2	60000000	60250000	-0.483741
chr2	60250000	60500000	0.143886
chr2	60500000	60750000	0.178175
chr2	60750000	61000000	0.662798
chr2	61000000	61250000	0.795294
chr2	61250000	61500000	0.394898
chr2	61500000	61750000	0.893541
chr2	61750000	62000000	1.1449
chr2	62000000	62250000	1.22859
chr2	62250000	62500000	0.692849
chr2	62500000	62750000	0.445854
chr2	62750000	63000000	0.0822954
chr2	63000000	63250000	0.534927
chr2	63250000	63500000	0.663265
chr2	63500000	63750000	0.323825
chr2	63750000	64000000	0.441148
chr2	64000000	64250000	0.936176
chr2	64250000	64500000	0.393571
chr2	64500000	64750000	1.00591
chr2	64750000	65000000	0.797137
chr2	65000000	65250000	0.143282
chr2	65250000	65500000	0.508406
chr2	65500000	65750000	0.0204359
chr2	65750000	66000000	-0.603212
chr2	66000000	66250000	-0.487925
chr2	66250000	66500000	-0.714358
chr2	66500000	66750000	-0.568724
chr2	66750000	67000000	-0.346414
chr2	67000000	67250000	-0.703569
chr2	67250000	67500000	-0.991328
chr2	67500000	67750000	-0.308156
chr2	67750000	68000000	-0.333904
chr2	68000000	68250000	-0.313631
chr2	68250000	68500000	1.29424
chr2	68500000	68750000	0.00719923
chr2	68750000	69000000	0.742237
chr2	69000000	69250000	-0.107371
chr2	69250000	69500000	0.984445
chr2	69500000	69750000	0.281003
chr2	69750000	70000000	0.272079
chr2	70000000	70250000	0.82957
chr2	70250000	70500000	0.279284
chr2	70500000	70750000	0.0954806
chr2	70750000	71000000	0.813731
chr2	71000000	71250000	0.727478
chr2	71250000	71500000	-0.0428159
chr2	71500000	71750000	-0.180506
chr2	71750000	72000000	-0.372516
chr2	72000000	72250000	-0.426133
chr2	72250000	72500000	-0.236618
chr2	72500000	72750000	0.379591
chr2	72750000	73000000	0.170542
chr2	73000000	73250000	0.654211
chr2	73250000	73500000	1.03631
chr2	73500000	73750000	1.13736
chr2	73750000	74000000	0.533141
chr2	74000000	74250000	0.806237
chr2	74250000	74500000	0.844637
chr2	74500000	74750000	0.66324
chr2	74750000	75000000	0.465584
chr2	75000000	75250000	0.14651
chr2	75250000	75500000	0.470895
chr2	75500000	75750000	0.0918297
chr2	75750000	76000000	-0.156546
chr2	76000000	76250000	-0.106158
chr2	76250000	76500000	-0.65491
chr2	76500000	76750000	-0.124899
chr2	76750000	77000000	-1.46438
chr2	77000000	77250000	-0.428598
chr2	77250000	77500000	-1.09406
chr2	77500000	77750000	-1.00666
chr2	77750000	78000000	-1.10771
chr2	78000000	78250000	-0.852556
chr2	78250000	78500000	-0.758608
chr2	78500000	78750000	-0.977833
chr2	78750000	79000000	-0.146996
chr2	79000000	79250000	-0.699338
chr2	79250000	79500000	-1.14912
chr2	79500000	79750000	-1.01062
chr2	79750000	80000000	-0.517507
chr2	80000000	80250000	-0.365768
chr2	80250000	80500000	-0.719387
chr2	80500000	80750000	-0.243709
chr2	80750000	81000000	-0.135876
chr2	81000000	81250000	-0.271207
chr2	81250000	81500000	-0.730533
chr2	81500000	81750000	-0.0480879
chr2	81750000	82000000	-0.604769
chr2	82000000	82250000	-0.329203
chr2	82250000	82500000	-0.652069
chr2	82500000	82750000	-0.179273
chr2	82750000	83000000	-0.359245
chr2	83000000	83250000	-0.801547
chr2	83250000	83500000	-0.569108
chr2	83500000	83750000	-0.790768
chr2	83750000	84000000	-1.10857
chr2	84000000	84250000	-0.635634
chr2	84250000	84500000	-0.676282
chr2	84500000	84750000	-0.338423
chr2	84750000	85000000	0.267326
chr2	85000000	85250000	0.534889
chr2	85250000	85500000	0.764228
chr2	85500000	85750000	1.33877
chr2	85750000	86000000	0.81494
chr2	86000000	86250000	1.2133
chr2	86250000	86500000	1.43711
chr2	86500000	86750000	0.870935
chr2	86750000	87000000	1.00954
chr2	87000000	87250000	nan
chr2	87250000	87500000	0.0309315
chr2	87500000	87750000	0.457511
chr2	87750000	88000000	nan
chr2	88000000	88250000	0.492626
chr2	88250000	88500000	-0.0696957
chr2	88500000	88750000	0.589463
chr2	88750000	89000000	-0.335214
chr2	89000000	89250000	-0.529745
chr2	89250000	89500000	nan
chr2	89500000	89750000	-0.875177
chr2	89750000	90000000	-0.303192
chr2	90000000	90250000	-0.771588
chr2	90250000	90500000	-0.649596
chr2	90500000	90750000	nan
chr2	90750000	91000000	nan
chr2	91000000	91250000	nan
chr2	91250000	91500000	nan
chr2	91500000	91750000	-0.658102
chr2	91750000	92000000	-0.394081
chr2	92000000	92250000	nan
chr2	92250000	92500000	nan
chr2	92500000	92750000	nan
chr2	92750000	93000000	nan
chr2	93000000	93250000	nan
chr2	93250000	93500000	nan
chr2	93500000	93750000	nan
chr2	93750000	94000000	nan
chr2	94000000	94250000	-1.52669
chr2	94250000	94500000	nan
chr2	94500000	94750000	-1.74911
chr2	94750000	95000000	-0.0707989
chr2	95000000	95250000	0.346525
chr2	95250000	95500000	0.120609
chr2	95500000	95750000	0.0751934
chr2	95750000	96000000	0.550582
chr2	96000000	96250000	0.593955
chr2	96250000	96500000	0.23118
chr2	96500000	96750000	0.728189
chr2	96750000	97000000	0.937569
chr2	97000000	97250000	0.72409
chr2	97250000	97500000	nan
chr2	97500000	97750000	0.72915
chr2	97750000	98000000	0.878972
chr2	98000000	98250000	0.209461
chr2	98250000	98500000	0.247631
chr2	98500000	98750000	0.495916
chr2	98750000	99000000	0.328697
chr2	99000000	99250000	0.427683
chr2	99250000	99500000	1.65109
chr2	99500000	99750000	-0.0306861
chr2	99750000	100000000	-0.148321
chr2	100000000	100250000	-0.0109469
chr2	100250000	100500000	-0.0543522
chr2	100500000	100750000	-0.467012
chr2	100750000	101000000	0.017974
chr2	101000000	101250000	1.22716
chr2	101250000	101500000	0.720875
chr2	101500000	101750000	0.387451
chr2	101750000	102000000	0.053654
chr2	102000000	102250000	0.531666
chr2	102250000	102500000	-0.240056
chr2	102500000	102750000	0.303106
chr2	102750000	103000000	0.106171
chr2	103000000	103250000	-1.05078
chr2	103250000	103500000	-1.19116
chr2	103500000	103750000	-0.628891
chr2	103750000	104000000	-0.870942
chr2	104000000	104250000	-1.00925
chr2	104250000	104500000	-0.895058
chr2	104500000	104750000	-0.944358
chr2	104750000	105000000	-0.131091
chr2	105000000	105250000	-0.299857
chr2	105250000	105500000	0.174648
chr2	105500000	105750000	-0.251845
chr2	105750000	106000000	0.131693
chr2	106000000	106250000	-0.293139
chr2	106250000	106500000	-0.295703
chr2	106500000	106750000	-0.481148
chr2	106750000	107000000	-0.0161859
chr2	107000000	107250000	-0.537626
chr2	107250000	107500000	-0.923388
chr2	107500000	107750000	-0.402552
chr2	107750000	108000000	-1.58582
chr2	108000000	108250000	-0.812275
chr2	108250000	108500000	0.27686
chr2	108500000	108750000	0.499825
chr2	108750000	109000000	0.859398
chr2	109000000	109250000	0.950304
chr2	109250000	109500000	1.29613
chr2	109500000	109750000	0.451446
chr2	109750000	110000000	nan
chr2	110000000	110250000	-0.460483
chr2	110250000	110500000	nan
chr2	110500000	110750000	0.158448
chr2	110750000	111000000	0.691308
chr2	111000000	111250000	0.885205
chr2	111250000	111500000	0.850572
chr2	111500000	111750000	0.72635
chr2	111750000	112000000	0.0524243
chr2	112000000	112250000	0.858046
chr2	112250000	112500000	0.370804
chr2	112500000	112750000	1.03964
chr2	112750000	113000000	1.11594
chr2	113000000	113250000	0.523351
chr2	113250000	113500000	0.240765
chr2	113500000	113750000	0.836863
chr2	113750000	114000000	0.270961
chr2	114000000	114250000	-0.356054
chr2	114250000	114500000	-0.275541
chr2	114500000	114750000	-0.366459
chr2	114750000	115000000	0.100575
chr2	115000000	115250000	-0.467681
chr2	115250000	115500000	-0.738857
chr2	115500000	115750000	-0.826667
chr2	115750000	116000000	-0.565855
chr2	116000000	116250000	-0.594744
chr2	116250000	116500000	-0.799306
chr2	116500000	116750000	-0.262564
chr2	116750000	117000000	-1.06435
chr2	117000000	117250000	-0.375386
chr2	117250000	117500000	-1.05542
chr2	117500000	117750000	-0.414751
chr2	117750000	118000000	-0.325929
chr2	118000000	118250000	0.413856
chr2	118250000	118500000	-0.817159
chr2	118500000	118750000	-0.802559
chr2	118750000	119000000	-0.760928
chr2	119000000	119250000	-0.0666017
chr2	119250000	119500000	0.236721
chr2	119500000	119750000	-0.326672
chr2	119750000	120000000	0.508908
chr2	120000000	120250000	0.897451
chr2	120250000	120500000	0.446495
chr2	120500000	120750000	-0.034112
chr2	120750000	121000000	0.2634
chr2	121000000	121250000	0.197942
chr2	121250000	121500000	0.147077
chr2	121500000	121750000	0.812297
chr2	121750000	122000000	-0.425955
chr2	122000000	122250000	-0.12435
chr2	122250000	122500000	-0.543764
chr2	122500000	122750000	0.106449
chr2	122750000	123000000	0.262578
chr2	123000000	123250000	-0.18377
chr2	123250000	123500000	-0.076457
chr2	123500000	123750000	-0.0115123
chr2	123750000	124000000	-0.572537
chr2	124000000	124250000	-0.117962
chr2	124250000	124500000	-0.174066
chr2	124500000	124750000	0.0698029
chr2	124750000	125000000	-0.0583389
chr2	125000000	125250000	-0.606419
chr2	125250000	125500000	-0.234646
chr2	125500000	125750000	-0.169897
chr2	125750000	126000000	-0.418938
chr2	126000000	126250000	-0.781773
chr2	126250000	126500000	-0.94363
chr2	126500000	126750000	-0.332975
chr2	126750000	127000000	0.139051
chr2	127000000	127250000	0.34255
chr2	127250000	127500000	1.56728
chr2	127500000	127750000	1.05881
chr2	127750000	128000000	1.08599
chr2	128000000	128250000	1.53484
chr2	128250000	128500000	0.0664957
chr2	128500000	128750000	0.199714
chr2	128750000	129000000	-0.752414
chr2	129000000	129250000	-0.0334105
chr2	129250000	129500000	-0.740603
chr2	129500000	129750000	-0.226853
chr2	129750000	130000000	-0.244516
chr2	130000000	130250000	-0.0270916
chr2	130250000	130500000	0.392242
chr2	130500000	130750000	0.087157
chr2	130750000	131000000	-0.433253
chr2	131000000	131250000	0.265345
chr2	131250000	131500000	0.0339409
chr2	131500000	131750000	-0.0475103
chr2	131750000	132000000	0.518291
chr2	132000000	132250000	0.00999305
chr2	132250000	132500000	-0.796624
chr2	132500000	132750000	-0.722235
chr2	132750000	133000000	-1.02612
chr2	133000000	133250000	-0.713326
chr2	133250000	133500000	0.163764
chr2	133500000	133750000	-0.416131
chr2	133750000	134000000	-0.961142
chr2	134000000	134250000	-0.0700937
chr2	134250000	134500000	0.159847
chr2	134500000	134750000	-0.443822
chr2	134750000	135000000	-0.179177
chr2	135000000	135250000	0.999922
chr2	135250000	135500000	0.954725
chr2	135500000	135750000	0.522127
chr2	135750000	136000000	0.971811
chr2	136000000	136250000	-0.0714823
chr2	136250000	136500000	0.342419
chr2	136500000	136750000	-0.180836
chr2	136750000	137000000	-0.238455
chr2	137000000	137250000	-0.0334181
chr2	137250000	137500000	-0.402354
chr2	137500000	137750000	-0.845023
chr2	137750000	138000000	-0.384348
chr2	138000000	138250000	-0.863336
chr2	138250000	138500000	0.0452985
chr2	138500000	138750000	0.597943
chr2	138750000	139000000	-0.0191977
chr2	139000000	139250000	-2.22363
chr2	139250000	139500000	-0.431057
chr2	139500000	139750000	-1.47734
chr2	139750000	140000000	-0.151814
chr2	140000000	140250000	-1.29175
chr2	140250000	140500000	-0.907666
chr2	140500000	140750000	-0.595614
chr2	140750000	141000000	-0.426171
chr2	141000000	141250000	-0.455545
chr2	141250000	141500000	-0.584394
chr2	141500000	141750000	-0.714507
chr2	141750000	142000000	-1.28189
chr2	142000000	142250000	-0.679854
chr2	142250000	142500000	-0.610664
chr2	142500000	142750000	-0.408094
chr2	142750000	143000000	-0.103031
chr2	143000000	143250000	-0.0369102
chr2	143250000	143500000	-0.200392
chr2	143500000	143750000	0.101305
chr2	143750000	144000000	-0.255391
chr2	144000000	144250000	0.0410621
chr2	144250000	144500000	0.276332
chr2	144500000	144750000	0.111219
chr2	144750000	145000000	0.0773701
chr2	145000000	145250000	-0.718477
chr2	145250000	145500000	-0.575497
chr2	145500000	145750000	-0.120226
chr2	145750000	146000000	-0.388358
chr2	146000000	146250000	0.10857
chr2	146250000	146500000	-0.40582
chr2	146500000	146750000	-0.609537
chr2	146750000	147000000	-0.916072
chr2	147000000	147250000	0.352626
chr2	147250000	147500000	-0.0669305
chr2	147500000	147750000	-0.0703528
chr2	147750000	148000000	-0.180597
chr2	148000000	148250000	0.155875
chr2	148250000	148500000	-0.392987
chr2	148500000	148750000	0.178876
chr2	148750000	149000000	-0.00313878
chr2	149000000	149250000	-0.172041
chr2	149250000	149500000	0.142058
chr2	149500000	149750000	-0.365635
chr2	149750000	150000000	-0.499278
chr2	150000000	150250000	-0.423598
chr2	150250000	150500000	-0.147832
chr2	150500000	150750000	-1.20729
chr2	150750000	151000000	-0.813079
chr2	151000000	151250000	0.0121334
chr2	151250000	151500000	0.531127
chr2	151500000	151750000	0.219049
chr2	151750000	152000000	0.987774
chr2	152000000	152250000	0.102158
chr2	152250000	152500000	-0.189044
chr2	152500000	152750000	0.00767708
chr2	152750000	153000000	-0.292959
chr2	153000000	153250000	-0.726977
chr2	153250000	153500000	-0.772522
chr2	153500000	153750000	-0.493149
chr2	153750000	154000000	-2.29079
chr2	154000000	154250000	-0.452283
chr2	154250000	154500000	-0.0391697
chr2	154500000	154750000	-0.416346
chr2	154750000	155000000	0.0498965
chr2	155000000	155250000	0.448667
chr2	155250000	155500000	-0.604191
chr2	155500000	155750000	-0.309657
chr2	155750000	156000000	-0.490093
chr2	156000000	156250000	-0.217392
chr2	156250000	156500000	-0.108583
chr2	156500000	156750000	0.0157583
chr2	156750000	157000000	-0.289155
chr2	157000000	157250000	-0.39205
chr2	157250000	157500000	0.075225
chr2	157500000	157750000	-0.736254
chr2	157750000	158000000	-0.21131
chr2	158000000	158250000	-1.0999
chr2	158250000	158500000	-0.0242781
chr2	158500000	158750000	0.17522
chr2	158750000	159000000	0.182786
chr2	159000000	159250000	0.388262
chr2	159250000	159500000	0.456522
chr2	159500000	159750000	0.988896
chr2	159750000	160000000	0.688668
chr2	160000000	160250000	-0.0595942
chr2	160250000	160500000	0.120912
chr2	160500000	160750000	-1.38276
chr2	160750000	161000000	-1.18537
chr2	161000000	161250000	0.628821
chr2	161250000	161500000	0.411934
chr2	161500000	161750000	-0.669019
chr2	161750000	162000000	-0.472184
chr2	162000000	162250000	-0.842353
chr2	162250000	162500000	0.188287
chr2	162500000	162750000	-0.63778
chr2	162750000	163000000	-0.438719
chr2	163000000	163250000	-0.524962
chr2	163250000	163500000	-0.21794
chr2	163500000	163750000	-0.290487
chr2	163750000	164000000	-0.293574
chr2	164000000	164250000	-0.867289
chr2	164250000	164500000	-0.66941
chr2	164500000	164750000	-0.326436
chr2	164750000	165000000	0.16035
chr2	165000000	165250000	-0.803439
chr2	165250000	165500000	-1.20589
chr2	165500000	165750000	-0.322334
chr2	165750000	166000000	-0.531822
chr2	166000000	166250000	-0.907093
chr2	166250000	166500000	-0.456096
chr2	166500000	166750000	-0.640965
chr2	166750000	167000000	-0.39601
chr2	167000000	167250000	-0.277917
chr2	167250000	167500000	-0.44956
chr2	167500000	167750000	-0.608841
chr2	167750000	168000000	-0.244374
chr2	168000000	168250000	-0.315966
chr2	168250000	168500000	0.801558
chr2	168500000	168750000	-0.138942
chr2	168750000	169000000	0.132995
chr2	169000000	169250000	-0.316257
chr2	169250000	169500000	0.446925
chr2	169500000	169750000	-0.627763
chr2	169750000	170000000	0.584043
chr2	170000000	170250000	0.410122
chr2	170250000	170500000	0.595486
chr2	170500000	170750000	0.574874
chr2	170750000	171000000	0.595703
chr2	171000000	171250000	0.817732
chr2	171250000	171500000	2.04415
chr2	171500000	171750000	1.60656
chr2	171750000	172000000	0.690981
chr2	172000000	172250000	0.598678
chr2	172250000	172500000	0.263059
chr2	172500000	172750000	0.529472
chr2	172750000	173000000	-0.491754
chr2	173000000	173250000	0.371714
chr2	173250000	173500000	0.677463
chr2	173500000	173750000	0.594518
chr2	173750000	174000000	0.403925
chr2	174000000	174250000	0.934352
chr2	174250000	174500000	0.683289
chr2	174500000	174750000	0.741957
chr2	174750000	175000000	0.0463183
chr2	175000000	175250000	0.590603
chr2	175250000	175500000	-0.324912
chr2	175500000	175750000	0.0693922
chr2	175750000	176000000	0.300282
chr2	176000000	176250000	-0.319626
chr2	176250000	176500000	0.190192
chr2	176500000	176750000	0.162441
chr2	176750000	177000000	0.766224
chr2	177000000	177250000	0.988329
chr2	177250000	177500000	-0.110698
chr2	177500000	177750000	0.552328
chr2	177750000	178000000	0.520975
chr2	178000000	178250000	-0.236017
chr2	178250000	178500000	0.100611
chr2	178500000	178750000	0.571957
chr2	178750000	179000000	1.13471
chr2	179000000	179250000	0.262892
chr2	179250000	179500000	-0.173512
chr2	179500000	179750000	-0.716384
chr2	179750000	180000000	0.0477736
chr2	180000000	180250000	-0.0310496
chr2	180250000	180500000	-0.409588
chr2	180500000	180750000	-0.407821
chr2	180750000	181000000	-0.403684
chr2	181000000	181250000	0.187458
chr2	181250000	181500000	0.879224
chr2	181500000	181750000	0.0311137
chr2	181750000	182000000	-0.362617
chr2	182000000	182250000	-0.145982
chr2	182250000	182500000	-1.04754
chr2	182500000	182750000	0.247877
chr2	182750000	183000000	-1.00169
chr2	183000000	183250000	-0.375955
chr2	183250000	183500000	-0.205881
chr2	183500000	183750000	-0.0657738
chr2	183750000	184000000	-0.689229
chr2	184000000	184250000	-0.198257
chr2	184250000	184500000	-0.317317
chr2	184500000	184750000	-0.677677
chr2	184750000	185000000	-0.427733
chr2	185000000	185250000	-0.237827
chr2	185250000	185500000	-0.00276728
chr2	185500000	185750000	-0.382838
chr2	185750000	186000000	-1.02325
chr2	186000000	186250000	0.447781
chr2	186250000	186500000	0.151892
chr2	186500000	186750000	0.949829
chr2	186750000	187000000	-0.0627784
chr2	187000000	187250000	-0.291164
chr2	187250000	187500000	0.356299
chr2	187500000	187750000	-0.786285
chr2	187750000	188000000	-0.297995
chr2	188000000	188250000	-0.371103
chr2	188250000	188500000	-0.124968
chr2	188500000	188750000	-0.975684
chr2	188750000	189000000	-1.07903
chr2	189000000	189250000	-0.765518
chr2	189250000	189500000	-0.292521
chr2	189500000	189750000	-0.164671
chr2	189750000	190000000	0.278933
chr2	190000000	190250000	0.022297
chr2	190250000	190500000	0.489194
chr2	190500000	190750000	0.715162
chr2	190750000	191000000	0.283829
chr2	191000000	191250000	0.840642
chr2	191250000	191500000	-0.0333009
chr2	191500000	191750000	0.00964274
chr2	191750000	192000000	0.203184
chr2	192000000	192250000	0.280268
chr2	192250000	192500000	-0.212103
chr2	192500000	192750000	-0.318875
chr2	192750000	193000000	-0.679043
chr2	193000000	193250000	0.047195
chr2	193250000	193500000	-0.260152
chr2	193500000	193750000	-0.656164
chr2	193750000	194000000	-0.588293
chr2	194000000	194250000	-0.506391
chr2	194250000	194500000	-0.194225
chr2	194500000	194750000	-0.394041
chr2	194750000	195000000	-0.71863
chr2	195000000	195250000	0.0168293
chr2	195250000	195500000	0.0377758
chr2	195500000	195750000	0.0540214
chr2	195750000	196000000	-0.468237
chr2	196000000	196250000	0.472701
chr2	196250000	196500000	-0.304937
chr2	196500000	196750000	0.443818
chr2	196750000	197000000	0.310697
chr2	197000000	197250000	1.15183
chr2	197250000	197500000	1.40244
chr2	197500000	197750000	0.656755
chr2	197750000	198000000	0.438286
chr2	198000000	198250000	-0.286186
chr2	198250000	198500000	-0.012727
chr2	198500000	198750000	-0.496261
chr2	198750000	199000000	-0.934359
chr2	199000000	199250000	-1.12715
chr2	199250000	199500000	-0.749466
chr2	199500000	199750000	-1.13372
chr2	199750000	200000000	-0.0198856
chr2	200000000	200250000	-0.180601
chr2	200250000	200500000	0.886782
chr2	200500000	200750000	0.423302
chr2	200750000	201000000	0.929235
chr2	201000000	201250000	1.3652
chr2	201250000	201500000	0.733057
chr2	201500000	201750000	0.923398
chr2	201750000	202000000	0.24366
chr2	202000000	202250000	0.933034
chr2	202250000	202500000	2.18922
chr2	202500000	202750000	0.631822
chr2	202750000	203000000	0.724876
chr2	203000000	203250000	0.877963
chr2	203250000	203500000	0.487172
chr2	203500000	203750000	0.976881
chr2	203750000	204000000	0.0703623
chr2	204000000	204250000	-1.62387
chr2	204250000	204500000	0.00961252
chr2	204500000	204750000	-0.632287
chr2	204750000	205000000	-0.322871
chr2	205000000	205250000	0.180799
chr2	205250000	205500000	-0.337357
chr2	205500000	205750000	-0.166994
chr2	205750000	206000000	-0.234337
chr2	206000000	206250000	0.511469
chr2	206250000	206500000	-0.08853
chr2	206500000	206750000	-0.174463
chr2	206750000	207000000	-0.145975
chr2	207000000	207250000	0.62929
chr2	207250000	207500000	-0.507622
chr2	207500000	207750000	0.0769502
chr2	207750000	208000000	1.74891
chr2	208000000	208250000	1.01585
chr2	208250000	208500000	-0.175495
chr2	208500000	208750000	-1.55077
chr2	208750000	209000000	-0.360293
chr2	209000000	209250000	-0.361914
chr2	209250000	209500000	-0.172549
chr2	209500000	209750000	0.1172
chr2	209750000	210000000	-0.61532
chr2	210000000	210250000	0.198283
chr2	210250000	210500000	0.12037
chr2	210500000	210750000	-0.133623
chr2	210750000	211000000	-0.451787
chr2	211000000	211250000	-0.323716
chr2	211250000	211500000	-0.260814
chr2	211500000	211750000	-0.302077
chr2	211750000	212000000	-0.00482275
chr2	212000000	212250000	-0.67393
chr2	212250000	212500000	-0.690083
chr2	212500000	212750000	-0.00977717
chr2	212750000	213000000	-0.493978
chr2	213000000	213250000	0.615127
chr2	213250000	213500000	-0.939666
chr2	213500000	213750000	-0.415799
chr2	213750000	214000000	-0.206831
chr2	214000000	214250000	-1.13705
chr2	214250000	214500000	-0.330183
chr2	214500000	214750000	-0.0468796
chr2	214750000	215000000	0.246226
chr2	215000000	215250000	0.583728
chr2	215250000	215500000	0.382843
chr2	215500000	215750000	0.196314
chr2	215750000	216000000	0.527019
chr2	216000000	216250000	0.685545
chr2	216250000	216500000	0.385958
chr2	216500000	216750000	0.523861
chr2	216750000	217000000	0.10948
chr2	217000000	217250000	0.563611
chr2	217250000	217500000	-0.0443246
chr2	217500000	217750000	-0.241027
chr2	217750000	218000000	0.701643
chr2	218000000	218250000	0.240057
chr2	218250000	218500000	1.54274
chr2	218500000	218750000	1.28864
chr2	218750000	219000000	0.816407
chr2	219000000	219250000	1.06216
chr2	219250000	219500000	0.558649
chr2	219500000	219750000	0.899451
chr2	219750000	220000000	-0.383432
chr2	220000000	220250000	-0.337566
chr2	220250000	220500000	-0.657541
chr2	220500000	220750000	-0.632547
chr2	220750000	221000000	-0.551093
chr2	221000000	221250000	0.165746
chr2	221250000	221500000	-0.683529
chr2	221500000	221750000	-0.241146
chr2	221750000	222000000	-0.614225
chr2	222000000	222250000	-0.308533
chr2	222250000	222500000	0.680626
chr2	222500000	222750000	1.19136
chr2	222750000	223000000	0.101877
chr2	223000000	223250000	-0.334879
chr2	223250000	223500000	-0.395024
chr2	223500000	223750000	0.385966
chr2	223750000	224000000	1.20817
chr2	224000000	224250000	-0.734175
chr2	224250000	224500000	-0.133471
chr2	224500000	224750000	1.11853
chr2	224750000	225000000	0.965419
chr2	225000000	225250000	-0.0306676
chr2	225250000	225500000	-0.0694049
chr2	225500000	225750000	-0.51551
chr2	225750000	226000000	-0.803734
chr2	226000000	226250000	0.067008
chr2	226250000	226500000	-0.47876
chr2	226500000	226750000	-0.0809998
chr2	226750000	227000000	0.309073
chr2	227000000	227250000	-0.680743
chr2	227250000	227500000	0.651196
chr2	227500000	227750000	-0.0616035
chr2	227750000	228000000	-0.106044
chr2	228000000	228250000	-0.109213
chr2	228250000	228500000	-0.745322
chr2	228500000	228750000	-0.587075
chr2	228750000	229000000	-0.333276
chr2	229000000	229250000	-0.742694
chr2	229250000	229500000	-0.580162
chr2	229500000	229750000	-0.0593769
chr2	229750000	230000000	0.908455
chr2	230000000	230250000	0.767042
chr2	230250000	230500000	0.684946
chr2	230500000	230750000	0.366751
chr2	230750000	231000000	0.77734
chr2	231000000	231250000	1.74008
chr2	231250000	231500000	1.09295
chr2	231500000	231750000	1.2928
chr2	231750000	232000000	1.02265
chr2	232000000	232250000	1.54182
chr2	232250000	232500000	1.13052
chr2	232500000	232750000	0.442788
chr2	232750000	233000000	1.00437
chr2	233000000	233250000	0.591236
chr2	233250000	233500000	1.55409
chr2	233500000	233750000	0.0983222
chr2	233750000	234000000	0.112693
chr2	234000000	234250000	0.658206
chr2	234250000	234500000	0.898253
chr2	234500000	234750000	-0.159326
chr2	234750000	235000000	-0.167898
chr2	235000000	235250000	-0.442549
chr2	235250000	235500000	-0.165147
chr2	235500000	235750000	-0.347608
chr2	235750000	236000000	0.205966
chr2	236000000	236250000	-0.06807
chr2	236250000	236500000	-0.28839
chr2	236500000	236750000	0.423316
chr2	236750000	237000000	0.185928
chr2	237000000	237250000	0.255254
chr2	237250000	237500000	0.137871
chr2	237500000	237750000	0.423833
chr2	237750000	238000000	0.921526
chr2	238000000	238250000	1.17366
chr2	238250000	238500000	0.238083
chr2	238500000	238750000	-0.101642
chr2	238750000	239000000	-0.0665655
chr2	239000000	239250000	0.056317
chr2	239250000	239500000	0.910049
chr2	239500000	239750000	0.296394
chr2	239750000	240000000	0.220533
chr2	240000000	240250000	0.382648
chr2	240250000	240500000	0.0886422
chr2	240500000	240750000	0.195821
chr2	240750000	241000000	0.493994
chr2	241000000	241250000	0.923662
chr2	241250000	241500000	0.609848
chr2	241500000	241750000	0.95126
chr2	241750000	242000000	0.742027
chr2	242000000	242193529	0.723615
#bedGraph section chr20:0-64444167
chr20	0	250000	0.560636
chr20	250000	500000	0.547105
chr20	500000	750000	-0.417145
chr20	750000	1000000	0.404168
chr20	1000000	1250000	0.337522
chr20	1250000	1500000	0.304367
chr20	1500000	1750000	0.212615
chr20	1750000	2000000	0.540147
chr20	2000000	2250000	0.710181
chr20	2250000	2500000	0.0751325
chr20	2500000	2750000	0.781304
chr20	2750000	3000000	0.484949
chr20	3000000	3250000	0.317343
chr20	3250000	3500000	0.769106
chr20	3500000	3750000	0.680661
chr20	3750000	4000000	0.199118
chr20	4000000	4250000	-0.00287627
chr20	4250000	4500000	-0.45731
chr20	4500000	4750000	-0.11416
chr20	4750000	5000000	0.122567
chr20	5000000	5250000	0.37609
chr20	5250000	5500000	-0.342028
chr20	5500000	5750000	0.544523
chr20	5750000	6000000	1.04103
chr20	6000000	6250000	-0.0367453
chr20	6250000	6500000	-0.960314
chr20	6500000	6750000	-0.0708832
chr20	6750000	7000000	-0.157577
chr20	7000000	7250000	-0.597613
chr20	7250000	7500000	-0.4891
chr20	7500000	7750000	-0.547987
chr20	7750000	8000000	-0.691355
chr20	8000000	8250000	-0.228322
chr20	8250000	8500000	0.148896
chr20	8500000	8750000	-0.581004
chr20	8750000	9000000	-0.744668
chr20	9000000	9250000	-0.968292
chr20	9250000	9500000	-0.576986
chr20	9500000	9750000	-1.12125
chr20	9750000	10000000	-0.796121
chr20	10000000	10250000	-0.194327
chr20	10250000	10500000	0.146497
chr20	10500000	10750000	-0.0723383
chr20	10750000	11000000	-0.273831
chr20	11000000	11250000	-0.596312
chr20	11250000	11500000	-0.19693
chr20	11500000	11750000	-0.471328
chr20	11750000	12000000	-1.6298
chr20	12000000	12250000	-1.10811
chr20	12250000	12500000	-0.774348
chr20	12500000	12750000	-1.29377
chr20	12750000	13000000	-1.14211
chr20	13000000	13250000	-0.668018
chr20	13250000	13500000	-0.716099
chr20	13500000	13750000	-0.186434
chr20	13750000	14000000	-1.09378
chr20	14000000	14250000	-0.872456
chr20	14250000	14500000	-0.067984
chr20	14500000	14750000	0.0343194
chr20	14750000	15000000	-0.22761
chr20	15000000	15250000	-0.152555
chr20	15250000	15500000	-0.225844
chr20	15500000	15750000	-0.255492
chr20	15750000	16000000	0.0604386
chr20	16000000	16250000	-0.0284069
chr20	16250000	16500000	-0.0553066
chr20	16500000	16750000	-0.128655
chr20	16750000	17000000	-0.370445
chr20	17000000	17250000	-0.517145
chr20	17250000	17500000	-0.53208
chr20	17500000	17750000	0.256457
chr20	17750000	18000000	0.272443
chr20	18000000	18250000	-0.0777633
chr20	18250000	18500000	0.305051
chr20	18500000	18750000	0.0904822
chr20	18750000	19000000	0.088563
chr20	19000000	19250000	-0.301943
chr20	19250000	19500000	-0.75411
chr20	19500000	19750000	-0.193135
chr20	19750000	20000000	0.097826
chr20	20000000	20250000	-0.847348
chr20	20250000	20500000	0.410021
chr20	20500000	20750000	0.117705
chr20	20750000	21000000	-0.468966
chr20	21000000	21250000	-0.722493
chr20	21250000	21500000	0.00645341
chr20	21500000	21750000	-0.181412
chr20	21750000	22000000	-1.66047
chr20	22000000	22250000	-0.800857
chr20	22250000	22500000	-0.707566
chr20	22500000	22750000	-0.720344
chr20	22750000	23000000	-0.595562
chr20	23000000	23250000	-0.661243
chr20	23250000	23500000	-0.273695
chr20	23500000	23750000	-1.09157
chr20	23750000	24000000	-0.484592
chr20	24000000	24250000	-1.0221
chr20	24250000	24500000	-0.765404
chr20	24500000	24750000	-0.76801
chr20	24750000	25000000	-0.246159
chr20	25000000	25250000	0.385349
chr20	25250000	25500000	-0.325702
chr20	25500000	25750000	-0.556312
chr20	25750000	26000000	-0.887872
chr20	26000000	26250000	nan
chr20	26250000	26500000	nan
chr20	26500000	26750000	nan
chr20	26750000	27000000	nan
chr20	27000000	27250000	nan
chr20	27250000	27500000	nan
chr20	27500000	27750000	nan
chr20	27750000	28000000	nan
chr20	28000000	28250000	nan
chr20	28250000	28500000	nan
chr20	28500000	28750000	-0.617622
chr20	28750000	29000000	-0.996874
chr20	29000000	29250000	-0.661899
chr20	29250000	29500000	-1.04165
chr20	29500000	29750000	-1.06029
chr20	29750000	30000000	-0.762548
chr20	30000000	30250000	nan
chr20	30250000	30500000	-1.46098
chr20	30500000	30750000	-1.75712
chr20	30750000	31000000	-1.29976
chr20	31000000	31250000	-1.27471
chr20	31250000	31500000	-1.62681
chr20	31500000	31750000	0.560512
chr20	31750000	32000000	0.421283
chr20	32000000	32250000	1.24092
chr20	32250000	32500000	0.646672
chr20	32500000	32750000	0.663401
chr20	32750000	33000000	0.769098
chr20	33000000	33250000	-0.229362
chr20	33250000	33500000	0.442573
chr20	33500000	33750000	0.819569
chr20	33750000	34000000	0.497679
chr20	34000000	34250000	0.471387
chr20	34250000	34500000	0.689341
chr20	34500000	34750000	0.705341
chr20	34750000	35000000	0.698488
chr20	35000000	35250000	0.555733
chr20	35250000	35500000	0.562266
chr20	35500000	35750000	0.735686
chr20	35750000	36000000	0.579199
chr20	36000000	36250000	0.690281
chr20	36250000	36500000	0.46697
chr20	36500000	36750000	0.187299
chr20	36750000	37000000	0.620891
chr20	37000000	37250000	0.739852
chr20	37250000	37500000	0.514075
chr20	37500000	37750000	0.707603
chr20	37750000	38000000	0.592909
chr20	38000000	38250000	0.592326
chr20	38250000	38500000	0.966797
chr20	38500000	38750000	0.250118
chr20	38750000	39000000	0.227815
chr20	39000000	39250000	0.00788441
chr20	39250000	39500000	-0.189613
chr20	39500000	39750000	-0.299988
chr20	39750000	40000000	-0.916596
chr20	40000000	40250000	-0.479244
chr20	40250000	40500000	-0.422382
chr20	40500000	40750000	-0.132917
chr20	40750000	41000000	0.0126992
chr20	41000000	41250000	0.352991
chr20	41250000	41500000	0.371119
chr20	41500000	41750000	0.219176
chr20	41750000	42000000	-0.817624
chr20	42000000	42250000	-0.890889
chr20	42250000	42500000	-1.0661
chr20	42500000	42750000	-0.93867
chr20	42750000	43000000	-0.676416
chr20	43000000	43250000	-1.0313
chr20	43250000	43500000	-0.51065
chr20	43500000	43750000	0.426044
chr20	43750000	44000000	0.741703
chr20	44000000	44250000	0.614173
chr20	44250000	44500000	0.53454
chr20	44500000	44750000	0.893509
chr20	44750000	45000000	0.450217
chr20	45000000	45250000	0.431771
chr20	45250000	45500000	0.646552
chr20	45500000	45750000	0.130626
chr20	45750000	46000000	0.929241
chr20	46000000	46250000	0.308103
chr20	46250000	46500000	0.0551239
chr20	46500000	46750000	0.265979
chr20	46750000	47000000	0.0789295
chr20	47000000	47250000	0.413326
chr20	47250000	47500000	0.576818
chr20	47500000	47750000	0.697289
chr20	47750000	48000000	0.0950281
chr20	48000000	48250000	0.0914221
chr20	48250000	48500000	0.184803
chr20	48500000	48750000	0.488268
chr20	48750000	49000000	0.654778
chr20	49000000	49250000	0.886427
chr20	49250000	49500000	0.346166
chr20	49500000	49750000	0.91352
chr20	49750000	50000000	0.511005
chr20	50000000	50250000	0.410681
chr20	50250000	50500000	0.886365
chr20	50500000	50750000	0.569596
chr20	50750000	51000000	0.974379
chr20	51000000	51250000	-0.41389
chr20	51250000	51500000	0.184754
chr20	51500000	51750000	0.0297618
chr20	51750000	52000000	-0.600725
chr20	52000000	52250000	-0.0125656
chr20	52250000	52500000	-0.90897
chr20	52500000	52750000	-0.40279
chr20	52750000	53000000	-0.548017
chr20	53000000	53250000	-0.109169
chr20	53250000	53500000	-0.488581
chr20	53500000	53750000	0.846247
chr20	53750000	54000000	0.279447
chr20	54000000	54250000	0.313635
chr20	54250000	54500000	-0.586115
chr20	54500000	54750000	-0.276985
chr20	54750000	55000000	-0.731707
chr20	55000000	55250000	-1.13804
chr20	55250000	55500000	-1.33797
chr20	55500000	55750000	-0.673099
chr20	55750000	56000000	-1.99805
chr20	56000000	56250000	-1.18535
chr20	56250000	56500000	0.451388
chr20	56500000	56750000	-0.332304
chr20	56750000	57000000	-0.547305
chr20	57000000	57250000	-0.616304
chr20	57250000	57500000	0.336548
chr20	57500000	57750000	0.204904
chr20	57750000	58000000	0.00613067
chr20	58000000	58250000	-0.038171
chr20	58250000	58500000	-0.00993712
chr20	58500000	58750000	-0.356909
chr20	58750000	59000000	0.295084
chr20	59000000	59250000	-0.346072
chr20	59250000	59500000	-0.293294
chr20	59500000	59750000	-0.523274
chr20	59750000	60000000	-1.01231
chr20	60000000	60250000	-0.865869
chr20	60250000	60500000	-1.34289
chr20	60500000	60750000	-1.65008
chr20	60750000	61000000	-1.91334
chr20	61000000	61250000	-1.94452
chr20	61250000	61500000	-1.7196
chr20	61500000	61750000	-1.51717
chr20	61750000	62000000	-1.19732
chr20	62000000	62250000	0.725925
chr20	62250000	62500000	0.732217
chr20	62500000	62750000	0.972431
chr20	62750000	63000000	0.709091
chr20	63000000	63250000	0.316853
chr20	63250000	63500000	0.303162
chr20	63500000	63750000	0.580691
chr20	63750000	64000000	0.663757
chr20	64000000	64250000	0.259656
chr20	64250000	64444167	nan
#bedGraph section chr21:0-46709983
chr21	0	250000	nan
chr21	250000	500000	nan
chr21	500000	750000	nan
chr21	750000	1000000	nan
chr21	1000000	1250000	nan
chr21	1250000	1500000	nan
chr21	1500000	1750000	nan
chr21	1750000	2000000	nan
chr21	2000000	2250000	nan
chr21	2250000	2500000	nan
chr21	2500000	2750000	nan
chr21	2750000	3000000	nan
chr21	3000000	3250000	nan
chr21	3250000	3500000	nan
chr21	3500000	3750000	nan
chr21	3750000	4000000	nan
chr21	4000000	4250000	nan
chr21	4250000	4500000	nan
chr21	4500000	4750000	nan
chr21	4750000	5000000	nan
chr21	5000000	5250000	-0.0138949
chr21	5250000	5500000	nan
chr21	5500000	5750000	nan
chr21	5750000	6000000	nan
chr21	6000000	6250000	nan
chr21	6250000	6500000	nan
chr21	6500000	6750000	nan
chr21	6750000	7000000	nan
chr21	7000000	7250000	nan
chr21	7250000	7500000	nan
chr21	7500000	7750000	nan
chr21	7750000	8000000	nan
chr21	8000000	8250000	nan
chr21	8250000	8500000	nan
chr21	8500000	8750000	nan
chr21	8750000	9000000	nan
chr21	9000000	9250000	0.204992
chr21	9250000	9500000	nan
chr21	9500000	9750000	-0.149058
chr21	9750000	10000000	-0.321087
chr21	10000000	10250000	nan
chr21	10250000	10500000	-0.356094
chr21	10500000	10750000	-1.16229
chr21	10750000	11000000	-0.313825
chr21	11000000	11250000	nan
chr21	11250000	11500000	nan
chr21	11500000	11750000	nan
chr21	11750000	12000000	nan
chr21	12000000	12250000	nan
chr21	12250000	12500000	nan
chr21	12500000	12750000	nan
chr21	12750000	13000000	nan
chr21	13000000	13250000	nan
chr21	13250000	13500000	-2.4747
chr21	13500000	13750000	nan
chr21	13750000	14000000	-0.841857
chr21	14000000	14250000	-0.537795
chr21	14250000	14500000	0.613659
chr21	14500000	14750000	0.214695
chr21	14750000	15000000	0.175361
chr21	15000000	15250000	0.168961
chr21	15250000	15500000	-0.37548
chr21	15500000	15750000	0.00822899
chr21	15750000	16000000	0.0538841
chr21	16000000	16250000	-0.313826
chr21	16250000	16500000	-0.449459
chr21	16500000	16750000	-0.746284
chr21	16750000	17000000	-1.90472
chr21	17000000	17250000	-1.73508
chr21	17250000	17500000	-0.810485
chr21	17500000	17750000	0.429548
chr21	17750000	18000000	0.0828312
chr21	18000000	18250000	-1.48753
chr21	18250000	18500000	-1.62604
chr21	18500000	18750000	-1.34132
chr21	18750000	19000000	-1.57969
chr21	19000000	19250000	-0.956854
chr21	19250000	19500000	-0.236815
chr21	19500000	19750000	-0.142015
chr21	19750000	20000000	-0.946578
chr21	20000000	20250000	-1.26798
chr21	20250000	20500000	-1.22875
chr21	20500000	20750000	-0.967437
chr21	20750000	21000000	-0.980079
chr21	21000000	21250000	-0.485328
chr21	21250000	21500000	-0.949783
chr21	21500000	21750000	-0.506583
chr21	21750000	22000000	-0.508547
chr21	22000000	22250000	-1.09953
chr21	22250000	22500000	-0.928912
chr21	22500000	22750000	-0.22898
chr21	22750000	23000000	-1.23745
chr21	23000000	23250000	-0.11791
chr21	23250000	23500000	-0.242062
chr21	23500000	23750000	-0.400166
chr21	23750000	24000000	-1.04698
chr21	24000000	24250000	-0.478308
chr21	24250000	24500000	0.256734
chr21	24500000	24750000	-0.351535
chr21	24750000	25000000	-0.276077
chr21	25000000	25250000	-0.0593188
chr21	25250000	25500000	0.285532
chr21	25500000	25750000	0.31983
chr21	25750000	26000000	0.165048
chr21	26000000	26250000	-0.431958
chr21	26250000	26500000	-0.572374
chr21	26500000	26750000	-1.47621
chr21	26750000	27000000	-0.550663
chr21	27000000	27250000	-1.00602
chr21	27250000	27500000	-0.581069
chr21	27500000	27750000	0.0457723
chr21	27750000	28000000	-0.974394
chr21	28000000	28250000	-0.404459
chr21	28250000	28500000	-0.690603
chr21	28500000	28750000	-0.735842
chr21	28750000	29000000	0.302879
chr21	29000000	29250000	0.474551
chr21	29250000	29500000	0.147325
chr21	29500000	29750000	-0.317122
chr21	29750000	30000000	-0.0895277
chr21	30000000	30250000	-0.877505
chr21	30250000	30500000	-0.966075
chr21	30500000	30750000	-1.33706
chr21	30750000	31000000	-1.02671
chr21	31000000	31250000	-0.0787188
chr21	31250000	31500000	0.190919
chr21	31500000	31750000	0.14582
chr21	31750000	32000000	0.200284
chr21	32000000	32250000	-0.318706
chr21	32250000	32500000	0.374042
chr21	32500000	32750000	0.331989
chr21	32750000	33000000	0.563689
chr21	33000000	33250000	0.209299
chr21	33250000	33500000	-0.18149
chr21	33500000	33750000	0.570121
chr21	33750000	34000000	0.442648
chr21	34000000	34250000	0.251058
chr21	34250000	34500000	0.304925
chr21	34500000	34750000	0.670385
chr21	34750000	35000000	0.335843
chr21	35000000	35250000	0.321829
chr21	35250000	35500000	0.195787
chr21	35500000	35750000	0.509764
chr21	35750000	36000000	0.465334
chr21	36000000	36250000	0.299269
chr21	36250000	36500000	0.58576
chr21	36500000	36750000	0.09804
chr21	36750000	37000000	0.54656
chr21	37000000	37250000	0.331888
chr21	37250000	37500000	0.607134
chr21	37500000	37750000	0.223837
chr21	37750000	38000000	0.424376
chr21	38000000	38250000	-0.340308
chr21	38250000	38500000	0.299571
chr21	38500000	38750000	-0.102257
chr21	38750000	39000000	-0.263918
chr21	39000000	39250000	-0.0664616
chr21	39250000	39500000	0.105521
chr21	39500000	39750000	-0.694907
chr21	39750000	40000000	-1.99087
chr21	40000000	40250000	-2.66838
chr21	40250000	40500000	-1.57432
chr21	40500000	40750000	-2.74756
chr21	40750000	41000000	-1.69753
chr21	41000000	41250000	-0.312449
chr21	41250000	41500000	0.291631
chr21	41500000	41750000	0.370767
chr21	41750000	42000000	0.450082
chr21	42000000	42250000	0.657356
chr21	42250000	42500000	0.798305
chr21	42500000	42750000	0.462195
chr21	42750000	43000000	0.486178
chr21	43000000	43250000	0.740464
chr21	43250000	43500000	0.164338
chr21	43500000	43750000	0.612948
chr21	43750000	44000000	0.536747
chr21	44000000	44250000	0.501221
chr21	44250000	44500000	0.198994
chr21	44500000	44750000	-0.271795
chr21	44750000	45000000	0.34766
chr21	45000000	45250000	0.423433
chr21	45250000	45500000	-0.154766
chr21	45500000	45750000	0.265178
chr21	45750000	46000000	0.231111
chr21	46000000	46250000	-0.256629
chr21	46250000	46500000	0.592069
chr21	46500000	46709983	0.320981
#bedGraph section chr22:0-50818468
chr22	0	250000	nan
chr22	250000	500000	nan
chr22	500000	750000	nan
chr22	750000	1000000	nan
chr22	1000000	1250000	nan
chr22	1250000	1500000	nan
chr22	1500000	1750000	nan
chr22	1750000	2000000	nan
chr22	2000000	2250000	nan
chr22	2250000	2500000	nan
chr22	2500000	2750000	nan
chr22	2750000	3000000	nan
chr22	3000000	3250000	nan
chr22	3250000	3500000	nan
chr22	3500000	3750000	nan
chr22	3750000	4000000	nan
chr22	4000000	4250000	nan
chr22	4250000	4500000	nan
chr22	4500000	4750000	nan
chr22	4750000	5000000	nan
chr22	5000000	5250000	nan
chr22	5250000	5500000	nan
chr22	5500000	5750000	nan
chr22	5750000	6000000	nan
chr22	6000000	6250000	nan
chr22	6250000	6500000	nan
chr22	6500000	6750000	nan
chr22	6750000	7000000	nan
chr22	7000000	7250000	nan
chr22	7250000	7500000	nan
chr22	7500000	7750000	nan
chr22	7750000	8000000	nan
chr22	8000000	8250000	nan
chr22	8250000	8500000	nan
chr22	8500000	8750000	nan
chr22	8750000	9000000	nan
chr22	9000000	9250000	nan
chr22	9250000	9500000	nan
chr22	9500000	9750000	nan
chr22	9750000	10000000	nan
chr22	10000000	10250000	nan
chr22	10250000	10500000	nan
chr22	10500000	10750000	nan
chr22	10750000	11000000	nan
chr22	11000000	11250000	-0.218931
chr22	11250000	11500000	nan
chr22	11500000	11750000	nan
chr22	11750000	12000000	nan
chr22	12000000	12250000	nan
chr22	12250000	12500000	nan
chr22	12500000	12750000	nan
chr22	12750000	13000000	nan
chr22	13000000	13250000	nan
chr22	13250000	13500000	nan
chr22	13500000	13750000	nan
chr22	13750000	14000000	nan
chr22	14000000	14250000	nan
chr22	14250000	14500000	nan
chr22	14500000	14750000	nan
chr22	14750000	15000000	nan
chr22	15000000	15250000	nan
chr22	15250000	15500000	nan
chr22	15500000	15750000	nan
chr22	15750000	16000000	nan
chr22	16000000	16250000	nan
chr22	16250000	16500000	nan
chr22	16500000	16750000	-1.50353
chr22	16750000	17000000	-1.33391
chr22	17000000	17250000	0.0564448
chr22	17250000	17500000	0.160916
chr22	17500000	17750000	-0.263143
chr22	17750000	18000000	0.518167
chr22	18000000	18250000	-0.449458
chr22	18250000	18500000	nan
chr22	18500000	18750000	nan
chr22	18750000	19000000	-0.656266
chr22	19000000	19250000	-0.314207
chr22	19250000	19500000	-0.303603
chr22	19500000	19750000	-0.623752
chr22	19750000	20000000	0.23375
chr22	20000000	20250000	0.834769
chr22	20250000	20500000	0.71315
chr22	20500000	20750000	0.495201
chr22	20750000	21000000	0.228897
chr22	21000000	21250000	1.36885
chr22	21250000	21500000	nan
chr22	21500000	21750000	0.823839
chr22	21750000	22000000	0.759724
chr22	22000000	22250000	0.284726
chr22	22250000	22500000	0.738696
chr22	22500000	22750000	0.621759
chr22	22750000	23000000	0.388455
chr22	23000000	23250000	0.633702
chr22	23250000	23500000	0.2183
chr22	23500000	23750000	0.60317
chr22	23750000	24000000	0.639929
chr22	24000000	24250000	0.475489
chr22	24250000	24500000	0.12496
chr22	24500000	24750000	0.842721
chr22	24750000	25000000	-0.667027
chr22	25000000	25250000	-0.763004
chr22	25250000	25500000	-0.324504
chr22	25500000	25750000	0.309194
chr22	25750000	26000000	-0.720699
chr22	26000000	26250000	-0.452592
chr22	26250000	26500000	-0.798601
chr22	26500000	26750000	0.277394
chr22	26750000	27000000	-0.83332
chr22	27000000	27250000	-1.27325
chr22	27250000	27500000	-0.87868
chr22	27500000	27750000	-0.920832
chr22	27750000	28000000	-0.849082
chr22	28000000	28250000	-0.835345
chr22	28250000	28500000	-0.63025
chr22	28500000	28750000	-0.548232
chr22	28750000	29000000	0.720403
chr22	29000000	29250000	-0.0193646
chr22	29250000	29500000	0.694638
chr22	29500000	29750000	0.769893
chr22	29750000	30000000	1.41303
chr22	30000000	30250000	0.436322
chr22	30250000	30500000	0.796258
chr22	30500000	30750000	0.348729
chr22	30750000	31000000	-0.0455545
chr22	31000000	31250000	-0.123047
chr22	31250000	31500000	0.398106
chr22	31500000	31750000	0.668529
chr22	31750000	32000000	0.671497
chr22	32000000	32250000	-0.327546
chr22	32250000	32500000	-0.373289
chr22	32500000	32750000	-1.08505
chr22	32750000	33000000	-1.1878
chr22	33000000	33250000	-0.975774
chr22	33250000	33500000	-0.782946
chr22	33500000	33750000	-0.353924
chr22	33750000	34000000	-0.949801
chr22	34000000	34250000	-1.0231
chr22	34250000	34500000	-1.04169
chr22	34500000	34750000	-0.417547
chr22	34750000	35000000	-1.62731
chr22	35000000	35250000	-0.557135
chr22	35250000	35500000	-0.154928
chr22	35500000	35750000	-0.17897
chr22	35750000	36000000	0.00103245
chr22	36000000	36250000	0.616413
chr22	36250000	36500000	0.889412
chr22	36500000	36750000	-0.513981
chr22	36750000	37000000	-0.0741882
chr22	37000000	37250000	0.679933
chr22	37250000	37500000	0.528222
chr22	37500000	37750000	1.53211
chr22	37750000	38000000	0.39919
chr22	38000000	38250000	0.326755
chr22	38250000	38500000	0.496826
chr22	38500000	38750000	0.631157
chr22	38750000	39000000	0.760159
chr22	39000000	39250000	0.139373
chr22	39250000	39500000	0.589208
chr22	39500000	39750000	-0.00398138
chr22	39750000	40000000	-0.0653073
chr22	40000000	40250000	0.250289
chr22	40250000	40500000	0.260149
chr22	40500000	40750000	0.891919
chr22	40750000	41000000	0.41137
chr22	41000000	41250000	0.495751
chr22	41250000	41500000	0.721803
chr22	41500000	41750000	0.560597
chr22	41750000	42000000	1.13099
chr22	42000000	42250000	0.417412
chr22	42250000	42500000	1.00593
chr22	42500000	42750000	0.652437
chr22	42750000	43000000	0.77015
chr22	43000000	43250000	0.701316
chr22	43250000	43500000	-0.870888
chr22	43500000	43750000	-0.383796
chr22	43750000	44000000	-0.277715
chr22	44000000	44250000	-0.307954
chr22	44250000	44500000	-0.274316
chr22	44500000	44750000	-0.18123
chr22	44750000	45000000	-0.590147
chr22	45000000	45250000	-0.428478
chr22	45250000	45500000	-0.36114
chr22	45500000	45750000	-0.337613
chr22	45750000	46000000	0.24973
chr22	46000000	46250000	0.406634
chr22	46250000	46500000	0.209465
chr22	46500000	46750000	0.208164
chr22	46750000	47000000	-0.599979
chr22	47000000	47250000	-0.827549
chr22	47250000	47500000	-0.78682
chr22	47500000	47750000	-1.17834
chr22	47750000	48000000	-0.547136
chr22	48000000	48250000	-0.61622
chr22	48250000	48500000	-1.10466
chr22	48500000	48750000	-0.484245
chr22	48750000	49000000	-0.717607
chr22	49000000	49250000	-1.26089
chr22	49250000	49500000	-0.80527
chr22	49500000	49750000	-0.437821
chr22	49750000	50000000	0.341347
chr22	50000000	50250000	-0.181771
chr22	50250000	50500000	0.326784
chr22	50500000	50750000	0.134459
chr22	50750000	50818468	nan
#bedGraph section chr3:0-198295559
chr3	0	250000	0.443115
chr3	250000	500000	-0.681329
chr3	500000	750000	-0.947762
chr3	750000	1000000	-2.59204
chr3	1000000	1250000	-0.842906
chr3	1250000	1500000	-1.21183
chr3	1500000	1750000	-1.07743
chr3	1750000	2000000	0.130173
chr3	2000000	2250000	-0.852564
chr3	2250000	2500000	0.0634663
chr3	2500000	2750000	-0.750006
chr3	2750000	3000000	-0.943422
chr3	3000000	3250000	-0.25951
chr3	3250000	3500000	-1.67259
chr3	3500000	3750000	-1.56306
chr3	3750000	4000000	-1.54083
chr3	4000000	4250000	-1.15662
chr3	4250000	4500000	0.0065521
chr3	4500000	4750000	0.465487
chr3	4750000	5000000	0.228466
chr3	5000000	5250000	0.68097
chr3	5250000	5500000	-0.209379
chr3	5500000	5750000	0.234631
chr3	5750000	6000000	0.0360434
chr3	6000000	6250000	0.305544
chr3	6250000	6500000	-0.119746
chr3	6500000	6750000	-0.458504
chr3	6750000	7000000	-1.786
chr3	7000000	7250000	0.101668
chr3	7250000	7500000	-0.12726
chr3	7500000	7750000	-0.43261
chr3	7750000	8000000	-1.72284
chr3	8000000	8250000	-0.812693
chr3	8250000	8500000	-0.62741
chr3	8500000	8750000	-0.324552
chr3	8750000	9000000	-0.220333
chr3	9000000	9250000	0.42033
chr3	9250000	9500000	0.67301
chr3	9500000	9750000	0.215662
chr3	9750000	10000000	1.30226
chr3	10000000	10250000	0.996049
chr3	10250000	10500000	0.682982
chr3	10500000	10750000	0.310519
chr3	10750000	11000000	0.0156842
chr3	11000000	11250000	-0.102326
chr3	11250000	11500000	1.33486
chr3	11500000	11750000	0.172928
chr3	11750000	12000000	-0.273248
chr3	12000000	12250000	0.427658
chr3	12250000	12500000	0.526432
chr3	12500000	12750000	0.600708
chr3	12750000	13000000	0.294353
chr3	13000000	13250000	0.650791
chr3	13250000	13500000	0.70518
chr3	13500000	13750000	-0.0233342
chr3	13750000	14000000	0.373833
chr3	14000000	14250000	0.508689
chr3	14250000	14500000	0.418927
chr3	14500000	14750000	0.469969
chr3	14750000	15000000	0.965418
chr3	15000000	15250000	1.26386
chr3	15250000	15500000	0.795642
chr3	15500000	15750000	0.456999
chr3	15750000	16000000	0.455989
chr3	16000000	16250000	0.143247
chr3	16250000	16500000	0.77188
chr3	16500000	16750000	1.22696
chr3	16750000	17000000	-0.471022
chr3	17000000	17250000	0.263052
chr3	17250000	17500000	0.0990938
chr3	17500000	17750000	-0.150393
chr3	17750000	18000000	0.159518
chr3	18000000	18250000	-0.197102
chr3	18250000	18500000	-0.625692
chr3	18500000	18750000	-0.330768
chr3	18750000	19000000	-1.34701
chr3	19000000	19250000	-0.655043
chr3	19250000	19500000	-0.685298
chr3	19500000	19750000	-0.0829286
chr3	19750000	20000000	-0.488873
chr3	20000000	20250000	0.0150732
chr3	20250000	20500000	-0.52371
chr3	20500000	20750000	-0.545538
chr3	20750000	21000000	-0.329032
chr3	21000000	21250000	-1.41502
chr3	21250000	21500000	-0.419603
chr3	21500000	21750000	-0.563991
chr3	21750000	22000000	-0.93038
chr3	22000000	22250000	-2.34572
chr3	22250000	22500000	-0.0870999
chr3	22500000	22750000	-0.333072
chr3	22750000	23000000	0.111861
chr3	23000000	23250000	-0.211378
chr3	23250000	23500000	1.23835
chr3	23500000	23750000	0.402747
chr3	23750000	24000000	0.199412
chr3	24000000	24250000	-0.348795
chr3	24250000	24500000	-2.16885
chr3	24500000	24750000	-0.439724
chr3	24750000	25000000	-0.632608
chr3	25000000	25250000	-0.344507
chr3	25250000	25500000	-0.759265
chr3	25500000	25750000	-0.80286
chr3	25750000	26000000	0.342586
chr3	26000000	26250000	-1.68514
chr3	26250000	26500000	-0.989255
chr3	26500000	26750000	-0.28333
chr3	26750000	27000000	-0.911944
chr3	27000000	27250000	-1.19618
chr3	27250000	27500000	-0.81809
chr3	27500000	27750000	-0.66004
chr3	27750000	28000000	-0.136084
chr3	28000000	28250000	0.586372
chr3	28250000	28500000	-0.374257
chr3	28500000	28750000	-0.277559
chr3	28750000	29000000	-0.0401704
chr3	29000000	29250000	-0.716208
chr3	29250000	29500000	-0.0972101
chr3	29500000	29750000	0.441519
chr3	29750000	30000000	-1.37659
chr3	30000000	30250000	-0.297548
chr3	30250000	30500000	-0.197577
chr3	30500000	30750000	-1.20142
chr3	30750000	31000000	-0.266755
chr3	31000000	31250000	-0.191736
chr3	31250000	31500000	-0.998682
chr3	31500000	31750000	0.348123
chr3	31750000	32000000	0.27627
chr3	32000000	32250000	0.0305858
chr3	32250000	32500000	0.641973
chr3	32500000	32750000	0.769684
chr3	32750000	33000000	1.07572
chr3	33000000	33250000	-0.0324033
chr3	33250000	33500000	1.01383
chr3	33500000	33750000	0.152735
chr3	33750000	34000000	0.0716
chr3	34000000	34250000	-0.486211
chr3	34250000	34500000	-0.300803
chr3	34500000	34750000	-1.6302
chr3	34750000	35000000	-0.729518
chr3	35000000	35250000	-0.610909
chr3	35250000	35500000	-1.61844
chr3	35500000	35750000	-0.66791
chr3	35750000	36000000	-1.22787
chr3	36000000	36250000	-1.61011
chr3	36250000	36500000	-1.53379
chr3	36500000	36750000	-0.676393
chr3	36750000	37000000	0.191853
chr3	37000000	37250000	0.216371
chr3	37250000	37500000	0.410099
chr3	37500000	37750000	0.557157
chr3	37750000	38000000	0.59855
chr3	38000000	38250000	0.497356
chr3	38250000	38500000	0.390484
chr3	38500000	38750000	0.26425
chr3	38750000	39000000	0.121463
chr3	39000000	39250000	0.0722233
chr3	39250000	39500000	0.5173
chr3	39500000	39750000	-0.0880726
chr3	39750000	40000000	-0.417892
chr3	40000000	40250000	0.283787
chr3	40250000	40500000	0.110036
chr3	40500000	40750000	0.0594902
chr3	40750000	41000000	0.238756
chr3	41000000	41250000	0.145569
chr3	41250000	41500000	-0.0240374
chr3	41500000	41750000	0.168405
chr3	41750000	42000000	0.44234
chr3	42000000	42250000	0.487224
chr3	42250000	42500000	0.49653
chr3	42500000	42750000	0.97908
chr3	42750000	43000000	0.680695
chr3	43000000	43250000	0.723826
chr3	43250000	43500000	-0.0696922
chr3	43500000	43750000	0.772408
chr3	43750000	44000000	0.874562
chr3	44000000	44250000	0.465816
chr3	44250000	44500000	0.972284
chr3	44500000	44750000	0.126944
chr3	44750000	45000000	0.204386
chr3	45000000	45250000	0.513356
chr3	45250000	45500000	0.586056
chr3	45500000	45750000	1.09747
chr3	45750000	46000000	1.05374
chr3	46000000	46250000	0.244192
chr3	46250000	46500000	0.408363
chr3	46500000	46750000	1.29405
chr3	46750000	47000000	0.399938
chr3	47000000	47250000	0.850879
chr3	47250000	47500000	0.771314
chr3	47500000	47750000	0.995466
chr3	47750000	48000000	0.788834
chr3	48000000	48250000	0.679694
chr3	48250000	48500000	0.610405
chr3	48500000	48750000	0.30117
chr3	48750000	49000000	0.616637
chr3	49000000	49250000	0.253489
chr3	49250000	49500000	1.01773
chr3	49500000	49750000	0.496777
chr3	49750000	50000000	0.766489
chr3	50000000	50250000	1.0683
chr3	50250000	50500000	0.927939
chr3	50500000	50750000	0.333466
chr3	50750000	51000000	0.28032
chr3	51000000	51250000	0.195572
chr3	51250000	51500000	0.166
chr3	51500000	51750000	0.0868994
chr3	51750000	52000000	0.990419
chr3	52000000	52250000	0.71667
chr3	52250000	52500000	0.683531
chr3	52500000	52750000	0.655493
chr3	52750000	53000000	0.978841
chr3	53000000	53250000	0.962446
chr3	53250000	53500000	0.692068
chr3	53500000	53750000	0.616145
chr3	53750000	54000000	0.625664
chr3	54000000	54250000	0.020009
chr3	54250000	54500000	-0.0968005
chr3	54500000	54750000	-0.359793
chr3	54750000	55000000	0.159984
chr3	55000000	55250000	-0.0219517
chr3	55250000	55500000	-0.483685
chr3	55500000	55750000	0.660309
chr3	55750000	56000000	-0.293603
chr3	56000000	56250000	-0.371568
chr3	56250000	56500000	-0.384033
chr3	56500000	56750000	0.159865
chr3	56750000	57000000	0.74693
chr3	57000000	57250000	0.734679
chr3	57250000	57500000	1.94285
chr3	57500000	57750000	0.0488359
chr3	57750000	58000000	0.800508
chr3	58000000	58250000	1.22072
chr3	58250000	58500000	0.289631
chr3	58500000	58750000	0.723695
chr3	58750000	59000000	0.447235
chr3	59000000	59250000	-0.0513169
chr3	59250000	59500000	-0.389655
chr3	59500000	59750000	0.116221
chr3	59750000	60000000	-0.272349
chr3	60000000	60250000	-0.979943
chr3	60250000	60500000	-0.176157
chr3	60500000	60750000	-0.174706
chr3	60750000	61000000	-0.386929
chr3	61000000	61250000	-0.222707
chr3	61250000	61500000	0.364398
chr3	61500000	61750000	-0.117208
chr3	61750000	62000000	-0.0551921
chr3	62000000	62250000	-0.452215
chr3	62250000	62500000	-0.138619
chr3	62500000	62750000	0.0424903
chr3	62750000	63000000	0.160822
chr3	63000000	63250000	-0.523098
chr3	63250000	63500000	-1.19594
chr3	63500000	63750000	-0.0100187
chr3	63750000	64000000	-0.399701
chr3	64000000	64250000	-0.105546
chr3	64250000	64500000	-0.0808486
chr3	64500000	64750000	-0.595229
chr3	64750000	65000000	-0.732047
chr3	65000000	65250000	-0.175666
chr3	65250000	65500000	0.150251
chr3	65500000	65750000	-0.529131
chr3	65750000	66000000	-0.520777
chr3	66000000	66250000	-0.539708
chr3	66250000	66500000	0.729196
chr3	66500000	66750000	-0.143273
chr3	66750000	67000000	0.315367
chr3	67000000	67250000	-0.231093
chr3	67250000	67500000	-0.0233699
chr3	67500000	67750000	-0.18024
chr3	67750000	68000000	-0.972613
chr3	68000000	68250000	-0.42784
chr3	68250000	68500000	-0.550292
chr3	68500000	68750000	-1.09576
chr3	68750000	69000000	-0.739642
chr3	69000000	69250000	0.584047
chr3	69250000	69500000	-0.246133
chr3	69500000	69750000	-0.910336
chr3	69750000	70000000	-0.798479
chr3	70000000	70250000	-1.01517
chr3	70250000	70500000	-0.420197
chr3	70500000	70750000	-0.492023
chr3	70750000	71000000	-0.99742
chr3	71000000	71250000	-1.07594
chr3	71250000	71500000	0.313388
chr3	71500000	71750000	-0.244598
chr3	71750000	72000000	-0.178395
chr3	72000000	72250000	0.33524
chr3	72250000	72500000	0.389122
chr3	72500000	72750000	0.361346
chr3	72750000	73000000	0.254832
chr3	73000000	73250000	-0.71472
chr3	73250000	73500000	-0.638659
chr3	73500000	73750000	-0.360965
chr3	73750000	74000000	-0.259303
chr3	74000000	74250000	-0.175964
chr3	74250000	74500000	-0.0415152
chr3	74500000	74750000	-1.81585
chr3	74750000	75000000	-1.00859
chr3	75000000	75250000	-0.478273
chr3	75250000	75500000	-0.237227
chr3	75500000	75750000	-0.443429
chr3	75750000	76000000	-0.10668
chr3	76000000	76250000	-0.879032
chr3	76250000	76500000	-0.780074
chr3	76500000	76750000	-0.237929
chr3	76750000	77000000	-0.961575
chr3	77000000	77250000	-0.621387
chr3	77250000	77500000	-0.752364
chr3	77500000	77750000	-0.322425
chr3	77750000	78000000	-1.07584
chr3	78000000	78250000	-0.784886
chr3	78250000	78500000	-1.0379
chr3	78500000	78750000	-0.801816
chr3	78750000	79000000	0.642847
chr3	79000000	79250000	-0.654459
chr3	79250000	79500000	-0.245361
chr3	79500000	79750000	-0.466197
chr3	79750000	80000000	-0.392355
chr3	80000000	80250000	-0.559958
chr3	80250000	80500000	-1.28913
chr3	80500000	80750000	-0.384859
chr3	80750000	81000000	-0.291697
chr3	81000000	81250000	-0.440547
chr3	81250000	81500000	-0.524807
chr3	81500000	81750000	0.142503
chr3	81750000	82000000	0.174243
chr3	82000000	82250000	-0.33095
chr3	82250000	82500000	-0.991465
chr3	82500000	82750000	-0.742647
chr3	82750000	83000000	-0.421542
chr3	83000000	83250000	-0.450619
chr3	83250000	83500000	-0.499343
chr3	83500000	83750000	-1.72084
chr3	83750000	84000000	-0.498281
chr3	84000000	84250000	-0.527727
chr3	84250000	84500000	-0.441271
chr3	84500000	84750000	-0.280156
chr3	84750000	85000000	-0.00472556
chr3	85000000	85250000	-0.994909
chr3	85250000	85500000	-0.852669
chr3	85500000	85750000	-1.25801
chr3	85750000	86000000	-1.13234
chr3	86000000	86250000	-0.647564
chr3	86250000	86500000	0.245807
chr3	86500000	86750000	-0.257406
chr3	86750000	87000000	-0.422286
chr3	87000000	87250000	-0.601302
chr3	87250000	87500000	-0.067611
chr3	87500000	87750000	-0.00324487
chr3	87750000	88000000	-0.569999
chr3	88000000	88250000	0.0645648
chr3	88250000	88500000	-0.518214
chr3	88500000	88750000	-0.328329
chr3	88750000	89000000	-1.90775
chr3	89000000	89250000	-0.406073
chr3	89250000	89500000	-0.655765
chr3	89500000	89750000	-1.68673
chr3	89750000	90000000	-0.530126
chr3	90000000	90250000	-0.222108
chr3	90250000	90500000	-0.89923
chr3	90500000	90750000	nan
chr3	90750000	91000000	nan
chr3	91000000	91250000	nan
chr3	91250000	91500000	-0.308323
chr3	91500000	91750000	nan
chr3	91750000	92000000	nan
chr3	92000000	92250000	nan
chr3	92250000	92500000	nan
chr3	92500000	92750000	nan
chr3	92750000	93000000	nan
chr3	93000000	93250000	nan
chr3	93250000	93500000	0.0963668
chr3	93500000	93750000	nan
chr3	93750000	94000000	0.391116
chr3	94000000	94250000	-0.664638
chr3	94250000	94500000	-0.674475
chr3	94500000	94750000	-0.21144
chr3	94750000	95000000	-0.411504
chr3	95000000	95250000	-1.2943
chr3	95250000	95500000	0.0653266
chr3	95500000	95750000	0.403456
chr3	95750000	96000000	-0.53227
chr3	96000000	96250000	-0.583897
chr3	96250000	96500000	-0.136709
chr3	96500000	96750000	-0.270192
chr3	96750000	97000000	-0.238748
chr3	97000000	97250000	-0.734264
chr3	97250000	97500000	0.134
chr3	97500000	97750000	-0.817929
chr3	97750000	98000000	-0.171564
chr3	98000000	98250000	-0.158019
chr3	98250000	98500000	-0.158165
chr3	98500000	98750000	0.056943
chr3	98750000	99000000	0.0526119
chr3	99000000	99250000	0.187323
chr3	99250000	99500000	-0.470836
chr3	99500000	99750000	-0.625435
chr3	99750000	100000000	0.398883
chr3	100000000	100250000	0.330314
chr3	100250000	100500000	0.318796
chr3	100500000	100750000	-0.314183
chr3	100750000	101000000	0.118042
chr3	101000000	101250000	-0.839747
chr3	101250000	101500000	-0.143182
chr3	101500000	101750000	-0.683862
chr3	101750000	102000000	0.394431
chr3	102000000	102250000	-0.0355567
chr3	102250000	102500000	-0.452494
chr3	102500000	102750000	-0.0876408
chr3	102750000	103000000	-0.242832
chr3	103000000	103250000	0.60888
chr3	103250000	103500000	-0.0273044
chr3	103500000	103750000	-0.273421
chr3	103750000	104000000	-1.35024
chr3	104000000	104250000	0.568593
chr3	104250000	104500000	0.340673
chr3	104500000	104750000	0.235838
chr3	104750000	105000000	-0.339072
chr3	105000000	105250000	-1.26485
chr3	105250000	105500000	0.137349
chr3	105500000	105750000	-0.0331952
chr3	105750000	106000000	1.09772
chr3	106000000	106250000	0.794728
chr3	106250000	106500000	0.170912
chr3	106500000	106750000	-0.0344896
chr3	106750000	107000000	-1.01959
chr3	107000000	107250000	-0.319032
chr3	107250000	107500000	-0.744389
chr3	107500000	107750000	-0.0766261
chr3	107750000	108000000	0.000952603
chr3	108000000	108250000	0.152187
chr3	108250000	108500000	0.55669
chr3	108500000	108750000	0.0517303
chr3	108750000	109000000	-0.618686
chr3	109000000	109250000	-0.193578
chr3	109250000	109500000	-0.530823
chr3	109500000	109750000	-0.0523534
chr3	109750000	110000000	-0.154246
chr3	110000000	110250000	-0.372235
chr3	110250000	110500000	-0.881014
chr3	110500000	110750000	-1.11858
chr3	110750000	111000000	-0.596052
chr3	111000000	111250000	-0.485207
chr3	111250000	111500000	-0.503824
chr3	111500000	111750000	0.211975
chr3	111750000	112000000	-0.201307
chr3	112000000	112250000	0.804861
chr3	112250000	112500000	0.828239
chr3	112500000	112750000	0.9193
chr3	112750000	113000000	0.0922814
chr3	113000000	113250000	0.770135
chr3	113250000	113500000	0.30419
chr3	113500000	113750000	0.737027
chr3	113750000	114000000	0.2156
chr3	114000000	114250000	0.0984363
chr3	114250000	114500000	-0.122278
chr3	114500000	114750000	-0.295201
chr3	114750000	115000000	-0.129506
chr3	115000000	115250000	0.120718
chr3	115250000	115500000	-0.887444
chr3	115500000	115750000	-0.481048
chr3	115750000	116000000	-0.0749506
chr3	116000000	116250000	0.343499
chr3	116250000	116500000	-0.876348
chr3	116500000	116750000	-0.461027
chr3	116750000	117000000	-0.322372
chr3	117000000	117250000	-0.341347
chr3	117250000	117500000	-0.335276
chr3	117500000	117750000	-0.0277501
chr3	117750000	118000000	-0.495218
chr3	118000000	118250000	-0.95446
chr3	118250000	118500000	-0.752458
chr3	118500000	118750000	0.466969
chr3	118750000	119000000	0.0854764
chr3	119000000	119250000	0.358464
chr3	119250000	119500000	0.722251
chr3	119500000	119750000	0.341455
chr3	119750000	120000000	0.924917
chr3	120000000	120250000	-0.508656
chr3	120250000	120500000	0.380447
chr3	120500000	120750000	0.191714
chr3	120750000	121000000	-0.45296
chr3	121000000	121250000	-0.0822986
chr3	121250000	121500000	0.558612
chr3	121500000	121750000	0.615359
chr3	121750000	122000000	0.336497
chr3	122000000	122250000	0.38898
chr3	122250000	122500000	0.458408
chr3	122500000	122750000	1.26222
chr3	122750000	123000000	0.663563
chr3	123000000	123250000	0.575273
chr3	123250000	123500000	0.55915
chr3	123500000	123750000	0.284907
chr3	123750000	124000000	0.0353556
chr3	124000000	124250000	0.200517
chr3	124250000	124500000	0.561151
chr3	124500000	124750000	0.607725
chr3	124750000	125000000	0.510107
chr3	125000000	125250000	0.488646
chr3	125250000	125500000	0.62069
chr3	125500000	125750000	0.8328
chr3	125750000	126000000	0.633501
chr3	126000000	126250000	0.863167
chr3	126250000	126500000	0.499657
chr3	126500000	126750000	0.755405
chr3	126750000	127000000	0.720504
chr3	127000000	127250000	0.20998
chr3	127250000	127500000	0.214972
chr3	127500000	127750000	0.728326
chr3	127750000	128000000	1.09778
chr3	128000000	128250000	1.38358
chr3	128250000	128500000	0.524529
chr3	128500000	128750000	0.926669
chr3	128750000	129000000	0.881968
chr3	129000000	129250000	0.716015
chr3	129250000	129500000	0.573479
chr3	129500000	129750000	0.605004
chr3	129750000	130000000	0.5817
chr3	130000000	130250000	0.700497
chr3	130250000	130500000	0.317595
chr3	130500000	130750000	0.62463
chr3	130750000	131000000	0.701033
chr3	131000000	131250000	-0.39966
chr3	131250000	131500000	-0.777952
chr3	131500000	131750000	-0.0283986
chr3	131750000	132000000	0.85352
chr3	132000000	132250000	-0.338759
chr3	132250000	132500000	0.174331
chr3	132500000	132750000	0.79024
chr3	132750000	133000000	-0.118788
chr3	133000000	133250000	0.154134
chr3	133250000	133500000	-0.293941
chr3	133500000	133750000	-0.0389292
chr3	133750000	134000000	0.016963
chr3	134000000	134250000	0.297438
chr3	134250000	134500000	0.116599
chr3	134500000	134750000	-0.0340865
chr3	134750000	135000000	0.392331
chr3	135000000	135250000	0.103689
chr3	135250000	135500000	0.281523
chr3	135500000	135750000	-0.17033
chr3	135750000	136000000	-0.622321
chr3	136000000	136250000	0.705885
chr3	136250000	136500000	0.451334
chr3	136500000	136750000	0.755849
chr3	136750000	137000000	0.44617
chr3	137000000	137250000	0.0932286
chr3	137250000	137500000	-0.634842
chr3	137500000	137750000	0.387952
chr3	137750000	138000000	0.390082
chr3	138000000	138250000	0.639199
chr3	138250000	138500000	0.567297
chr3	138500000	138750000	0.430476
chr3	138750000	139000000	0.970846
chr3	139000000	139250000	0.144027
chr3	139250000	139500000	0.157901
chr3	139500000	139750000	-0.440293
chr3	139750000	140000000	0.137238
chr3	140000000	140250000	-0.0552485
chr3	140250000	140500000	-0.0151949
chr3	140500000	140750000	0.47742
chr3	140750000	141000000	0.34355
chr3	141000000	141250000	0.142264
chr3	141250000	141500000	0.180764
chr3	141500000	141750000	0.369986
chr3	141750000	142000000	0.166432
chr3	142000000	142250000	0.22619
chr3	142250000	142500000	1.30106
chr3	142500000	142750000	-0.559621
chr3	142750000	143000000	0.375698
chr3	143000000	143250000	0.368588
chr3	143250000	143500000	0.413569
chr3	143500000	143750000	0.0934976
chr3	143750000	144000000	-0.225743
chr3	144000000	144250000	-0.545497
chr3	144250000	144500000	-0.811922
chr3	144500000	144750000	-0.411005
chr3	144750000	145000000	-0.452416
chr3	145000000	145250000	0.125794
chr3	145250000	145500000	0.0748182
chr3	145500000	145750000	-0.37224
chr3	145750000	146000000	-0.661427
chr3	146000000	146250000	-0.276983
chr3	146250000	146500000	-0.415767
chr3	146500000	146750000	-0.391389
chr3	146750000	147000000	-0.24704
chr3	147000000	147250000	-1.43601
chr3	147250000	147500000	-0.228296
chr3	147500000	147750000	-1.00755
chr3	147750000	148000000	-0.196874
chr3	148000000	148250000	-0.582624
chr3	148250000	148500000	0.284728
chr3	148500000	148750000	-1.25326
chr3	148750000	149000000	-0.257045
chr3	149000000	149250000	0.848983
chr3	149250000	149500000	0.104397
chr3	149500000	149750000	0.872464
chr3	149750000	150000000	0.790551
chr3	150000000	150250000	0.818048
chr3	150250000	150500000	0.521145
chr3	150500000	150750000	0.776368
chr3	150750000	151000000	0.0977471
chr3	151000000	151250000	-0.176913
chr3	151250000	151500000	-0.765105
chr3	151500000	151750000	0.0411619
chr3	151750000	152000000	-0.263821
chr3	152000000	152250000	0.225764
chr3	152250000	152500000	0.701241
chr3	152500000	152750000	0.193324
chr3	152750000	153000000	0.00171646
chr3	153000000	153250000	0.069233
chr3	153250000	153500000	0.0321286
chr3	153500000	153750000	-1.80148
chr3	153750000	154000000	-0.771646
chr3	154000000	154250000	-0.123047
chr3	154250000	154500000	-0.173285
chr3	154500000	154750000	-0.396744
chr3	154750000	155000000	-0.828492
chr3	155000000	155250000	-0.362843
chr3	155250000	155500000	-0.962579
chr3	155500000	155750000	-0.471249
chr3	155750000	156000000	0.973034
chr3	156000000	156250000	-0.730537
chr3	156250000	156500000	0.0340113
chr3	156500000	156750000	0.400305
chr3	156750000	157000000	1.20298
chr3	157000000	157250000	-0.0719431
chr3	157250000	157500000	-0.548718
chr3	157500000	157750000	-0.819914
chr3	157750000	158000000	-0.151469
chr3	158000000	158250000	0.0405098
chr3	158250000	158500000	0.14514
chr3	158500000	158750000	-0.321494
chr3	158750000	159000000	-0.272365
chr3	159000000	159250000	-0.273391
chr3	159250000	159500000	-0.357526
chr3	159500000	159750000	-0.514998
chr3	159750000	160000000	0.360469
chr3	160000000	160250000	-0.590135
chr3	160250000	160500000	0.421363
chr3	160500000	160750000	-0.295418
chr3	160750000	161000000	-0.115672
chr3	161000000	161250000	-0.231625
chr3	161250000	161500000	-0.0617557
chr3	161500000	161750000	-0.582384
chr3	161750000	162000000	-0.0936066
chr3	162000000	162250000	-0.853943
chr3	162250000	162500000	-0.339454
chr3	162500000	162750000	-1.25267
chr3	162750000	163000000	-0.0842123
chr3	163000000	163250000	-0.431513
chr3	163250000	163500000	-0.838528
chr3	163500000	163750000	-1.2467
chr3	163750000	164000000	-0.328891
chr3	164000000	164250000	-0.309575
chr3	164250000	164500000	-0.424124
chr3	164500000	164750000	-0.654443
chr3	164750000	165000000	-0.239504
chr3	165000000	165250000	0.306146
chr3	165250000	165500000	-2.1879
chr3	165500000	165750000	-0.471553
chr3	165750000	166000000	0.0389606
chr3	166000000	166250000	-0.142274
chr3	166250000	166500000	-0.975573
chr3	166500000	166750000	-1.25002
chr3	166750000	167000000	-1.30716
chr3	167000000	167250000	-0.888164
chr3	167250000	167500000	-0.787576
chr3	167500000	167750000	-0.972593
chr3	167750000	168000000	-0.635602
chr3	168000000	168250000	-0.0417352
chr3	168250000	168500000	0.829258
chr3	168500000	168750000	0.13439
chr3	168750000	169000000	-0.272756
chr3	169000000	169250000	-0.386363
chr3	169250000	169500000	-0.209825
chr3	169500000	169750000	-0.279695
chr3	169750000	170000000	0.159096
chr3	170000000	170250000	0.251288
chr3	170250000	170500000	0.479363
chr3	170500000	170750000	-0.240141
chr3	170750000	171000000	0.116844
chr3	171000000	171250000	0.759961
chr3	171250000	171500000	4.09627e-05
chr3	171500000	171750000	0.0561984
chr3	171750000	172000000	0.579853
chr3	172000000	172250000	1.157
chr3	172250000	172500000	0.633223
chr3	172500000	172750000	0.371689
chr3	172750000	173000000	-0.298586
chr3	173000000	173250000	-0.235643
chr3	173250000	173500000	-0.713076
chr3	173500000	173750000	-2.10496
chr3	173750000	174000000	-0.931969
chr3	174000000	174250000	-0.388067
chr3	174250000	174500000	0.0287227
chr3	174500000	174750000	-0.261234
chr3	174750000	175000000	-0.436538
chr3	175000000	175250000	-0.194467
chr3	175250000	175500000	-0.234211
chr3	175500000	175750000	-1.06097
chr3	175750000	176000000	-0.147874
chr3	176000000	176250000	0.141271
chr3	176250000	176500000	-1.14052
chr3	176500000	176750000	-0.81625
chr3	176750000	177000000	-0.756003
chr3	177000000	177250000	0.759363
chr3	177250000	177500000	-0.360024
chr3	177500000	177750000	-0.0204093
chr3	177750000	178000000	-0.470394
chr3	178000000	178250000	-1.05832
chr3	178250000	178500000	-0.235582
chr3	178500000	178750000	0.0605782
chr3	178750000	179000000	0.684465
chr3	179000000	179250000	0.559869
chr3	179250000	179500000	0.0807587
chr3	179500000	179750000	0.540907
chr3	179750000	180000000	0.453226
chr3	180000000	180250000	0.0691022
chr3	180250000	180500000	0.0555276
chr3	180500000	180750000	0.207773
chr3	180750000	181000000	-0.266262
chr3	181000000	181250000	-1.51083
chr3	181250000	181500000	-0.840302
chr3	181500000	181750000	0.382485
chr3	181750000	182000000	-0.401047
chr3	182000000	182250000	-0.454553
chr3	182250000	182500000	-0.498383
chr3	182500000	182750000	0.330237
chr3	182750000	183000000	0.574757
chr3	183000000	183250000	0.655145
chr3	183250000	183500000	0.476467
chr3	183500000	183750000	0.853028
chr3	183750000	184000000	1.26155
chr3	184000000	184250000	1.37307
chr3	184250000	184500000	1.36569
chr3	184500000	184750000	0.593991
chr3	184750000	185000000	1.42741
chr3	185000000	185250000	0.210443
chr3	185250000	185500000	1.03954
chr3	185500000	185750000	0.666332
chr3	185750000	186000000	0.547126
chr3	186000000	186250000	0.510415
chr3	186250000	186500000	0.471156
chr3	186500000	186750000	0.699485
chr3	186750000	187000000	1.273
chr3	187000000	187250000	0.421453
chr3	187250000	187500000	-0.11419
chr3	187500000	187750000	-0.049515
chr3	187750000	188000000	-1.14821
chr3	188000000	188250000	0.0633927
chr3	188250000	188500000	-0.377931
chr3	188500000	188750000	-0.326578
chr3	188750000	189000000	-0.0698752
chr3	189000000	189250000	-0.269458
chr3	189250000	189500000	0.135573
chr3	189500000	189750000	0.59115
chr3	189750000	190000000	0.667109
chr3	190000000	190250000	0.398461
chr3	190250000	190500000	-0.441499
chr3	190500000	190750000	-0.633682
chr3	190750000	191000000	-0.544545
chr3	191000000	191250000	-0.976218
chr3	191250000	191500000	0.410456
chr3	191500000	191750000	-0.936107
chr3	191750000	192000000	0.902018
chr3	192000000	192250000	-0.217806
chr3	192250000	192500000	-1.32398
chr3	192500000	192750000	0.294352
chr3	192750000	193000000	-0.440572
chr3	193000000	193250000	-0.170203
chr3	193250000	193500000	-0.0908658
chr3	193500000	193750000	-0.230109
chr3	193750000	194000000	-0.0573001
chr3	194000000	194250000	0.697258
chr3	194250000	194500000	1.06138
chr3	194500000	194750000	0.168609
chr3	194750000	195000000	0.694646
chr3	195000000	195250000	0.430663
chr3	195250000	195500000	0.480165
chr3	195500000	195750000	1.1382
chr3	195750000	196000000	1.36502
chr3	196000000	196250000	-0.0396075
chr3	196250000	196500000	1.74829
chr3	196500000	196750000	0.553308
chr3	196750000	197000000	0.519538
chr3	197000000	197250000	1.15933
chr3	197250000	197500000	0.459594
chr3	197500000	197750000	1.00002
chr3	197750000	198000000	0.0708645
chr3	198000000	198250000	0.425657
chr3	198250000	198295559	nan
#bedGraph section chr4:0-190214555
chr4	0	250000	-0.109342
chr4	250000	500000	0.0410281
chr4	500000	750000	0.63036
chr4	750000	1000000	0.0830324
chr4	1000000	1250000	0.169431
chr4	1250000	1500000	0.133878
chr4	1500000	1750000	0.580955
chr4	1750000	2000000	-0.231199
chr4	2000000	2250000	0.323089
chr4	2250000	2500000	0.416018
chr4	2500000	2750000	0.274893
chr4	2750000	3000000	0.170707
chr4	3000000	3250000	0.0279084
chr4	3250000	3500000	-0.447168
chr4	3500000	3750000	0.206529
chr4	3750000	4000000	0.0276233
chr4	4000000	4250000	1.44709
chr4	4250000	4500000	0.288734
chr4	4500000	4750000	-0.841546
chr4	4750000	5000000	0.142227
chr4	5000000	5250000	-0.143612
chr4	5250000	5500000	-1.25616
chr4	5500000	5750000	-0.52382
chr4	5750000	6000000	0.0484589
chr4	6000000	6250000	-0.315857
chr4	6250000	6500000	0.331934
chr4	6500000	6750000	-0.00329474
chr4	6750000	7000000	0.226946
chr4	7000000	7250000	0.359916
chr4	7250000	7500000	0.0810961
chr4	7500000	7750000	0.300996
chr4	7750000	8000000	-0.324814
chr4	8000000	8250000	0.319216
chr4	8250000	8500000	0.0860307
chr4	8500000	8750000	-0.1885
chr4	8750000	9000000	0.290671
chr4	9000000	9250000	0.19258
chr4	9250000	9500000	-0.0638479
chr4	9500000	9750000	0.00740599
chr4	9750000	10000000	0.53763
chr4	10000000	10250000	0.510592
chr4	10250000	10500000	0.0486471
chr4	10500000	10750000	-0.337143
chr4	10750000	11000000	0.13662
chr4	11000000	11250000	0.104885
chr4	11250000	11500000	-6.51122
chr4	11500000	11750000	0.0428861
chr4	11750000	12000000	0.205353
chr4	12000000	12250000	0.430432
chr4	12250000	12500000	-0.191136
chr4	12500000	12750000	0.150687
chr4	12750000	13000000	-0.587556
chr4	13000000	13250000	0.119488
chr4	13250000	13500000	1.46738
chr4	13500000	13750000	0.262289
chr4	13750000	14000000	0.988167
chr4	14000000	14250000	0.32551
chr4	14250000	14500000	0.150764
chr4	14500000	14750000	0.611688
chr4	14750000	15000000	-0.894628
chr4	15000000	15250000	0.0609394
chr4	15250000	15500000	0.386869
chr4	15500000	15750000	0.397453
chr4	15750000	16000000	0.00469775
chr4	16000000	16250000	0.725553
chr4	16250000	16500000	0.212056
chr4	16500000	16750000	-0.0885581
chr4	16750000	17000000	0.28971
chr4	17000000	17250000	0.197421
chr4	17250000	17500000	0.263508
chr4	17500000	17750000	0.19202
chr4	17750000	18000000	-0.115551
chr4	18000000	18250000	0.58901
chr4	18250000	18500000	0.167318
chr4	18500000	18750000	0.1359
chr4	18750000	19000000	-0.120668
chr4	19000000	19250000	-0.0293211
chr4	19250000	19500000	0.21312
chr4	19500000	19750000	-1.14163
chr4	19750000	20000000	0.214019
chr4	20000000	20250000	0.870477
chr4	20250000	20500000	0.464094
chr4	20500000	20750000	-0.153703
chr4	20750000	21000000	0.159158
chr4	21000000	21250000	0.102919
chr4	21250000	21500000	0.027232
chr4	21500000	21750000	0.186555
chr4	21750000	22000000	0.109668
chr4	22000000	22250000	0.336599
chr4	22250000	22500000	0.409475
chr4	22500000	22750000	0.0213359
chr4	22750000	23000000	-1.62438
chr4	23000000	23250000	-0.00283076
chr4	23250000	23500000	0.479843
chr4	23500000	23750000	0.438286
chr4	23750000	24000000	-0.862205
chr4	24000000	24250000	-0.495634
chr4	24250000	24500000	0.0897992
chr4	24500000	24750000	0.11003
chr4	24750000	25000000	-0.015977
chr4	25000000	25250000	0.135041
chr4	25250000	25500000	1.66476
chr4	25500000	25750000	0.13366
chr4	25750000	26000000	-0.0904877
chr4	26000000	26250000	0.296812
chr4	26250000	26500000	-0.244382
chr4	26500000	26750000	-0.20466
chr4	26750000	27000000	0.394282
chr4	27000000	27250000	0.262808
chr4	27250000	27500000	0.495449
chr4	27500000	27750000	0.0258922
chr4	27750000	28000000	0.108206
chr4	28000000	28250000	-0.566036
chr4	28250000	28500000	0.354691
chr4	28500000	28750000	0.0121094
chr4	28750000	29000000	0.107719
chr4	29000000	29250000	-0.751633
chr4	29250000	29500000	0.105982
chr4	29500000	29750000	-0.0584114
chr4	29750000	30000000	0.601422
chr4	30000000	30250000	0.274972
chr4	30250000	30500000	-0.387691
chr4	30500000	30750000	0.588004
chr4	30750000	31000000	0.128722
chr4	31000000	31250000	0.189236
chr4	31250000	31500000	0.070527
chr4	31500000	31750000	0.434662
chr4	31750000	32000000	-0.460751
chr4	32000000	32250000	-0.21392
chr4	32250000	32500000	-0.500457
chr4	32500000	32750000	0.169826
chr4	32750000	33000000	0.065314
chr4	33000000	33250000	-0.0405027
chr4	33250000	33500000	0.208041
chr4	33500000	33750000	-0.158448
chr4	33750000	34000000	0.17616
chr4	34000000	34250000	0.121173
chr4	34250000	34500000	0.172569
chr4	34500000	34750000	-1.61839
chr4	34750000	35000000	0.208352
chr4	35000000	35250000	0.239484
chr4	35250000	35500000	0.0961074
chr4	35500000	35750000	-0.161819
chr4	35750000	36000000	0.475046
chr4	36000000	36250000	0.785535
chr4	36250000	36500000	0.442783
chr4	36500000	36750000	0.867875
chr4	36750000	37000000	0.0010988
chr4	37000000	37250000	-0.10257
chr4	37250000	37500000	-0.0617641
chr4	37500000	37750000	0.391726
chr4	37750000	38000000	0.714615
chr4	38000000	38250000	0.165055
chr4	38250000	38500000	0.243511
chr4	38500000	38750000	0.0580224
chr4	38750000	39000000	0.284623
chr4	39000000	39250000	0.163331
chr4	39250000	39500000	0.309124
chr4	39500000	39750000	0.635552
chr4	39750000	40000000	0.732913
chr4	40000000	40250000	-0.0740571
chr4	40250000	40500000	0.195195
chr4	40500000	40750000	0.097206
chr4	40750000	41000000	0.397593
chr4	41000000	41250000	0.721492
chr4	41250000	41500000	0.260901
chr4	41500000	41750000	-0.140138
chr4	41750000	42000000	0.0559108
chr4	42000000	42250000	-1.20324
chr4	42250000	42500000	-0.374312
chr4	42500000	42750000	0.522871
chr4	42750000	43000000	-0.361535
chr4	43000000	43250000	-0.322342
chr4	43250000	43500000	-0.352832
chr4	43500000	43750000	-0.0706055
chr4	43750000	44000000	0.196488
chr4	44000000	44250000	-1.13707
chr4	44250000	44500000	-0.884901
chr4	44500000	44750000	0.123334
chr4	44750000	45000000	-0.157295
chr4	45000000	45250000	0.162144
chr4	45250000	45500000	0.308169
chr4	45500000	45750000	-0.61995
chr4	45750000	46000000	-0.243569
chr4	46000000	46250000	-1.80671
chr4	46250000	46500000	-1.47118
chr4	46500000	46750000	0.320588
chr4	46750000	47000000	-0.108757
chr4	47000000	47250000	-0.303298
chr4	47250000	47500000	0.26545
chr4	47500000	47750000	0.00811813
chr4	47750000	48000000	-0.495309
chr4	48000000	48250000	0.26335
chr4	48250000	48500000	0.370537
chr4	48500000	48750000	0.265455
chr4	48750000	49000000	-0.156469
chr4	49000000	49250000	0.274786
chr4	49250000	49500000	nan
chr4	49500000	49750000	0.0821829
chr4	49750000	50000000	nan
chr4	50000000	50250000	nan
chr4	50250000	50500000	nan
chr4	50500000	50750000	nan
chr4	50750000	51000000	nan
chr4	51000000	51250000	nan
chr4	51250000	51500000	nan
chr4	51500000	51750000	nan
chr4	51750000	52000000	0.037801
chr4	52000000	52250000	0.114837
chr4	52250000	52500000	0.211403
chr4	52500000	52750000	0.0342364
chr4	52750000	53000000	0.185062
chr4	53000000	53250000	-0.190272
chr4	53250000	53500000	1.47355
chr4	53500000	53750000	-0.568686
chr4	53750000	54000000	0.372388
chr4	54000000	54250000	0.115077
chr4	54250000	54500000	0.00798802
chr4	54500000	54750000	0.155321
chr4	54750000	55000000	-0.0846196
chr4	55000000	55250000	-0.225222
chr4	55250000	55500000	0.129266
chr4	55500000	55750000	0.123242
chr4	55750000	56000000	-0.461224
chr4	56000000	56250000	0.477213
chr4	56250000	56500000	0.120042
chr4	56500000	56750000	0.552145
chr4	56750000	57000000	0.65388
chr4	57000000	57250000	0.297289
chr4	57250000	57500000	0.185926
chr4	57500000	57750000	-0.825301
chr4	57750000	58000000	-0.11275
chr4	58000000	58250000	-0.253439
chr4	58250000	58500000	0.682672
chr4	58500000	58750000	0.0469612
chr4	58750000	59000000	-0.119526
chr4	59000000	59250000	-0.0864183
chr4	59250000	59500000	-0.0456111
chr4	59500000	59750000	0.00743451
chr4	59750000	60000000	-0.404451
chr4	60000000	60250000	-0.36719
chr4	60250000	60500000	0.336124
chr4	60500000	60750000	-0.0354742
chr4	60750000	61000000	0.315245
chr4	61000000	61250000	-0.194847
chr4	61250000	61500000	0.0689184
chr4	61500000	61750000	-0.155204
chr4	61750000	62000000	-0.196147
chr4	62000000	62250000	-0.212194
chr4	62250000	62500000	0.0545028
chr4	62500000	62750000	-0.167535
chr4	62750000	63000000	0.11074
chr4	63000000	63250000	-3.11047
chr4	63250000	63500000	-1.33939
chr4	63500000	63750000	0.0147141
chr4	63750000	64000000	-0.294263
chr4	64000000	64250000	0.817232
chr4	64250000	64500000	-0.952284
chr4	64500000	64750000	0.807302
chr4	64750000	65000000	0.134252
chr4	65000000	65250000	0.038288
chr4	65250000	65500000	0.567351
chr4	65500000	65750000	-0.111541
chr4	65750000	66000000	-0.243356
chr4	66000000	66250000	-3.7369
chr4	66250000	66500000	-2.0873
chr4	66500000	66750000	-1.85954
chr4	66750000	67000000	-0.419017
chr4	67000000	67250000	0.640344
chr4	67250000	67500000	0.126018
chr4	67500000	67750000	0.393225
chr4	67750000	68000000	0.37851
chr4	68000000	68250000	0.0717295
chr4	68250000	68500000	0.119267
chr4	68500000	68750000	0.430341
chr4	68750000	69000000	-0.00232344
chr4	69000000	69250000	0.640392
chr4	69250000	69500000	-1.41961
chr4	69500000	69750000	1.00634
chr4	69750000	70000000	-0.159927
chr4	70000000	70250000	0.27726
chr4	70250000	70500000	0.23633
chr4	70500000	70750000	-0.300407
chr4	70750000	71000000	0.100671
chr4	71000000	71250000	0.548749
chr4	71250000	71500000	-0.210451
chr4	71500000	71750000	0.0994081
chr4	71750000	72000000	0.03345
chr4	72000000	72250000	-0.0742469
chr4	72250000	72500000	-0.339864
chr4	72500000	72750000	0.208307
chr4	72750000	73000000	0.163991
chr4	73000000	73250000	-0.0946841
chr4	73250000	73500000	0.414065
chr4	73500000	73750000	-1.26363
chr4	73750000	74000000	0.064767
chr4	74000000	74250000	-0.614456
chr4	74250000	74500000	-0.850719
chr4	74500000	74750000	0.402404
chr4	74750000	75000000	-0.106199
chr4	75000000	75250000	-0.0326635
chr4	75250000	75500000	-0.0157667
chr4	75500000	75750000	0.357848
chr4	75750000	76000000	0.852752
chr4	76000000	76250000	0.208059
chr4	76250000	76500000	-0.142393
chr4	76500000	76750000	0.204694
chr4	76750000	77000000	0.402821
chr4	77000000	77250000	-0.169162
chr4	77250000	77500000	-0.0277457
chr4	77500000	77750000	-1.55469
chr4	77750000	78000000	0.0263992
chr4	78000000	78250000	0.448967
chr4	78250000	78500000	-0.0400202
chr4	78500000	78750000	0.110544
chr4	78750000	79000000	-0.126113
chr4	79000000	79250000	0.227775
chr4	79250000	79500000	0.191819
chr4	79500000	79750000	-0.0492643
chr4	79750000	80000000	-2.3305
chr4	80000000	80250000	-0.496224
chr4	80250000	80500000	-0.234774
chr4	80500000	80750000	-0.0150907
chr4	80750000	81000000	0.0370439
chr4	81000000	81250000	-0.0909084
chr4	81250000	81500000	-0.0664412
chr4	81500000	81750000	-0.179242
chr4	81750000	82000000	-0.55086
chr4	82000000	82250000	-1.04902
chr4	82250000	82500000	0.122783
chr4	82500000	82750000	0.834688
chr4	82750000	83000000	0.351226
chr4	83000000	83250000	0.111672
chr4	83250000	83500000	0.295327
chr4	83500000	83750000	0.444718
chr4	83750000	84000000	-0.302826
chr4	84000000	84250000	0.97078
chr4	84250000	84500000	-0.180448
chr4	84500000	84750000	0.00288865
chr4	84750000	85000000	0.216059
chr4	85000000	85250000	-0.0332707
chr4	85250000	85500000	0.248962
chr4	85500000	85750000	0.00354124
chr4	85750000	86000000	0.161409
chr4	86000000	86250000	0.409949
chr4	86250000	86500000	-0.319068
chr4	86500000	86750000	-0.115325
chr4	86750000	87000000	0.0778416
chr4	87000000	87250000	0.361338
chr4	87250000	87500000	0.0634102
chr4	87500000	87750000	-0.180468
chr4	87750000	88000000	-0.0810584
chr4	88000000	88250000	-0.557522
chr4	88250000	88500000	0.220412
chr4	88500000	88750000	-0.165277
chr4	88750000	89000000	-0.098522
chr4	89000000	89250000	-0.479156
chr4	89250000	89500000	-3.44895
chr4	89500000	89750000	0.181886
chr4	89750000	90000000	-0.199618
chr4	90000000	90250000	-0.131583
chr4	90250000	90500000	-0.102743
chr4	90500000	90750000	0.206604
chr4	90750000	91000000	-0.47286
chr4	91000000	91250000	0.270173
chr4	91250000	91500000	0.190272
chr4	91500000	91750000	0.160863
chr4	91750000	92000000	0.291402
chr4	92000000	92250000	0.252609
chr4	92250000	92500000	-0.0252841
chr4	92500000	92750000	-1.8297
chr4	92750000	93000000	-0.167075
chr4	93000000	93250000	-0.222657
chr4	93250000	93500000	0.24492
chr4	93500000	93750000	-1.77844
chr4	93750000	94000000	0.0302564
chr4	94000000	94250000	0.0652043
chr4	94250000	94500000	0.338213
chr4	94500000	94750000	-0.14964
chr4	94750000	95000000	0.222711
chr4	95000000	95250000	0.0541697
chr4	95250000	95500000	0.136616
chr4	95500000	95750000	0.203719
chr4	95750000	96000000	0.150888
chr4	96000000	96250000	0.225638
chr4	96250000	96500000	-3.57743
chr4	96500000	96750000	0.130193
chr4	96750000	97000000	0.216592
chr4	97000000	97250000	0.0329544
chr4	97250000	97500000	0.376708
chr4	97500000	97750000	0.139389
chr4	97750000	98000000	0.491275
chr4	98000000	98250000	0.146481
chr4	98250000	98500000	0.182358
chr4	98500000	98750000	0.391911
chr4	98750000	99000000	0.0160474
chr4	99000000	99250000	-0.4921
chr4	99250000	99500000	0.540671
chr4	99500000	99750000	-1.52352
chr4	99750000	100000000	0.067896
chr4	100000000	100250000	-0.125587
chr4	100250000	100500000	-0.412082
chr4	100500000	100750000	-0.158333
chr4	100750000	101000000	-0.124046
chr4	101000000	101250000	0.159794
chr4	101250000	101500000	0.388449
chr4	101500000	101750000	0.358749
chr4	101750000	102000000	-0.0475142
chr4	102000000	102250000	0.114512
chr4	102250000	102500000	0.248869
chr4	102500000	102750000	0.216743
chr4	102750000	103000000	-0.110377
chr4	103000000	103250000	0.759751
chr4	103250000	103500000	0.0457022
chr4	103500000	103750000	0.0550505
chr4	103750000	104000000	-0.608997
chr4	104000000	104250000	0.23016
chr4	104250000	104500000	0.186032
chr4	104500000	104750000	-0.959311
chr4	104750000	105000000	0.298176
chr4	105000000	105250000	-0.116341
chr4	105250000	105500000	-0.303448
chr4	105500000	105750000	0.230765
chr4	105750000	106000000	0.0476739
chr4	106000000	106250000	-0.343284
chr4	106250000	106500000	0.305612
chr4	106500000	106750000	0.0877815
chr4	106750000	107000000	-0.163112
chr4	107000000	107250000	-0.0737977
chr4	107250000	107500000	-0.0921192
chr4	107500000	107750000	-0.414891
chr4	107750000	108000000	0.280418
chr4	108000000	108250000	0.264841
chr4	108250000	108500000	0.891441
chr4	108500000	108750000	0.0128292
chr4	108750000	109000000	0.182566
chr4	109000000	109250000	0.0416512
chr4	109250000	109500000	-0.188527
chr4	109500000	109750000	0.021963
chr4	109750000	110000000	-0.490643
chr4	110000000	110250000	-0.450697
chr4	110250000	110500000	-0.0339154
chr4	110500000	110750000	0.164309
chr4	110750000	111000000	0.349293
chr4	111000000	111250000	-0.687851
chr4	111250000	111500000	-0.221744
chr4	111500000	111750000	0.0938535
chr4	111750000	112000000	-0.293986
chr4	112000000	112250000	0.0333969
chr4	112250000	112500000	0.0679265
chr4	112500000	112750000	0.291136
chr4	112750000	113000000	0.237533
chr4	113000000	113250000	0.7147
chr4	113250000	113500000	0.230879
chr4	113500000	113750000	0.00670103
chr4	113750000	114000000	0.232635
chr4	114000000	114250000	0.0992406
chr4	114250000	114500000	-0.0218771
chr4	114500000	114750000	-0.267371
chr4	114750000	115000000	-0.153161
chr4	115000000	115250000	0.632443
chr4	115250000	115500000	0.32473
chr4	115500000	115750000	0.0952332
chr4	115750000	116000000	-0.040752
chr4	116000000	116250000	0.392118
chr4	116250000	116500000	0.145295
chr4	116500000	116750000	0.142798
chr4	116750000	117000000	0.169017
chr4	117000000	117250000	-0.0992182
chr4	117250000	117500000	0.107278
chr4	117500000	117750000	-0.862302
chr4	117750000	118000000	-0.73681
chr4	118000000	118250000	-0.185365
chr4	118250000	118500000	0.514898
chr4	118500000	118750000	0.146738
chr4	118750000	119000000	-1.05498
chr4	119000000	119250000	-0.00816775
chr4	119250000	119500000	0.222231
chr4	119500000	119750000	0.0266619
chr4	119750000	120000000	-0.149457
chr4	120000000	120250000	0.358577
chr4	120250000	120500000	-0.114872
chr4	120500000	120750000	-0.476029
chr4	120750000	121000000	-0.674384
chr4	121000000	121250000	-0.0438648
chr4	121250000	121500000	-0.454915
chr4	121500000	121750000	-0.138965
chr4	121750000	122000000	0.294698
chr4	122000000	122250000	-0.00726556
chr4	122250000	122500000	0.170566
chr4	122500000	122750000	-1.64159
chr4	122750000	123000000	0.0476344
chr4	123000000	123250000	0.0969615
chr4	123250000	123500000	0.766936
chr4	123500000	123750000	-0.328823
chr4	123750000	124000000	-0.339583
chr4	124000000	124250000	-0.526697
chr4	124250000	124500000	0.163145
chr4	124500000	124750000	-0.370017
chr4	124750000	125000000	0.285248
chr4	125000000	125250000	-1.74225
chr4	125250000	125500000	0.530291
chr4	125500000	125750000	-0.334624
chr4	125750000	126000000	-0.42414
chr4	126000000	126250000	0.00750049
chr4	126250000	126500000	-0.733605
chr4	126500000	126750000	-0.371693
chr4	126750000	127000000	-0.0716117
chr4	127000000	127250000	-0.314285
chr4	127250000	127500000	0.177225
chr4	127500000	127750000	-0.289737
chr4	127750000	128000000	0.257958
chr4	128000000	128250000	-0.000888358
chr4	128250000	128500000	0.864282
chr4	128500000	128750000	0.160514
chr4	128750000	129000000	0.369305
chr4	129000000	129250000	-0.221789
chr4	129250000	129500000	-0.0985518
chr4	129500000	129750000	-0.410831
chr4	129750000	130000000	-0.0389433
chr4	130000000	130250000	-0.0267808
chr4	130250000	130500000	0.889891
chr4	130500000	130750000	-0.805043
chr4	130750000	131000000	-0.0585398
chr4	131000000	131250000	-0.268533
chr4	131250000	131500000	0.332108
chr4	131500000	131750000	-0.173036
chr4	131750000	132000000	0.0652365
chr4	132000000	132250000	-0.891222
chr4	132250000	132500000	-0.106708
chr4	132500000	132750000	0.063733
chr4	132750000	133000000	-0.491466
chr4	133000000	133250000	0.0209362
chr4	133250000	133500000	0.227267
chr4	133500000	133750000	0.529407
chr4	133750000	134000000	0.0150979
chr4	134000000	134250000	-0.0849433
chr4	134250000	134500000	0.027751
chr4	134500000	134750000	0.414813
chr4	134750000	135000000	0.217985
chr4	135000000	135250000	-0.0789087
chr4	135250000	135500000	-0.278332
chr4	135500000	135750000	-0.248635
chr4	135750000	136000000	-0.83925
chr4	136000000	136250000	0.288054
chr4	136250000	136500000	-0.000702348
chr4	136500000	136750000	0.0219173
chr4	136750000	137000000	-0.160978
chr4	137000000	137250000	0.127911
chr4	137250000	137500000	-0.0979038
chr4	137500000	137750000	-3.05262
chr4	137750000	138000000	-0.500655
chr4	138000000	138250000	-0.756524
chr4	138250000	138500000	-0.143305
chr4	138500000	138750000	0.31255
chr4	138750000	139000000	-0.164588
chr4	139000000	139250000	0.664031
chr4	139250000	139500000	0.410997
chr4	139500000	139750000	0.143856
chr4	139750000	140000000	0.136815
chr4	140000000	140250000	-0.642674
chr4	140250000	140500000	0.0890544
chr4	140500000	140750000	-0.723213
chr4	140750000	141000000	0.116501
chr4	141000000	141250000	-1.93105
chr4	141250000	141500000	-0.449924
chr4	141500000	141750000	-0.426186
chr4	141750000	142000000	0.210822
chr4	142000000	142250000	0.151976
chr4	142250000	142500000	-0.098477
chr4	142500000	142750000	0.00946022
chr4	142750000	143000000	-0.0644937
chr4	143000000	143250000	-0.026894
chr4	143250000	143500000	0.126782
chr4	143500000	143750000	0.068322
chr4	143750000	144000000	0.0749517
chr4	144000000	144250000	0.0192989
chr4	144250000	144500000	0.112061
chr4	144500000	144750000	-0.174549
chr4	144750000	145000000	-0.298931
chr4	145000000	145250000	-0.177253
chr4	145250000	145500000	-0.253518
chr4	145500000	145750000	-0.272299
chr4	145750000	146000000	0.232567
chr4	146000000	146250000	-1.38382
chr4	146250000	146500000	-0.0795403
chr4	146500000	146750000	0.278077
chr4	146750000	147000000	0.40741
chr4	147000000	147250000	-0.744679
chr4	147250000	147500000	0.172638
chr4	147500000	147750000	0.677484
chr4	147750000	148000000	-0.150998
chr4	148000000	148250000	-0.291856
chr4	148250000	148500000	-0.0143806
chr4	148500000	148750000	0.293569
chr4	148750000	149000000	-0.104405
chr4	149000000	149250000	0.175867
chr4	149250000	149500000	0.156049
chr4	149500000	149750000	0.386914
chr4	149750000	150000000	0.00740855
chr4	150000000	150250000	0.986741
chr4	150250000	150500000	-0.120128
chr4	150500000	150750000	0.00635776
chr4	150750000	151000000	0.222504
chr4	151000000	151250000	0.157002
chr4	151250000	151500000	0.11431
chr4	151500000	151750000	0.213119
chr4	151750000	152000000	0.155453
chr4	152000000	152250000	0.445494
chr4	152250000	152500000	0.442377
chr4	152500000	152750000	0.0165121
chr4	152750000	153000000	1.71501
chr4	153000000	153250000	0.36478
chr4	153250000	153500000	-0.0555362
chr4	153500000	153750000	-0.589388
chr4	153750000	154000000	-3.25675
chr4	154000000	154250000	0.0732557
chr4	154250000	154500000	-0.0707486
chr4	154500000	154750000	-0.164292
chr4	154750000	155000000	0.643032
chr4	155000000	155250000	-0.20668
chr4	155250000	155500000	0.282007
chr4	155500000	155750000	0.316597
chr4	155750000	156000000	0.131604
chr4	156000000	156250000	1.02607
chr4	156250000	156500000	-1.38084
chr4	156500000	156750000	0.302475
chr4	156750000	157000000	-1.60985
chr4	157000000	157250000	-0.0161547
chr4	157250000	157500000	0.245061
chr4	157500000	157750000	0.131329
chr4	157750000	158000000	-0.167867
chr4	158000000	158250000	-0.113112
chr4	158250000	158500000	0.110146
chr4	158500000	158750000	1.92288
chr4	158750000	159000000	-2.57601
chr4	159000000	159250000	0.760242
chr4	159250000	159500000	0.191374
chr4	159500000	159750000	-1.02153
chr4	159750000	160000000	-0.0522752
chr4	160000000	160250000	-0.0479572
chr4	160250000	160500000	0.210184
chr4	160500000	160750000	0.345451
chr4	160750000	161000000	0.0917305
chr4	161000000	161250000	0.63357
chr4	161250000	161500000	-0.187811
chr4	161500000	161750000	0.195756
chr4	161750000	162000000	0.0598368
chr4	162000000	162250000	0.315102
chr4	162250000	162500000	0.0419899
chr4	162500000	162750000	0.213218
chr4	162750000	163000000	-0.0752112
chr4	163000000	163250000	0.833308
chr4	163250000	163500000	0.0403109
chr4	163500000	163750000	-0.780356
chr4	163750000	164000000	0.655189
chr4	164000000	164250000	-0.170612
chr4	164250000	164500000	0.234097
chr4	164500000	164750000	0.187818
chr4	164750000	165000000	0.398964
chr4	165000000	165250000	-0.469383
chr4	165250000	165500000	-0.000776507
chr4	165500000	165750000	0.417965
chr4	165750000	166000000	0.565631
chr4	166000000	166250000	-0.228798
chr4	166250000	166500000	0.138767
chr4	166500000	166750000	0.202743
chr4	166750000	167000000	0.0360052
chr4	167000000	167250000	0.12005
chr4	167250000	167500000	-2.23953
chr4	167500000	167750000	-0.186321
chr4	167750000	168000000	-0.244471
chr4	168000000	168250000	0.169333
chr4	168250000	168500000	-0.984763
chr4	168500000	168750000	-0.281916
chr4	168750000	169000000	0.269276
chr4	169000000	169250000	-1.02242
chr4	169250000	169500000	0.897825
chr4	169500000	169750000	0.05585
chr4	169750000	170000000	0.262635
chr4	170000000	170250000	0.170706
chr4	170250000	170500000	-0.353033
chr4	170500000	170750000	-0.692947
chr4	170750000	171000000	0.107711
chr4	171000000	171250000	0.487946
chr4	171250000	171500000	-0.000656873
chr4	171500000	171750000	-0.498368
chr4	171750000	172000000	0.353444
chr4	172000000	172250000	0.0388345
chr4	172250000	172500000	0.255306
chr4	172500000	172750000	0.235577
chr4	172750000	173000000	0.00134207
chr4	173000000	173250000	0.770327
chr4	173250000	173500000	-0.287881
chr4	173500000	173750000	0.914491
chr4	173750000	174000000	0.148646
chr4	174000000	174250000	-0.546844
chr4	174250000	174500000	0.0754722
chr4	174500000	174750000	-0.965335
chr4	174750000	175000000	0.0987807
chr4	175000000	175250000	0.11161
chr4	175250000	175500000	-0.742586
chr4	175500000	175750000	0.181675
chr4	175750000	176000000	-0.521113
chr4	176000000	176250000	-0.114046
chr4	176250000	176500000	-0.102435
chr4	176500000	176750000	0.342572
chr4	176750000	177000000	-0.287628
chr4	177000000	177250000	-0.0351726
chr4	177250000	177500000	-0.0738201
chr4	177500000	177750000	0.470312
chr4	177750000	178000000	0.608551
chr4	178000000	178250000	-0.132043
chr4	178250000	178500000	-0.00280784
chr4	178500000	178750000	-0.0765398
chr4	178750000	179000000	0.0910018
chr4	179000000	179250000	0.271389
chr4	179250000	179500000	0.105686
chr4	179500000	179750000	0.465269
chr4	179750000	180000000	-0.232166
chr4	180000000	180250000	0.751612
chr4	180250000	180500000	-0.385385
chr4	180500000	180750000	-0.406838
chr4	180750000	181000000	0.185011
chr4	181000000	181250000	0.0297906
chr4	181250000	181500000	-1.9571
chr4	181500000	181750000	0.766761
chr4	181750000	182000000	-1.57274
chr4	182000000	182250000	0.371602
chr4	182250000	182500000	-0.000496871
chr4	182500000	182750000	-1.3212
chr4	182750000	183000000	-0.123746
chr4	183000000	183250000	0.0357876
chr4	183250000	183500000	0.413083
chr4	183500000	183750000	-1.40672
chr4	183750000	184000000	-0.0372137
chr4	184000000	184250000	1.21455
chr4	184250000	184500000	-0.332184
chr4	184500000	184750000	0.0967371
chr4	184750000	185000000	-0.0289385
chr4	185000000	185250000	0.182762
chr4	185250000	185500000	0.601083
chr4	185500000	185750000	0.309881
chr4	185750000	186000000	1.5104
chr4	186000000	186250000	0.271977
chr4	186250000	186500000	0.481168
chr4	186500000	186750000	0.103962
chr4	186750000	187000000	-0.311668
chr4	187000000	187250000	-0.123665
chr4	187250000	187500000	-4.5072
chr4	187500000	187750000	-0.906843
chr4	187750000	188000000	0.263428
chr4	188000000	188250000	-0.1748
chr4	188250000	188500000	0.230996
chr4	188500000	188750000	-0.0907551
chr4	188750000	189000000	-7.49382
chr4	189000000	189250000	1.15524
chr4	189250000	189500000	-0.356488
chr4	189500000	189750000	-0.350534
chr4	189750000	190000000	-0.775568
chr4	190000000	190214555	0.216623
#bedGraph section chr5:0-181538259
chr5	0	250000	0.0970612
chr5	250000	500000	3.4358
chr5	500000	750000	0.448759
chr5	750000	1000000	0.986017
chr5	1000000	1250000	0.696626
chr5	1250000	1500000	0.755029
chr5	1500000	1750000	1.91938
chr5	1750000	2000000	0.412164
chr5	2000000	2250000	-0.236716
chr5	2250000	2500000	-0.36387
chr5	2500000	2750000	-1.90218
chr5	2750000	3000000	-0.614857
chr5	3000000	3250000	-0.242258
chr5	3250000	3500000	-0.100478
chr5	3500000	3750000	-0.37114
chr5	3750000	4000000	-0.111103
chr5	4000000	4250000	-0.424411
chr5	4250000	4500000	-1.15284
chr5	4500000	4750000	-0.623933
chr5	4750000	5000000	-0.364294
chr5	5000000	5250000	0.223272
chr5	5250000	5500000	-2.72797
chr5	5500000	5750000	0.364935
chr5	5750000	6000000	-0.514652
chr5	6000000	6250000	0.0883263
chr5	6250000	6500000	0.157548
chr5	6500000	6750000	-0.0789403
chr5	6750000	7000000	0.371394
chr5	7000000	7250000	-0.280644
chr5	7250000	7500000	0.0975545
chr5	7500000	7750000	-1.09314
chr5	7750000	8000000	-0.339622
chr5	8000000	8250000	-0.337669
chr5	8250000	8500000	-0.108558
chr5	8500000	8750000	-0.221224
chr5	8750000	9000000	-0.0810467
chr5	9000000	9250000	-0.0841502
chr5	9250000	9500000	0.237932
chr5	9500000	9750000	-1.14237
chr5	9750000	10000000	-1.02308
chr5	10000000	10250000	0.488023
chr5	10250000	10500000	0.997607
chr5	10500000	10750000	-0.646852
chr5	10750000	11000000	-0.496549
chr5	11000000	11250000	0.191234
chr5	11250000	11500000	0.079396
chr5	11500000	11750000	-0.325032
chr5	11750000	12000000	-0.596889
chr5	12000000	12250000	-0.136351
chr5	12250000	12500000	-0.800213
chr5	12500000	12750000	-0.646752
chr5	12750000	13000000	-2.30161
chr5	13000000	13250000	-0.300266
chr5	13250000	13500000	-0.212987
chr5	13500000	13750000	-0.382754
chr5	13750000	14000000	-0.197754
chr5	14000000	14250000	3.2014
chr5	14250000	14500000	1.61855
chr5	14500000	14750000	0.267467
chr5	14750000	15000000	-0.256945
chr5	15000000	15250000	-0.834361
chr5	15250000	15500000	-0.191424
chr5	15500000	15750000	-0.0301879
chr5	15750000	16000000	0.11167
chr5	16000000	16250000	-0.481348
chr5	16250000	16500000	-1.19551
chr5	16500000	16750000	-0.789263
chr5	16750000	17000000	0.477597
chr5	17000000	17250000	-0.324499
chr5	17250000	17500000	0.156324
chr5	17500000	17750000	-0.333537
chr5	17750000	18000000	1.06776
chr5	18000000	18250000	-0.288156
chr5	18250000	18500000	-0.0942368
chr5	18500000	18750000	-0.0963794
chr5	18750000	19000000	0.42061
chr5	19000000	19250000	0.0413189
chr5	19250000	19500000	0.435025
chr5	19500000	19750000	-0.155039
chr5	19750000	20000000	0.124346
chr5	20000000	20250000	0.096779
chr5	20250000	20500000	-0.450184
chr5	20500000	20750000	-0.748262
chr5	20750000	21000000	-1.53188
chr5	21000000	21250000	-1.1678
chr5	21250000	21500000	-1.08067
chr5	21500000	21750000	0.703378
chr5	21750000	22000000	0.166404
chr5	22000000	22250000	-0.588018
chr5	22250000	22500000	-1.47279
chr5	22500000	22750000	0.00230207
chr5	22750000	23000000	-0.927331
chr5	23000000	23250000	-2.56079
chr5	23250000	23500000	-0.241938
chr5	23500000	23750000	-0.35363
chr5	23750000	24000000	0.280445
chr5	24000000	24250000	-0.00245425
chr5	24250000	24500000	-0.39264
chr5	24500000	24750000	0.713898
chr5	24750000	25000000	-0.465509
chr5	25000000	25250000	-0.420434
chr5	25250000	25500000	0.0660481
chr5	25500000	25750000	0.0837082
chr5	25750000	26000000	-0.199688
chr5	26000000	26250000	-0.289485
chr5	26250000	26500000	-0.168895
chr5	26500000	26750000	-1.42629
chr5	26750000	27000000	-1.00956
chr5	27000000	27250000	-0.329877
chr5	27250000	27500000	0.0426747
chr5	27500000	27750000	-0.0890142
chr5	27750000	28000000	-0.207824
chr5	28000000	28250000	-0.607537
chr5	28250000	28500000	-0.307442
chr5	28500000	28750000	0.42737
chr5	28750000	29000000	0.404044
chr5	29000000	29250000	-0.323868
chr5	29250000	29500000	-0.635106
chr5	29500000	29750000	-0.454154
chr5	29750000	30000000	-0.231939
chr5	30000000	30250000	-0.349608
chr5	30250000	30500000	-0.440576
chr5	30500000	30750000	-0.304439
chr5	30750000	31000000	-0.576271
chr5	31000000	31250000	-0.573094
chr5	31250000	31500000	-0.256114
chr5	31500000	31750000	-0.293087
chr5	31750000	32000000	0.397329
chr5	32000000	32250000	-0.367436
chr5	32250000	32500000	1.36576
chr5	32500000	32750000	0.50901
chr5	32750000	33000000	-0.559513
chr5	33000000	33250000	-0.709264
chr5	33250000	33500000	-0.233362
chr5	33500000	33750000	-0.112709
chr5	33750000	34000000	0.0128514
chr5	34000000	34250000	-0.0664196
chr5	34250000	34500000	-0.207526
chr5	34500000	34750000	-0.0132386
chr5	34750000	35000000	0.545574
chr5	35000000	35250000	0.0948318
chr5	35250000	35500000	0.0196718
chr5	35500000	35750000	-0.687066
chr5	35750000	36000000	0.0939294
chr5	36000000	36250000	-0.11494
chr5	36250000	36500000	0.279703
chr5	36500000	36750000	-0.174812
chr5	36750000	37000000	1.16662
chr5	37000000	37250000	0.421066
chr5	37250000	37500000	2.64272
chr5	37500000	37750000	0.482302
chr5	37750000	38000000	-0.138117
chr5	38000000	38250000	-0.189325
chr5	38250000	38500000	-0.212767
chr5	38500000	38750000	-0.994862
chr5	38750000	39000000	-0.120178
chr5	39000000	39250000	0.171722
chr5	39250000	39500000	-0.203673
chr5	39500000	39750000	0.197832
chr5	39750000	40000000	-0.41882
chr5	40000000	40250000	-0.151717
chr5	40250000	40500000	0.121836
chr5	40500000	40750000	-0.270369
chr5	40750000	41000000	0.63697
chr5	41000000	41250000	-0.0698952
chr5	41250000	41500000	-0.920374
chr5	41500000	41750000	0.288804
chr5	41750000	42000000	0.395562
chr5	42000000	42250000	0.205889
chr5	42250000	42500000	0.347757
chr5	42500000	42750000	-0.699643
chr5	42750000	43000000	0.117865
chr5	43000000	43250000	0.511177
chr5	43250000	43500000	0.111171
chr5	43500000	43750000	0.118082
chr5	43750000	44000000	-1.44385
chr5	44000000	44250000	0.523396
chr5	44250000	44500000	-1.61025
chr5	44500000	44750000	-0.0404066
chr5	44750000	45000000	-0.407632
chr5	45000000	45250000	-0.120952
chr5	45250000	45500000	-0.0176747
chr5	45500000	45750000	-0.317624
chr5	45750000	46000000	-0.355015
chr5	46000000	46250000	-0.301595
chr5	46250000	46500000	nan
chr5	46500000	46750000	nan
chr5	46750000	47000000	nan
chr5	47000000	47250000	nan
chr5	47250000	47500000	nan
chr5	47500000	47750000	nan
chr5	47750000	48000000	nan
chr5	48000000	48250000	nan
chr5	48250000	48500000	nan
chr5	48500000	48750000	nan
chr5	48750000	49000000	nan
chr5	49000000	49250000	nan
chr5	49250000	49500000	nan
chr5	49500000	49750000	0.126074
chr5	49750000	50000000	nan
chr5	50000000	50250000	nan
chr5	50250000	50500000	-0.764208
chr5	50500000	50750000	1.60662
chr5	50750000	51000000	-0.649102
chr5	51000000	51250000	-0.0215857
chr5	51250000	51500000	-0.825688
chr5	51500000	51750000	-0.888757
chr5	51750000	52000000	0.13158
chr5	52000000	52250000	-1.3987
chr5	52250000	52500000	-0.667001
chr5	52500000	52750000	-0.820327
chr5	52750000	53000000	-0.366453
chr5	53000000	53250000	-0.117927
chr5	53250000	53500000	-0.268511
chr5	53500000	53750000	0.0676069
chr5	53750000	54000000	1.28669
chr5	54000000	54250000	0.463635
chr5	54250000	54500000	-0.341597
chr5	54500000	54750000	-0.585529
chr5	54750000	55000000	-0.376765
chr5	55000000	55250000	-0.0337486
chr5	55250000	55500000	0.633517
chr5	55500000	55750000	0.240478
chr5	55750000	56000000	0.350574
chr5	56000000	56250000	1.82763
chr5	56250000	56500000	0.775117
chr5	56500000	56750000	0.451561
chr5	56750000	57000000	-0.0272764
chr5	57000000	57250000	0.130213
chr5	57250000	57500000	-0.611286
chr5	57500000	57750000	-1.01307
chr5	57750000	58000000	0.123194
chr5	58000000	58250000	0.421651
chr5	58250000	58500000	-0.948238
chr5	58500000	58750000	-0.708026
chr5	58750000	59000000	0.0636651
chr5	59000000	59250000	0.0383466
chr5	59250000	59500000	-0.420631
chr5	59500000	59750000	0.147783
chr5	59750000	60000000	0.175323
chr5	60000000	60250000	-0.165065
chr5	60250000	60500000	0.0563067
chr5	60500000	60750000	0.41752
chr5	60750000	61000000	-0.731542
chr5	61000000	61250000	0.437774
chr5	61250000	61500000	-0.761768
chr5	61500000	61750000	-0.0995251
chr5	61750000	62000000	-0.328623
chr5	62000000	62250000	0.0844014
chr5	62250000	62500000	1.11195
chr5	62500000	62750000	-0.32743
chr5	62750000	63000000	-0.234797
chr5	63000000	63250000	-0.110197
chr5	63250000	63500000	-1.18239
chr5	63500000	63750000	-0.744312
chr5	63750000	64000000	-0.196162
chr5	64000000	64250000	-0.789111
chr5	64250000	64500000	-1.22416
chr5	64500000	64750000	-0.297619
chr5	64750000	65000000	0.551168
chr5	65000000	65250000	0.0447869
chr5	65250000	65500000	-0.464615
chr5	65500000	65750000	0.717628
chr5	65750000	66000000	0.307921
chr5	66000000	66250000	0.675694
chr5	66250000	66500000	0.0217481
chr5	66500000	66750000	-0.906575
chr5	66750000	67000000	-0.174941
chr5	67000000	67250000	-0.0629202
chr5	67250000	67500000	0.00727837
chr5	67500000	67750000	0.114771
chr5	67750000	68000000	0.0847199
chr5	68000000	68250000	-0.633882
chr5	68250000	68500000	0.309874
chr5	68500000	68750000	-0.00906379
chr5	68750000	69000000	0.0304245
chr5	69000000	69250000	1.46829
chr5	69250000	69500000	0.775989
chr5	69500000	69750000	nan
chr5	69750000	70000000	nan
chr5	70000000	70250000	nan
chr5	70250000	70500000	nan
chr5	70500000	70750000	nan
chr5	70750000	71000000	nan
chr5	71000000	71250000	nan
chr5	71250000	71500000	0.325574
chr5	71500000	71750000	0.0381884
chr5	71750000	72000000	0.378625
chr5	72000000	72250000	0.24987
chr5	72250000	72500000	1.13696
chr5	72500000	72750000	0.130138
chr5	72750000	73000000	-0.591799
chr5	73000000	73250000	-0.123532
chr5	73250000	73500000	0.339426
chr5	73500000	73750000	0.759326
chr5	73750000	74000000	0.399734
chr5	74000000	74250000	0.0483292
chr5	74250000	74500000	0.173491
chr5	74500000	74750000	0.239491
chr5	74750000	75000000	-0.726443
chr5	75000000	75250000	0.483097
chr5	75250000	75500000	0.676118
chr5	75500000	75750000	0.737168
chr5	75750000	76000000	0.924503
chr5	76000000	76250000	0.287206
chr5	76250000	76500000	0.710909
chr5	76500000	76750000	0.203334
chr5	76750000	77000000	0.190347
chr5	77000000	77250000	0.00914848
chr5	77250000	77500000	0.861519
chr5	77500000	77750000	-0.377522
chr5	77750000	78000000	0.813262
chr5	78000000	78250000	1.02087
chr5	78250000	78500000	0.231323
chr5	78500000	78750000	0.654917
chr5	78750000	79000000	0.262329
chr5	79000000	79250000	0.03696
chr5	79250000	79500000	0.610022
chr5	79500000	79750000	0.196978
chr5	79750000	80000000	0.4618
chr5	80000000	80250000	0.0279979
chr5	80250000	80500000	0.122803
chr5	80500000	80750000	0.216099
chr5	80750000	81000000	0.314831
chr5	81000000	81250000	-0.0910576
chr5	81250000	81500000	-0.0227103
chr5	81500000	81750000	0.813194
chr5	81750000	82000000	0.788694
chr5	82000000	82250000	0.888867
chr5	82250000	82500000	0.1638
chr5	82500000	82750000	0.291442
chr5	82750000	83000000	0.395359
chr5	83000000	83250000	0.122802
chr5	83250000	83500000	-0.917428
chr5	83500000	83750000	-0.185522
chr5	83750000	84000000	0.54115
chr5	84000000	84250000	-0.723599
chr5	84250000	84500000	0.130333
chr5	84500000	84750000	0.312943
chr5	84750000	85000000	-0.172029
chr5	85000000	85250000	-0.128824
chr5	85250000	85500000	0.522118
chr5	85500000	85750000	-0.306821
chr5	85750000	86000000	-0.44692
chr5	86000000	86250000	-0.716628
chr5	86250000	86500000	-0.598944
chr5	86500000	86750000	-0.716581
chr5	86750000	87000000	-0.739445
chr5	87000000	87250000	-0.410042
chr5	87250000	87500000	0.546925
chr5	87500000	87750000	-0.889593
chr5	87750000	88000000	-0.139453
chr5	88000000	88250000	-0.008922
chr5	88250000	88500000	0.348761
chr5	88500000	88750000	0.188405
chr5	88750000	89000000	0.893148
chr5	89000000	89250000	0.340535
chr5	89250000	89500000	-0.0375476
chr5	89500000	89750000	0.402164
chr5	89750000	90000000	0.0189675
chr5	90000000	90250000	-0.281076
chr5	90250000	90500000	0.362783
chr5	90500000	90750000	0.0232241
chr5	90750000	91000000	0.230637
chr5	91000000	91250000	-0.627277
chr5	91250000	91500000	0.291971
chr5	91500000	91750000	-0.0384082
chr5	91750000	92000000	-0.858507
chr5	92000000	92250000	-0.611354
chr5	92250000	92500000	-0.368953
chr5	92500000	92750000	0.112381
chr5	92750000	93000000	-0.179811
chr5	93000000	93250000	-2.11511
chr5	93250000	93500000	-0.320111
chr5	93500000	93750000	-1.19395
chr5	93750000	94000000	-0.140042
chr5	94000000	94250000	-0.0772417
chr5	94250000	94500000	-0.114327
chr5	94500000	94750000	0.303525
chr5	94750000	95000000	-0.00678421
chr5	95000000	95250000	0.416589
chr5	95250000	95500000	0.273711
chr5	95500000	95750000	0.830921
chr5	95750000	96000000	0.642239
chr5	96000000	96250000	0.0572824
chr5	96250000	96500000	0.0275959
chr5	96500000	96750000	0.845367
chr5	96750000	97000000	0.484117
chr5	97000000	97250000	0.645998
chr5	97250000	97500000	0.205288
chr5	97500000	97750000	0.696903
chr5	97750000	98000000	-0.682092
chr5	98000000	98250000	0.187294
chr5	98250000	98500000	-0.0734235
chr5	98500000	98750000	-1.06184
chr5	98750000	99000000	0.191097
chr5	99000000	99250000	-0.0277613
chr5	99250000	99500000	-0.332513
chr5	99500000	99750000	-1.19513
chr5	99750000	100000000	-0.165264
chr5	100000000	100250000	-0.17693
chr5	100250000	100500000	0.270324
chr5	100500000	100750000	0.500266
chr5	100750000	101000000	0.621325
chr5	101000000	101250000	0.00994654
chr5	101250000	101500000	-0.410061
chr5	101500000	101750000	0.036426
chr5	101750000	102000000	-0.450651
chr5	102000000	102250000	-0.216271
chr5	102250000	102500000	0.130831
chr5	102500000	102750000	-0.151919
chr5	102750000	103000000	-0.0535218
chr5	103000000	103250000	0.249294
chr5	103250000	103500000	0.0288885
chr5	103500000	103750000	-0.067193
chr5	103750000	104000000	-0.197804
chr5	104000000	104250000	-0.349137
chr5	104250000	104500000	-0.304553
chr5	104500000	104750000	-0.2752
chr5	104750000	105000000	-0.118746
chr5	105000000	105250000	-0.59133
chr5	105250000	105500000	-0.0281053
chr5	105500000	105750000	-0.687636
chr5	105750000	106000000	-0.316025
chr5	106000000	106250000	-1.03507
chr5	106250000	106500000	-0.633043
chr5	106500000	106750000	-0.359408
chr5	106750000	107000000	0.547905
chr5	107000000	107250000	0.394807
chr5	107250000	107500000	0.191178
chr5	107500000	107750000	0.0641793
chr5	107750000	108000000	-0.0933723
chr5	108000000	108250000	-0.0126942
chr5	108250000	108500000	-0.0748418
chr5	108500000	108750000	0.253897
chr5	108750000	109000000	0.729692
chr5	109000000	109250000	0.267946
chr5	109250000	109500000	-0.404689
chr5	109500000	109750000	-0.378514
chr5	109750000	110000000	-0.1326
chr5	110000000	110250000	-0.065807
chr5	110250000	110500000	-1.19634
chr5	110500000	110750000	-0.166471
chr5	110750000	111000000	-0.0744882
chr5	111000000	111250000	0.211095
chr5	111250000	111500000	0.290701
chr5	111500000	111750000	0.186849
chr5	111750000	112000000	-0.00987102
chr5	112000000	112250000	0.229554
chr5	112250000	112500000	0.472996
chr5	112500000	112750000	0.0469273
chr5	112750000	113000000	0.856647
chr5	113000000	113250000	-0.392372
chr5	113250000	113500000	0.0449932
chr5	113500000	113750000	-0.361141
chr5	113750000	114000000	-0.777021
chr5	114000000	114250000	-0.724664
chr5	114250000	114500000	-0.257879
chr5	114500000	114750000	-0.463916
chr5	114750000	115000000	-0.549746
chr5	115000000	115250000	0.191859
chr5	115250000	115500000	-0.204247
chr5	115500000	115750000	0.448022
chr5	115750000	116000000	-0.213369
chr5	116000000	116250000	-0.0662589
chr5	116250000	116500000	0.129957
chr5	116500000	116750000	-0.0840925
chr5	116750000	117000000	0.502938
chr5	117000000	117250000	-0.355764
chr5	117250000	117500000	-0.287946
chr5	117500000	117750000	-0.567915
chr5	117750000	118000000	-0.383336
chr5	118000000	118250000	-0.257085
chr5	118250000	118500000	-0.399909
chr5	118500000	118750000	0.0612694
chr5	118750000	119000000	0.0442646
chr5	119000000	119250000	1.21863
chr5	119250000	119500000	0.207242
chr5	119500000	119750000	-0.126442
chr5	119750000	120000000	-0.622062
chr5	120000000	120250000	-0.181322
chr5	120250000	120500000	-0.11365
chr5	120500000	120750000	0.165738
chr5	120750000	121000000	-0.414246
chr5	121000000	121250000	-0.221085
chr5	121250000	121500000	-0.848933
chr5	121500000	121750000	-0.71568
chr5	121750000	122000000	-0.0687122
chr5	122000000	122250000	0.0284902
chr5	122250000	122500000	-0.141517
chr5	122500000	122750000	-0.473139
chr5	122750000	123000000	-0.293398
chr5	123000000	123250000	-0.159282
chr5	123250000	123500000	-0.444655
chr5	123500000	123750000	0.81263
chr5	123750000	124000000	-0.170908
chr5	124000000	124250000	0.107968
chr5	124250000	124500000	-0.223297
chr5	124500000	124750000	-0.0640617
chr5	124750000	125000000	0.0455035
chr5	125000000	125250000	-0.287766
chr5	125250000	125500000	-0.678068
chr5	125500000	125750000	-0.355356
chr5	125750000	126000000	-0.053514
chr5	126000000	126250000	-1.5943
chr5	126250000	126500000	0.128772
chr5	126500000	126750000	1.73072
chr5	126750000	127000000	0.298186
chr5	127000000	127250000	0.0220601
chr5	127250000	127500000	-0.195646
chr5	127500000	127750000	0.216761
chr5	127750000	128000000	0.231548
chr5	128000000	128250000	0.218895
chr5	128250000	128500000	-0.317028
chr5	128500000	128750000	-1.67597
chr5	128750000	129000000	-0.0938949
chr5	129000000	129250000	-0.284532
chr5	129250000	129500000	-0.843719
chr5	129500000	129750000	-1.53788
chr5	129750000	130000000	-0.452367
chr5	130000000	130250000	-1.34908
chr5	130250000	130500000	0.0355893
chr5	130500000	130750000	-0.853425
chr5	130750000	131000000	0.168772
chr5	131000000	131250000	0.102281
chr5	131250000	131500000	0.276814
chr5	131500000	131750000	-0.0107032
chr5	131750000	132000000	0.530035
chr5	132000000	132250000	0.632099
chr5	132250000	132500000	0.474166
chr5	132500000	132750000	0.156685
chr5	132750000	133000000	0.32687
chr5	133000000	133250000	-0.0698519
chr5	133250000	133500000	0.262571
chr5	133500000	133750000	-0.284904
chr5	133750000	134000000	0.393471
chr5	134000000	134250000	1.12374
chr5	134250000	134500000	0.161728
chr5	134500000	134750000	1.20691
chr5	134750000	135000000	1.1348
chr5	135000000	135250000	-0.617181
chr5	135250000	135500000	-0.0843354
chr5	135500000	135750000	0.0437756
chr5	135750000	136000000	0.287529
chr5	136000000	136250000	-0.315004
chr5	136250000	136500000	0.0612777
chr5	136500000	136750000	-0.177331
chr5	136750000	137000000	-0.386746
chr5	137000000	137250000	0.0943863
chr5	137250000	137500000	-0.346587
chr5	137500000	137750000	0.116299
chr5	137750000	138000000	3.66322
chr5	138000000	138250000	0.837503
chr5	138250000	138500000	0.251148
chr5	138500000	138750000	0.402812
chr5	138750000	139000000	0.633343
chr5	139000000	139250000	0.447931
chr5	139250000	139500000	0.882303
chr5	139500000	139750000	0.846351
chr5	139750000	140000000	0.885901
chr5	140000000	140250000	1.14878
chr5	140250000	140500000	3.55822
chr5	140500000	140750000	0.878017
chr5	140750000	141000000	0.329316
chr5	141000000	141250000	-0.634728
chr5	141250000	141500000	-0.948192
chr5	141500000	141750000	-0.0714447
chr5	141750000	142000000	-0.17619
chr5	142000000	142250000	0.0140681
chr5	142250000	142500000	0.208242
chr5	142500000	142750000	-0.0883509
chr5	142750000	143000000	0.709252
chr5	143000000	143250000	1.27122
chr5	143250000	143500000	0.19232
chr5	143500000	143750000	-0.0664864
chr5	143750000	144000000	0.321943
chr5	144000000	144250000	-0.0458597
chr5	144250000	144500000	-1.11071
chr5	144500000	144750000	-0.928395
chr5	144750000	145000000	-0.256974
chr5	145000000	145250000	0.0487516
chr5	145250000	145500000	-0.00339858
chr5	145500000	145750000	-0.633496
chr5	145750000	146000000	-0.868627
chr5	146000000	146250000	0.0873569
chr5	146250000	146500000	-0.106181
chr5	146500000	146750000	0.815852
chr5	146750000	147000000	-0.3218
chr5	147000000	147250000	0.166318
chr5	147250000	147500000	-0.448756
chr5	147500000	147750000	-0.148584
chr5	147750000	148000000	-0.909435
chr5	148000000	148250000	-1.01966
chr5	148250000	148500000	-0.69104
chr5	148500000	148750000	-0.256848
chr5	148750000	149000000	0.175273
chr5	149000000	149250000	-0.363033
chr5	149250000	149500000	-0.260317
chr5	149500000	149750000	0.26857
chr5	149750000	150000000	0.739472
chr5	150000000	150250000	0.687397
chr5	150250000	150500000	0.361399
chr5	150500000	150750000	0.908127
chr5	150750000	151000000	-0.307848
chr5	151000000	151250000	0.538763
chr5	151250000	151500000	0.176879
chr5	151500000	151750000	0.99331
chr5	151750000	152000000	0.415111
chr5	152000000	152250000	-1.33848
chr5	152250000	152500000	0.0443503
chr5	152500000	152750000	-1.33047
chr5	152750000	153000000	-0.35639
chr5	153000000	153250000	-1.09574
chr5	153250000	153500000	-0.699762
chr5	153500000	153750000	-0.46786
chr5	153750000	154000000	-0.31482
chr5	154000000	154250000	0.167757
chr5	154250000	154500000	-0.839145
chr5	154500000	154750000	1.23018
chr5	154750000	155000000	0.224294
chr5	155000000	155250000	-0.0947579
chr5	155250000	155500000	-0.985749
chr5	155500000	155750000	-0.36111
chr5	155750000	156000000	-0.0529218
chr5	156000000	156250000	-0.14807
chr5	156250000	156500000	-0.341141
chr5	156500000	156750000	-0.441168
chr5	156750000	157000000	-2.98832
chr5	157000000	157250000	1.21071
chr5	157250000	157500000	0.652408
chr5	157500000	157750000	0.518556
chr5	157750000	158000000	0.923276
chr5	158000000	158250000	-1.06685
chr5	158250000	158500000	0.0112491
chr5	158500000	158750000	0.120725
chr5	158750000	159000000	0.24827
chr5	159000000	159250000	-0.0147699
chr5	159250000	159500000	0.207236
chr5	159500000	159750000	-0.391876
chr5	159750000	160000000	0.19935
chr5	160000000	160250000	0.421087
chr5	160250000	160500000	0.024952
chr5	160500000	160750000	-0.350397
chr5	160750000	161000000	-0.482868
chr5	161000000	161250000	0.516384
chr5	161250000	161500000	-0.097083
chr5	161500000	161750000	-0.411867
chr5	161750000	162000000	0.527759
chr5	162000000	162250000	-0.0540207
chr5	162250000	162500000	-0.0791192
chr5	162500000	162750000	-0.969348
chr5	162750000	163000000	0.383485
chr5	163000000	163250000	-0.363089
chr5	163250000	163500000	0.408615
chr5	163500000	163750000	-0.272391
chr5	163750000	164000000	0.0176648
chr5	164000000	164250000	-0.345562
chr5	164250000	164500000	-1.22925
chr5	164500000	164750000	0.368315
chr5	164750000	165000000	-0.210563
chr5	165000000	165250000	-0.658431
chr5	165250000	165500000	-0.863578
chr5	165500000	165750000	-0.657319
chr5	165750000	166000000	-0.0346797
chr5	166000000	166250000	-0.788458
chr5	166250000	166500000	-0.68937
chr5	166500000	166750000	-0.331568
chr5	166750000	167000000	-0.514468
chr5	167000000	167250000	-0.572495
chr5	167250000	167500000	-0.358067
chr5	167500000	167750000	-2.08299
chr5	167750000	168000000	-0.503143
chr5	168000000	168250000	-1.10081
chr5	168250000	168500000	-0.430421
chr5	168500000	168750000	0.474032
chr5	168750000	169000000	-0.813359
chr5	169000000	169250000	-0.719829
chr5	169250000	169500000	-1.0632
chr5	169500000	169750000	0.470677
chr5	169750000	170000000	-1.02564
chr5	170000000	170250000	0.216942
chr5	170250000	170500000	0.0828424
chr5	170500000	170750000	0.0132127
chr5	170750000	171000000	-0.291048
chr5	171000000	171250000	-0.653071
chr5	171250000	171500000	0.30573
chr5	171500000	171750000	-0.170537
chr5	171750000	172000000	0.475846
chr5	172000000	172250000	0.856094
chr5	172250000	172500000	0.264945
chr5	172500000	172750000	0.370729
chr5	172750000	173000000	1.04593
chr5	173000000	173250000	1.21805
chr5	173250000	173500000	-0.0343019
chr5	173500000	173750000	1.58352
chr5	173750000	174000000	1.13115
chr5	174000000	174250000	0.364166
chr5	174250000	174500000	0.345315
chr5	174500000	174750000	-0.458519
chr5	174750000	175000000	-2.45425
chr5	175000000	175250000	0.832141
chr5	175250000	175500000	-0.203898
chr5	175500000	175750000	0.226396
chr5	175750000	176000000	0.0724148
chr5	176000000	176250000	0.323539
chr5	176250000	176500000	0.756171
chr5	176500000	176750000	0.556212
chr5	176750000	177000000	0.204862
chr5	177000000	177250000	0.503083
chr5	177250000	177500000	0.809015
chr5	177500000	177750000	0.101206
chr5	177750000	178000000	-0.0153689
chr5	178000000	178250000	1.11703
chr5	178250000	178500000	-0.229992
chr5	178500000	178750000	-0.216264
chr5	178750000	179000000	-0.205038
chr5	179000000	179250000	0.226743
chr5	179250000	179500000	-0.228511
chr5	179500000	179750000	1.75699
chr5	179750000	180000000	-0.211503
chr5	180000000	180250000	-3.169
chr5	180250000	180500000	-0.00138086
chr5	180500000	180750000	0.233515
chr5	180750000	181000000	0.532669
chr5	181000000	181250000	0.756397
chr5	181250000	181500000	nan
chr5	181500000	181538259	nan
#bedGraph section chr6:0-170805979
chr6	0	250000	0.344883
chr6	250000	500000	0.551353
chr6	500000	750000	0.610728
chr6	750000	1000000	0.0932917
chr6	1000000	1250000	0.100302
chr6	1250000	1500000	0.805444
chr6	1500000	1750000	0.516994
chr6	1750000	2000000	1.02659
chr6	2000000	2250000	-0.130588
chr6	2250000	2500000	0.374818
chr6	2500000	2750000	0.0266262
chr6	2750000	3000000	0.378002
chr6	3000000	3250000	0.992824
chr6	3250000	3500000	0.394961
chr6	3500000	3750000	0.506436
chr6	3750000	4000000	-0.0639981
chr6	4000000	4250000	-0.0548964
chr6	4250000	4500000	-0.385568
chr6	4500000	4750000	-0.379508
chr6	4750000	5000000	1.21152
chr6	5000000	5250000	0.815947
chr6	5250000	5500000	-0.317375
chr6	5500000	5750000	0.686612
chr6	5750000	6000000	0.723766
chr6	6000000	6250000	-0.104714
chr6	6250000	6500000	1.21168
chr6	6500000	6750000	0.326872
chr6	6750000	7000000	-0.528905
chr6	7000000	7250000	0.378811
chr6	7250000	7500000	0.281136
chr6	7500000	7750000	0.707504
chr6	7750000	8000000	0.732096
chr6	8000000	8250000	-0.733979
chr6	8250000	8500000	0.424954
chr6	8500000	8750000	-1.53424
chr6	8750000	9000000	-0.0170479
chr6	9000000	9250000	-0.698812
chr6	9250000	9500000	-0.403357
chr6	9500000	9750000	-0.827292
chr6	9750000	10000000	-2.04213
chr6	10000000	10250000	-1.43017
chr6	10250000	10500000	-0.0366994
chr6	10500000	10750000	0.547991
chr6	10750000	11000000	0.841106
chr6	11000000	11250000	0.83289
chr6	11250000	11500000	0.655652
chr6	11500000	11750000	0.594517
chr6	11750000	12000000	0.935252
chr6	12000000	12250000	0.607948
chr6	12250000	12500000	0.700891
chr6	12500000	12750000	-0.0381504
chr6	12750000	13000000	0.401105
chr6	13000000	13250000	0.758001
chr6	13250000	13500000	1.33675
chr6	13500000	13750000	0.395733
chr6	13750000	14000000	1.11102
chr6	14000000	14250000	0.480052
chr6	14250000	14500000	0.355835
chr6	14500000	14750000	0.478341
chr6	14750000	15000000	0.358741
chr6	15000000	15250000	0.710694
chr6	15250000	15500000	0.554831
chr6	15500000	15750000	0.494132
chr6	15750000	16000000	1.00007
chr6	16000000	16250000	1.09788
chr6	16250000	16500000	0.431564
chr6	16500000	16750000	-0.393552
chr6	16750000	17000000	-0.667118
chr6	17000000	17250000	0.0610875
chr6	17250000	17500000	-0.0346769
chr6	17500000	17750000	0.00577606
chr6	17750000	18000000	-0.279902
chr6	18000000	18250000	-0.275115
chr6	18250000	18500000	0.145543
chr6	18500000	18750000	-0.0872718
chr6	18750000	19000000	-0.631774
chr6	19000000	19250000	-0.931698
chr6	19250000	19500000	-0.178124
chr6	19500000	19750000	-1.4932
chr6	19750000	20000000	-0.928262
chr6	20000000	20250000	-0.552832
chr6	20250000	20500000	0.0894989
chr6	20500000	20750000	0.959716
chr6	20750000	21000000	0.53759
chr6	21000000	21250000	0.843298
chr6	21250000	21500000	-0.11599
chr6	21500000	21750000	0.170417
chr6	21750000	22000000	-0.56033
chr6	22000000	22250000	0.208831
chr6	22250000	22500000	0.0405213
chr6	22500000	22750000	-0.0894055
chr6	22750000	23000000	-0.186088
chr6	23000000	23250000	-0.585763
chr6	23250000	23500000	-0.408566
chr6	23500000	23750000	-1.05016
chr6	23750000	24000000	-1.60921
chr6	24000000	24250000	-0.934701
chr6	24250000	24500000	-0.280519
chr6	24500000	24750000	0.0506886
chr6	24750000	25000000	0.455598
chr6	25000000	25250000	1.01634
chr6	25250000	25500000	0.446962
chr6	25500000	25750000	0.436032
chr6	25750000	26000000	1.86436
chr6	26000000	26250000	0.559005
chr6	26250000	26500000	0.421839
chr6	26500000	26750000	0.838439
chr6	26750000	27000000	0.180891
chr6	27000000	27250000	0.438113
chr6	27250000	27500000	0.831407
chr6	27500000	27750000	0.4973
chr6	27750000	28000000	0.127248
chr6	28000000	28250000	0.84037
chr6	28250000	28500000	0.210187
chr6	28500000	28750000	0.835151
chr6	28750000	29000000	0.106634
chr6	29000000	29250000	0.333297
chr6	29250000	29500000	-0.290274
chr6	29500000	29750000	0.0339335
chr6	29750000	30000000	0.259173
chr6	30000000	30250000	0.997079
chr6	30250000	30500000	0.552055
chr6	30500000	30750000	0.76141
chr6	30750000	31000000	0.684647
chr6	31000000	31250000	0.345485
chr6	31250000	31500000	0.537686
chr6	31500000	31750000	0.392884
chr6	31750000	32000000	0.257217
chr6	32000000	32250000	0.461814
chr6	32250000	32500000	0.140957
chr6	32500000	32750000	0.680627
chr6	32750000	33000000	0.67678
chr6	33000000	33250000	0.375394
chr6	33250000	33500000	0.359924
chr6	33500000	33750000	0.714276
chr6	33750000	34000000	0.571378
chr6	34000000	34250000	0.254422
chr6	34250000	34500000	0.721408
chr6	34500000	34750000	0.738424
chr6	34750000	35000000	0.802418
chr6	35000000	35250000	0.52621
chr6	35250000	35500000	0.30495
chr6	35500000	35750000	0.671646
chr6	35750000	36000000	0.550609
chr6	36000000	36250000	0.804023
chr6	36250000	36500000	0.782584
chr6	36500000	36750000	1.11244
chr6	36750000	37000000	0.810731
chr6	37000000	37250000	0.568754
chr6	37250000	37500000	0.714473
chr6	37500000	37750000	0.742917
chr6	37750000	38000000	0.873984
chr6	38000000	38250000	0.608609
chr6	38250000	38500000	0.15774
chr6	38500000	38750000	0.533524
chr6	38750000	39000000	0.294269
chr6	39000000	39250000	0.877923
chr6	39250000	39500000	0.469194
chr6	39500000	39750000	0.368228
chr6	39750000	40000000	0.288351
chr6	40000000	40250000	-0.340307
chr6	40250000	40500000	0.510654
chr6	40500000	40750000	0.0556813
chr6	40750000	41000000	-0.0725353
chr6	41000000	41250000	0.876231
chr6	41250000	41500000	0.677607
chr6	41500000	41750000	0.699777
chr6	41750000	42000000	0.314586
chr6	42000000	42250000	0.857272
chr6	42250000	42500000	0.154336
chr6	42500000	42750000	0.566791
chr6	42750000	43000000	0.535139
chr6	43000000	43250000	0.877284
chr6	43250000	43500000	0.734838
chr6	43500000	43750000	0.700524
chr6	43750000	44000000	1.01009
chr6	44000000	44250000	1.09098
chr6	44250000	44500000	1.25443
chr6	44500000	44750000	0.574002
chr6	44750000	45000000	0.327214
chr6	45000000	45250000	0.336915
chr6	45250000	45500000	-0.186198
chr6	45500000	45750000	0.698058
chr6	45750000	46000000	0.588287
chr6	46000000	46250000	0.157129
chr6	46250000	46500000	0.200845
chr6	46500000	46750000	-0.756798
chr6	46750000	47000000	-0.247369
chr6	47000000	47250000	0.115824
chr6	47250000	47500000	0.144256
chr6	47500000	47750000	0.485073
chr6	47750000	48000000	-0.303339
chr6	48000000	48250000	-0.784235
chr6	48250000	48500000	-1.05792
chr6	48500000	48750000	-0.6191
chr6	48750000	49000000	-0.0648425
chr6	49000000	49250000	-0.43269
chr6	49250000	49500000	-1.37857
chr6	49500000	49750000	0.00461345
chr6	49750000	50000000	-0.622646
chr6	50000000	50250000	-0.67011
chr6	50250000	50500000	-0.171461
chr6	50500000	50750000	-0.147837
chr6	50750000	51000000	-1.09607
chr6	51000000	51250000	-0.41197
chr6	51250000	51500000	0.209028
chr6	51500000	51750000	-0.374093
chr6	51750000	52000000	-0.281685
chr6	52000000	52250000	0.242572
chr6	52250000	52500000	0.494962
chr6	52500000	52750000	0.379093
chr6	52750000	53000000	0.441377
chr6	53000000	53250000	-0.0307015
chr6	53250000	53500000	0.421066
chr6	53500000	53750000	-0.0718726
chr6	53750000	54000000	0.0441947
chr6	54000000	54250000	-0.333671
chr6	54250000	54500000	-0.22102
chr6	54500000	54750000	-0.292632
chr6	54750000	55000000	-0.843541
chr6	55000000	55250000	-0.0956719
chr6	55250000	55500000	-0.306466
chr6	55500000	55750000	-0.72652
chr6	55750000	56000000	-0.691703
chr6	56000000	56250000	-0.535867
chr6	56250000	56500000	0.26706
chr6	56500000	56750000	1.02194
chr6	56750000	57000000	0.241216
chr6	57000000	57250000	0.855717
chr6	57250000	57500000	0.369105
chr6	57500000	57750000	-0.289589
chr6	57750000	58000000	0.144727
chr6	58000000	58250000	-1.84336
chr6	58250000	58500000	-0.641237
chr6	58500000	58750000	nan
chr6	58750000	59000000	nan
chr6	59000000	59250000	nan
chr6	59250000	59500000	nan
chr6	59500000	59750000	nan
chr6	59750000	60000000	nan
chr6	60000000	60250000	nan
chr6	60250000	60500000	-1.59441
chr6	60500000	60750000	-1.35828
chr6	60750000	61000000	-0.281063
chr6	61000000	61250000	-1.35136
chr6	61250000	61500000	nan
chr6	61500000	61750000	-1.05991
chr6	61750000	62000000	-0.855061
chr6	62000000	62250000	-1.41686
chr6	62250000	62500000	-0.462842
chr6	62500000	62750000	-1.54662
chr6	62750000	63000000	-0.103559
chr6	63000000	63250000	-0.364213
chr6	63250000	63500000	0.34879
chr6	63500000	63750000	-0.0619532
chr6	63750000	64000000	-0.543947
chr6	64000000	64250000	-0.636152
chr6	64250000	64500000	-0.974427
chr6	64500000	64750000	-0.224518
chr6	64750000	65000000	-0.890553
chr6	65000000	65250000	-0.093021
chr6	65250000	65500000	-0.397132
chr6	65500000	65750000	-1.04382
chr6	65750000	66000000	-1.11421
chr6	66000000	66250000	-1.07439
chr6	66250000	66500000	-0.222666
chr6	66500000	66750000	-1.46548
chr6	66750000	67000000	-0.569375
chr6	67000000	67250000	-1.24872
chr6	67250000	67500000	-0.619741
chr6	67500000	67750000	-0.443082
chr6	67750000	68000000	-0.583602
chr6	68000000	68250000	-0.60864
chr6	68250000	68500000	-1.43487
chr6	68500000	68750000	-0.650076
chr6	68750000	69000000	-0.249753
chr6	69000000	69250000	-1.1797
chr6	69250000	69500000	-0.386296
chr6	69500000	69750000	0.487604
chr6	69750000	70000000	0.76758
chr6	70000000	70250000	-0.446053
chr6	70250000	70500000	-0.234887
chr6	70500000	70750000	0.745914
chr6	70750000	71000000	-0.248029
chr6	71000000	71250000	-0.00916909
chr6	71250000	71500000	0.231475
chr6	71500000	71750000	-0.3558
chr6	71750000	72000000	0.143495
chr6	72000000	72250000	-0.222089
chr6	72250000	72500000	-0.410029
chr6	72500000	72750000	0.0554959
chr6	72750000	73000000	-0.285497
chr6	73000000	73250000	0.232923
chr6	73250000	73500000	0.923923
chr6	73500000	73750000	0.615637
chr6	73750000	74000000	-0.274124
chr6	74000000	74250000	-1.10417
chr6	74250000	74500000	-0.075481
chr6	74500000	74750000	0.0733127
chr6	74750000	75000000	-0.288059
chr6	75000000	75250000	-0.658117
chr6	75250000	75500000	-0.601835
chr6	75500000	75750000	0.415011
chr6	75750000	76000000	0.403567
chr6	76000000	76250000	-0.281753
chr6	76250000	76500000	-0.733436
chr6	76500000	76750000	-0.0434832
chr6	76750000	77000000	-0.553526
chr6	77000000	77250000	-1.28312
chr6	77250000	77500000	-0.692581
chr6	77500000	77750000	-0.390895
chr6	77750000	78000000	-0.238446
chr6	78000000	78250000	-0.973648
chr6	78250000	78500000	-1.36075
chr6	78500000	78750000	-0.58754
chr6	78750000	79000000	-0.0121815
chr6	79000000	79250000	0.0694193
chr6	79250000	79500000	0.103738
chr6	79500000	79750000	-0.417308
chr6	79750000	80000000	-0.192444
chr6	80000000	80250000	0.126019
chr6	80250000	80500000	-0.663015
chr6	80500000	80750000	0.0295519
chr6	80750000	81000000	-0.878211
chr6	81000000	81250000	-0.381614
chr6	81250000	81500000	-0.296454
chr6	81500000	81750000	-0.805562
chr6	81750000	82000000	-1.0543
chr6	82000000	82250000	-0.381748
chr6	82250000	82500000	-0.191286
chr6	82500000	82750000	-0.404954
chr6	82750000	83000000	-0.444679
chr6	83000000	83250000	-0.0159894
chr6	83250000	83500000	-0.370347
chr6	83500000	83750000	-0.215529
chr6	83750000	84000000	-0.151201
chr6	84000000	84250000	0.0181613
chr6	84250000	84500000	-0.240151
chr6	84500000	84750000	0.108949
chr6	84750000	85000000	0.379457
chr6	85000000	85250000	-1.19609
chr6	85250000	85500000	0.0371486
chr6	85500000	85750000	0.17198
chr6	85750000	86000000	-0.289451
chr6	86000000	86250000	-0.510367
chr6	86250000	86500000	-0.860119
chr6	86500000	86750000	-1.33056
chr6	86750000	87000000	-0.742949
chr6	87000000	87250000	-0.104529
chr6	87250000	87500000	0.872406
chr6	87500000	87750000	0.775832
chr6	87750000	88000000	0.443244
chr6	88000000	88250000	0.423251
chr6	88250000	88500000	0.122682
chr6	88500000	88750000	0.531608
chr6	88750000	89000000	0.338481
chr6	89000000	89250000	0.133176
chr6	89250000	89500000	1.29904
chr6	89500000	89750000	-0.183255
chr6	89750000	90000000	-0.182048
chr6	90000000	90250000	-0.49427
chr6	90250000	90500000	0.314615
chr6	90500000	90750000	-0.00372104
chr6	90750000	91000000	-0.287235
chr6	91000000	91250000	-0.523317
chr6	91250000	91500000	-0.3083
chr6	91500000	91750000	0.0571544
chr6	91750000	92000000	0.460463
chr6	92000000	92250000	-0.0194183
chr6	92250000	92500000	-0.712297
chr6	92500000	92750000	-0.778216
chr6	92750000	93000000	-0.493159
chr6	93000000	93250000	-1.20445
chr6	93250000	93500000	-0.0630666
chr6	93500000	93750000	-1.49933
chr6	93750000	94000000	-0.793756
chr6	94000000	94250000	-1.58602
chr6	94250000	94500000	-1.35295
chr6	94500000	94750000	-0.238228
chr6	94750000	95000000	-0.461208
chr6	95000000	95250000	0.0363194
chr6	95250000	95500000	-0.437611
chr6	95500000	95750000	-0.479766
chr6	95750000	96000000	-0.280438
chr6	96000000	96250000	-0.723294
chr6	96250000	96500000	-0.222941
chr6	96500000	96750000	-0.903844
chr6	96750000	97000000	0.202046
chr6	97000000	97250000	-0.0645027
chr6	97250000	97500000	-0.0508091
chr6	97500000	97750000	0.0454565
chr6	97750000	98000000	-0.61469
chr6	98000000	98250000	-0.632419
chr6	98250000	98500000	-0.829167
chr6	98500000	98750000	-0.835264
chr6	98750000	99000000	-0.000489189
chr6	99000000	99250000	-0.728589
chr6	99250000	99500000	-0.00841815
chr6	99500000	99750000	-0.10089
chr6	99750000	100000000	-0.486038
chr6	100000000	100250000	-0.25606
chr6	100250000	100500000	-0.103687
chr6	100500000	100750000	-0.0312022
chr6	100750000	101000000	-0.0938275
chr6	101000000	101250000	-0.471872
chr6	101250000	101500000	-1.60447
chr6	101500000	101750000	-1.08735
chr6	101750000	102000000	-0.751702
chr6	102000000	102250000	-0.982227
chr6	102250000	102500000	-0.47161
chr6	102500000	102750000	-1.404
chr6	102750000	103000000	-0.632738
chr6	103000000	103250000	0.00734519
chr6	103250000	103500000	-1.07354
chr6	103500000	103750000	-0.511352
chr6	103750000	104000000	-1.00964
chr6	104000000	104250000	-0.877352
chr6	104250000	104500000	-0.492212
chr6	104500000	104750000	-0.511287
chr6	104750000	105000000	-0.299678
chr6	105000000	105250000	-0.328801
chr6	105250000	105500000	0.627336
chr6	105500000	105750000	0.486631
chr6	105750000	106000000	0.397756
chr6	106000000	106250000	0.77471
chr6	106250000	106500000	0.762145
chr6	106500000	106750000	1.34995
chr6	106750000	107000000	0.871554
chr6	107000000	107250000	0.18135
chr6	107250000	107500000	0.833272
chr6	107500000	107750000	0.699216
chr6	107750000	108000000	1.20153
chr6	108000000	108250000	0.55297
chr6	108250000	108500000	0.992456
chr6	108500000	108750000	1.38382
chr6	108750000	109000000	0.738839
chr6	109000000	109250000	0.28503
chr6	109250000	109500000	0.509358
chr6	109500000	109750000	0.332377
chr6	109750000	110000000	0.252293
chr6	110000000	110250000	-0.474672
chr6	110250000	110500000	0.400227
chr6	110500000	110750000	0.881691
chr6	110750000	111000000	0.564929
chr6	111000000	111250000	0.885543
chr6	111250000	111500000	0.713305
chr6	111500000	111750000	0.398612
chr6	111750000	112000000	1.0114
chr6	112000000	112250000	0.171079
chr6	112250000	112500000	-0.830391
chr6	112500000	112750000	-0.498105
chr6	112750000	113000000	-0.610477
chr6	113000000	113250000	-0.110043
chr6	113250000	113500000	-0.356135
chr6	113500000	113750000	-0.283506
chr6	113750000	114000000	0.109223
chr6	114000000	114250000	-0.579029
chr6	114250000	114500000	-1.3775
chr6	114500000	114750000	-0.812236
chr6	114750000	115000000	0.0590265
chr6	115000000	115250000	-0.246845
chr6	115250000	115500000	-0.337122
chr6	115500000	115750000	-0.566549
chr6	115750000	116000000	0.00784729
chr6	116000000	116250000	0.814459
chr6	116250000	116500000	1.19046
chr6	116500000	116750000	-0.0372363
chr6	116750000	117000000	-0.133978
chr6	117000000	117250000	-1.63568
chr6	117250000	117500000	-0.866766
chr6	117500000	117750000	0.187201
chr6	117750000	118000000	-0.546211
chr6	118000000	118250000	-0.798078
chr6	118250000	118500000	-0.828321
chr6	118500000	118750000	0.131145
chr6	118750000	119000000	0.250604
chr6	119000000	119250000	-0.0526582
chr6	119250000	119500000	0.61028
chr6	119500000	119750000	0.249992
chr6	119750000	120000000	-0.704539
chr6	120000000	120250000	-0.561983
chr6	120250000	120500000	-0.902166
chr6	120500000	120750000	-1.27179
chr6	120750000	121000000	-1.18497
chr6	121000000	121250000	-0.296137
chr6	121250000	121500000	-0.383726
chr6	121500000	121750000	-0.592816
chr6	121750000	122000000	-0.709253
chr6	122000000	122250000	-0.310741
chr6	122250000	122500000	-0.937925
chr6	122500000	122750000	-0.280564
chr6	122750000	123000000	-0.651516
chr6	123000000	123250000	-0.880211
chr6	123250000	123500000	-1.25433
chr6	123500000	123750000	-0.725733
chr6	123750000	124000000	-0.67796
chr6	124000000	124250000	-0.482584
chr6	124250000	124500000	-1.52397
chr6	124500000	124750000	-0.965219
chr6	124750000	125000000	-1.04157
chr6	125000000	125250000	-0.0925853
chr6	125250000	125500000	-0.402314
chr6	125500000	125750000	0.0662274
chr6	125750000	126000000	0.682515
chr6	126000000	126250000	0.0417703
chr6	126250000	126500000	-0.545398
chr6	126500000	126750000	-0.658362
chr6	126750000	127000000	-0.642792
chr6	127000000	127250000	-1.25591
chr6	127250000	127500000	-0.450079
chr6	127500000	127750000	-0.550762
chr6	127750000	128000000	-0.265871
chr6	128000000	128250000	-0.349531
chr6	128250000	128500000	-0.215404
chr6	128500000	128750000	-0.599288
chr6	128750000	129000000	-0.87176
chr6	129000000	129250000	-0.882486
chr6	129250000	129500000	0.213714
chr6	129500000	129750000	0.300113
chr6	129750000	130000000	-0.155115
chr6	130000000	130250000	0.479837
chr6	130250000	130500000	-0.730637
chr6	130500000	130750000	-0.872316
chr6	130750000	131000000	-0.529172
chr6	131000000	131250000	-0.357411
chr6	131250000	131500000	0.269565
chr6	131500000	131750000	0.208724
chr6	131750000	132000000	-0.739071
chr6	132000000	132250000	-0.750756
chr6	132250000	132500000	-0.204556
chr6	132500000	132750000	0.302451
chr6	132750000	133000000	0.430005
chr6	133000000	133250000	-0.122327
chr6	133250000	133500000	-0.401632
chr6	133500000	133750000	-0.717636
chr6	133750000	134000000	0.129771
chr6	134000000	134250000	0.509877
chr6	134250000	134500000	0.34193
chr6	134500000	134750000	0.684293
chr6	134750000	135000000	0.222079
chr6	135000000	135250000	1.15426
chr6	135250000	135500000	0.367728
chr6	135500000	135750000	0.162487
chr6	135750000	136000000	0.199707
chr6	136000000	136250000	-0.0989192
chr6	136250000	136500000	-0.0696694
chr6	136500000	136750000	1.13798
chr6	136750000	137000000	0.89835
chr6	137000000	137250000	0.464966
chr6	137250000	137500000	0.758612
chr6	137500000	137750000	0.773073
chr6	137750000	138000000	1.69307
chr6	138000000	138250000	0.424439
chr6	138250000	138500000	0.251664
chr6	138500000	138750000	0.234104
chr6	138750000	139000000	0.7274
chr6	139000000	139250000	0.49835
chr6	139250000	139500000	0.0899438
chr6	139500000	139750000	0.53937
chr6	139750000	140000000	-0.0813892
chr6	140000000	140250000	-0.279743
chr6	140250000	140500000	0.203262
chr6	140500000	140750000	-0.189313
chr6	140750000	141000000	-0.0749999
chr6	141000000	141250000	-0.249356
chr6	141250000	141500000	-0.925738
chr6	141500000	141750000	-0.0375027
chr6	141750000	142000000	-0.943218
chr6	142000000	142250000	-0.0590855
chr6	142250000	142500000	-0.17251
chr6	142500000	142750000	0.276511
chr6	142750000	143000000	0.569024
chr6	143000000	143250000	0.504788
chr6	143250000	143500000	0.0968706
chr6	143500000	143750000	0.0853604
chr6	143750000	144000000	-0.166254
chr6	144000000	144250000	1.07354
chr6	144250000	144500000	1.40263
chr6	144500000	144750000	-0.278223
chr6	144750000	145000000	-0.335721
chr6	145000000	145250000	-0.169541
chr6	145250000	145500000	-0.343645
chr6	145500000	145750000	-0.324789
chr6	145750000	146000000	0.605748
chr6	146000000	146250000	-1.35527
chr6	146250000	146500000	-1.3779
chr6	146500000	146750000	-0.321647
chr6	146750000	147000000	-1.12263
chr6	147000000	147250000	-0.270223
chr6	147250000	147500000	0.162677
chr6	147500000	147750000	-0.39535
chr6	147750000	148000000	-0.383741
chr6	148000000	148250000	-1.59107
chr6	148250000	148500000	-0.677178
chr6	148500000	148750000	-0.0464707
chr6	148750000	149000000	0.509463
chr6	149000000	149250000	0.684655
chr6	149250000	149500000	1.64162
chr6	149500000	149750000	1.10079
chr6	149750000	150000000	0.859578
chr6	150000000	150250000	0.0249533
chr6	150250000	150500000	1.0659
chr6	150500000	150750000	0.908199
chr6	150750000	151000000	0.690935
chr6	151000000	151250000	0.210514
chr6	151250000	151500000	0.533061
chr6	151500000	151750000	-0.435829
chr6	151750000	152000000	-0.477237
chr6	152000000	152250000	-0.107389
chr6	152250000	152500000	-0.635667
chr6	152500000	152750000	-0.581548
chr6	152750000	153000000	-0.979301
chr6	153000000	153250000	-0.837561
chr6	153250000	153500000	-1.69178
chr6	153500000	153750000	-1.06488
chr6	153750000	154000000	-0.176433
chr6	154000000	154250000	-0.229333
chr6	154250000	154500000	-0.280237
chr6	154500000	154750000	-0.526814
chr6	154750000	155000000	0.279869
chr6	155000000	155250000	0.530636
chr6	155250000	155500000	-0.016524
chr6	155500000	155750000	-0.73747
chr6	155750000	156000000	0.0750799
chr6	156000000	156250000	-0.0253689
chr6	156250000	156500000	-0.084314
chr6	156500000	156750000	-0.187396
chr6	156750000	157000000	0.408515
chr6	157000000	157250000	0.355668
chr6	157250000	157500000	0.524613
chr6	157500000	157750000	1.13277
chr6	157750000	158000000	1.12203
chr6	158000000	158250000	1.16077
chr6	158250000	158500000	1.50207
chr6	158500000	158750000	1.28437
chr6	158750000	159000000	1.22307
chr6	159000000	159250000	0.147499
chr6	159250000	159500000	-0.133294
chr6	159500000	159750000	-0.125288
chr6	159750000	160000000	0.0849348
chr6	160000000	160250000	-0.581072
chr6	160250000	160500000	-0.315604
chr6	160500000	160750000	-1.03945
chr6	160750000	161000000	-0.576403
chr6	161000000	161250000	-0.203725
chr6	161250000	161500000	-0.549129
chr6	161500000	161750000	-0.883722
chr6	161750000	162000000	-0.910566
chr6	162000000	162250000	-1.32669
chr6	162250000	162500000	-1.40895
chr6	162500000	162750000	0.0805252
chr6	162750000	163000000	-0.510913
chr6	163000000	163250000	-0.657157
chr6	163250000	163500000	-0.0701454
chr6	163500000	163750000	-0.153107
chr6	163750000	164000000	-0.413907
chr6	164000000	164250000	-0.634144
chr6	164250000	164500000	-1.16548
chr6	164500000	164750000	-0.48533
chr6	164750000	165000000	-0.946575
chr6	165000000	165250000	-1.55044
chr6	165250000	165500000	-0.853619
chr6	165500000	165750000	-0.788737
chr6	165750000	166000000	-0.521733
chr6	166000000	166250000	-1.02157
chr6	166250000	166500000	-0.0870656
chr6	166500000	166750000	0.53968
chr6	166750000	167000000	1.17393
chr6	167000000	167250000	0.57021
chr6	167250000	167500000	-0.191392
chr6	167500000	167750000	-1.14242
chr6	167750000	168000000	-0.29216
chr6	168000000	168250000	-0.475501
chr6	168250000	168500000	-1.14929
chr6	168500000	168750000	-1.41774
chr6	168750000	169000000	-0.822513
chr6	169000000	169250000	-2.13584
chr6	169250000	169500000	-1.85448
chr6	169500000	169750000	-0.540284
chr6	169750000	170000000	-0.874005
chr6	170000000	170250000	-0.51177
chr6	170250000	170500000	-0.16727
chr6	170500000	170750000	-0.153214
chr6	170750000	170805979	nan
#bedGraph section chr7:0-159345973
chr7	0	250000	2.37867
chr7	250000	500000	0.818278
chr7	500000	750000	2.26533
chr7	750000	1000000	0.466344
chr7	1000000	1250000	1.0926
chr7	1250000	1500000	0.410116
chr7	1500000	1750000	0.833999
chr7	1750000	2000000	0.278048
chr7	2000000	2250000	0.860737
chr7	2250000	2500000	0.409216
chr7	2500000	2750000	0.942661
chr7	2750000	3000000	-0.371372
chr7	3000000	3250000	0.139983
chr7	3250000	3500000	-0.144655
chr7	3500000	3750000	-1.1615
chr7	3750000	4000000	1.41874
chr7	4000000	4250000	1.42374
chr7	4250000	4500000	1.28847
chr7	4500000	4750000	-0.116442
chr7	4750000	5000000	1.56237
chr7	5000000	5250000	-0.543548
chr7	5250000	5500000	2.2828
chr7	5500000	5750000	0.28583
chr7	5750000	6000000	0.702297
chr7	6000000	6250000	0.541295
chr7	6250000	6500000	0.723961
chr7	6500000	6750000	0.0211686
chr7	6750000	7000000	0.537467
chr7	7000000	7250000	-0.125085
chr7	7250000	7500000	-0.071102
chr7	7500000	7750000	0.812029
chr7	7750000	8000000	-0.108402
chr7	8000000	8250000	0.502315
chr7	8250000	8500000	1.09562
chr7	8500000	8750000	-0.31811
chr7	8750000	9000000	-0.621752
chr7	9000000	9250000	-0.248026
chr7	9250000	9500000	-0.620996
chr7	9500000	9750000	-2.44874
chr7	9750000	10000000	-0.267631
chr7	10000000	10250000	-0.618672
chr7	10250000	10500000	-0.682168
chr7	10500000	10750000	-0.363893
chr7	10750000	11000000	-0.362398
chr7	11000000	11250000	-0.555346
chr7	11250000	11500000	-2.70707
chr7	11500000	11750000	0.000565721
chr7	11750000	12000000	-0.700288
chr7	12000000	12250000	-1.84814
chr7	12250000	12500000	0.0928839
chr7	12500000	12750000	1.42812
chr7	12750000	13000000	-1.29052
chr7	13000000	13250000	-1.15744
chr7	13250000	13500000	-0.576154
chr7	13500000	13750000	-0.0443678
chr7	13750000	14000000	-0.0283909
chr7	14000000	14250000	-0.679835
chr7	14250000	14500000	-0.0294109
chr7	14500000	14750000	-0.908749
chr7	14750000	15000000	-0.415415
chr7	15000000	15250000	-0.423596
chr7	15250000	15500000	-0.414726
chr7	15500000	15750000	-0.318205
chr7	15750000	16000000	-0.0933195
chr7	16000000	16250000	-0.0980103
chr7	16250000	16500000	-0.0863491
chr7	16500000	16750000	-0.904047
chr7	16750000	17000000	-1.12517
chr7	17000000	17250000	-0.414198
chr7	17250000	17500000	0.987554
chr7	17500000	17750000	-0.129305
chr7	17750000	18000000	-0.696968
chr7	18000000	18250000	0.434959
chr7	18250000	18500000	-0.285033
chr7	18500000	18750000	0.0559631
chr7	18750000	19000000	-1.18954
chr7	19000000	19250000	-0.560117
chr7	19250000	19500000	-0.442859
chr7	19500000	19750000	-0.0175505
chr7	19750000	20000000	-0.672423
chr7	20000000	20250000	-0.637527
chr7	20250000	20500000	0.011264
chr7	20500000	20750000	-0.743146
chr7	20750000	21000000	-0.195602
chr7	21000000	21250000	-0.661584
chr7	21250000	21500000	-0.129151
chr7	21500000	21750000	0.250916
chr7	21750000	22000000	-0.0309552
chr7	22000000	22250000	-0.107195
chr7	22250000	22500000	0.0931575
chr7	22500000	22750000	0.353581
chr7	22750000	23000000	0.922845
chr7	23000000	23250000	0.762191
chr7	23250000	23500000	-0.575174
chr7	23500000	23750000	-0.572398
chr7	23750000	24000000	-0.486712
chr7	24000000	24250000	1.65842
chr7	24250000	24500000	0.0283277
chr7	24500000	24750000	-0.342856
chr7	24750000	25000000	0.679988
chr7	25000000	25250000	0.351341
chr7	25250000	25500000	0.599181
chr7	25500000	25750000	-0.967686
chr7	25750000	26000000	0.676995
chr7	26000000	26250000	0.0697027
chr7	26250000	26500000	0.275037
chr7	26500000	26750000	0.448989
chr7	26750000	27000000	-0.109828
chr7	27000000	27250000	0.0512618
chr7	27250000	27500000	-0.0260946
chr7	27500000	27750000	0.159511
chr7	27750000	28000000	0.0853376
chr7	28000000	28250000	0.365324
chr7	28250000	28500000	-0.21749
chr7	28500000	28750000	0.459635
chr7	28750000	29000000	1.03382
chr7	29000000	29250000	-0.368833
chr7	29250000	29500000	0.17486
chr7	29500000	29750000	0.0104348
chr7	29750000	30000000	-0.13737
chr7	30000000	30250000	-0.198057
chr7	30250000	30500000	0.00427102
chr7	30500000	30750000	-0.194744
chr7	30750000	31000000	-0.278828
chr7	31000000	31250000	0.0920486
chr7	31250000	31500000	0.576329
chr7	31500000	31750000	-0.813987
chr7	31750000	32000000	0.0577001
chr7	32000000	32250000	-0.234881
chr7	32250000	32500000	0.162486
chr7	32500000	32750000	0.0215328
chr7	32750000	33000000	-0.0631815
chr7	33000000	33250000	0.477861
chr7	33250000	33500000	-0.543777
chr7	33500000	33750000	-0.00466961
chr7	33750000	34000000	0.076459
chr7	34000000	34250000	0.0753923
chr7	34250000	34500000	-0.29739
chr7	34500000	34750000	-0.236232
chr7	34750000	35000000	-0.800667
chr7	35000000	35250000	-0.955749
chr7	35250000	35500000	0.0170827
chr7	35500000	35750000	0.260317
chr7	35750000	36000000	0.703556
chr7	36000000	36250000	-0.367215
chr7	36250000	36500000	-0.0916567
chr7	36500000	36750000	0.0133323
chr7	36750000	37000000	-0.0838562
chr7	37000000	37250000	0.143285
chr7	37250000	37500000	0.112251
chr7	37500000	37750000	-0.1645
chr7	37750000	38000000	-0.36058
chr7	38000000	38250000	0.261209
chr7	38250000	38500000	0.0907793
chr7	38500000	38750000	-0.48737
chr7	38750000	39000000	-0.305407
chr7	39000000	39250000	-0.12954
chr7	39250000	39500000	-0.0407635
chr7	39500000	39750000	0.670714
chr7	39750000	40000000	-0.0100706
chr7	40000000	40250000	-0.133815
chr7	40250000	40500000	-0.473066
chr7	40500000	40750000	-0.0911941
chr7	40750000	41000000	0.707126
chr7	41000000	41250000	-0.916965
chr7	41250000	41500000	-0.00688458
chr7	41500000	41750000	-0.815646
chr7	41750000	42000000	0.107881
chr7	42000000	42250000	0.17473
chr7	42250000	42500000	-0.474509
chr7	42500000	42750000	-0.359134
chr7	42750000	43000000	-0.472006
chr7	43000000	43250000	-0.125791
chr7	43250000	43500000	0.412951
chr7	43500000	43750000	0.743885
chr7	43750000	44000000	0.416386
chr7	44000000	44250000	0.397079
chr7	44250000	44500000	0.364701
chr7	44500000	44750000	0.392211
chr7	44750000	45000000	-0.000485368
chr7	45000000	45250000	0.300753
chr7	45250000	45500000	0.398677
chr7	45500000	45750000	-0.335646
chr7	45750000	46000000	0.108657
chr7	46000000	46250000	-0.571664
chr7	46250000	46500000	-0.663894
chr7	46500000	46750000	-0.254087
chr7	46750000	47000000	0.0773926
chr7	47000000	47250000	0.226686
chr7	47250000	47500000	0.110719
chr7	47500000	47750000	0.111524
chr7	47750000	48000000	-0.106629
chr7	48000000	48250000	0.0926154
chr7	48250000	48500000	0.305777
chr7	48500000	48750000	0.82757
chr7	48750000	49000000	-0.180263
chr7	49000000	49250000	-0.335637
chr7	49250000	49500000	-0.531382
chr7	49500000	49750000	-0.146331
chr7	49750000	50000000	-0.20631
chr7	50000000	50250000	-0.453196
chr7	50250000	50500000	0.404508
chr7	50500000	50750000	-0.227357
chr7	50750000	51000000	0.112233
chr7	51000000	51250000	-0.0857937
chr7	51250000	51500000	0.42477
chr7	51500000	51750000	0.145392
chr7	51750000	52000000	-0.228315
chr7	52000000	52250000	-0.121715
chr7	52250000	52500000	0.939039
chr7	52500000	52750000	-0.0645917
chr7	52750000	53000000	-0.416277
chr7	53000000	53250000	-0.0988452
chr7	53250000	53500000	0.0355798
chr7	53500000	53750000	-0.482486
chr7	53750000	54000000	0.172363
chr7	54000000	54250000	-0.45511
chr7	54250000	54500000	0.539629
chr7	54500000	54750000	-0.137599
chr7	54750000	55000000	-0.104178
chr7	55000000	55250000	0.121073
chr7	55250000	55500000	-0.549299
chr7	55500000	55750000	0.0501593
chr7	55750000	56000000	0.0236972
chr7	56000000	56250000	0.246538
chr7	56250000	56500000	0.687193
chr7	56500000	56750000	1.34397
chr7	56750000	57000000	2.06594
chr7	57000000	57250000	1.05073
chr7	57250000	57500000	1.68571
chr7	57500000	57750000	0.780628
chr7	57750000	58000000	0.706077
chr7	58000000	58250000	nan
chr7	58250000	58500000	nan
chr7	58500000	58750000	nan
chr7	58750000	59000000	nan
chr7	59000000	59250000	nan
chr7	59250000	59500000	nan
chr7	59500000	59750000	nan
chr7	59750000	60000000	nan
chr7	60000000	60250000	nan
chr7	60250000	60500000	nan
chr7	60500000	60750000	nan
chr7	60750000	61000000	nan
chr7	61000000	61250000	nan
chr7	61250000	61500000	nan
chr7	61500000	61750000	nan
chr7	61750000	62000000	nan
chr7	62000000	62250000	nan
chr7	62250000	62500000	0.815221
chr7	62500000	62750000	1.15049
chr7	62750000	63000000	1.63559
chr7	63000000	63250000	0.409197
chr7	63250000	63500000	nan
chr7	63500000	63750000	1.78857
chr7	63750000	64000000	0.244095
chr7	64000000	64250000	1.9066
chr7	64250000	64500000	0.232565
chr7	64500000	64750000	-0.733326
chr7	64750000	65000000	0.243939
chr7	65000000	65250000	-0.0327735
chr7	65250000	65500000	0.258339
chr7	65500000	65750000	-0.269621
chr7	65750000	66000000	0.191756
chr7	66000000	66250000	-0.0566786
chr7	66250000	66500000	0.0269665
chr7	66500000	66750000	0.453937
chr7	66750000	67000000	1.26786
chr7	67000000	67250000	0.74461
chr7	67250000	67500000	0.504704
chr7	67500000	67750000	0.555111
chr7	67750000	68000000	1.06805
chr7	68000000	68250000	0.209527
chr7	68250000	68500000	0.658287
chr7	68500000	68750000	0.368007
chr7	68750000	69000000	0.47491
chr7	69000000	69250000	0.655997
chr7	69250000	69500000	0.163036
chr7	69500000	69750000	0.0369696
chr7	69750000	70000000	0.0669305
chr7	70000000	70250000	-0.0973029
chr7	70250000	70500000	0.106863
chr7	70500000	70750000	0.539007
chr7	70750000	71000000	0.548614
chr7	71000000	71250000	1.91721
chr7	71250000	71500000	0.586285
chr7	71500000	71750000	0.158562
chr7	71750000	72000000	0.418285
chr7	72000000	72250000	0.681128
chr7	72250000	72500000	0.0911064
chr7	72500000	72750000	0.897398
chr7	72750000	73000000	-0.389041
chr7	73000000	73250000	nan
chr7	73250000	73500000	0.931561
chr7	73500000	73750000	0.211401
chr7	73750000	74000000	0.0472306
chr7	74000000	74250000	0.144764
chr7	74250000	74500000	0.329321
chr7	74500000	74750000	0.738475
chr7	74750000	75000000	nan
chr7	75000000	75250000	-0.165192
chr7	75250000	75500000	nan
chr7	75500000	75750000	0.385861
chr7	75750000	76000000	0.812301
chr7	76000000	76250000	0.515289
chr7	76250000	76500000	0.0421004
chr7	76500000	76750000	0.25392
chr7	76750000	77000000	-0.226833
chr7	77000000	77250000	-0.27512
chr7	77250000	77500000	0.340288
chr7	77500000	77750000	-0.121827
chr7	77750000	78000000	-0.603157
chr7	78000000	78250000	-0.774468
chr7	78250000	78500000	-1.37959
chr7	78500000	78750000	-0.205591
chr7	78750000	79000000	-0.818285
chr7	79000000	79250000	-0.824408
chr7	79250000	79500000	-0.0605371
chr7	79500000	79750000	-0.0517461
chr7	79750000	80000000	-0.516154
chr7	80000000	80250000	-1.68974
chr7	80250000	80500000	-0.108945
chr7	80500000	80750000	-1.37584
chr7	80750000	81000000	-0.496698
chr7	81000000	81250000	-0.319999
chr7	81250000	81500000	-0.243053
chr7	81500000	81750000	0.0440875
chr7	81750000	82000000	-0.395067
chr7	82000000	82250000	0.380392
chr7	82250000	82500000	-0.179649
chr7	82500000	82750000	0.172513
chr7	82750000	83000000	-0.480967
chr7	83000000	83250000	-0.292279
chr7	83250000	83500000	-0.191988
chr7	83500000	83750000	-0.957223
chr7	83750000	84000000	-0.241675
chr7	84000000	84250000	-0.602188
chr7	84250000	84500000	-0.0130168
chr7	84500000	84750000	-0.614816
chr7	84750000	85000000	-0.641407
chr7	85000000	85250000	0.520718
chr7	85250000	85500000	-0.243226
chr7	85500000	85750000	0.562522
chr7	85750000	86000000	0.0650095
chr7	86000000	86250000	-0.660888
chr7	86250000	86500000	-0.830789
chr7	86500000	86750000	-0.128413
chr7	86750000	87000000	-0.424419
chr7	87000000	87250000	0.00271438
chr7	87250000	87500000	-0.127265
chr7	87500000	87750000	-0.25858
chr7	87750000	88000000	0.000476185
chr7	88000000	88250000	0.141307
chr7	88250000	88500000	-0.468413
chr7	88500000	88750000	-0.432482
chr7	88750000	89000000	-0.621223
chr7	89000000	89250000	-0.763238
chr7	89250000	89500000	-1.41161
chr7	89500000	89750000	-0.957501
chr7	89750000	90000000	-0.622787
chr7	90000000	90250000	-0.302711
chr7	90250000	90500000	0.11561
chr7	90500000	90750000	-0.0957915
chr7	90750000	91000000	0.64016
chr7	91000000	91250000	-0.00447617
chr7	91250000	91500000	-0.169341
chr7	91500000	91750000	-0.479555
chr7	91750000	92000000	0.148663
chr7	92000000	92250000	0.313108
chr7	92250000	92500000	0.0742983
chr7	92500000	92750000	0.384874
chr7	92750000	93000000	-0.0919015
chr7	93000000	93250000	0.228128
chr7	93250000	93500000	0.437513
chr7	93500000	93750000	0.213719
chr7	93750000	94000000	-0.294648
chr7	94000000	94250000	-0.241195
chr7	94250000	94500000	-0.0885206
chr7	94500000	94750000	-0.554527
chr7	94750000	95000000	-0.811356
chr7	95000000	95250000	-0.966357
chr7	95250000	95500000	-0.0349273
chr7	95500000	95750000	-1.31195
chr7	95750000	96000000	-0.618749
chr7	96000000	96250000	-0.756045
chr7	96250000	96500000	0.117087
chr7	96500000	96750000	0.110394
chr7	96750000	97000000	-0.349453
chr7	97000000	97250000	-0.362478
chr7	97250000	97500000	-0.351448
chr7	97500000	97750000	0.651442
chr7	97750000	98000000	0.0055945
chr7	98000000	98250000	-0.387147
chr7	98250000	98500000	0.906235
chr7	98500000	98750000	0.0834819
chr7	98750000	99000000	0.196348
chr7	99000000	99250000	0.340246
chr7	99250000	99500000	0.944813
chr7	99500000	99750000	0.062405
chr7	99750000	100000000	0.46235
chr7	100000000	100250000	-0.184998
chr7	100250000	100500000	0.376811
chr7	100500000	100750000	0.506204
chr7	100750000	101000000	0.563213
chr7	101000000	101250000	-0.0446064
chr7	101250000	101500000	0.192661
chr7	101500000	101750000	0.284694
chr7	101750000	102000000	0.38007
chr7	102000000	102250000	0.618695
chr7	102250000	102500000	0.203511
chr7	102500000	102750000	0.412427
chr7	102750000	103000000	0.530563
chr7	103000000	103250000	-0.183667
chr7	103250000	103500000	-0.0750051
chr7	103500000	103750000	-0.424795
chr7	103750000	104000000	-0.227776
chr7	104000000	104250000	-0.348688
chr7	104250000	104500000	3.29673e-05
chr7	104500000	104750000	-0.0975802
chr7	104750000	105000000	0.270111
chr7	105000000	105250000	0.609094
chr7	105250000	105500000	0.116618
chr7	105500000	105750000	0.0544687
chr7	105750000	106000000	0.31977
chr7	106000000	106250000	0.409089
chr7	106250000	106500000	0.413669
chr7	106500000	106750000	0.0175878
chr7	106750000	107000000	0.0375233
chr7	107000000	107250000	-0.336529
chr7	107250000	107500000	-0.172785
chr7	107500000	107750000	-0.462428
chr7	107750000	108000000	0.297756
chr7	108000000	108250000	-0.850424
chr7	108250000	108500000	0.471806
chr7	108500000	108750000	0.0759231
chr7	108750000	109000000	-0.319517
chr7	109000000	109250000	-0.872681
chr7	109250000	109500000	-1.10163
chr7	109500000	109750000	0.0575344
chr7	109750000	110000000	-0.598366
chr7	110000000	110250000	-0.574771
chr7	110250000	110500000	-0.021334
chr7	110500000	110750000	-0.0218133
chr7	110750000	111000000	0.212148
chr7	111000000	111250000	-0.352323
chr7	111250000	111500000	-0.592104
chr7	111500000	111750000	-0.215457
chr7	111750000	112000000	-0.439745
chr7	112000000	112250000	0.509212
chr7	112250000	112500000	0.434886
chr7	112500000	112750000	-0.128647
chr7	112750000	113000000	0.141914
chr7	113000000	113250000	-0.625395
chr7	113250000	113500000	-0.421468
chr7	113500000	113750000	-1.00731
chr7	113750000	114000000	-0.160482
chr7	114000000	114250000	-0.444901
chr7	114250000	114500000	-0.0954689
chr7	114500000	114750000	-0.742424
chr7	114750000	115000000	0.762219
chr7	115000000	115250000	0.082606
chr7	115250000	115500000	-0.168113
chr7	115500000	115750000	-1.1223
chr7	115750000	116000000	-0.26103
chr7	116000000	116250000	-0.21863
chr7	116250000	116500000	-0.282754
chr7	116500000	116750000	-0.50892
chr7	116750000	117000000	0.543216
chr7	117000000	117250000	-0.229158
chr7	117250000	117500000	0.608071
chr7	117500000	117750000	-0.662652
chr7	117750000	118000000	-0.352123
chr7	118000000	118250000	-0.353189
chr7	118250000	118500000	0.232545
chr7	118500000	118750000	-1.52392
chr7	118750000	119000000	-1.41201
chr7	119000000	119250000	-0.714287
chr7	119250000	119500000	-0.121204
chr7	119500000	119750000	0.00458618
chr7	119750000	120000000	-1.16194
chr7	120000000	120250000	-0.611061
chr7	120250000	120500000	0.175139
chr7	120500000	120750000	-0.0258386
chr7	120750000	121000000	-0.305669
chr7	121000000	121250000	-0.357601
chr7	121250000	121500000	1.25837
chr7	121500000	121750000	-0.413611
chr7	121750000	122000000	-1.26087
chr7	122000000	122250000	-1.32339
chr7	122250000	122500000	-0.650801
chr7	122500000	122750000	-0.230696
chr7	122750000	123000000	-0.123527
chr7	123000000	123250000	-0.156754
chr7	123250000	123500000	0.203165
chr7	123500000	123750000	-0.173854
chr7	123750000	124000000	0.140113
chr7	124000000	124250000	-1.05528
chr7	124250000	124500000	-0.777259
chr7	124500000	124750000	-0.420919
chr7	124750000	125000000	-0.13495
chr7	125000000	125250000	-1.13266
chr7	125250000	125500000	-0.700455
chr7	125500000	125750000	-0.221215
chr7	125750000	126000000	-1.20421
chr7	126000000	126250000	1.39143
chr7	126250000	126500000	0.0419505
chr7	126500000	126750000	0.711448
chr7	126750000	127000000	-0.721473
chr7	127000000	127250000	-0.545766
chr7	127250000	127500000	-0.205571
chr7	127500000	127750000	0.446808
chr7	127750000	128000000	0.113584
chr7	128000000	128250000	0.306666
chr7	128250000	128500000	0.22473
chr7	128500000	128750000	0.2503
chr7	128750000	129000000	1.21663
chr7	129000000	129250000	0.206594
chr7	129250000	129500000	0.308801
chr7	129500000	129750000	0.106664
chr7	129750000	130000000	1.15378
chr7	130000000	130250000	0.913702
chr7	130250000	130500000	0.346533
chr7	130500000	130750000	-1.23231
chr7	130750000	131000000	-0.185244
chr7	131000000	131250000	0.672182
chr7	131250000	131500000	-0.148987
chr7	131500000	131750000	0.00219307
chr7	131750000	132000000	-0.488682
chr7	132000000	132250000	-0.673479
chr7	132250000	132500000	0.0344776
chr7	132500000	132750000	0.614463
chr7	132750000	133000000	-0.285798
chr7	133000000	133250000	0.0333418
chr7	133250000	133500000	0.609972
chr7	133500000	133750000	-0.278703
chr7	133750000	134000000	-0.521984
chr7	134000000	134250000	0.0639638
chr7	134250000	134500000	-0.182497
chr7	134500000	134750000	-0.0283224
chr7	134750000	135000000	-0.411788
chr7	135000000	135250000	0.536848
chr7	135250000	135500000	-0.0235605
chr7	135500000	135750000	-0.194786
chr7	135750000	136000000	-0.288959
chr7	136000000	136250000	-0.562391
chr7	136250000	136500000	-0.265155
chr7	136500000	136750000	-0.794593
chr7	136750000	137000000	-0.298578
chr7	137000000	137250000	-0.773156
chr7	137250000	137500000	-1.8144
chr7	137500000	137750000	0.0861723
chr7	137750000	138000000	0.296335
chr7	138000000	138250000	0.246747
chr7	138250000	138500000	-0.180452
chr7	138500000	138750000	0.721404
chr7	138750000	139000000	0.296979
chr7	139000000	139250000	-0.175049
chr7	139250000	139500000	0.161489
chr7	139500000	139750000	-0.144528
chr7	139750000	140000000	-0.241764
chr7	140000000	140250000	0.0713591
chr7	140250000	140500000	0.502282
chr7	140500000	140750000	0.200869
chr7	140750000	141000000	-0.471399
chr7	141000000	141250000	-0.226631
chr7	141250000	141500000	0.0303708
chr7	141500000	141750000	0.116967
chr7	141750000	142000000	-0.658794
chr7	142000000	142250000	0.903681
chr7	142250000	142500000	-1.09818
chr7	142500000	142750000	-0.730985
chr7	142750000	143000000	-0.17157
chr7	143000000	143250000	-1.53779
chr7	143250000	143500000	-0.0591707
chr7	143500000	143750000	nan
chr7	143750000	144000000	-0.47078
chr7	144000000	144250000	0.208502
chr7	144250000	144500000	-2.3689
chr7	144500000	144750000	-0.0406296
chr7	144750000	145000000	-0.0383993
chr7	145000000	145250000	-0.107471
chr7	145250000	145500000	-0.929337
chr7	145500000	145750000	-0.195913
chr7	145750000	146000000	-0.485629
chr7	146000000	146250000	-0.386176
chr7	146250000	146500000	0.505282
chr7	146500000	146750000	0.161183
chr7	146750000	147000000	-0.665549
chr7	147000000	147250000	-0.171176
chr7	147250000	147500000	-0.114427
chr7	147500000	147750000	-0.00762661
chr7	147750000	148000000	-1.14077
chr7	148000000	148250000	-0.199161
chr7	148250000	148500000	-0.374237
chr7	148500000	148750000	0.224883
chr7	148750000	149000000	0.336912
chr7	149000000	149250000	0.204157
chr7	149250000	149500000	1.71217
chr7	149500000	149750000	0.56537
chr7	149750000	150000000	-0.130512
chr7	150000000	150250000	-0.0571537
chr7	150250000	150500000	0.121124
chr7	150500000	150750000	1.1103
chr7	150750000	151000000	0.849809
chr7	151000000	151250000	0.95284
chr7	151250000	151500000	0.0513707
chr7	151500000	151750000	2.7187
chr7	151750000	152000000	0.272653
chr7	152000000	152250000	0.43611
chr7	152250000	152500000	-0.368437
chr7	152500000	152750000	-1.15677
chr7	152750000	153000000	-0.45452
chr7	153000000	153250000	0.535181
chr7	153250000	153500000	2.29312
chr7	153500000	153750000	0.0112501
chr7	153750000	154000000	0.408271
chr7	154000000	154250000	0.48159
chr7	154250000	154500000	0.345172
chr7	154500000	154750000	-0.312579
chr7	154750000	155000000	-0.554606
chr7	155000000	155250000	-0.24023
chr7	155250000	155500000	-0.136175
chr7	155500000	155750000	-0.000759808
chr7	155750000	156000000	-0.0314421
chr7	156000000	156250000	-0.608145
chr7	156250000	156500000	-0.352342
chr7	156500000	156750000	-0.257434
chr7	156750000	157000000	0.3794
chr7	157000000	157250000	-1.42265
chr7	157250000	157500000	0.506595
chr7	157500000	157750000	1.1895
chr7	157750000	158000000	0.440815
chr7	158000000	158250000	1.91062
chr7	158250000	158500000	1.79108
chr7	158500000	158750000	0.496498
chr7	158750000	159000000	0.39785
chr7	159000000	159250000	0.695659
chr7	159250000	159345973	0.231222
#bedGraph section chr8:0-145138636
chr8	0	250000	nan
chr8	250000	500000	0.336534
chr8	500000	750000	0.161558
chr8	750000	1000000	-0.758181
chr8	1000000	1250000	0.0889969
chr8	1250000	1500000	-0.737525
chr8	1500000	1750000	0.381706
chr8	1750000	2000000	0.740269
chr8	2000000	2250000	-0.94764
chr8	2250000	2500000	-0.308697
chr8	2500000	2750000	-0.834473
chr8	2750000	3000000	0.316689
chr8	3000000	3250000	-0.227206
chr8	3250000	3500000	-0.826678
chr8	3500000	3750000	-0.745433
chr8	3750000	4000000	-0.372376
chr8	4000000	4250000	-2.41027
chr8	4250000	4500000	-0.812122
chr8	4500000	4750000	-1.04072
chr8	4750000	5000000	-0.440448
chr8	5000000	5250000	-0.93707
chr8	5250000	5500000	-1.08581
chr8	5500000	5750000	-0.944114
chr8	5750000	6000000	-0.588664
chr8	6000000	6250000	-0.186097
chr8	6250000	6500000	-0.909589
chr8	6500000	6750000	1.60276
chr8	6750000	7000000	-0.0476765
chr8	7000000	7250000	-0.0985062
chr8	7250000	7500000	-0.313041
chr8	7500000	7750000	nan
chr8	7750000	8000000	nan
chr8	8000000	8250000	1.00589
chr8	8250000	8500000	0.95796
chr8	8500000	8750000	-0.811525
chr8	8750000	9000000	0.690744
chr8	9000000	9250000	-0.539132
chr8	9250000	9500000	0.428897
chr8	9500000	9750000	0.884774
chr8	9750000	10000000	-2.97218
chr8	10000000	10250000	0.266648
chr8	10250000	10500000	0.243327
chr8	10500000	10750000	-0.0314869
chr8	10750000	11000000	0.599049
chr8	11000000	11250000	0.896677
chr8	11250000	11500000	0.629383
chr8	11500000	11750000	-0.440042
chr8	11750000	12000000	1.78064
chr8	12000000	12250000	-0.271979
chr8	12250000	12500000	nan
chr8	12500000	12750000	0.0307576
chr8	12750000	13000000	-0.284711
chr8	13000000	13250000	-0.642154
chr8	13250000	13500000	-0.805409
chr8	13500000	13750000	-0.151173
chr8	13750000	14000000	-0.268293
chr8	14000000	14250000	-1.22826
chr8	14250000	14500000	-1.8956
chr8	14500000	14750000	-0.55713
chr8	14750000	15000000	-0.131135
chr8	15000000	15250000	-0.0997228
chr8	15250000	15500000	-0.344093
chr8	15500000	15750000	0.0040187
chr8	15750000	16000000	-0.517382
chr8	16000000	16250000	-0.165929
chr8	16250000	16500000	-0.126869
chr8	16500000	16750000	0.45842
chr8	16750000	17000000	-0.286909
chr8	17000000	17250000	-0.222416
chr8	17250000	17500000	-0.50088
chr8	17500000	17750000	-0.356487
chr8	17750000	18000000	-0.685673
chr8	18000000	18250000	-0.535482
chr8	18250000	18500000	-0.389375
chr8	18500000	18750000	-0.203934
chr8	18750000	19000000	0.133738
chr8	19000000	19250000	-0.313902
chr8	19250000	19500000	-0.385563
chr8	19500000	19750000	-0.245645
chr8	19750000	20000000	-0.225108
chr8	20000000	20250000	-0.254866
chr8	20250000	20500000	-0.0752812
chr8	20500000	20750000	-0.689584
chr8	20750000	21000000	-1.21707
chr8	21000000	21250000	0.0177634
chr8	21250000	21500000	-0.233739
chr8	21500000	21750000	0.320351
chr8	21750000	22000000	-0.0844581
chr8	22000000	22250000	0.530359
chr8	22250000	22500000	0.888735
chr8	22500000	22750000	0.139142
chr8	22750000	23000000	0.40866
chr8	23000000	23250000	0.1358
chr8	23250000	23500000	0.132328
chr8	23500000	23750000	0.437071
chr8	23750000	24000000	0.227306
chr8	24000000	24250000	-0.382648
chr8	24250000	24500000	0.243254
chr8	24500000	24750000	-0.387746
chr8	24750000	25000000	0.541097
chr8	25000000	25250000	0.299547
chr8	25250000	25500000	0.355078
chr8	25500000	25750000	-0.553837
chr8	25750000	26000000	-1.42472
chr8	26000000	26250000	0.156189
chr8	26250000	26500000	0.0431857
chr8	26500000	26750000	0.607191
chr8	26750000	27000000	-0.049642
chr8	27000000	27250000	-0.403613
chr8	27250000	27500000	0.238035
chr8	27500000	27750000	0.46241
chr8	27750000	28000000	0.378577
chr8	28000000	28250000	0.917409
chr8	28250000	28500000	0.619976
chr8	28500000	28750000	0.765737
chr8	28750000	29000000	0.34726
chr8	29000000	29250000	0.659268
chr8	29250000	29500000	0.922527
chr8	29500000	29750000	1.21954
chr8	29750000	30000000	0.343316
chr8	30000000	30250000	0.315901
chr8	30250000	30500000	0.491918
chr8	30500000	30750000	0.200369
chr8	30750000	31000000	1.33212
chr8	31000000	31250000	0.246719
chr8	31250000	31500000	-0.0826323
chr8	31500000	31750000	-0.117208
chr8	31750000	32000000	-0.239913
chr8	32000000	32250000	-0.753262
chr8	32250000	32500000	-0.335543
chr8	32500000	32750000	-1.18818
chr8	32750000	33000000	-0.595678
chr8	33000000	33250000	-0.148547
chr8	33250000	33500000	-0.202875
chr8	33500000	33750000	0.242565
chr8	33750000	34000000	-0.2783
chr8	34000000	34250000	-0.949094
chr8	34250000	34500000	-1.74539
chr8	34500000	34750000	-0.00425914
chr8	34750000	35000000	-0.282263
chr8	35000000	35250000	-0.474852
chr8	35250000	35500000	-0.740001
chr8	35500000	35750000	-0.327576
chr8	35750000	36000000	-1.44429
chr8	36000000	36250000	-0.247249
chr8	36250000	36500000	-0.831382
chr8	36500000	36750000	-0.415089
chr8	36750000	37000000	-1.05442
chr8	37000000	37250000	-0.0763833
chr8	37250000	37500000	0.289125
chr8	37500000	37750000	-0.288889
chr8	37750000	38000000	0.80156
chr8	38000000	38250000	1.36947
chr8	38250000	38500000	1.32315
chr8	38500000	38750000	0.232592
chr8	38750000	39000000	0.650651
chr8	39000000	39250000	0.475269
chr8	39250000	39500000	-0.272609
chr8	39500000	39750000	-0.0332226
chr8	39750000	40000000	0.0888942
chr8	40000000	40250000	-1.53996
chr8	40250000	40500000	-0.0788138
chr8	40500000	40750000	-0.287822
chr8	40750000	41000000	-0.84195
chr8	41000000	41250000	-0.20047
chr8	41250000	41500000	-0.113905
chr8	41500000	41750000	0.480837
chr8	41750000	42000000	0.174391
chr8	42000000	42250000	0.341088
chr8	42250000	42500000	0.633971
chr8	42500000	42750000	0.380795
chr8	42750000	43000000	0.942363
chr8	43000000	43250000	0.00984789
chr8	43250000	43500000	-0.70309
chr8	43500000	43750000	-1.13646
chr8	43750000	44000000	-1.13552
chr8	44000000	44250000	nan
chr8	44250000	44500000	nan
chr8	44500000	44750000	nan
chr8	44750000	45000000	nan
chr8	45000000	45250000	nan
chr8	45250000	45500000	nan
chr8	45500000	45750000	nan
chr8	45750000	46000000	nan
chr8	46000000	46250000	-0.728485
chr8	46250000	46500000	-0.679925
chr8	46500000	46750000	-0.510483
chr8	46750000	47000000	-0.208523
chr8	47000000	47250000	-0.119129
chr8	47250000	47500000	0.098771
chr8	47500000	47750000	0.786189
chr8	47750000	48000000	2.18007
chr8	48000000	48250000	0.0665634
chr8	48250000	48500000	-0.362143
chr8	48500000	48750000	-0.390374
chr8	48750000	49000000	-0.546442
chr8	49000000	49250000	0.529825
chr8	49250000	49500000	-2.63831
chr8	49500000	49750000	-0.0839146
chr8	49750000	50000000	-0.16221
chr8	50000000	50250000	-0.0727618
chr8	50250000	50500000	-0.532255
chr8	50500000	50750000	-0.283105
chr8	50750000	51000000	0.142927
chr8	51000000	51250000	-0.298407
chr8	51250000	51500000	-0.544361
chr8	51500000	51750000	0.0262234
chr8	51750000	52000000	0.11599
chr8	52000000	52250000	0.0789382
chr8	52250000	52500000	-2.22678
chr8	52500000	52750000	-0.126397
chr8	52750000	53000000	-0.241336
chr8	53000000	53250000	-0.665443
chr8	53250000	53500000	-1.5234
chr8	53500000	53750000	0.199779
chr8	53750000	54000000	0.499715
chr8	54000000	54250000	0.845376
chr8	54250000	54500000	-0.708416
chr8	54500000	54750000	-0.504967
chr8	54750000	55000000	-0.314998
chr8	55000000	55250000	-0.556513
chr8	55250000	55500000	-0.451135
chr8	55500000	55750000	0.6397
chr8	55750000	56000000	0.950878
chr8	56000000	56250000	-0.353249
chr8	56250000	56500000	-1.12212
chr8	56500000	56750000	0.107337
chr8	56750000	57000000	-0.0843161
chr8	57000000	57250000	-0.600334
chr8	57250000	57500000	0.226658
chr8	57500000	57750000	-0.462677
chr8	57750000	58000000	0.378098
chr8	58000000	58250000	0.465029
chr8	58250000	58500000	0.0178133
chr8	58500000	58750000	0.175834
chr8	58750000	59000000	0.174414
chr8	59000000	59250000	0.309873
chr8	59250000	59500000	-0.73363
chr8	59500000	59750000	-1.36035
chr8	59750000	60000000	-0.998189
chr8	60000000	60250000	-0.69105
chr8	60250000	60500000	-0.63453
chr8	60500000	60750000	-0.0606227
chr8	60750000	61000000	0.61877
chr8	61000000	61250000	0.40796
chr8	61250000	61500000	0.305042
chr8	61500000	61750000	0.31587
chr8	61750000	62000000	-0.386643
chr8	62000000	62250000	-0.219969
chr8	62250000	62500000	-0.460351
chr8	62500000	62750000	-0.34395
chr8	62750000	63000000	-0.230908
chr8	63000000	63250000	0.367626
chr8	63250000	63500000	-0.0694832
chr8	63500000	63750000	-0.236937
chr8	63750000	64000000	-1.7022
chr8	64000000	64250000	-0.648271
chr8	64250000	64500000	0.0236119
chr8	64500000	64750000	0.269523
chr8	64750000	65000000	0.450177
chr8	65000000	65250000	0.288868
chr8	65250000	65500000	-0.702873
chr8	65500000	65750000	-0.0664267
chr8	65750000	66000000	0.9337
chr8	66000000	66250000	0.253209
chr8	66250000	66500000	-0.0821586
chr8	66500000	66750000	0.196077
chr8	66750000	67000000	0.317753
chr8	67000000	67250000	-0.0667993
chr8	67250000	67500000	0.380601
chr8	67500000	67750000	0.186457
chr8	67750000	68000000	0.0196953
chr8	68000000	68250000	-0.186801
chr8	68250000	68500000	-0.442827
chr8	68500000	68750000	-0.0273084
chr8	68750000	69000000	-0.6593
chr8	69000000	69250000	-0.460288
chr8	69250000	69500000	-0.101315
chr8	69500000	69750000	-0.14677
chr8	69750000	70000000	0.0526654
chr8	70000000	70250000	0.472529
chr8	70250000	70500000	0.629733
chr8	70500000	70750000	0.159373
chr8	70750000	71000000	0.118955
chr8	71000000	71250000	0.419146
chr8	71250000	71500000	0.270656
chr8	71500000	71750000	0.191585
chr8	71750000	72000000	0.216981
chr8	72000000	72250000	0.254636
chr8	72250000	72500000	0.0617653
chr8	72500000	72750000	-0.537133
chr8	72750000	73000000	0.125629
chr8	73000000	73250000	0.722967
chr8	73250000	73500000	0.589114
chr8	73500000	73750000	0.33479
chr8	73750000	74000000	0.575615
chr8	74000000	74250000	-0.119259
chr8	74250000	74500000	-0.317047
chr8	74500000	74750000	-0.30748
chr8	74750000	75000000	0.13211
chr8	75000000	75250000	-0.509452
chr8	75250000	75500000	-0.0175022
chr8	75500000	75750000	0.417514
chr8	75750000	76000000	-0.299282
chr8	76000000	76250000	-0.670581
chr8	76250000	76500000	-0.238168
chr8	76500000	76750000	-0.310819
chr8	76750000	77000000	0.301882
chr8	77000000	77250000	-0.310252
chr8	77250000	77500000	-0.118352
chr8	77500000	77750000	0.0530417
chr8	77750000	78000000	-0.296504
chr8	78000000	78250000	0.0685871
chr8	78250000	78500000	-0.751279
chr8	78500000	78750000	-0.0981026
chr8	78750000	79000000	-0.801211
chr8	79000000	79250000	-0.584754
chr8	79250000	79500000	-0.263799
chr8	79500000	79750000	0.171919
chr8	79750000	80000000	0.392346
chr8	80000000	80250000	0.382702
chr8	80250000	80500000	0.472738
chr8	80500000	80750000	0.605694
chr8	80750000	81000000	-0.184453
chr8	81000000	81250000	0.143853
chr8	81250000	81500000	-0.365522
chr8	81500000	81750000	-0.384899
chr8	81750000	82000000	-0.414958
chr8	82000000	82250000	-0.609112
chr8	82250000	82500000	-0.419293
chr8	82500000	82750000	-1.64725
chr8	82750000	83000000	-0.523281
chr8	83000000	83250000	0.0104162
chr8	83250000	83500000	-0.502644
chr8	83500000	83750000	-0.725699
chr8	83750000	84000000	-1.01477
chr8	84000000	84250000	-1.18431
chr8	84250000	84500000	-0.471241
chr8	84500000	84750000	-0.551425
chr8	84750000	85000000	-0.298508
chr8	85000000	85250000	0.406231
chr8	85250000	85500000	-0.312097
chr8	85500000	85750000	0.273764
chr8	85750000	86000000	-0.363028
chr8	86000000	86250000	-0.181883
chr8	86250000	86500000	0.311317
chr8	86500000	86750000	-0.656107
chr8	86750000	87000000	-0.904165
chr8	87000000	87250000	-1.01617
chr8	87250000	87500000	-1.52685
chr8	87500000	87750000	-1.26304
chr8	87750000	88000000	-0.119467
chr8	88000000	88250000	-0.142276
chr8	88250000	88500000	-0.677113
chr8	88500000	88750000	0.0971892
chr8	88750000	89000000	-0.312306
chr8	89000000	89250000	-0.516437
chr8	89250000	89500000	-0.515161
chr8	89500000	89750000	0.365325
chr8	89750000	90000000	0.800341
chr8	90000000	90250000	0.278653
chr8	90250000	90500000	-0.811166
chr8	90500000	90750000	0.15595
chr8	90750000	91000000	-0.127037
chr8	91000000	91250000	0.118518
chr8	91250000	91500000	-0.0515797
chr8	91500000	91750000	0.0515912
chr8	91750000	92000000	-0.951404
chr8	92000000	92250000	-0.475693
chr8	92250000	92500000	0.0605649
chr8	92500000	92750000	-1.20928
chr8	92750000	93000000	-0.211775
chr8	93000000	93250000	-0.158537
chr8	93250000	93500000	-0.0373376
chr8	93500000	93750000	-0.35609
chr8	93750000	94000000	0.35223
chr8	94000000	94250000	0.30337
chr8	94250000	94500000	0.106714
chr8	94500000	94750000	1.74847
chr8	94750000	95000000	0.587786
chr8	95000000	95250000	-0.0982169
chr8	95250000	95500000	0.220217
chr8	95500000	95750000	-0.36384
chr8	95750000	96000000	-0.33196
chr8	96000000	96250000	0.0576623
chr8	96250000	96500000	-0.0877792
chr8	96500000	96750000	-0.344883
chr8	96750000	97000000	-0.540225
chr8	97000000	97250000	-1.46573
chr8	97250000	97500000	-0.740736
chr8	97500000	97750000	0.0919791
chr8	97750000	98000000	0.229492
chr8	98000000	98250000	0.599469
chr8	98250000	98500000	0.338145
chr8	98500000	98750000	0.213632
chr8	98750000	99000000	-0.12455
chr8	99000000	99250000	0.705166
chr8	99250000	99500000	0.495035
chr8	99500000	99750000	0.268823
chr8	99750000	100000000	0.277025
chr8	100000000	100250000	0.374326
chr8	100250000	100500000	0.691994
chr8	100500000	100750000	0.593549
chr8	100750000	101000000	0.558752
chr8	101000000	101250000	0.449264
chr8	101250000	101500000	0.0752453
chr8	101500000	101750000	-0.00861866
chr8	101750000	102000000	0.500077
chr8	102000000	102250000	0.126467
chr8	102250000	102500000	0.791052
chr8	102500000	102750000	0.0933481
chr8	102750000	103000000	0.792908
chr8	103000000	103250000	0.721021
chr8	103250000	103500000	0.180601
chr8	103500000	103750000	-0.207141
chr8	103750000	104000000	0.240444
chr8	104000000	104250000	-0.0085609
chr8	104250000	104500000	-0.200422
chr8	104500000	104750000	0.628334
chr8	104750000	105000000	0.0431762
chr8	105000000	105250000	-1.15864
chr8	105250000	105500000	-0.0748669
chr8	105500000	105750000	0.21125
chr8	105750000	106000000	-0.26485
chr8	106000000	106250000	-0.921708
chr8	106250000	106500000	-0.0117613
chr8	106500000	106750000	0.338476
chr8	106750000	107000000	-0.186433
chr8	107000000	107250000	-0.000249311
chr8	107250000	107500000	-0.481967
chr8	107500000	107750000	-1.90596
chr8	107750000	108000000	-0.349412
chr8	108000000	108250000	-0.86857
chr8	108250000	108500000	0.048411
chr8	108500000	108750000	0.259526
chr8	108750000	109000000	0.446325
chr8	109000000	109250000	0.145153
chr8	109250000	109500000	0.573458
chr8	109500000	109750000	0.28886
chr8	109750000	110000000	-0.185922
chr8	110000000	110250000	-0.685544
chr8	110250000	110500000	-0.149539
chr8	110500000	110750000	-1.33789
chr8	110750000	111000000	-0.535227
chr8	111000000	111250000	-0.891543
chr8	111250000	111500000	-0.56281
chr8	111500000	111750000	-0.13816
chr8	111750000	112000000	-0.0673533
chr8	112000000	112250000	-0.0402332
chr8	112250000	112500000	-0.851453
chr8	112500000	112750000	-0.297506
chr8	112750000	113000000	-0.457054
chr8	113000000	113250000	0.192346
chr8	113250000	113500000	-0.17971
chr8	113500000	113750000	-0.0999581
chr8	113750000	114000000	0.243893
chr8	114000000	114250000	-0.249385
chr8	114250000	114500000	-0.0590436
chr8	114500000	114750000	-0.691562
chr8	114750000	115000000	-0.175632
chr8	115000000	115250000	-0.432482
chr8	115250000	115500000	0.234875
chr8	115500000	115750000	-0.0339033
chr8	115750000	116000000	0.125708
chr8	116000000	116250000	-0.736316
chr8	116250000	116500000	-0.0766036
chr8	116500000	116750000	-0.021094
chr8	116750000	117000000	-0.0569131
chr8	117000000	117250000	-0.923966
chr8	117250000	117500000	-0.475999
chr8	117500000	117750000	0.753212
chr8	117750000	118000000	0.0442501
chr8	118000000	118250000	0.100746
chr8	118250000	118500000	0.890334
chr8	118500000	118750000	0.233672
chr8	118750000	119000000	0.846904
chr8	119000000	119250000	0.0394434
chr8	119250000	119500000	-0.760355
chr8	119500000	119750000	0.647993
chr8	119750000	120000000	0.666112
chr8	120000000	120250000	0.190075
chr8	120250000	120500000	-0.505673
chr8	120500000	120750000	0.0806817
chr8	120750000	121000000	-0.0678475
chr8	121000000	121250000	-0.645021
chr8	121250000	121500000	-3.78788
chr8	121500000	121750000	0.0517348
chr8	121750000	122000000	0.452315
chr8	122000000	122250000	-1.10063
chr8	122250000	122500000	-0.229081
chr8	122500000	122750000	0.212172
chr8	122750000	123000000	0.132914
chr8	123000000	123250000	0.48123
chr8	123250000	123500000	0.649576
chr8	123500000	123750000	-0.532416
chr8	123750000	124000000	1.093
chr8	124000000	124250000	-0.523949
chr8	124250000	124500000	0.488179
chr8	124500000	124750000	1.25862
chr8	124750000	125000000	0.216046
chr8	125000000	125250000	0.218218
chr8	125250000	125500000	0.321781
chr8	125500000	125750000	0.46599
chr8	125750000	126000000	-0.80023
chr8	126000000	126250000	0.167469
chr8	126250000	126500000	-0.112604
chr8	126500000	126750000	-0.0655201
chr8	126750000	127000000	0.927554
chr8	127000000	127250000	0.015338
chr8	127250000	127500000	1.27783
chr8	127500000	127750000	0.667772
chr8	127750000	128000000	0.462784
chr8	128000000	128250000	-0.0760181
chr8	128250000	128500000	1.56766
chr8	128500000	128750000	0.0972748
chr8	128750000	129000000	-0.330456
chr8	129000000	129250000	0.316886
chr8	129250000	129500000	-0.184237
chr8	129500000	129750000	0.853522
chr8	129750000	130000000	0.524196
chr8	130000000	130250000	0.225514
chr8	130250000	130500000	1.45897
chr8	130500000	130750000	-0.962282
chr8	130750000	131000000	0.114948
chr8	131000000	131250000	-1.639
chr8	131250000	131500000	-0.320756
chr8	131500000	131750000	-2.28864
chr8	131750000	132000000	0.182255
chr8	132000000	132250000	-0.5287
chr8	132250000	132500000	-0.408937
chr8	132500000	132750000	0.00391849
chr8	132750000	133000000	0.966369
chr8	133000000	133250000	-0.322482
chr8	133250000	133500000	0.179375
chr8	133500000	133750000	0.696034
chr8	133750000	134000000	-0.0645192
chr8	134000000	134250000	0.415339
chr8	134250000	134500000	0.18105
chr8	134500000	134750000	0.703913
chr8	134750000	135000000	0.178425
chr8	135000000	135250000	-0.701164
chr8	135250000	135500000	-0.439539
chr8	135500000	135750000	-0.273112
chr8	135750000	136000000	0.0821192
chr8	136000000	136250000	-0.382751
chr8	136250000	136500000	0.0147896
chr8	136500000	136750000	-0.00630723
chr8	136750000	137000000	-3.27313
chr8	137000000	137250000	-0.57738
chr8	137250000	137500000	-0.434828
chr8	137500000	137750000	-0.769751
chr8	137750000	138000000	0.250701
chr8	138000000	138250000	-1.47263
chr8	138250000	138500000	-2.03857
chr8	138500000	138750000	0.0170923
chr8	138750000	139000000	-0.311997
chr8	139000000	139250000	-1.2566
chr8	139250000	139500000	-0.462451
chr8	139500000	139750000	0.256901
chr8	139750000	140000000	-0.280702
chr8	140000000	140250000	0.88136
chr8	140250000	140500000	0.97817
chr8	140500000	140750000	-1.07045
chr8	140750000	141000000	0.262694
chr8	141000000	141250000	0.714496
chr8	141250000	141500000	0.806112
chr8	141500000	141750000	-0.107123
chr8	141750000	142000000	0.69711
chr8	142000000	142250000	-0.677149
chr8	142250000	142500000	-0.300562
chr8	142500000	142750000	0.443552
chr8	142750000	143000000	0.375124
chr8	143000000	143250000	0.52836
chr8	143250000	143500000	0.503265
chr8	143500000	143750000	0.544838
chr8	143750000	144000000	0.408186
chr8	144000000	144250000	0.502414
chr8	144250000	144500000	0.716027
chr8	144500000	144750000	-1.08823
chr8	144750000	145000000	1.47753
chr8	145000000	145138636	0.342925
#bedGraph section chr9:0-138394717
chr9	0	250000	1.08606
chr9	250000	500000	-0.518284
chr9	500000	750000	0.0245271
chr9	750000	1000000	0.565417
chr9	1000000	1250000	0.362882
chr9	1250000	1500000	-0.218828
chr9	1500000	1750000	0.595423
chr9	1750000	2000000	0.637131
chr9	2000000	2250000	1.41612
chr9	2250000	2500000	-0.467352
chr9	2500000	2750000	0.630522
chr9	2750000	3000000	0.592128
chr9	3000000	3250000	-0.0999306
chr9	3250000	3500000	0.650516
chr9	3500000	3750000	0.188437
chr9	3750000	4000000	-1.20903
chr9	4000000	4250000	-0.0852578
chr9	4250000	4500000	0.661153
chr9	4500000	4750000	0.712428
chr9	4750000	5000000	0.465568
chr9	5000000	5250000	0.286965
chr9	5250000	5500000	0.24858
chr9	5500000	5750000	0.777041
chr9	5750000	6000000	0.149212
chr9	6000000	6250000	1.18673
chr9	6250000	6500000	-0.881576
chr9	6500000	6750000	0.416854
chr9	6750000	7000000	-0.283631
chr9	7000000	7250000	0.210435
chr9	7250000	7500000	0.469738
chr9	7500000	7750000	-0.845224
chr9	7750000	8000000	-0.804337
chr9	8000000	8250000	-0.576196
chr9	8250000	8500000	0.155185
chr9	8500000	8750000	-0.0201
chr9	8750000	9000000	-0.0275081
chr9	9000000	9250000	-1.23841
chr9	9250000	9500000	-0.00321168
chr9	9500000	9750000	-0.102718
chr9	9750000	10000000	0.187818
chr9	10000000	10250000	-2.24034
chr9	10250000	10500000	-0.349258
chr9	10500000	10750000	-0.0689706
chr9	10750000	11000000	0.245856
chr9	11000000	11250000	0.102615
chr9	11250000	11500000	-1.18804
chr9	11500000	11750000	-0.520168
chr9	11750000	12000000	-0.136112
chr9	12000000	12250000	-0.747014
chr9	12250000	12500000	-0.610377
chr9	12500000	12750000	-0.0192149
chr9	12750000	13000000	0.96893
chr9	13000000	13250000	-3.86555
chr9	13250000	13500000	-0.118945
chr9	13500000	13750000	-0.32529
chr9	13750000	14000000	-0.395347
chr9	14000000	14250000	-0.303619
chr9	14250000	14500000	-0.376153
chr9	14500000	14750000	-0.0170309
chr9	14750000	15000000	0.0694327
chr9	15000000	15250000	-1.85108
chr9	15250000	15500000	0.69475
chr9	15500000	15750000	0.0978516
chr9	15750000	16000000	-0.114023
chr9	16000000	16250000	-0.559819
chr9	16250000	16500000	-0.187644
chr9	16500000	16750000	-1.01895
chr9	16750000	17000000	-1.71729
chr9	17000000	17250000	-0.189144
chr9	17250000	17500000	-0.0212386
chr9	17500000	17750000	0.0250591
chr9	17750000	18000000	-0.369271
chr9	18000000	18250000	-0.243945
chr9	18250000	18500000	-0.521634
chr9	18500000	18750000	-1.35392
chr9	18750000	19000000	0.437087
chr9	19000000	19250000	0.0872207
chr9	19250000	19500000	-0.602009
chr9	19500000	19750000	-0.175861
chr9	19750000	20000000	-0.201392
chr9	20000000	20250000	0.080518
chr9	20250000	20500000	0.498886
chr9	20500000	20750000	0.012925
chr9	20750000	21000000	0.432024
chr9	21000000	21250000	0.129275
chr9	21250000	21500000	0.448044
chr9	21500000	21750000	0.144493
chr9	21750000	22000000	0.120801
chr9	22000000	22250000	-0.362763
chr9	22250000	22500000	-1.64546
chr9	22500000	22750000	-0.395293
chr9	22750000	23000000	-0.900865
chr9	23000000	23250000	0.115932
chr9	23250000	23500000	-1.7511
chr9	23500000	23750000	-0.706816
chr9	23750000	24000000	-0.310722
chr9	24000000	24250000	-0.551655
chr9	24250000	24500000	-0.845792
chr9	24500000	24750000	-1.51727
chr9	24750000	25000000	-2.25767
chr9	25000000	25250000	-0.502014
chr9	25250000	25500000	-0.0694854
chr9	25500000	25750000	-0.332344
chr9	25750000	26000000	-0.0329787
chr9	26000000	26250000	-0.444649
chr9	26250000	26500000	-0.139899
chr9	26500000	26750000	-0.500273
chr9	26750000	27000000	0.591291
chr9	27000000	27250000	-0.817428
chr9	27250000	27500000	-0.155301
chr9	27500000	27750000	-0.0147582
chr9	27750000	28000000	0.0185458
chr9	28000000	28250000	-0.856529
chr9	28250000	28500000	-0.59554
chr9	28500000	28750000	-1.84887
chr9	28750000	29000000	-0.4484
chr9	29000000	29250000	-0.514323
chr9	29250000	29500000	-0.758444
chr9	29500000	29750000	-0.898107
chr9	29750000	30000000	-0.688473
chr9	30000000	30250000	-0.312417
chr9	30250000	30500000	-0.286361
chr9	30500000	30750000	-0.272219
chr9	30750000	31000000	-0.560456
chr9	31000000	31250000	0.0566495
chr9	31250000	31500000	0.116349
chr9	31500000	31750000	-0.293475
chr9	31750000	32000000	0.158418
chr9	32000000	32250000	-0.584955
chr9	32250000	32500000	-0.437775
chr9	32500000	32750000	-0.322958
chr9	32750000	33000000	0.102953
chr9	33000000	33250000	0.594937
chr9	33250000	33500000	0.682116
chr9	33500000	33750000	0.181846
chr9	33750000	34000000	0.448907
chr9	34000000	34250000	1.30453
chr9	34250000	34500000	0.143423
chr9	34500000	34750000	0.587514
chr9	34750000	35000000	0.660947
chr9	35000000	35250000	0.980052
chr9	35250000	35500000	0.619159
chr9	35500000	35750000	0.268453
chr9	35750000	36000000	0.59374
chr9	36000000	36250000	0.200085
chr9	36250000	36500000	0.0746548
chr9	36500000	36750000	0.435556
chr9	36750000	37000000	0.0710903
chr9	37000000	37250000	0.568532
chr9	37250000	37500000	0.223264
chr9	37500000	37750000	-0.066207
chr9	37750000	38000000	-0.160697
chr9	38000000	38250000	0.627173
chr9	38250000	38500000	-0.0757246
chr9	38500000	38750000	-0.430755
chr9	38750000	39000000	0.731883
chr9	39000000	39250000	-0.843216
chr9	39250000	39500000	nan
chr9	39500000	39750000	nan
chr9	39750000	40000000	nan
chr9	40000000	40250000	nan
chr9	40250000	40500000	nan
chr9	40500000	40750000	nan
chr9	40750000	41000000	-1.21213
chr9	41000000	41250000	-1.94519
chr9	41250000	41500000	-0.369659
chr9	41500000	41750000	-1.07464
chr9	41750000	42000000	nan
chr9	42000000	42250000	nan
chr9	42250000	42500000	-0.0722891
chr9	42500000	42750000	nan
chr9	42750000	43000000	-3.80821
chr9	43000000	43250000	nan
chr9	43250000	43500000	nan
chr9	43500000	43750000	nan
chr9	43750000	44000000	nan
chr9	44000000	44250000	nan
chr9	44250000	44500000	nan
chr9	44500000	44750000	nan
chr9	44750000	45000000	nan
chr9	45000000	45250000	nan
chr9	45250000	45500000	nan
chr9	45500000	45750000	nan
chr9	45750000	46000000	nan
chr9	46000000	46250000	nan
chr9	46250000	46500000	nan
chr9	46500000	46750000	nan
chr9	46750000	47000000	nan
chr9	47000000	47250000	nan
chr9	47250000	47500000	nan
chr9	47500000	47750000	nan
chr9	47750000	48000000	nan
chr9	48000000	48250000	nan
chr9	48250000	48500000	nan
chr9	48500000	48750000	nan
chr9	48750000	49000000	nan
chr9	49000000	49250000	nan
chr9	49250000	49500000	nan
chr9	49500000	49750000	nan
chr9	49750000	50000000	nan
chr9	50000000	50250000	nan
chr9	50250000	50500000	nan
chr9	50500000	50750000	nan
chr9	50750000	51000000	nan
chr9	51000000	51250000	nan
chr9	51250000	51500000	nan
chr9	51500000	51750000	nan
chr9	51750000	52000000	nan
chr9	52000000	52250000	nan
chr9	52250000	52500000	nan
chr9	52500000	52750000	nan
chr9	52750000	53000000	nan
chr9	53000000	53250000	nan
chr9	53250000	53500000	nan
chr9	53500000	53750000	nan
chr9	53750000	54000000	nan
chr9	54000000	54250000	nan
chr9	54250000	54500000	nan
chr9	54500000	54750000	nan
chr9	54750000	55000000	nan
chr9	55000000	55250000	nan
chr9	55250000	55500000	nan
chr9	55500000	55750000	nan
chr9	55750000	56000000	nan
chr9	56000000	56250000	nan
chr9	56250000	56500000	nan
chr9	56500000	56750000	nan
chr9	56750000	57000000	nan
chr9	57000000	57250000	nan
chr9	57250000	57500000	nan
chr9	57500000	57750000	nan
chr9	57750000	58000000	nan
chr9	58000000	58250000	nan
chr9	58250000	58500000	nan
chr9	58500000	58750000	nan
chr9	58750000	59000000	nan
chr9	59000000	59250000	nan
chr9	59250000	59500000	nan
chr9	59500000	59750000	nan
chr9	59750000	60000000	nan
chr9	60000000	60250000	nan
chr9	60250000	60500000	nan
chr9	60500000	60750000	nan
chr9	60750000	61000000	nan
chr9	61000000	61250000	nan
chr9	61250000	61500000	nan
chr9	61500000	61750000	-0.960102
chr9	61750000	62000000	nan
chr9	62000000	62250000	nan
chr9	62250000	62500000	nan
chr9	62500000	62750000	nan
chr9	62750000	63000000	-0.384385
chr9	63000000	63250000	nan
chr9	63250000	63500000	nan
chr9	63500000	63750000	nan
chr9	63750000	64000000	-2.15662
chr9	64000000	64250000	-3.75349
chr9	64250000	64500000	nan
chr9	64500000	64750000	nan
chr9	64750000	65000000	nan
chr9	65000000	65250000	nan
chr9	65250000	65500000	-1.00236
chr9	65500000	65750000	nan
chr9	65750000	66000000	nan
chr9	66000000	66250000	nan
chr9	66250000	66500000	nan
chr9	66500000	66750000	nan
chr9	66750000	67000000	nan
chr9	67000000	67250000	nan
chr9	67250000	67500000	nan
chr9	67500000	67750000	nan
chr9	67750000	68000000	nan
chr9	68000000	68250000	nan
chr9	68250000	68500000	-0.798408
chr9	68500000	68750000	0.485423
chr9	68750000	69000000	0.381033
chr9	69000000	69250000	0.23516
chr9	69250000	69500000	-0.881052
chr9	69500000	69750000	-0.68666
chr9	69750000	70000000	-0.0290088
chr9	70000000	70250000	-1.00259
chr9	70250000	70500000	0.467107
chr9	70500000	70750000	-0.255565
chr9	70750000	71000000	-0.713873
chr9	71000000	71250000	0.192655
chr9	71250000	71500000	0.202004
chr9	71500000	71750000	0.101372
chr9	71750000	72000000	0.147271
chr9	72000000	72250000	-0.237176
chr9	72250000	72500000	0.383512
chr9	72500000	72750000	0.254949
chr9	72750000	73000000	-0.123444
chr9	73000000	73250000	-0.503135
chr9	73250000	73500000	-0.401988
chr9	73500000	73750000	-0.0734438
chr9	73750000	74000000	0.00891697
chr9	74000000	74250000	-0.568574
chr9	74250000	74500000	-0.125761
chr9	74500000	74750000	-0.0523001
chr9	74750000	75000000	-0.513402
chr9	75000000	75250000	0.0746402
chr9	75250000	75500000	-0.826876
chr9	75500000	75750000	-0.701655
chr9	75750000	76000000	0.182492
chr9	76000000	76250000	-0.450195
chr9	76250000	76500000	0.484866
chr9	76500000	76750000	0.149381
chr9	76750000	77000000	-0.398724
chr9	77000000	77250000	-0.130435
chr9	77250000	77500000	0.489545
chr9	77500000	77750000	-1.36817
chr9	77750000	78000000	0.161792
chr9	78000000	78250000	0.0636585
chr9	78250000	78500000	0.000236004
chr9	78500000	78750000	-0.265268
chr9	78750000	79000000	-1.23444
chr9	79000000	79250000	-0.690315
chr9	79250000	79500000	-0.2739
chr9	79500000	79750000	-0.544922
chr9	79750000	80000000	-0.572664
chr9	80000000	80250000	-1.28937
chr9	80250000	80500000	-0.813554
chr9	80500000	80750000	-0.419795
chr9	80750000	81000000	-0.381234
chr9	81000000	81250000	-0.292952
chr9	81250000	81500000	-1.32278
chr9	81500000	81750000	-1.49974
chr9	81750000	82000000	-0.641936
chr9	82000000	82250000	-0.673989
chr9	82250000	82500000	-0.111051
chr9	82500000	82750000	-0.403936
chr9	82750000	83000000	-0.980544
chr9	83000000	83250000	-0.428693
chr9	83250000	83500000	-0.391397
chr9	83500000	83750000	-0.370806
chr9	83750000	84000000	0.109896
chr9	84000000	84250000	-0.325629
chr9	84250000	84500000	0.304608
chr9	84500000	84750000	0.394134
chr9	84750000	85000000	-0.124483
chr9	85000000	85250000	0.356284
chr9	85250000	85500000	0.0282776
chr9	85500000	85750000	0.118502
chr9	85750000	86000000	0.934438
chr9	86000000	86250000	0.294569
chr9	86250000	86500000	0.241477
chr9	86500000	86750000	0.150123
chr9	86750000	87000000	0.0735035
chr9	87000000	87250000	0.285964
chr9	87250000	87500000	-0.282704
chr9	87500000	87750000	0.105796
chr9	87750000	88000000	-0.130723
chr9	88000000	88250000	-0.470046
chr9	88250000	88500000	-0.599361
chr9	88500000	88750000	-0.417196
chr9	88750000	89000000	-0.723751
chr9	89000000	89250000	-0.182102
chr9	89250000	89500000	0.79926
chr9	89500000	89750000	0.20953
chr9	89750000	90000000	-0.468354
chr9	90000000	90250000	0.177659
chr9	90250000	90500000	0.575861
chr9	90500000	90750000	-0.263294
chr9	90750000	91000000	0.371674
chr9	91000000	91250000	0.302067
chr9	91250000	91500000	0.567877
chr9	91500000	91750000	-0.0421394
chr9	91750000	92000000	0.433867
chr9	92000000	92250000	0.506513
chr9	92250000	92500000	0.641058
chr9	92500000	92750000	0.460276
chr9	92750000	93000000	0.528468
chr9	93000000	93250000	0.349016
chr9	93250000	93500000	0.066628
chr9	93500000	93750000	0.165345
chr9	93750000	94000000	-0.0469622
chr9	94000000	94250000	0.30945
chr9	94250000	94500000	0.25503
chr9	94500000	94750000	0.609573
chr9	94750000	95000000	0.56187
chr9	95000000	95250000	0.483615
chr9	95250000	95500000	0.487811
chr9	95500000	95750000	0.185294
chr9	95750000	96000000	0.407785
chr9	96000000	96250000	-0.398159
chr9	96250000	96500000	0.585882
chr9	96500000	96750000	0.0444585
chr9	96750000	97000000	0.546218
chr9	97000000	97250000	0.081179
chr9	97250000	97500000	-0.235918
chr9	97500000	97750000	0.513686
chr9	97750000	98000000	0.472582
chr9	98000000	98250000	0.987956
chr9	98250000	98500000	0.251063
chr9	98500000	98750000	0.0597952
chr9	98750000	99000000	0.919272
chr9	99000000	99250000	0.231707
chr9	99250000	99500000	0.100824
chr9	99500000	99750000	0.311577
chr9	99750000	100000000	0.424271
chr9	100000000	100250000	0.0254793
chr9	100250000	100500000	0.409464
chr9	100500000	100750000	-0.784543
chr9	100750000	101000000	-0.546224
chr9	101000000	101250000	-1.00837
chr9	101250000	101500000	0.080308
chr9	101500000	101750000	-0.272147
chr9	101750000	102000000	-0.506519
chr9	102000000	102250000	-0.431849
chr9	102250000	102500000	-0.807649
chr9	102500000	102750000	-0.375833
chr9	102750000	103000000	-0.624905
chr9	103000000	103250000	-0.0817944
chr9	103250000	103500000	-1.94
chr9	103500000	103750000	-0.934949
chr9	103750000	104000000	-0.811427
chr9	104000000	104250000	-0.663493
chr9	104250000	104500000	-0.0387986
chr9	104500000	104750000	-0.236709
chr9	104750000	105000000	-0.030942
chr9	105000000	105250000	0.128813
chr9	105250000	105500000	0.17848
chr9	105500000	105750000	0.366812
chr9	105750000	106000000	-0.185697
chr9	106000000	106250000	-0.916541
chr9	106250000	106500000	0.150569
chr9	106500000	106750000	0.0548706
chr9	106750000	107000000	-1.0204
chr9	107000000	107250000	-0.119051
chr9	107250000	107500000	0.35567
chr9	107500000	107750000	-1.71262
chr9	107750000	108000000	-0.388037
chr9	108000000	108250000	-0.356584
chr9	108250000	108500000	-0.378676
chr9	108500000	108750000	-0.0274726
chr9	108750000	109000000	0.322814
chr9	109000000	109250000	0.562184
chr9	109250000	109500000	0.259476
chr9	109500000	109750000	-0.938677
chr9	109750000	110000000	0.0671331
chr9	110000000	110250000	0.314774
chr9	110250000	110500000	1.2098
chr9	110500000	110750000	-0.109299
chr9	110750000	111000000	0.37145
chr9	111000000	111250000	0.117632
chr9	111250000	111500000	0.232775
chr9	111500000	111750000	-0.243315
chr9	111750000	112000000	0.284889
chr9	112000000	112250000	0.850141
chr9	112250000	112500000	0.519038
chr9	112500000	112750000	-0.391823
chr9	112750000	113000000	0.158644
chr9	113000000	113250000	0.443501
chr9	113250000	113500000	0.35375
chr9	113500000	113750000	0.197436
chr9	113750000	114000000	-0.0123599
chr9	114000000	114250000	0.193106
chr9	114250000	114500000	-0.466346
chr9	114500000	114750000	0.868421
chr9	114750000	115000000	0.00529599
chr9	115000000	115250000	-0.548342
chr9	115250000	115500000	-0.997256
chr9	115500000	115750000	-0.146125
chr9	115750000	116000000	0.261453
chr9	116000000	116250000	-0.0457152
chr9	116250000	116500000	-2.36768
chr9	116500000	116750000	-0.24557
chr9	116750000	117000000	0.36033
chr9	117000000	117250000	-0.537789
chr9	117250000	117500000	0.0692047
chr9	117500000	117750000	-2.37119
chr9	117750000	118000000	-0.156894
chr9	118000000	118250000	-2.45818
chr9	118250000	118500000	0.0717587
chr9	118500000	118750000	-1.23878
chr9	118750000	119000000	-1.52006
chr9	119000000	119250000	-0.564834
chr9	119250000	119500000	-1.61448
chr9	119500000	119750000	-0.546024
chr9	119750000	120000000	0.153706
chr9	120000000	120250000	0.00442482
chr9	120250000	120500000	0.00282126
chr9	120500000	120750000	0.834759
chr9	120750000	121000000	0.850875
chr9	121000000	121250000	0.708738
chr9	121250000	121500000	0.164745
chr9	121500000	121750000	0.362522
chr9	121750000	122000000	-0.663025
chr9	122000000	122250000	0.550677
chr9	122250000	122500000	-1.03089
chr9	122500000	122750000	-1.94827
chr9	122750000	123000000	0.461983
chr9	123000000	123250000	0.0875804
chr9	123250000	123500000	0.15864
chr9	123500000	123750000	-1.06322
chr9	123750000	124000000	0.580538
chr9	124000000	124250000	0.653757
chr9	124250000	124500000	0.0895386
chr9	124500000	124750000	0.289195
chr9	124750000	125000000	0.210438
chr9	125000000	125250000	0.887775
chr9	125250000	125500000	1.05538
chr9	125500000	125750000	0.551378
chr9	125750000	126000000	0.528132
chr9	126000000	126250000	0.549511
chr9	126250000	126500000	0.789296
chr9	126500000	126750000	0.477335
chr9	126750000	127000000	0.459785
chr9	127000000	127250000	0.535037
chr9	127250000	127500000	0.477701
chr9	127500000	127750000	0.329681
chr9	127750000	128000000	0.600269
chr9	128000000	128250000	0.488848
chr9	128250000	128500000	0.315402
chr9	128500000	128750000	-0.694242
chr9	128750000	129000000	0.393977
chr9	129000000	129250000	0.319607
chr9	129250000	129500000	0.345496
chr9	129500000	129750000	0.482946
chr9	129750000	130000000	0.685176
chr9	130000000	130250000	0.268502
chr9	130250000	130500000	0.209711
chr9	130500000	130750000	-0.13187
chr9	130750000	131000000	0.680631
chr9	131000000	131250000	0.464651
chr9	131250000	131500000	0.233795
chr9	131500000	131750000	0.526364
chr9	131750000	132000000	0.833173
chr9	132000000	132250000	0.444021
chr9	132250000	132500000	0.694719
chr9	132500000	132750000	0.569721
chr9	132750000	133000000	0.741659
chr9	133000000	133250000	0.256746
chr9	133250000	133500000	0.0870727
chr9	133500000	133750000	0.49127
chr9	133750000	134000000	0.38554
chr9	134000000	134250000	0.348357
chr9	134250000	134500000	0.136479
chr9	134500000	134750000	0.0214338
chr9	134750000	135000000	0.332157
chr9	135000000	135250000	0.387624
chr9	135250000	135500000	0.340205
chr9	135500000	135750000	0.0684179
chr9	135750000	136000000	0.151509
chr9	136000000	136250000	0.617611
chr9	136250000	136500000	0.557392
chr9	136500000	136750000	0.257882
chr9	136750000	137000000	0.390242
chr9	137000000	137250000	0.309013
chr9	137250000	137500000	0.264652
chr9	137500000	137750000	0.831803
chr9	137750000	138000000	0.848063
chr9	138000000	138250000	0.375395
chr9	138250000	138394717	nan
#bedGraph section chrX:0-156040895
chrX	0	250000	nan
chrX	250000	500000	0.614143
chrX	500000	750000	0.730397
chrX	750000	1000000	-0.0733863
chrX	1000000	1250000	0.0509602
chrX	1250000	1500000	0.764988
chrX	1500000	1750000	0.0439445
chrX	1750000	2000000	0.193604
chrX	2000000	2250000	0.113409
chrX	2250000	2500000	0.620849
chrX	2500000	2750000	0.425758
chrX	2750000	3000000	0.236201
chrX	3000000	3250000	-2.28829
chrX	3250000	3500000	-0.676975
chrX	3500000	3750000	0.385574
chrX	3750000	4000000	-0.346034
chrX	4000000	4250000	-0.585082
chrX	4250000	4500000	-0.823633
chrX	4500000	4750000	1.01215
chrX	4750000	5000000	2.05467
chrX	5000000	5250000	-0.392077
chrX	5250000	5500000	-1.08972
chrX	5500000	5750000	0.352471
chrX	5750000	6000000	-0.0225767
chrX	6000000	6250000	0.413896
chrX	6250000	6500000	-0.025876
chrX	6500000	6750000	1.11802
chrX	6750000	7000000	0.140586
chrX	7000000	7250000	0.062797
chrX	7250000	7500000	0.129052
chrX	7500000	7750000	0.0451374
chrX	7750000	8000000	0.22554
chrX	8000000	8250000	0.317755
chrX	8250000	8500000	0.399155
chrX	8500000	8750000	0.0794406
chrX	8750000	9000000	0.0149998
chrX	9000000	9250000	-0.42492
chrX	9250000	9500000	0.473625
chrX	9500000	9750000	-0.636326
chrX	9750000	10000000	-0.141555
chrX	10000000	10250000	0.358384
chrX	10250000	10500000	-0.175647
chrX	10500000	10750000	0.789137
chrX	10750000	11000000	-0.279454
chrX	11000000	11250000	0.667592
chrX	11250000	11500000	1.0639
chrX	11500000	11750000	0.442708
chrX	11750000	12000000	0.446368
chrX	12000000	12250000	-0.0872005
chrX	12250000	12500000	0.361109
chrX	12500000	12750000	0.434241
chrX	12750000	13000000	0.329916
chrX	13000000	13250000	0.44596
chrX	13250000	13500000	-0.2923
chrX	13500000	13750000	0.155148
chrX	13750000	14000000	0.0738442
chrX	14000000	14250000	0.120268
chrX	14250000	14500000	-1.6407
chrX	14500000	14750000	-1.78508
chrX	14750000	15000000	-0.378601
chrX	15000000	15250000	0.0180442
chrX	15250000	15500000	3.00659
chrX	15500000	15750000	0.0203688
chrX	15750000	16000000	0.0316641
chrX	16000000	16250000	-1.27932
chrX	16250000	16500000	-0.345636
chrX	16500000	16750000	-0.168105
chrX	16750000	17000000	-0.384931
chrX	17000000	17250000	-0.163982
chrX	17250000	17500000	-0.472619
chrX	17500000	17750000	0.850746
chrX	17750000	18000000	0.95709
chrX	18000000	18250000	-0.718293
chrX	18250000	18500000	0.0693544
chrX	18500000	18750000	-0.011115
chrX	18750000	19000000	0.617931
chrX	19000000	19250000	0.855108
chrX	19250000	19500000	0.673364
chrX	19500000	19750000	0.302055
chrX	19750000	20000000	0.309799
chrX	20000000	20250000	-0.211251
chrX	20250000	20500000	1.14277
chrX	20500000	20750000	-0.110286
chrX	20750000	21000000	-0.185596
chrX	21000000	21250000	-3.29128
chrX	21250000	21500000	-0.722063
chrX	21500000	21750000	0.00157082
chrX	21750000	22000000	-0.112731
chrX	22000000	22250000	1.0368
chrX	22250000	22500000	-0.164045
chrX	22500000	22750000	0.413404
chrX	22750000	23000000	1.06435
chrX	23000000	23250000	-0.440049
chrX	23250000	23500000	-1.49955
chrX	23500000	23750000	-0.254477
chrX	23750000	24000000	0.353999
chrX	24000000	24250000	0.141629
chrX	24250000	24500000	2.71537
chrX	24500000	24750000	-0.191931
chrX	24750000	25000000	-0.298515
chrX	25000000	25250000	-0.23011
chrX	25250000	25500000	-0.641481
chrX	25500000	25750000	0.417361
chrX	25750000	26000000	1.15935
chrX	26000000	26250000	-0.408131
chrX	26250000	26500000	-0.298647
chrX	26500000	26750000	-0.135605
chrX	26750000	27000000	-0.806084
chrX	27000000	27250000	-0.689796
chrX	27250000	27500000	0.0527927
chrX	27500000	27750000	-0.201978
chrX	27750000	28000000	-0.0261423
chrX	28000000	28250000	-0.0591234
chrX	28250000	28500000	0.213919
chrX	28500000	28750000	0.0756462
chrX	28750000	29000000	0.0723461
chrX	29000000	29250000	-0.273883
chrX	29250000	29500000	-0.00104175
chrX	29500000	29750000	-0.134243
chrX	29750000	30000000	0.018813
chrX	30000000	30250000	-0.262854
chrX	30250000	30500000	-0.817136
chrX	30500000	30750000	0.019928
chrX	30750000	31000000	0.00171731
chrX	31000000	31250000	0.38967
chrX	31250000	31500000	0.656411
chrX	31500000	31750000	-0.512906
chrX	31750000	32000000	-0.439963
chrX	32000000	32250000	-0.142184
chrX	32250000	32500000	-0.535305
chrX	32500000	32750000	0.0375316
chrX	32750000	33000000	-0.4612
chrX	33000000	33250000	-2.10236
chrX	33250000	33500000	-0.410845
chrX	33500000	33750000	0.373269
chrX	33750000	34000000	-0.344235
chrX	34000000	34250000	-1.09301
chrX	34250000	34500000	-0.235587
chrX	34500000	34750000	-1.2617
chrX	34750000	35000000	0.0845122
chrX	35000000	35250000	-0.157903
chrX	35250000	35500000	-0.458027
chrX	35500000	35750000	0.823335
chrX	35750000	36000000	-0.234922
chrX	36000000	36250000	-0.000994972
chrX	36250000	36500000	0.921565
chrX	36500000	36750000	0.152626
chrX	36750000	37000000	-0.0458986
chrX	37000000	37250000	0.107042
chrX	37250000	37500000	-0.0686272
chrX	37500000	37750000	0.488487
chrX	37750000	38000000	0.174103
chrX	38000000	38250000	0.546449
chrX	38250000	38500000	0.0872301
chrX	38500000	38750000	-0.143022
chrX	38750000	39000000	-0.0850068
chrX	39000000	39250000	0.0119327
chrX	39250000	39500000	0.0527242
chrX	39500000	39750000	-0.456918
chrX	39750000	40000000	-0.661153
chrX	40000000	40250000	-0.453116
chrX	40250000	40500000	-0.389377
chrX	40500000	40750000	0.145331
chrX	40750000	41000000	0.319309
chrX	41000000	41250000	0.0213237
chrX	41250000	41500000	0.412528
chrX	41500000	41750000	-0.308918
chrX	41750000	42000000	0.245741
chrX	42000000	42250000	-0.611408
chrX	42250000	42500000	0.10595
chrX	42500000	42750000	0.168223
chrX	42750000	43000000	0.0559029
chrX	43000000	43250000	0.205612
chrX	43250000	43500000	-0.502131
chrX	43500000	43750000	0.162642
chrX	43750000	44000000	-0.0550651
chrX	44000000	44250000	-0.469953
chrX	44250000	44500000	-0.119129
chrX	44500000	44750000	0.035526
chrX	44750000	45000000	-0.0363327
chrX	45000000	45250000	0.522946
chrX	45250000	45500000	0.0458817
chrX	45500000	45750000	0.729318
chrX	45750000	46000000	-0.424891
chrX	46000000	46250000	-0.102766
chrX	46250000	46500000	-0.33886
chrX	46500000	46750000	-0.060996
chrX	46750000	47000000	0.358046
chrX	47000000	47250000	0.179457
chrX	47250000	47500000	-0.696869
chrX	47500000	47750000	0.429431
chrX	47750000	48000000	0.100252
chrX	48000000	48250000	-0.228659
chrX	48250000	48500000	-0.805854
chrX	48500000	48750000	0.19268
chrX	48750000	49000000	-0.353772
chrX	49000000	49250000	-0.384363
chrX	49250000	49500000	-0.115972
chrX	49500000	49750000	-0.300567
chrX	49750000	50000000	0.0300167
chrX	50000000	50250000	-0.451225
chrX	50250000	50500000	-0.0974118
chrX	50500000	50750000	0.141504
chrX	50750000	51000000	-0.374188
chrX	51000000	51250000	0.232186
chrX	51250000	51500000	-0.213751
chrX	51500000	51750000	-0.738819
chrX	51750000	52000000	0.566113
chrX	52000000	52250000	-0.228751
chrX	52250000	52500000	-0.0369056
chrX	52500000	52750000	-0.199564
chrX	52750000	53000000	-0.0428847
chrX	53000000	53250000	0.209514
chrX	53250000	53500000	-0.0271923
chrX	53500000	53750000	0.451317
chrX	53750000	54000000	0.336919
chrX	54000000	54250000	0.215679
chrX	54250000	54500000	-0.0131648
chrX	54500000	54750000	0.986458
chrX	54750000	55000000	0.452095
chrX	55000000	55250000	0.0986086
chrX	55250000	55500000	-0.097722
chrX	55500000	55750000	-0.206515
chrX	55750000	56000000	-0.0308137
chrX	56000000	56250000	0.672034
chrX	56250000	56500000	-0.0968062
chrX	56500000	56750000	-0.141257
chrX	56750000	57000000	0.318247
chrX	57000000	57250000	-0.502327
chrX	57250000	57500000	-0.614776
chrX	57500000	57750000	0.0665628
chrX	57750000	58000000	-0.0695515
chrX	58000000	58250000	-0.00296079
chrX	58250000	58500000	0.25681
chrX	58500000	58750000	nan
chrX	58750000	59000000	nan
chrX	59000000	59250000	nan
chrX	59250000	59500000	nan
chrX	59500000	59750000	nan
chrX	59750000	60000000	nan
chrX	60000000	60250000	nan
chrX	60250000	60500000	nan
chrX	60500000	60750000	nan
chrX	60750000	61000000	nan
chrX	61000000	61250000	nan
chrX	61250000	61500000	nan
chrX	61500000	61750000	nan
chrX	61750000	62000000	nan
chrX	62000000	62250000	nan
chrX	62250000	62500000	nan
chrX	62500000	62750000	-0.205737
chrX	62750000	63000000	0.126852
chrX	63000000	63250000	0.304022
chrX	63250000	63500000	0.51481
chrX	63500000	63750000	0.570263
chrX	63750000	64000000	0.0857379
chrX	64000000	64250000	-0.112397
chrX	64250000	64500000	0.0399243
chrX	64500000	64750000	-0.213074
chrX	64750000	65000000	-0.25865
chrX	65000000	65250000	-0.424436
chrX	65250000	65500000	0.12717
chrX	65500000	65750000	0.00945475
chrX	65750000	66000000	0.228514
chrX	66000000	66250000	0.738449
chrX	66250000	66500000	-0.119466
chrX	66500000	66750000	0.603673
chrX	66750000	67000000	-0.935728
chrX	67000000	67250000	0.802116
chrX	67250000	67500000	-0.104759
chrX	67500000	67750000	-0.985542
chrX	67750000	68000000	-0.278047
chrX	68000000	68250000	-0.411695
chrX	68250000	68500000	0.339976
chrX	68500000	68750000	0.503001
chrX	68750000	69000000	0.0224307
chrX	69000000	69250000	-0.1864
chrX	69250000	69500000	-0.51975
chrX	69500000	69750000	0.824728
chrX	69750000	70000000	-0.0348708
chrX	70000000	70250000	-0.222834
chrX	70250000	70500000	0.611541
chrX	70500000	70750000	0.730876
chrX	70750000	71000000	0.297089
chrX	71000000	71250000	0.514391
chrX	71250000	71500000	-0.460235
chrX	71500000	71750000	-0.122566
chrX	71750000	72000000	-0.0892666
chrX	72000000	72250000	0.120184
chrX	72250000	72500000	-1.01689
chrX	72500000	72750000	0.279941
chrX	72750000	73000000	nan
chrX	73000000	73250000	-0.718741
chrX	73250000	73500000	-0.135014
chrX	73500000	73750000	-0.0824657
chrX	73750000	74000000	5.84527e-05
chrX	74000000	74250000	-0.339914
chrX	74250000	74500000	0.2728
chrX	74500000	74750000	-1.03058
chrX	74750000	75000000	0.194549
chrX	75000000	75250000	-0.43896
chrX	75250000	75500000	0.366448
chrX	75500000	75750000	-1.09102
chrX	75750000	76000000	-0.675939
chrX	76000000	76250000	0.174345
chrX	76250000	76500000	-0.133477
chrX	76500000	76750000	0.190217
chrX	76750000	77000000	-0.0903421
chrX	77000000	77250000	-0.879044
chrX	77250000	77500000	-0.502593
chrX	77500000	77750000	-0.232397
chrX	77750000	78000000	0.0971121
chrX	78000000	78250000	0.532455
chrX	78250000	78500000	-0.0523787
chrX	78500000	78750000	0.0184944
chrX	78750000	79000000	0.796176
chrX	79000000	79250000	-0.291182
chrX	79250000	79500000	-0.111894
chrX	79500000	79750000	0.201099
chrX	79750000	80000000	0.0898899
chrX	80000000	80250000	-0.080737
chrX	80250000	80500000	0.618384
chrX	80500000	80750000	0.488515
chrX	80750000	81000000	-0.10282
chrX	81000000	81250000	-0.214187
chrX	81250000	81500000	-1.04287
chrX	81500000	81750000	0.470079
chrX	81750000	82000000	-0.278043
chrX	82000000	82250000	-0.42129
chrX	82250000	82500000	0.778247
chrX	82500000	82750000	0.793286
chrX	82750000	83000000	0.18112
chrX	83000000	83250000	-0.717333
chrX	83250000	83500000	-0.112797
chrX	83500000	83750000	0.247009
chrX	83750000	84000000	0.15542
chrX	84000000	84250000	-0.531031
chrX	84250000	84500000	-0.460345
chrX	84500000	84750000	0.158177
chrX	84750000	85000000	0.0490427
chrX	85000000	85250000	-0.0425623
chrX	85250000	85500000	-0.806534
chrX	85500000	85750000	0.396461
chrX	85750000	86000000	0.623377
chrX	86000000	86250000	-0.480016
chrX	86250000	86500000	0.557025
chrX	86500000	86750000	-0.0771563
chrX	86750000	87000000	0.0802117
chrX	87000000	87250000	-0.480215
chrX	87250000	87500000	0.209114
chrX	87500000	87750000	-0.64639
chrX	87750000	88000000	-0.389897
chrX	88000000	88250000	-0.797076
chrX	88250000	88500000	-0.127788
chrX	88500000	88750000	0.431703
chrX	88750000	89000000	1.09542
chrX	89000000	89250000	0.261165
chrX	89250000	89500000	-1.68549
chrX	89500000	89750000	-0.571114
chrX	89750000	90000000	-0.152825
chrX	90000000	90250000	-0.153391
chrX	90250000	90500000	0.0852756
chrX	90500000	90750000	-0.111872
chrX	90750000	91000000	-0.265235
chrX	91000000	91250000	-0.149464
chrX	91250000	91500000	0.682708
chrX	91500000	91750000	-0.0202456
chrX	91750000	92000000	-1.13314
chrX	92000000	92250000	0.695763
chrX	92250000	92500000	-0.404157
chrX	92500000	92750000	0.806691
chrX	92750000	93000000	-0.698531
chrX	93000000	93250000	-0.265002
chrX	93250000	93500000	0.189056
chrX	93500000	93750000	-1.61447
chrX	93750000	94000000	-0.144523
chrX	94000000	94250000	-1.30388
chrX	94250000	94500000	-0.152329
chrX	94500000	94750000	-0.201568
chrX	94750000	95000000	0.24753
chrX	95000000	95250000	0.935907
chrX	95250000	95500000	-0.734384
chrX	95500000	95750000	-0.476376
chrX	95750000	96000000	-0.283731
chrX	96000000	96250000	-0.201393
chrX	96250000	96500000	0.0981792
chrX	96500000	96750000	0.515393
chrX	96750000	97000000	-0.292434
chrX	97000000	97250000	-0.109601
chrX	97250000	97500000	1.03297
chrX	97500000	97750000	0.117029
chrX	97750000	98000000	0.0660216
chrX	98000000	98250000	-0.580305
chrX	98250000	98500000	0.554921
chrX	98500000	98750000	0.00435938
chrX	98750000	99000000	-0.306381
chrX	99000000	99250000	-1.1501
chrX	99250000	99500000	-0.00193566
chrX	99500000	99750000	-0.581646
chrX	99750000	100000000	-0.713727
chrX	100000000	100250000	0.582787
chrX	100250000	100500000	0.176169
chrX	100500000	100750000	0.415184
chrX	100750000	101000000	0.379527
chrX	101000000	101250000	-0.34961
chrX	101250000	101500000	-0.269
chrX	101500000	101750000	-0.059755
chrX	101750000	102000000	-0.185652
chrX	102000000	102250000	0.43551
chrX	102250000	102500000	-2.32555
chrX	102500000	102750000	-0.126523
chrX	102750000	103000000	-0.173624
chrX	103000000	103250000	0.194272
chrX	103250000	103500000	0.044644
chrX	103500000	103750000	-0.0289973
chrX	103750000	104000000	0.258308
chrX	104000000	104250000	0.938496
chrX	104250000	104500000	0.140664
chrX	104500000	104750000	0.200367
chrX	104750000	105000000	-0.0559698
chrX	105000000	105250000	0.452595
chrX	105250000	105500000	0.185537
chrX	105500000	105750000	0.0588167
chrX	105750000	106000000	0.0108322
chrX	106000000	106250000	-0.272418
chrX	106250000	106500000	0.0866307
chrX	106500000	106750000	0.460588
chrX	106750000	107000000	-0.183466
chrX	107000000	107250000	0.0385365
chrX	107250000	107500000	-0.337764
chrX	107500000	107750000	0.617299
chrX	107750000	108000000	0.0226142
chrX	108000000	108250000	0.210895
chrX	108250000	108500000	-0.302011
chrX	108500000	108750000	-0.0259244
chrX	108750000	109000000	-0.399989
chrX	109000000	109250000	-0.369928
chrX	109250000	109500000	-0.254532
chrX	109500000	109750000	0.275811
chrX	109750000	110000000	-0.16547
chrX	110000000	110250000	-0.0451567
chrX	110250000	110500000	0.158877
chrX	110500000	110750000	0.472774
chrX	110750000	111000000	0.417774
chrX	111000000	111250000	0.22473
chrX	111250000	111500000	0.120556
chrX	111500000	111750000	-0.301536
chrX	111750000	112000000	0.543036
chrX	112000000	112250000	0.0625184
chrX	112250000	112500000	0.33724
chrX	112500000	112750000	0.184005
chrX	112750000	113000000	-0.275884
chrX	113000000	113250000	0.0831977
chrX	113250000	113500000	0.0932724
chrX	113500000	113750000	-0.555297
chrX	113750000	114000000	0.721804
chrX	114000000	114250000	-0.55483
chrX	114250000	114500000	-0.49077
chrX	114500000	114750000	0.544269
chrX	114750000	115000000	-0.0849163
chrX	115000000	115250000	0.230892
chrX	115250000	115500000	-0.0640568
chrX	115500000	115750000	-0.418059
chrX	115750000	116000000	-0.147477
chrX	116000000	116250000	-0.69545
chrX	116250000	116500000	0.134636
chrX	116500000	116750000	-0.428636
chrX	116750000	117000000	-0.650158
chrX	117000000	117250000	-0.049549
chrX	117250000	117500000	-0.00897218
chrX	117500000	117750000	-0.0996156
chrX	117750000	118000000	-0.128573
chrX	118000000	118250000	0.500126
chrX	118250000	118500000	-0.327656
chrX	118500000	118750000	0.111099
chrX	118750000	119000000	0.808162
chrX	119000000	119250000	0.564699
chrX	119250000	119500000	1.14187
chrX	119500000	119750000	-0.0891693
chrX	119750000	120000000	0.403317
chrX	120000000	120250000	-0.268497
chrX	120250000	120500000	-0.0662661
chrX	120500000	120750000	-0.147039
chrX	120750000	121000000	2.2891
chrX	121000000	121250000	1.33817
chrX	121250000	121500000	-0.478668
chrX	121500000	121750000	0.184379
chrX	121750000	122000000	0.128328
chrX	122000000	122250000	-0.172653
chrX	122250000	122500000	-1.47853
chrX	122500000	122750000	-0.1499
chrX	122750000	123000000	0.643828
chrX	123000000	123250000	-0.0660217
chrX	123250000	123500000	0.640451
chrX	123500000	123750000	0.419702
chrX	123750000	124000000	-0.0585821
chrX	124000000	124250000	0.362628
chrX	124250000	124500000	-0.0308068
chrX	124500000	124750000	-0.551487
chrX	124750000	125000000	-0.176188
chrX	125000000	125250000	0.0423626
chrX	125250000	125500000	-0.17531
chrX	125500000	125750000	-0.42187
chrX	125750000	126000000	1.0446
chrX	126000000	126250000	-0.463748
chrX	126250000	126500000	-0.584554
chrX	126500000	126750000	-0.286011
chrX	126750000	127000000	-0.13819
chrX	127000000	127250000	0.105252
chrX	127250000	127500000	-1.25721
chrX	127500000	127750000	-0.0880581
chrX	127750000	128000000	0.651761
chrX	128000000	128250000	-0.394727
chrX	128250000	128500000	0.191995
chrX	128500000	128750000	-1.27121
chrX	128750000	129000000	-0.158212
chrX	129000000	129250000	-0.492398
chrX	129250000	129500000	1.20058
chrX	129500000	129750000	0.274832
chrX	129750000	130000000	-0.589785
chrX	130000000	130250000	0.164912
chrX	130250000	130500000	-0.259098
chrX	130500000	130750000	-0.125537
chrX	130750000	131000000	-1.34108
chrX	131000000	131250000	-0.145438
chrX	131250000	131500000	-0.290689
chrX	131500000	131750000	0.585473
chrX	131750000	132000000	0.098715
chrX	132000000	132250000	0.034184
chrX	132250000	132500000	0.0794554
chrX	132500000	132750000	-0.175861
chrX	132750000	133000000	-0.173578
chrX	133000000	133250000	0.21048
chrX	133250000	133500000	0.671787
chrX	133500000	133750000	-2.26878
chrX	133750000	134000000	-0.117357
chrX	134000000	134250000	0.378766
chrX	134250000	134500000	0.0369304
chrX	134500000	134750000	-0.14812
chrX	134750000	135000000	0.018466
chrX	135000000	135250000	-0.056808
chrX	135250000	135500000	0.335464
chrX	135500000	135750000	-0.19995
chrX	135750000	136000000	-0.998224
chrX	136000000	136250000	-0.0533249
chrX	136250000	136500000	-0.21868
chrX	136500000	136750000	-0.189663
chrX	136750000	137000000	0.202203
chrX	137000000	137250000	-0.464235
chrX	137250000	137500000	0.532713
chrX	137500000	137750000	1.02522
chrX	137750000	138000000	-0.175693
chrX	138000000	138250000	-0.80761
chrX	138250000	138500000	-1.64521
chrX	138500000	138750000	-0.208622
chrX	138750000	139000000	-0.440306
chrX	139000000	139250000	0.736394
chrX	139250000	139500000	-0.431711
chrX	139500000	139750000	0.365387
chrX	139750000	140000000	0.408786
chrX	140000000	140250000	-0.046654
chrX	140250000	140500000	0.134449
chrX	140500000	140750000	-0.412848
chrX	140750000	141000000	0.177449
chrX	141000000	141250000	-0.677047
chrX	141250000	141500000	-0.765109
chrX	141500000	141750000	-0.516045
chrX	141750000	142000000	-0.261588
chrX	142000000	142250000	-0.632722
chrX	142250000	142500000	0.151118
chrX	142500000	142750000	-0.791792
chrX	142750000	143000000	0.0091112
chrX	143000000	143250000	-0.324957
chrX	143250000	143500000	-0.996473
chrX	143500000	143750000	0.214082
chrX	143750000	144000000	0.37626
chrX	144000000	144250000	-0.16688
chrX	144250000	144500000	0.0560689
chrX	144500000	144750000	-0.494876
chrX	144750000	145000000	0.20359
chrX	145000000	145250000	-0.00273818
chrX	145250000	145500000	-0.0985957
chrX	145500000	145750000	-0.167384
chrX	145750000	146000000	0.662335
chrX	146000000	146250000	0.224076
chrX	146250000	146500000	-0.300245
chrX	146500000	146750000	-0.643673
chrX	146750000	147000000	0.0150224
chrX	147000000	147250000	-0.0982514
chrX	147250000	147500000	0.134372
chrX	147500000	147750000	0.292755
chrX	147750000	148000000	-0.016909
chrX	148000000	148250000	0.282845
chrX	148250000	148500000	0.662742
chrX	148500000	148750000	0.0833907
chrX	148750000	149000000	-0.091648
chrX	149000000	149250000	-0.273299
chrX	149250000	149500000	1.32109
chrX	149500000	149750000	0.593741
chrX	149750000	150000000	1.03984
chrX	150000000	150250000	0.2758
chrX	150250000	150500000	0.777172
chrX	150500000	150750000	-1.24657
chrX	150750000	151000000	0.0650566
chrX	151000000	151250000	-0.26474
chrX	151250000	151500000	1.56262
chrX	151500000	151750000	-0.346449
chrX	151750000	152000000	1.25623
chrX	152000000	152250000	-1.41853
chrX	152250000	152500000	-0.680026
chrX	152500000	152750000	-3.30088
chrX	152750000	153000000	-0.118956
chrX	153000000	153250000	-0.561425
chrX	153250000	153500000	0.700208
chrX	153500000	153750000	0.292644
chrX	153750000	154000000	0.688248
chrX	154000000	154250000	0.142556
chrX	154250000	154500000	2.77396
chrX	154500000	154750000	-0.844762
chrX	154750000	155000000	2.66056
chrX	155000000	155250000	-2.26382
chrX	155250000	155500000	0.00893307
chrX	155500000	155750000	-0.472314
chrX	155750000	156000000	-0.339778
chrX	156000000	156040895	nan
#bedGraph section chrY:0-57227415
chrY	0	250000	nan
chrY	250000	500000	nan
chrY	500000	750000	nan
chrY	750000	1000000	nan
chrY	1000000	1250000	nan
chrY	1250000	1500000	nan
chrY	1500000	1750000	nan
chrY	1750000	2000000	nan
chrY	2000000	2250000	nan
chrY	2250000	2500000	nan
chrY	2500000	2750000	nan
chrY	2750000	3000000	nan
chrY	3000000	3250000	nan
chrY	3250000	3500000	nan
chrY	3500000	3750000	nan
chrY	3750000	4000000	nan
chrY	4000000	4250000	nan
chrY	4250000	4500000	nan
chrY	4500000	4750000	nan
chrY	4750000	5000000	nan
chrY	5000000	5250000	nan
chrY	5250000	5500000	nan
chrY	5500000	5750000	nan
chrY	5750000	6000000	nan
chrY	6000000	6250000	nan
chrY	6250000	6500000	nan
chrY	6500000	6750000	nan
chrY	6750000	7000000	nan
chrY	7000000	7250000	nan
chrY	7250000	7500000	nan
chrY	7500000	7750000	nan
chrY	7750000	8000000	nan
chrY	8000000	8250000	nan
chrY	8250000	8500000	nan
chrY	8500000	8750000	nan
chrY	8750000	9000000	nan
chrY	9000000	9250000	nan
chrY	9250000	9500000	nan
chrY	9500000	9750000	nan
chrY	9750000	10000000	nan
chrY	10000000	10250000	nan
chrY	10250000	10500000	nan
chrY	10500000	10750000	nan
chrY	10750000	11000000	nan
chrY	11000000	11250000	nan
chrY	11250000	11500000	nan
chrY	11500000	11750000	nan
chrY	11750000	12000000	nan
chrY	12000000	12250000	nan
chrY	12250000	12500000	nan
chrY	12500000	12750000	nan
chrY	12750000	13000000	nan
chrY	13000000	13250000	nan
chrY	13250000	13500000	nan
chrY	13500000	13750000	nan
chrY	13750000	14000000	nan
chrY	14000000	14250000	nan
chrY	14250000	14500000	nan
chrY	14500000	14750000	nan
chrY	14750000	15000000	nan
chrY	15000000	15250000	nan
chrY	15250000	15500000	nan
chrY	15500000	15750000	nan
chrY	15750000	16000000	nan
chrY	16000000	16250000	nan
chrY	16250000	16500000	nan
chrY	16500000	16750000	nan
chrY	16750000	17000000	nan
chrY	17000000	17250000	nan
chrY	17250000	17500000	nan
chrY	17500000	17750000	nan
chrY	17750000	18000000	nan
chrY	18000000	18250000	nan
chrY	18250000	18500000	nan
chrY	18500000	18750000	nan
chrY	18750000	19000000	nan
chrY	19000000	19250000	nan
chrY	19250000	19500000	nan
chrY	19500000	19750000	nan
chrY	19750000	20000000	nan
chrY	20000000	20250000	nan
chrY	20250000	20500000	nan
chrY	20500000	20750000	nan
chrY	20750000	21000000	nan
chrY	21000000	21250000	nan
chrY	21250000	21500000	nan
chrY	21500000	21750000	nan
chrY	21750000	22000000	nan
chrY	22000000	22250000	nan
chrY	22250000	22500000	nan
chrY	22500000	22750000	nan
chrY	22750000	23000000	nan
chrY	23000000	23250000	nan
chrY	23250000	23500000	nan
chrY	23500000	23750000	nan
chrY	23750000	24000000	nan
chrY	24000000	24250000	nan
chrY	24250000	24500000	nan
chrY	24500000	24750000	nan
chrY	24750000	25000000	nan
chrY	25000000	25250000	nan
chrY	25250000	25500000	nan
chrY	25500000	25750000	nan
chrY	25750000	26000000	nan
chrY	26000000	26250000	nan
chrY	26250000	26500000	nan
chrY	26500000	26750000	nan
chrY	26750000	27000000	nan
chrY	27000000	27250000	nan
chrY	27250000	27500000	nan
chrY	27500000	27750000	nan
chrY	27750000	28000000	nan
chrY	28000000	28250000	nan
chrY	28250000	28500000	nan
chrY	28500000	28750000	nan
chrY	28750000	29000000	nan
chrY	29000000	29250000	nan
chrY	29250000	29500000	nan
chrY	29500000	29750000	nan
chrY	29750000	30000000	nan
chrY	30000000	30250000	nan
chrY	30250000	30500000	nan
chrY	30500000	30750000	nan
chrY	30750000	31000000	nan
chrY	31000000	31250000	nan
chrY	31250000	31500000	nan
chrY	31500000	31750000	nan
chrY	31750000	32000000	nan
chrY	32000000	32250000	nan
chrY	32250000	32500000	nan
chrY	32500000	32750000	nan
chrY	32750000	33000000	nan
chrY	33000000	33250000	nan
chrY	33250000	33500000	nan
chrY	33500000	33750000	nan
chrY	33750000	34000000	nan
chrY	34000000	34250000	nan
chrY	34250000	34500000	nan
chrY	34500000	34750000	nan
chrY	34750000	35000000	nan
chrY	35000000	35250000	nan
chrY	35250000	35500000	nan
chrY	35500000	35750000	nan
chrY	35750000	36000000	nan
chrY	36000000	36250000	nan
chrY	36250000	36500000	nan
chrY	36500000	36750000	nan
chrY	36750000	37000000	nan
chrY	37000000	37250000	nan
chrY	37250000	37500000	nan
chrY	37500000	37750000	nan
chrY	37750000	38000000	nan
chrY	38000000	38250000	nan
chrY	38250000	38500000	nan
chrY	38500000	38750000	nan
chrY	38750000	39000000	nan
chrY	39000000	39250000	nan
chrY	39250000	39500000	nan
chrY	39500000	39750000	nan
chrY	39750000	40000000	nan
chrY	40000000	40250000	nan
chrY	40250000	40500000	nan
chrY	40500000	40750000	nan
chrY	40750000	41000000	nan
chrY	41000000	41250000	nan
chrY	41250000	41500000	nan
chrY	41500000	41750000	nan
chrY	41750000	42000000	nan
chrY	42000000	42250000	nan
chrY	42250000	42500000	nan
chrY	42500000	42750000	nan
chrY	42750000	43000000	nan
chrY	43000000	43250000	nan
chrY	43250000	43500000	nan
chrY	43500000	43750000	nan
chrY	43750000	44000000	nan
chrY	44000000	44250000	nan
chrY	44250000	44500000	nan
chrY	44500000	44750000	nan
chrY	44750000	45000000	nan
chrY	45000000	45250000	nan
chrY	45250000	45500000	nan
chrY	45500000	45750000	nan
chrY	45750000	46000000	nan
chrY	46000000	46250000	nan
chrY	46250000	46500000	nan
chrY	46500000	46750000	nan
chrY	46750000	47000000	nan
chrY	47000000	47250000	nan
chrY	47250000	47500000	nan
chrY	47500000	47750000	nan
chrY	47750000	48000000	nan
chrY	48000000	48250000	nan
chrY	48250000	48500000	nan
chrY	48500000	48750000	nan
chrY	48750000	49000000	nan
chrY	49000000	49250000	nan
chrY	49250000	49500000	nan
chrY	49500000	49750000	nan
chrY	49750000	50000000	nan
chrY	50000000	50250000	nan
chrY	50250000	50500000	nan
chrY	50500000	50750000	nan
chrY	50750000	51000000	nan
chrY	51000000	51250000	nan
chrY	51250000	51500000	nan
chrY	51500000	51750000	nan
chrY	51750000	52000000	nan
chrY	52000000	52250000	nan
chrY	52250000	52500000	nan
chrY	52500000	52750000	nan
chrY	52750000	53000000	nan
chrY	53000000	53250000	nan
chrY	53250000	53500000	nan
chrY	53500000	53750000	nan
chrY	53750000	54000000	nan
chrY	54000000	54250000	nan
chrY	54250000	54500000	nan
chrY	54500000	54750000	nan
chrY	54750000	55000000	nan
chrY	55000000	55250000	nan
chrY	55250000	55500000	nan
chrY	55500000	55750000	nan
chrY	55750000	56000000	nan
chrY	56000000	56250000	nan
chrY	56250000	56500000	nan
chrY	56500000	56750000	nan
chrY	56750000	57000000	nan
chrY	57000000	57227415	nan
